# WaveFront *.obj file (generated by Autodesk ATF)

mtllib bomb_full.mtl

g Base Bomb

v 0.100000 400.000000 84.999941
v -10.994719 400.000000 84.272755
v -21.899604 400.000000 82.103638
v -32.428069 400.000000 78.529706
v -42.399971 400.000000 73.612108
v -51.644686 400.000000 67.434987
v -60.004035 400.000000 60.104035
v -67.334987 400.000000 51.744686
v -73.512108 400.000000 42.499971
v -78.429706 400.000000 32.528069
v -82.003638 400.000000 21.999604
v -84.172755 400.000000 11.094719
v -84.899941 400.000000 -0.000000
v -84.172755 400.000000 -11.094719
v -82.003638 400.000000 -21.999604
v -78.429706 400.000000 -32.528069
v -73.512108 400.000000 -42.499971
v -67.334987 400.000000 -51.744686
v -60.004035 400.000000 -60.104035
v -51.644686 400.000000 -67.434987
v -42.399971 400.000000 -73.612108
v -32.428069 400.000000 -78.529706
v -21.899604 400.000000 -82.103638
v -10.994719 400.000000 -84.272755
v 0.100000 400.000000 -84.999941
v 11.194719 400.000000 -84.272755
v 22.099604 400.000000 -82.103638
v 32.628069 400.000000 -78.529706
v 42.599971 400.000000 -73.612108
v 51.844686 400.000000 -67.434987
v 60.204035 400.000000 -60.104035
v 67.534987 400.000000 -51.744686
v 73.712108 400.000000 -42.499971
v 78.629706 400.000000 -32.528069
v 82.203638 400.000000 -21.999604
v 84.372755 400.000000 -11.094719
v 85.099941 400.000000 0.000000
v 84.372755 400.000000 11.094719
v 82.203638 400.000000 21.999604
v 78.629706 400.000000 32.528069
v 73.712108 400.000000 42.499971
v 67.534987 400.000000 51.744686
v 60.204035 400.000000 60.104035
v 51.844686 400.000000 67.434987
v 42.599971 400.000000 73.612108
v 32.628069 400.000000 78.529706
v 22.099604 400.000000 82.103638
v 11.194719 400.000000 84.272755
v 0.100000 399.711779 87.926297
v 0.100000 398.858194 90.740195
v 0.100000 397.472046 93.333498
v 0.100000 395.606603 95.606548
v 0.100000 393.333555 97.471992
v 0.100000 390.740253 98.858142
v 0.100000 387.926356 99.711729
v 0.100000 385.000000 99.999950
v 12.153662 385.000000 99.270838
v 24.031554 385.000000 97.094133
v 35.560471 385.000000 93.501578
v 46.572294 385.000000 88.545558
v 56.906446 385.000000 82.298345
v 66.412233 385.000000 74.851037
v 74.951037 385.000000 66.312233
v 82.398345 385.000000 56.806446
v 88.645558 385.000000 46.472294
v 93.601578 385.000000 35.460471
v 97.194133 385.000000 23.931554
v 99.370838 385.000000 12.053662
v 100.099950 385.000000 0.000000
v 99.370838 385.000000 -12.053662
v 97.194133 385.000000 -23.931554
v 93.601578 385.000000 -35.460471
v 88.645558 385.000000 -46.472294
v 82.398345 385.000000 -56.806446
v 74.951037 385.000000 -66.312233
v 66.412233 385.000000 -74.851037
v 56.906446 385.000000 -82.298345
v 46.572294 385.000000 -88.545558
v 35.560471 385.000000 -93.501578
v 24.031554 385.000000 -97.094133
v 12.153662 385.000000 -99.270838
v 0.100000 385.000000 -99.999950
v -11.953662 385.000000 -99.270838
v -23.831554 385.000000 -97.094133
v -35.360471 385.000000 -93.501578
v -46.372294 385.000000 -88.545558
v -56.706446 385.000000 -82.298345
v -66.212233 385.000000 -74.851037
v -74.751037 385.000000 -66.312233
v -82.198345 385.000000 -56.806446
v -88.445558 385.000000 -46.472294
v -93.401578 385.000000 -35.460471
v -96.994133 385.000000 -23.931554
v -99.170838 385.000000 -12.053662
v -99.899950 385.000000 -0.000000
v -99.170838 385.000000 12.053662
v -96.994133 385.000000 23.931554
v -93.401578 385.000000 35.460471
v -88.445558 385.000000 46.472294
v -82.198345 385.000000 56.806446
v -74.751037 385.000000 66.312233
v -66.212233 385.000000 74.851037
v -56.706446 385.000000 82.298345
v -46.372294 385.000000 88.545558
v -35.360471 385.000000 93.501578
v -23.831554 385.000000 97.094133
v -11.953662 385.000000 99.270838
v 19.364761 399.711779 85.789875
v 14.730749 387.926356 98.632500
v 25.623657 399.711779 84.140220
v 37.693336 399.711779 79.484431
v 42.732258 387.926356 90.138335
v 49.247731 387.926356 86.757878
v 59.147692 399.711779 65.149089
v 68.067947 399.711779 55.779852
v 72.315929 387.926356 68.755280
v 71.987205 399.711779 50.628682
v 77.178209 387.926356 63.256451
v 92.221625 387.926356 38.158027
v 86.731815 399.711779 15.032046
v 94.779097 387.926356 31.277749
v 87.602908 399.711779 8.618284
v 99.781698 387.926356 2.447048
v 87.920386 399.711779 -4.314339
v 97.895796 387.926356 -19.452793
v 82.886483 399.711779 -29.621477
v 96.199778 387.926356 -26.594390
v 77.644071 399.711779 -41.448169
v 74.384845 399.711779 -47.040360
v 84.341810 387.926356 -53.345538
v 80.189212 387.926356 -59.398208
v 51.315107 399.711779 -71.470599
v 64.609116 387.926356 -76.032906
v 25.623657 399.711779 -84.140220
v 44.201370 387.926356 -89.428732
v 21.150298 387.926356 -97.464423
v -2.776868 399.711779 -87.879220
v -3.162476 387.926356 -99.658342
v -30.872042 399.711779 -82.290742
v -27.279706 387.926356 -95.878989
v -55.679852 399.711779 -67.967947
v -63.156451 387.926356 -77.078209
v -74.567203 399.711779 -46.431051
v -79.989212 387.926356 -59.398208
v -92.021625 387.926356 -38.158027
v -85.529396 399.711779 -19.965975
v -98.532500 387.926356 -14.630749
v -87.402908 399.711779 8.618284
v -99.131590 387.926356 9.773459
v -96.214134 387.926356 25.807294
v -79.988883 399.711779 36.287801
v -87.057059 387.926356 48.436308
v -64.074245 399.711779 60.105740
v -72.676009 387.926356 68.162170
v -41.348169 399.711779 77.544071
v -53.932946 387.926356 83.802563
v -14.222796 399.711779 86.751895
v -31.951285 387.926356 94.420040
v -7.085431 399.711779 87.632204
v -7.315386 398.858194 90.436691
v -7.527314 397.472046 93.021320
v -7.713070 395.606603 95.286767
v -7.865516 393.333555 97.145971
v -7.978794 390.740253 98.527485
v -8.048550 387.926356 99.378217
v -14.681167 398.858194 89.528208
v -15.103604 397.472046 92.086873
v -15.473874 395.606603 94.329563
v -15.777746 393.333555 96.170091
v -16.003544 390.740253 97.537726
v -16.142589 387.926356 98.379912
v -28.162982 399.711779 83.260060
v -29.067480 398.858194 85.924624
v -29.901070 397.472046 88.380301
v -30.631718 395.606603 90.532721
v -31.231345 393.333555 92.299166
v -31.676908 390.740253 93.611753
v -24.127974 387.926356 96.723493
v -23.920569 390.740253 95.895487
v -23.583762 393.333555 94.550878
v -23.130496 395.606603 92.741339
v -22.578190 397.472046 90.536410
v -21.948069 398.858194 88.020825
v -21.264347 399.711779 85.291256
v -34.872550 399.711779 80.671893
v -35.991774 398.858194 83.253629
v -37.023256 397.472046 85.632971
v -37.927359 395.606603 87.718482
v -38.669336 393.333555 89.430016
v -39.220675 390.740253 90.701801
v -39.560188 387.926356 91.484962
v -47.546520 399.711779 73.897516
v -49.071348 398.858194 76.262452
v -50.476637 397.472046 78.441989
v -51.708383 395.606603 80.352370
v -52.719252 393.333555 81.920180
v -53.470395 390.740253 83.085167
v -46.903784 387.926356 87.937894
v -46.501405 390.740253 87.185097
v -45.847979 393.333555 85.962622
v -44.968615 395.606603 84.317448
v -43.897106 397.472046 82.312797
v -42.674632 398.858194 80.025707
v -58.947692 399.711779 65.149089
v -60.837390 398.858194 67.234049
v -62.578946 397.472046 69.155560
v -64.105433 395.606603 70.839779
v -65.358189 393.333555 72.221982
v -66.289070 390.740253 73.249051
v -66.862304 387.926356 73.881518
v -60.600655 387.926356 79.106633
v -60.081024 390.740253 78.429437
v -59.237189 393.333555 77.329730
v -58.101579 395.606603 75.849774
v -56.717834 397.472046 74.046442
v -55.139131 398.858194 71.989037
v -53.426138 399.711779 69.756621
v -66.128008 398.858194 62.029299
v -68.020767 397.472046 63.802061
v -69.679784 395.606603 65.355900
v -71.041305 393.333555 66.631103
v -72.053006 390.740253 67.578665
v -73.008044 399.711779 48.849233
v -75.347715 398.858194 50.412551
v -77.503967 397.472046 51.853313
v -79.393939 395.606603 53.116152
v -80.944999 393.333555 54.152537
v -82.097541 390.740253 54.922641
v -82.807273 387.926356 55.396868
v -78.002876 387.926356 61.986851
v -77.334273 390.740253 61.456209
v -76.248519 393.333555 60.594494
v -74.787342 395.606603 59.434821
v -73.006892 397.472046 58.021756
v -70.975592 398.858194 56.409602
v -68.771503 399.711779 54.660312
v -76.755527 399.711779 42.711376
v -79.215128 398.858194 44.078265
v -81.481909 397.472046 45.337997
v -83.468760 395.606603 46.442161
v -85.099326 393.333555 47.348325
v -86.310947 390.740253 48.021666
v -82.686483 399.711779 29.621477
v -85.335892 398.858194 30.569451
v -87.777601 397.472046 31.443108
v -89.917778 395.606603 32.208876
v -91.674175 393.333555 32.837325
v -92.979297 390.740253 33.304305
v -93.782987 387.926356 33.591870
v -90.723807 387.926356 41.151731
v -89.946305 390.740253 40.799450
v -88.683711 393.333555 40.227376
v -86.984546 395.606603 39.457494
v -84.914107 397.472046 38.519391
v -82.551961 398.858194 37.449116
v -86.405936 399.711779 15.740290
v -89.174378 398.858194 16.244025
v -91.725789 397.472046 16.708270
v -93.962120 395.606603 17.115184
v -95.797430 393.333555 17.449130
v -97.161188 390.740253 17.697274
v -98.000986 387.926356 17.850081
v -95.389632 390.740253 25.586370
v -94.050714 393.333555 25.227608
v -92.248834 395.606603 24.744795
v -90.053236 397.472046 24.156487
v -87.548298 398.858194 23.485291
v -84.830281 399.711779 22.757000
v -90.203256 398.858194 8.894094
v -92.784072 397.472046 9.148283
v -95.046176 395.606603 9.371080
v -96.902637 393.333555 9.553926
v -98.282113 390.740253 9.689792
v -87.638040 399.711779 -5.750655
v -90.445913 398.858194 -5.934693
v -93.033664 397.472046 -6.104303
v -95.301847 395.606603 -6.252967
v -97.163297 393.333555 -6.374973
v -98.546479 390.740253 -6.465632
v -99.398238 387.926356 -6.521459
v -99.598381 387.926356 1.631457
v -98.744908 390.740253 1.617490
v -97.358944 393.333555 1.594811
v -95.493750 395.606603 1.564289
v -93.221004 397.472046 1.527098
v -90.628048 398.858194 1.484667
v -87.814527 399.711779 1.438626
v -86.874627 399.711779 -12.901467
v -89.658069 398.858194 -13.314352
v -92.223304 397.472046 -13.694868
v -94.471751 395.606603 -14.028394
v -96.317005 393.333555 -14.302112
v -97.688152 390.740253 -14.505502
v -83.611346 399.711779 -26.896920
v -86.290353 398.858194 -27.757700
v -88.759340 397.472046 -28.550999
v -90.923426 395.606603 -29.246332
v -92.699445 393.333555 -29.816977
v -94.019147 390.740253 -30.241004
v -94.831816 387.926356 -30.502119
v -97.006957 387.926356 -22.642167
v -96.175669 390.740253 -22.448337
v -94.825729 393.333555 -22.133576
v -93.009016 395.606603 -21.709978
v -90.795345 397.472046 -21.193822
v -88.269787 398.858194 -20.604944
v -78.111855 399.711779 -40.173866
v -80.614862 398.858194 -41.459547
v -82.921647 397.472046 -42.644437
v -84.943561 395.606603 -43.683002
v -86.602903 393.333555 -44.535331
v -87.835906 390.740253 -45.168668
v -88.595186 387.926356 -45.558675
v -91.233014 390.740253 -37.831373
v -89.952378 393.333555 -37.300916
v -88.228933 395.606603 -36.587042
v -86.128908 397.472046 -35.717183
v -83.733009 398.858194 -34.724769
v -81.133306 399.711779 -33.647937
v -76.956771 398.858194 -47.916980
v -79.159010 397.472046 -49.286420
v -81.089289 395.606603 -50.486744
v -82.673428 393.333555 -51.471825
v -83.850550 390.740253 -52.203806
v -84.575418 387.926356 -52.654558
v -66.006490 399.711779 -57.973836
v -68.122091 398.858194 -59.829168
v -70.071839 397.472046 -61.539051
v -71.780809 395.606603 -63.037777
v -73.183323 393.333555 -64.267750
v -74.225486 390.740253 -65.181702
v -74.867247 387.926356 -65.744511
v -79.303604 390.740253 -58.889726
v -78.190238 393.333555 -58.063998
v -76.691899 395.606603 -56.952754
v -74.866168 397.472046 -55.598700
v -72.783208 398.858194 -54.053871
v -70.523064 399.711779 -52.377634
v -61.047696 399.711779 -63.182221
v -63.004600 398.858194 -65.204236
v -64.808094 397.472046 -67.067736
v -66.388870 395.606603 -68.701108
v -67.686179 393.333555 -70.041581
v -68.650167 390.740253 -71.037644
v -69.243787 387.926356 -71.651015
v -49.938868 399.711779 -72.299000
v -51.540258 398.858194 -74.612778
v -53.016107 397.472046 -76.745169
v -54.309700 395.606603 -78.614226
v -55.371325 393.333555 -80.148121
v -56.160183 390.740253 -81.287908
v -56.645959 387.926356 -81.989786
v -62.614941 390.740253 -76.418377
v -61.735577 393.333555 -75.346868
v -60.552152 395.606603 -73.904861
v -59.110144 397.472046 -72.147770
v -57.464970 398.858194 -70.143119
v -37.493336 399.711779 -79.484431
v -38.696432 398.858194 -82.028165
v -39.805212 397.472046 -84.372483
v -40.777067 395.606603 -86.427296
v -41.574646 393.333555 -88.113637
v -42.167302 390.740253 -89.366702
v -42.532258 387.926356 -90.138335
v -49.755864 387.926356 -86.352890
v -49.329071 390.740253 -85.613662
v -48.635996 393.333555 -84.413221
v -47.703274 395.606603 -82.797699
v -46.566749 397.472046 -80.829180
v -45.270097 398.858194 -78.583314
v -43.863148 399.711779 -76.146407
v -31.863238 398.858194 -84.924286
v -32.776729 397.472046 -87.351374
v -33.577411 395.606603 -89.478735
v -34.234514 393.333555 -91.224615
v -34.722785 390.740253 -92.521921
v -35.023461 387.926356 -93.320798
v -17.053570 399.711779 -86.236818
v -17.602534 398.858194 -88.996647
v -18.108462 397.472046 -91.540121
v -18.551912 395.606603 -93.769495
v -18.915842 393.333555 -95.599095
v -19.186267 390.740253 -96.958610
v -19.352793 387.926356 -97.795796
v -27.045321 390.740253 -95.058213
v -26.664699 393.333555 -93.725344
v -26.152470 395.606603 -91.931604
v -25.528316 397.472046 -89.745926
v -24.816225 398.858194 -87.252305
v -24.043560 399.711779 -84.546568
v -9.948830 399.711779 -87.350184
v -10.270421 398.858194 -90.145645
v -10.566802 397.472046 -92.721956
v -10.826582 395.606603 -94.980113
v -11.039778 393.333555 -96.833334
v -11.198197 390.740253 -98.210401
v -11.295751 387.926356 -99.058396
v 4.414339 399.711779 -87.820386
v 4.552410 398.858194 -90.630894
v 4.679658 397.472046 -93.221074
v 4.791191 395.606603 -95.491386
v 4.882724 393.333555 -97.354582
v 4.950739 390.740253 -98.739063
v 4.992623 387.926356 -99.591622
v -3.134548 390.740253 -98.805212
v -3.089194 393.333555 -97.419804
v -3.028159 395.606603 -95.555359
v -2.953786 397.472046 -93.283526
v -2.868936 398.858194 -90.691611
v 18.662257 399.711779 -85.944612
v 19.256303 398.858194 -88.695090
v 19.803780 397.472046 -91.229945
v 20.283647 395.606603 -93.451765
v 20.677463 393.333555 -95.275165
v 20.970096 390.740253 -96.630075
v 13.114992 387.926356 -98.858681
v 13.003577 390.740253 -98.012397
v 12.822648 393.333555 -96.638105
v 12.579159 395.606603 -94.788621
v 12.282466 397.472046 -92.535017
v 11.943972 398.858194 -89.963900
v 11.576685 399.711779 -87.174075
v 26.440488 398.858194 -86.832953
v 27.193284 397.472046 -89.314589
v 27.853116 395.606603 -91.489762
v 28.394626 393.333555 -93.274880
v 28.797004 390.740253 -94.601343
v 29.044787 387.926356 -95.418175
v 38.988807 399.711779 -78.858699
v 40.233362 398.858194 -81.382407
v 41.380351 397.472046 -83.708270
v 42.385695 395.606603 -85.746907
v 43.210760 393.333555 -87.419972
v 43.823838 390.740253 -88.663173
v 36.745649 387.926356 -92.733625
v 36.431943 390.740253 -91.939775
v 35.922510 393.333555 -90.650631
v 35.236930 395.606603 -88.915736
v 34.401548 397.472046 -86.801761
v 33.448468 398.858194 -84.389944
v 32.414315 399.711779 -81.772971
v 45.303151 399.711779 -75.416900
v 46.749783 398.858194 -77.830461
v 48.083007 397.472046 -80.054811
v 49.251589 395.606603 -82.004471
v 50.210618 393.333555 -83.604516
v 50.923242 390.740253 -84.793457
v 51.362073 387.926356 -85.525603
v 56.984459 399.711779 -67.046193
v 58.804927 398.858194 -69.191867
v 60.482681 397.472046 -71.169331
v 61.953244 395.606603 -72.902594
v 63.160105 393.333555 -74.325045
v 64.056883 390.740253 -75.382022
v 58.179858 387.926356 -81.050348
v 57.682663 390.740253 -80.356513
v 56.875261 393.333555 -79.229785
v 55.788682 395.606603 -77.713465
v 54.464681 397.472046 -75.865824
v 52.954140 398.858194 -73.757867
v 66.678570 399.711779 -57.431069
v 68.809278 398.858194 -59.269031
v 70.772950 397.472046 -60.962906
v 72.494124 395.606603 -62.447601
v 73.906654 393.333555 -63.666058
v 74.956260 390.740253 -64.571454
v 75.602603 387.926356 -65.128993
v 70.606840 387.926356 -70.506840
v 70.003262 390.740253 -69.903262
v 69.023106 393.333555 -68.923106
v 67.704038 395.606603 -67.604038
v 66.096749 397.472046 -65.996749
v 64.263007 398.858194 -64.163007
v 62.273281 399.711779 -62.173281
v 70.723064 399.711779 -52.377634
v 72.983208 398.858194 -54.053871
v 75.066168 397.472046 -55.598700
v 76.891899 395.606603 -56.952754
v 78.390238 393.333555 -58.063998
v 79.503604 390.740253 -58.889726
v 80.125707 398.858194 -42.774632
v 82.412797 397.472046 -43.997106
v 84.417448 395.606603 -45.068615
v 86.062622 393.333555 -45.947979
v 87.285097 390.740253 -46.601405
v 88.037894 387.926356 -47.003784
v 83.620654 390.740253 -52.888871
v 82.449560 393.333555 -52.147284
v 80.873533 395.606603 -51.149276
v 78.953138 397.472046 -49.933199
v 76.762177 398.858194 -48.545788
v 85.535892 398.858194 -30.569451
v 87.977601 397.472046 -31.443108
v 90.117778 395.606603 -32.208876
v 91.874175 393.333555 -32.837325
v 93.179297 390.740253 -33.304305
v 93.982987 387.926356 -33.591870
v 91.257435 387.926356 -40.407312
v 90.477078 390.740253 -40.061403
v 89.209846 393.333555 -39.499678
v 87.504439 395.606603 -38.743723
v 85.426394 397.472046 -37.822589
v 83.055571 398.858194 -36.771676
v 80.483078 399.711779 -35.631368
v 86.336818 399.711779 -17.153570
v 89.096647 398.858194 -17.702534
v 91.640121 397.472046 -18.208462
v 93.869495 395.606603 -18.651912
v 95.699095 393.333555 -19.015842
v 97.058610 390.740253 -19.286267
v 95.377111 390.740253 -26.366728
v 94.041173 393.333555 -25.997024
v 92.243303 395.606603 -25.499486
v 90.052591 397.472046 -24.893235
v 87.553228 398.858194 -24.201568
v 84.841261 399.711779 -23.451065
v 87.365050 399.711779 -10.763117
v 90.157786 398.858194 -11.107569
v 92.731587 397.472046 -11.425017
v 94.987542 395.606603 -11.703262
v 96.838957 393.333555 -11.931612
v 98.214683 390.740253 -12.101292
v 99.061850 387.926356 -12.205780
v 87.999815 399.711779 2.157819
v 90.812866 398.858194 2.226876
v 93.405388 397.472046 2.290519
v 95.677753 395.606603 2.346302
v 97.542635 393.333555 2.392082
v 98.928368 390.740253 2.426100
v 99.691622 387.926356 -4.892623
v 98.839063 390.740253 -4.850739
v 97.454582 393.333555 -4.782724
v 95.591386 395.606603 -4.691191
v 93.321074 397.472046 -4.579658
v 90.730894 398.858194 -4.452410
v 89.504285 398.858194 15.513115
v 92.059409 397.472046 15.956471
v 94.298994 395.606603 16.345076
v 96.136974 393.333555 16.663996
v 97.502717 390.740253 16.900975
v 98.343737 387.926356 17.046906
v 99.331590 387.926356 9.773459
v 98.482113 390.740253 9.689792
v 97.102637 393.333555 9.553926
v 95.246176 395.606603 9.371080
v 92.984072 397.472046 9.148283
v 90.403256 398.858194 8.894094
v 83.588497 399.711779 27.580874
v 86.260372 398.858194 28.463542
v 88.722786 397.472046 29.277014
v 90.881111 395.606603 29.990028
v 92.652403 393.333555 30.575184
v 93.968592 390.740253 31.009994
v 96.823493 387.926356 24.227974
v 95.995487 390.740253 24.020569
v 94.650878 393.333555 23.683762
v 92.841339 395.606603 23.230496
v 90.636410 397.472046 22.678190
v 88.120825 398.858194 22.048069
v 85.391256 399.711779 21.364347
v 78.637905 399.711779 39.532659
v 81.151347 398.858194 40.797820
v 83.467748 397.472046 41.963798
v 85.498092 395.606603 42.985787
v 87.164352 393.333555 43.824512
v 88.402495 390.740253 44.447741
v 89.164939 387.926356 44.831523
v 91.433014 390.740253 37.831373
v 90.152378 393.333555 37.300916
v 88.428933 395.606603 36.587042
v 86.328908 397.472046 35.717183
v 83.933009 398.858194 34.724769
v 81.333306 399.711779 33.647937
v 75.516900 399.711779 45.203151
v 77.930461 398.858194 46.649783
v 80.154811 397.472046 47.983007
v 82.104471 395.606603 49.151589
v 83.704516 393.333555 50.110618
v 84.893457 390.740253 50.823242
v 85.625603 387.926356 51.262073
v 70.243119 398.858194 57.564970
v 72.247770 397.472046 59.210144
v 74.004861 395.606603 60.652152
v 75.446868 393.333555 61.835577
v 76.518377 390.740253 62.714941
v 81.622795 387.926356 57.414830
v 80.924915 390.740253 56.923328
v 79.791620 393.333555 56.125171
v 78.266462 395.606603 55.051033
v 76.408050 397.472046 53.742193
v 74.287805 398.858194 52.248947
v 61.037390 398.858194 67.234049
v 62.778946 397.472046 69.155560
v 64.305433 395.606603 70.839779
v 65.558189 393.333555 72.221982
v 66.489070 390.740253 73.249051
v 67.062304 387.926356 73.881518
v 71.697721 390.740253 68.166697
v 70.693806 393.333555 67.210890
v 69.342763 395.606603 65.924591
v 67.696514 397.472046 64.357231
v 65.818321 398.858194 62.569043
v 63.780364 399.711779 60.628747
v 48.949233 399.711779 73.108044
v 50.512551 398.858194 75.447715
v 51.953313 397.472046 77.603967
v 53.216152 395.606603 79.493939
v 54.252537 393.333555 81.044999
v 55.022641 390.740253 82.197541
v 55.496868 387.926356 82.907273
v 61.445806 387.926356 78.607385
v 60.920652 390.740253 77.934463
v 60.067848 393.333555 76.841696
v 58.920169 395.606603 75.371080
v 57.521716 397.472046 73.579130
v 55.926234 398.858194 71.534708
v 54.195035 399.711779 69.316382
v 43.438713 399.711779 76.503527
v 44.825678 398.858194 78.951863
v 46.103912 397.472046 81.208262
v 47.224295 395.606603 83.186014
v 48.143768 393.333555 84.809112
v 48.826999 390.740253 86.015183
v 31.744238 399.711779 82.034602
v 32.756946 398.858194 84.659948
v 33.690263 397.472046 87.079481
v 34.508322 395.606603 89.200221
v 35.179686 393.333555 90.940666
v 35.678555 390.740253 92.233934
v 35.985756 387.926356 93.030325
v 42.367302 390.740253 89.366702
v 41.774646 393.333555 88.113637
v 40.977067 395.606603 86.427296
v 40.005212 397.472046 84.372483
v 38.896432 398.858194 82.028165
v 19.981289 398.858194 88.535401
v 20.549485 397.472046 91.065693
v 21.047513 395.606603 93.283512
v 21.456234 393.333555 95.103630
v 21.759941 390.740253 96.456100
v 21.946963 387.926356 97.288946
v 29.044787 387.926356 95.418175
v 28.797004 390.740253 94.601343
v 28.394626 393.333555 93.274880
v 27.853116 395.606603 91.489762
v 27.193284 397.472046 89.314589
v 26.440488 398.858194 86.832953
v 6.568260 399.711779 87.688057
v 6.775263 398.858194 90.494330
v 6.966038 397.472046 93.080607
v 7.133254 395.606603 95.347498
v 7.270485 393.333555 97.207887
v 7.372456 390.740253 98.590281
v 7.435250 387.926356 99.441556
v 14.605502 390.740253 97.788152
v 14.402112 393.333555 96.417005
v 14.128394 395.606603 94.571751
v 13.794868 397.472046 92.323304
v 13.414352 398.858194 89.758069
v 13.001467 399.711779 86.974627
v 100.099950 318.087654 0.000000
v 99.370838 318.087654 -12.053662
v 97.194133 318.087654 -23.931554
v 93.601578 318.087654 -35.460471
v 88.645558 318.087654 -46.472294
v 82.398345 318.087654 -56.806446
v 74.951037 318.087654 -66.312233
v 66.412233 318.087654 -74.851037
v 56.906446 318.087654 -82.298345
v 46.572294 318.087654 -88.545558
v 35.560471 318.087654 -93.501578
v 24.031554 318.087654 -97.094133
v 12.153662 318.087654 -99.270838
v 0.100000 318.087654 -99.999950
v -11.953662 318.087654 -99.270838
v -23.831554 318.087654 -97.094133
v -35.360471 318.087654 -93.501578
v -46.372294 318.087654 -88.545558
v -56.706446 318.087654 -82.298345
v -66.212233 318.087654 -74.851037
v -74.751037 318.087654 -66.312233
v -82.198345 318.087654 -56.806446
v -88.445558 318.087654 -46.472294
v -93.401578 318.087654 -35.460471
v -96.994133 318.087654 -23.931554
v -99.170838 318.087654 -12.053662
v -99.899950 318.087654 -0.000000
v -99.170838 318.087654 12.053662
v -96.994133 318.087654 23.931554
v -93.401578 318.087654 35.460471
v -88.445558 318.087654 46.472294
v -82.198345 318.087654 56.806446
v -74.751037 318.087654 66.312233
v -66.212233 318.087654 74.851037
v -56.706446 318.087654 82.298345
v -46.372294 318.087654 88.545558
v -35.360471 318.087654 93.501578
v -23.831554 318.087654 97.094133
v -11.953662 318.087654 99.270838
v 0.100000 318.087654 99.999950
v 12.153662 318.087654 99.270838
v 24.031554 318.087654 97.094133
v 35.560471 318.087654 93.501578
v 46.572294 318.087654 88.545558
v 56.906446 318.087654 82.298345
v 66.412233 318.087654 74.851037
v 74.951037 318.087654 66.312233
v 82.398345 318.087654 56.806446
v 88.645558 318.087654 46.472294
v 93.601578 318.087654 35.460471
v 97.194133 318.087654 23.931554
v 99.370838 318.087654 12.053662
v -192.409520 -192.509520 -192.509520
v 192.609520 192.509520 192.509520
v 108.032420 -96.254760 -300.441940
v 300.541940 96.254760 -107.932420
v -176.231586 -192.079622 -207.827659
v -159.266113 -190.791851 -222.217589
v -141.588872 -188.651957 -235.615042
v -123.278814 -185.669498 -247.960181
v -104.417717 -181.857793 -259.197869
v -85.089818 -177.233867 -269.277917
v -65.381440 -171.818372 -278.155304
v -45.380607 -165.635495 -285.790382
v -25.176646 -158.712849 -292.149051
v -4.859794 -151.081353 -297.202912
v 15.479211 -142.775091 -300.929392
v 35.749527 -133.831160 -303.311848
v 55.860625 -124.289508 -304.339640
v 75.722682 -114.192748 -304.008177
v 95.246989 -103.585975 -302.318940
v 114.346348 -92.516563 -299.279473
v 132.935454 -81.033949 -294.903352
v 150.931285 -69.189418 -289.210120
v 168.253466 -57.035870 -282.225206
v 184.824634 -44.627586 -273.979805
v 200.570776 -32.019984 -264.510744
v 215.421567 -19.269374 -253.860314
v 229.310680 -6.432701 -242.076083
v 242.176083 6.432701 -229.210680
v 253.960314 19.269374 -215.321567
v 264.610744 32.019984 -200.470776
v 274.079805 44.627586 -184.724634
v 282.325206 57.035870 -168.153466
v 289.310120 69.189418 -150.831285
v 295.003352 81.033949 -132.835454
v 299.379473 92.516563 -114.246348
v 302.418940 103.585975 -95.146989
v 304.108177 114.192748 -75.622682
v 304.439640 124.289508 -55.760625
v 303.411848 133.831160 -35.649527
v 301.029392 142.775091 -15.379211
v 297.302912 151.081353 4.959794
v 292.249051 158.712849 25.276646
v 285.890382 165.635495 45.480607
v 278.255304 171.818372 65.481440
v 269.377917 177.233867 85.189818
v 259.297869 181.857793 104.517717
v 248.060181 185.669498 123.378814
v 235.715042 188.651957 141.688872
v 222.317589 190.791851 159.366113
v 207.927659 192.079622 176.331586
v 94.784577 313.008915 -65.115249
v 189.354987 209.048827 177.935054
v 185.255195 224.654472 162.565886
v 180.328456 239.256755 146.470660
v 174.596772 252.790459 129.721261
v 168.085744 265.195140 112.392495
v 160.824450 276.415395 94.561757
v 152.845322 286.401112 76.308683
v 144.183997 295.107692 57.714796
v 134.879157 302.496249 38.863140
v 124.972361 308.533784 19.837913
v 114.507854 313.193333 0.724084
v 103.532375 316.454085 -18.392978
v 102.521530 317.196727 8.707015
v 113.897983 312.232591 27.213484
v 124.766188 305.873948 45.598411
v 135.077602 298.149198 63.779684
v 144.786174 289.092841 81.676102
v 153.848543 278.745326 99.207734
v 162.224233 267.152866 116.296281
v 169.875836 254.367236 132.865420
v 176.769180 240.445541 148.841150
v 182.873477 225.449958 164.152119
v 188.161462 209.447460 178.729945
v 102.990123 315.211656 35.142279
v 114.805279 308.594390 52.838878
v 126.108133 300.598866 70.299485
v 136.848205 291.260794 87.446118
v 146.977526 280.621882 104.202195
v 156.450856 268.729643 120.492880
v 165.225885 255.637193 136.245414
v 173.263422 241.403005 151.389444
v 180.527570 226.090653 165.857331
v 186.985883 209.768525 179.584459
v 92.297495 317.457676 43.588886
v 105.040918 310.645424 60.552203
v 117.315650 302.445755 77.245080
v 129.066867 292.895289 93.592961
v 140.242088 282.036681 109.522833
v 150.791400 269.918430 124.963550
v 160.667687 256.594657 139.846149
v 169.826840 242.124870 154.104161
v 178.227952 226.573695 167.673907
v 185.833501 210.010586 180.494780
v 95.516716 312.017891 68.703938
v 108.739421 303.681616 84.585448
v 121.476915 293.989024 100.089178
v 133.672311 282.983407 115.145885
v 145.271140 270.713916 129.688323
v 156.221599 257.235352 143.651541
v 166.474782 242.607912 156.973177
v 175.984895 226.896926 169.593733
v 184.709462 210.172564 181.456841
v 86.275210 312.705661 77.257675
v 100.417750 304.300929 92.287805
v 114.112247 294.537116 106.905754
v 127.297537 283.457829 121.046237
v 139.914732 271.112550 134.646098
v 151.907480 257.556416 147.644596
v 163.222219 242.849973 159.983678
v 173.808415 227.058904 171.608234
v 183.618787 210.253734 182.466347
v 77.357675 312.705661 86.175210
v 92.387805 304.300929 100.317750
v 107.005754 294.537116 114.012247
v 121.146237 283.457829 127.197537
v 134.746098 271.112550 139.814732
v 147.744596 257.556416 151.807480
v 160.083678 242.849973 163.122219
v 171.708234 227.058904 173.708415
v 182.566347 210.253734 183.518787
v 68.803938 312.017891 95.416716
v 84.685448 303.681616 108.639421
v 100.189178 293.989024 121.376915
v 115.245885 282.983407 133.572311
v 129.788323 270.713916 145.171140
v 143.751541 257.235352 156.121599
v 157.073177 242.607912 166.374782
v 169.693733 226.896926 175.884895
v 181.556841 210.172564 184.609462
v 43.688886 317.457676 92.197495
v 60.652203 310.645424 104.940918
v 77.345080 302.445755 117.215650
v 93.692961 292.895289 128.966867
v 109.622833 282.036681 140.142088
v 125.063550 269.918430 150.691400
v 139.946149 256.594657 160.567687
v 154.204161 242.124870 169.726840
v 167.773907 226.573695 178.127952
v 180.594780 210.010586 185.733501
v 35.242279 315.211656 102.890123
v 52.938878 308.594390 114.705279
v 70.399485 300.598866 126.008133
v 87.546118 291.260794 136.748205
v 104.302195 280.621882 146.877526
v 120.592880 268.729643 156.350856
v 136.345414 255.637193 165.125885
v 151.489444 241.403005 173.163422
v 165.957331 226.090653 180.427570
v 179.684459 209.768525 186.885883
v 8.807015 317.196727 102.421530
v 27.313484 312.232591 113.797983
v 45.698411 305.873948 124.666188
v 63.879684 298.149198 134.977602
v 81.776102 289.092841 144.686174
v 99.307734 278.745326 153.748543
v 116.396281 267.152866 162.124233
v 132.965420 254.367236 169.775836
v 148.941150 240.445541 176.669180
v 164.252119 225.449958 182.773477
v 178.829945 209.447460 188.061462
v -18.292978 316.454085 103.432375
v 0.824084 313.193333 114.407854
v 19.937913 308.533784 124.872361
v 38.963140 302.496249 134.779157
v 57.814796 295.107692 144.083997
v 76.408683 286.401112 152.745322
v 94.661757 276.415395 160.724450
v 112.492495 265.195140 167.985744
v 129.821261 252.790459 174.496772
v 146.570660 239.256755 180.228456
v 162.665886 224.654472 185.155195
v 178.035054 209.048827 189.254987
v -206.855910 -175.584840 -193.698118
v -220.377984 -157.875956 -194.021613
v -232.915351 -139.461959 -193.478561
v -244.412014 -120.425092 -192.071386
v -254.816628 -100.850377 -189.806375
v -264.082722 -80.825239 -186.693641
v -272.168911 -60.439117 -182.747089
v -279.039082 -39.783058 -177.984344
v -284.662550 -18.949319 -172.426677
v -289.014199 1.969052 -166.098911
v -292.074594 22.878629 -159.029307
v -293.830066 43.686025 -151.249440
v -294.272775 64.298308 -142.794056
v -293.400744 84.623419 -133.700918
v -291.217867 104.570582 -124.010641
v -287.733894 124.050707 -113.766501
v -282.964385 142.976791 -103.014253
v -276.930642 161.264307 -91.801918
v -269.659613 178.831577 -80.179573
v -261.183771 195.600141 -68.199127
v -251.540973 211.495108 -55.914087
v -240.774286 226.445487 -43.379322
v -228.931795 240.384504 -30.650813
v -216.066392 253.249907 -17.785411
v -202.235539 264.984234 -4.840575
v -187.501005 275.535076 8.125881
v -171.928600 284.855313 21.056044
v -155.587873 292.903316 33.892166
v -138.551807 299.643142 46.576917
v -120.896487 305.044689 59.053645
v -102.700769 309.083833 71.266624
v -84.045917 311.742533 83.161310
v -65.015249 313.008915 94.684577
v -45.693760 312.877323 105.784959
v -26.167745 311.348345 116.412881
v -6.524412 308.428810 126.520874
v 13.148507 304.131757 136.063794
v 32.763148 298.476378 144.999020
v 52.231907 291.487931 153.286646
v 71.467833 283.197628 160.889656
v 90.385013 273.642495 167.774093
v 108.898958 262.865209 173.909211
v 126.926981 250.913903 179.267609
v 144.388563 237.841955 183.825353
v 161.205718 223.707746 187.562089
v 177.303335 208.574405 190.461127
v -74.811969 317.729520 67.940375
v -93.093717 315.312728 55.430677
v -110.959239 311.487673 42.673412
v -128.328744 306.271439 29.725558
v -145.124654 299.687322 16.644941
v -161.271956 291.764729 3.489985
v -176.698532 282.539044 -9.680559
v -191.335483 272.051470 -22.807867
v -205.117436 260.348849 -35.833310
v -217.982838 247.483447 -48.698712
v -229.874230 233.512723 -61.346614
v -240.738500 218.499075 -73.720528
v -250.527128 202.509558 -85.765187
v -259.196394 185.615583 -97.426798
v -266.707579 167.892604 -108.653278
v -273.027137 149.419776 -119.394485
v -278.126843 130.279603 -129.602448
v -281.983920 110.557569 -139.231575
v -284.581142 90.341759 -148.238860
v -285.906908 69.722460 -156.584074
v -285.955299 48.791764 -164.229946
v -284.726097 27.643152 -171.142327
v -282.224793 6.371079 -177.290344
v -278.462557 -14.929449 -182.646540
v -273.456194 -36.163298 -187.186992
v -267.228062 -57.235633 -190.891422
v -259.805978 -78.052340 -193.743284
v -251.223091 -98.520446 -195.729842
v -241.517734 -118.548536 -196.842223
v -230.733254 -138.047159 -197.075458
v -218.917816 -156.929231 -196.428507
v -206.124191 -175.110418 -194.904258
v -100.164056 316.901395 26.464507
v -117.223070 311.840870 13.050453
v -133.758091 305.387588 -0.421888
v -149.695269 297.570371 -13.892345
v -164.963425 288.424132 -27.300755
v -179.494368 277.989721 -40.587233
v -193.223198 266.313741 -53.692439
v -206.088601 253.448338 -66.557841
v -218.033115 239.450974 -79.125980
v -229.003393 224.384164 -91.340723
v -238.950440 208.315199 -103.147516
v -247.829830 191.315849 -114.493628
v -255.601905 173.462035 -125.328383
v -262.231954 154.833498 -135.603391
v -267.690364 135.513436 -145.272761
v -271.952757 115.588139 -154.293308
v -275.000097 95.146597 -162.624743
v -276.818773 74.280108 -170.229857
v -277.400662 53.081865 -177.074684
v -276.743166 31.646546 -183.128651
v -274.849221 10.069885 -188.364722
v -271.727287 -11.551749 -192.759510
v -267.391305 -33.121791 -196.293387
v -261.860643 -54.543903 -198.950570
v -255.160001 -75.722409 -200.719192
v -247.319305 -96.562720 -201.591353
v -238.373575 -116.971759 -201.563159
v -228.362764 -136.858373 -200.634734
v -217.331583 -156.133744 -198.810226
v -205.329300 -174.711785 -196.097783
v -105.284386 316.326561 -3.373922
v -121.538948 309.978655 -17.232097
v -137.250242 302.246309 -31.013310
v -152.348095 293.164057 -44.656009
v -166.765079 282.772464 -58.099264
v -180.436802 271.117940 -71.283034
v -193.302205 258.252538 -84.148437
v -205.303826 244.233717 -96.638012
v -216.388064 229.124089 -108.695978
v -226.505413 212.991137 -120.268481
v -235.610688 195.906915 -131.303837
v -243.663222 177.947726 -141.752757
v -250.627049 159.193778 -151.568575
v -256.471069 139.728833 -160.707452
v -261.169181 119.639824 -169.128569
v -264.700401 99.016475 -176.794318
v -267.048957 77.950895 -183.670460
v -268.204362 56.537167 -189.726285
v -268.161455 34.870930 -194.934747
v -266.920426 13.048951 -199.272583
v -264.486820 -8.831308 -202.720419
v -260.871504 -30.672123 -205.262856
v -256.090627 -52.375950 -206.888540
v -250.165540 -73.845853 -207.590209
v -243.122706 -94.985943 -207.364730
v -234.993581 -115.701802 -206.213110
v -225.814471 -135.900909 -204.140492
v -215.626371 -155.493049 -201.156133
v -204.474786 -174.390720 -197.273361
v -108.521801 313.440018 -33.710607
v -123.992457 305.771659 -47.796444
v -138.908887 296.737650 -61.668810
v -153.204468 286.378338 -75.265749
v -166.815355 274.739991 -88.526532
v -179.680758 261.874589 -101.391935
v -191.743215 247.839591 -113.804496
v -202.948855 232.697681 -125.708779
v -213.247629 216.516487 -137.051616
v -222.593541 199.368278 -147.782347
v -230.944849 181.329642 -157.853046
v -238.264255 162.481143 -167.218735
v -244.519068 142.906965 -175.837585
v -249.681353 122.694529 -183.671102
v -253.728054 101.934109 -190.684298
v -256.641097 80.718428 -196.845853
v -258.407473 59.142238 -202.128246
v -259.019291 37.301904 -206.507885
v -258.473819 15.294971 -209.965210
v -256.773494 -6.780273 -212.484779
v -253.925910 -28.825235 -214.055340
v -249.943784 -50.741456 -214.669877
v -244.844902 -72.431053 -214.325647
v -238.652036 -93.797156 -213.024186
v -231.392846 -114.744338 -210.771308
v -223.099753 -135.179044 -207.577074
v -213.809796 -155.010007 -203.455750
v -203.564465 -174.148659 -198.425744
v -94.764786 315.756217 -49.783822
v -109.981128 308.130676 -64.166790
v -124.705821 299.128948 -78.263175
v -138.873101 288.791238 -92.010016
v -152.419694 277.163716 -105.345919
v -165.285096 264.298314 -118.211322
v -177.411848 250.252491 -130.548763
v -188.745790 235.088980 -142.303143
v -199.236300 218.875505 -153.421962
v -208.836526 201.684478 -163.855561
v -217.503591 183.592679 -173.557342
v -225.198785 164.680911 -182.483973
v -231.887740 145.033638 -190.595587
v -237.540581 124.738610 -197.855954
v -242.132062 103.886469 -204.232649
v -245.641676 82.570345 -209.697191
v -248.053748 60.885442 -214.225175
v -249.357505 38.928610 -217.796377
v -249.547124 16.797914 -220.394847
v -248.621759 -5.407806 -222.008981
v -246.585542 -27.589374 -222.631569
v -243.447567 -49.647720 -222.259830
v -239.221850 -71.484328 -220.895424
v -233.927263 -93.001670 -218.544446
v -227.587454 -114.103643 -215.217396
v -220.230737 -134.696002 -210.929132
v -211.889970 -154.686776 -205.698808
v -202.602404 -173.986681 -199.549783
v -80.329346 316.916909 -65.379953
v -95.278833 309.312825 -80.051235
v -109.802334 300.327274 -94.364987
v -123.834985 290.000389 -108.257283
v -137.314112 278.378291 -121.666076
v -150.179514 265.512889 -134.531478
v -162.373732 251.461642 -146.796030
v -173.842302 236.287306 -158.404956
v -184.534004 220.057653 -169.306406
v -194.401086 202.845170 -179.451693
v -203.399478 184.726730 -188.795505
v -211.488993 165.783257 -197.296111
v -218.633500 146.099355 -204.915544
v -224.801089 125.762938 -211.619774
v -229.964216 104.864833 -217.378860
v -234.099820 83.498376 -222.167078
v -237.189431 61.758995 -225.963045
v -239.219250 39.743784 -228.749805
v -240.180211 17.551067 -230.514914
v -240.068022 -4.720037 -231.250487
v -238.883185 -26.970060 -230.953239
v -236.630990 -49.099629 -229.624498
v -233.321498 -71.009906 -227.270198
v -228.969488 -92.603036 -223.900854
v -223.594399 -113.782579 -219.531515
v -217.220236 -134.453941 -214.181695
v -209.875468 -154.524799 -207.875287
v -201.592898 -173.905511 -200.640458
v -65.279953 316.916909 -80.429346
v -79.951235 309.312825 -95.378833
v -94.264987 300.327274 -109.902334
v -108.157283 290.000389 -123.934985
v -121.566076 278.378291 -137.414112
v -134.431478 265.512889 -150.279514
v -146.696030 251.461642 -162.473732
v -158.304956 236.287306 -173.942302
v -169.206406 220.057653 -184.634004
v -179.351693 202.845170 -194.501086
v -188.695505 184.726730 -203.499478
v -197.196111 165.783257 -211.588993
v -204.815544 146.099355 -218.733500
v -211.519774 125.762938 -224.901089
v -217.278860 104.864833 -230.064216
v -222.067078 83.498376 -234.199820
v -225.863045 61.758995 -237.289431
v -228.649805 39.743784 -239.319250
v -230.414914 17.551067 -240.280211
v -231.150487 -4.720037 -240.168022
v -230.853239 -26.970060 -238.983185
v -229.524498 -49.099629 -236.730990
v -227.170198 -71.009906 -233.421498
v -223.800854 -92.603036 -229.069488
v -219.431515 -113.782579 -223.694399
v -214.081695 -134.453941 -217.320236
v -207.775287 -154.524799 -209.975468
v -200.540458 -173.905511 -201.692898
v -49.683822 315.756217 -94.864786
v -64.066790 308.130676 -110.081128
v -78.163175 299.128948 -124.805821
v -91.910016 288.791238 -138.973101
v -105.245919 277.163716 -152.519694
v -118.111322 264.298314 -165.385096
v -130.448763 250.252491 -177.511848
v -142.203143 235.088980 -188.845790
v -153.321962 218.875505 -199.336300
v -163.755561 201.684478 -208.936526
v -173.457342 183.592679 -217.603591
v -182.383973 164.680911 -225.298785
v -190.495587 145.033638 -231.987740
v -197.755954 124.738610 -237.640581
v -204.132649 103.886469 -242.232062
v -209.597191 82.570345 -245.741676
v -214.125175 60.885442 -248.153748
v -217.696377 38.928610 -249.457505
v -220.294847 16.797914 -249.647124
v -221.908981 -5.407806 -248.721759
v -222.531569 -27.589374 -246.685542
v -222.159830 -49.647720 -243.547567
v -220.795424 -71.484328 -239.321850
v -218.444446 -93.001670 -234.027263
v -215.117396 -114.103643 -227.687454
v -210.829132 -134.696002 -220.330737
v -205.598808 -154.686776 -211.989970
v -199.449783 -173.986681 -202.702404
v -33.610607 313.440018 -108.621801
v -47.696444 305.771659 -124.092457
v -61.568810 296.737650 -139.008887
v -75.165749 286.378338 -153.304468
v -88.426532 274.739991 -166.915355
v -101.291935 261.874589 -179.780758
v -113.704496 247.839591 -191.843215
v -125.608779 232.697681 -203.048855
v -136.951616 216.516487 -213.347629
v -147.682347 199.368278 -222.693541
v -157.753046 181.329642 -231.044849
v -167.118735 162.481143 -238.364255
v -175.737585 142.906965 -244.619068
v -183.571102 122.694529 -249.781353
v -190.584298 101.934109 -253.828054
v -196.745853 80.718428 -256.741097
v -202.028246 59.142238 -258.507473
v -206.407885 37.301904 -259.119291
v -209.865210 15.294971 -258.573819
v -212.384779 -6.780273 -256.873494
v -213.955340 -28.825235 -254.025910
v -214.569877 -50.741456 -250.043784
v -214.225647 -72.431053 -244.944902
v -212.924186 -93.797156 -238.752036
v -210.671308 -114.744338 -231.492846
v -207.477074 -135.179044 -223.199753
v -203.355750 -155.010007 -213.909796
v -198.325744 -174.148659 -203.664465
v -3.273922 316.326561 -105.384386
v -17.132097 309.978655 -121.638948
v -30.913310 302.246309 -137.350242
v -44.556009 293.164057 -152.448095
v -57.999264 282.772464 -166.865079
v -71.183034 271.117940 -180.536802
v -84.048437 258.252538 -193.402205
v -96.538012 244.233717 -205.403826
v -108.595978 229.124089 -216.488064
v -120.168481 212.991137 -226.605413
v -131.203837 195.906915 -235.710688
v -141.652757 177.947726 -243.763222
v -151.468575 159.193778 -250.727049
v -160.607452 139.728833 -256.571069
v -169.028569 119.639824 -261.269181
v -176.694318 99.016475 -264.800401
v -183.570460 77.950895 -267.148957
v -189.626285 56.537167 -268.304362
v -194.834747 34.870930 -268.261455
v -199.172583 13.048951 -267.020426
v -202.620419 -8.831308 -264.586820
v -205.162856 -30.672123 -260.971504
v -206.788540 -52.375950 -256.190627
v -207.490209 -73.845853 -250.265540
v -207.264730 -94.985943 -243.222706
v -206.113110 -115.701802 -235.093581
v -204.040492 -135.900909 -225.914471
v -201.056133 -155.493049 -215.726371
v -197.173361 -174.390720 -204.574786
v 26.564507 316.901395 -100.264056
v 13.150453 311.840870 -117.323070
v -0.321888 305.387588 -133.858091
v -13.792345 297.570371 -149.795269
v -27.200755 288.424132 -165.063425
v -40.487233 277.989721 -179.594368
v -53.592439 266.313741 -193.323198
v -66.457841 253.448338 -206.188601
v -79.025980 239.450974 -218.133115
v -91.240723 224.384164 -229.103393
v -103.047516 208.315199 -239.050440
v -114.393628 191.315849 -247.929830
v -125.228383 173.462035 -255.701905
v -135.503391 154.833498 -262.331954
v -145.172761 135.513436 -267.790364
v -154.193308 115.588139 -272.052757
v -162.524743 95.146597 -275.100097
v -170.129857 74.280108 -276.918773
v -176.974684 53.081865 -277.500662
v -183.028651 31.646546 -276.843166
v -188.264722 10.069885 -274.949221
v -192.659510 -11.551749 -271.827287
v -196.193387 -33.121791 -267.491305
v -198.850570 -54.543903 -261.960643
v -200.619192 -75.722409 -255.260001
v -201.491353 -96.562720 -247.419305
v -201.463159 -116.971759 -238.473575
v -200.534734 -136.858373 -228.462764
v -198.710226 -156.133744 -217.431583
v -195.997783 -174.711785 -205.429300
v 68.040375 317.729520 -74.911969
v 55.530677 315.312728 -93.193717
v 42.773412 311.487673 -111.059239
v 29.825558 306.271439 -128.428744
v 16.744941 299.687322 -145.224654
v 3.589985 291.764729 -161.371956
v -9.580559 282.539044 -176.798532
v -22.707867 272.051470 -191.435483
v -35.733310 260.348849 -205.217436
v -48.598712 247.483447 -218.082838
v -61.246614 233.512723 -229.974230
v -73.620528 218.499075 -240.838500
v -85.665187 202.509558 -250.627128
v -97.326798 185.615583 -259.296394
v -108.553278 167.892604 -266.807579
v -119.294485 149.419776 -273.127137
v -129.502448 130.279603 -278.226843
v -139.131575 110.557569 -282.083920
v -148.138860 90.341759 -284.681142
v -156.484074 69.722460 -286.006908
v -164.129946 48.791764 -286.055299
v -171.042327 27.643152 -284.826097
v -177.190344 6.371079 -282.324793
v -182.546540 -14.929449 -278.562557
v -187.086992 -36.163298 -273.556194
v -190.791422 -57.235633 -267.328062
v -193.643284 -78.052340 -259.905978
v -195.629842 -98.520446 -251.323091
v -196.742223 -118.548536 -241.617734
v -196.975458 -138.047159 -230.833254
v -196.328507 -156.929231 -219.017816
v -194.804258 -175.110418 -206.224191
v 190.561127 208.574405 177.203335
v 187.662089 223.707746 161.105718
v 183.925353 237.841955 144.288563
v 179.367609 250.913903 126.826981
v 174.009211 262.865209 108.798958
v 167.874093 273.642495 90.285013
v 160.989656 283.197628 71.367833
v 153.386646 291.487931 52.131907
v 145.099020 298.476378 32.663148
v 136.163794 304.131757 13.048507
v 126.620874 308.428810 -6.624412
v 116.512881 311.348345 -26.267745
v 105.884959 312.877323 -45.793760
v 83.261310 311.742533 -84.145917
v 71.366624 309.083833 -102.800769
v 59.153645 305.044689 -120.996487
v 46.676917 299.643142 -138.651807
v 33.992166 292.903316 -155.687873
v 21.156044 284.855313 -172.028600
v 8.225881 275.535076 -187.601005
v -4.740575 264.984234 -202.335539
v -17.685411 253.249907 -216.166392
v -30.550813 240.384504 -229.031795
v -43.279322 226.445487 -240.874286
v -55.814087 211.495108 -251.640973
v -68.099127 195.600141 -261.283771
v -80.079573 178.831577 -269.759613
v -91.701918 161.264307 -277.030642
v -102.914253 142.976791 -283.064385
v -113.666501 124.050707 -287.833894
v -123.910641 104.570582 -291.317867
v -133.600918 84.623419 -293.500744
v -142.694056 64.298308 -294.372775
v -151.149440 43.686025 -293.930066
v -158.929307 22.878629 -292.174594
v -165.998911 1.969052 -289.114199
v -172.326677 -18.949319 -284.762550
v -177.884344 -39.783058 -279.139082
v -182.647089 -60.439117 -272.268911
v -186.593641 -80.825239 -264.182722
v -189.706375 -100.850377 -254.916628
v -191.971386 -120.425092 -244.512014
v -193.378561 -139.461959 -233.015351
v -193.921613 -157.875956 -220.477984
v -193.598118 -175.584840 -206.955910
v 94.607077 317.373891 -39.012446
v 106.711078 315.274463 -20.392061
v 118.234208 311.803551 -1.612487
v 129.117861 306.979974 17.246222
v 139.306782 300.828472 36.103292
v 148.749347 293.379565 54.877572
v 157.397819 284.669407 73.487891
v 165.208587 274.739606 91.853409
v 172.142389 263.637016 109.893974
v 178.164501 251.413519 127.530473
v 183.244913 238.125771 144.685187
v 187.358479 223.834941 161.282132
v 190.485040 208.606421 177.247407
v -176.874041 -190.865047 -208.399779
v -160.548153 -188.368126 -223.359274
v -143.504772 -185.029906 -237.321193
v -125.820017 -180.865298 -250.223178
v -107.572872 -175.892902 -262.007605
v -88.844835 -170.134925 -272.621843
v -69.719548 -163.617084 -282.018485
v -50.282430 -156.368490 -290.155564
v -30.620292 -148.421516 -296.996738
v -10.820949 -139.811656 -302.511453
v 9.027169 -130.577363 -306.675078
v 28.835416 -120.759879 -309.469018
v 48.515324 -110.403053 -310.880793
v 67.978997 -99.553140 -310.904100
v 87.139506 -88.258598 -309.538834
v 105.911275 -76.569872 -306.791092
v 124.210466 -64.539166 -302.673146
v 141.955349 -52.220213 -297.203389
v 159.066672 -39.668032 -290.406250
v 175.468011 -26.938683 -282.312085
v 191.086114 -14.089020 -272.957046
v 205.851227 -1.176432 -262.382915
v 219.697404 11.741410 -250.636918
v 232.562807 24.606812 -237.771516
v 244.389974 37.362315 -223.844168
v 255.126082 49.950948 -208.917078
v 264.723183 62.316488 -193.056914
v 273.138412 74.403708 -176.334510
v 280.334185 86.158622 -158.824554
v 286.278364 97.528731 -140.605249
v 290.944401 108.463254 -121.757966
v 294.311457 118.913353 -102.366883
v 296.364492 128.832356 -82.518605
v 297.094339 138.175962 -62.301778
v 296.497736 146.902441 -41.806697
v 294.577350 154.972819 -21.124897
v 291.341756 162.351049 -0.348748
v 286.805406 169.004181 20.428959
v 280.988560 174.902499 41.115425
v 273.917197 180.019660 61.618260
v 265.622900 184.332810 81.845892
v 256.142714 187.822684 101.707981
v 245.518978 190.473697 121.115817
v 233.799142 192.274008 139.982721
v 221.035549 193.215577 158.224428
v 207.285204 193.294197 175.759466
v 208.499779 190.865047 176.974041
v 223.459274 188.368126 160.648153
v 237.421193 185.029906 143.604772
v 250.323178 180.865298 125.920017
v 262.107605 175.892902 107.672872
v 272.721843 170.134925 88.944835
v 282.118485 163.617084 69.819548
v 290.255564 156.368490 50.382430
v 297.096738 148.421516 30.720292
v 302.611453 139.811656 10.920949
v 306.775078 130.577363 -8.927169
v 309.569018 120.759879 -28.735416
v 310.980793 110.403053 -48.415324
v 311.004100 99.553140 -67.878997
v 309.638834 88.258598 -87.039506
v 306.891092 76.569872 -105.811275
v 302.773146 64.539166 -124.110466
v 297.303389 52.220213 -141.855349
v 290.506250 39.668032 -158.966672
v 282.412085 26.938683 -175.368011
v 273.057046 14.089020 -190.986114
v 262.482915 1.176432 -205.751227
v 250.736918 -11.741410 -219.597404
v 237.871516 -24.606812 -232.462807
v 223.944168 -37.362315 -244.289974
v 209.017078 -49.950948 -255.026082
v 193.156914 -62.316488 -264.623183
v 176.434510 -74.403708 -273.038412
v 158.924554 -86.158622 -280.234185
v 140.705249 -97.528731 -286.178364
v 121.857966 -108.463254 -290.844401
v 102.466883 -118.913353 -294.211457
v 82.618605 -128.832356 -296.264492
v 62.401778 -138.175962 -296.994339
v 41.906697 -146.902441 -296.397736
v 21.224897 -154.972819 -294.477350
v 0.448748 -162.351049 -291.241756
v -20.328959 -169.004181 -286.705406
v -41.015425 -174.902499 -280.888560
v -61.518260 -180.019660 -273.817197
v -81.745892 -184.332810 -265.522900
v -101.607981 -187.822684 -256.042714
v -121.015817 -190.473697 -245.418978
v -139.882721 -192.274008 -233.699142
v -158.124428 -193.215577 -220.935549
v -175.659466 -193.294197 -207.185204
v -208.117052 -176.752245 -191.269571
v -222.894636 -160.205552 -189.175365
v -236.676272 -142.943343 -186.236257
v -249.400407 -125.042713 -182.465372
v -261.010213 -106.583613 -177.879553
v -271.453838 -87.648484 -172.499280
v -280.684637 -68.321895 -166.348584
v -288.661384 -48.690165 -159.454935
v -295.348453 -28.840973 -151.849121
v -300.715977 -8.862969 -143.565112
v -304.739983 11.154618 -134.639906
v -307.402501 31.122386 -125.113366
v -308.691637 50.951154 -115.028040
v -308.601636 70.552362 -104.428970
v -307.132897 89.838466 -93.363495
v -304.291982 108.723330 -81.881036
v -300.091579 127.122608 -70.032876
v -294.550447 144.954127 -57.871933
v -287.693335 162.138245 -45.452519
v -279.550868 178.598214 -32.830104
v -270.159412 194.260520 -20.061061
v -259.560912 209.055212 -7.202421
v -247.802703 222.916212 5.688388
v -234.937301 235.781614 18.553790
v -221.022165 247.593959 31.336326
v -206.119443 258.300488 43.978907
v -190.295696 267.853385 56.425068
v -173.621595 276.209984 68.619220
v -156.171612 283.332962 80.506903
v -138.023681 289.190506 92.035022
v -119.258857 293.756455 103.152090
v -99.960947 297.010417 113.808456
v -80.216140 298.937858 123.956526
v -60.112622 299.530170 133.550975
v -39.740180 298.784707 142.548954
v -19.189802 296.704799 150.910275
v 1.446729 293.299736 158.597593
v 22.077245 288.584725 165.576577
v 42.609605 282.580824 171.816055
v 62.952107 275.314849 177.288160
v 83.013897 266.819251 181.968454
v 102.705373 257.131973 185.836033
v 121.938588 246.296282 188.873623
v 140.627643 234.360572 191.067657
v 158.689067 221.378150 192.408337
v 176.042193 207.407000 192.889674
v 176.638058 208.026313 191.674496
v 159.878135 222.614011 189.983408
v 142.404604 236.207460 187.443807
v 124.295505 248.745950 184.067037
v 105.631720 260.173480 179.868179
v 86.496604 270.439012 174.865986
v 66.975620 279.496697 169.082799
v 47.155954 287.306083 162.544447
v 27.126124 293.832290 155.280133
v 6.975589 299.046170 147.322299
v -13.205655 302.924438 138.706489
v -33.327472 305.449771 129.471181
v -53.299993 306.610892 119.657624
v -73.034018 306.402614 109.309647
v -92.441408 304.825868 98.473466
v -111.435486 301.887695 87.197479
v -129.931419 297.601219 75.532047
v -147.846600 291.985583 63.529270
v -165.101016 285.065869 51.242757
v -181.617604 276.872981 38.727380
v -197.322597 267.443512 26.039038
v -212.145853 256.819575 13.234399
v -226.021168 245.048619 0.370652
v -238.886570 232.183217 -12.494750
v -250.684600 218.280828 -25.304348
v -261.362566 203.403543 -38.000930
v -270.872776 187.617810 -50.527791
v -279.172756 170.994129 -62.828983
v -286.225436 153.606748 -74.849565
v -291.999317 135.533321 -86.535851
v -296.468611 116.854569 -97.835647
v -299.613359 97.653917 -108.698485
v -301.419513 78.017119 -119.075849
v -301.879008 58.031877 -128.921391
v -300.989792 37.787451 -138.191139
v -298.755836 17.374257 -146.843692
v -295.187117 -3.116535 -154.840406
v -290.299574 -23.593408 -162.145565
v -284.115036 -43.964907 -168.726542
v -276.661124 -64.140047 -174.553945
v -267.971130 -84.028723 -179.601749
v -258.083866 -103.542106 -183.847407
v -247.043490 -122.593045 -187.271958
v -234.899311 -141.096454 -189.860107
v -221.705567 -158.969691 -191.600295
v -207.521187 -176.132932 -192.484749
v -191.574496 -208.026313 -176.538058
v -189.883408 -222.614011 -159.778135
v -187.343807 -236.207460 -142.304604
v -183.967037 -248.745950 -124.195505
v -179.768179 -260.173480 -105.531720
v -174.765986 -270.439012 -86.396604
v -168.982799 -279.496697 -66.875620
v -162.444447 -287.306083 -47.055954
v -155.180133 -293.832290 -27.026124
v -147.222299 -299.046170 -6.875589
v -138.606489 -302.924438 13.305655
v -129.371181 -305.449771 33.427472
v -119.557624 -306.610892 53.399993
v -109.209647 -306.402614 73.134018
v -98.373466 -304.825868 92.541408
v -87.097479 -301.887695 111.535486
v -75.432047 -297.601219 130.031419
v -63.429270 -291.985583 147.946600
v -51.142757 -285.065869 165.201016
v -38.627380 -276.872981 181.717604
v -25.939038 -267.443512 197.422597
v -13.134399 -256.819575 212.245853
v -0.270652 -245.048619 226.121168
v 12.594750 -232.183217 238.986570
v 25.404348 -218.280828 250.784600
v 38.100930 -203.403543 261.462566
v 50.627791 -187.617810 270.972776
v 62.928983 -170.994129 279.272756
v 74.949565 -153.606748 286.325436
v 86.635851 -135.533321 292.099317
v 97.935647 -116.854569 296.568611
v 108.798485 -97.653917 299.713359
v 119.175849 -78.017119 301.519513
v 129.021391 -58.031877 301.979008
v 138.291139 -37.787451 301.089792
v 146.943692 -17.374257 298.855836
v 154.940406 3.116535 295.287117
v 162.245565 23.593408 290.399574
v 168.826542 43.964907 284.215036
v 174.653945 64.140047 276.761124
v 179.701749 84.028723 268.071130
v 183.947407 103.542106 258.183866
v 187.371958 122.593045 247.143490
v 189.960107 141.096454 234.999311
v 191.700295 158.969691 221.805567
v 192.584749 176.132932 207.621187
v 191.369571 176.752245 208.217052
v 189.275365 160.205552 222.994636
v 186.336257 142.943343 236.776272
v 182.565372 125.042713 249.500407
v 177.979553 106.583613 261.110213
v 172.599280 87.648484 271.553838
v 166.448584 68.321895 280.784637
v 159.554935 48.690165 288.761384
v 151.949121 28.840973 295.448453
v 143.665112 8.862969 300.815977
v 134.739906 -11.154618 304.839983
v 125.213366 -31.122386 307.502501
v 115.128040 -50.951154 308.791637
v 104.528970 -70.552362 308.701636
v 93.463495 -89.838466 307.232897
v 81.981036 -108.723330 304.391982
v 70.132876 -127.122608 300.191579
v 57.971933 -144.954127 294.650447
v 45.552519 -162.138245 287.793335
v 32.930104 -178.598214 279.650868
v 20.161061 -194.260520 270.259412
v 7.302421 -209.055212 259.660912
v -5.588388 -222.916212 247.902703
v -18.453790 -235.781614 235.037301
v -31.236326 -247.593959 221.122165
v -43.878907 -258.300488 206.219443
v -56.325068 -267.853385 190.395696
v -68.519220 -276.209984 173.721595
v -80.406903 -283.332962 156.271612
v -91.935022 -289.190506 138.123681
v -103.052090 -293.756455 119.358857
v -113.708456 -297.010417 100.060947
v -123.856526 -298.937858 80.316140
v -133.450975 -299.530170 60.212622
v -142.448954 -298.784707 39.840180
v -150.810275 -296.704799 19.289802
v -158.497593 -293.299736 -1.346729
v -165.476577 -288.584725 -21.977245
v -171.716055 -282.580824 -42.509605
v -177.188160 -275.314849 -62.852107
v -181.868454 -266.819251 -82.913897
v -185.736033 -257.131973 -102.605373
v -188.773623 -246.296282 -121.838588
v -190.967657 -234.360572 -140.527643
v -192.308337 -221.378150 -158.589067
v -192.789674 -207.407000 -175.942193
v 208.999009 189.655897 177.683961
v 224.455506 185.955225 162.064822
v 238.909976 181.424032 145.721863
v 252.297863 176.082555 128.728075
v 264.559372 169.954651 111.159355
v 275.639743 163.067688 93.094172
v 285.489485 155.452425 74.613206
v 294.064609 147.142874 55.799001
v 301.326816 138.176147 36.735583
v 307.243671 128.592292 17.508095
v 311.788747 118.434113 -1.797588
v 314.941746 107.746978 -21.095243
v 316.688585 96.578618 -40.298681
v 317.021463 84.978916 -59.322135
v 315.938892 72.999676 -78.080643
v 313.445709 60.694403 -96.490423
v 309.553047 48.118054 -114.469254
v 304.278293 35.326797 -131.936837
v 297.645005 22.377763 -148.815158
v 289.682808 9.328784 -165.028835
v 280.427265 -3.761860 -180.505453
v 269.919712 -16.835702 -195.175889
v 258.207078 -29.834351 -208.974623
v 245.341676 -42.699754 -221.840025
v 231.380965 -55.374449 -233.714636
v 216.387296 -67.801828 -244.545421
v 200.427637 -79.926388 -254.284006
v 183.573265 -91.693977 -262.886898
v 165.899457 -103.052038 -270.315672
v 147.485149 -113.949844 -276.537152
v 128.412583 -124.338723 -281.523549
v 108.766942 -134.172274 -285.252593
v 88.635967 -143.406580 -287.707631
v 68.109570 -152.000397 -288.877696
v 47.279425 -159.915343 -288.757563
v 26.238566 -167.116069 -287.347769
v 5.080965 -173.570413 -284.654610
v -16.098881 -179.249550 -280.690115
v -37.206380 -184.128115 -275.471989
v -58.147259 -188.184319 -269.023538
v -78.827992 -191.400047 -261.373563
v -99.156214 -193.760935 -252.556230
v -119.041133 -195.256440 -242.610920
v -138.393938 -195.879882 -231.582051
v -157.128197 -195.628477 -219.518880
v -175.160235 -194.503348 -206.475284
v 209.423120 188.457572 178.458175
v 225.301834 183.563926 163.609794
v 240.174740 177.850440 148.030691
v 253.975415 171.342630 131.790447
v 266.642221 164.069563 114.961595
v 278.118584 156.063721 97.619297
v 288.353249 147.360860 79.841007
v 297.300505 137.999851 61.706128
v 304.920392 128.022500 43.295654
v 311.178876 117.473370 24.691812
v 316.048007 106.399575 5.977690
v 319.506037 94.850574 -12.763130
v 321.537522 82.877948 -31.446947
v 322.133390 70.535168 -49.990314
v 321.290978 57.877361 -68.310412
v 319.014049 44.961059 -86.325420
v 315.312772 31.843951 -103.954877
v 310.203679 18.584620 -121.120046
v 303.709588 5.242285 -137.744264
v 295.859502 -8.123462 -153.753282
v 286.688483 -21.452929 -169.075601
v 276.237489 -34.686581 -183.642787
v 264.553199 -47.765315 -197.389780
v 251.687797 -60.630718 -210.255183
v 237.698742 -73.225328 -222.181534
v 222.648514 -85.492897 -233.115569
v 206.604330 -97.378634 -243.008454
v 189.637848 -108.829454 -251.816003
v 171.824844 -119.794215 -259.498881
v 153.244874 -130.223947 -266.022774
v 133.980923 -140.072066 -271.358545
v 114.119027 -149.294590 -275.482363
v 93.747894 -157.850328 -278.375810
v 72.958507 -165.701068 -280.025962
v 51.843716 -172.811746 -280.425451
v 30.497826 -179.150606 -279.572492
v 9.016171 -184.689335 -277.470893
v -12.505306 -189.403197 -274.130043
v -33.970484 -193.271139 -269.564861
v -55.283495 -196.275884 -263.795738
v -76.349150 -198.404014 -256.848438
v -97.073365 -199.646023 -248.753991
v -117.363580 -199.996365 -239.548548
v -137.129174 -199.453474 -229.273223
v -156.281869 -198.019776 -217.973909
v -174.736124 -195.701673 -205.701070
v 209.770218 187.275423 179.293227
v 225.994478 181.204909 165.276166
v 241.209839 174.325090 150.520943
v 255.348344 166.666692 135.093456
v 268.346848 158.263921 119.062609
v 280.147297 149.154305 102.500000
v 290.696987 139.378529 85.479601
v 299.948800 128.980255 68.077429
v 307.861416 118.005924 50.371207
v 314.399494 106.504549 32.440015
v 319.533834 94.527500 14.363938
v 323.241506 82.128268 -3.776293
v 325.505949 69.362231 -21.899657
v 326.317050 56.286405 -39.925212
v 325.671186 42.959191 -57.772451
v 323.571243 29.440110 -75.361665
v 320.026598 15.789543 -92.614295
v 315.053084 2.068456 -109.453287
v 308.672912 -11.661869 -125.803434
v 300.914579 -25.340110 -141.591712
v 291.812736 -38.905175 -156.747608
v 281.408032 -52.296481 -171.203431
v 269.746938 -65.454218 -184.894617
v 256.881536 -78.319620 -197.760020
v 242.869285 -90.835228 -209.742178
v 227.772767 -102.945144 -220.787576
v 211.659408 -114.595281 -230.846884
v 194.601173 -125.733609 -239.875173
v 176.674248 -136.310379 -247.832122
v 157.958700 -146.278355 -254.682192
v 138.538117 -155.593015 -260.394790
v 118.499235 -164.212760 -264.944402
v 97.931554 -172.099090 -268.310707
v 76.926934 -179.216784 -270.478672
v 55.579185 -185.534053 -271.438613
v 33.983653 -191.022681 -271.186244
v 12.236789 -195.658156 -269.722691
v -9.564282 -199.419774 -267.054490
v -31.322189 -202.290734 -263.193560
v -52.939758 -204.258216 -258.157144
v -74.320437 -205.313430 -251.967735
v -95.368737 -205.451665 -244.652976
v -115.990651 -204.672303 -236.245539
v -136.094076 -202.978824 -226.782971
v -155.589224 -200.378793 -216.307536
v -174.389027 -196.883822 -204.866018
v 210.038751 186.114731 180.185385
v 226.530346 178.888709 167.056499
v 242.010647 170.863727 153.181497
v 256.410517 162.075626 138.622350
v 269.665641 152.563655 123.444082
v 281.716821 142.370299 107.714483
v 292.510231 131.541082 91.503805
v 301.997666 120.124370 74.884448
v 310.136752 108.171154 57.930640
v 316.891140 95.734820 40.718099
v 322.230661 82.870910 23.323701
v 326.131468 69.636879 5.825134
v 328.576140 56.091832 -11.699450
v 329.553758 42.296266 -29.171781
v 329.059955 28.311795 -46.513824
v 327.096937 14.200876 -63.648125
v 323.673471 0.026533 -80.498157
v 318.804848 -14.147929 -96.988666
v 312.512812 -28.259203 -113.045999
v 304.825464 -42.244264 -128.598442
v 295.777138 -56.040653 -143.576533
v 285.408246 -69.586750 -157.913376
v 273.765099 -82.822056 -171.544940
v 260.899696 -95.687458 -184.410342
v 246.869499 -108.125497 -196.452123
v 231.737170 -120.080621 -207.616501
v 215.570292 -131.499436 -217.853613
v 198.441072 -142.330943 -227.117739
v 180.426013 -152.526765 -235.367501
v 161.605574 -162.041365 -242.566055
v 142.063811 -170.832250 -248.681250
v 121.888004 -178.860156 -253.685774
v 101.168262 -186.089229 -257.557276
v 79.997125 -192.487183 -260.278465
v 58.469148 -198.025442 -261.837187
v 36.680480 -202.679271 -262.226480
v 14.728434 -206.427886 -261.444607
v -7.288945 -209.254543 -259.495058
v -29.273324 -211.146619 -256.386541
v -51.126514 -212.095663 -252.132940
v -72.750914 -212.097436 -246.753252
v -94.049945 -211.151931 -240.271504
v -114.928478 -209.263370 -232.716645
v -135.293267 -206.440187 -224.122417
v -155.053357 -202.694993 -214.527204
v -174.120494 -198.044514 -203.973860
v 210.227522 184.980680 181.130666
v 226.907043 176.625672 168.942838
v 242.573589 167.481811 156.000471
v 257.157189 157.589935 142.361368
v 270.592710 146.994224 128.086445
v 282.820144 135.742002 113.239456
v 293.784882 123.883522 97.886713
v 303.437951 111.471749 82.096784
v 311.736240 98.562116 65.940190
v 318.642685 85.212281 49.489092
v 324.126442 71.481867 32.816963
v 328.163018 57.432197 15.998266
v 330.734384 43.126022 -0.891883
v 331.829058 28.627235 -17.778049
v 331.442149 14.000592 -34.584814
v 329.575385 -0.688581 -51.237115
v 326.237104 -15.374679 -67.660578
v 321.442216 -29.992110 -83.781853
v 315.212136 -44.475589 -99.528938
v 307.574688 -58.760428 -114.831502
v 298.563983 -72.782830 -129.621201
v 288.220266 -86.480166 -143.831980
v 276.589734 -99.791260 -157.400371
v 263.724332 -112.656662 -170.265773
v 249.681519 -125.018913 -182.370727
v 234.524015 -136.822798 -193.661169
v 218.319516 -148.015600 -204.086674
v 201.140396 -158.547328 -213.600677
v 183.063381 -168.370945 -222.160688
v 164.169206 -177.442577 -229.728476
v 144.542259 -185.721707 -236.270241
v 124.270198 -193.171359 -241.756765
v 103.443562 -199.758261 -246.163545
v 82.155369 -205.452993 -249.470899
v 60.500697 -210.230123 -251.664055
v 38.576261 -214.068314 -252.733218
v 16.479980 -216.950424 -252.673614
v -5.689458 -218.863581 -251.485507
v -27.833038 -219.799240 -249.174206
v -49.851863 -219.753222 -245.750032
v -71.647591 -218.725733 -241.228278
v -93.122876 -216.721362 -235.629141
v -114.181806 -213.749060 -228.977627
v -134.730325 -209.822104 -221.303443
v -154.676659 -204.958030 -212.640864
v -173.931723 -199.178565 -203.028579
v 210.335686 183.878334 182.124847
v 227.122888 174.425904 170.926761
v 242.896151 164.194445 158.965275
v 257.585027 153.229654 146.293811
v 271.123913 141.580502 132.968964
v 283.452340 129.299017 119.050244
v 294.515247 116.440052 104.599818
v 304.263224 103.061037 89.682223
v 312.652734 89.221726 74.364086
v 319.646308 74.983929 58.713820
v 325.212710 60.411236 42.801325
v 329.327081 45.568732 26.697668
v 331.971043 30.522707 10.474773
v 333.132788 15.340359 -5.794904
v 332.807128 0.089498 -22.038701
v 330.995517 -15.161762 -38.184067
v 327.706047 -30.345307 -54.158894
v 322.953408 -45.393322 -69.891834
v 316.758828 -60.238599 -85.312620
v 309.149973 -74.814836 -100.352379
v 300.160825 -89.056932 -114.943940
v 289.831533 -102.901278 -129.022134
v 278.208230 -116.286043 -142.524083
v 265.342827 -129.151445 -155.389486
v 251.292786 -141.440026 -167.560881
v 236.120857 -153.096901 -178.983909
v 219.894801 -164.070008 -189.607551
v 202.687089 -174.310339 -199.384359
v 184.574573 -183.772157 -208.270669
v 165.638149 -192.413204 -216.226791
v 145.962392 -200.194888 -223.217192
v 125.635177 -207.082452 -229.210651
v 104.747293 -213.045136 -234.180400
v 83.392027 -218.056308 -238.104242
v 61.664760 -222.093589 -240.964652
v 39.662529 -225.138945 -242.748856
v 17.483603 -227.178776 -243.448885
v -4.772963 -228.203971 -243.061612
v -27.007765 -228.209953 -241.588766
v -49.121497 -227.196693 -239.036927
v -71.015394 -225.168717 -235.417490
v -92.591673 -222.135084 -230.746622
v -113.753968 -218.109341 -225.045184
v -134.407763 -213.109469 -218.338639
v -154.460814 -207.157798 -210.656941
v -173.823559 -200.280910 -202.034398
v 210.362760 182.812618 183.163489
v 227.176916 172.299231 172.999407
v 242.976891 161.016313 162.062667
v 257.692120 149.014258 150.402115
v 271.256879 136.346668 138.069832
v 283.610586 123.070122 125.120894
v 294.698065 109.243914 111.613137
v 304.469799 94.929797 97.606888
v 312.882143 80.191700 83.164704
v 319.897525 65.095447 68.351085
v 325.484615 49.708463 53.232194
v 329.618458 34.099468 37.875555
v 332.280591 18.338177 22.349755
v 333.459125 2.494983 6.724135
v 333.148797 -13.359354 -8.931517
v 331.350991 -29.154025 -24.547278
v 328.073739 -44.818487 -40.053405
v 323.331676 -60.282779 -55.380644
v 317.145982 -75.477833 -70.460539
v 309.544283 -90.335785 -85.225740
v 300.560531 -104.790276 -99.610303
v 290.234850 -118.776748 -113.549982
v 278.613356 -132.232733 -126.982519
v 265.747954 -145.098136 -139.847921
v 251.696103 -157.315495 -152.088729
v 236.520563 -168.830244 -163.650271
v 220.289112 -179.590957 -174.480912
v 203.074242 -189.549573 -184.532278
v 184.952840 -198.661615 -193.759479
v 166.005841 -206.886385 -202.121303
v 146.317866 -214.187151 -209.580403
v 125.976846 -220.531305 -216.103467
v 105.073630 -225.890512 -221.661361
v 83.701576 -230.240838 -226.229260
v 61.956137 -233.562853 -229.786765
v 39.934434 -235.841718 -232.317987
v 17.734820 -237.067258 -233.811620
v -4.543555 -237.233997 -234.260994
v -26.801191 -236.341192 -233.664101
v -48.938679 -234.392830 -232.023608
v -70.857149 -231.397613 -229.346840
v -92.458707 -227.368917 -225.645754
v -113.646875 -222.324737 -220.936880
v -134.327023 -216.287601 -215.241248
v -154.406786 -209.284472 -208.584296
v -173.796485 -201.346627 -200.995755
v 210.308624 181.788290 184.241953
v 227.068886 170.255150 175.151517
v 242.815450 157.961609 165.278812
v 257.477988 144.962573 154.667932
v 270.991013 131.316098 143.366267
v 283.294174 117.083135 131.424294
v 294.332520 102.327250 118.895348
v 304.056752 87.114346 105.835386
v 312.423440 71.512368 92.302738
v 319.395215 55.590999 78.357843
v 324.940941 39.421347 64.062983
v 329.035848 23.075630 49.482003
v 331.661648 6.626851 34.680023
v 332.806613 -9.851524 19.723155
v 332.465629 -26.285901 4.678198
v 330.640220 -42.602878 -10.387653
v 327.338538 -58.729581 -25.407110
v 322.575329 -74.593982 -40.313093
v 316.371867 -90.125229 -55.039028
v 308.755858 -105.253955 -69.519145
v 299.761317 -119.912592 -83.688773
v 289.428416 -134.035669 -97.484627
v 277.803304 -147.560111 -110.845090
v 264.937902 -160.425513 -123.710492
v 250.889669 -172.574416 -136.023374
v 235.721349 -183.952560 -147.728741
v 219.500687 -194.509127 -158.774317
v 202.300127 -204.196969 -169.110768
v 184.196493 -212.972818 -178.691929
v 165.270640 -220.797478 -187.475008
v 145.607094 -227.636004 -195.420779
v 125.293678 -233.457851 -202.493753
v 104.421117 -238.237020 -208.662341
v 83.082633 -241.952164 -213.898992
v 61.373527 -244.586690 -218.180318
v 39.390760 -246.128834 -221.487198
v 17.232510 -246.571706 -223.804862
v -5.002257 -245.913329 -225.122960
v -27.214237 -244.156643 -225.435603
v -49.304225 -241.309495 -224.741397
v -71.173561 -237.384600 -223.043441
v -92.724573 -232.399488 -220.349319
v -113.861007 -226.376423 -216.671063
v -134.488464 -219.342306 -212.025102
v -154.514816 -211.328553 -206.432185
v -173.850621 -202.370955 -199.917292
v 210.173520 180.809926 185.355422
v 226.799281 168.302791 177.373481
v 242.412549 155.043974 168.599348
v 256.943589 141.092694 159.072209
v 270.327504 126.511260 148.834615
v 282.504517 111.364796 137.932290
v 293.420243 95.720949 126.413925
v 303.025929 79.649589 114.330965
v 311.278675 63.222495 101.737376
v 318.141621 46.513034 88.689402
v 323.584117 29.595835 75.245320
v 327.581853 12.546453 61.465174
v 330.116976 -4.558964 47.410510
v 331.178164 -21.644020 33.144099
v 330.760676 -38.632408 18.729658
v 328.866376 -55.448255 4.231567
v 325.503727 -72.016456 -10.285424
v 320.687745 -88.263014 -24.756478
v 314.439941 -104.115368 -39.116964
v 306.788218 -119.502718 -53.302743
v 297.766752 -134.356340 -67.250460
v 287.415833 -148.609893 -80.897819
v 275.781692 -162.199719 -94.183870
v 262.916290 -175.065121 -107.049272
v 248.877086 -187.148640 -119.436566
v 233.726783 -198.396308 -131.290428
v 217.533047 -208.757889 -142.557915
v 200.368202 -218.187108 -153.188703
v 182.308910 -226.641849 -163.135314
v 163.435829 -234.084354 -172.353322
v 143.833251 -240.481380 -180.801559
v 123.588725 -245.804359 -188.442292
v 102.792668 -250.029515 -195.241396
v 81.537961 -253.137979 -201.168505
v 59.919533 -255.115867 -206.197146
v 38.033936 -255.954346 -210.304861
v 15.978916 -255.649671 -213.473303
v -6.147022 -254.203202 -215.688322
v -28.245060 -251.621400 -216.940024
v -50.216502 -247.915796 -217.222819
v -71.963218 -243.102939 -216.535445
v -93.388082 -237.204326 -214.880971
v -114.395406 -230.246301 -212.266786
v -134.891366 -222.259940 -208.704566
v -154.784421 -213.280912 -204.210221
v -173.985725 -203.349319 -198.803823
v 209.958051 179.881894 186.498922
v 226.369305 166.450873 179.655375
v 241.769986 152.276442 172.009444
v 256.091309 137.421907 163.595276
v 269.269314 121.953612 154.450453
v 281.245143 105.940644 144.615816
v 291.965309 89.454518 134.135290
v 301.381934 72.568867 123.055683
v 309.452961 55.359106 111.426480
v 316.142342 37.902097 99.299618
v 321.420202 20.275808 86.729261
v 325.262968 2.558963 73.771550
v 327.653476 -15.169311 60.484357
v 328.581052 -32.829835 46.927026
v 328.041551 -50.343733 33.160108
v 326.037384 -67.632784 19.245089
v 322.577502 -84.619771 5.244116
v 317.677356 -101.228825 -8.780278
v 311.358833 -117.385767 -22.765457
v 303.650153 -133.018435 -36.648960
v 294.585743 -148.057010 -50.368781
v 284.206089 -162.434327 -63.863641
v 272.557548 -176.086173 -77.073272
v 259.692146 -188.951576 -89.938674
v 245.667342 -200.973074 -102.402388
v 230.545775 -212.096979 -114.408749
v 214.394981 -222.273606 -125.904132
v 197.287094 -231.457506 -136.837197
v 179.298521 -239.607660 -147.159113
v 160.509604 -246.687669 -156.823782
v 141.004259 -252.665910 -165.788037
v 120.869601 -257.515684 -174.011843
v 100.195557 -261.215330 -181.458469
v 79.074461 -263.748326 -188.094658
v 57.600647 -265.103357 -193.890771
v 35.870021 -265.274373 -198.820920
v 13.979637 -264.260608 -202.863087
v -7.972736 -262.066592 -205.999218
v -29.889055 -258.702123 -208.215306
v -51.671436 -254.182227 -209.501455
v -73.222592 -248.527091 -209.851919
v -94.446272 -241.761974 -209.265133
v -115.247686 -233.917088 -207.743719
v -135.533929 -225.027472 -205.294470
v -155.214397 -215.132829 -201.928327
v -174.201194 -204.277350 -197.660323
v 209.663179 179.008341 187.667347
v 225.780878 164.707668 181.987007
v 240.890631 149.671371 175.493869
v 254.924955 133.966605 168.216933
v 267.821169 117.663512 160.188698
v 279.521675 100.834904 151.445023
v 289.974216 83.555944 142.024957
v 299.132109 65.903802 131.970573
v 306.954451 47.957319 121.326776
v 313.406308 29.796646 110.141105
v 318.458862 11.502894 98.463516
v 322.089548 -6.842233 86.346166
v 324.282150 -25.156801 73.843173
v 325.026877 -43.359012 61.010378
v 324.320401 -61.367571 47.905096
v 322.165878 -79.102048 34.585859
v 318.572931 -96.483236 21.112152
v 313.557606 -113.433507 7.544154
v 307.142303 -129.877155 -6.057539
v 299.355676 -145.740741 -19.632177
v 290.232499 -160.953414 -33.119133
v 279.813521 -175.447229 -46.458171
v 268.145273 -189.157454 -59.589715
v 255.279871 -202.022857 -72.455118
v 241.274773 -213.985976 -84.996918
v 226.192531 -224.993382 -97.159101
v 210.100504 -234.995913 -108.887348
v 193.070564 -243.948895 -120.129278
v 175.178771 -251.812342 -130.834682
v 156.505033 -258.551134 -140.955746
v 137.132752 -264.135174 -150.447267
v 117.148450 -268.539522 -159.266854
v 96.641381 -271.744507 -167.375117
v 75.703135 -273.735816 -174.735842
v 54.427227 -274.504554 -181.316154
v 32.908680 -274.047287 -187.086665
v 11.243602 -272.366060 -192.021600
v -10.471246 -269.468379 -196.098921
v -32.138880 -265.367187 -199.300417
v -53.662528 -260.080801 -201.611788
v -74.946060 -253.632830 -203.022712
v -95.894417 -246.052074 -203.526888
v -116.414040 -237.372390 -203.122063
v -136.413283 -227.632543 -201.810045
v -155.802825 -216.876034 -199.596695
v -174.496066 -205.150904 -196.491898
v 209.290221 178.193168 188.855479
v 225.036627 163.080962 184.357964
v 239.778413 147.240397 179.037061
v 253.449736 130.742221 172.916536
v 265.989538 113.660118 166.023723
v 277.341812 96.070381 158.389408
v 287.455858 78.051571 150.047688
v 296.286502 59.684164 141.035818
v 303.794306 41.050193 131.394048
v 309.945737 22.232881 121.165440
v 314.713321 3.316272 110.395678
v 318.075767 -15.615148 99.132862
v 320.018055 -34.476827 87.427295
v 320.531512 -53.184524 75.331256
v 319.613843 -71.654687 62.898769
v 317.269149 -89.804822 50.185361
v 313.507900 -107.553867 37.247814
v 308.346895 -124.822550 24.143908
v 301.809184 -141.533745 10.932170
v 293.923968 -157.612817 -2.328394
v 284.726462 -172.987951 -15.578558
v 274.257745 -187.590479 -28.759145
v 262.564573 -201.355182 -41.811287
v 249.699171 -214.220585 -54.676689
v 235.718998 -226.129226 -67.297892
v 220.686493 -237.027919 -79.618527
v 204.668796 -246.867988 -91.583565
v 187.737445 -255.605485 -103.139569
v 169.968059 -263.201385 -114.234927
v 151.440002 -269.621764 -124.820084
v 132.236023 -274.837947 -134.847764
v 112.441893 -278.826637 -144.273181
v 92.146016 -281.570020 -153.054240
v 71.439040 -283.055842 -161.151720
v 50.413446 -283.277469 -168.529458
v 29.163140 -282.233909 -175.154503
v 7.783031 -279.929824 -180.997265
v -13.631392 -276.375505 -186.031649
v -34.984487 -271.586825 -190.235171
v -56.180887 -265.585173 -193.589057
v -77.125922 -258.397353 -196.078326
v -97.726048 -250.055468 -197.691863
v -117.889259 -240.596774 -198.422459
v -137.525501 -230.063517 -198.266853
v -156.547075 -218.502740 -197.225738
v -174.869024 -205.966077 -195.303766
v 208.840843 177.440014 190.058010
v 224.139878 161.578019 186.757656
v 238.438298 144.994377 182.623196
v 251.672240 127.763155 177.673097
v 263.782600 109.961312 171.929467
v 274.715290 91.668354 165.417958
v 284.421481 72.965984 158.167652
v 292.857823 53.937730 150.210931
v 299.986637 34.668577 141.583332
v 305.776085 15.244585 132.323387
v 310.200310 -4.247492 122.472454
v 313.239551 -23.720599 112.074529
v 314.880235 -43.087765 101.176052
v 315.115034 -62.262489 89.825698
v 313.942900 -81.159135 78.074161
v 311.369066 -99.693304 65.973926
v 307.405030 -117.782218 53.579035
v 302.068495 -135.345089 40.944847
v 295.383295 -152.303475 28.127789
v 287.379288 -168.581637 15.185106
v 278.092223 -184.106873 2.174603
v 267.563576 -198.809843 -10.845613
v 255.840372 -212.624879 -23.817389
v 242.974970 -225.490282 -36.682792
v 229.024829 -237.348590 -49.384360
v 214.052254 -248.146841 -61.865365
v 198.124117 -257.836809 -74.070065
v 181.311556 -266.375215 -85.943950
v 163.689659 -273.723924 -97.433988
v 145.337132 -279.850116 -108.488863
v 126.335941 -284.726429 -119.059200
v 106.770949 -288.331085 -129.097790
v 86.729539 -290.647985 -138.559797
v 66.301220 -291.666780 -147.402963
v 45.577231 -291.382920 -155.587792
v 24.650129 -289.797673 -163.077727
v 3.613380 -286.918120 -169.839318
v -17.439060 -282.757121 -175.842365
v -38.413167 -277.333259 -181.060058
v -59.215264 -270.670761 -185.469092
v -79.752445 -262.799380 -189.049777
v -99.932986 -253.754274 -191.786119
v -119.666755 -243.575840 -193.665898
v -138.865616 -232.309537 -194.680718
v -157.443824 -220.005683 -194.826046
v -175.318402 -206.719230 -194.101235
v 208.317052 176.752245 191.269571
v 223.094636 160.205552 189.175365
v 236.876272 142.943343 186.236257
v 249.600407 125.042713 182.465372
v 261.210213 106.583613 177.879553
v 271.653838 87.648484 172.499280
v 280.884637 68.321895 166.348584
v 288.861384 48.690165 159.454935
v 295.548453 28.840973 151.849121
v 300.915977 8.862969 143.565112
v 304.939983 -11.154618 134.639906
v 307.602501 -31.122386 125.113366
v 308.891637 -50.951154 115.028040
v 308.801636 -70.552362 104.428970
v 307.332897 -89.838466 93.363495
v 304.491982 -108.723330 81.881036
v 300.291579 -127.122608 70.032876
v 294.750447 -144.954127 57.871933
v 287.893335 -162.138245 45.452519
v 279.750868 -178.598214 32.830104
v 270.359412 -194.260520 20.061061
v 259.760912 -209.055212 7.202421
v 248.002703 -222.916212 -5.688388
v 235.137301 -235.781614 -18.553790
v 221.222165 -247.593959 -31.336326
v 206.319443 -258.300488 -43.978907
v 190.495696 -267.853385 -56.425068
v 173.821595 -276.209984 -68.619220
v 156.371612 -283.332962 -80.506903
v 138.223681 -289.190506 -92.035022
v 119.458857 -293.756455 -103.152090
v 100.160947 -297.010417 -113.808456
v 80.416140 -298.937858 -123.956526
v 60.312622 -299.530170 -133.550975
v 39.940180 -298.784707 -142.548954
v 19.389802 -296.704799 -150.910275
v -1.246729 -293.299736 -158.597593
v -21.877245 -288.584725 -165.576577
v -42.409605 -282.580824 -171.816055
v -62.752107 -275.314849 -177.288160
v -82.813897 -266.819251 -181.968454
v -102.505373 -257.131973 -185.836033
v -121.738588 -246.296282 -188.873623
v -140.427643 -234.360572 -191.067657
v -158.489067 -221.378150 -192.408337
v -175.842193 -207.407000 -192.889674
v 207.721187 176.132932 192.484749
v 221.905567 158.969691 191.600295
v 235.099311 141.096454 189.860107
v 247.243490 122.593045 187.271958
v 258.283866 103.542106 183.847407
v 268.171130 84.028723 179.601749
v 276.861124 64.140047 174.553945
v 284.315036 43.964907 168.726542
v 290.499574 23.593408 162.145565
v 295.387117 3.116535 154.840406
v 298.955836 -17.374257 146.843692
v 301.189792 -37.787451 138.191139
v 302.079008 -58.031877 128.921391
v 301.619513 -78.017119 119.075849
v 299.813359 -97.653917 108.698485
v 296.668611 -116.854569 97.835647
v 292.199317 -135.533321 86.535851
v 286.425436 -153.606748 74.849565
v 279.372756 -170.994129 62.828983
v 271.072776 -187.617810 50.527791
v 261.562566 -203.403543 38.000930
v 250.884600 -218.280828 25.304348
v 239.086570 -232.183217 12.494750
v 226.221168 -245.048619 -0.370652
v 212.345853 -256.819575 -13.234399
v 197.522597 -267.443512 -26.039038
v 181.817604 -276.872981 -38.727380
v 165.301016 -285.065869 -51.242757
v 148.046600 -291.985583 -63.529270
v 130.131419 -297.601219 -75.532047
v 111.635486 -301.887695 -87.197479
v 92.641408 -304.825868 -98.473466
v 73.234018 -306.402614 -109.309647
v 53.499993 -306.610892 -119.657624
v 33.527472 -305.449771 -129.471181
v 13.405655 -302.924438 -138.706489
v -6.775589 -299.046170 -147.322299
v -26.926124 -293.832290 -155.280133
v -46.955954 -287.306083 -162.544447
v -66.775620 -279.496697 -169.082799
v -86.296604 -270.439012 -174.865986
v -105.431720 -260.173480 -179.868179
v -124.095505 -248.745950 -184.067037
v -142.204604 -236.207460 -187.443807
v -159.678135 -222.614011 -189.983408
v -176.438058 -208.026313 -191.674496
v 207.055910 175.584840 193.698118
v 220.577984 157.875956 194.021613
v 233.115351 139.461959 193.478561
v 244.612014 120.425092 192.071386
v 255.016628 100.850377 189.806375
v 264.282722 80.825239 186.693641
v 272.368911 60.439117 182.747089
v 279.239082 39.783058 177.984344
v 284.862550 18.949319 172.426677
v 289.214199 -1.969052 166.098911
v 292.274594 -22.878629 159.029307
v 294.030066 -43.686025 151.249440
v 294.472775 -64.298308 142.794056
v 293.600744 -84.623419 133.700918
v 291.417867 -104.570582 124.010641
v 287.933894 -124.050707 113.766501
v 283.164385 -142.976791 103.014253
v 277.130642 -161.264307 91.801918
v 269.859613 -178.831577 80.179573
v 261.383771 -195.600141 68.199127
v 251.740973 -211.495108 55.914087
v 240.974286 -226.445487 43.379322
v 229.131795 -240.384504 30.650813
v 216.266392 -253.249907 17.785411
v 202.435539 -264.984234 4.840575
v 187.701005 -275.535076 -8.125881
v 172.128600 -284.855313 -21.056044
v 155.787873 -292.903316 -33.892166
v 138.751807 -299.643142 -46.576917
v 121.096487 -305.044689 -59.053645
v 102.900769 -309.083833 -71.266624
v 84.245917 -311.742533 -83.161310
v 65.215249 -313.008915 -94.684577
v 45.893760 -312.877323 -105.784959
v 26.367745 -311.348345 -116.412881
v 6.724412 -308.428810 -126.520874
v -12.948507 -304.131757 -136.063794
v -32.563148 -298.476378 -144.999020
v -52.031907 -291.487931 -153.286646
v -71.267833 -283.197628 -160.889656
v -90.185013 -273.642495 -167.774093
v -108.698958 -262.865209 -173.909211
v -126.726981 -250.913903 -179.267609
v -144.188563 -237.841955 -183.825353
v -161.005718 -223.707746 -187.562089
v -177.103335 -208.574405 -190.461127
v 206.324191 175.110418 194.904258
v 219.117816 156.929231 196.428507
v 230.933254 138.047159 197.075458
v 241.717734 118.548536 196.842223
v 251.423091 98.520446 195.729842
v 260.005978 78.052340 193.743284
v 267.428062 57.235633 190.891422
v 273.656194 36.163298 187.186992
v 278.662557 14.929449 182.646540
v 282.424793 -6.371079 177.290344
v 284.926097 -27.643152 171.142327
v 286.155299 -48.791764 164.229946
v 286.106908 -69.722460 156.584074
v 284.781142 -90.341759 148.238860
v 282.183920 -110.557569 139.231575
v 278.326843 -130.279603 129.602448
v 273.227137 -149.419776 119.394485
v 266.907579 -167.892604 108.653278
v 259.396394 -185.615583 97.426798
v 250.727128 -202.509558 85.765187
v 240.938500 -218.499075 73.720528
v 230.074230 -233.512723 61.346614
v 218.182838 -247.483447 48.698712
v 205.317436 -260.348849 35.833310
v 191.535483 -272.051470 22.807867
v 176.898532 -282.539044 9.680559
v 161.471956 -291.764729 -3.489985
v 145.324654 -299.687322 -16.644941
v 128.528744 -306.271439 -29.725558
v 111.159239 -311.487673 -42.673412
v 93.293717 -315.312728 -55.430677
v 75.011969 -317.729520 -67.940375
v 56.395646 -318.727254 -80.146635
v 37.527893 -318.301475 -91.994941
v 18.492978 -316.454085 -103.432375
v -0.624084 -313.193333 -114.407854
v -19.737913 -308.533784 -124.872361
v -38.763140 -302.496249 -134.779157
v -57.614796 -295.107692 -144.083997
v -76.208683 -286.401112 -152.745322
v -94.461757 -276.415395 -160.724450
v -112.292495 -265.195140 -167.985744
v -129.621261 -252.790459 -174.496772
v -146.370660 -239.256755 -180.228456
v -162.465886 -224.654472 -185.155195
v -177.835054 -209.048827 -189.254987
v 205.529300 174.711785 196.097783
v 217.531583 156.133744 198.810226
v 228.562764 136.858373 200.634734
v 238.573575 116.971759 201.563159
v 247.519305 96.562720 201.591353
v 255.360001 75.722409 200.719192
v 262.060643 54.543903 198.950570
v 267.591305 33.121791 196.293387
v 271.927287 11.551749 192.759510
v 275.049221 -10.069885 188.364722
v 276.943166 -31.646546 183.128651
v 277.600662 -53.081865 177.074684
v 277.018773 -74.280108 170.229857
v 275.200097 -95.146597 162.624743
v 272.152757 -115.588139 154.293308
v 267.890364 -135.513436 145.272761
v 262.431954 -154.833498 135.603391
v 255.801905 -173.462035 125.328383
v 248.029830 -191.315849 114.493628
v 239.150440 -208.315199 103.147516
v 229.203393 -224.384164 91.340723
v 218.233115 -239.450974 79.125980
v 206.288601 -253.448338 66.557841
v 193.423198 -266.313741 53.692439
v 179.694368 -277.989721 40.587233
v 165.163425 -288.424132 27.300755
v 149.895269 -297.570371 13.892345
v 133.958091 -305.387588 0.421888
v 117.423070 -311.840870 -13.050453
v 100.364056 -316.901395 -26.464507
v 82.857238 -320.546562 -39.760365
v 64.980806 -322.760090 -52.878643
v 46.814601 -323.532093 -65.760752
v 28.439758 -322.859123 -78.349158
v 9.938341 -320.744185 -90.587637
v -8.607015 -317.196727 -102.421530
v -27.113484 -312.232591 -113.797983
v -45.498411 -305.873948 -124.666188
v -63.679684 -298.149198 -134.977602
v -81.576102 -289.092841 -144.686174
v -99.107734 -278.745326 -153.748543
v -116.196281 -267.152866 -162.124233
v -132.765420 -254.367236 -169.775836
v -148.741150 -240.445541 -176.669180
v -164.052119 -225.449958 -182.773477
v -178.629945 -209.447460 -188.061462
v 204.674786 174.390720 197.273361
v 215.826371 155.493049 201.156133
v 226.014471 135.900909 204.140492
v 235.193581 115.701802 206.213110
v 243.322706 94.985943 207.364730
v 250.365540 73.845853 207.590209
v 256.290627 52.375950 206.888540
v 261.071504 30.672123 205.262856
v 264.686820 8.831308 202.720419
v 267.120426 -13.048951 199.272583
v 268.361455 -34.870930 194.934747
v 268.404362 -56.537167 189.726285
v 267.248957 -77.950895 183.670460
v 264.900401 -99.016475 176.794318
v 261.369181 -119.639824 169.128569
v 256.671069 -139.728833 160.707452
v 250.827049 -159.193778 151.568575
v 243.863222 -177.947726 141.752757
v 235.810688 -195.906915 131.303837
v 226.705413 -212.991137 120.268481
v 216.588064 -229.124089 108.695978
v 205.503826 -244.233717 96.638012
v 193.502205 -258.252538 84.148437
v 180.636802 -271.117940 71.283034
v 166.965079 -282.772464 58.099264
v 152.548095 -293.164057 44.656009
v 137.450242 -302.246309 31.013310
v 121.738948 -309.978655 17.232097
v 105.484386 -316.326561 3.373922
v 88.759152 -321.261676 -10.499322
v 71.637944 -324.761958 -24.325674
v 54.197230 -326.811775 -38.043381
v 36.514905 -327.401971 -51.591178
v 18.669942 -326.529910 -64.908555
v 0.742042 -324.199487 -77.936035
v -17.188726 -320.421111 -90.615434
v -35.042279 -315.211656 -102.890123
v -52.738878 -308.594390 -114.705279
v -70.199485 -300.598866 -126.008133
v -87.346118 -291.260794 -136.748205
v -104.102195 -280.621882 -146.877526
v -120.392880 -268.729643 -156.350856
v -136.145414 -255.637193 -165.125885
v -151.289444 -241.403005 -173.163422
v -165.757331 -226.090653 -180.427570
v -179.484459 -209.768525 -186.885883
v 203.764465 174.148659 198.425744
v 214.009796 155.010007 203.455750
v 223.299753 135.179044 207.577074
v 231.592846 114.744338 210.771308
v 238.852036 93.797156 213.024186
v 245.044902 72.431053 214.325647
v 250.143784 50.741456 214.669877
v 254.125910 28.825235 214.055340
v 256.973494 6.780273 212.484779
v 258.673819 -15.294971 209.965210
v 259.219291 -37.301904 206.507885
v 258.607473 -59.142238 202.128246
v 256.841097 -80.718428 196.845853
v 253.928054 -101.934109 190.684298
v 249.881353 -122.694529 183.671102
v 244.719068 -142.906965 175.837585
v 238.464255 -162.481143 167.218735
v 231.144849 -181.329642 157.853046
v 222.793541 -199.368278 147.782347
v 213.447629 -216.516487 137.051616
v 203.148855 -232.697681 125.708779
v 191.943215 -247.839591 113.804496
v 179.880758 -261.874589 101.391935
v 167.015355 -274.739991 88.526532
v 153.404468 -286.378338 75.265749
v 139.108887 -296.737650 61.668810
v 124.192457 -305.771659 47.796444
v 108.721801 -313.440018 33.710607
v 92.766014 -319.708477 19.474211
v 76.396357 -324.549041 5.150838
v 59.685942 -327.940090 -9.195540
v 42.709403 -329.866479 -23.500849
v 25.542559 -330.319605 -37.701197
v 8.262082 -329.297443 -51.733162
v -9.054848 -326.804558 -65.534075
v -26.330890 -322.852085 -79.042296
v -43.488886 -317.457676 -92.197495
v -60.452203 -310.645424 -104.940918
v -77.145080 -302.445755 -117.215650
v -93.492961 -292.895289 -128.966867
v -109.422833 -282.036681 -140.142088
v -124.863550 -269.918430 -150.691400
v -139.746149 -256.594657 -160.567687
v -154.004161 -242.124870 -169.726840
v -167.573907 -226.573695 -178.127952
v -180.394780 -210.010586 -185.733501
v 202.802404 173.986681 199.549783
v 212.089970 154.686776 205.698808
v 220.430737 134.696002 210.929132
v 227.787454 114.103643 215.217396
v 234.127263 93.001670 218.544446
v 239.421850 71.484328 220.895424
v 243.647567 49.647720 222.259830
v 246.785542 27.589374 222.631569
v 248.821759 5.407806 222.008981
v 249.747124 -16.797914 220.394847
v 249.557505 -38.928610 217.796377
v 248.253748 -60.885442 214.225175
v 245.841676 -82.570345 209.697191
v 242.332062 -103.886469 204.232649
v 237.740581 -124.738610 197.855954
v 232.087740 -145.033638 190.595587
v 225.398785 -164.680911 182.483973
v 217.703591 -183.592679 173.557342
v 209.036526 -201.684478 163.855561
v 199.436300 -218.875505 153.421962
v 188.945790 -235.088980 142.303143
v 177.611848 -250.252491 130.548763
v 165.485096 -264.298314 118.211322
v 152.619694 -277.163716 105.345919
v 139.073101 -288.791238 92.010016
v 124.905821 -299.128948 78.263175
v 110.181128 -308.130676 64.166790
v 94.964786 -315.756217 49.783822
v 79.324755 -321.971515 35.178506
v 63.330887 -326.748809 20.416075
v 47.054614 -330.066764 5.562461
v 30.568631 -331.910560 -9.315996
v 13.946567 -332.271964 -24.152846
v -2.737339 -331.149360 -38.881824
v -19.408572 -328.547763 -53.437146
v -35.992676 -324.478792 -67.753804
v -52.415581 -318.960619 -81.767858
v -68.603938 -312.017891 -95.416716
v -84.485448 -303.681616 -108.639421
v -99.989178 -293.989024 -121.376915
v -115.045885 -282.983407 -133.572311
v -129.588323 -270.713916 -145.171140
v -143.551541 -257.235352 -156.121599
v -156.873177 -242.607912 -166.374782
v -169.493733 -226.896926 -175.884895
v -181.356841 -210.172564 -184.609462
v 201.792898 173.905511 200.640458
v 210.075468 154.524799 207.875287
v 217.420236 134.453941 214.181695
v 223.794399 113.782579 219.531515
v 229.169488 92.603036 223.900854
v 233.521498 71.009906 227.270198
v 236.830990 49.099629 229.624498
v 239.083185 26.970060 230.953239
v 240.268022 4.720037 231.250487
v 240.380211 -17.551067 230.514914
v 239.419250 -39.743784 228.749805
v 237.389431 -61.758995 225.963045
v 234.299820 -83.498376 222.167078
v 230.164216 -104.864833 217.378860
v 225.001089 -125.762938 211.619774
v 218.833500 -146.099355 204.915544
v 211.688993 -165.783257 197.296111
v 203.599478 -184.726730 188.795505
v 194.601086 -202.845170 179.451693
v 184.734004 -220.057653 169.306406
v 174.042302 -236.287306 158.404956
v 162.573732 -251.461642 146.796030
v 150.379514 -265.512889 134.531478
v 137.514112 -278.378291 121.666076
v 124.034985 -290.000389 108.257283
v 110.002334 -300.327274 94.364987
v 95.478833 -309.312825 80.051235
v 80.529346 -316.916909 65.379953
v 65.220643 -323.105566 50.416670
v 49.621095 -327.851155 35.228213
v 33.800374 -331.132480 19.882418
v 17.829139 -332.934888 4.447824
v 1.778721 -333.250328 -11.006636
v -14.279195 -332.077391 -26.411937
v -30.272889 -329.421316 -41.699276
v -46.130931 -325.293965 -56.800376
v -61.782494 -319.713772 -71.647791
v -77.157675 -312.705661 -86.175210
v -92.187805 -304.300929 -100.317750
v -106.805754 -294.537116 -114.012247
v -120.946237 -283.457829 -127.197537
v -134.546098 -271.112550 -139.814732
v -147.544596 -257.556416 -151.807480
v -159.883678 -242.849973 -163.122219
v -171.508234 -227.058904 -173.708415
v -182.366347 -210.253734 -183.518787
v 200.740458 173.905511 201.692898
v 207.975287 154.524799 209.975468
v 214.281695 134.453941 217.320236
v 219.631515 113.782579 223.694399
v 224.000854 92.603036 229.069488
v 227.370198 71.009906 233.421498
v 229.724498 49.099629 236.730990
v 231.053239 26.970060 238.983185
v 231.350487 4.720037 240.168022
v 230.614914 -17.551067 240.280211
v 228.849805 -39.743784 239.319250
v 226.063045 -61.758995 237.289431
v 222.267078 -83.498376 234.199820
v 217.478860 -104.864833 230.064216
v 211.719774 -125.762938 224.901089
v 205.015544 -146.099355 218.733500
v 197.396111 -165.783257 211.588993
v 188.895505 -184.726730 203.499478
v 179.551693 -202.845170 194.501086
v 169.406406 -220.057653 184.634004
v 158.504956 -236.287306 173.942302
v 146.896030 -251.461642 162.473732
v 134.631478 -265.512889 150.279514
v 121.766076 -278.378291 137.414112
v 108.357283 -290.000389 123.934985
v 94.464987 -300.327274 109.902334
v 80.151235 -309.312825 95.378833
v 65.479953 -316.916909 80.429346
v 50.516670 -323.105566 65.120643
v 35.328213 -327.851155 49.521095
v 19.982418 -331.132480 33.700374
v 4.547824 -332.934888 17.729139
v -10.906636 -333.250328 1.678721
v -26.311937 -332.077391 -14.379195
v -41.599276 -329.421316 -30.372889
v -56.700376 -325.293965 -46.230931
v -71.547791 -319.713772 -61.882494
v -86.075210 -312.705661 -77.257675
v -100.217750 -304.300929 -92.287805
v -113.912247 -294.537116 -106.905754
v -127.097537 -283.457829 -121.046237
v -139.714732 -271.112550 -134.646098
v -151.707480 -257.556416 -147.644596
v -163.022219 -242.849973 -159.983678
v -173.608415 -227.058904 -171.608234
v -183.418787 -210.253734 -182.466347
v 199.649783 173.986681 202.702404
v 205.798808 154.686776 211.989970
v 211.029132 134.696002 220.330737
v 215.317396 114.103643 227.687454
v 218.644446 93.001670 234.027263
v 220.995424 71.484328 239.321850
v 222.359830 49.647720 243.547567
v 222.731569 27.589374 246.685542
v 222.108981 5.407806 248.721759
v 220.494847 -16.797914 249.647124
v 217.896377 -38.928610 249.457505
v 214.325175 -60.885442 248.153748
v 209.797191 -82.570345 245.741676
v 204.332649 -103.886469 242.232062
v 197.955954 -124.738610 237.640581
v 190.695587 -145.033638 231.987740
v 182.583973 -164.680911 225.298785
v 173.657342 -183.592679 217.603591
v 163.955561 -201.684478 208.936526
v 153.521962 -218.875505 199.336300
v 142.403143 -235.088980 188.845790
v 130.648763 -250.252491 177.511848
v 118.311322 -264.298314 165.385096
v 105.445919 -277.163716 152.519694
v 92.110016 -288.791238 138.973101
v 78.363175 -299.128948 124.805821
v 64.266790 -308.130676 110.081128
v 49.883822 -315.756217 94.864786
v 35.278506 -321.971515 79.224755
v 20.516075 -326.748809 63.230887
v 5.662461 -330.066764 46.954614
v -9.215996 -331.910560 30.468631
v -24.052846 -332.271964 13.846567
v -38.781824 -331.149360 -2.837339
v -53.337146 -328.547763 -19.508572
v -67.653804 -324.478792 -36.092676
v -81.667858 -318.960619 -52.515581
v -95.316716 -312.017891 -68.703938
v -108.539421 -303.681616 -84.585448
v -121.276915 -293.989024 -100.089178
v -133.472311 -282.983407 -115.145885
v -145.071140 -270.713916 -129.688323
v -156.021599 -257.235352 -143.651541
v -166.274782 -242.607912 -156.973177
v -175.784895 -226.896926 -169.593733
v -184.509462 -210.172564 -181.456841
v 198.525744 174.148659 203.664465
v 203.555750 155.010007 213.909796
v 207.677074 135.179044 223.199753
v 210.871308 114.744338 231.492846
v 213.124186 93.797156 238.752036
v 214.425647 72.431053 244.944902
v 214.769877 50.741456 250.043784
v 214.155340 28.825235 254.025910
v 212.584779 6.780273 256.873494
v 210.065210 -15.294971 258.573819
v 206.607885 -37.301904 259.119291
v 202.228246 -59.142238 258.507473
v 196.945853 -80.718428 256.741097
v 190.784298 -101.934109 253.828054
v 183.771102 -122.694529 249.781353
v 175.937585 -142.906965 244.619068
v 167.318735 -162.481143 238.364255
v 157.953046 -181.329642 231.044849
v 147.882347 -199.368278 222.693541
v 137.151616 -216.516487 213.347629
v 125.808779 -232.697681 203.048855
v 113.904496 -247.839591 191.843215
v 101.491935 -261.874589 179.780758
v 88.626532 -274.739991 166.915355
v 75.365749 -286.378338 153.304468
v 61.768810 -296.737650 139.008887
v 47.896444 -305.771659 124.092457
v 33.810607 -313.440018 108.621801
v 19.574211 -319.708477 92.666014
v 5.250838 -324.549041 76.296357
v -9.095540 -327.940090 59.585942
v -23.400849 -329.866479 42.609403
v -37.601197 -330.319605 25.442559
v -51.633162 -329.297443 8.162082
v -65.434075 -326.804558 -9.154848
v -78.942296 -322.852085 -26.430890
v -92.097495 -317.457676 -43.588886
v -104.840918 -310.645424 -60.552203
v -117.115650 -302.445755 -77.245080
v -128.866867 -292.895289 -93.592961
v -140.042088 -282.036681 -109.522833
v -150.591400 -269.918430 -124.963550
v -160.467687 -256.594657 -139.846149
v -169.626840 -242.124870 -154.104161
v -178.027952 -226.573695 -167.673907
v -185.633501 -210.010586 -180.494780
v 197.373361 174.390720 204.574786
v 201.256133 155.493049 215.726371
v 204.240492 135.900909 225.914471
v 206.313110 115.701802 235.093581
v 207.464730 94.985943 243.222706
v 207.690209 73.845853 250.265540
v 206.988540 52.375950 256.190627
v 205.362856 30.672123 260.971504
v 202.820419 8.831308 264.586820
v 199.372583 -13.048951 267.020426
v 195.034747 -34.870930 268.261455
v 189.826285 -56.537167 268.304362
v 183.770460 -77.950895 267.148957
v 176.894318 -99.016475 264.800401
v 169.228569 -119.639824 261.269181
v 160.807452 -139.728833 256.571069
v 151.668575 -159.193778 250.727049
v 141.852757 -177.947726 243.763222
v 131.403837 -195.906915 235.710688
v 120.368481 -212.991137 226.605413
v 108.795978 -229.124089 216.488064
v 96.738012 -244.233717 205.403826
v 84.248437 -258.252538 193.402205
v 71.383034 -271.117940 180.536802
v 58.199264 -282.772464 166.865079
v 44.756009 -293.164057 152.448095
v 31.113310 -302.246309 137.350242
v 17.332097 -309.978655 121.638948
v 3.473922 -316.326561 105.384386
v -10.399322 -321.261676 88.659152
v -24.225674 -324.761958 71.537944
v -37.943381 -326.811775 54.097230
v -51.491178 -327.401971 36.414905
v -64.808555 -326.529910 18.569942
v -77.836035 -324.199487 0.642042
v -90.515434 -320.421111 -17.288726
v -102.790123 -315.211656 -35.142279
v -114.605279 -308.594390 -52.838878
v -125.908133 -300.598866 -70.299485
v -136.648205 -291.260794 -87.446118
v -146.777526 -280.621882 -104.202195
v -156.250856 -268.729643 -120.492880
v -165.025885 -255.637193 -136.245414
v -173.063422 -241.403005 -151.389444
v -180.327570 -226.090653 -165.857331
v -186.785883 -209.768525 -179.584459
v 196.197783 174.711785 205.429300
v 198.910226 156.133744 217.431583
v 200.734734 136.858373 228.462764
v 201.663159 116.971759 238.473575
v 201.691353 96.562720 247.419305
v 200.819192 75.722409 255.260001
v 199.050570 54.543903 261.960643
v 196.393387 33.121791 267.491305
v 192.859510 11.551749 271.827287
v 188.464722 -10.069885 274.949221
v 183.228651 -31.646546 276.843166
v 177.174684 -53.081865 277.500662
v 170.329857 -74.280108 276.918773
v 162.724743 -95.146597 275.100097
v 154.393308 -115.588139 272.052757
v 145.372761 -135.513436 267.790364
v 135.703391 -154.833498 262.331954
v 125.428383 -173.462035 255.701905
v 114.593628 -191.315849 247.929830
v 103.247516 -208.315199 239.050440
v 91.440723 -224.384164 229.103393
v 79.225980 -239.450974 218.133115
v 66.657841 -253.448338 206.188601
v 53.792439 -266.313741 193.323198
v 40.687233 -277.989721 179.594368
v 27.400755 -288.424132 165.063425
v 13.992345 -297.570371 149.795269
v 0.521888 -305.387588 133.858091
v -12.950453 -311.840870 117.323070
v -26.364507 -316.901395 100.264056
v -39.660365 -320.546562 82.757238
v -52.778643 -322.760090 64.880806
v -65.660752 -323.532093 46.714601
v -78.249158 -322.859123 28.339758
v -90.487637 -320.744185 9.838341
v -102.321530 -317.196727 -8.707015
v -113.697983 -312.232591 -27.213484
v -124.566188 -305.873948 -45.598411
v -134.877602 -298.149198 -63.779684
v -144.586174 -289.092841 -81.676102
v -153.648543 -278.745326 -99.207734
v -162.024233 -267.152866 -116.296281
v -169.675836 -254.367236 -132.865420
v -176.569180 -240.445541 -148.841150
v -182.673477 -225.449958 -164.152119
v -187.961462 -209.447460 -178.729945
v 195.004258 175.110418 206.224191
v 196.528507 156.929231 219.017816
v 197.175458 138.047159 230.833254
v 196.942223 118.548536 241.617734
v 195.829842 98.520446 251.323091
v 193.843284 78.052340 259.905978
v 190.991422 57.235633 267.328062
v 187.286992 36.163298 273.556194
v 182.746540 14.929449 278.562557
v 177.390344 -6.371079 282.324793
v 171.242327 -27.643152 284.826097
v 164.329946 -48.791764 286.055299
v 156.684074 -69.722460 286.006908
v 148.338860 -90.341759 284.681142
v 139.331575 -110.557569 282.083920
v 129.702448 -130.279603 278.226843
v 119.494485 -149.419776 273.127137
v 108.753278 -167.892604 266.807579
v 97.526798 -185.615583 259.296394
v 85.865187 -202.509558 250.627128
v 73.820528 -218.499075 240.838500
v 61.446614 -233.512723 229.974230
v 48.798712 -247.483447 218.082838
v 35.933310 -260.348849 205.217436
v 22.907867 -272.051470 191.435483
v 9.780559 -282.539044 176.798532
v -3.389985 -291.764729 161.371956
v -16.544941 -299.687322 145.224654
v -29.625558 -306.271439 128.428744
v -42.573412 -311.487673 111.059239
v -55.330677 -315.312728 93.193717
v -67.840375 -317.729520 74.911969
v -80.046635 -318.727254 56.295646
v -91.894941 -318.301475 37.427893
v -103.332375 -316.454085 18.392978
v -114.307854 -313.193333 -0.724084
v -124.772361 -308.533784 -19.837913
v -134.679157 -302.496249 -38.863140
v -143.983997 -295.107692 -57.714796
v -152.645322 -286.401112 -76.308683
v -160.624450 -276.415395 -94.561757
v -167.885744 -265.195140 -112.392495
v -174.396772 -252.790459 -129.721261
v -180.128456 -239.256755 -146.470660
v -185.055195 -224.654472 -162.565886
v -189.154987 -209.048827 -177.935054
v 193.798118 175.584840 206.955910
v 194.121613 157.875956 220.477984
v 193.578561 139.461959 233.015351
v 192.171386 120.425092 244.512014
v 189.906375 100.850377 254.916628
v 186.793641 80.825239 264.182722
v 182.847089 60.439117 272.268911
v 178.084344 39.783058 279.139082
v 172.526677 18.949319 284.762550
v 166.198911 -1.969052 289.114199
v 159.129307 -22.878629 292.174594
v 151.349440 -43.686025 293.930066
v 142.894056 -64.298308 294.372775
v 133.800918 -84.623419 293.500744
v 124.110641 -104.570582 291.317867
v 113.866501 -124.050707 287.833894
v 103.114253 -142.976791 283.064385
v 91.901918 -161.264307 277.030642
v 80.279573 -178.831577 269.759613
v 68.299127 -195.600141 261.283771
v 56.014087 -211.495108 251.640973
v 43.479322 -226.445487 240.874286
v 30.750813 -240.384504 229.031795
v 17.885411 -253.249907 216.166392
v 4.940575 -264.984234 202.335539
v -8.025881 -275.535076 187.601005
v -20.956044 -284.855313 172.028600
v -33.792166 -292.903316 155.687873
v -46.476917 -299.643142 138.651807
v -58.953645 -305.044689 120.996487
v -71.166624 -309.083833 102.800769
v -83.061310 -311.742533 84.145917
v -94.584577 -313.008915 65.115249
v -105.684959 -312.877323 45.793760
v -116.312881 -311.348345 26.267745
v -126.420874 -308.428810 6.624412
v -135.963794 -304.131757 -13.048507
v -144.899020 -298.476378 -32.663148
v -153.186646 -291.487931 -52.131907
v -160.789656 -283.197628 -71.367833
v -167.674093 -273.642495 -90.285013
v -173.809211 -262.865209 -108.798958
v -179.167609 -250.913903 -126.826981
v -183.725353 -237.841955 -144.288563
v -187.462089 -223.707746 -161.105718
v -190.361127 -208.574405 -177.203335
v 190.158010 177.440014 208.740843
v 186.857656 161.578019 224.039878
v 182.723196 144.994377 238.338298
v 177.773097 127.763155 251.572240
v 172.029467 109.961312 263.682600
v 165.517958 91.668354 274.615290
v 158.267652 72.965984 284.321481
v 150.310931 53.937730 292.757823
v 141.683332 34.668577 299.886637
v 132.423387 15.244585 305.676085
v 122.572454 -4.247492 310.100310
v 112.174529 -23.720599 313.139551
v 101.276052 -43.087765 314.780235
v 89.925698 -62.262489 315.015034
v 78.174161 -81.159135 313.842900
v 66.073926 -99.693304 311.269066
v 53.679035 -117.782218 307.305030
v 41.044847 -135.345089 301.968495
v 28.227789 -152.303475 295.283295
v 15.285106 -168.581637 287.279288
v 2.274603 -184.106873 277.992223
v -10.745613 -198.809843 267.463576
v -23.717389 -212.624879 255.740372
v -36.582792 -225.490282 242.874970
v -49.284360 -237.348590 228.924829
v -61.765365 -248.146841 213.952254
v -73.970065 -257.836809 198.024117
v -85.843950 -266.375215 181.211556
v -97.333988 -273.723924 163.589659
v -108.388863 -279.850116 145.237132
v -118.959200 -284.726429 126.235941
v -128.997790 -288.331085 106.670949
v -138.459797 -290.647985 86.629539
v -147.302963 -291.666780 66.201220
v -155.487792 -291.382920 45.477231
v -162.977727 -289.797673 24.550129
v -169.739318 -286.918120 3.513380
v -175.742365 -282.757121 -17.539060
v -180.960058 -277.333259 -38.513167
v -185.369092 -270.670761 -59.315264
v -188.949777 -262.799380 -79.852445
v -191.686119 -253.754274 -100.032986
v -193.565898 -243.575840 -119.766755
v -194.580718 -232.309537 -138.965616
v -194.726046 -220.005683 -157.543824
v -194.001235 -206.719230 -175.418402
v 188.955479 178.193168 209.190221
v 184.457964 163.080962 224.936627
v 179.137061 147.240397 239.678413
v 173.016536 130.742221 253.349736
v 166.123723 113.660118 265.889538
v 158.489408 96.070381 277.241812
v 150.147688 78.051571 287.355858
v 141.135818 59.684164 296.186502
v 131.494048 41.050193 303.694306
v 121.265440 22.232881 309.845737
v 110.495678 3.316272 314.613321
v 99.232862 -15.615148 317.975767
v 87.527295 -34.476827 319.918055
v 75.431256 -53.184524 320.431512
v 62.998769 -71.654687 319.513843
v 50.285361 -89.804822 317.169149
v 37.347814 -107.553867 313.407900
v 24.243908 -124.822550 308.246895
v 11.032170 -141.533745 301.709184
v -2.228394 -157.612817 293.823968
v -15.478558 -172.987951 284.626462
v -28.659145 -187.590479 274.157745
v -41.711287 -201.355182 262.464573
v -54.576689 -214.220585 249.599171
v -67.197892 -226.129226 235.618998
v -79.518527 -237.027919 220.586493
v -91.483565 -246.867988 204.568796
v -103.039569 -255.605485 187.637445
v -114.134927 -263.201385 169.868059
v -124.720084 -269.621764 151.340002
v -134.747764 -274.837947 132.136023
v -144.173181 -278.826637 112.341893
v -152.954240 -281.570020 92.046016
v -161.051720 -283.055842 71.339040
v -168.429458 -283.277469 50.313446
v -175.054503 -282.233909 29.063140
v -180.897265 -279.929824 7.683031
v -185.931649 -276.375505 -13.731392
v -190.135171 -271.586825 -35.084487
v -193.489057 -265.585173 -56.280887
v -195.978326 -258.397353 -77.225922
v -197.591863 -250.055468 -97.826048
v -198.322459 -240.596774 -117.989259
v -198.166853 -230.063517 -137.625501
v -197.125738 -218.502740 -156.647075
v -195.203766 -205.966077 -174.969024
v 187.767347 179.008341 209.563179
v 182.087007 164.707668 225.680878
v 175.593869 149.671371 240.790631
v 168.316933 133.966605 254.824955
v 160.288698 117.663512 267.721169
v 151.545023 100.834904 279.421675
v 142.124957 83.555944 289.874216
v 132.070573 65.903802 299.032109
v 121.426776 47.957319 306.854451
v 110.241105 29.796646 313.306308
v 98.563516 11.502894 318.358862
v 86.446166 -6.842233 321.989548
v 73.943173 -25.156801 324.182150
v 61.110378 -43.359012 324.926877
v 48.005096 -61.367571 324.220401
v 34.685859 -79.102048 322.065878
v 21.212152 -96.483236 318.472931
v 7.644154 -113.433507 313.457606
v -5.957539 -129.877155 307.042303
v -19.532177 -145.740741 299.255676
v -33.019133 -160.953414 290.132499
v -46.358171 -175.447229 279.713521
v -59.489715 -189.157454 268.045273
v -72.355118 -202.022857 255.179871
v -84.896918 -213.985976 241.174773
v -97.059101 -224.993382 226.092531
v -108.787348 -234.995913 210.000504
v -120.029278 -243.948895 192.970564
v -130.734682 -251.812342 175.078771
v -140.855746 -258.551134 156.405033
v -150.347267 -264.135174 137.032752
v -159.166854 -268.539522 117.048450
v -167.275117 -271.744507 96.541381
v -174.635842 -273.735816 75.603135
v -181.216154 -274.504554 54.327227
v -186.986665 -274.047287 32.808680
v -191.921600 -272.366060 11.143602
v -195.998921 -269.468379 -10.571246
v -199.200417 -265.367187 -32.238880
v -201.511788 -260.080801 -53.762528
v -202.922712 -253.632830 -75.046060
v -203.426888 -246.052074 -95.994417
v -203.022063 -237.372390 -116.514040
v -201.710045 -227.632543 -136.513283
v -199.496695 -216.876034 -155.902825
v -196.391898 -205.150904 -174.596066
v 186.598922 179.881894 209.858051
v 179.755375 166.450873 226.269305
v 172.109444 152.276442 241.669986
v 163.695276 137.421907 255.991309
v 154.550453 121.953612 269.169314
v 144.715816 105.940644 281.145143
v 134.235290 89.454518 291.865309
v 123.155683 72.568867 301.281934
v 111.526480 55.359106 309.352961
v 99.399618 37.902097 316.042342
v 86.829261 20.275808 321.320202
v 73.871550 2.558963 325.162968
v 60.584357 -15.169311 327.553476
v 47.027026 -32.829835 328.481052
v 33.260108 -50.343733 327.941551
v 19.345089 -67.632784 325.937384
v 5.344116 -84.619771 322.477502
v -8.680278 -101.228825 317.577356
v -22.665457 -117.385767 311.258833
v -36.548960 -133.018435 303.550153
v -50.268781 -148.057010 294.485743
v -63.763641 -162.434327 284.106089
v -76.973272 -176.086173 272.457548
v -89.838674 -188.951576 259.592146
v -102.302388 -200.973074 245.567342
v -114.308749 -212.096979 230.445775
v -125.804132 -222.273606 214.294981
v -136.737197 -231.457506 197.187094
v -147.059113 -239.607660 179.198521
v -156.723782 -246.687669 160.409604
v -165.688037 -252.665910 140.904259
v -173.911843 -257.515684 120.769601
v -181.358469 -261.215330 100.095557
v -187.994658 -263.748326 78.974461
v -193.790771 -265.103357 57.500647
v -198.720920 -265.274373 35.770021
v -202.763087 -264.260608 13.879637
v -205.899218 -262.066592 -8.072736
v -208.115306 -258.702123 -29.989055
v -209.401455 -254.182227 -51.771436
v -209.751919 -248.527091 -73.322592
v -209.165133 -241.761974 -94.546272
v -207.643719 -233.917088 -115.347686
v -205.194470 -225.027472 -135.633929
v -201.828327 -215.132829 -155.314397
v -197.560323 -204.277350 -174.301194
v 185.455422 180.809926 210.073520
v 177.473481 168.302791 226.699281
v 168.699348 155.043974 242.312549
v 159.172209 141.092694 256.843589
v 148.934615 126.511260 270.227504
v 138.032290 111.364796 282.404517
v 126.513925 95.720949 293.320243
v 114.430965 79.649589 302.925929
v 101.837376 63.222495 311.178675
v 88.789402 46.513034 318.041621
v 75.345320 29.595835 323.484117
v 61.565174 12.546453 327.481853
v 47.510510 -4.558964 330.016976
v 33.244099 -21.644020 331.078164
v 18.829658 -38.632408 330.660676
v 4.331567 -55.448255 328.766376
v -10.185424 -72.016456 325.403727
v -24.656478 -88.263014 320.587745
v -39.016964 -104.115368 314.339941
v -53.202743 -119.502718 306.688218
v -67.150460 -134.356340 297.666752
v -80.797819 -148.609893 287.315833
v -94.083870 -162.199719 275.681692
v -106.949272 -175.065121 262.816290
v -119.336566 -187.148640 248.777086
v -131.190428 -198.396308 233.626783
v -142.457915 -208.757889 217.433047
v -153.088703 -218.187108 200.268202
v -163.035314 -226.641849 182.208910
v -172.253322 -234.084354 163.335829
v -180.701559 -240.481380 143.733251
v -188.342292 -245.804359 123.488725
v -195.141396 -250.029515 102.692668
v -201.068505 -253.137979 81.437961
v -206.097146 -255.115867 59.819533
v -210.204861 -255.954346 37.933936
v -213.373303 -255.649671 15.878916
v -215.588322 -254.203202 -6.247022
v -216.840024 -251.621400 -28.345060
v -217.122819 -247.915796 -50.316502
v -216.435445 -243.102939 -72.063218
v -214.780971 -237.204326 -93.488082
v -212.166786 -230.246301 -114.495406
v -208.604566 -222.259940 -134.991366
v -204.110221 -213.280912 -154.884421
v -198.703823 -203.349319 -174.085725
v 184.341953 181.788290 210.208624
v 175.251517 170.255150 226.968886
v 165.378812 157.961609 242.715450
v 154.767932 144.962573 257.377988
v 143.466267 131.316098 270.891013
v 131.524294 117.083135 283.194174
v 118.995348 102.327250 294.232520
v 105.935386 87.114346 303.956752
v 92.402738 71.512368 312.323440
v 78.457843 55.590999 319.295215
v 64.162983 39.421347 324.840941
v 49.582003 23.075630 328.935848
v 34.780023 6.626851 331.561648
v 19.823155 -9.851524 332.706613
v 4.778198 -26.285901 332.365629
v -10.287653 -42.602878 330.540220
v -25.307110 -58.729581 327.238538
v -40.213093 -74.593982 322.475329
v -54.939028 -90.125229 316.271867
v -69.419145 -105.253955 308.655858
v -83.588773 -119.912592 299.661317
v -97.384627 -134.035669 289.328416
v -110.745090 -147.560111 277.703304
v -123.610492 -160.425513 264.837902
v -135.923374 -172.574416 250.789669
v -147.628741 -183.952560 235.621349
v -158.674317 -194.509127 219.400687
v -169.010768 -204.196969 202.200127
v -178.591929 -212.972818 184.096493
v -187.375008 -220.797478 165.170640
v -195.320779 -227.636004 145.507094
v -202.393753 -233.457851 125.193678
v -208.562341 -238.237020 104.321117
v -213.798992 -241.952164 82.982633
v -218.080318 -244.586690 61.273527
v -221.387198 -246.128834 39.290760
v -223.704862 -246.571706 17.132510
v -225.022960 -245.913329 -5.102257
v -225.335603 -244.156643 -27.314237
v -224.641397 -241.309495 -49.404225
v -222.943441 -237.384600 -71.273561
v -220.249319 -232.399488 -92.824573
v -216.571063 -226.376423 -113.961007
v -211.925102 -219.342306 -134.588464
v -206.332185 -211.328553 -154.614816
v -199.817292 -202.370955 -173.950621
v 183.263489 182.812618 210.262760
v 173.099407 172.299231 227.076916
v 162.162667 161.016313 242.876891
v 150.502115 149.014258 257.592120
v 138.169832 136.346668 271.156879
v 125.220894 123.070122 283.510586
v 111.713137 109.243914 294.598065
v 97.706888 94.929797 304.369799
v 83.264704 80.191700 312.782143
v 68.451085 65.095447 319.797525
v 53.332194 49.708463 325.384615
v 37.975555 34.099468 329.518458
v 22.449755 18.338177 332.180591
v 6.824135 2.494983 333.359125
v -8.831517 -13.359354 333.048797
v -24.447278 -29.154025 331.250991
v -39.953405 -44.818487 327.973739
v -55.280644 -60.282779 323.231676
v -70.360539 -75.477833 317.045982
v -85.125740 -90.335785 309.444283
v -99.510303 -104.790276 300.460531
v -113.449982 -118.776748 290.134850
v -126.882519 -132.232733 278.513356
v -139.747921 -145.098136 265.647954
v -151.988729 -157.315495 251.596103
v -163.550271 -168.830244 236.420563
v -174.380912 -179.590957 220.189112
v -184.432278 -189.549573 202.974242
v -193.659479 -198.661615 184.852840
v -202.021303 -206.886385 165.905841
v -209.480403 -214.187151 146.217866
v -216.003467 -220.531305 125.876846
v -221.561361 -225.890512 104.973630
v -226.129260 -230.240838 83.601576
v -229.686765 -233.562853 61.856137
v -232.217987 -235.841718 39.834434
v -233.711620 -237.067258 17.634820
v -234.160994 -237.233997 -4.643555
v -233.564101 -236.341192 -26.901191
v -231.923608 -234.392830 -49.038679
v -229.246840 -231.397613 -70.957149
v -225.545754 -227.368917 -92.558707
v -220.836880 -222.324737 -113.746875
v -215.141248 -216.287601 -134.427023
v -208.484296 -209.284472 -154.506786
v -200.895755 -201.346627 -173.896485
v 182.224847 183.878334 210.235686
v 171.026761 174.425904 227.022888
v 159.065275 164.194445 242.796151
v 146.393811 153.229654 257.485027
v 133.068964 141.580502 271.023913
v 119.150244 129.299017 283.352340
v 104.699818 116.440052 294.415247
v 89.782223 103.061037 304.163224
v 74.464086 89.221726 312.552734
v 58.813820 74.983929 319.546308
v 42.901325 60.411236 325.112710
v 26.797668 45.568732 329.227081
v 10.574773 30.522707 331.871043
v -5.694904 15.340359 333.032788
v -21.938701 0.089498 332.707128
v -38.084067 -15.161762 330.895517
v -54.058894 -30.345307 327.606047
v -69.791834 -45.393322 322.853408
v -85.212620 -60.238599 316.658828
v -100.252379 -74.814836 309.049973
v -114.843940 -89.056932 300.060825
v -128.922134 -102.901278 289.731533
v -142.424083 -116.286043 278.108230
v -155.289486 -129.151445 265.242827
v -167.460881 -141.440026 251.192786
v -178.883909 -153.096901 236.020857
v -189.507551 -164.070008 219.794801
v -199.284359 -174.310339 202.587089
v -208.170669 -183.772157 184.474573
v -216.126791 -192.413204 165.538149
v -223.117192 -200.194888 145.862392
v -229.110651 -207.082452 125.535177
v -234.080400 -213.045136 104.647293
v -238.004242 -218.056308 83.292027
v -240.864652 -222.093589 61.564760
v -242.648856 -225.138945 39.562529
v -243.348885 -227.178776 17.383603
v -242.961612 -228.203971 -4.872963
v -241.488766 -228.209953 -27.107765
v -238.936927 -227.196693 -49.221497
v -235.317490 -225.168717 -71.115394
v -230.646622 -222.135084 -92.691673
v -224.945184 -218.109341 -113.853968
v -218.238639 -213.109469 -134.507763
v -210.556941 -207.157798 -154.560814
v -201.934398 -200.280910 -173.923559
v 181.230666 184.980680 210.127522
v 169.042838 176.625672 226.807043
v 156.100471 167.481811 242.473589
v 142.461368 157.589935 257.057189
v 128.186445 146.994224 270.492710
v 113.339456 135.742002 282.720144
v 97.986713 123.883522 293.684882
v 82.196784 111.471749 303.337951
v 66.040190 98.562116 311.636240
v 49.589092 85.212281 318.542685
v 32.916963 71.481867 324.026442
v 16.098266 57.432197 328.063018
v -0.791883 43.126022 330.634384
v -17.678049 28.627235 331.729058
v -34.484814 14.000592 331.342149
v -51.137115 -0.688581 329.475385
v -67.560578 -15.374679 326.137104
v -83.681853 -29.992110 321.342216
v -99.428938 -44.475589 315.112136
v -114.731502 -58.760428 307.474688
v -129.521201 -72.782830 298.463983
v -143.731980 -86.480166 288.120266
v -157.300371 -99.791260 276.489734
v -170.165773 -112.656662 263.624332
v -182.270727 -125.018913 249.581519
v -193.561169 -136.822798 234.424015
v -203.986674 -148.015600 218.219516
v -213.500677 -158.547328 201.040396
v -222.060688 -168.370945 182.963381
v -229.628476 -177.442577 164.069206
v -236.170241 -185.721707 144.442259
v -241.656765 -193.171359 124.170198
v -246.063545 -199.758261 103.343562
v -249.370899 -205.452993 82.055369
v -251.564055 -210.230123 60.400697
v -252.633218 -214.068314 38.476261
v -252.573614 -216.950424 16.379980
v -251.385507 -218.863581 -5.789458
v -249.074206 -219.799240 -27.933038
v -245.650032 -219.753222 -49.951863
v -241.128278 -218.725733 -71.747591
v -235.529141 -216.721362 -93.222876
v -228.877627 -213.749060 -114.281806
v -221.203443 -209.822104 -134.830325
v -212.540864 -204.958030 -154.776659
v -202.928579 -199.178565 -174.031723
v 180.285385 186.114731 209.938751
v 167.156499 178.888709 226.430346
v 153.281497 170.863727 241.910647
v 138.722350 162.075626 256.310517
v 123.544082 152.563655 269.565641
v 107.814483 142.370299 281.616821
v 91.603805 131.541082 292.410231
v 74.984448 120.124370 301.897666
v 58.030640 108.171154 310.036752
v 40.818099 95.734820 316.791140
v 23.423701 82.870910 322.130661
v 5.925134 69.636879 326.031468
v -11.599450 56.091832 328.476140
v -29.071781 42.296266 329.453758
v -46.413824 28.311795 328.959955
v -63.548125 14.200876 326.996937
v -80.398157 0.026533 323.573471
v -96.888666 -14.147929 318.704848
v -112.945999 -28.259203 312.412812
v -128.498442 -42.244264 304.725464
v -143.476533 -56.040653 295.677138
v -157.813376 -69.586750 285.308246
v -171.444940 -82.822056 273.665099
v -184.310342 -95.687458 260.799696
v -196.352123 -108.125497 246.769499
v -207.516501 -120.080621 231.637170
v -217.753613 -131.499436 215.470292
v -227.017739 -142.330943 198.341072
v -235.267501 -152.526765 180.326013
v -242.466055 -162.041365 161.505574
v -248.581250 -170.832250 141.963811
v -253.585774 -178.860156 121.788004
v -257.457276 -186.089229 101.068262
v -260.178465 -192.487183 79.897125
v -261.737187 -198.025442 58.369148
v -262.126480 -202.679271 36.580480
v -261.344607 -206.427886 14.628434
v -259.395058 -209.254543 -7.388945
v -256.286541 -211.146619 -29.373324
v -252.032940 -212.095663 -51.226514
v -246.653252 -212.097436 -72.850914
v -240.171504 -211.151931 -94.149945
v -232.616645 -209.263370 -115.028478
v -224.022417 -206.440187 -135.393267
v -214.427204 -202.694993 -155.153357
v -203.873860 -198.044514 -174.220494
v 179.393227 187.275423 209.670218
v 165.376166 181.204909 225.894478
v 150.620943 174.325090 241.109839
v 135.193456 166.666692 255.248344
v 119.162609 158.263921 268.246848
v 102.600000 149.154305 280.047297
v 85.579601 139.378529 290.596987
v 68.177429 128.980255 299.848800
v 50.471207 118.005924 307.761416
v 32.540015 106.504549 314.299494
v 14.463938 94.527500 319.433834
v -3.676293 82.128268 323.141506
v -21.799657 69.362231 325.405949
v -39.825212 56.286405 326.217050
v -57.672451 42.959191 325.571186
v -75.261665 29.440110 323.471243
v -92.514295 15.789543 319.926598
v -109.353287 2.068456 314.953084
v -125.703434 -11.661869 308.572912
v -141.491712 -25.340110 300.814579
v -156.647608 -38.905175 291.712736
v -171.103431 -52.296481 281.308032
v -184.794617 -65.454218 269.646938
v -197.660020 -78.319620 256.781536
v -209.642178 -90.835228 242.769285
v -220.687576 -102.945144 227.672767
v -230.746884 -114.595281 211.559408
v -239.775173 -125.733609 194.501173
v -247.732122 -136.310379 176.574248
v -254.582192 -146.278355 157.858700
v -260.294790 -155.593015 138.438117
v -264.844402 -164.212760 118.399235
v -268.210707 -172.099090 97.831554
v -270.378672 -179.216784 76.826934
v -271.338613 -185.534053 55.479185
v -271.086244 -191.022681 33.883653
v -269.622691 -195.658156 12.136789
v -266.954490 -199.419774 -9.664282
v -263.093560 -202.290734 -31.422189
v -258.057144 -204.258216 -53.039758
v -251.867735 -205.313430 -74.420437
v -244.552976 -205.451665 -95.468737
v -236.145539 -204.672303 -116.090651
v -226.682971 -202.978824 -136.194076
v -216.207536 -200.378793 -155.689224
v -204.766018 -196.883822 -174.489027
v 178.558175 188.457572 209.323120
v 163.709794 183.563926 225.201834
v 148.130691 177.850440 240.074740
v 131.890447 171.342630 253.875415
v 115.061595 164.069563 266.542221
v 97.719297 156.063721 278.018584
v 79.941007 147.360860 288.253249
v 61.806128 137.999851 297.200505
v 43.395654 128.022500 304.820392
v 24.791812 117.473370 311.078876
v 6.077690 106.399575 315.948007
v -12.663130 94.850574 319.406037
v -31.346947 82.877948 321.437522
v -49.890314 70.535168 322.033390
v -68.210412 57.877361 321.190978
v -86.225420 44.961059 318.914049
v -103.854877 31.843951 315.212772
v -121.020046 18.584620 310.103679
v -137.644264 5.242285 303.609588
v -153.653282 -8.123462 295.759502
v -168.975601 -21.452929 286.588483
v -183.542787 -34.686581 276.137489
v -197.289780 -47.765315 264.453199
v -210.155183 -60.630718 251.587797
v -222.081534 -73.225328 237.598742
v -233.015569 -85.492897 222.548514
v -242.908454 -97.378634 206.504330
v -251.716003 -108.829454 189.537848
v -259.398881 -119.794215 171.724844
v -265.922774 -130.223947 153.144874
v -271.258545 -140.072066 133.880923
v -275.382363 -149.294590 114.019027
v -278.275810 -157.850328 93.647894
v -279.925962 -165.701068 72.858507
v -280.325451 -172.811746 51.743716
v -279.472492 -179.150606 30.397826
v -277.370893 -184.689335 8.916171
v -274.030043 -189.403197 -12.605306
v -269.464861 -193.271139 -34.070484
v -263.695738 -196.275884 -55.383495
v -256.748438 -198.404014 -76.449150
v -248.653991 -199.646023 -97.173365
v -239.448548 -199.996365 -117.463580
v -229.173223 -199.453474 -137.229174
v -217.873909 -198.019776 -156.381869
v -205.601070 -195.701673 -174.836124
v 177.783961 189.655897 208.899009
v 162.164822 185.955225 224.355506
v 145.821863 181.424032 238.809976
v 128.828075 176.082555 252.197863
v 111.259355 169.954651 264.459372
v 93.194172 163.067688 275.539743
v 74.713206 155.452425 285.389485
v 55.899001 147.142874 293.964609
v 36.835583 138.176147 301.226816
v 17.608095 128.592292 307.143671
v -1.697588 118.434113 311.688747
v -20.995243 107.746978 314.841746
v -40.198681 96.578618 316.588585
v -59.222135 84.978916 316.921463
v -77.980643 72.999676 315.838892
v -96.390423 60.694403 313.345709
v -114.369254 48.118054 309.453047
v -131.836837 35.326797 304.178293
v -148.715158 22.377763 297.545005
v -164.928835 9.328784 289.582808
v -180.405453 -3.761860 280.327265
v -195.075889 -16.835702 269.819712
v -208.874623 -29.834351 258.107078
v -221.740025 -42.699754 245.241676
v -233.614636 -55.374449 231.280965
v -244.445421 -67.801828 216.287296
v -254.184006 -79.926388 200.327637
v -262.786898 -91.693977 183.473265
v -270.215672 -103.052038 165.799457
v -276.437152 -113.949844 147.385149
v -281.423549 -124.338723 128.312583
v -285.152593 -134.172274 108.666942
v -287.607631 -143.406580 88.535967
v -288.777696 -152.000397 68.009570
v -288.657563 -159.915343 47.179425
v -287.247769 -167.116069 26.138566
v -284.554610 -173.570413 4.980965
v -280.590115 -179.249550 -16.198881
v -275.371989 -184.128115 -37.306380
v -268.923538 -188.184319 -58.247259
v -261.273563 -191.400047 -78.927992
v -252.456230 -193.760935 -99.256214
v -242.510920 -195.256440 -119.141133
v -231.482051 -195.879882 -138.493938
v -219.418880 -195.628477 -157.228197
v -206.375284 -194.503348 -175.260235
v 177.074041 190.865047 208.399779
v 160.748153 188.368126 223.359274
v 143.704772 185.029906 237.321193
v 126.020017 180.865298 250.223178
v 107.772872 175.892902 262.007605
v 89.044835 170.134925 272.621843
v 69.919548 163.617084 282.018485
v 50.482430 156.368490 290.155564
v 30.820292 148.421516 296.996738
v 11.020949 139.811656 302.511453
v -8.827169 130.577363 306.675078
v -28.635416 120.759879 309.469018
v -48.315324 110.403053 310.880793
v -67.778997 99.553140 310.904100
v -86.939506 88.258598 309.538834
v -105.711275 76.569872 306.791092
v -124.010466 64.539166 302.673146
v -141.755349 52.220213 297.203389
v -158.866672 39.668032 290.406250
v -175.268011 26.938683 282.312085
v -190.886114 14.089020 272.957046
v -205.651227 1.176432 262.382915
v -219.497404 -11.741410 250.636918
v -232.362807 -24.606812 237.771516
v -244.189974 -37.362315 223.844168
v -254.926082 -49.950948 208.917078
v -264.523183 -62.316488 193.056914
v -272.938412 -74.403708 176.334510
v -280.134185 -86.158622 158.824554
v -286.078364 -97.528731 140.605249
v -290.744401 -108.463254 121.757966
v -294.111457 -118.913353 102.366883
v -296.164492 -128.832356 82.518605
v -296.894339 -138.175962 62.301778
v -296.297736 -146.902441 41.806697
v -294.377350 -154.972819 21.124897
v -291.141756 -162.351049 0.348748
v -286.605406 -169.004181 -20.428959
v -280.788560 -174.902499 -41.115425
v -273.717197 -180.019660 -61.618260
v -265.422900 -184.332810 -81.845892
v -255.942714 -187.822684 -101.707981
v -245.318978 -190.473697 -121.115817
v -233.599142 -192.274008 -139.982721
v -220.835549 -193.215577 -158.224428
v -207.085204 -193.294197 -175.759466
v 176.431586 192.079622 207.827659
v 159.466113 190.791851 222.217589
v 141.788872 188.651957 235.615042
v 123.478814 185.669498 247.960181
v 104.617717 181.857793 259.197869
v 85.289818 177.233867 269.277917
v 65.581440 171.818372 278.155304
v 45.580607 165.635495 285.790382
v 25.376646 158.712849 292.149051
v 5.059794 151.081353 297.202912
v -15.279211 142.775091 300.929392
v -35.549527 133.831160 303.311848
v -55.660625 124.289508 304.339640
v -75.522682 114.192748 304.008177
v -95.046989 103.585975 302.318940
v -114.146348 92.516563 299.279473
v -132.735454 81.033949 294.903352
v -150.731285 69.189418 289.210120
v -168.053466 57.035870 282.225206
v -184.624634 44.627586 273.979805
v -200.370776 32.019984 264.510744
v -215.221567 19.269374 253.860314
v -229.110680 6.432701 242.076083
v -241.976083 -6.432701 229.210680
v -253.760314 -19.269374 215.321567
v -264.410744 -32.019984 200.470776
v -273.879805 -44.627586 184.724634
v -282.125206 -57.035870 168.153466
v -289.110120 -69.189418 150.831285
v -294.803352 -81.033949 132.835454
v -299.179473 -92.516563 114.246348
v -302.218940 -103.585975 95.146989
v -303.908177 -114.192748 75.622682
v -304.239640 -124.289508 55.760625
v -303.211848 -133.831160 35.649527
v -300.829392 -142.775091 15.379211
v -297.102912 -151.081353 -4.959794
v -292.049051 -158.712849 -25.276646
v -285.690382 -165.635495 -45.480607
v -278.055304 -171.818372 -65.481440
v -269.177917 -177.233867 -85.189818
v -259.097869 -181.857793 -104.517717
v -247.860181 -185.669498 -123.378814
v -235.515042 -188.651957 -141.688872
v -222.117589 -190.791851 -159.366113
v -207.727659 -192.079622 -176.331586
v 175.859466 193.294197 207.185204
v 158.324428 193.215577 220.935549
v 140.082721 192.274008 233.699142
v 121.215817 190.473697 245.418978
v 101.807981 187.822684 256.042714
v 81.945892 184.332810 265.522900
v 61.718260 180.019660 273.817197
v 41.215425 174.902499 280.888560
v 20.528959 169.004181 286.705406
v -0.248748 162.351049 291.241756
v -21.024897 154.972819 294.477350
v -41.706697 146.902441 296.397736
v -62.201778 138.175962 296.994339
v -82.418605 128.832356 296.264492
v -102.266883 118.913353 294.211457
v -121.657966 108.463254 290.844401
v -140.505249 97.528731 286.178364
v -158.724554 86.158622 280.234185
v -176.234510 74.403708 273.038412
v -192.956914 62.316488 264.623183
v -208.817078 49.950948 255.026082
v -223.744168 37.362315 244.289974
v -237.671516 24.606812 232.462807
v -250.536918 11.741410 219.597404
v -262.282915 -1.176432 205.751227
v -272.857046 -14.089020 190.986114
v -282.212085 -26.938683 175.368011
v -290.306250 -39.668032 158.966672
v -297.103389 -52.220213 141.855349
v -302.573146 -64.539166 124.110466
v -306.691092 -76.569872 105.811275
v -309.438834 -88.258598 87.039506
v -310.804100 -99.553140 67.878997
v -310.780793 -110.403053 48.415324
v -309.369018 -120.759879 28.735416
v -306.575078 -130.577363 8.927169
v -302.411453 -139.811656 -10.920949
v -296.896738 -148.421516 -30.720292
v -290.055564 -156.368490 -50.382430
v -281.918485 -163.617084 -69.819548
v -272.521843 -170.134925 -88.944835
v -261.907605 -175.892902 -107.672872
v -250.123178 -180.865298 -125.920017
v -237.221193 -185.029906 -143.604772
v -223.259274 -188.368126 -160.648153
v -208.299779 -190.865047 -176.974041
v 175.360235 194.503348 206.475284
v 157.328197 195.628477 219.518880
v 138.593938 195.879882 231.582051
v 119.241133 195.256440 242.610920
v 99.356214 193.760935 252.556230
v 79.027992 191.400047 261.373563
v 58.347259 188.184319 269.023538
v 37.406380 184.128115 275.471989
v 16.298881 179.249550 280.690115
v -4.880965 173.570413 284.654610
v -26.038566 167.116069 287.347769
v -47.079425 159.915343 288.757563
v -67.909570 152.000397 288.877696
v -88.435967 143.406580 287.707631
v -108.566942 134.172274 285.252593
v -128.212583 124.338723 281.523549
v -147.285149 113.949844 276.537152
v -165.699457 103.052038 270.315672
v -183.373265 91.693977 262.886898
v -200.227637 79.926388 254.284006
v -216.187296 67.801828 244.545421
v -231.180965 55.374449 233.714636
v -245.141676 42.699754 221.840025
v -258.007078 29.834351 208.974623
v -269.719712 16.835702 195.175889
v -280.227265 3.761860 180.505453
v -289.482808 -9.328784 165.028835
v -297.445005 -22.377763 148.815158
v -304.078293 -35.326797 131.936837
v -309.353047 -48.118054 114.469254
v -313.245709 -60.694403 96.490423
v -315.738892 -72.999676 78.080643
v -316.821463 -84.978916 59.322135
v -316.488585 -96.578618 40.298681
v -314.741746 -107.746978 21.095243
v -311.588747 -118.434113 1.797588
v -307.043671 -128.592292 -17.508095
v -301.126816 -138.176147 -36.735583
v -293.864609 -147.142874 -55.799001
v -285.289485 -155.452425 -74.613206
v -275.439743 -163.067688 -93.094172
v -264.359372 -169.954651 -111.159355
v -252.097863 -176.082555 -128.728075
v -238.709976 -181.424032 -145.721863
v -224.255506 -185.955225 -162.064822
v -208.799009 -189.655897 -177.683961
v 174.936124 195.701673 205.701070
v 156.481869 198.019776 217.973909
v 137.329174 199.453474 229.273223
v 117.563580 199.996365 239.548548
v 97.273365 199.646023 248.753991
v 76.549150 198.404014 256.848438
v 55.483495 196.275884 263.795738
v 34.170484 193.271139 269.564861
v 12.705306 189.403197 274.130043
v -8.816171 184.689335 277.470893
v -30.297826 179.150606 279.572492
v -51.643716 172.811746 280.425451
v -72.758507 165.701068 280.025962
v -93.547894 157.850328 278.375810
v -113.919027 149.294590 275.482363
v -133.780923 140.072066 271.358545
v -153.044874 130.223947 266.022774
v -171.624844 119.794215 259.498881
v -189.437848 108.829454 251.816003
v -206.404330 97.378634 243.008454
v -222.448514 85.492897 233.115569
v -237.498742 73.225328 222.181534
v -251.487797 60.630718 210.255183
v -264.353199 47.765315 197.389780
v -276.037489 34.686581 183.642787
v -286.488483 21.452929 169.075601
v -295.659502 8.123462 153.753282
v -303.509588 -5.242285 137.744264
v -310.003679 -18.584620 121.120046
v -315.112772 -31.843951 103.954877
v -318.814049 -44.961059 86.325420
v -321.090978 -57.877361 68.310412
v -321.933390 -70.535168 49.990314
v -321.337522 -82.877948 31.446947
v -319.306037 -94.850574 12.763130
v -315.848007 -106.399575 -5.977690
v -310.978876 -117.473370 -24.691812
v -304.720392 -128.022500 -43.295654
v -297.100505 -137.999851 -61.706128
v -288.153249 -147.360860 -79.841007
v -277.918584 -156.063721 -97.619297
v -266.442221 -164.069563 -114.961595
v -253.775415 -171.342630 -131.790447
v -239.974740 -177.850440 -148.030691
v -225.101834 -183.563926 -163.609794
v -209.223120 -188.457572 -178.458175
v 174.589027 196.883822 204.866018
v 155.789224 200.378793 216.307536
v 136.294076 202.978824 226.782971
v 116.190651 204.672303 236.245539
v 95.568737 205.451665 244.652976
v 74.520437 205.313430 251.967735
v 53.139758 204.258216 258.157144
v 31.522189 202.290734 263.193560
v 9.764282 199.419774 267.054490
v -12.036789 195.658156 269.722691
v -33.783653 191.022681 271.186244
v -55.379185 185.534053 271.438613
v -76.726934 179.216784 270.478672
v -97.731554 172.099090 268.310707
v -118.299235 164.212760 264.944402
v -138.338117 155.593015 260.394790
v -157.758700 146.278355 254.682192
v -176.474248 136.310379 247.832122
v -194.401173 125.733609 239.875173
v -211.459408 114.595281 230.846884
v -227.572767 102.945144 220.787576
v -242.669285 90.835228 209.742178
v -256.681536 78.319620 197.760020
v -269.546938 65.454218 184.894617
v -281.208032 52.296481 171.203431
v -291.612736 38.905175 156.747608
v -300.714579 25.340110 141.591712
v -308.472912 11.661869 125.803434
v -314.853084 -2.068456 109.453287
v -319.826598 -15.789543 92.614295
v -323.371243 -29.440110 75.361665
v -325.471186 -42.959191 57.772451
v -326.117050 -56.286405 39.925212
v -325.305949 -69.362231 21.899657
v -323.041506 -82.128268 3.776293
v -319.333834 -94.527500 -14.363938
v -314.199494 -106.504549 -32.440015
v -307.661416 -118.005924 -50.371207
v -299.748800 -128.980255 -68.077429
v -290.496987 -139.378529 -85.479601
v -279.947297 -149.154305 -102.500000
v -268.146848 -158.263921 -119.062609
v -255.148344 -166.666692 -135.093456
v -241.009839 -174.325090 -150.520943
v -225.794478 -181.204909 -165.276166
v -209.570218 -187.275423 -179.293227
v 174.320494 198.044514 203.973860
v 155.253357 202.694993 214.527204
v 135.493267 206.440187 224.122417
v 115.128478 209.263370 232.716645
v 94.249945 211.151931 240.271504
v 72.950914 212.097436 246.753252
v 51.326514 212.095663 252.132940
v 29.473324 211.146619 256.386541
v 7.488945 209.254543 259.495058
v -14.528434 206.427886 261.444607
v -36.480480 202.679271 262.226480
v -58.269148 198.025442 261.837187
v -79.797125 192.487183 260.278465
v -100.968262 186.089229 257.557276
v -121.688004 178.860156 253.685774
v -141.863811 170.832250 248.681250
v -161.405574 162.041365 242.566055
v -180.226013 152.526765 235.367501
v -198.241072 142.330943 227.117739
v -215.370292 131.499436 217.853613
v -231.537170 120.080621 207.616501
v -246.669499 108.125497 196.452123
v -260.699696 95.687458 184.410342
v -273.565099 82.822056 171.544940
v -285.208246 69.586750 157.913376
v -295.577138 56.040653 143.576533
v -304.625464 42.244264 128.598442
v -312.312812 28.259203 113.045999
v -318.604848 14.147929 96.988666
v -323.473471 -0.026533 80.498157
v -326.896937 -14.200876 63.648125
v -328.859955 -28.311795 46.513824
v -329.353758 -42.296266 29.171781
v -328.376140 -56.091832 11.699450
v -325.931468 -69.636879 -5.825134
v -322.030661 -82.870910 -23.323701
v -316.691140 -95.734820 -40.718099
v -309.936752 -108.171154 -57.930640
v -301.797666 -120.124370 -74.884448
v -292.310231 -131.541082 -91.503805
v -281.516821 -142.370299 -107.714483
v -269.465641 -152.563655 -123.444082
v -256.210517 -162.075626 -138.622350
v -241.810647 -170.863727 -153.181497
v -226.330346 -178.888709 -167.056499
v -209.838751 -186.114731 -180.185385
v 174.131723 199.178565 203.028579
v 154.876659 204.958030 212.640864
v 134.930325 209.822104 221.303443
v 114.381806 213.749060 228.977627
v 93.322876 216.721362 235.629141
v 71.847591 218.725733 241.228278
v 50.051863 219.753222 245.750032
v 28.033038 219.799240 249.174206
v 5.889458 218.863581 251.485507
v -16.279980 216.950424 252.673614
v -38.376261 214.068314 252.733218
v -60.300697 210.230123 251.664055
v -81.955369 205.452993 249.470899
v -103.243562 199.758261 246.163545
v -124.070198 193.171359 241.756765
v -144.342259 185.721707 236.270241
v -163.969206 177.442577 229.728476
v -182.863381 168.370945 222.160688
v -200.940396 158.547328 213.600677
v -218.119516 148.015600 204.086674
v -234.324015 136.822798 193.661169
v -249.481519 125.018913 182.370727
v -263.524332 112.656662 170.265773
v -276.389734 99.791260 157.400371
v -288.020266 86.480166 143.831980
v -298.363983 72.782830 129.621201
v -307.374688 58.760428 114.831502
v -315.012136 44.475589 99.528938
v -321.242216 29.992110 83.781853
v -326.037104 15.374679 67.660578
v -329.375385 0.688581 51.237115
v -331.242149 -14.000592 34.584814
v -331.629058 -28.627235 17.778049
v -330.534384 -43.126022 0.891883
v -327.963018 -57.432197 -15.998266
v -323.926442 -71.481867 -32.816963
v -318.442685 -85.212281 -49.489092
v -311.536240 -98.562116 -65.940190
v -303.237951 -111.471749 -82.096784
v -293.584882 -123.883522 -97.886713
v -282.620144 -135.742002 -113.239456
v -270.392710 -146.994224 -128.086445
v -256.957189 -157.589935 -142.361368
v -242.373589 -167.481811 -156.000471
v -226.707043 -176.625672 -168.942838
v -210.027522 -184.980680 -181.130666
v 174.023559 200.280910 202.034398
v 154.660814 207.157798 210.656941
v 134.607763 213.109469 218.338639
v 113.953968 218.109341 225.045184
v 92.791673 222.135084 230.746622
v 71.215394 225.168717 235.417490
v 49.321497 227.196693 239.036927
v 27.207765 228.209953 241.588766
v 4.972963 228.203971 243.061612
v -17.283603 227.178776 243.448885
v -39.462529 225.138945 242.748856
v -61.464760 222.093589 240.964652
v -83.192027 218.056308 238.104242
v -104.547293 213.045136 234.180400
v -125.435177 207.082452 229.210651
v -145.762392 200.194888 223.217192
v -165.438149 192.413204 216.226791
v -184.374573 183.772157 208.270669
v -202.487089 174.310339 199.384359
v -219.694801 164.070008 189.607551
v -235.920857 153.096901 178.983909
v -251.092786 141.440026 167.560881
v -265.142827 129.151445 155.389486
v -278.008230 116.286043 142.524083
v -289.631533 102.901278 129.022134
v -299.960825 89.056932 114.943940
v -308.949973 74.814836 100.352379
v -316.558828 60.238599 85.312620
v -322.753408 45.393322 69.891834
v -327.506047 30.345307 54.158894
v -330.795517 15.161762 38.184067
v -332.607128 -0.089498 22.038701
v -332.932788 -15.340359 5.794904
v -331.771043 -30.522707 -10.474773
v -329.127081 -45.568732 -26.697668
v -325.012710 -60.411236 -42.801325
v -319.446308 -74.983929 -58.713820
v -312.452734 -89.221726 -74.364086
v -304.063224 -103.061037 -89.682223
v -294.315247 -116.440052 -104.599818
v -283.252340 -129.299017 -119.050244
v -270.923913 -141.580502 -132.968964
v -257.385027 -153.229654 -146.293811
v -242.696151 -164.194445 -158.965275
v -226.922888 -174.425904 -170.926761
v -210.135686 -183.878334 -182.124847
v 173.996485 201.346627 200.995755
v 154.606786 209.284472 208.584296
v 134.527023 216.287601 215.241248
v 113.846875 222.324737 220.936880
v 92.658707 227.368917 225.645754
v 71.057149 231.397613 229.346840
v 49.138679 234.392830 232.023608
v 27.001191 236.341192 233.664101
v 4.743555 237.233997 234.260994
v -17.534820 237.067258 233.811620
v -39.734434 235.841718 232.317987
v -61.756137 233.562853 229.786765
v -83.501576 230.240838 226.229260
v -104.873630 225.890512 221.661361
v -125.776846 220.531305 216.103467
v -146.117866 214.187151 209.580403
v -165.805841 206.886385 202.121303
v -184.752840 198.661615 193.759479
v -202.874242 189.549573 184.532278
v -220.089112 179.590957 174.480912
v -236.320563 168.830244 163.650271
v -251.496103 157.315495 152.088729
v -265.547954 145.098136 139.847921
v -278.413356 132.232733 126.982519
v -290.034850 118.776748 113.549982
v -300.360531 104.790276 99.610303
v -309.344283 90.335785 85.225740
v -316.945982 75.477833 70.460539
v -323.131676 60.282779 55.380644
v -327.873739 44.818487 40.053405
v -331.150991 29.154025 24.547278
v -332.948797 13.359354 8.931517
v -333.259125 -2.494983 -6.724135
v -332.080591 -18.338177 -22.349755
v -329.418458 -34.099468 -37.875555
v -325.284615 -49.708463 -53.232194
v -319.697525 -65.095447 -68.351085
v -312.682143 -80.191700 -83.164704
v -304.269799 -94.929797 -97.606888
v -294.498065 -109.243914 -111.613137
v -283.410586 -123.070122 -125.120894
v -271.056879 -136.346668 -138.069832
v -257.492120 -149.014258 -150.402115
v -242.776891 -161.016313 -162.062667
v -226.976916 -172.299231 -172.999407
v -210.162760 -182.812618 -183.163489
v 174.050621 202.370955 199.917292
v 154.714816 211.328553 206.432185
v 134.688464 219.342306 212.025102
v 114.061007 226.376423 216.671063
v 92.924573 232.399488 220.349319
v 71.373561 237.384600 223.043441
v 49.504225 241.309495 224.741397
v 27.414237 244.156643 225.435603
v 5.202257 245.913329 225.122960
v -17.032510 246.571706 223.804862
v -39.190760 246.128834 221.487198
v -61.173527 244.586690 218.180318
v -82.882633 241.952164 213.898992
v -104.221117 238.237020 208.662341
v -125.093678 233.457851 202.493753
v -145.407094 227.636004 195.420779
v -165.070640 220.797478 187.475008
v -183.996493 212.972818 178.691929
v -202.100127 204.196969 169.110768
v -219.300687 194.509127 158.774317
v -235.521349 183.952560 147.728741
v -250.689669 172.574416 136.023374
v -264.737902 160.425513 123.710492
v -277.603304 147.560111 110.845090
v -289.228416 134.035669 97.484627
v -299.561317 119.912592 83.688773
v -308.555858 105.253955 69.519145
v -316.171867 90.125229 55.039028
v -322.375329 74.593982 40.313093
v -327.138538 58.729581 25.407110
v -330.440220 42.602878 10.387653
v -332.265629 26.285901 -4.678198
v -332.606613 9.851524 -19.723155
v -331.461648 -6.626851 -34.680023
v -328.835848 -23.075630 -49.482003
v -324.740941 -39.421347 -64.062983
v -319.195215 -55.590999 -78.357843
v -312.223440 -71.512368 -92.302738
v -303.856752 -87.114346 -105.835386
v -294.132520 -102.327250 -118.895348
v -283.094174 -117.083135 -131.424294
v -270.791013 -131.316098 -143.366267
v -257.277988 -144.962573 -154.667932
v -242.615450 -157.961609 -165.278812
v -226.868886 -170.255150 -175.151517
v -210.108624 -181.788290 -184.241953
v 174.185725 203.349319 198.803823
v 154.984421 213.280912 204.210221
v 135.091366 222.259940 208.704566
v 114.595406 230.246301 212.266786
v 93.588082 237.204326 214.880971
v 72.163218 243.102939 216.535445
v 50.416502 247.915796 217.222819
v 28.445060 251.621400 216.940024
v 6.347022 254.203202 215.688322
v -15.778916 255.649671 213.473303
v -37.833936 255.954346 210.304861
v -59.719533 255.115867 206.197146
v -81.337961 253.137979 201.168505
v -102.592668 250.029515 195.241396
v -123.388725 245.804359 188.442292
v -143.633251 240.481380 180.801559
v -163.235829 234.084354 172.353322
v -182.108910 226.641849 163.135314
v -200.168202 218.187108 153.188703
v -217.333047 208.757889 142.557915
v -233.526783 198.396308 131.290428
v -248.677086 187.148640 119.436566
v -262.716290 175.065121 107.049272
v -275.581692 162.199719 94.183870
v -287.215833 148.609893 80.897819
v -297.566752 134.356340 67.250460
v -306.588218 119.502718 53.302743
v -314.239941 104.115368 39.116964
v -320.487745 88.263014 24.756478
v -325.303727 72.016456 10.285424
v -328.666376 55.448255 -4.231567
v -330.560676 38.632408 -18.729658
v -330.978164 21.644020 -33.144099
v -329.916976 4.558964 -47.410510
v -327.381853 -12.546453 -61.465174
v -323.384117 -29.595835 -75.245320
v -317.941621 -46.513034 -88.689402
v -311.078675 -63.222495 -101.737376
v -302.825929 -79.649589 -114.330965
v -293.220243 -95.720949 -126.413925
v -282.304517 -111.364796 -137.932290
v -270.127504 -126.511260 -148.834615
v -256.743589 -141.092694 -159.072209
v -242.212549 -155.043974 -168.599348
v -226.599281 -168.302791 -177.373481
v -209.973520 -180.809926 -185.355422
v 174.401194 204.277350 197.660323
v 155.414397 215.132829 201.928327
v 135.733929 225.027472 205.294470
v 115.447686 233.917088 207.743719
v 94.646272 241.761974 209.265133
v 73.422592 248.527091 209.851919
v 51.871436 254.182227 209.501455
v 30.089055 258.702123 208.215306
v 8.172736 262.066592 205.999218
v -13.779637 264.260608 202.863087
v -35.670021 265.274373 198.820920
v -57.400647 265.103357 193.890771
v -78.874461 263.748326 188.094658
v -99.995557 261.215330 181.458469
v -120.669601 257.515684 174.011843
v -140.804259 252.665910 165.788037
v -160.309604 246.687669 156.823782
v -179.098521 239.607660 147.159113
v -197.087094 231.457506 136.837197
v -214.194981 222.273606 125.904132
v -230.345775 212.096979 114.408749
v -245.467342 200.973074 102.402388
v -259.492146 188.951576 89.938674
v -272.357548 176.086173 77.073272
v -284.006089 162.434327 63.863641
v -294.385743 148.057010 50.368781
v -303.450153 133.018435 36.648960
v -311.158833 117.385767 22.765457
v -317.477356 101.228825 8.780278
v -322.377502 84.619771 -5.244116
v -325.837384 67.632784 -19.245089
v -327.841551 50.343733 -33.160108
v -328.381052 32.829835 -46.927026
v -327.453476 15.169311 -60.484357
v -325.062968 -2.558963 -73.771550
v -321.220202 -20.275808 -86.729261
v -315.942342 -37.902097 -99.299618
v -309.252961 -55.359106 -111.426480
v -301.181934 -72.568867 -123.055683
v -291.765309 -89.454518 -134.135290
v -281.045143 -105.940644 -144.615816
v -269.069314 -121.953612 -154.450453
v -255.891309 -137.421907 -163.595276
v -241.569986 -152.276442 -172.009444
v -226.169305 -166.450873 -179.655375
v -209.758051 -179.881894 -186.498922
v 174.696066 205.150904 196.491898
v 156.002825 216.876034 199.596695
v 136.613283 227.632543 201.810045
v 116.614040 237.372390 203.122063
v 96.094417 246.052074 203.526888
v 75.146060 253.632830 203.022712
v 53.862528 260.080801 201.611788
v 32.338880 265.367187 199.300417
v 10.671246 269.468379 196.098921
v -11.043602 272.366060 192.021600
v -32.708680 274.047287 187.086665
v -54.227227 274.504554 181.316154
v -75.503135 273.735816 174.735842
v -96.441381 271.744507 167.375117
v -116.948450 268.539522 159.266854
v -136.932752 264.135174 150.447267
v -156.305033 258.551134 140.955746
v -174.978771 251.812342 130.834682
v -192.870564 243.948895 120.129278
v -209.900504 234.995913 108.887348
v -225.992531 224.993382 97.159101
v -241.074773 213.985976 84.996918
v -255.079871 202.022857 72.455118
v -267.945273 189.157454 59.589715
v -279.613521 175.447229 46.458171
v -290.032499 160.953414 33.119133
v -299.155676 145.740741 19.632177
v -306.942303 129.877155 6.057539
v -313.357606 113.433507 -7.544154
v -318.372931 96.483236 -21.112152
v -321.965878 79.102048 -34.585859
v -324.120401 61.367571 -47.905096
v -324.826877 43.359012 -61.010378
v -324.082150 25.156801 -73.843173
v -321.889548 6.842233 -86.346166
v -318.258862 -11.502894 -98.463516
v -313.206308 -29.796646 -110.141105
v -306.754451 -47.957319 -121.326776
v -298.932109 -65.903802 -131.970573
v -289.774216 -83.555944 -142.024957
v -279.321675 -100.834904 -151.445023
v -267.621169 -117.663512 -160.188698
v -254.724955 -133.966605 -168.216933
v -240.690631 -149.671371 -175.493869
v -225.580878 -164.707668 -181.987007
v -209.463179 -179.008341 -187.667347
v 175.069024 205.966077 195.303766
v 156.747075 218.502740 197.225738
v 137.725501 230.063517 198.266853
v 118.089259 240.596774 198.422459
v 97.926048 250.055468 197.691863
v 77.325922 258.397353 196.078326
v 56.380887 265.585173 193.589057
v 35.184487 271.586825 190.235171
v 13.831392 276.375505 186.031649
v -7.583031 279.929824 180.997265
v -28.963140 282.233909 175.154503
v -50.213446 283.277469 168.529458
v -71.239040 283.055842 161.151720
v -91.946016 281.570020 153.054240
v -112.241893 278.826637 144.273181
v -132.036023 274.837947 134.847764
v -151.240002 269.621764 124.820084
v -169.768059 263.201385 114.234927
v -187.537445 255.605485 103.139569
v -204.468796 246.867988 91.583565
v -220.486493 237.027919 79.618527
v -235.518998 226.129226 67.297892
v -249.499171 214.220585 54.676689
v -262.364573 201.355182 41.811287
v -274.057745 187.590479 28.759145
v -284.526462 172.987951 15.578558
v -293.723968 157.612817 2.328394
v -301.609184 141.533745 -10.932170
v -308.146895 124.822550 -24.143908
v -313.307900 107.553867 -37.247814
v -317.069149 89.804822 -50.185361
v -319.413843 71.654687 -62.898769
v -320.331512 53.184524 -75.331256
v -319.818055 34.476827 -87.427295
v -317.875767 15.615148 -99.132862
v -314.513321 -3.316272 -110.395678
v -309.745737 -22.232881 -121.165440
v -303.594306 -41.050193 -131.394048
v -296.086502 -59.684164 -141.035818
v -287.255858 -78.051571 -150.047688
v -277.141812 -96.070381 -158.389408
v -265.789538 -113.660118 -166.023723
v -253.249736 -130.742221 -172.916536
v -239.578413 -147.240397 -179.037061
v -224.836627 -163.080962 -184.357964
v -209.090221 -178.193168 -188.855479
v 175.518402 206.719230 194.101235
v 157.643824 220.005683 194.826046
v 139.065616 232.309537 194.680718
v 119.866755 243.575840 193.665898
v 100.132986 253.754274 191.786119
v 79.952445 262.799380 189.049777
v 59.415264 270.670761 185.469092
v 38.613167 277.333259 181.060058
v 17.639060 282.757121 175.842365
v -3.413380 286.918120 169.839318
v -24.450129 289.797673 163.077727
v -45.377231 291.382920 155.587792
v -66.101220 291.666780 147.402963
v -86.529539 290.647985 138.559797
v -106.570949 288.331085 129.097790
v -126.135941 284.726429 119.059200
v -145.137132 279.850116 108.488863
v -163.489659 273.723924 97.433988
v -181.111556 266.375215 85.943950
v -197.924117 257.836809 74.070065
v -213.852254 248.146841 61.865365
v -228.824829 237.348590 49.384360
v -242.774970 225.490282 36.682792
v -255.640372 212.624879 23.817389
v -267.363576 198.809843 10.845613
v -277.892223 184.106873 -2.174603
v -287.179288 168.581637 -15.185106
v -295.183295 152.303475 -28.127789
v -301.868495 135.345089 -40.944847
v -307.205030 117.782218 -53.579035
v -311.169066 99.693304 -65.973926
v -313.742900 81.159135 -78.074161
v -314.915034 62.262489 -89.825698
v -314.680235 43.087765 -101.176052
v -313.039551 23.720599 -112.074529
v -310.000310 4.247492 -122.472454
v -305.576085 -15.244585 -132.323387
v -299.786637 -34.668577 -141.583332
v -292.657823 -53.937730 -150.210931
v -284.221481 -72.965984 -158.167652
v -274.515290 -91.668354 -165.417958
v -263.582600 -109.961312 -171.929467
v -251.472240 -127.763155 -177.673097
v -238.238298 -144.994377 -182.623196
v -223.939878 -161.578019 -186.757656
v -208.640843 -177.440014 -190.058010
v 191.774496 208.026313 176.538058
v 190.083408 222.614011 159.778135
v 187.543807 236.207460 142.304604
v 184.167037 248.745950 124.195505
v 179.968179 260.173480 105.531720
v 174.965986 270.439012 86.396604
v 169.182799 279.496697 66.875620
v 162.644447 287.306083 47.055954
v 155.380133 293.832290 27.026124
v 147.422299 299.046170 6.875589
v 138.806489 302.924438 -13.305655
v 129.571181 305.449771 -33.427472
v 119.757624 306.610892 -53.399993
v 109.409647 306.402614 -73.134018
v 98.573466 304.825868 -92.541408
v 87.297479 301.887695 -111.535486
v 75.632047 297.601219 -130.031419
v 63.629270 291.985583 -147.946600
v 51.342757 285.065869 -165.201016
v 38.827380 276.872981 -181.717604
v 26.139038 267.443512 -197.422597
v 13.334399 256.819575 -212.245853
v 0.470652 245.048619 -226.121168
v -12.394750 232.183217 -238.986570
v -25.204348 218.280828 -250.784600
v -37.900930 203.403543 -261.462566
v -50.427791 187.617810 -270.972776
v -62.728983 170.994129 -279.272756
v -74.749565 153.606748 -286.325436
v -86.435851 135.533321 -292.099317
v -97.735647 116.854569 -296.568611
v -108.598485 97.653917 -299.713359
v -118.975849 78.017119 -301.519513
v -128.821391 58.031877 -301.979008
v -138.091139 37.787451 -301.089792
v -146.743692 17.374257 -298.855836
v -154.740406 -3.116535 -295.287117
v -162.045565 -23.593408 -290.399574
v -168.626542 -43.964907 -284.215036
v -174.453945 -64.140047 -276.761124
v -179.501749 -84.028723 -268.071130
v -183.747407 -103.542106 -258.183866
v -187.171958 -122.593045 -247.143490
v -189.760107 -141.096454 -234.999311
v -191.500295 -158.969691 -221.805567
v -192.384749 -176.132932 -207.621187
v 192.989674 207.407000 175.942193
v 192.508337 221.378150 158.589067
v 191.167657 234.360572 140.527643
v 188.973623 246.296282 121.838588
v 185.936033 257.131973 102.605373
v 182.068454 266.819251 82.913897
v 177.388160 275.314849 62.852107
v 171.916055 282.580824 42.509605
v 165.676577 288.584725 21.977245
v 158.697593 293.299736 1.346729
v 151.010275 296.704799 -19.289802
v 142.648954 298.784707 -39.840180
v 133.650975 299.530170 -60.212622
v 124.056526 298.937858 -80.316140
v 113.908456 297.010417 -100.060947
v 103.252090 293.756455 -119.358857
v 92.135022 289.190506 -138.123681
v 80.606903 283.332962 -156.271612
v 68.719220 276.209984 -173.721595
v 56.525068 267.853385 -190.395696
v 44.078907 258.300488 -206.219443
v 31.436326 247.593959 -221.122165
v 18.653790 235.781614 -235.037301
v 5.788388 222.916212 -247.902703
v -7.102421 209.055212 -259.660912
v -19.961061 194.260520 -270.259412
v -32.730104 178.598214 -279.650868
v -45.352519 162.138245 -287.793335
v -57.771933 144.954127 -294.650447
v -69.932876 127.122608 -300.191579
v -81.781036 108.723330 -304.391982
v -93.263495 89.838466 -307.232897
v -104.328970 70.552362 -308.701636
v -114.928040 50.951154 -308.791637
v -125.013366 31.122386 -307.502501
v -134.539906 11.154618 -304.839983
v -143.465112 -8.862969 -300.815977
v -151.749121 -28.840973 -295.448453
v -159.354935 -48.690165 -288.761384
v -166.248584 -68.321895 -280.784637
v -172.399280 -87.648484 -271.553838
v -177.779553 -106.583613 -261.110213
v -182.365372 -125.042713 -249.500407
v -186.136257 -142.943343 -236.776272
v -189.075365 -160.205552 -222.994636
v -191.169571 -176.752245 -208.217052
v 194.201235 206.719230 175.418402
v 194.926046 220.005683 157.543824
v 194.780718 232.309537 138.965616
v 193.765898 243.575840 119.766755
v 191.886119 253.754274 100.032986
v 189.149777 262.799380 79.852445
v 185.569092 270.670761 59.315264
v 181.160058 277.333259 38.513167
v 175.942365 282.757121 17.539060
v 169.939318 286.918120 -3.513380
v 163.177727 289.797673 -24.550129
v 155.687792 291.382920 -45.477231
v 147.502963 291.666780 -66.201220
v 138.659797 290.647985 -86.629539
v 129.197790 288.331085 -106.670949
v 119.159200 284.726429 -126.235941
v 108.588863 279.850116 -145.237132
v 97.533988 273.723924 -163.589659
v 86.043950 266.375215 -181.211556
v 74.170065 257.836809 -198.024117
v 61.965365 248.146841 -213.952254
v 49.484360 237.348590 -228.924829
v 36.782792 225.490282 -242.874970
v 23.917389 212.624879 -255.740372
v 10.945613 198.809843 -267.463576
v -2.074603 184.106873 -277.992223
v -15.085106 168.581637 -287.279288
v -28.027789 152.303475 -295.283295
v -40.844847 135.345089 -301.968495
v -53.479035 117.782218 -307.305030
v -65.873926 99.693304 -311.269066
v -77.974161 81.159135 -313.842900
v -89.725698 62.262489 -315.015034
v -101.076052 43.087765 -314.780235
v -111.974529 23.720599 -313.139551
v -122.372454 4.247492 -310.100310
v -132.223387 -15.244585 -305.676085
v -141.483332 -34.668577 -299.886637
v -150.110931 -53.937730 -292.757823
v -158.067652 -72.965984 -284.321481
v -165.317958 -91.668354 -274.615290
v -171.829467 -109.961312 -263.682600
v -177.573097 -127.763155 -251.572240
v -182.523196 -144.994377 -238.338298
v -186.657656 -161.578019 -224.039878
v -189.958010 -177.440014 -208.740843
v 195.403766 205.966077 174.969024
v 197.325738 218.502740 156.647075
v 198.366853 230.063517 137.625501
v 198.522459 240.596774 117.989259
v 197.791863 250.055468 97.826048
v 196.178326 258.397353 77.225922
v 193.689057 265.585173 56.280887
v 190.335171 271.586825 35.084487
v 186.131649 276.375505 13.731392
v 181.097265 279.929824 -7.683031
v 175.254503 282.233909 -29.063140
v 168.629458 283.277469 -50.313446
v 161.251720 283.055842 -71.339040
v 153.154240 281.570020 -92.046016
v 144.373181 278.826637 -112.341893
v 134.947764 274.837947 -132.136023
v 124.920084 269.621764 -151.340002
v 114.334927 263.201385 -169.868059
v 103.239569 255.605485 -187.637445
v 91.683565 246.867988 -204.568796
v 79.718527 237.027919 -220.586493
v 67.397892 226.129226 -235.618998
v 54.776689 214.220585 -249.599171
v 41.911287 201.355182 -262.464573
v 28.859145 187.590479 -274.157745
v 15.678558 172.987951 -284.626462
v 2.428394 157.612817 -293.823968
v -10.832170 141.533745 -301.709184
v -24.043908 124.822550 -308.246895
v -37.147814 107.553867 -313.407900
v -50.085361 89.804822 -317.169149
v -62.798769 71.654687 -319.513843
v -75.231256 53.184524 -320.431512
v -87.327295 34.476827 -319.918055
v -99.032862 15.615148 -317.975767
v -110.295678 -3.316272 -314.613321
v -121.065440 -22.232881 -309.845737
v -131.294048 -41.050193 -303.694306
v -140.935818 -59.684164 -296.186502
v -149.947688 -78.051571 -287.355858
v -158.289408 -96.070381 -277.241812
v -165.923723 -113.660118 -265.889538
v -172.816536 -130.742221 -253.349736
v -178.937061 -147.240397 -239.678413
v -184.257964 -163.080962 -224.936627
v -188.755479 -178.193168 -209.190221
v 196.591898 205.150904 174.596066
v 199.696695 216.876034 155.902825
v 201.910045 227.632543 136.513283
v 203.222063 237.372390 116.514040
v 203.626888 246.052074 95.994417
v 203.122712 253.632830 75.046060
v 201.711788 260.080801 53.762528
v 199.400417 265.367187 32.238880
v 196.198921 269.468379 10.571246
v 192.121600 272.366060 -11.143602
v 187.186665 274.047287 -32.808680
v 181.416154 274.504554 -54.327227
v 174.835842 273.735816 -75.603135
v 167.475117 271.744507 -96.541381
v 159.366854 268.539522 -117.048450
v 150.547267 264.135174 -137.032752
v 141.055746 258.551134 -156.405033
v 130.934682 251.812342 -175.078771
v 120.229278 243.948895 -192.970564
v 108.987348 234.995913 -210.000504
v 97.259101 224.993382 -226.092531
v 85.096918 213.985976 -241.174773
v 72.555118 202.022857 -255.179871
v 59.689715 189.157454 -268.045273
v 46.558171 175.447229 -279.713521
v 33.219133 160.953414 -290.132499
v 19.732177 145.740741 -299.255676
v 6.157539 129.877155 -307.042303
v -7.444154 113.433507 -313.457606
v -21.012152 96.483236 -318.472931
v -34.485859 79.102048 -322.065878
v -47.805096 61.367571 -324.220401
v -60.910378 43.359012 -324.926877
v -73.743173 25.156801 -324.182150
v -86.246166 6.842233 -321.989548
v -98.363516 -11.502894 -318.358862
v -110.041105 -29.796646 -313.306308
v -121.226776 -47.957319 -306.854451
v -131.870573 -65.903802 -299.032109
v -141.924957 -83.555944 -289.874216
v -151.345023 -100.834904 -279.421675
v -160.088698 -117.663512 -267.721169
v -168.116933 -133.966605 -254.824955
v -175.393869 -149.671371 -240.790631
v -181.887007 -164.707668 -225.680878
v -187.567347 -179.008341 -209.563179
v 197.760323 204.277350 174.301194
v 202.028327 215.132829 155.314397
v 205.394470 225.027472 135.633929
v 207.843719 233.917088 115.347686
v 209.365133 241.761974 94.546272
v 209.951919 248.527091 73.322592
v 209.601455 254.182227 51.771436
v 208.315306 258.702123 29.989055
v 206.099218 262.066592 8.072736
v 202.963087 264.260608 -13.879637
v 198.920920 265.274373 -35.770021
v 193.990771 265.103357 -57.500647
v 188.194658 263.748326 -78.974461
v 181.558469 261.215330 -100.095557
v 174.111843 257.515684 -120.769601
v 165.888037 252.665910 -140.904259
v 156.923782 246.687669 -160.409604
v 147.259113 239.607660 -179.198521
v 136.937197 231.457506 -197.187094
v 126.004132 222.273606 -214.294981
v 114.508749 212.096979 -230.445775
v 102.502388 200.973074 -245.567342
v 90.038674 188.951576 -259.592146
v 77.173272 176.086173 -272.457548
v 63.963641 162.434327 -284.106089
v 50.468781 148.057010 -294.485743
v 36.748960 133.018435 -303.550153
v 22.865457 117.385767 -311.258833
v 8.880278 101.228825 -317.577356
v -5.144116 84.619771 -322.477502
v -19.145089 67.632784 -325.937384
v -33.060108 50.343733 -327.941551
v -46.827026 32.829835 -328.481052
v -60.384357 15.169311 -327.553476
v -73.671550 -2.558963 -325.162968
v -86.629261 -20.275808 -321.320202
v -99.199618 -37.902097 -316.042342
v -111.326480 -55.359106 -309.352961
v -122.955683 -72.568867 -301.281934
v -134.035290 -89.454518 -291.865309
v -144.515816 -105.940644 -281.145143
v -154.350453 -121.953612 -269.169314
v -163.495276 -137.421907 -255.991309
v -171.909444 -152.276442 -241.669986
v -179.555375 -166.450873 -226.269305
v -186.398922 -179.881894 -209.858051
v 198.903823 203.349319 174.085725
v 204.310221 213.280912 154.884421
v 208.804566 222.259940 134.991366
v 212.366786 230.246301 114.495406
v 214.980971 237.204326 93.488082
v 216.635445 243.102939 72.063218
v 217.322819 247.915796 50.316502
v 217.040024 251.621400 28.345060
v 215.788322 254.203202 6.247022
v 213.573303 255.649671 -15.878916
v 210.404861 255.954346 -37.933936
v 206.297146 255.115867 -59.819533
v 201.268505 253.137979 -81.437961
v 195.341396 250.029515 -102.692668
v 188.542292 245.804359 -123.488725
v 180.901559 240.481380 -143.733251
v 172.453322 234.084354 -163.335829
v 163.235314 226.641849 -182.208910
v 153.288703 218.187108 -200.268202
v 142.657915 208.757889 -217.433047
v 131.390428 198.396308 -233.626783
v 119.536566 187.148640 -248.777086
v 107.149272 175.065121 -262.816290
v 94.283870 162.199719 -275.681692
v 80.997819 148.609893 -287.315833
v 67.350460 134.356340 -297.666752
v 53.402743 119.502718 -306.688218
v 39.216964 104.115368 -314.339941
v 24.856478 88.263014 -320.587745
v 10.385424 72.016456 -325.403727
v -4.131567 55.448255 -328.766376
v -18.629658 38.632408 -330.660676
v -33.044099 21.644020 -331.078164
v -47.310510 4.558964 -330.016976
v -61.365174 -12.546453 -327.481853
v -75.145320 -29.595835 -323.484117
v -88.589402 -46.513034 -318.041621
v -101.637376 -63.222495 -311.178675
v -114.230965 -79.649589 -302.925929
v -126.313925 -95.720949 -293.320243
v -137.832290 -111.364796 -282.404517
v -148.734615 -126.511260 -270.227504
v -158.972209 -141.092694 -256.843589
v -168.499348 -155.043974 -242.312549
v -177.273481 -168.302791 -226.699281
v -185.255422 -180.809926 -210.073520
v 200.017292 202.370955 173.950621
v 206.532185 211.328553 154.614816
v 212.125102 219.342306 134.588464
v 216.771063 226.376423 113.961007
v 220.449319 232.399488 92.824573
v 223.143441 237.384600 71.273561
v 224.841397 241.309495 49.404225
v 225.535603 244.156643 27.314237
v 225.222960 245.913329 5.102257
v 223.904862 246.571706 -17.132510
v 221.587198 246.128834 -39.290760
v 218.280318 244.586690 -61.273527
v 213.998992 241.952164 -82.982633
v 208.762341 238.237020 -104.321117
v 202.593753 233.457851 -125.193678
v 195.520779 227.636004 -145.507094
v 187.575008 220.797478 -165.170640
v 178.791929 212.972818 -184.096493
v 169.210768 204.196969 -202.200127
v 158.874317 194.509127 -219.400687
v 147.828741 183.952560 -235.621349
v 136.123374 172.574416 -250.789669
v 123.810492 160.425513 -264.837902
v 110.945090 147.560111 -277.703304
v 97.584627 134.035669 -289.328416
v 83.788773 119.912592 -299.661317
v 69.619145 105.253955 -308.655858
v 55.139028 90.125229 -316.271867
v 40.413093 74.593982 -322.475329
v 25.507110 58.729581 -327.238538
v 10.487653 42.602878 -330.540220
v -4.578198 26.285901 -332.365629
v -19.623155 9.851524 -332.706613
v -34.580023 -6.626851 -331.561648
v -49.382003 -23.075630 -328.935848
v -63.962983 -39.421347 -324.840941
v -78.257843 -55.590999 -319.295215
v -92.202738 -71.512368 -312.323440
v -105.735386 -87.114346 -303.956752
v -118.795348 -102.327250 -294.232520
v -131.324294 -117.083135 -283.194174
v -143.266267 -131.316098 -270.891013
v -154.567932 -144.962573 -257.377988
v -165.178812 -157.961609 -242.715450
v -175.051517 -170.255150 -226.968886
v -184.141953 -181.788290 -210.208624
v 201.095755 201.346627 173.896485
v 208.684296 209.284472 154.506786
v 215.341248 216.287601 134.427023
v 221.036880 222.324737 113.746875
v 225.745754 227.368917 92.558707
v 229.446840 231.397613 70.957149
v 232.123608 234.392830 49.038679
v 233.764101 236.341192 26.901191
v 234.360994 237.233997 4.643555
v 233.911620 237.067258 -17.634820
v 232.417987 235.841718 -39.834434
v 229.886765 233.562853 -61.856137
v 226.329260 230.240838 -83.601576
v 221.761361 225.890512 -104.973630
v 216.203467 220.531305 -125.876846
v 209.680403 214.187151 -146.217866
v 202.221303 206.886385 -165.905841
v 193.859479 198.661615 -184.852840
v 184.632278 189.549573 -202.974242
v 174.580912 179.590957 -220.189112
v 163.750271 168.830244 -236.420563
v 152.188729 157.315495 -251.596103
v 139.947921 145.098136 -265.647954
v 127.082519 132.232733 -278.513356
v 113.649982 118.776748 -290.134850
v 99.710303 104.790276 -300.460531
v 85.325740 90.335785 -309.444283
v 70.560539 75.477833 -317.045982
v 55.480644 60.282779 -323.231676
v 40.153405 44.818487 -327.973739
v 24.647278 29.154025 -331.250991
v 9.031517 13.359354 -333.048797
v -6.624135 -2.494983 -333.359125
v -22.249755 -18.338177 -332.180591
v -37.775555 -34.099468 -329.518458
v -53.132194 -49.708463 -325.384615
v -68.251085 -65.095447 -319.797525
v -83.064704 -80.191700 -312.782143
v -97.506888 -94.929797 -304.369799
v -111.513137 -109.243914 -294.598065
v -125.020894 -123.070122 -283.510586
v -137.969832 -136.346668 -271.156879
v -150.302115 -149.014258 -257.592120
v -161.962667 -161.016313 -242.876891
v -172.899407 -172.299231 -227.076916
v -183.063489 -182.812618 -210.262760
v 202.134398 200.280910 173.923559
v 210.756941 207.157798 154.560814
v 218.438639 213.109469 134.507763
v 225.145184 218.109341 113.853968
v 230.846622 222.135084 92.691673
v 235.517490 225.168717 71.115394
v 239.136927 227.196693 49.221497
v 241.688766 228.209953 27.107765
v 243.161612 228.203971 4.872963
v 243.548885 227.178776 -17.383603
v 242.848856 225.138945 -39.562529
v 241.064652 222.093589 -61.564760
v 238.204242 218.056308 -83.292027
v 234.280400 213.045136 -104.647293
v 229.310651 207.082452 -125.535177
v 223.317192 200.194888 -145.862392
v 216.326791 192.413204 -165.538149
v 208.370669 183.772157 -184.474573
v 199.484359 174.310339 -202.587089
v 189.707551 164.070008 -219.794801
v 179.083909 153.096901 -236.020857
v 167.660881 141.440026 -251.192786
v 155.489486 129.151445 -265.242827
v 142.624083 116.286043 -278.108230
v 129.122134 102.901278 -289.731533
v 115.043940 89.056932 -300.060825
v 100.452379 74.814836 -309.049973
v 85.412620 60.238599 -316.658828
v 69.991834 45.393322 -322.853408
v 54.258894 30.345307 -327.606047
v 38.284067 15.161762 -330.895517
v 22.138701 -0.089498 -332.707128
v 5.894904 -15.340359 -333.032788
v -10.374773 -30.522707 -331.871043
v -26.597668 -45.568732 -329.227081
v -42.701325 -60.411236 -325.112710
v -58.613820 -74.983929 -319.546308
v -74.264086 -89.221726 -312.552734
v -89.582223 -103.061037 -304.163224
v -104.499818 -116.440052 -294.415247
v -118.950244 -129.299017 -283.352340
v -132.868964 -141.580502 -271.023913
v -146.193811 -153.229654 -257.485027
v -158.865275 -164.194445 -242.796151
v -170.826761 -174.425904 -227.022888
v -182.024847 -183.878334 -210.235686
v 203.128579 199.178565 174.031723
v 212.740864 204.958030 154.776659
v 221.403443 209.822104 134.830325
v 229.077627 213.749060 114.281806
v 235.729141 216.721362 93.222876
v 241.328278 218.725733 71.747591
v 245.850032 219.753222 49.951863
v 249.274206 219.799240 27.933038
v 251.585507 218.863581 5.789458
v 252.773614 216.950424 -16.379980
v 252.833218 214.068314 -38.476261
v 251.764055 210.230123 -60.400697
v 249.570899 205.452993 -82.055369
v 246.263545 199.758261 -103.343562
v 241.856765 193.171359 -124.170198
v 236.370241 185.721707 -144.442259
v 229.828476 177.442577 -164.069206
v 222.260688 168.370945 -182.963381
v 213.700677 158.547328 -201.040396
v 204.186674 148.015600 -218.219516
v 193.761169 136.822798 -234.424015
v 182.470727 125.018913 -249.581519
v 170.365773 112.656662 -263.624332
v 157.500371 99.791260 -276.489734
v 143.931980 86.480166 -288.120266
v 129.721201 72.782830 -298.463983
v 114.931502 58.760428 -307.474688
v 99.628938 44.475589 -315.112136
v 83.881853 29.992110 -321.342216
v 67.760578 15.374679 -326.137104
v 51.337115 0.688581 -329.475385
v 34.684814 -14.000592 -331.342149
v 17.878049 -28.627235 -331.729058
v 0.991883 -43.126022 -330.634384
v -15.898266 -57.432197 -328.063018
v -32.716963 -71.481867 -324.026442
v -49.389092 -85.212281 -318.542685
v -65.840190 -98.562116 -311.636240
v -81.996784 -111.471749 -303.337951
v -97.786713 -123.883522 -293.684882
v -113.139456 -135.742002 -282.720144
v -127.986445 -146.994224 -270.492710
v -142.261368 -157.589935 -257.057189
v -155.900471 -167.481811 -242.473589
v -168.842838 -176.625672 -226.807043
v -181.030666 -184.980680 -210.127522
v 204.073860 198.044514 174.220494
v 214.627204 202.694993 155.153357
v 224.222417 206.440187 135.393267
v 232.816645 209.263370 115.028478
v 240.371504 211.151931 94.149945
v 246.853252 212.097436 72.850914
v 252.232940 212.095663 51.226514
v 256.486541 211.146619 29.373324
v 259.595058 209.254543 7.388945
v 261.544607 206.427886 -14.628434
v 262.326480 202.679271 -36.580480
v 261.937187 198.025442 -58.369148
v 260.378465 192.487183 -79.897125
v 257.657276 186.089229 -101.068262
v 253.785774 178.860156 -121.788004
v 248.781250 170.832250 -141.963811
v 242.666055 162.041365 -161.505574
v 235.467501 152.526765 -180.326013
v 227.217739 142.330943 -198.341072
v 217.953613 131.499436 -215.470292
v 207.716501 120.080621 -231.637170
v 196.552123 108.125497 -246.769499
v 184.510342 95.687458 -260.799696
v 171.644940 82.822056 -273.665099
v 158.013376 69.586750 -285.308246
v 143.676533 56.040653 -295.677138
v 128.698442 42.244264 -304.725464
v 113.145999 28.259203 -312.412812
v 97.088666 14.147929 -318.704848
v 80.598157 -0.026533 -323.573471
v 63.748125 -14.200876 -326.996937
v 46.613824 -28.311795 -328.959955
v 29.271781 -42.296266 -329.453758
v 11.799450 -56.091832 -328.476140
v -5.725134 -69.636879 -326.031468
v -23.223701 -82.870910 -322.130661
v -40.618099 -95.734820 -316.791140
v -57.830640 -108.171154 -310.036752
v -74.784448 -120.124370 -301.897666
v -91.403805 -131.541082 -292.410231
v -107.614483 -142.370299 -281.616821
v -123.344082 -152.563655 -269.565641
v -138.522350 -162.075626 -256.310517
v -153.081497 -170.863727 -241.910647
v -166.956499 -178.888709 -226.430346
v -180.085385 -186.114731 -209.938751
v 204.966018 196.883822 174.489027
v 216.407536 200.378793 155.689224
v 226.882971 202.978824 136.194076
v 236.345539 204.672303 116.090651
v 244.752976 205.451665 95.468737
v 252.067735 205.313430 74.420437
v 258.257144 204.258216 53.039758
v 263.293560 202.290734 31.422189
v 267.154490 199.419774 9.664282
v 269.822691 195.658156 -12.136789
v 271.286244 191.022681 -33.883653
v 271.538613 185.534053 -55.479185
v 270.578672 179.216784 -76.826934
v 268.410707 172.099090 -97.831554
v 265.044402 164.212760 -118.399235
v 260.494790 155.593015 -138.438117
v 254.782192 146.278355 -157.858700
v 247.932122 136.310379 -176.574248
v 239.975173 125.733609 -194.501173
v 230.946884 114.595281 -211.559408
v 220.887576 102.945144 -227.672767
v 209.842178 90.835228 -242.769285
v 197.860020 78.319620 -256.781536
v 184.994617 65.454218 -269.646938
v 171.303431 52.296481 -281.308032
v 156.847608 38.905175 -291.712736
v 141.691712 25.340110 -300.814579
v 125.903434 11.661869 -308.572912
v 109.553287 -2.068456 -314.953084
v 92.714295 -15.789543 -319.926598
v 75.461665 -29.440110 -323.471243
v 57.872451 -42.959191 -325.571186
v 40.025212 -56.286405 -326.217050
v 21.999657 -69.362231 -325.405949
v 3.876293 -82.128268 -323.141506
v -14.263938 -94.527500 -319.433834
v -32.340015 -106.504549 -314.299494
v -50.271207 -118.005924 -307.761416
v -67.977429 -128.980255 -299.848800
v -85.379601 -139.378529 -290.596987
v -102.400000 -149.154305 -280.047297
v -118.962609 -158.263921 -268.246848
v -134.993456 -166.666692 -255.248344
v -150.420943 -174.325090 -241.109839
v -165.176166 -181.204909 -225.894478
v -179.193227 -187.275423 -209.670218
v 205.801070 195.701673 174.836124
v 218.073909 198.019776 156.381869
v 229.373223 199.453474 137.229174
v 239.648548 199.996365 117.463580
v 248.853991 199.646023 97.173365
v 256.948438 198.404014 76.449150
v 263.895738 196.275884 55.383495
v 269.664861 193.271139 34.070484
v 274.230043 189.403197 12.605306
v 277.570893 184.689335 -8.916171
v 279.672492 179.150606 -30.397826
v 280.525451 172.811746 -51.743716
v 280.125962 165.701068 -72.858507
v 278.475810 157.850328 -93.647894
v 275.582363 149.294590 -114.019027
v 271.458545 140.072066 -133.880923
v 266.122774 130.223947 -153.144874
v 259.598881 119.794215 -171.724844
v 251.916003 108.829454 -189.537848
v 243.108454 97.378634 -206.504330
v 233.215569 85.492897 -222.548514
v 222.281534 73.225328 -237.598742
v 210.355183 60.630718 -251.587797
v 197.489780 47.765315 -264.453199
v 183.742787 34.686581 -276.137489
v 169.175601 21.452929 -286.588483
v 153.853282 8.123462 -295.759502
v 137.844264 -5.242285 -303.609588
v 121.220046 -18.584620 -310.103679
v 104.054877 -31.843951 -315.212772
v 86.425420 -44.961059 -318.914049
v 68.410412 -57.877361 -321.190978
v 50.090314 -70.535168 -322.033390
v 31.546947 -82.877948 -321.437522
v 12.863130 -94.850574 -319.406037
v -5.877690 -106.399575 -315.948007
v -24.591812 -117.473370 -311.078876
v -43.195654 -128.022500 -304.820392
v -61.606128 -137.999851 -297.200505
v -79.741007 -147.360860 -288.253249
v -97.519297 -156.063721 -278.018584
v -114.861595 -164.069563 -266.542221
v -131.690447 -171.342630 -253.875415
v -147.930691 -177.850440 -240.074740
v -163.509794 -183.563926 -225.201834
v -178.358175 -188.457572 -209.323120
v 206.575284 194.503348 175.260235
v 219.618880 195.628477 157.228197
v 231.682051 195.879882 138.493938
v 242.710920 195.256440 119.141133
v 252.656230 193.760935 99.256214
v 261.473563 191.400047 78.927992
v 269.123538 188.184319 58.247259
v 275.571989 184.128115 37.306380
v 280.790115 179.249550 16.198881
v 284.754610 173.570413 -4.980965
v 287.447769 167.116069 -26.138566
v 288.857563 159.915343 -47.179425
v 288.977696 152.000397 -68.009570
v 287.807631 143.406580 -88.535967
v 285.352593 134.172274 -108.666942
v 281.623549 124.338723 -128.312583
v 276.637152 113.949844 -147.385149
v 270.415672 103.052038 -165.799457
v 262.986898 91.693977 -183.473265
v 254.384006 79.926388 -200.327637
v 244.645421 67.801828 -216.287296
v 233.814636 55.374449 -231.280965
v 221.940025 42.699754 -245.241676
v 209.074623 29.834351 -258.107078
v 195.275889 16.835702 -269.819712
v 180.605453 3.761860 -280.327265
v 165.128835 -9.328784 -289.582808
v 148.915158 -22.377763 -297.545005
v 132.036837 -35.326797 -304.178293
v 114.569254 -48.118054 -309.453047
v 96.590423 -60.694403 -313.345709
v 78.180643 -72.999676 -315.838892
v 59.422135 -84.978916 -316.921463
v 40.398681 -96.578618 -316.588585
v 21.195243 -107.746978 -314.841746
v 1.897588 -118.434113 -311.688747
v -17.408095 -128.592292 -307.143671
v -36.635583 -138.176147 -301.226816
v -55.699001 -147.142874 -293.964609
v -74.513206 -155.452425 -285.389485
v -92.994172 -163.067688 -275.539743
v -111.059355 -169.954651 -264.459372
v -128.628075 -176.082555 -252.197863
v -145.621863 -181.424032 -238.809976
v -161.964822 -185.955225 -224.355506
v -177.583961 -189.655897 -208.899009
vt -1.943828 60.071366 0.000000
vt -2.221518 60.071366 0.000000
vt -1.943828 59.289186 0.000000
vt -2.221518 58.819879 0.000000
vt -1.943828 58.507007 0.000000
vt -2.221518 57.568392 0.000000
vt -1.943828 57.724828 0.000000
vt -1.943828 56.942649 0.000000
vt -1.666138 56.942649 0.000000
vt -1.666138 56.160469 0.000000
vt -1.388449 56.160469 0.000000
vt -1.388449 55.378290 0.000000
vt -1.110759 55.378290 0.000000
vt -1.110759 54.596111 0.000000
vt -0.833069 54.596111 0.000000
vt -0.833069 53.813932 0.000000
vt -0.555379 53.813932 0.000000
vt -0.555379 53.031753 0.000000
vt -0.277690 53.031753 0.000000
vt -0.277690 52.249573 0.000000
vt 0.000000 53.140054 0.000000
vt 0.000000 51.984836 0.000000
vt -0.277690 51.467394 0.000000
vt 0.000000 50.829617 0.000000
vt -0.277690 50.685215 0.000000
vt -0.277690 49.903036 0.000000
vt -0.555379 50.685215 0.000000
vt -0.555379 49.903036 0.000000
vt -0.833069 50.685215 0.000000
vt -0.833069 49.903036 0.000000
vt -1.110759 50.685215 0.000000
vt -1.110759 49.903036 0.000000
vt -1.388449 50.685215 0.000000
vt -1.388449 49.903036 0.000000
vt -1.666138 50.685215 0.000000
vt -1.666138 49.903036 0.000000
vt -1.943828 50.685215 0.000000
vt -1.943828 49.903036 0.000000
vt -2.221518 50.059471 0.000000
vt -1.943828 49.120856 0.000000
vt -2.221518 48.807985 0.000000
vt -1.943828 48.338677 0.000000
vt -2.221518 47.556498 0.000000
vt -1.943828 47.556498 0.000000
vt -1.943828 46.774319 0.000000
vt -1.666138 46.774319 0.000000
vt -1.666138 45.992139 0.000000
vt -1.388449 45.992139 0.000000
vt -1.388449 45.209960 0.000000
vt -1.110759 45.209960 0.000000
vt -1.110759 44.427781 0.000000
vt -0.833069 44.427781 0.000000
vt -0.833069 43.645602 0.000000
vt -0.555379 43.645602 0.000000
vt -0.555379 42.863422 0.000000
vt -0.277690 42.863422 0.000000
vt -0.277690 42.081243 0.000000
vt 0.000000 42.743087 0.000000
vt 0.000000 41.587869 0.000000
vt -0.277690 41.299064 0.000000
vt 0.000000 40.432650 0.000000
vt -0.277690 40.516885 0.000000
vt -0.277690 39.734705 0.000000
vt -0.555379 40.516885 0.000000
vt -0.555379 39.734705 0.000000
vt -0.833069 40.516885 0.000000
vt -0.833069 39.734705 0.000000
vt -1.110759 40.516885 0.000000
vt -1.110759 39.734705 0.000000
vt -1.388449 40.516885 0.000000
vt -1.388449 39.734705 0.000000
vt -1.666138 40.516885 0.000000
vt -1.666138 39.734705 0.000000
vt -1.943828 40.516885 0.000000
vt -1.943828 39.734705 0.000000
vt -2.221518 40.047577 0.000000
vt -2.221518 38.796090 0.000000
vt -2.221518 56.316905 0.000000
vt -1.943828 56.160469 0.000000
vt -1.666138 55.378290 0.000000
vt -1.388449 54.596111 0.000000
vt -1.110759 53.813932 0.000000
vt -0.833069 53.031753 0.000000
vt -0.555379 52.249573 0.000000
vt -1.943828 55.378290 0.000000
vt -2.221518 55.065419 0.000000
vt -1.943828 54.596111 0.000000
vt -2.221518 53.813932 0.000000
vt -1.943828 53.813932 0.000000
vt -1.943828 53.031753 0.000000
vt -1.666138 53.031753 0.000000
vt -1.666138 52.249573 0.000000
vt -1.388449 52.249573 0.000000
vt -1.388449 51.467394 0.000000
vt -1.110759 51.467394 0.000000
vt -2.221518 52.562445 0.000000
vt -1.943828 52.249573 0.000000
vt -1.666138 51.467394 0.000000
vt -2.221518 51.310958 0.000000
vt -1.943828 51.467394 0.000000
vt -2.221518 46.305011 0.000000
vt -1.943828 45.992139 0.000000
vt -1.666138 45.209960 0.000000
vt -1.388449 44.427781 0.000000
vt -1.110759 43.645602 0.000000
vt -0.833069 42.863422 0.000000
vt -0.555379 42.081243 0.000000
vt -2.221518 45.053524 0.000000
vt -1.943828 45.209960 0.000000
vt -1.666138 44.427781 0.000000
vt -1.388449 43.645602 0.000000
vt -1.110759 42.863422 0.000000
vt -0.833069 42.081243 0.000000
vt -0.555379 41.299064 0.000000
vt -1.943828 44.427781 0.000000
vt -2.221518 43.802037 0.000000
vt -1.943828 43.645602 0.000000
vt -1.943828 42.863422 0.000000
vt -1.666138 42.863422 0.000000
vt -1.666138 42.081243 0.000000
vt -1.388449 42.081243 0.000000
vt -1.388449 41.299064 0.000000
vt -1.110759 41.299064 0.000000
vt -2.221518 42.550551 0.000000
vt -1.943828 42.081243 0.000000
vt -1.666138 41.299064 0.000000
vt -2.221518 41.299064 0.000000
vt -1.943828 41.299064 0.000000
vt -2.221518 37.544604 0.000000
vt -1.943828 38.170347 0.000000
vt -1.943828 38.952526 0.000000
vt -1.666138 38.952526 0.000000
vt -1.388449 38.952526 0.000000
vt -1.110759 38.952526 0.000000
vt -0.833069 38.952526 0.000000
vt -0.555379 38.952526 0.000000
vt -0.277690 38.952526 0.000000
vt 0.000000 39.277431 0.000000
vt -2.221518 36.293117 0.000000
vt -1.943828 36.605988 0.000000
vt -1.943828 37.388168 0.000000
vt -1.666138 37.388168 0.000000
vt -1.666138 38.170347 0.000000
vt -1.388449 37.388168 0.000000
vt -1.388449 38.170347 0.000000
vt -1.110759 37.388168 0.000000
vt -1.110759 38.170347 0.000000
vt -0.833069 37.388168 0.000000
vt -0.833069 38.170347 0.000000
vt -0.555379 37.388168 0.000000
vt -0.555379 38.170347 0.000000
vt -0.277690 37.388168 0.000000
vt -0.277690 38.170347 0.000000
vt 0.000000 38.122213 0.000000
vt -1.943828 35.823809 0.000000
vt -2.221518 35.041630 0.000000
vt -1.943828 35.041630 0.000000
vt -1.943828 34.259451 0.000000
vt -1.666138 34.259451 0.000000
vt -1.666138 33.477271 0.000000
vt -1.388449 33.477271 0.000000
vt -1.388449 32.695092 0.000000
vt -1.110759 32.695092 0.000000
vt -1.110759 31.912913 0.000000
vt -0.833069 31.912913 0.000000
vt -0.833069 31.130734 0.000000
vt -0.555379 31.130734 0.000000
vt -0.555379 30.348555 0.000000
vt -0.277690 30.348555 0.000000
vt -0.277690 29.566375 0.000000
vt 0.000000 30.035683 0.000000
vt 0.000000 28.880464 0.000000
vt -0.277690 28.784196 0.000000
vt -0.277690 28.002017 0.000000
vt -0.555379 28.784196 0.000000
vt -0.555379 28.002017 0.000000
vt -0.833069 28.784196 0.000000
vt -0.833069 28.002017 0.000000
vt -1.110759 28.784196 0.000000
vt -1.110759 28.002017 0.000000
vt -1.388449 28.784196 0.000000
vt -1.388449 28.002017 0.000000
vt -1.666138 28.784196 0.000000
vt -1.666138 28.002017 0.000000
vt -1.943828 28.784196 0.000000
vt -1.943828 28.002017 0.000000
vt -2.221518 28.784196 0.000000
vt -2.221518 27.532709 0.000000
vt -2.221518 33.790143 0.000000
vt -1.943828 33.477271 0.000000
vt -1.666138 32.695092 0.000000
vt -1.388449 31.912913 0.000000
vt -1.110759 31.130734 0.000000
vt -0.833069 30.348555 0.000000
vt -0.555379 29.566375 0.000000
vt -2.221518 32.538656 0.000000
vt -1.943828 32.695092 0.000000
vt -1.666138 31.912913 0.000000
vt -1.388449 31.130734 0.000000
vt -1.110759 30.348555 0.000000
vt -0.833069 29.566375 0.000000
vt -1.943828 31.912913 0.000000
vt -2.221518 31.287170 0.000000
vt -1.943828 31.130734 0.000000
vt -1.943828 30.348555 0.000000
vt -1.666138 30.348555 0.000000
vt -1.666138 29.566375 0.000000
vt -1.388449 29.566375 0.000000
vt -2.221518 30.035683 0.000000
vt -1.943828 29.566375 0.000000
vt -1.943828 27.219838 0.000000
vt -2.221518 26.281222 0.000000
vt -1.943828 26.437658 0.000000
vt -1.943828 25.655479 0.000000
vt -1.666138 25.655479 0.000000
vt -1.666138 24.873300 0.000000
vt -1.388449 24.873300 0.000000
vt -1.388449 24.091121 0.000000
vt -1.110759 24.091121 0.000000
vt -1.110759 23.308941 0.000000
vt -0.833069 23.308941 0.000000
vt -0.833069 22.526762 0.000000
vt -0.555379 22.526762 0.000000
vt -0.555379 21.822801 0.000000
vt -0.277690 21.822801 0.000000
vt -0.277690 21.118839 0.000000
vt 0.000000 21.949153 0.000000
vt 0.000000 20.793934 0.000000
vt -0.277690 20.414878 0.000000
vt 0.000000 19.638716 0.000000
vt -0.277690 19.710917 0.000000
vt -0.277690 19.006956 0.000000
vt -0.555379 19.710917 0.000000
vt -0.555379 19.006956 0.000000
vt -0.833069 19.710917 0.000000
vt -0.833069 19.006956 0.000000
vt -1.110759 19.710917 0.000000
vt -1.110759 19.006956 0.000000
vt -1.388449 19.710917 0.000000
vt -1.388449 19.006956 0.000000
vt -1.666138 19.710917 0.000000
vt -1.666138 19.006956 0.000000
vt -1.943828 19.710917 0.000000
vt -1.943828 19.006956 0.000000
vt -2.221518 18.772302 0.000000
vt -1.943828 18.302994 0.000000
vt -2.221518 17.520815 0.000000
vt -1.943828 17.599033 0.000000
vt -1.943828 16.895072 0.000000
vt -1.666138 16.895072 0.000000
vt -1.666138 16.191110 0.000000
vt -1.388449 16.191110 0.000000
vt -1.388449 15.487149 0.000000
vt -1.110759 15.487149 0.000000
vt -1.110759 14.783188 0.000000
vt -0.833069 14.783188 0.000000
vt -0.833069 14.079226 0.000000
vt -0.555379 14.079226 0.000000
vt -0.555379 13.375265 0.000000
vt -0.277690 13.375265 0.000000
vt -0.277690 12.671304 0.000000
vt 0.000000 12.707404 0.000000
vt -0.277690 11.967342 0.000000
vt 0.000000 11.552186 0.000000
vt -0.277690 11.263381 0.000000
vt 0.000000 10.396967 0.000000
vt -0.277690 10.559420 0.000000
vt -0.277690 9.855458 0.000000
vt -0.555379 10.559420 0.000000
vt -0.555379 9.855458 0.000000
vt -0.833069 10.559420 0.000000
vt -0.833069 9.855458 0.000000
vt -1.110759 10.559420 0.000000
vt -1.110759 9.855458 0.000000
vt -1.388449 10.559420 0.000000
vt -1.388449 9.855458 0.000000
vt -1.666138 10.559420 0.000000
vt -1.666138 9.855458 0.000000
vt -1.943828 10.559420 0.000000
vt -1.943828 9.855458 0.000000
vt -2.221518 10.011894 0.000000
vt -1.943828 9.151497 0.000000
vt -2.221518 8.760407 0.000000
vt -1.943828 8.447536 0.000000
vt -2.221518 7.508921 0.000000
vt -1.943828 7.743574 0.000000
vt -1.943828 7.039613 0.000000
vt -1.666138 7.039613 0.000000
vt -1.666138 6.335652 0.000000
vt -1.388449 6.335652 0.000000
vt -1.388449 5.631691 0.000000
vt -1.110759 5.631691 0.000000
vt -1.110759 4.927729 0.000000
vt -0.833069 4.927729 0.000000
vt -0.833069 4.223768 0.000000
vt -0.555379 4.223768 0.000000
vt -0.555379 3.519807 0.000000
vt -0.277690 3.519807 0.000000
vt -0.277690 2.815845 0.000000
vt 0.000000 3.465656 0.000000
vt 0.000000 2.310437 0.000000
vt -0.277690 2.111884 0.000000
vt -0.277690 1.407923 0.000000
vt -0.555379 2.111884 0.000000
vt -0.555379 1.407923 0.000000
vt -0.833069 2.111884 0.000000
vt -0.833069 1.407923 0.000000
vt -1.110759 2.111884 0.000000
vt -1.110759 1.407923 0.000000
vt -1.388449 2.111884 0.000000
vt -1.388449 1.407923 0.000000
vt -1.666138 2.111884 0.000000
vt -1.666138 1.407923 0.000000
vt -1.943828 2.111884 0.000000
vt -1.943828 1.407923 0.000000
vt -2.221518 1.251487 0.000000
vt -1.943828 0.703961 0.000000
vt -2.221518 0.000000 0.000000
vt -1.943828 0.000000 0.000000
vt -2.221518 25.029736 0.000000
vt -1.943828 24.873300 0.000000
vt -1.666138 24.091121 0.000000
vt -1.388449 23.308941 0.000000
vt -1.110759 22.526762 0.000000
vt -0.833069 21.822801 0.000000
vt -0.555379 21.118839 0.000000
vt -1.943828 24.091121 0.000000
vt -2.221518 23.778249 0.000000
vt -1.943828 23.308941 0.000000
vt -2.221518 22.526762 0.000000
vt -1.943828 22.526762 0.000000
vt -1.943828 21.822801 0.000000
vt -1.666138 21.822801 0.000000
vt -1.666138 21.118839 0.000000
vt -1.388449 21.118839 0.000000
vt -1.388449 20.414878 0.000000
vt -1.110759 20.414878 0.000000
vt -2.221518 21.275275 0.000000
vt -1.943828 21.118839 0.000000
vt -1.666138 20.414878 0.000000
vt -1.943828 20.414878 0.000000
vt -2.221518 20.023789 0.000000
vt -2.221518 16.269328 0.000000
vt -1.943828 16.191110 0.000000
vt -1.666138 15.487149 0.000000
vt -1.388449 14.783188 0.000000
vt -1.110759 14.079226 0.000000
vt -0.833069 13.375265 0.000000
vt -0.555379 12.671304 0.000000
vt -1.943828 15.487149 0.000000
vt -2.221518 15.017841 0.000000
vt -1.943828 14.783188 0.000000
vt -1.943828 14.079226 0.000000
vt -1.666138 14.079226 0.000000
vt -1.666138 13.375265 0.000000
vt -1.388449 13.375265 0.000000
vt -1.388449 12.671304 0.000000
vt -1.110759 12.671304 0.000000
vt -1.110759 11.967342 0.000000
vt -0.833069 11.967342 0.000000
vt -0.833069 11.263381 0.000000
vt -0.555379 11.263381 0.000000
vt -2.221518 13.766355 0.000000
vt -1.943828 13.375265 0.000000
vt -1.666138 12.671304 0.000000
vt -1.388449 11.967342 0.000000
vt -1.110759 11.263381 0.000000
vt -2.221518 12.514868 0.000000
vt -1.943828 12.671304 0.000000
vt -1.666138 11.967342 0.000000
vt -1.388449 11.263381 0.000000
vt -1.943828 11.967342 0.000000
vt -2.221518 11.263381 0.000000
vt -1.943828 11.263381 0.000000
vt -2.221518 6.257434 0.000000
vt -1.943828 6.335652 0.000000
vt -1.666138 5.631691 0.000000
vt -1.388449 4.927729 0.000000
vt -1.110759 4.223768 0.000000
vt -0.833069 3.519807 0.000000
vt -0.555379 2.815845 0.000000
vt -1.943828 5.631691 0.000000
vt -2.221518 5.005947 0.000000
vt -1.943828 4.927729 0.000000
vt -1.943828 4.223768 0.000000
vt -1.666138 4.223768 0.000000
vt -1.666138 3.519807 0.000000
vt -1.388449 3.519807 0.000000
vt -1.388449 2.815845 0.000000
vt -1.110759 2.815845 0.000000
vt -2.221518 3.754460 0.000000
vt -1.943828 3.519807 0.000000
vt -1.666138 2.815845 0.000000
vt -1.943828 2.815845 0.000000
vt -2.221518 2.502974 0.000000
vt -1.666138 0.000000 0.000000
vt -1.666138 0.703961 0.000000
vt -1.388449 0.000000 0.000000
vt -1.388449 0.703961 0.000000
vt -1.110759 0.000000 0.000000
vt -1.110759 0.703961 0.000000
vt -0.833069 0.000000 0.000000
vt -0.833069 0.703961 0.000000
vt -0.555379 0.000000 0.000000
vt -0.555379 0.703961 0.000000
vt -0.277690 0.000000 0.000000
vt -0.277690 0.703961 0.000000
vt 0.000000 0.000000 0.000000
vt 0.000000 1.155219 0.000000
vt -0.277690 4.223768 0.000000
vt 0.000000 4.620874 0.000000
vt -0.277690 4.927729 0.000000
vt 0.000000 5.776093 0.000000
vt -0.277690 5.631691 0.000000
vt -0.277690 6.335652 0.000000
vt -0.555379 6.335652 0.000000
vt -0.555379 7.039613 0.000000
vt -0.833069 7.039613 0.000000
vt -0.833069 7.743574 0.000000
vt -1.110759 7.743574 0.000000
vt -1.110759 8.447536 0.000000
vt -1.388449 8.447536 0.000000
vt -1.388449 9.151497 0.000000
vt -1.666138 9.151497 0.000000
vt 0.000000 6.931311 0.000000
vt -0.277690 7.039613 0.000000
vt -0.555379 7.743574 0.000000
vt -0.833069 8.447536 0.000000
vt -1.110759 9.151497 0.000000
vt -0.277690 7.743574 0.000000
vt 0.000000 8.086530 0.000000
vt -0.277690 8.447536 0.000000
vt 0.000000 9.241749 0.000000
vt -0.277690 9.151497 0.000000
vt 0.000000 13.862623 0.000000
vt -0.277690 14.079226 0.000000
vt -0.555379 14.783188 0.000000
vt -0.833069 15.487149 0.000000
vt -1.110759 16.191110 0.000000
vt -1.388449 16.895072 0.000000
vt -1.666138 17.599033 0.000000
vt -0.277690 14.783188 0.000000
vt 0.000000 15.017841 0.000000
vt -0.277690 15.487149 0.000000
vt 0.000000 16.173060 0.000000
vt -0.277690 16.191110 0.000000
vt -0.277690 16.895072 0.000000
vt -0.555379 16.895072 0.000000
vt -0.555379 17.599033 0.000000
vt -0.833069 17.599033 0.000000
vt -0.833069 18.302994 0.000000
vt -1.110759 18.302994 0.000000
vt 0.000000 17.328279 0.000000
vt -0.277690 17.599033 0.000000
vt -0.555379 18.302994 0.000000
vt 0.000000 18.483497 0.000000
vt -0.277690 18.302994 0.000000
vt -0.277690 22.526762 0.000000
vt 0.000000 23.104371 0.000000
vt -0.277690 23.308941 0.000000
vt 0.000000 24.259590 0.000000
vt -0.277690 24.091121 0.000000
vt -0.277690 24.873300 0.000000
vt -0.555379 24.873300 0.000000
vt -0.555379 25.655479 0.000000
vt -0.833069 25.655479 0.000000
vt -0.833069 26.437658 0.000000
vt -1.110759 26.437658 0.000000
vt -1.110759 27.219838 0.000000
vt -1.388449 27.219838 0.000000
vt 0.000000 25.414809 0.000000
vt -0.277690 25.655479 0.000000
vt -0.555379 26.437658 0.000000
vt -0.833069 27.219838 0.000000
vt 0.000000 26.570027 0.000000
vt -0.277690 26.437658 0.000000
vt -0.555379 27.219838 0.000000
vt -0.277690 27.219838 0.000000
vt 0.000000 27.725246 0.000000
vt 0.000000 31.190901 0.000000
vt -0.277690 31.130734 0.000000
vt -0.555379 31.912913 0.000000
vt -0.833069 32.695092 0.000000
vt -1.110759 33.477271 0.000000
vt -1.388449 34.259451 0.000000
vt -1.666138 35.041630 0.000000
vt -0.277690 31.912913 0.000000
vt 0.000000 32.346120 0.000000
vt -0.277690 32.695092 0.000000
vt 0.000000 33.501339 0.000000
vt -0.277690 33.477271 0.000000
vt -0.277690 34.259451 0.000000
vt -0.555379 34.259451 0.000000
vt -0.555379 35.041630 0.000000
vt -0.833069 35.041630 0.000000
vt -0.833069 35.823809 0.000000
vt -1.110759 35.823809 0.000000
vt -1.110759 36.605988 0.000000
vt -1.388449 36.605988 0.000000
vt 0.000000 34.656557 0.000000
vt -0.277690 35.041630 0.000000
vt -0.555379 35.823809 0.000000
vt -0.833069 36.605988 0.000000
vt 0.000000 35.811776 0.000000
vt -0.277690 35.823809 0.000000
vt -0.555379 36.605988 0.000000
vt -0.277690 36.605988 0.000000
vt 0.000000 36.966994 0.000000
vt -0.277690 43.645602 0.000000
vt 0.000000 43.898306 0.000000
vt -0.277690 44.427781 0.000000
vt 0.000000 45.053524 0.000000
vt -0.277690 45.209960 0.000000
vt -0.277690 45.992139 0.000000
vt -0.555379 45.992139 0.000000
vt -0.555379 46.774319 0.000000
vt -0.833069 46.774319 0.000000
vt -0.833069 47.556498 0.000000
vt -1.110759 47.556498 0.000000
vt -1.110759 48.338677 0.000000
vt -1.388449 48.338677 0.000000
vt -1.388449 49.120856 0.000000
vt -1.666138 49.120856 0.000000
vt 0.000000 46.208743 0.000000
vt -0.277690 46.774319 0.000000
vt -0.555379 47.556498 0.000000
vt -0.833069 48.338677 0.000000
vt -1.110759 49.120856 0.000000
vt 0.000000 47.363961 0.000000
vt -0.277690 47.556498 0.000000
vt -0.555379 48.338677 0.000000
vt -0.833069 49.120856 0.000000
vt 0.000000 48.519180 0.000000
vt -0.277690 48.338677 0.000000
vt -0.555379 49.120856 0.000000
vt -0.277690 49.120856 0.000000
vt 0.000000 49.674399 0.000000
vt -0.277690 53.813932 0.000000
vt 0.000000 54.295273 0.000000
vt -0.277690 54.596111 0.000000
vt 0.000000 55.450491 0.000000
vt -0.277690 55.378290 0.000000
vt -0.277690 56.160469 0.000000
vt -0.555379 56.160469 0.000000
vt -0.555379 56.942649 0.000000
vt -0.833069 56.942649 0.000000
vt -0.833069 57.724828 0.000000
vt -1.110759 57.724828 0.000000
vt -1.110759 58.507007 0.000000
vt -1.388449 58.507007 0.000000
vt -1.388449 59.289186 0.000000
vt -1.666138 59.289186 0.000000
vt -1.666138 60.071366 0.000000
vt 0.000000 56.605710 0.000000
vt -0.277690 56.942649 0.000000
vt -0.555379 57.724828 0.000000
vt -0.833069 58.507007 0.000000
vt -1.110759 59.289186 0.000000
vt -1.388449 60.071366 0.000000
vt 0.000000 57.760929 0.000000
vt -0.277690 57.724828 0.000000
vt -0.555379 58.507007 0.000000
vt -0.833069 59.289186 0.000000
vt -1.110759 60.071366 0.000000
vt -0.277690 58.507007 0.000000
vt 0.000000 58.916147 0.000000
vt -0.277690 59.289186 0.000000
vt 0.000000 60.071366 0.000000
vt -0.277690 60.071366 0.000000
vt -0.555379 60.071366 0.000000
vt -0.555379 59.289186 0.000000
vt -0.833069 60.071366 0.000000
vt -1.666138 58.507007 0.000000
vt -1.666138 57.724828 0.000000
vt -1.388449 57.724828 0.000000
vt -1.110759 56.942649 0.000000
vt -0.833069 56.160469 0.000000
vt -0.555379 55.378290 0.000000
vt -1.388449 56.942649 0.000000
vt -1.110759 56.160469 0.000000
vt -0.833069 55.378290 0.000000
vt -0.555379 54.596111 0.000000
vt -1.666138 54.596111 0.000000
vt -1.388449 53.813932 0.000000
vt -1.110759 53.031753 0.000000
vt -0.833069 52.249573 0.000000
vt -0.555379 51.467394 0.000000
vt -1.666138 53.813932 0.000000
vt -1.388449 53.031753 0.000000
vt -1.110759 52.249573 0.000000
vt -0.833069 51.467394 0.000000
vt -1.666138 48.338677 0.000000
vt -1.388449 47.556498 0.000000
vt -1.110759 46.774319 0.000000
vt -0.833069 45.992139 0.000000
vt -0.555379 45.209960 0.000000
vt -1.666138 47.556498 0.000000
vt -1.388449 46.774319 0.000000
vt -1.110759 45.992139 0.000000
vt -0.833069 45.209960 0.000000
vt -0.555379 44.427781 0.000000
vt -1.666138 43.645602 0.000000
vt -1.388449 42.863422 0.000000
vt -1.110759 42.081243 0.000000
vt -0.833069 41.299064 0.000000
vt -1.666138 36.605988 0.000000
vt -1.666138 35.823809 0.000000
vt -1.388449 35.823809 0.000000
vt -1.110759 35.041630 0.000000
vt -0.833069 34.259451 0.000000
vt -0.555379 33.477271 0.000000
vt -1.388449 35.041630 0.000000
vt -1.110759 34.259451 0.000000
vt -0.833069 33.477271 0.000000
vt -0.555379 32.695092 0.000000
vt -1.666138 31.130734 0.000000
vt -1.388449 30.348555 0.000000
vt -1.110759 29.566375 0.000000
vt -1.666138 27.219838 0.000000
vt -1.666138 26.437658 0.000000
vt -1.388449 26.437658 0.000000
vt -1.110759 25.655479 0.000000
vt -0.833069 24.873300 0.000000
vt -0.555379 24.091121 0.000000
vt -1.388449 25.655479 0.000000
vt -1.110759 24.873300 0.000000
vt -0.833069 24.091121 0.000000
vt -0.555379 23.308941 0.000000
vt -1.666138 23.308941 0.000000
vt -1.388449 22.526762 0.000000
vt -1.110759 21.822801 0.000000
vt -0.833069 21.118839 0.000000
vt -0.555379 20.414878 0.000000
vt -1.666138 22.526762 0.000000
vt -1.388449 21.822801 0.000000
vt -1.110759 21.118839 0.000000
vt -0.833069 20.414878 0.000000
vt -1.666138 18.302994 0.000000
vt -1.388449 18.302994 0.000000
vt -1.388449 17.599033 0.000000
vt -1.110759 17.599033 0.000000
vt -0.833069 16.895072 0.000000
vt -0.555379 16.191110 0.000000
vt -1.110759 16.895072 0.000000
vt -0.833069 16.191110 0.000000
vt -0.555379 15.487149 0.000000
vt -1.666138 14.783188 0.000000
vt -1.388449 14.079226 0.000000
vt -1.110759 13.375265 0.000000
vt -0.833069 12.671304 0.000000
vt -0.555379 11.967342 0.000000
vt -1.666138 11.263381 0.000000
vt -0.833069 9.151497 0.000000
vt -0.555379 9.151497 0.000000
vt -1.666138 8.447536 0.000000
vt -1.388449 7.743574 0.000000
vt -1.110759 7.039613 0.000000
vt -0.833069 6.335652 0.000000
vt -0.555379 5.631691 0.000000
vt -1.666138 7.743574 0.000000
vt -0.555379 8.447536 0.000000
vt -1.388449 7.039613 0.000000
vt -1.110759 6.335652 0.000000
vt -0.833069 5.631691 0.000000
vt -0.555379 4.927729 0.000000
vt -1.666138 4.927729 0.000000
vt -1.388449 4.223768 0.000000
vt -1.110759 3.519807 0.000000
vt -0.833069 2.815845 0.000000
vt -3.345617 -1.208304 0.000000
vt 3.345617 -0.000000 0.000000
vt -3.345617 0.000000 0.000000
vt 3.345617 1.208304 0.000000
vt -3.345617 1.208304 0.000000
vt 3.345617 2.416609 0.000000
vt -3.345617 2.416609 0.000000
vt 3.345617 3.624913 0.000000
vt -3.345617 3.624913 0.000000
vt 3.345617 4.833217 0.000000
vt -3.345617 4.833217 0.000000
vt 3.345617 6.041521 0.000000
vt -3.345617 6.041521 0.000000
vt 3.345617 7.249826 0.000000
vt -3.345617 7.249826 0.000000
vt 3.345617 8.458130 0.000000
vt -3.345617 8.458130 0.000000
vt 3.345617 9.666434 0.000000
vt -3.345617 9.666434 0.000000
vt 3.345617 10.874738 0.000000
vt -3.345617 10.874738 0.000000
vt 3.345617 12.083043 0.000000
vt -3.345617 12.083043 0.000000
vt 3.345617 13.291347 0.000000
vt -3.345617 13.291347 0.000000
vt 3.345617 14.499651 0.000000
vt -3.345617 14.499651 0.000000
vt 3.345617 15.707955 0.000000
vt -3.345617 15.707955 0.000000
vt 3.345617 16.916260 0.000000
vt -3.345617 16.916260 0.000000
vt 3.345617 18.124564 0.000000
vt -3.345617 18.124564 0.000000
vt 3.345617 19.332868 0.000000
vt -3.345617 19.332868 0.000000
vt 3.345617 20.541172 0.000000
vt -3.345617 20.541172 0.000000
vt 3.345617 21.749477 0.000000
vt -3.345617 21.749477 0.000000
vt 3.345617 22.957781 0.000000
vt -3.345617 22.957781 0.000000
vt 3.345617 24.166085 0.000000
vt -3.345617 24.166085 0.000000
vt 3.345617 25.374390 0.000000
vt -3.345617 25.374390 0.000000
vt 3.345617 26.582694 0.000000
vt -3.345617 26.582694 0.000000
vt 3.345617 27.790998 0.000000
vt -3.345617 27.790998 0.000000
vt 3.345617 28.999302 0.000000
vt -3.345617 28.999302 0.000000
vt 3.345617 30.207607 0.000000
vt -3.345617 30.207607 0.000000
vt -3.345617 31.415911 0.000000
vt 3.345617 31.415911 0.000000
vt -3.345617 -31.415911 0.000000
vt 3.345617 -31.415911 0.000000
vt -3.345617 -30.207607 0.000000
vt 3.345617 -30.207607 0.000000
vt 3.345617 -28.999302 0.000000
vt 3.345617 -1.208304 0.000000
vt -3.345617 -2.416609 0.000000
vt 3.345617 -2.416609 0.000000
vt -3.345617 -3.624913 0.000000
vt 3.345617 -3.624913 0.000000
vt -3.345617 -4.833217 0.000000
vt 3.345617 -4.833217 0.000000
vt -3.345617 -6.041521 0.000000
vt 3.345617 -6.041521 0.000000
vt -3.345617 -7.249826 0.000000
vt 3.345617 -7.249826 0.000000
vt -3.345617 -8.458130 0.000000
vt 3.345617 -8.458130 0.000000
vt -3.345617 -9.666434 0.000000
vt 3.345617 -9.666434 0.000000
vt -3.345617 -10.874738 0.000000
vt 3.345617 -10.874738 0.000000
vt -3.345617 -12.083043 0.000000
vt 3.345617 -12.083043 0.000000
vt -3.345617 -13.291347 0.000000
vt 3.345617 -13.291347 0.000000
vt -3.345617 -14.499651 0.000000
vt 3.345617 -14.499651 0.000000
vt -3.345617 -15.707955 0.000000
vt 3.345617 -15.707955 0.000000
vt -3.345617 -16.916260 0.000000
vt 3.345617 -16.916260 0.000000
vt -3.345617 -18.124564 0.000000
vt 3.345617 -18.124564 0.000000
vt -3.345617 -19.332868 0.000000
vt 3.345617 -19.332868 0.000000
vt -3.345617 -20.541172 0.000000
vt 3.345617 -20.541172 0.000000
vt -3.345617 -21.749477 0.000000
vt 3.345617 -21.749477 0.000000
vt -3.345617 -22.957781 0.000000
vt 3.345617 -22.957781 0.000000
vt -3.345617 -24.166085 0.000000
vt 3.345617 -24.166085 0.000000
vt -3.345617 -25.374390 0.000000
vt 3.345617 -25.374390 0.000000
vt -3.345617 -26.582694 0.000000
vt 3.345617 -26.582694 0.000000
vt -3.345617 -27.790998 0.000000
vt 3.345617 -27.790998 0.000000
vt -3.345617 -28.999302 0.000000
vt 8.427275 1.109472 0.000000
vt -8.427275 1.109472 0.000000
vt 8.499994 0.000000 0.000000
vt -8.499994 0.000000 0.000000
vt 8.427275 -1.109472 0.000000
vt -8.427275 -1.109472 0.000000
vt 8.210364 -2.199960 0.000000
vt -8.210364 -2.199960 0.000000
vt 7.852971 -3.252807 0.000000
vt -7.852971 -3.252807 0.000000
vt 7.361211 -4.249997 0.000000
vt -7.361211 -4.249997 0.000000
vt 6.743499 -5.174469 0.000000
vt -6.743499 -5.174469 0.000000
vt 6.010403 -6.010403 0.000000
vt -6.010403 -6.010403 0.000000
vt 5.174469 -6.743499 0.000000
vt -5.174469 -6.743499 0.000000
vt 4.249997 -7.361211 0.000000
vt -4.249997 -7.361211 0.000000
vt 3.252807 -7.852971 0.000000
vt -3.252807 -7.852971 0.000000
vt 2.199960 -8.210364 0.000000
vt -2.199960 -8.210364 0.000000
vt 1.109472 -8.427275 0.000000
vt -1.109472 -8.427275 0.000000
vt -0.000000 -8.499994 0.000000
vt -8.210364 2.199960 0.000000
vt 8.210364 2.199960 0.000000
vt -7.852971 3.252807 0.000000
vt 7.852971 3.252807 0.000000
vt -7.361211 4.249997 0.000000
vt 7.361211 4.249997 0.000000
vt -6.743499 5.174469 0.000000
vt 6.743499 5.174469 0.000000
vt -6.010403 6.010403 0.000000
vt 6.010403 6.010403 0.000000
vt -5.174469 6.743499 0.000000
vt 5.174469 6.743499 0.000000
vt -4.249997 7.361211 0.000000
vt 4.249997 7.361211 0.000000
vt -3.252807 7.852971 0.000000
vt 3.252807 7.852971 0.000000
vt -2.199960 8.210364 0.000000
vt 2.199960 8.210364 0.000000
vt -1.109472 8.427275 0.000000
vt 1.109472 8.427275 0.000000
vt 0.000000 8.499994 0.000000
vt -27.953294 -61.720562 0.000000
vt -27.859599 -62.405502 0.000000
vt -26.990848 -62.794472 0.000000
vt -27.859599 -64.634270 0.000000
vt -25.938330 -63.639022 0.000000
vt -25.630831 -64.634270 0.000000
vt -24.817616 -64.260440 0.000000
vt -25.630831 -65.181836 0.000000
vt -23.649327 -64.669644 0.000000
vt -23.402063 -65.041736 0.000000
vt -22.452619 -64.880073 0.000000
vt -23.402063 -66.863038 0.000000
vt -21.173295 -66.863038 0.000000
vt -21.173295 -69.091806 0.000000
vt -18.944527 -69.091806 0.000000
vt -18.944527 -71.320574 0.000000
vt -16.715760 -71.320574 0.000000
vt -16.715760 -73.549342 0.000000
vt -14.486992 -73.549342 0.000000
vt -14.486992 -75.778110 0.000000
vt -12.258224 -75.778110 0.000000
vt -12.258224 -78.006878 0.000000
vt -10.029456 -78.006878 0.000000
vt -10.029456 -80.235646 0.000000
vt -7.800688 -80.235646 0.000000
vt -7.800688 -82.464414 0.000000
vt -5.571920 -82.464414 0.000000
vt -5.571920 -84.693182 0.000000
vt -3.343152 -84.693182 0.000000
vt -3.343152 -86.921950 0.000000
vt -1.114384 -86.921950 0.000000
vt -1.114384 -89.150718 0.000000
vt 1.114384 -89.150718 0.000000
vt 1.114384 -91.379486 0.000000
vt 3.343152 -91.379486 0.000000
vt 3.343152 -93.608254 0.000000
vt 5.571920 -93.608254 0.000000
vt 5.571920 -95.837021 0.000000
vt 7.800688 -95.837021 0.000000
vt 7.800688 -98.065789 0.000000
vt 10.029456 -98.065789 0.000000
vt 10.029456 -100.294557 0.000000
vt 12.258224 -100.294557 0.000000
vt 12.258224 -102.523325 0.000000
vt 14.486992 -102.523325 0.000000
vt 14.486992 -104.752093 0.000000
vt 16.715760 -104.752093 0.000000
vt 16.715760 104.752093 0.000000
vt 14.486992 104.752093 0.000000
vt 16.715760 102.523325 0.000000
vt 17.458682 104.752093 0.000000
vt 18.944527 102.523325 0.000000
vt 18.944527 104.752093 0.000000
vt 21.173295 102.523325 0.000000
vt 21.173295 104.752093 0.000000
vt 23.402063 102.523325 0.000000
vt 23.402063 104.752093 0.000000
vt 25.630831 102.523325 0.000000
vt 25.630831 104.752093 0.000000
vt 27.859599 102.523325 0.000000
vt 27.859599 104.752093 0.000000
vt 30.088367 102.523325 0.000000
vt 30.088367 104.752093 0.000000
vt 32.317135 102.523325 0.000000
vt 32.317135 104.752093 0.000000
vt 34.545903 102.523325 0.000000
vt 34.545903 104.752093 0.000000
vt 36.774671 102.523325 0.000000
vt 36.774671 104.752093 0.000000
vt 39.003439 102.523325 0.000000
vt 39.003439 104.752093 0.000000
vt 41.232207 102.523325 0.000000
vt 41.232207 104.752093 0.000000
vt 43.460975 102.523325 0.000000
vt 43.460975 104.752093 0.000000
vt 45.689743 102.523325 0.000000
vt 45.689743 104.752093 0.000000
vt 47.918511 102.523325 0.000000
vt 47.918511 104.752093 0.000000
vt 50.147279 102.523325 0.000000
vt 50.147279 104.752093 0.000000
vt 52.376047 102.523325 0.000000
vt -30.088367 -62.405502 0.000000
vt -28.803019 -60.418541 0.000000
vt -30.088367 -60.176734 0.000000
vt -29.517471 -58.900231 0.000000
vt -30.088367 -57.947966 0.000000
vt -30.075463 -57.190780 0.000000
vt -32.317135 -57.947966 0.000000
vt -32.317135 -55.719199 0.000000
vt -34.545903 -55.719199 0.000000
vt -34.545903 -53.490431 0.000000
vt -36.774671 -53.490431 0.000000
vt -36.774671 -51.261663 0.000000
vt -39.003439 -51.261663 0.000000
vt -39.003439 -49.032895 0.000000
vt -41.232207 -49.032895 0.000000
vt -41.232207 -46.804127 0.000000
vt -43.460975 -46.804127 0.000000
vt -43.460975 -44.575359 0.000000
vt -45.689743 -44.575359 0.000000
vt -45.689743 -42.346591 0.000000
vt -47.918511 -42.346591 0.000000
vt -47.918511 -40.117823 0.000000
vt -50.147279 -40.117823 0.000000
vt -50.147279 -37.889055 0.000000
vt -52.376047 -37.889055 0.000000
vt -30.458807 -55.330107 0.000000
vt -32.317135 -53.490431 0.000000
vt -34.545903 -51.261663 0.000000
vt -36.774671 -49.032895 0.000000
vt -39.003439 -46.804127 0.000000
vt -41.232207 -44.575359 0.000000
vt -43.460975 -42.346591 0.000000
vt -45.689743 -40.117823 0.000000
vt -47.918511 -37.889055 0.000000
vt -50.147279 -35.660287 0.000000
vt -52.376047 -35.660287 0.000000
vt -30.654062 -53.371969 0.000000
vt -30.654062 -51.380124 0.000000
vt -32.317135 -51.261663 0.000000
vt -30.458807 -49.421987 0.000000
vt -32.317135 -49.032895 0.000000
vt -30.075463 -47.561313 0.000000
vt -32.317135 -46.804127 0.000000
vt -30.088367 -46.804127 0.000000
vt -32.317135 -44.575359 0.000000
vt -30.088367 -44.575359 0.000000
vt -32.317135 -42.346591 0.000000
vt -30.088367 -42.346591 0.000000
vt -32.317135 -40.117823 0.000000
vt -30.088367 -40.117823 0.000000
vt -32.317135 -37.889055 0.000000
vt -30.088367 -37.889055 0.000000
vt -32.317135 -35.660287 0.000000
vt -30.088367 -35.660287 0.000000
vt -32.317135 -33.431519 0.000000
vt -30.088367 -33.431519 0.000000
vt -32.317135 -31.202751 0.000000
vt -30.088367 -31.202751 0.000000
vt -32.317135 -28.973983 0.000000
vt -30.088367 -28.973983 0.000000
vt -32.317135 -26.745215 0.000000
vt -30.088367 -26.745215 0.000000
vt -32.317135 -24.516447 0.000000
vt -30.088367 -24.516447 0.000000
vt -32.317135 -22.287679 0.000000
vt -30.088367 -22.287679 0.000000
vt -32.317135 -20.058911 0.000000
vt -30.088367 -20.058911 0.000000
vt -32.317135 -17.830144 0.000000
vt -30.088367 -17.830144 0.000000
vt -32.317135 -15.601376 0.000000
vt -30.088367 -15.601376 0.000000
vt -32.317135 -13.372608 0.000000
vt -30.088367 -13.372608 0.000000
vt -32.317135 -11.143840 0.000000
vt -30.088367 -11.143840 0.000000
vt -32.317135 -8.915072 0.000000
vt -30.088367 -8.915072 0.000000
vt -32.317135 -6.686304 0.000000
vt -30.088367 -6.686304 0.000000
vt -32.317135 -4.457536 0.000000
vt -30.088367 -4.457536 0.000000
vt -32.317135 -2.228768 0.000000
vt -30.088367 -2.228768 0.000000
vt -32.317135 0.000000 0.000000
vt -30.088367 0.000000 0.000000
vt -32.317135 2.228768 0.000000
vt -30.088367 2.228768 0.000000
vt -32.317135 4.457536 0.000000
vt -30.088367 4.457536 0.000000
vt -32.317135 6.686304 0.000000
vt -30.088367 6.686304 0.000000
vt -32.317135 8.915072 0.000000
vt -30.088367 8.915072 0.000000
vt -32.317135 11.143840 0.000000
vt -30.088367 11.143840 0.000000
vt -32.317135 13.372608 0.000000
vt -30.088367 13.372608 0.000000
vt -32.317135 15.601376 0.000000
vt -30.088367 15.601376 0.000000
vt -32.317135 17.830144 0.000000
vt -30.088367 17.830144 0.000000
vt -32.317135 20.058911 0.000000
vt -30.088367 20.058911 0.000000
vt -32.317135 22.287679 0.000000
vt -30.088367 22.287679 0.000000
vt -32.317135 24.516447 0.000000
vt -30.088367 24.516447 0.000000
vt -32.317135 26.745215 0.000000
vt -30.088367 26.745215 0.000000
vt -32.317135 28.973983 0.000000
vt -30.088367 28.973983 0.000000
vt -32.317135 31.202751 0.000000
vt -30.088367 31.202751 0.000000
vt -32.317135 33.431519 0.000000
vt -30.088367 33.431519 0.000000
vt -32.317135 35.660287 0.000000
vt -30.088367 35.660287 0.000000
vt -32.317135 37.889055 0.000000
vt -30.088367 37.889055 0.000000
vt -32.317135 40.117823 0.000000
vt -30.088367 40.117823 0.000000
vt -32.317135 42.346591 0.000000
vt -30.088367 42.346591 0.000000
vt -32.317135 44.575359 0.000000
vt -30.088367 44.575359 0.000000
vt -32.317135 46.804127 0.000000
vt -30.088367 46.804127 0.000000
vt -32.317135 49.032895 0.000000
vt -30.088367 49.032895 0.000000
vt -32.317135 51.261663 0.000000
vt -30.088367 51.261663 0.000000
vt -32.317135 53.490431 0.000000
vt -30.088367 53.490431 0.000000
vt -32.317135 55.719199 0.000000
vt -30.088367 55.719199 0.000000
vt -32.317135 57.947966 0.000000
vt -30.088367 57.947966 0.000000
vt -32.317135 60.176734 0.000000
vt -30.088367 60.176734 0.000000
vt -32.317135 62.405502 0.000000
vt -30.088367 62.405502 0.000000
vt -32.317135 64.634270 0.000000
vt -30.088367 64.634270 0.000000
vt -32.317135 66.863038 0.000000
vt -30.088367 66.863038 0.000000
vt -32.317135 69.091806 0.000000
vt -30.088367 69.091806 0.000000
vt -32.317135 71.320574 0.000000
vt -30.088367 71.320574 0.000000
vt -32.317135 73.549342 0.000000
vt -30.088367 73.549342 0.000000
vt -32.317135 75.778110 0.000000
vt -30.088367 75.778110 0.000000
vt -32.317135 78.006878 0.000000
vt -30.088367 78.006878 0.000000
vt -32.317135 80.235646 0.000000
vt -30.088367 80.235646 0.000000
vt -32.317135 82.464414 0.000000
vt -30.088367 82.464414 0.000000
vt -32.317135 84.693182 0.000000
vt -30.088367 84.693182 0.000000
vt -32.317135 86.921950 0.000000
vt -30.088367 86.921950 0.000000
vt -32.317135 89.150718 0.000000
vt -30.088367 89.150718 0.000000
vt -32.317135 91.379486 0.000000
vt -30.088367 91.379486 0.000000
vt -32.317135 93.608254 0.000000
vt -30.088367 93.608254 0.000000
vt -32.317135 95.837021 0.000000
vt -30.088367 95.837021 0.000000
vt -32.317135 98.065789 0.000000
vt -30.088367 98.065789 0.000000
vt -32.317135 100.294557 0.000000
vt -30.088367 100.294557 0.000000
vt -32.317135 102.523325 0.000000
vt -30.088367 102.523325 0.000000
vt -32.317135 104.752093 0.000000
vt -30.088367 104.752093 0.000000
vt -32.317135 -104.752093 0.000000
vt -30.088367 -104.752093 0.000000
vt -32.317135 -102.523325 0.000000
vt -30.088367 -102.523325 0.000000
vt -32.317135 -100.294557 0.000000
vt -30.088367 -100.294557 0.000000
vt -32.317135 -98.065789 0.000000
vt -30.088367 -98.065789 0.000000
vt -32.317135 -95.837021 0.000000
vt -30.088367 -95.837021 0.000000
vt -32.317135 -93.608254 0.000000
vt -30.088367 -93.608254 0.000000
vt -32.317135 -91.379486 0.000000
vt -30.088367 -91.379486 0.000000
vt -32.317135 -89.150718 0.000000
vt -30.088367 -89.150718 0.000000
vt -32.317135 -86.921950 0.000000
vt -30.088367 -86.921950 0.000000
vt -32.317135 -84.693182 0.000000
vt -30.088367 -84.693182 0.000000
vt -32.317135 -82.464414 0.000000
vt -30.088367 -82.464414 0.000000
vt -32.317135 -80.235646 0.000000
vt -30.088367 -80.235646 0.000000
vt -32.317135 -78.006878 0.000000
vt -30.088367 -78.006878 0.000000
vt -32.317135 -75.778110 0.000000
vt -30.088367 -75.778110 0.000000
vt -32.317135 -73.549342 0.000000
vt -30.088367 -73.549342 0.000000
vt -32.317135 -71.320574 0.000000
vt -30.088367 -71.320574 0.000000
vt -32.317135 -69.091806 0.000000
vt -30.088367 -69.091806 0.000000
vt -32.317135 -66.863038 0.000000
vt -30.088367 -66.863038 0.000000
vt -32.317135 -65.602136 0.000000
vt -30.088367 -65.462036 0.000000
vt -32.317135 -64.634270 0.000000
vt -30.088367 -64.634270 0.000000
vt -32.317135 -62.405502 0.000000
vt -32.317135 -60.176734 0.000000
vt -29.517471 -45.851863 0.000000
vt -28.803019 -44.333552 0.000000
vt -27.953294 -43.031531 0.000000
vt -27.859599 -42.346591 0.000000
vt -27.859599 -40.117823 0.000000
vt -27.859599 -37.889055 0.000000
vt -27.859599 -35.660287 0.000000
vt -27.859599 -33.431519 0.000000
vt -27.859599 -31.202751 0.000000
vt -27.859599 -28.973983 0.000000
vt -27.859599 -26.745215 0.000000
vt -27.859599 -24.516447 0.000000
vt -27.859599 -22.287679 0.000000
vt -27.859599 -20.058911 0.000000
vt -27.859599 -17.830144 0.000000
vt -27.859599 -15.601376 0.000000
vt -27.859599 -13.372608 0.000000
vt -27.859599 -11.143840 0.000000
vt -27.859599 -8.915072 0.000000
vt -27.859599 -6.686304 0.000000
vt -27.859599 -4.457536 0.000000
vt -27.859599 -2.228768 0.000000
vt -27.859599 0.000000 0.000000
vt -27.859599 2.228768 0.000000
vt -27.859599 4.457536 0.000000
vt -27.859599 6.686304 0.000000
vt -27.859599 8.915072 0.000000
vt -27.859599 11.143840 0.000000
vt -27.859599 13.372608 0.000000
vt -27.859599 15.601376 0.000000
vt -27.859599 17.830144 0.000000
vt -27.859599 20.058911 0.000000
vt -27.859599 22.287679 0.000000
vt -27.859599 24.516447 0.000000
vt -27.859599 26.745215 0.000000
vt -27.859599 28.973983 0.000000
vt -27.859599 31.202751 0.000000
vt -27.859599 33.431519 0.000000
vt -27.859599 35.660287 0.000000
vt -27.859599 37.889055 0.000000
vt -27.859599 40.117823 0.000000
vt -27.859599 42.346591 0.000000
vt -27.859599 44.575359 0.000000
vt -27.859599 46.804127 0.000000
vt -27.859599 49.032895 0.000000
vt -27.859599 51.261663 0.000000
vt -27.859599 53.490431 0.000000
vt -27.859599 55.719199 0.000000
vt -27.859599 57.947966 0.000000
vt -27.859599 60.176734 0.000000
vt -27.859599 62.405502 0.000000
vt -27.859599 64.634270 0.000000
vt -27.859599 66.863038 0.000000
vt -27.859599 69.091806 0.000000
vt -27.859599 71.320574 0.000000
vt -27.859599 73.549342 0.000000
vt -27.859599 75.778110 0.000000
vt -27.859599 78.006878 0.000000
vt -27.859599 80.235646 0.000000
vt -27.859599 82.464414 0.000000
vt -27.859599 84.693182 0.000000
vt -27.859599 86.921950 0.000000
vt -27.859599 89.150718 0.000000
vt -27.859599 91.379486 0.000000
vt -27.859599 93.608254 0.000000
vt -27.859599 95.837021 0.000000
vt -27.859599 98.065789 0.000000
vt -27.859599 100.294557 0.000000
vt -27.859599 102.523325 0.000000
vt -27.859599 104.752093 0.000000
vt -27.859599 -104.752093 0.000000
vt -27.859599 -102.523325 0.000000
vt -27.859599 -100.294557 0.000000
vt -27.859599 -98.065789 0.000000
vt -27.859599 -95.837021 0.000000
vt -27.859599 -93.608254 0.000000
vt -27.859599 -91.379486 0.000000
vt -27.859599 -89.150718 0.000000
vt -27.859599 -86.921950 0.000000
vt -27.859599 -84.693182 0.000000
vt -27.859599 -82.464414 0.000000
vt -27.859599 -80.235646 0.000000
vt -27.859599 -78.006878 0.000000
vt -27.859599 -75.778110 0.000000
vt -27.859599 -73.549342 0.000000
vt -27.859599 -71.320574 0.000000
vt -27.859599 -69.091806 0.000000
vt -27.859599 -66.863038 0.000000
vt -27.859599 -65.321936 0.000000
vt -26.990848 -41.957621 0.000000
vt -25.938330 -41.113071 0.000000
vt -25.630831 -40.117823 0.000000
vt -25.630831 -37.889055 0.000000
vt -25.630831 -35.660287 0.000000
vt -25.630831 -33.431519 0.000000
vt -25.630831 -31.202751 0.000000
vt -25.630831 -28.973983 0.000000
vt -25.630831 -26.745215 0.000000
vt -25.630831 -24.516447 0.000000
vt -25.630831 -22.287679 0.000000
vt -25.630831 -20.058911 0.000000
vt -25.630831 -17.830144 0.000000
vt -25.630831 -15.601376 0.000000
vt -25.630831 -13.372608 0.000000
vt -25.630831 -11.143840 0.000000
vt -25.630831 -8.915072 0.000000
vt -25.630831 -6.686304 0.000000
vt -25.630831 -4.457536 0.000000
vt -25.630831 -2.228768 0.000000
vt -25.630831 0.000000 0.000000
vt -25.630831 2.228768 0.000000
vt -25.630831 4.457536 0.000000
vt -25.630831 6.686304 0.000000
vt -25.630831 8.915072 0.000000
vt -25.630831 11.143840 0.000000
vt -25.630831 13.372608 0.000000
vt -25.630831 15.601376 0.000000
vt -25.630831 17.830144 0.000000
vt -25.630831 20.058911 0.000000
vt -25.630831 22.287679 0.000000
vt -25.630831 24.516447 0.000000
vt -25.630831 26.745215 0.000000
vt -25.630831 28.973983 0.000000
vt -25.630831 31.202751 0.000000
vt -25.630831 33.431519 0.000000
vt -25.630831 35.660287 0.000000
vt -25.630831 37.889055 0.000000
vt -25.630831 40.117823 0.000000
vt -25.630831 42.346591 0.000000
vt -25.630831 44.575359 0.000000
vt -25.630831 46.804127 0.000000
vt -25.630831 49.032895 0.000000
vt -25.630831 51.261663 0.000000
vt -25.630831 53.490431 0.000000
vt -25.630831 55.719199 0.000000
vt -25.630831 57.947966 0.000000
vt -25.630831 60.176734 0.000000
vt -25.630831 62.405502 0.000000
vt -25.630831 64.634270 0.000000
vt -25.630831 66.863038 0.000000
vt -25.630831 69.091806 0.000000
vt -25.630831 71.320574 0.000000
vt -25.630831 73.549342 0.000000
vt -25.630831 75.778110 0.000000
vt -25.630831 78.006878 0.000000
vt -25.630831 80.235646 0.000000
vt -25.630831 82.464414 0.000000
vt -25.630831 84.693182 0.000000
vt -25.630831 86.921950 0.000000
vt -25.630831 89.150718 0.000000
vt -25.630831 91.379486 0.000000
vt -25.630831 93.608254 0.000000
vt -25.630831 95.837021 0.000000
vt -25.630831 98.065789 0.000000
vt -25.630831 100.294557 0.000000
vt -25.630831 102.523325 0.000000
vt -25.630831 104.752093 0.000000
vt -25.630831 -104.752093 0.000000
vt -25.630831 -102.523325 0.000000
vt -25.630831 -100.294557 0.000000
vt -25.630831 -98.065789 0.000000
vt -25.630831 -95.837021 0.000000
vt -25.630831 -93.608254 0.000000
vt -25.630831 -91.379486 0.000000
vt -25.630831 -89.150718 0.000000
vt -25.630831 -86.921950 0.000000
vt -25.630831 -84.693182 0.000000
vt -25.630831 -82.464414 0.000000
vt -25.630831 -80.235646 0.000000
vt -25.630831 -78.006878 0.000000
vt -25.630831 -75.778110 0.000000
vt -25.630831 -73.549342 0.000000
vt -25.630831 -71.320574 0.000000
vt -25.630831 -69.091806 0.000000
vt -25.630831 -66.863038 0.000000
vt -24.817616 -40.491653 0.000000
vt -23.649327 -40.082449 0.000000
vt -23.402063 -37.889055 0.000000
vt -23.402063 -35.660287 0.000000
vt -23.402063 -33.431519 0.000000
vt -23.402063 -31.202751 0.000000
vt -23.402063 -28.973983 0.000000
vt -23.402063 -26.745215 0.000000
vt -23.402063 -24.516447 0.000000
vt -23.402063 -22.287679 0.000000
vt -23.402063 -20.058911 0.000000
vt -23.402063 -17.830144 0.000000
vt -23.402063 -15.601376 0.000000
vt -23.402063 -13.372608 0.000000
vt -23.402063 -11.143840 0.000000
vt -23.402063 -8.915072 0.000000
vt -23.402063 -6.686304 0.000000
vt -23.402063 -4.457536 0.000000
vt -23.402063 -2.228768 0.000000
vt -23.402063 0.000000 0.000000
vt -23.402063 2.228768 0.000000
vt -23.402063 4.457536 0.000000
vt -23.402063 6.686304 0.000000
vt -23.402063 8.915072 0.000000
vt -23.402063 11.143840 0.000000
vt -23.402063 13.372608 0.000000
vt -23.402063 15.601376 0.000000
vt -23.402063 17.830144 0.000000
vt -23.402063 20.058911 0.000000
vt -23.402063 22.287679 0.000000
vt -23.402063 24.516447 0.000000
vt -23.402063 26.745215 0.000000
vt -23.402063 28.973983 0.000000
vt -23.402063 31.202751 0.000000
vt -23.402063 33.431519 0.000000
vt -23.402063 35.660287 0.000000
vt -23.402063 37.889055 0.000000
vt -23.402063 40.117823 0.000000
vt -23.402063 42.346591 0.000000
vt -23.402063 44.575359 0.000000
vt -23.402063 46.804127 0.000000
vt -23.402063 49.032895 0.000000
vt -23.402063 51.261663 0.000000
vt -23.402063 53.490431 0.000000
vt -23.402063 55.719199 0.000000
vt -23.402063 57.947966 0.000000
vt -23.402063 60.176734 0.000000
vt -23.402063 62.405502 0.000000
vt -23.402063 64.634270 0.000000
vt -23.402063 66.863038 0.000000
vt -23.402063 69.091806 0.000000
vt -23.402063 71.320574 0.000000
vt -23.402063 73.549342 0.000000
vt -23.402063 75.778110 0.000000
vt -23.402063 78.006878 0.000000
vt -23.402063 80.235646 0.000000
vt -23.402063 82.464414 0.000000
vt -23.402063 84.693182 0.000000
vt -23.402063 86.921950 0.000000
vt -23.402063 89.150718 0.000000
vt -23.402063 91.379486 0.000000
vt -23.402063 93.608254 0.000000
vt -23.402063 95.837021 0.000000
vt -23.402063 98.065789 0.000000
vt -23.402063 100.294557 0.000000
vt -23.402063 102.523325 0.000000
vt -23.402063 104.752093 0.000000
vt -23.402063 -104.752093 0.000000
vt -23.402063 -102.523325 0.000000
vt -23.402063 -100.294557 0.000000
vt -23.402063 -98.065789 0.000000
vt -23.402063 -95.837021 0.000000
vt -23.402063 -93.608254 0.000000
vt -23.402063 -91.379486 0.000000
vt -23.402063 -89.150718 0.000000
vt -23.402063 -86.921950 0.000000
vt -23.402063 -84.693182 0.000000
vt -23.402063 -82.464414 0.000000
vt -23.402063 -80.235646 0.000000
vt -23.402063 -78.006878 0.000000
vt -23.402063 -75.778110 0.000000
vt -23.402063 -73.549342 0.000000
vt -23.402063 -71.320574 0.000000
vt -23.402063 -69.091806 0.000000
vt -22.452619 -39.872020 0.000000
vt -21.173295 -37.889055 0.000000
vt -21.173295 -35.660287 0.000000
vt -21.173295 -33.431519 0.000000
vt -21.173295 -31.202751 0.000000
vt -21.173295 -28.973983 0.000000
vt -21.173295 -26.745215 0.000000
vt -21.173295 -24.516447 0.000000
vt -21.173295 -22.287679 0.000000
vt -21.173295 -20.058911 0.000000
vt -21.173295 -17.830144 0.000000
vt -21.173295 -15.601376 0.000000
vt -21.173295 -13.372608 0.000000
vt -21.173295 -11.143840 0.000000
vt -21.173295 -8.915072 0.000000
vt -21.173295 -6.686304 0.000000
vt -21.173295 -4.457536 0.000000
vt -21.173295 -2.228768 0.000000
vt -21.173295 0.000000 0.000000
vt -21.173295 2.228768 0.000000
vt -21.173295 4.457536 0.000000
vt -21.173295 6.686304 0.000000
vt -21.173295 8.915072 0.000000
vt -21.173295 11.143840 0.000000
vt -21.173295 13.372608 0.000000
vt -21.173295 15.601376 0.000000
vt -21.173295 17.830144 0.000000
vt -21.173295 20.058911 0.000000
vt -21.173295 22.287679 0.000000
vt -21.173295 24.516447 0.000000
vt -21.173295 26.745215 0.000000
vt -21.173295 28.973983 0.000000
vt -21.173295 31.202751 0.000000
vt -21.173295 33.431519 0.000000
vt -21.173295 35.660287 0.000000
vt -21.173295 37.889055 0.000000
vt -21.173295 40.117823 0.000000
vt -21.173295 42.346591 0.000000
vt -21.173295 44.575359 0.000000
vt -21.173295 46.804127 0.000000
vt -21.173295 49.032895 0.000000
vt -21.173295 51.261663 0.000000
vt -21.173295 53.490431 0.000000
vt -21.173295 55.719199 0.000000
vt -21.173295 57.947966 0.000000
vt -21.173295 60.176734 0.000000
vt -21.173295 62.405502 0.000000
vt -21.173295 64.634270 0.000000
vt -21.173295 66.863038 0.000000
vt -21.173295 69.091806 0.000000
vt -21.173295 71.320574 0.000000
vt -21.173295 73.549342 0.000000
vt -21.173295 75.778110 0.000000
vt -21.173295 78.006878 0.000000
vt -21.173295 80.235646 0.000000
vt -21.173295 82.464414 0.000000
vt -21.173295 84.693182 0.000000
vt -21.173295 86.921950 0.000000
vt -21.173295 89.150718 0.000000
vt -21.173295 91.379486 0.000000
vt -21.173295 93.608254 0.000000
vt -21.173295 95.837021 0.000000
vt -21.173295 98.065789 0.000000
vt -21.173295 100.294557 0.000000
vt -21.173295 102.523325 0.000000
vt -21.173295 104.752093 0.000000
vt -21.173295 -104.752093 0.000000
vt -21.173295 -102.523325 0.000000
vt -21.173295 -100.294557 0.000000
vt -21.173295 -98.065789 0.000000
vt -21.173295 -95.837021 0.000000
vt -21.173295 -93.608254 0.000000
vt -21.173295 -91.379486 0.000000
vt -21.173295 -89.150718 0.000000
vt -21.173295 -86.921950 0.000000
vt -21.173295 -84.693182 0.000000
vt -21.173295 -82.464414 0.000000
vt -21.173295 -80.235646 0.000000
vt -21.173295 -78.006878 0.000000
vt -21.173295 -75.778110 0.000000
vt -21.173295 -73.549342 0.000000
vt -21.173295 -71.320574 0.000000
vt -21.245161 -39.845940 0.000000
vt -20.043217 -39.989758 0.000000
vt -18.944527 -37.889055 0.000000
vt -18.944527 -40.117823 0.000000
vt -16.715760 -40.117823 0.000000
vt -17.714684 -40.732057 0.000000
vt -16.614765 -41.304904 0.000000
vt -18.861776 -40.289531 0.000000
vt -14.486992 -40.117823 0.000000
vt -15.573910 -41.996319 0.000000
vt -14.486992 -42.346591 0.000000
vt -14.603132 -42.795072 0.000000
vt -13.712586 -43.690274 0.000000
vt -12.911559 -44.671191 0.000000
vt -12.258224 -44.575359 0.000000
vt -12.258224 -42.346591 0.000000
vt -12.208427 -45.727081 0.000000
vt -10.029456 -44.575359 0.000000
vt -10.029456 -42.346591 0.000000
vt -12.258224 -40.117823 0.000000
vt -10.029456 -40.117823 0.000000
vt -12.258224 -37.889055 0.000000
vt -10.029456 -37.889055 0.000000
vt -12.258224 -35.660287 0.000000
vt -10.029456 -35.660287 0.000000
vt -12.258224 -33.431519 0.000000
vt -10.029456 -33.431519 0.000000
vt -12.258224 -31.202751 0.000000
vt -10.029456 -31.202751 0.000000
vt -12.258224 -28.973983 0.000000
vt -10.029456 -28.973983 0.000000
vt -12.258224 -26.745215 0.000000
vt -10.029456 -26.745215 0.000000
vt -12.258224 -24.516447 0.000000
vt -10.029456 -24.516447 0.000000
vt -12.258224 -22.287679 0.000000
vt -10.029456 -22.287679 0.000000
vt -12.258224 -20.058911 0.000000
vt -10.029456 -20.058911 0.000000
vt -12.258224 -17.830144 0.000000
vt -10.029456 -17.830144 0.000000
vt -12.258224 -15.601376 0.000000
vt -10.029456 -15.601376 0.000000
vt -12.258224 -13.372608 0.000000
vt -10.029456 -13.372608 0.000000
vt -12.258224 -11.143840 0.000000
vt -10.029456 -11.143840 0.000000
vt -12.258224 -8.915072 0.000000
vt -10.029456 -8.915072 0.000000
vt -12.258224 -6.686304 0.000000
vt -10.029456 -6.686304 0.000000
vt -12.258224 -4.457536 0.000000
vt -10.029456 -4.457536 0.000000
vt -12.258224 -2.228768 0.000000
vt -10.029456 -2.228768 0.000000
vt -12.258224 0.000000 0.000000
vt -10.029456 0.000000 0.000000
vt -12.258224 2.228768 0.000000
vt -10.029456 2.228768 0.000000
vt -12.258224 4.457536 0.000000
vt -10.029456 4.457536 0.000000
vt -12.258224 6.686304 0.000000
vt -10.029456 6.686304 0.000000
vt -12.258224 8.915072 0.000000
vt -10.029456 8.915072 0.000000
vt -12.258224 11.143840 0.000000
vt -10.029456 11.143840 0.000000
vt -12.258224 13.372608 0.000000
vt -10.029456 13.372608 0.000000
vt -12.258224 15.601376 0.000000
vt -10.029456 15.601376 0.000000
vt -12.258224 17.830144 0.000000
vt -10.029456 17.830144 0.000000
vt -12.258224 20.058911 0.000000
vt -10.029456 20.058911 0.000000
vt -12.258224 22.287679 0.000000
vt -10.029456 22.287679 0.000000
vt -12.258224 24.516447 0.000000
vt -10.029456 24.516447 0.000000
vt -12.258224 26.745215 0.000000
vt -10.029456 26.745215 0.000000
vt -12.258224 28.973983 0.000000
vt -10.029456 28.973983 0.000000
vt -12.258224 31.202751 0.000000
vt -10.029456 31.202751 0.000000
vt -12.258224 33.431519 0.000000
vt -10.029456 33.431519 0.000000
vt -12.258224 35.660287 0.000000
vt -10.029456 35.660287 0.000000
vt -12.258224 37.889055 0.000000
vt -10.029456 37.889055 0.000000
vt -12.258224 40.117823 0.000000
vt -10.029456 40.117823 0.000000
vt -12.258224 42.346591 0.000000
vt -10.029456 42.346591 0.000000
vt -12.258224 44.575359 0.000000
vt -10.029456 44.575359 0.000000
vt -12.258224 46.804127 0.000000
vt -10.029456 46.804127 0.000000
vt -12.258224 49.032895 0.000000
vt -10.029456 49.032895 0.000000
vt -12.258224 51.261663 0.000000
vt -10.029456 51.261663 0.000000
vt -12.258224 53.490431 0.000000
vt -10.029456 53.490431 0.000000
vt -12.258224 55.719199 0.000000
vt -10.029456 55.719199 0.000000
vt -12.258224 57.947966 0.000000
vt -10.029456 57.947966 0.000000
vt -12.258224 60.176734 0.000000
vt -10.029456 60.176734 0.000000
vt -12.258224 62.405502 0.000000
vt -10.029456 62.405502 0.000000
vt -12.258224 64.634270 0.000000
vt -10.029456 64.634270 0.000000
vt -12.258224 66.863038 0.000000
vt -10.029456 66.863038 0.000000
vt -12.258224 69.091806 0.000000
vt -10.029456 69.091806 0.000000
vt -12.258224 71.320574 0.000000
vt -10.029456 71.320574 0.000000
vt -12.258224 73.549342 0.000000
vt -10.029456 73.549342 0.000000
vt -12.258224 75.778110 0.000000
vt -10.029456 75.778110 0.000000
vt -12.258224 78.006878 0.000000
vt -10.029456 78.006878 0.000000
vt -12.258224 80.235646 0.000000
vt -10.029456 80.235646 0.000000
vt -12.258224 82.464414 0.000000
vt -10.029456 82.464414 0.000000
vt -12.258224 84.693182 0.000000
vt -10.029456 84.693182 0.000000
vt -12.258224 86.921950 0.000000
vt -10.029456 86.921950 0.000000
vt -12.258224 89.150718 0.000000
vt -10.029456 89.150718 0.000000
vt -12.258224 91.379486 0.000000
vt -10.029456 91.379486 0.000000
vt -12.258224 93.608254 0.000000
vt -10.029456 93.608254 0.000000
vt -12.258224 95.837021 0.000000
vt -10.029456 95.837021 0.000000
vt -12.258224 98.065789 0.000000
vt -10.029456 98.065789 0.000000
vt -12.258224 100.294557 0.000000
vt -10.029456 100.294557 0.000000
vt -12.258224 102.523325 0.000000
vt -10.029456 102.523325 0.000000
vt -12.258224 104.752093 0.000000
vt -10.029456 104.752093 0.000000
vt -12.258224 -104.752093 0.000000
vt -10.029456 -104.752093 0.000000
vt -12.258224 -102.523325 0.000000
vt -10.029456 -102.523325 0.000000
vt -12.258224 -100.294557 0.000000
vt -10.029456 -100.294557 0.000000
vt -12.258224 -98.065789 0.000000
vt -10.029456 -98.065789 0.000000
vt -12.258224 -95.837021 0.000000
vt -10.029456 -95.837021 0.000000
vt -12.258224 -93.608254 0.000000
vt -10.029456 -93.608254 0.000000
vt -12.258224 -91.379486 0.000000
vt -10.029456 -91.379486 0.000000
vt -12.258224 -89.150718 0.000000
vt -10.029456 -89.150718 0.000000
vt -12.258224 -86.921950 0.000000
vt -10.029456 -86.921950 0.000000
vt -12.258224 -84.693182 0.000000
vt -10.029456 -84.693182 0.000000
vt -12.258224 -82.464414 0.000000
vt -10.029456 -82.464414 0.000000
vt -12.258224 -80.235646 0.000000
vt -10.029456 -46.804127 0.000000
vt -11.610591 -46.847065 0.000000
vt -11.124399 -48.020033 0.000000
vt -10.029456 -49.032895 0.000000
vt -10.755065 -49.234606 0.000000
vt -10.506582 -50.479130 0.000000
vt -10.029456 -51.261663 0.000000
vt -10.381658 -51.741727 0.000000
vt -10.029456 -53.490431 0.000000
vt -10.381658 -53.010366 0.000000
vt -10.506582 -54.272963 0.000000
vt -10.029456 -55.719199 0.000000
vt -10.755065 -55.517487 0.000000
vt -11.124399 -56.732060 0.000000
vt -10.029456 -57.947966 0.000000
vt -11.610591 -57.905028 0.000000
vt -12.208427 -59.025012 0.000000
vt -12.911559 -60.080902 0.000000
vt -12.258224 -60.176734 0.000000
vt -10.029456 -60.176734 0.000000
vt -7.800688 -60.176734 0.000000
vt -7.800688 -57.947966 0.000000
vt -5.571920 -60.176734 0.000000
vt -5.571920 -57.947966 0.000000
vt -3.343152 -60.176734 0.000000
vt -3.343152 -57.947966 0.000000
vt -1.114384 -60.176734 0.000000
vt -1.114384 -57.947966 0.000000
vt 1.114384 -60.176734 0.000000
vt 1.114384 -57.947966 0.000000
vt 3.343152 -60.176734 0.000000
vt 3.343152 -57.947966 0.000000
vt 5.571920 -60.176734 0.000000
vt 5.571920 -57.947966 0.000000
vt 7.800688 -60.176734 0.000000
vt 7.800688 -57.947966 0.000000
vt 10.029456 -60.176734 0.000000
vt 10.029456 -57.947966 0.000000
vt 12.258224 -60.176734 0.000000
vt 12.258224 -57.947966 0.000000
vt 14.486992 -60.176734 0.000000
vt 14.486992 -57.947966 0.000000
vt 16.715760 -60.176734 0.000000
vt 16.715760 -57.947966 0.000000
vt 18.944527 -60.176734 0.000000
vt 18.944527 -57.947966 0.000000
vt 21.173295 -60.176734 0.000000
vt 21.173295 -57.947966 0.000000
vt 23.402063 -60.176734 0.000000
vt 23.402063 -57.947966 0.000000
vt 25.630831 -60.176734 0.000000
vt 25.630831 -57.947966 0.000000
vt 27.859599 -60.176734 0.000000
vt 27.859599 -57.947966 0.000000
vt 30.088367 -60.176734 0.000000
vt 30.088367 -57.947966 0.000000
vt 32.317135 -60.176734 0.000000
vt 32.317135 -57.947966 0.000000
vt 34.545903 -60.176734 0.000000
vt 34.545903 -57.947966 0.000000
vt 36.774671 -60.176734 0.000000
vt 36.774671 -57.947966 0.000000
vt 39.003439 -60.176734 0.000000
vt 39.003439 -57.947966 0.000000
vt 41.232207 -60.176734 0.000000
vt 41.232207 -57.947966 0.000000
vt 43.460975 -60.176734 0.000000
vt 43.460975 -57.947966 0.000000
vt 45.689743 -60.176734 0.000000
vt 45.689743 -57.947966 0.000000
vt 47.918511 -60.176734 0.000000
vt 47.918511 -57.947966 0.000000
vt 50.147279 -60.176734 0.000000
vt 50.147279 -57.947966 0.000000
vt 52.376047 -60.176734 0.000000
vt -13.712586 -61.061819 0.000000
vt -12.258224 -62.405502 0.000000
vt -10.029456 -62.405502 0.000000
vt -10.029456 -64.634270 0.000000
vt -7.800688 -64.634270 0.000000
vt -7.800688 -66.863038 0.000000
vt -5.571920 -66.863038 0.000000
vt -5.571920 -69.091806 0.000000
vt -3.343152 -69.091806 0.000000
vt -3.343152 -71.320574 0.000000
vt -1.114384 -71.320574 0.000000
vt -1.114384 -73.549342 0.000000
vt 1.114384 -73.549342 0.000000
vt 1.114384 -75.778110 0.000000
vt 3.343152 -75.778110 0.000000
vt 3.343152 -78.006878 0.000000
vt 5.571920 -78.006878 0.000000
vt 5.571920 -80.235646 0.000000
vt 7.800688 -80.235646 0.000000
vt 7.800688 -82.464414 0.000000
vt 10.029456 -82.464414 0.000000
vt 10.029456 -84.693182 0.000000
vt 12.258224 -84.693182 0.000000
vt 12.258224 -86.921950 0.000000
vt 14.486992 -86.921950 0.000000
vt 14.486992 -89.150718 0.000000
vt 16.715760 -89.150718 0.000000
vt 16.715760 -91.379486 0.000000
vt 18.944527 -91.379486 0.000000
vt 18.944527 -93.608254 0.000000
vt 21.173295 -93.608254 0.000000
vt 21.173295 -95.837021 0.000000
vt 23.402063 -95.837021 0.000000
vt 23.402063 -98.065789 0.000000
vt 25.630831 -98.065789 0.000000
vt 25.630831 -100.294557 0.000000
vt 27.859599 -100.294557 0.000000
vt 27.859599 -102.523325 0.000000
vt 30.088367 -102.523325 0.000000
vt 30.088367 -104.752093 0.000000
vt 32.317135 -104.752093 0.000000
vt -14.486992 -62.405502 0.000000
vt -14.603132 -61.957021 0.000000
vt -15.573910 -62.755774 0.000000
vt -14.486992 -64.634270 0.000000
vt -16.614765 -63.447189 0.000000
vt -16.715760 -64.634270 0.000000
vt -17.714684 -64.020036 0.000000
vt -18.944527 -64.634270 0.000000
vt -18.861776 -64.462562 0.000000
vt -20.043217 -64.762335 0.000000
vt -21.245161 -64.906153 0.000000
vt -18.944527 -66.863038 0.000000
vt -16.715760 -66.863038 0.000000
vt -14.486992 -66.863038 0.000000
vt -12.258224 -66.863038 0.000000
vt -12.258224 -64.634270 0.000000
vt -10.029456 -66.863038 0.000000
vt 50.147279 -104.752093 0.000000
vt 52.376047 -104.752093 0.000000
vt 50.147279 -102.523325 0.000000
vt 17.458682 -104.752093 0.000000
vt 18.944527 -104.752093 0.000000
vt 18.944527 -102.523325 0.000000
vt 21.173295 -104.752093 0.000000
vt 21.173295 -102.523325 0.000000
vt 23.402063 -104.752093 0.000000
vt 23.402063 -102.523325 0.000000
vt 25.630831 -104.752093 0.000000
vt 25.630831 -102.523325 0.000000
vt 27.859599 -104.752093 0.000000
vt -17.458682 104.752093 0.000000
vt -18.944527 104.752093 0.000000
vt -18.944527 102.523325 0.000000
vt -17.458682 -104.752093 0.000000
vt -16.715760 -104.752093 0.000000
vt -16.715760 -102.523325 0.000000
vt -14.486992 -104.752093 0.000000
vt -14.486992 -102.523325 0.000000
vt -50.147279 102.523325 0.000000
vt -52.376047 102.523325 0.000000
vt -50.147279 100.294557 0.000000
vt -52.376047 100.294557 0.000000
vt -50.147279 98.065789 0.000000
vt -52.376047 98.065789 0.000000
vt -50.147279 95.837021 0.000000
vt -52.376047 95.837021 0.000000
vt -50.147279 93.608254 0.000000
vt -52.376047 93.608254 0.000000
vt -50.147279 91.379486 0.000000
vt -52.376047 91.379486 0.000000
vt -50.147279 89.150718 0.000000
vt -52.376047 89.150718 0.000000
vt -50.147279 86.921950 0.000000
vt -52.376047 86.921950 0.000000
vt -50.147279 84.693182 0.000000
vt -52.376047 84.693182 0.000000
vt -50.147279 82.464414 0.000000
vt -52.376047 82.464414 0.000000
vt -50.147279 80.235646 0.000000
vt -52.376047 80.235646 0.000000
vt -50.147279 78.006878 0.000000
vt -52.376047 78.006878 0.000000
vt -50.147279 75.778110 0.000000
vt -52.376047 75.778110 0.000000
vt -50.147279 73.549342 0.000000
vt -52.376047 73.549342 0.000000
vt -50.147279 71.320574 0.000000
vt -52.376047 71.320574 0.000000
vt -50.147279 69.091806 0.000000
vt -52.376047 69.091806 0.000000
vt -50.147279 66.863038 0.000000
vt -52.376047 66.863038 0.000000
vt -50.147279 64.634270 0.000000
vt -52.376047 64.634270 0.000000
vt -50.147279 62.405502 0.000000
vt -52.376047 62.405502 0.000000
vt -50.147279 60.176734 0.000000
vt -52.376047 60.176734 0.000000
vt -50.147279 57.947966 0.000000
vt -52.376047 57.947966 0.000000
vt -50.147279 55.719199 0.000000
vt -52.376047 55.719199 0.000000
vt -50.147279 53.490431 0.000000
vt -52.376047 53.490431 0.000000
vt -50.147279 51.261663 0.000000
vt -52.376047 51.261663 0.000000
vt -50.147279 49.032895 0.000000
vt -52.376047 49.032895 0.000000
vt -50.147279 46.804127 0.000000
vt -52.376047 46.804127 0.000000
vt -50.147279 44.575359 0.000000
vt -52.376047 44.575359 0.000000
vt -50.147279 42.346591 0.000000
vt -52.376047 42.346591 0.000000
vt -50.147279 40.117823 0.000000
vt -52.376047 40.117823 0.000000
vt -50.147279 37.889055 0.000000
vt -52.376047 37.889055 0.000000
vt -50.147279 35.660287 0.000000
vt -52.376047 35.660287 0.000000
vt -50.147279 33.431519 0.000000
vt -50.147279 31.202751 0.000000
vt -52.376047 31.202751 0.000000
vt -50.147279 28.973983 0.000000
vt -52.376047 28.973983 0.000000
vt -50.147279 26.745215 0.000000
vt -52.376047 26.745215 0.000000
vt -50.147279 24.516447 0.000000
vt -52.376047 24.516447 0.000000
vt -50.147279 22.287679 0.000000
vt -52.376047 22.287679 0.000000
vt -50.147279 20.058911 0.000000
vt -52.376047 20.058911 0.000000
vt -50.147279 17.830144 0.000000
vt -52.376047 17.830144 0.000000
vt -50.147279 15.601376 0.000000
vt -52.376047 15.601376 0.000000
vt -50.147279 13.372608 0.000000
vt -52.376047 13.372608 0.000000
vt -50.147279 11.143840 0.000000
vt -52.376047 11.143840 0.000000
vt -50.147279 8.915072 0.000000
vt -52.376047 8.915072 0.000000
vt -50.147279 6.686304 0.000000
vt -52.376047 6.686304 0.000000
vt -50.147279 4.457536 0.000000
vt -52.376047 4.457536 0.000000
vt -50.147279 2.228768 0.000000
vt -52.376047 2.228768 0.000000
vt -50.147279 0.000000 0.000000
vt -52.376047 0.000000 0.000000
vt -50.147279 -2.228768 0.000000
vt -52.376047 -2.228768 0.000000
vt -50.147279 -4.457536 0.000000
vt -52.376047 -4.457536 0.000000
vt -50.147279 -6.686304 0.000000
vt -52.376047 -6.686304 0.000000
vt -50.147279 -8.915072 0.000000
vt -52.376047 -8.915072 0.000000
vt -50.147279 -11.143840 0.000000
vt -52.376047 -11.143840 0.000000
vt -50.147279 -13.372608 0.000000
vt -52.376047 -13.372608 0.000000
vt -50.147279 -15.601376 0.000000
vt -52.376047 -15.601376 0.000000
vt -50.147279 -17.830144 0.000000
vt -52.376047 -17.830144 0.000000
vt -50.147279 -20.058911 0.000000
vt -52.376047 -20.058911 0.000000
vt -50.147279 -22.287679 0.000000
vt -52.376047 -22.287679 0.000000
vt -50.147279 -24.516447 0.000000
vt -52.376047 -24.516447 0.000000
vt -50.147279 -26.745215 0.000000
vt -52.376047 -26.745215 0.000000
vt -50.147279 -28.973983 0.000000
vt -52.376047 -28.973983 0.000000
vt -50.147279 -31.202751 0.000000
vt -52.376047 -31.202751 0.000000
vt -50.147279 -33.431519 0.000000
vt -52.376047 -33.431519 0.000000
vt -52.376047 -40.117823 0.000000
vt -50.147279 -42.346591 0.000000
vt -52.376047 -42.346591 0.000000
vt -50.147279 -44.575359 0.000000
vt -52.376047 -44.575359 0.000000
vt -50.147279 -46.804127 0.000000
vt -52.376047 -46.804127 0.000000
vt -50.147279 -49.032895 0.000000
vt -52.376047 -49.032895 0.000000
vt -50.147279 -51.261663 0.000000
vt -52.376047 -51.261663 0.000000
vt -50.147279 -53.490431 0.000000
vt -52.376047 -53.490431 0.000000
vt -50.147279 -55.719199 0.000000
vt -52.376047 -55.719199 0.000000
vt -50.147279 -57.947966 0.000000
vt -52.376047 -57.947966 0.000000
vt -50.147279 -60.176734 0.000000
vt -52.376047 -60.176734 0.000000
vt -50.147279 -62.405502 0.000000
vt -52.376047 -62.405502 0.000000
vt -50.147279 -64.634270 0.000000
vt -52.376047 -64.634270 0.000000
vt -50.147279 -66.722938 0.000000
vt -50.147279 -69.091806 0.000000
vt -52.376047 -69.091806 0.000000
vt -50.147279 -71.320574 0.000000
vt -52.376047 -71.320574 0.000000
vt -50.147279 -73.549342 0.000000
vt -52.376047 -73.549342 0.000000
vt -50.147279 -75.778110 0.000000
vt -52.376047 -75.778110 0.000000
vt -50.147279 -78.006878 0.000000
vt -52.376047 -78.006878 0.000000
vt -50.147279 -80.235646 0.000000
vt -52.376047 -80.235646 0.000000
vt -50.147279 -82.464414 0.000000
vt -52.376047 -82.464414 0.000000
vt -50.147279 -84.693182 0.000000
vt -52.376047 -84.693182 0.000000
vt -50.147279 -86.921950 0.000000
vt -52.376047 -86.921950 0.000000
vt -50.147279 -89.150718 0.000000
vt -52.376047 -89.150718 0.000000
vt -50.147279 -91.379486 0.000000
vt -52.376047 -91.379486 0.000000
vt -50.147279 -93.608254 0.000000
vt -52.376047 -93.608254 0.000000
vt -50.147279 -95.837021 0.000000
vt -52.376047 -95.837021 0.000000
vt -50.147279 -98.065789 0.000000
vt -52.376047 -98.065789 0.000000
vt -50.147279 -100.294557 0.000000
vt -52.376047 -100.294557 0.000000
vt -50.147279 -102.523325 0.000000
vt -52.376047 -102.523325 0.000000
vt -50.147279 -104.752093 0.000000
vt 52.376047 -102.523325 0.000000
vt 50.147279 -100.294557 0.000000
vt 52.376047 -100.294557 0.000000
vt 50.147279 -98.065789 0.000000
vt 52.376047 -98.065789 0.000000
vt 50.147279 -95.837021 0.000000
vt 52.376047 -95.837021 0.000000
vt 50.147279 -93.608254 0.000000
vt 52.376047 -93.608254 0.000000
vt 50.147279 -91.379486 0.000000
vt 52.376047 -91.379486 0.000000
vt 50.147279 -89.150718 0.000000
vt 52.376047 -89.150718 0.000000
vt 50.147279 -86.921950 0.000000
vt 52.376047 -86.921950 0.000000
vt 50.147279 -84.693182 0.000000
vt 52.376047 -84.693182 0.000000
vt 50.147279 -82.464414 0.000000
vt 52.376047 -82.464414 0.000000
vt 50.147279 -80.235646 0.000000
vt 52.376047 -80.235646 0.000000
vt 50.147279 -78.006878 0.000000
vt 52.376047 -78.006878 0.000000
vt 50.147279 -75.778110 0.000000
vt 52.376047 -75.778110 0.000000
vt 50.147279 -73.549342 0.000000
vt 52.376047 -73.549342 0.000000
vt 50.147279 -71.320574 0.000000
vt 52.376047 -71.320574 0.000000
vt 50.147279 -69.091806 0.000000
vt 52.376047 -69.091806 0.000000
vt 50.147279 -66.863038 0.000000
vt 52.376047 -66.863038 0.000000
vt 50.147279 -64.634270 0.000000
vt 52.376047 -64.634270 0.000000
vt 50.147279 -62.405502 0.000000
vt 52.376047 -62.405502 0.000000
vt 52.376047 -57.947966 0.000000
vt 50.147279 -55.719199 0.000000
vt 52.376047 -55.719199 0.000000
vt 50.147279 -53.490431 0.000000
vt 52.376047 -53.490431 0.000000
vt 50.147279 -51.261663 0.000000
vt 52.376047 -51.261663 0.000000
vt 50.147279 -49.032895 0.000000
vt 52.376047 -49.032895 0.000000
vt 50.147279 -46.804127 0.000000
vt 52.376047 -46.804127 0.000000
vt 50.147279 -44.575359 0.000000
vt 52.376047 -44.575359 0.000000
vt 50.147279 -42.346591 0.000000
vt 52.376047 -42.346591 0.000000
vt 50.147279 -40.117823 0.000000
vt 52.376047 -40.117823 0.000000
vt 50.147279 -37.889055 0.000000
vt 52.376047 -37.889055 0.000000
vt 50.147279 -35.660287 0.000000
vt 50.147279 -33.431519 0.000000
vt 52.376047 -33.431519 0.000000
vt 50.147279 -31.202751 0.000000
vt 52.376047 -31.202751 0.000000
vt 50.147279 -28.973983 0.000000
vt 52.376047 -28.973983 0.000000
vt 50.147279 -26.745215 0.000000
vt 52.376047 -26.745215 0.000000
vt 50.147279 -24.516447 0.000000
vt 52.376047 -24.516447 0.000000
vt 50.147279 -22.287679 0.000000
vt 52.376047 -22.287679 0.000000
vt 50.147279 -20.058911 0.000000
vt 52.376047 -20.058911 0.000000
vt 50.147279 -17.830144 0.000000
vt 52.376047 -17.830144 0.000000
vt 50.147279 -15.601376 0.000000
vt 52.376047 -15.601376 0.000000
vt 50.147279 -13.372608 0.000000
vt 52.376047 -13.372608 0.000000
vt 50.147279 -11.143840 0.000000
vt 52.376047 -11.143840 0.000000
vt 50.147279 -8.915072 0.000000
vt 52.376047 -8.915072 0.000000
vt 50.147279 -6.686304 0.000000
vt 52.376047 -6.686304 0.000000
vt 50.147279 -4.457536 0.000000
vt 52.376047 -4.457536 0.000000
vt 50.147279 -2.228768 0.000000
vt 52.376047 -2.228768 0.000000
vt 50.147279 0.000000 0.000000
vt 52.376047 0.000000 0.000000
vt 50.147279 2.228768 0.000000
vt 52.376047 2.228768 0.000000
vt 50.147279 4.457536 0.000000
vt 52.376047 4.457536 0.000000
vt 50.147279 6.686304 0.000000
vt 52.376047 6.686304 0.000000
vt 50.147279 8.915072 0.000000
vt 52.376047 8.915072 0.000000
vt 50.147279 11.143840 0.000000
vt 52.376047 11.143840 0.000000
vt 50.147279 13.372608 0.000000
vt 52.376047 13.372608 0.000000
vt 50.147279 15.601376 0.000000
vt 52.376047 15.601376 0.000000
vt 50.147279 17.830144 0.000000
vt 52.376047 17.830144 0.000000
vt 50.147279 20.058911 0.000000
vt 52.376047 20.058911 0.000000
vt 50.147279 22.287679 0.000000
vt 52.376047 22.287679 0.000000
vt 50.147279 24.516447 0.000000
vt 52.376047 24.516447 0.000000
vt 50.147279 26.745215 0.000000
vt 52.376047 26.745215 0.000000
vt 50.147279 28.973983 0.000000
vt 52.376047 28.973983 0.000000
vt 50.147279 31.202751 0.000000
vt 52.376047 31.202751 0.000000
vt 50.147279 33.431519 0.000000
vt 50.147279 35.660287 0.000000
vt 52.376047 35.660287 0.000000
vt 50.147279 37.889055 0.000000
vt 52.376047 37.889055 0.000000
vt 50.147279 40.117823 0.000000
vt 52.376047 40.117823 0.000000
vt 50.147279 42.346591 0.000000
vt 52.376047 42.346591 0.000000
vt 50.147279 44.575359 0.000000
vt 52.376047 44.575359 0.000000
vt 50.147279 46.804127 0.000000
vt 52.376047 46.804127 0.000000
vt 50.147279 49.032895 0.000000
vt 52.376047 49.032895 0.000000
vt 50.147279 51.261663 0.000000
vt 52.376047 51.261663 0.000000
vt 50.147279 53.490431 0.000000
vt 52.376047 53.490431 0.000000
vt 50.147279 55.719199 0.000000
vt 52.376047 55.719199 0.000000
vt 50.147279 57.947966 0.000000
vt 52.376047 57.947966 0.000000
vt 50.147279 60.176734 0.000000
vt 52.376047 60.176734 0.000000
vt 50.147279 62.405502 0.000000
vt 52.376047 62.405502 0.000000
vt 50.147279 64.634270 0.000000
vt 52.376047 64.634270 0.000000
vt 50.147279 66.863038 0.000000
vt 52.376047 66.863038 0.000000
vt 50.147279 69.091806 0.000000
vt 52.376047 69.091806 0.000000
vt 50.147279 71.320574 0.000000
vt 52.376047 71.320574 0.000000
vt 50.147279 73.549342 0.000000
vt 52.376047 73.549342 0.000000
vt 50.147279 75.778110 0.000000
vt 52.376047 75.778110 0.000000
vt 50.147279 78.006878 0.000000
vt 52.376047 78.006878 0.000000
vt 50.147279 80.235646 0.000000
vt 52.376047 80.235646 0.000000
vt 50.147279 82.464414 0.000000
vt 52.376047 82.464414 0.000000
vt 50.147279 84.693182 0.000000
vt 52.376047 84.693182 0.000000
vt 50.147279 86.921950 0.000000
vt 52.376047 86.921950 0.000000
vt 50.147279 89.150718 0.000000
vt 52.376047 89.150718 0.000000
vt 50.147279 91.379486 0.000000
vt 52.376047 91.379486 0.000000
vt 50.147279 93.608254 0.000000
vt 52.376047 93.608254 0.000000
vt 50.147279 95.837021 0.000000
vt 52.376047 95.837021 0.000000
vt 50.147279 98.065789 0.000000
vt 52.376047 98.065789 0.000000
vt 50.147279 100.294557 0.000000
vt 52.376047 100.294557 0.000000
vt 47.918511 -104.752093 0.000000
vt 47.918511 -102.523325 0.000000
vt 47.918511 -100.294557 0.000000
vt 47.918511 -98.065789 0.000000
vt 47.918511 -95.837021 0.000000
vt 47.918511 -93.608254 0.000000
vt 47.918511 -91.379486 0.000000
vt 47.918511 -89.150718 0.000000
vt 47.918511 -86.921950 0.000000
vt 47.918511 -84.693182 0.000000
vt 47.918511 -82.464414 0.000000
vt 47.918511 -80.235646 0.000000
vt 47.918511 -78.006878 0.000000
vt 47.918511 -75.778110 0.000000
vt 47.918511 -73.549342 0.000000
vt 47.918511 -71.320574 0.000000
vt 47.918511 -69.091806 0.000000
vt 47.918511 -66.863038 0.000000
vt 47.918511 -64.634270 0.000000
vt 47.918511 -62.405502 0.000000
vt 45.689743 -104.752093 0.000000
vt 45.689743 -102.523325 0.000000
vt 45.689743 -100.294557 0.000000
vt 45.689743 -98.065789 0.000000
vt 45.689743 -95.837021 0.000000
vt 45.689743 -93.608254 0.000000
vt 45.689743 -91.379486 0.000000
vt 45.689743 -89.150718 0.000000
vt 45.689743 -86.921950 0.000000
vt 45.689743 -84.693182 0.000000
vt 45.689743 -82.464414 0.000000
vt 45.689743 -80.235646 0.000000
vt 45.689743 -78.006878 0.000000
vt 45.689743 -75.778110 0.000000
vt 45.689743 -73.549342 0.000000
vt 45.689743 -71.320574 0.000000
vt 45.689743 -69.091806 0.000000
vt 45.689743 -66.863038 0.000000
vt 45.689743 -64.634270 0.000000
vt 45.689743 -62.405502 0.000000
vt 43.460975 -104.752093 0.000000
vt 43.460975 -102.523325 0.000000
vt 43.460975 -100.294557 0.000000
vt 43.460975 -98.065789 0.000000
vt 43.460975 -95.837021 0.000000
vt 43.460975 -93.608254 0.000000
vt 43.460975 -91.379486 0.000000
vt 43.460975 -89.150718 0.000000
vt 43.460975 -86.921950 0.000000
vt 43.460975 -84.693182 0.000000
vt 43.460975 -82.464414 0.000000
vt 43.460975 -80.235646 0.000000
vt 43.460975 -78.006878 0.000000
vt 43.460975 -75.778110 0.000000
vt 43.460975 -73.549342 0.000000
vt 43.460975 -71.320574 0.000000
vt 43.460975 -69.091806 0.000000
vt 43.460975 -66.863038 0.000000
vt 43.460975 -64.634270 0.000000
vt 43.460975 -62.405502 0.000000
vt 41.232207 -104.752093 0.000000
vt 41.232207 -102.523325 0.000000
vt 41.232207 -100.294557 0.000000
vt 41.232207 -98.065789 0.000000
vt 41.232207 -95.837021 0.000000
vt 41.232207 -93.608254 0.000000
vt 41.232207 -91.379486 0.000000
vt 41.232207 -89.150718 0.000000
vt 41.232207 -86.921950 0.000000
vt 41.232207 -84.693182 0.000000
vt 41.232207 -82.464414 0.000000
vt 41.232207 -80.235646 0.000000
vt 41.232207 -78.006878 0.000000
vt 41.232207 -75.778110 0.000000
vt 41.232207 -73.549342 0.000000
vt 41.232207 -71.320574 0.000000
vt 41.232207 -69.091806 0.000000
vt 41.232207 -66.863038 0.000000
vt 41.232207 -64.634270 0.000000
vt 41.232207 -62.405502 0.000000
vt 39.003439 -104.752093 0.000000
vt 39.003439 -102.523325 0.000000
vt 39.003439 -100.294557 0.000000
vt 39.003439 -98.065789 0.000000
vt 39.003439 -95.837021 0.000000
vt 39.003439 -93.608254 0.000000
vt 39.003439 -91.379486 0.000000
vt 39.003439 -89.150718 0.000000
vt 39.003439 -86.921950 0.000000
vt 39.003439 -84.693182 0.000000
vt 39.003439 -82.464414 0.000000
vt 39.003439 -80.235646 0.000000
vt 39.003439 -78.006878 0.000000
vt 39.003439 -75.778110 0.000000
vt 39.003439 -73.549342 0.000000
vt 39.003439 -71.320574 0.000000
vt 39.003439 -69.091806 0.000000
vt 39.003439 -66.863038 0.000000
vt 39.003439 -64.634270 0.000000
vt 39.003439 -62.405502 0.000000
vt 36.774671 -104.752093 0.000000
vt 36.774671 -102.523325 0.000000
vt 36.774671 -100.294557 0.000000
vt 36.774671 -98.065789 0.000000
vt 36.774671 -95.837021 0.000000
vt 36.774671 -93.608254 0.000000
vt 36.774671 -91.379486 0.000000
vt 36.774671 -89.150718 0.000000
vt 36.774671 -86.921950 0.000000
vt 36.774671 -84.693182 0.000000
vt 36.774671 -82.464414 0.000000
vt 36.774671 -80.235646 0.000000
vt 36.774671 -78.006878 0.000000
vt 36.774671 -75.778110 0.000000
vt 36.774671 -73.549342 0.000000
vt 36.774671 -71.320574 0.000000
vt 36.774671 -69.091806 0.000000
vt 36.774671 -66.863038 0.000000
vt 36.774671 -64.634270 0.000000
vt 36.774671 -62.405502 0.000000
vt 34.545903 -104.752093 0.000000
vt 34.545903 -102.523325 0.000000
vt 34.545903 -100.294557 0.000000
vt 34.545903 -98.065789 0.000000
vt 34.545903 -95.837021 0.000000
vt 34.545903 -93.608254 0.000000
vt 34.545903 -91.379486 0.000000
vt 34.545903 -89.150718 0.000000
vt 34.545903 -86.921950 0.000000
vt 34.545903 -84.693182 0.000000
vt 34.545903 -82.464414 0.000000
vt 34.545903 -80.235646 0.000000
vt 34.545903 -78.006878 0.000000
vt 34.545903 -75.778110 0.000000
vt 34.545903 -73.549342 0.000000
vt 34.545903 -71.320574 0.000000
vt 34.545903 -69.091806 0.000000
vt 34.545903 -66.863038 0.000000
vt 34.545903 -64.634270 0.000000
vt 34.545903 -62.405502 0.000000
vt 32.317135 -102.523325 0.000000
vt 32.317135 -100.294557 0.000000
vt 32.317135 -98.065789 0.000000
vt 32.317135 -95.837021 0.000000
vt 32.317135 -93.608254 0.000000
vt 32.317135 -91.379486 0.000000
vt 32.317135 -89.150718 0.000000
vt 32.317135 -86.921950 0.000000
vt 32.317135 -84.693182 0.000000
vt 32.317135 -82.464414 0.000000
vt 32.317135 -80.235646 0.000000
vt 32.317135 -78.006878 0.000000
vt 32.317135 -75.778110 0.000000
vt 32.317135 -73.549342 0.000000
vt 32.317135 -71.320574 0.000000
vt 32.317135 -69.091806 0.000000
vt 32.317135 -66.863038 0.000000
vt 32.317135 -64.634270 0.000000
vt 32.317135 -62.405502 0.000000
vt 16.715760 -102.523325 0.000000
vt 16.715760 -100.294557 0.000000
vt 18.944527 -100.294557 0.000000
vt 16.715760 -98.065789 0.000000
vt 18.944527 -98.065789 0.000000
vt 16.715760 -95.837021 0.000000
vt 18.944527 -95.837021 0.000000
vt 16.715760 -93.608254 0.000000
vt 12.258224 104.752093 0.000000
vt 14.486992 102.523325 0.000000
vt 12.258224 102.523325 0.000000
vt 14.486992 100.294557 0.000000
vt 12.258224 100.294557 0.000000
vt 14.486992 98.065789 0.000000
vt 12.258224 98.065789 0.000000
vt 14.486992 95.837021 0.000000
vt 12.258224 95.837021 0.000000
vt 14.486992 93.608254 0.000000
vt 12.258224 93.608254 0.000000
vt 14.486992 91.379486 0.000000
vt 12.258224 91.379486 0.000000
vt 14.486992 89.150718 0.000000
vt 12.258224 89.150718 0.000000
vt 14.486992 86.921950 0.000000
vt 12.258224 86.921950 0.000000
vt 14.486992 84.693182 0.000000
vt 12.258224 84.693182 0.000000
vt 14.486992 82.464414 0.000000
vt 12.258224 82.464414 0.000000
vt 14.486992 80.235646 0.000000
vt 12.258224 80.235646 0.000000
vt 14.486992 78.006878 0.000000
vt 12.258224 78.006878 0.000000
vt 14.486992 75.778110 0.000000
vt 12.258224 75.778110 0.000000
vt 14.486992 73.549342 0.000000
vt 12.258224 73.549342 0.000000
vt 14.486992 71.320574 0.000000
vt 12.258224 71.320574 0.000000
vt 14.486992 69.091806 0.000000
vt 12.258224 69.091806 0.000000
vt 14.486992 66.863038 0.000000
vt 12.258224 66.863038 0.000000
vt 14.486992 64.634270 0.000000
vt 12.258224 64.634270 0.000000
vt 14.486992 62.405502 0.000000
vt 12.258224 62.405502 0.000000
vt 14.486992 60.176734 0.000000
vt 12.258224 60.176734 0.000000
vt 14.486992 57.947966 0.000000
vt 12.258224 57.947966 0.000000
vt 14.486992 55.719199 0.000000
vt 12.258224 55.719199 0.000000
vt 14.486992 53.490431 0.000000
vt 12.258224 53.490431 0.000000
vt 14.486992 51.261663 0.000000
vt 12.258224 51.261663 0.000000
vt 14.486992 49.032895 0.000000
vt 12.258224 49.032895 0.000000
vt 14.486992 46.804127 0.000000
vt 12.258224 46.804127 0.000000
vt 14.486992 44.575359 0.000000
vt 12.258224 44.575359 0.000000
vt 14.486992 42.346591 0.000000
vt 12.258224 42.346591 0.000000
vt 14.486992 40.117823 0.000000
vt 12.258224 40.117823 0.000000
vt 14.486992 37.889055 0.000000
vt 12.258224 37.889055 0.000000
vt 14.486992 35.660287 0.000000
vt 12.258224 35.660287 0.000000
vt 14.486992 33.431519 0.000000
vt 12.258224 33.431519 0.000000
vt 14.486992 31.202751 0.000000
vt 12.258224 31.202751 0.000000
vt 14.486992 28.973983 0.000000
vt 12.258224 28.973983 0.000000
vt 14.486992 26.745215 0.000000
vt 12.258224 26.745215 0.000000
vt 14.486992 24.516447 0.000000
vt 12.258224 24.516447 0.000000
vt 14.486992 22.287679 0.000000
vt 12.258224 22.287679 0.000000
vt 14.486992 20.058911 0.000000
vt 12.258224 20.058911 0.000000
vt 14.486992 17.830144 0.000000
vt 12.258224 17.830144 0.000000
vt 14.486992 15.601376 0.000000
vt 12.258224 15.601376 0.000000
vt 14.486992 13.372608 0.000000
vt 12.258224 13.372608 0.000000
vt 14.486992 11.143840 0.000000
vt 12.258224 11.143840 0.000000
vt 14.486992 8.915072 0.000000
vt 12.258224 8.915072 0.000000
vt 14.486992 6.686304 0.000000
vt 12.258224 6.686304 0.000000
vt 14.486992 4.457536 0.000000
vt 12.258224 4.457536 0.000000
vt 14.486992 2.228768 0.000000
vt 12.258224 2.228768 0.000000
vt 14.486992 0.000000 0.000000
vt 12.258224 0.000000 0.000000
vt 14.486992 -2.228768 0.000000
vt 12.258224 -2.228768 0.000000
vt 14.486992 -4.457536 0.000000
vt 12.258224 -4.457536 0.000000
vt 14.486992 -6.686304 0.000000
vt 12.258224 -6.686304 0.000000
vt 14.486992 -8.915072 0.000000
vt 12.258224 -8.915072 0.000000
vt 14.486992 -11.143840 0.000000
vt 12.258224 -11.143840 0.000000
vt 14.486992 -13.372608 0.000000
vt 12.258224 -13.372608 0.000000
vt 14.486992 -15.601376 0.000000
vt 12.258224 -15.601376 0.000000
vt 14.486992 -17.830144 0.000000
vt 12.258224 -17.830144 0.000000
vt 14.486992 -20.058911 0.000000
vt 12.258224 -20.058911 0.000000
vt 14.486992 -22.287679 0.000000
vt 12.258224 -22.287679 0.000000
vt 14.486992 -24.516447 0.000000
vt 12.258224 -24.516447 0.000000
vt 14.486992 -26.745215 0.000000
vt 12.258224 -26.745215 0.000000
vt 14.486992 -28.973983 0.000000
vt 12.258224 -28.973983 0.000000
vt 14.486992 -31.202751 0.000000
vt 12.258224 -31.202751 0.000000
vt 14.486992 -33.431519 0.000000
vt 12.258224 -33.431519 0.000000
vt 14.486992 -35.660287 0.000000
vt 12.258224 -35.660287 0.000000
vt 14.486992 -37.889055 0.000000
vt 12.258224 -37.889055 0.000000
vt 14.486992 -40.117823 0.000000
vt 12.258224 -40.117823 0.000000
vt 14.486992 -42.346591 0.000000
vt 12.258224 -42.346591 0.000000
vt 14.486992 -44.575359 0.000000
vt 12.258224 -44.575359 0.000000
vt 14.486992 -46.804127 0.000000
vt 12.258224 -46.804127 0.000000
vt 14.486992 -49.032895 0.000000
vt 12.258224 -49.032895 0.000000
vt 14.486992 -51.261663 0.000000
vt 12.258224 -51.261663 0.000000
vt 14.486992 -53.490431 0.000000
vt 12.258224 -53.490431 0.000000
vt 14.486992 -55.719199 0.000000
vt 12.258224 -55.719199 0.000000
vt 10.029456 104.752093 0.000000
vt 10.029456 102.523325 0.000000
vt 10.029456 100.294557 0.000000
vt 10.029456 98.065789 0.000000
vt 10.029456 95.837021 0.000000
vt 10.029456 93.608254 0.000000
vt 10.029456 91.379486 0.000000
vt 10.029456 89.150718 0.000000
vt 10.029456 86.921950 0.000000
vt 10.029456 84.693182 0.000000
vt 10.029456 82.464414 0.000000
vt 10.029456 80.235646 0.000000
vt 10.029456 78.006878 0.000000
vt 10.029456 75.778110 0.000000
vt 10.029456 73.549342 0.000000
vt 10.029456 71.320574 0.000000
vt 10.029456 69.091806 0.000000
vt 10.029456 66.863038 0.000000
vt 10.029456 64.634270 0.000000
vt 10.029456 62.405502 0.000000
vt 10.029456 60.176734 0.000000
vt 10.029456 57.947966 0.000000
vt 10.029456 55.719199 0.000000
vt 10.029456 53.490431 0.000000
vt 10.029456 51.261663 0.000000
vt 10.029456 49.032895 0.000000
vt 10.029456 46.804127 0.000000
vt 10.029456 44.575359 0.000000
vt 10.029456 42.346591 0.000000
vt 10.029456 40.117823 0.000000
vt 10.029456 37.889055 0.000000
vt 10.029456 35.660287 0.000000
vt 10.029456 33.431519 0.000000
vt 10.029456 31.202751 0.000000
vt 10.029456 28.973983 0.000000
vt 10.029456 26.745215 0.000000
vt 10.029456 24.516447 0.000000
vt 10.029456 22.287679 0.000000
vt 10.029456 20.058911 0.000000
vt 10.029456 17.830144 0.000000
vt 10.029456 15.601376 0.000000
vt 10.029456 13.372608 0.000000
vt 10.029456 11.143840 0.000000
vt 10.029456 8.915072 0.000000
vt 10.029456 6.686304 0.000000
vt 10.029456 4.457536 0.000000
vt 10.029456 2.228768 0.000000
vt 10.029456 0.000000 0.000000
vt 10.029456 -2.228768 0.000000
vt 10.029456 -4.457536 0.000000
vt 10.029456 -6.686304 0.000000
vt 10.029456 -8.915072 0.000000
vt 10.029456 -11.143840 0.000000
vt 10.029456 -13.372608 0.000000
vt 10.029456 -15.601376 0.000000
vt 10.029456 -17.830144 0.000000
vt 10.029456 -20.058911 0.000000
vt 10.029456 -22.287679 0.000000
vt 10.029456 -24.516447 0.000000
vt 10.029456 -26.745215 0.000000
vt 10.029456 -28.973983 0.000000
vt 10.029456 -31.202751 0.000000
vt 10.029456 -33.431519 0.000000
vt 10.029456 -35.660287 0.000000
vt 10.029456 -37.889055 0.000000
vt 10.029456 -40.117823 0.000000
vt 10.029456 -42.346591 0.000000
vt 10.029456 -44.575359 0.000000
vt 10.029456 -46.804127 0.000000
vt 10.029456 -49.032895 0.000000
vt 10.029456 -51.261663 0.000000
vt 10.029456 -53.490431 0.000000
vt 10.029456 -55.719199 0.000000
vt 12.258224 -104.752093 0.000000
vt 10.029456 -102.523325 0.000000
vt 10.029456 -104.752093 0.000000
vt 7.800688 -102.523325 0.000000
vt 7.800688 -104.752093 0.000000
vt 5.571920 -102.523325 0.000000
vt 5.571920 -104.752093 0.000000
vt 3.343152 -102.523325 0.000000
vt 3.343152 -104.752093 0.000000
vt 1.114384 -102.523325 0.000000
vt 1.114384 -104.752093 0.000000
vt -1.114384 -102.523325 0.000000
vt -1.114384 -104.752093 0.000000
vt -3.343152 -102.523325 0.000000
vt -3.343152 -104.752093 0.000000
vt -5.571920 -102.523325 0.000000
vt -5.571920 -104.752093 0.000000
vt -7.800688 -102.523325 0.000000
vt -7.800688 -104.752093 0.000000
vt 7.800688 104.752093 0.000000
vt 7.800688 102.523325 0.000000
vt 7.800688 100.294557 0.000000
vt 7.800688 98.065789 0.000000
vt 7.800688 95.837021 0.000000
vt 7.800688 93.608254 0.000000
vt 7.800688 91.379486 0.000000
vt 7.800688 89.150718 0.000000
vt 7.800688 86.921950 0.000000
vt 7.800688 84.693182 0.000000
vt 7.800688 82.464414 0.000000
vt 7.800688 80.235646 0.000000
vt 7.800688 78.006878 0.000000
vt 7.800688 75.778110 0.000000
vt 7.800688 73.549342 0.000000
vt 7.800688 71.320574 0.000000
vt 7.800688 69.091806 0.000000
vt 7.800688 66.863038 0.000000
vt 7.800688 64.634270 0.000000
vt 7.800688 62.405502 0.000000
vt 7.800688 60.176734 0.000000
vt 7.800688 57.947966 0.000000
vt 7.800688 55.719199 0.000000
vt 7.800688 53.490431 0.000000
vt 7.800688 51.261663 0.000000
vt 7.800688 49.032895 0.000000
vt 7.800688 46.804127 0.000000
vt 7.800688 44.575359 0.000000
vt 7.800688 42.346591 0.000000
vt 7.800688 40.117823 0.000000
vt 7.800688 37.889055 0.000000
vt 7.800688 35.660287 0.000000
vt 7.800688 33.431519 0.000000
vt 7.800688 31.202751 0.000000
vt 7.800688 28.973983 0.000000
vt 7.800688 26.745215 0.000000
vt 7.800688 24.516447 0.000000
vt 7.800688 22.287679 0.000000
vt 7.800688 20.058911 0.000000
vt 7.800688 17.830144 0.000000
vt 7.800688 15.601376 0.000000
vt 7.800688 13.372608 0.000000
vt 7.800688 11.143840 0.000000
vt 7.800688 8.915072 0.000000
vt 7.800688 6.686304 0.000000
vt 7.800688 4.457536 0.000000
vt 7.800688 2.228768 0.000000
vt 7.800688 0.000000 0.000000
vt 7.800688 -2.228768 0.000000
vt 7.800688 -4.457536 0.000000
vt 7.800688 -6.686304 0.000000
vt 7.800688 -8.915072 0.000000
vt 7.800688 -11.143840 0.000000
vt 7.800688 -13.372608 0.000000
vt 7.800688 -15.601376 0.000000
vt 7.800688 -17.830144 0.000000
vt 7.800688 -20.058911 0.000000
vt 7.800688 -22.287679 0.000000
vt 7.800688 -24.516447 0.000000
vt 7.800688 -26.745215 0.000000
vt 7.800688 -28.973983 0.000000
vt 7.800688 -31.202751 0.000000
vt 7.800688 -33.431519 0.000000
vt 7.800688 -35.660287 0.000000
vt 7.800688 -37.889055 0.000000
vt 7.800688 -40.117823 0.000000
vt 7.800688 -42.346591 0.000000
vt 7.800688 -44.575359 0.000000
vt 7.800688 -46.804127 0.000000
vt 7.800688 -49.032895 0.000000
vt 7.800688 -51.261663 0.000000
vt 7.800688 -53.490431 0.000000
vt 7.800688 -55.719199 0.000000
vt 5.571920 104.752093 0.000000
vt 5.571920 102.523325 0.000000
vt 5.571920 100.294557 0.000000
vt 5.571920 98.065789 0.000000
vt 5.571920 95.837021 0.000000
vt 5.571920 93.608254 0.000000
vt 5.571920 91.379486 0.000000
vt 5.571920 89.150718 0.000000
vt 5.571920 86.921950 0.000000
vt 5.571920 84.693182 0.000000
vt 5.571920 82.464414 0.000000
vt 5.571920 80.235646 0.000000
vt 5.571920 78.006878 0.000000
vt 5.571920 75.778110 0.000000
vt 5.571920 73.549342 0.000000
vt 5.571920 71.320574 0.000000
vt 5.571920 69.091806 0.000000
vt 5.571920 66.863038 0.000000
vt 5.571920 64.634270 0.000000
vt 5.571920 62.405502 0.000000
vt 5.571920 60.176734 0.000000
vt 5.571920 57.947966 0.000000
vt 5.571920 55.719199 0.000000
vt 5.571920 53.490431 0.000000
vt 5.571920 51.261663 0.000000
vt 5.571920 49.032895 0.000000
vt 5.571920 46.804127 0.000000
vt 5.571920 44.575359 0.000000
vt 5.571920 42.346591 0.000000
vt 5.571920 40.117823 0.000000
vt 5.571920 37.889055 0.000000
vt 5.571920 35.660287 0.000000
vt 5.571920 33.431519 0.000000
vt 5.571920 31.202751 0.000000
vt 5.571920 28.973983 0.000000
vt 5.571920 26.745215 0.000000
vt 5.571920 24.516447 0.000000
vt 5.571920 22.287679 0.000000
vt 5.571920 20.058911 0.000000
vt 5.571920 17.830144 0.000000
vt 5.571920 15.601376 0.000000
vt 5.571920 13.372608 0.000000
vt 5.571920 11.143840 0.000000
vt 5.571920 8.915072 0.000000
vt 5.571920 6.686304 0.000000
vt 5.571920 4.457536 0.000000
vt 5.571920 2.228768 0.000000
vt 5.571920 0.000000 0.000000
vt 5.571920 -2.228768 0.000000
vt 5.571920 -4.457536 0.000000
vt 5.571920 -6.686304 0.000000
vt 5.571920 -8.915072 0.000000
vt 5.571920 -11.143840 0.000000
vt 5.571920 -13.372608 0.000000
vt 5.571920 -15.601376 0.000000
vt 5.571920 -17.830144 0.000000
vt 5.571920 -20.058911 0.000000
vt 5.571920 -22.287679 0.000000
vt 5.571920 -24.516447 0.000000
vt 5.571920 -26.745215 0.000000
vt 5.571920 -28.973983 0.000000
vt 5.571920 -31.202751 0.000000
vt 5.571920 -33.431519 0.000000
vt 5.571920 -35.660287 0.000000
vt 5.571920 -37.889055 0.000000
vt 5.571920 -40.117823 0.000000
vt 5.571920 -42.346591 0.000000
vt 5.571920 -44.575359 0.000000
vt 5.571920 -46.804127 0.000000
vt 5.571920 -49.032895 0.000000
vt 5.571920 -51.261663 0.000000
vt 5.571920 -53.490431 0.000000
vt 5.571920 -55.719199 0.000000
vt 3.343152 104.752093 0.000000
vt 3.343152 102.523325 0.000000
vt 3.343152 100.294557 0.000000
vt 3.343152 98.065789 0.000000
vt 3.343152 95.837021 0.000000
vt 3.343152 93.608254 0.000000
vt 3.343152 91.379486 0.000000
vt 3.343152 89.150718 0.000000
vt 3.343152 86.921950 0.000000
vt 3.343152 84.693182 0.000000
vt 3.343152 82.464414 0.000000
vt 3.343152 80.235646 0.000000
vt 3.343152 78.006878 0.000000
vt 3.343152 75.778110 0.000000
vt 3.343152 73.549342 0.000000
vt 3.343152 71.320574 0.000000
vt 3.343152 69.091806 0.000000
vt 3.343152 66.863038 0.000000
vt 3.343152 64.634270 0.000000
vt 3.343152 62.405502 0.000000
vt 3.343152 60.176734 0.000000
vt 3.343152 57.947966 0.000000
vt 3.343152 55.719199 0.000000
vt 3.343152 53.490431 0.000000
vt 3.343152 51.261663 0.000000
vt 3.343152 49.032895 0.000000
vt 3.343152 46.804127 0.000000
vt 3.343152 44.575359 0.000000
vt 3.343152 42.346591 0.000000
vt 3.343152 40.117823 0.000000
vt 3.343152 37.889055 0.000000
vt 3.343152 35.660287 0.000000
vt 3.343152 33.431519 0.000000
vt 3.343152 31.202751 0.000000
vt 3.343152 28.973983 0.000000
vt 3.343152 26.745215 0.000000
vt 3.343152 24.516447 0.000000
vt 3.343152 22.287679 0.000000
vt 3.343152 20.058911 0.000000
vt 3.343152 17.830144 0.000000
vt 3.343152 15.601376 0.000000
vt 3.343152 13.372608 0.000000
vt 3.343152 11.143840 0.000000
vt 3.343152 8.915072 0.000000
vt 3.343152 6.686304 0.000000
vt 3.343152 4.457536 0.000000
vt 3.343152 2.228768 0.000000
vt 3.343152 0.000000 0.000000
vt 3.343152 -2.228768 0.000000
vt 3.343152 -4.457536 0.000000
vt 3.343152 -6.686304 0.000000
vt 3.343152 -8.915072 0.000000
vt 3.343152 -11.143840 0.000000
vt 3.343152 -13.372608 0.000000
vt 3.343152 -15.601376 0.000000
vt 3.343152 -17.830144 0.000000
vt 3.343152 -20.058911 0.000000
vt 3.343152 -22.287679 0.000000
vt 3.343152 -24.516447 0.000000
vt 3.343152 -26.745215 0.000000
vt 3.343152 -28.973983 0.000000
vt 3.343152 -31.202751 0.000000
vt 3.343152 -33.431519 0.000000
vt 3.343152 -35.660287 0.000000
vt 3.343152 -37.889055 0.000000
vt 3.343152 -40.117823 0.000000
vt 3.343152 -42.346591 0.000000
vt 3.343152 -44.575359 0.000000
vt 3.343152 -46.804127 0.000000
vt 3.343152 -49.032895 0.000000
vt 3.343152 -51.261663 0.000000
vt 3.343152 -53.490431 0.000000
vt 3.343152 -55.719199 0.000000
vt 1.114384 104.752093 0.000000
vt 1.114384 102.523325 0.000000
vt 1.114384 100.294557 0.000000
vt 1.114384 98.065789 0.000000
vt 1.114384 95.837021 0.000000
vt 1.114384 93.608254 0.000000
vt 1.114384 91.379486 0.000000
vt 1.114384 89.150718 0.000000
vt 1.114384 86.921950 0.000000
vt 1.114384 84.693182 0.000000
vt 1.114384 82.464414 0.000000
vt 1.114384 80.235646 0.000000
vt 1.114384 78.006878 0.000000
vt 1.114384 75.778110 0.000000
vt 1.114384 73.549342 0.000000
vt 1.114384 71.320574 0.000000
vt 1.114384 69.091806 0.000000
vt 1.114384 66.863038 0.000000
vt 1.114384 64.634270 0.000000
vt 1.114384 62.405502 0.000000
vt 1.114384 60.176734 0.000000
vt 1.114384 57.947966 0.000000
vt 1.114384 55.719199 0.000000
vt 1.114384 53.490431 0.000000
vt 1.114384 51.261663 0.000000
vt 1.114384 49.032895 0.000000
vt 1.114384 46.804127 0.000000
vt 1.114384 44.575359 0.000000
vt 1.114384 42.346591 0.000000
vt 1.114384 40.117823 0.000000
vt 1.114384 37.889055 0.000000
vt 1.114384 35.660287 0.000000
vt 1.114384 33.431519 0.000000
vt 1.114384 31.202751 0.000000
vt 1.114384 28.973983 0.000000
vt 1.114384 26.745215 0.000000
vt 1.114384 24.516447 0.000000
vt 1.114384 22.287679 0.000000
vt 1.114384 20.058911 0.000000
vt 1.114384 17.830144 0.000000
vt 1.114384 15.601376 0.000000
vt 1.114384 13.372608 0.000000
vt 1.114384 11.143840 0.000000
vt 1.114384 8.915072 0.000000
vt 1.114384 6.686304 0.000000
vt 1.114384 4.457536 0.000000
vt 1.114384 2.228768 0.000000
vt 1.114384 0.000000 0.000000
vt 1.114384 -2.228768 0.000000
vt 1.114384 -4.457536 0.000000
vt 1.114384 -6.686304 0.000000
vt 1.114384 -8.915072 0.000000
vt 1.114384 -11.143840 0.000000
vt 1.114384 -13.372608 0.000000
vt 1.114384 -15.601376 0.000000
vt 1.114384 -17.830144 0.000000
vt 1.114384 -20.058911 0.000000
vt 1.114384 -22.287679 0.000000
vt 1.114384 -24.516447 0.000000
vt 1.114384 -26.745215 0.000000
vt 1.114384 -28.973983 0.000000
vt 1.114384 -31.202751 0.000000
vt 1.114384 -33.431519 0.000000
vt 1.114384 -35.660287 0.000000
vt 1.114384 -37.889055 0.000000
vt 1.114384 -40.117823 0.000000
vt 1.114384 -42.346591 0.000000
vt 1.114384 -44.575359 0.000000
vt 1.114384 -46.804127 0.000000
vt 1.114384 -49.032895 0.000000
vt 1.114384 -51.261663 0.000000
vt 1.114384 -53.490431 0.000000
vt 1.114384 -55.719199 0.000000
vt -1.114384 104.752093 0.000000
vt -1.114384 102.523325 0.000000
vt -1.114384 100.294557 0.000000
vt -1.114384 98.065789 0.000000
vt -1.114384 95.837021 0.000000
vt -1.114384 93.608254 0.000000
vt -1.114384 91.379486 0.000000
vt -1.114384 89.150718 0.000000
vt -1.114384 86.921950 0.000000
vt -1.114384 84.693182 0.000000
vt -1.114384 82.464414 0.000000
vt -1.114384 80.235646 0.000000
vt -1.114384 78.006878 0.000000
vt -1.114384 75.778110 0.000000
vt -1.114384 73.549342 0.000000
vt -1.114384 71.320574 0.000000
vt -1.114384 69.091806 0.000000
vt -1.114384 66.863038 0.000000
vt -1.114384 64.634270 0.000000
vt -1.114384 62.405502 0.000000
vt -1.114384 60.176734 0.000000
vt -1.114384 57.947966 0.000000
vt -1.114384 55.719199 0.000000
vt -1.114384 53.490431 0.000000
vt -1.114384 51.261663 0.000000
vt -1.114384 49.032895 0.000000
vt -1.114384 46.804127 0.000000
vt -1.114384 44.575359 0.000000
vt -1.114384 42.346591 0.000000
vt -1.114384 40.117823 0.000000
vt -1.114384 37.889055 0.000000
vt -1.114384 35.660287 0.000000
vt -1.114384 33.431519 0.000000
vt -1.114384 31.202751 0.000000
vt -1.114384 28.973983 0.000000
vt -1.114384 26.745215 0.000000
vt -1.114384 24.516447 0.000000
vt -1.114384 22.287679 0.000000
vt -1.114384 20.058911 0.000000
vt -1.114384 17.830144 0.000000
vt -1.114384 15.601376 0.000000
vt -1.114384 13.372608 0.000000
vt -1.114384 11.143840 0.000000
vt -1.114384 8.915072 0.000000
vt -1.114384 6.686304 0.000000
vt -1.114384 4.457536 0.000000
vt -1.114384 2.228768 0.000000
vt -1.114384 0.000000 0.000000
vt -1.114384 -2.228768 0.000000
vt -1.114384 -4.457536 0.000000
vt -1.114384 -6.686304 0.000000
vt -1.114384 -8.915072 0.000000
vt -1.114384 -11.143840 0.000000
vt -1.114384 -13.372608 0.000000
vt -1.114384 -15.601376 0.000000
vt -1.114384 -17.830144 0.000000
vt -1.114384 -20.058911 0.000000
vt -1.114384 -22.287679 0.000000
vt -1.114384 -24.516447 0.000000
vt -1.114384 -26.745215 0.000000
vt -1.114384 -28.973983 0.000000
vt -1.114384 -31.202751 0.000000
vt -1.114384 -33.431519 0.000000
vt -1.114384 -35.660287 0.000000
vt -1.114384 -37.889055 0.000000
vt -1.114384 -40.117823 0.000000
vt -1.114384 -42.346591 0.000000
vt -1.114384 -44.575359 0.000000
vt -1.114384 -46.804127 0.000000
vt -1.114384 -49.032895 0.000000
vt -1.114384 -51.261663 0.000000
vt -1.114384 -53.490431 0.000000
vt -1.114384 -55.719199 0.000000
vt -3.343152 104.752093 0.000000
vt -3.343152 102.523325 0.000000
vt -3.343152 100.294557 0.000000
vt -3.343152 98.065789 0.000000
vt -3.343152 95.837021 0.000000
vt -3.343152 93.608254 0.000000
vt -3.343152 91.379486 0.000000
vt -3.343152 89.150718 0.000000
vt -3.343152 86.921950 0.000000
vt -3.343152 84.693182 0.000000
vt -3.343152 82.464414 0.000000
vt -3.343152 80.235646 0.000000
vt -3.343152 78.006878 0.000000
vt -3.343152 75.778110 0.000000
vt -3.343152 73.549342 0.000000
vt -3.343152 71.320574 0.000000
vt -3.343152 69.091806 0.000000
vt -3.343152 66.863038 0.000000
vt -3.343152 64.634270 0.000000
vt -3.343152 62.405502 0.000000
vt -3.343152 60.176734 0.000000
vt -3.343152 57.947966 0.000000
vt -3.343152 55.719199 0.000000
vt -3.343152 53.490431 0.000000
vt -3.343152 51.261663 0.000000
vt -3.343152 49.032895 0.000000
vt -3.343152 46.804127 0.000000
vt -3.343152 44.575359 0.000000
vt -3.343152 42.346591 0.000000
vt -3.343152 40.117823 0.000000
vt -3.343152 37.889055 0.000000
vt -3.343152 35.660287 0.000000
vt -3.343152 33.431519 0.000000
vt -3.343152 31.202751 0.000000
vt -3.343152 28.973983 0.000000
vt -3.343152 26.745215 0.000000
vt -3.343152 24.516447 0.000000
vt -3.343152 22.287679 0.000000
vt -3.343152 20.058911 0.000000
vt -3.343152 17.830144 0.000000
vt -3.343152 15.601376 0.000000
vt -3.343152 13.372608 0.000000
vt -3.343152 11.143840 0.000000
vt -3.343152 8.915072 0.000000
vt -3.343152 6.686304 0.000000
vt -3.343152 4.457536 0.000000
vt -3.343152 2.228768 0.000000
vt -3.343152 0.000000 0.000000
vt -3.343152 -2.228768 0.000000
vt -3.343152 -4.457536 0.000000
vt -3.343152 -6.686304 0.000000
vt -3.343152 -8.915072 0.000000
vt -3.343152 -11.143840 0.000000
vt -3.343152 -13.372608 0.000000
vt -3.343152 -15.601376 0.000000
vt -3.343152 -17.830144 0.000000
vt -3.343152 -20.058911 0.000000
vt -3.343152 -22.287679 0.000000
vt -3.343152 -24.516447 0.000000
vt -3.343152 -26.745215 0.000000
vt -3.343152 -28.973983 0.000000
vt -3.343152 -31.202751 0.000000
vt -3.343152 -33.431519 0.000000
vt -3.343152 -35.660287 0.000000
vt -3.343152 -37.889055 0.000000
vt -3.343152 -40.117823 0.000000
vt -3.343152 -42.346591 0.000000
vt -3.343152 -44.575359 0.000000
vt -3.343152 -46.804127 0.000000
vt -3.343152 -49.032895 0.000000
vt -3.343152 -51.261663 0.000000
vt -3.343152 -53.490431 0.000000
vt -3.343152 -55.719199 0.000000
vt -5.571920 104.752093 0.000000
vt -5.571920 102.523325 0.000000
vt -5.571920 100.294557 0.000000
vt -5.571920 98.065789 0.000000
vt -5.571920 95.837021 0.000000
vt -5.571920 93.608254 0.000000
vt -5.571920 91.379486 0.000000
vt -5.571920 89.150718 0.000000
vt -5.571920 86.921950 0.000000
vt -5.571920 84.693182 0.000000
vt -5.571920 82.464414 0.000000
vt -5.571920 80.235646 0.000000
vt -5.571920 78.006878 0.000000
vt -5.571920 75.778110 0.000000
vt -5.571920 73.549342 0.000000
vt -5.571920 71.320574 0.000000
vt -5.571920 69.091806 0.000000
vt -5.571920 66.863038 0.000000
vt -5.571920 64.634270 0.000000
vt -5.571920 62.405502 0.000000
vt -5.571920 60.176734 0.000000
vt -5.571920 57.947966 0.000000
vt -5.571920 55.719199 0.000000
vt -5.571920 53.490431 0.000000
vt -5.571920 51.261663 0.000000
vt -5.571920 49.032895 0.000000
vt -5.571920 46.804127 0.000000
vt -5.571920 44.575359 0.000000
vt -5.571920 42.346591 0.000000
vt -5.571920 40.117823 0.000000
vt -5.571920 37.889055 0.000000
vt -5.571920 35.660287 0.000000
vt -5.571920 33.431519 0.000000
vt -5.571920 31.202751 0.000000
vt -5.571920 28.973983 0.000000
vt -5.571920 26.745215 0.000000
vt -5.571920 24.516447 0.000000
vt -5.571920 22.287679 0.000000
vt -5.571920 20.058911 0.000000
vt -5.571920 17.830144 0.000000
vt -5.571920 15.601376 0.000000
vt -5.571920 13.372608 0.000000
vt -5.571920 11.143840 0.000000
vt -5.571920 8.915072 0.000000
vt -5.571920 6.686304 0.000000
vt -5.571920 4.457536 0.000000
vt -5.571920 2.228768 0.000000
vt -5.571920 0.000000 0.000000
vt -5.571920 -2.228768 0.000000
vt -5.571920 -4.457536 0.000000
vt -5.571920 -6.686304 0.000000
vt -5.571920 -8.915072 0.000000
vt -5.571920 -11.143840 0.000000
vt -5.571920 -13.372608 0.000000
vt -5.571920 -15.601376 0.000000
vt -5.571920 -17.830144 0.000000
vt -5.571920 -20.058911 0.000000
vt -5.571920 -22.287679 0.000000
vt -5.571920 -24.516447 0.000000
vt -5.571920 -26.745215 0.000000
vt -5.571920 -28.973983 0.000000
vt -5.571920 -31.202751 0.000000
vt -5.571920 -33.431519 0.000000
vt -5.571920 -35.660287 0.000000
vt -5.571920 -37.889055 0.000000
vt -5.571920 -40.117823 0.000000
vt -5.571920 -42.346591 0.000000
vt -5.571920 -44.575359 0.000000
vt -5.571920 -46.804127 0.000000
vt -5.571920 -49.032895 0.000000
vt -5.571920 -51.261663 0.000000
vt -5.571920 -53.490431 0.000000
vt -5.571920 -55.719199 0.000000
vt -7.800688 104.752093 0.000000
vt -7.800688 102.523325 0.000000
vt -7.800688 100.294557 0.000000
vt -7.800688 98.065789 0.000000
vt -7.800688 95.837021 0.000000
vt -7.800688 93.608254 0.000000
vt -7.800688 91.379486 0.000000
vt -7.800688 89.150718 0.000000
vt -7.800688 86.921950 0.000000
vt -7.800688 84.693182 0.000000
vt -7.800688 82.464414 0.000000
vt -7.800688 80.235646 0.000000
vt -7.800688 78.006878 0.000000
vt -7.800688 75.778110 0.000000
vt -7.800688 73.549342 0.000000
vt -7.800688 71.320574 0.000000
vt -7.800688 69.091806 0.000000
vt -7.800688 66.863038 0.000000
vt -7.800688 64.634270 0.000000
vt -7.800688 62.405502 0.000000
vt -7.800688 60.176734 0.000000
vt -7.800688 57.947966 0.000000
vt -7.800688 55.719199 0.000000
vt -7.800688 53.490431 0.000000
vt -7.800688 51.261663 0.000000
vt -7.800688 49.032895 0.000000
vt -7.800688 46.804127 0.000000
vt -7.800688 44.575359 0.000000
vt -7.800688 42.346591 0.000000
vt -7.800688 40.117823 0.000000
vt -7.800688 37.889055 0.000000
vt -7.800688 35.660287 0.000000
vt -7.800688 33.431519 0.000000
vt -7.800688 31.202751 0.000000
vt -7.800688 28.973983 0.000000
vt -7.800688 26.745215 0.000000
vt -7.800688 24.516447 0.000000
vt -7.800688 22.287679 0.000000
vt -7.800688 20.058911 0.000000
vt -7.800688 17.830144 0.000000
vt -7.800688 15.601376 0.000000
vt -7.800688 13.372608 0.000000
vt -7.800688 11.143840 0.000000
vt -7.800688 8.915072 0.000000
vt -7.800688 6.686304 0.000000
vt -7.800688 4.457536 0.000000
vt -7.800688 2.228768 0.000000
vt -7.800688 0.000000 0.000000
vt -7.800688 -2.228768 0.000000
vt -7.800688 -4.457536 0.000000
vt -7.800688 -6.686304 0.000000
vt -7.800688 -8.915072 0.000000
vt -7.800688 -11.143840 0.000000
vt -7.800688 -13.372608 0.000000
vt -7.800688 -15.601376 0.000000
vt -7.800688 -17.830144 0.000000
vt -7.800688 -20.058911 0.000000
vt -7.800688 -22.287679 0.000000
vt -7.800688 -24.516447 0.000000
vt -7.800688 -26.745215 0.000000
vt -7.800688 -28.973983 0.000000
vt -7.800688 -31.202751 0.000000
vt -7.800688 -33.431519 0.000000
vt -7.800688 -35.660287 0.000000
vt -7.800688 -37.889055 0.000000
vt -7.800688 -40.117823 0.000000
vt -7.800688 -42.346591 0.000000
vt -7.800688 -44.575359 0.000000
vt -7.800688 -46.804127 0.000000
vt -7.800688 -49.032895 0.000000
vt -7.800688 -51.261663 0.000000
vt -7.800688 -53.490431 0.000000
vt -7.800688 -55.719199 0.000000
vt -14.486992 104.752093 0.000000
vt -14.486992 102.523325 0.000000
vt -14.486992 100.294557 0.000000
vt -14.486992 98.065789 0.000000
vt -14.486992 95.837021 0.000000
vt -14.486992 93.608254 0.000000
vt -14.486992 91.379486 0.000000
vt -14.486992 89.150718 0.000000
vt -14.486992 86.921950 0.000000
vt -14.486992 84.693182 0.000000
vt -14.486992 82.464414 0.000000
vt -14.486992 80.235646 0.000000
vt -14.486992 78.006878 0.000000
vt -14.486992 75.778110 0.000000
vt -14.486992 73.549342 0.000000
vt -14.486992 71.320574 0.000000
vt -14.486992 69.091806 0.000000
vt -14.486992 66.863038 0.000000
vt -14.486992 64.634270 0.000000
vt -14.486992 62.405502 0.000000
vt -14.486992 60.176734 0.000000
vt -14.486992 57.947966 0.000000
vt -14.486992 55.719199 0.000000
vt -14.486992 53.490431 0.000000
vt -14.486992 51.261663 0.000000
vt -14.486992 49.032895 0.000000
vt -14.486992 46.804127 0.000000
vt -14.486992 44.575359 0.000000
vt -14.486992 42.346591 0.000000
vt -14.486992 40.117823 0.000000
vt -14.486992 37.889055 0.000000
vt -14.486992 35.660287 0.000000
vt -14.486992 33.431519 0.000000
vt -14.486992 31.202751 0.000000
vt -14.486992 28.973983 0.000000
vt -14.486992 26.745215 0.000000
vt -14.486992 24.516447 0.000000
vt -14.486992 22.287679 0.000000
vt -14.486992 20.058911 0.000000
vt -14.486992 17.830144 0.000000
vt -14.486992 15.601376 0.000000
vt -14.486992 13.372608 0.000000
vt -14.486992 11.143840 0.000000
vt -14.486992 8.915072 0.000000
vt -14.486992 6.686304 0.000000
vt -14.486992 4.457536 0.000000
vt -14.486992 2.228768 0.000000
vt -14.486992 0.000000 0.000000
vt -14.486992 -2.228768 0.000000
vt -14.486992 -4.457536 0.000000
vt -14.486992 -6.686304 0.000000
vt -14.486992 -8.915072 0.000000
vt -14.486992 -11.143840 0.000000
vt -14.486992 -13.372608 0.000000
vt -14.486992 -15.601376 0.000000
vt -14.486992 -17.830144 0.000000
vt -14.486992 -20.058911 0.000000
vt -14.486992 -22.287679 0.000000
vt -14.486992 -24.516447 0.000000
vt -14.486992 -26.745215 0.000000
vt -14.486992 -28.973983 0.000000
vt -14.486992 -31.202751 0.000000
vt -14.486992 -33.431519 0.000000
vt -14.486992 -35.660287 0.000000
vt -14.486992 -37.889055 0.000000
vt -16.715760 104.752093 0.000000
vt -16.715760 102.523325 0.000000
vt -16.715760 100.294557 0.000000
vt -16.715760 98.065789 0.000000
vt -16.715760 95.837021 0.000000
vt -16.715760 93.608254 0.000000
vt -16.715760 91.379486 0.000000
vt -16.715760 89.150718 0.000000
vt -16.715760 86.921950 0.000000
vt -16.715760 84.693182 0.000000
vt -16.715760 82.464414 0.000000
vt -16.715760 80.235646 0.000000
vt -16.715760 78.006878 0.000000
vt -16.715760 75.778110 0.000000
vt -16.715760 73.549342 0.000000
vt -16.715760 71.320574 0.000000
vt -16.715760 69.091806 0.000000
vt -16.715760 66.863038 0.000000
vt -16.715760 64.634270 0.000000
vt -16.715760 62.405502 0.000000
vt -16.715760 60.176734 0.000000
vt -16.715760 57.947966 0.000000
vt -16.715760 55.719199 0.000000
vt -16.715760 53.490431 0.000000
vt -16.715760 51.261663 0.000000
vt -16.715760 49.032895 0.000000
vt -16.715760 46.804127 0.000000
vt -16.715760 44.575359 0.000000
vt -16.715760 42.346591 0.000000
vt -16.715760 40.117823 0.000000
vt -16.715760 37.889055 0.000000
vt -16.715760 35.660287 0.000000
vt -16.715760 33.431519 0.000000
vt -16.715760 31.202751 0.000000
vt -16.715760 28.973983 0.000000
vt -16.715760 26.745215 0.000000
vt -16.715760 24.516447 0.000000
vt -16.715760 22.287679 0.000000
vt -16.715760 20.058911 0.000000
vt -16.715760 17.830144 0.000000
vt -16.715760 15.601376 0.000000
vt -16.715760 13.372608 0.000000
vt -16.715760 11.143840 0.000000
vt -16.715760 8.915072 0.000000
vt -16.715760 6.686304 0.000000
vt -16.715760 4.457536 0.000000
vt -16.715760 2.228768 0.000000
vt -16.715760 0.000000 0.000000
vt -16.715760 -2.228768 0.000000
vt -16.715760 -4.457536 0.000000
vt -16.715760 -6.686304 0.000000
vt -16.715760 -8.915072 0.000000
vt -16.715760 -11.143840 0.000000
vt -16.715760 -13.372608 0.000000
vt -16.715760 -15.601376 0.000000
vt -16.715760 -17.830144 0.000000
vt -16.715760 -20.058911 0.000000
vt -16.715760 -22.287679 0.000000
vt -16.715760 -24.516447 0.000000
vt -16.715760 -26.745215 0.000000
vt -16.715760 -28.973983 0.000000
vt -16.715760 -31.202751 0.000000
vt -16.715760 -33.431519 0.000000
vt -16.715760 -35.660287 0.000000
vt -16.715760 -37.889055 0.000000
vt -18.944527 100.294557 0.000000
vt -18.944527 98.065789 0.000000
vt -18.944527 95.837021 0.000000
vt -18.944527 93.608254 0.000000
vt -18.944527 91.379486 0.000000
vt -18.944527 89.150718 0.000000
vt -18.944527 86.921950 0.000000
vt -18.944527 84.693182 0.000000
vt -18.944527 82.464414 0.000000
vt -18.944527 80.235646 0.000000
vt -18.944527 78.006878 0.000000
vt -18.944527 75.778110 0.000000
vt -18.944527 73.549342 0.000000
vt -18.944527 71.320574 0.000000
vt -18.944527 69.091806 0.000000
vt -18.944527 66.863038 0.000000
vt -18.944527 64.634270 0.000000
vt -18.944527 62.405502 0.000000
vt -18.944527 60.176734 0.000000
vt -18.944527 57.947966 0.000000
vt -18.944527 55.719199 0.000000
vt -18.944527 53.490431 0.000000
vt -18.944527 51.261663 0.000000
vt -18.944527 49.032895 0.000000
vt -18.944527 46.804127 0.000000
vt -18.944527 44.575359 0.000000
vt -18.944527 42.346591 0.000000
vt -18.944527 40.117823 0.000000
vt -18.944527 37.889055 0.000000
vt -18.944527 35.660287 0.000000
vt -18.944527 33.431519 0.000000
vt -18.944527 31.202751 0.000000
vt -18.944527 28.973983 0.000000
vt -18.944527 26.745215 0.000000
vt -18.944527 24.516447 0.000000
vt -18.944527 22.287679 0.000000
vt -18.944527 20.058911 0.000000
vt -18.944527 17.830144 0.000000
vt -18.944527 15.601376 0.000000
vt -18.944527 13.372608 0.000000
vt -18.944527 11.143840 0.000000
vt -18.944527 8.915072 0.000000
vt -18.944527 6.686304 0.000000
vt -18.944527 4.457536 0.000000
vt -18.944527 2.228768 0.000000
vt -18.944527 0.000000 0.000000
vt -18.944527 -2.228768 0.000000
vt -18.944527 -4.457536 0.000000
vt -18.944527 -6.686304 0.000000
vt -18.944527 -8.915072 0.000000
vt -18.944527 -11.143840 0.000000
vt -18.944527 -13.372608 0.000000
vt -18.944527 -15.601376 0.000000
vt -18.944527 -17.830144 0.000000
vt -18.944527 -20.058911 0.000000
vt -18.944527 -22.287679 0.000000
vt -18.944527 -24.516447 0.000000
vt -18.944527 -26.745215 0.000000
vt -18.944527 -28.973983 0.000000
vt -18.944527 -31.202751 0.000000
vt -18.944527 -33.431519 0.000000
vt -18.944527 -35.660287 0.000000
vt -18.944527 -104.752093 0.000000
vt -18.944527 -102.523325 0.000000
vt -18.944527 -100.294557 0.000000
vt -16.715760 -100.294557 0.000000
vt -18.944527 -98.065789 0.000000
vt -16.715760 -98.065789 0.000000
vt -18.944527 -95.837021 0.000000
vt -16.715760 -95.837021 0.000000
vt -18.944527 -93.608254 0.000000
vt -16.715760 -93.608254 0.000000
vt -18.944527 -91.379486 0.000000
vt -16.715760 -91.379486 0.000000
vt -18.944527 -89.150718 0.000000
vt -16.715760 -89.150718 0.000000
vt -18.944527 -86.921950 0.000000
vt -16.715760 -86.921950 0.000000
vt -18.944527 -84.693182 0.000000
vt -16.715760 -84.693182 0.000000
vt -18.944527 -82.464414 0.000000
vt -16.715760 -82.464414 0.000000
vt -18.944527 -80.235646 0.000000
vt -16.715760 -80.235646 0.000000
vt -18.944527 -78.006878 0.000000
vt -16.715760 -78.006878 0.000000
vt -18.944527 -75.778110 0.000000
vt -16.715760 -75.778110 0.000000
vt -18.944527 -73.549342 0.000000
vt -34.545903 104.752093 0.000000
vt -34.545903 102.523325 0.000000
vt -34.545903 100.294557 0.000000
vt -34.545903 98.065789 0.000000
vt -34.545903 95.837021 0.000000
vt -34.545903 93.608254 0.000000
vt -34.545903 91.379486 0.000000
vt -34.545903 89.150718 0.000000
vt -34.545903 86.921950 0.000000
vt -34.545903 84.693182 0.000000
vt -34.545903 82.464414 0.000000
vt -34.545903 80.235646 0.000000
vt -34.545903 78.006878 0.000000
vt -34.545903 75.778110 0.000000
vt -34.545903 73.549342 0.000000
vt -34.545903 71.320574 0.000000
vt -34.545903 69.091806 0.000000
vt -34.545903 66.863038 0.000000
vt -34.545903 64.634270 0.000000
vt -34.545903 62.405502 0.000000
vt -34.545903 60.176734 0.000000
vt -34.545903 57.947966 0.000000
vt -34.545903 55.719199 0.000000
vt -34.545903 53.490431 0.000000
vt -34.545903 51.261663 0.000000
vt -34.545903 49.032895 0.000000
vt -34.545903 46.804127 0.000000
vt -34.545903 44.575359 0.000000
vt -34.545903 42.346591 0.000000
vt -34.545903 40.117823 0.000000
vt -34.545903 37.889055 0.000000
vt -34.545903 35.660287 0.000000
vt -34.545903 33.431519 0.000000
vt -34.545903 31.202751 0.000000
vt -34.545903 28.973983 0.000000
vt -34.545903 26.745215 0.000000
vt -34.545903 24.516447 0.000000
vt -34.545903 22.287679 0.000000
vt -34.545903 20.058911 0.000000
vt -34.545903 17.830144 0.000000
vt -34.545903 15.601376 0.000000
vt -34.545903 13.372608 0.000000
vt -34.545903 11.143840 0.000000
vt -34.545903 8.915072 0.000000
vt -34.545903 6.686304 0.000000
vt -34.545903 4.457536 0.000000
vt -34.545903 2.228768 0.000000
vt -34.545903 0.000000 0.000000
vt -34.545903 -2.228768 0.000000
vt -34.545903 -4.457536 0.000000
vt -34.545903 -6.686304 0.000000
vt -34.545903 -8.915072 0.000000
vt -34.545903 -11.143840 0.000000
vt -34.545903 -13.372608 0.000000
vt -34.545903 -15.601376 0.000000
vt -34.545903 -17.830144 0.000000
vt -34.545903 -20.058911 0.000000
vt -34.545903 -22.287679 0.000000
vt -34.545903 -24.516447 0.000000
vt -34.545903 -26.745215 0.000000
vt -34.545903 -28.973983 0.000000
vt -34.545903 -31.202751 0.000000
vt -34.545903 -33.431519 0.000000
vt -34.545903 -35.660287 0.000000
vt -34.545903 -37.889055 0.000000
vt -34.545903 -40.117823 0.000000
vt -34.545903 -42.346591 0.000000
vt -34.545903 -44.575359 0.000000
vt -34.545903 -46.804127 0.000000
vt -34.545903 -49.032895 0.000000
vt -36.774671 104.752093 0.000000
vt -36.774671 102.523325 0.000000
vt -36.774671 100.294557 0.000000
vt -36.774671 98.065789 0.000000
vt -36.774671 95.837021 0.000000
vt -36.774671 93.608254 0.000000
vt -36.774671 91.379486 0.000000
vt -36.774671 89.150718 0.000000
vt -36.774671 86.921950 0.000000
vt -36.774671 84.693182 0.000000
vt -36.774671 82.464414 0.000000
vt -36.774671 80.235646 0.000000
vt -36.774671 78.006878 0.000000
vt -36.774671 75.778110 0.000000
vt -36.774671 73.549342 0.000000
vt -36.774671 71.320574 0.000000
vt -36.774671 69.091806 0.000000
vt -36.774671 66.863038 0.000000
vt -36.774671 64.634270 0.000000
vt -36.774671 62.405502 0.000000
vt -36.774671 60.176734 0.000000
vt -36.774671 57.947966 0.000000
vt -36.774671 55.719199 0.000000
vt -36.774671 53.490431 0.000000
vt -36.774671 51.261663 0.000000
vt -36.774671 49.032895 0.000000
vt -36.774671 46.804127 0.000000
vt -36.774671 44.575359 0.000000
vt -36.774671 42.346591 0.000000
vt -36.774671 40.117823 0.000000
vt -36.774671 37.889055 0.000000
vt -36.774671 35.660287 0.000000
vt -36.774671 33.431519 0.000000
vt -36.774671 31.202751 0.000000
vt -36.774671 28.973983 0.000000
vt -36.774671 26.745215 0.000000
vt -36.774671 24.516447 0.000000
vt -36.774671 22.287679 0.000000
vt -36.774671 20.058911 0.000000
vt -36.774671 17.830144 0.000000
vt -36.774671 15.601376 0.000000
vt -36.774671 13.372608 0.000000
vt -36.774671 11.143840 0.000000
vt -36.774671 8.915072 0.000000
vt -36.774671 6.686304 0.000000
vt -36.774671 4.457536 0.000000
vt -36.774671 2.228768 0.000000
vt -36.774671 0.000000 0.000000
vt -36.774671 -2.228768 0.000000
vt -36.774671 -4.457536 0.000000
vt -36.774671 -6.686304 0.000000
vt -36.774671 -8.915072 0.000000
vt -36.774671 -11.143840 0.000000
vt -36.774671 -13.372608 0.000000
vt -36.774671 -15.601376 0.000000
vt -36.774671 -17.830144 0.000000
vt -36.774671 -20.058911 0.000000
vt -36.774671 -22.287679 0.000000
vt -36.774671 -24.516447 0.000000
vt -36.774671 -26.745215 0.000000
vt -36.774671 -28.973983 0.000000
vt -36.774671 -31.202751 0.000000
vt -36.774671 -33.431519 0.000000
vt -36.774671 -35.660287 0.000000
vt -36.774671 -37.889055 0.000000
vt -36.774671 -40.117823 0.000000
vt -36.774671 -42.346591 0.000000
vt -36.774671 -44.575359 0.000000
vt -36.774671 -46.804127 0.000000
vt -34.545903 -104.752093 0.000000
vt -34.545903 -102.523325 0.000000
vt -34.545903 -100.294557 0.000000
vt -34.545903 -98.065789 0.000000
vt -34.545903 -95.837021 0.000000
vt -34.545903 -93.608254 0.000000
vt -34.545903 -91.379486 0.000000
vt -34.545903 -89.150718 0.000000
vt -34.545903 -86.921950 0.000000
vt -34.545903 -84.693182 0.000000
vt -34.545903 -82.464414 0.000000
vt -34.545903 -80.235646 0.000000
vt -34.545903 -78.006878 0.000000
vt -34.545903 -75.778110 0.000000
vt -34.545903 -73.549342 0.000000
vt -34.545903 -71.320574 0.000000
vt -34.545903 -69.091806 0.000000
vt -34.545903 -66.863038 0.000000
vt -34.545903 -65.742237 0.000000
vt -34.545903 -64.634270 0.000000
vt -34.545903 -62.405502 0.000000
vt -34.545903 -60.176734 0.000000
vt -34.545903 -57.947966 0.000000
vt -39.003439 104.752093 0.000000
vt -39.003439 102.523325 0.000000
vt -39.003439 100.294557 0.000000
vt -39.003439 98.065789 0.000000
vt -39.003439 95.837021 0.000000
vt -39.003439 93.608254 0.000000
vt -39.003439 91.379486 0.000000
vt -39.003439 89.150718 0.000000
vt -39.003439 86.921950 0.000000
vt -39.003439 84.693182 0.000000
vt -39.003439 82.464414 0.000000
vt -39.003439 80.235646 0.000000
vt -39.003439 78.006878 0.000000
vt -39.003439 75.778110 0.000000
vt -39.003439 73.549342 0.000000
vt -39.003439 71.320574 0.000000
vt -39.003439 69.091806 0.000000
vt -39.003439 66.863038 0.000000
vt -39.003439 64.634270 0.000000
vt -39.003439 62.405502 0.000000
vt -39.003439 60.176734 0.000000
vt -39.003439 57.947966 0.000000
vt -39.003439 55.719199 0.000000
vt -39.003439 53.490431 0.000000
vt -39.003439 51.261663 0.000000
vt -39.003439 49.032895 0.000000
vt -39.003439 46.804127 0.000000
vt -39.003439 44.575359 0.000000
vt -39.003439 42.346591 0.000000
vt -39.003439 40.117823 0.000000
vt -39.003439 37.889055 0.000000
vt -39.003439 35.660287 0.000000
vt -39.003439 33.431519 0.000000
vt -39.003439 31.202751 0.000000
vt -39.003439 28.973983 0.000000
vt -39.003439 26.745215 0.000000
vt -39.003439 24.516447 0.000000
vt -39.003439 22.287679 0.000000
vt -39.003439 20.058911 0.000000
vt -39.003439 17.830144 0.000000
vt -39.003439 15.601376 0.000000
vt -39.003439 13.372608 0.000000
vt -39.003439 11.143840 0.000000
vt -39.003439 8.915072 0.000000
vt -39.003439 6.686304 0.000000
vt -39.003439 4.457536 0.000000
vt -39.003439 2.228768 0.000000
vt -39.003439 0.000000 0.000000
vt -39.003439 -2.228768 0.000000
vt -39.003439 -4.457536 0.000000
vt -39.003439 -6.686304 0.000000
vt -39.003439 -8.915072 0.000000
vt -39.003439 -11.143840 0.000000
vt -39.003439 -13.372608 0.000000
vt -39.003439 -15.601376 0.000000
vt -39.003439 -17.830144 0.000000
vt -39.003439 -20.058911 0.000000
vt -39.003439 -22.287679 0.000000
vt -39.003439 -24.516447 0.000000
vt -39.003439 -26.745215 0.000000
vt -39.003439 -28.973983 0.000000
vt -39.003439 -31.202751 0.000000
vt -39.003439 -33.431519 0.000000
vt -39.003439 -35.660287 0.000000
vt -39.003439 -37.889055 0.000000
vt -39.003439 -40.117823 0.000000
vt -39.003439 -42.346591 0.000000
vt -39.003439 -44.575359 0.000000
vt -36.774671 -104.752093 0.000000
vt -36.774671 -102.523325 0.000000
vt -36.774671 -100.294557 0.000000
vt -36.774671 -98.065789 0.000000
vt -36.774671 -95.837021 0.000000
vt -36.774671 -93.608254 0.000000
vt -36.774671 -91.379486 0.000000
vt -36.774671 -89.150718 0.000000
vt -36.774671 -86.921950 0.000000
vt -36.774671 -84.693182 0.000000
vt -36.774671 -82.464414 0.000000
vt -36.774671 -80.235646 0.000000
vt -36.774671 -78.006878 0.000000
vt -36.774671 -75.778110 0.000000
vt -36.774671 -73.549342 0.000000
vt -36.774671 -71.320574 0.000000
vt -36.774671 -69.091806 0.000000
vt -36.774671 -66.863038 0.000000
vt -36.774671 -65.882337 0.000000
vt -36.774671 -64.634270 0.000000
vt -36.774671 -62.405502 0.000000
vt -36.774671 -60.176734 0.000000
vt -36.774671 -57.947966 0.000000
vt -36.774671 -55.719199 0.000000
vt -41.232207 104.752093 0.000000
vt -41.232207 102.523325 0.000000
vt -41.232207 100.294557 0.000000
vt -41.232207 98.065789 0.000000
vt -41.232207 95.837021 0.000000
vt -41.232207 93.608254 0.000000
vt -41.232207 91.379486 0.000000
vt -41.232207 89.150718 0.000000
vt -41.232207 86.921950 0.000000
vt -41.232207 84.693182 0.000000
vt -41.232207 82.464414 0.000000
vt -41.232207 80.235646 0.000000
vt -41.232207 78.006878 0.000000
vt -41.232207 75.778110 0.000000
vt -41.232207 73.549342 0.000000
vt -41.232207 71.320574 0.000000
vt -41.232207 69.091806 0.000000
vt -41.232207 66.863038 0.000000
vt -41.232207 64.634270 0.000000
vt -41.232207 62.405502 0.000000
vt -41.232207 60.176734 0.000000
vt -41.232207 57.947966 0.000000
vt -41.232207 55.719199 0.000000
vt -41.232207 53.490431 0.000000
vt -41.232207 51.261663 0.000000
vt -41.232207 49.032895 0.000000
vt -41.232207 46.804127 0.000000
vt -41.232207 44.575359 0.000000
vt -41.232207 42.346591 0.000000
vt -41.232207 40.117823 0.000000
vt -41.232207 37.889055 0.000000
vt -41.232207 35.660287 0.000000
vt -41.232207 33.431519 0.000000
vt -41.232207 31.202751 0.000000
vt -41.232207 28.973983 0.000000
vt -41.232207 26.745215 0.000000
vt -41.232207 24.516447 0.000000
vt -41.232207 22.287679 0.000000
vt -41.232207 20.058911 0.000000
vt -41.232207 17.830144 0.000000
vt -41.232207 15.601376 0.000000
vt -41.232207 13.372608 0.000000
vt -41.232207 11.143840 0.000000
vt -41.232207 8.915072 0.000000
vt -41.232207 6.686304 0.000000
vt -41.232207 4.457536 0.000000
vt -41.232207 2.228768 0.000000
vt -41.232207 0.000000 0.000000
vt -41.232207 -2.228768 0.000000
vt -41.232207 -4.457536 0.000000
vt -41.232207 -6.686304 0.000000
vt -41.232207 -8.915072 0.000000
vt -41.232207 -11.143840 0.000000
vt -41.232207 -13.372608 0.000000
vt -41.232207 -15.601376 0.000000
vt -41.232207 -17.830144 0.000000
vt -41.232207 -20.058911 0.000000
vt -41.232207 -22.287679 0.000000
vt -41.232207 -24.516447 0.000000
vt -41.232207 -26.745215 0.000000
vt -41.232207 -28.973983 0.000000
vt -41.232207 -31.202751 0.000000
vt -41.232207 -33.431519 0.000000
vt -41.232207 -35.660287 0.000000
vt -41.232207 -37.889055 0.000000
vt -41.232207 -40.117823 0.000000
vt -41.232207 -42.346591 0.000000
vt -39.003439 -104.752093 0.000000
vt -39.003439 -102.523325 0.000000
vt -39.003439 -100.294557 0.000000
vt -39.003439 -98.065789 0.000000
vt -39.003439 -95.837021 0.000000
vt -39.003439 -93.608254 0.000000
vt -39.003439 -91.379486 0.000000
vt -39.003439 -89.150718 0.000000
vt -39.003439 -86.921950 0.000000
vt -39.003439 -84.693182 0.000000
vt -39.003439 -82.464414 0.000000
vt -39.003439 -80.235646 0.000000
vt -39.003439 -78.006878 0.000000
vt -39.003439 -75.778110 0.000000
vt -39.003439 -73.549342 0.000000
vt -39.003439 -71.320574 0.000000
vt -39.003439 -69.091806 0.000000
vt -39.003439 -66.863038 0.000000
vt -39.003439 -66.022437 0.000000
vt -39.003439 -64.634270 0.000000
vt -39.003439 -62.405502 0.000000
vt -39.003439 -60.176734 0.000000
vt -39.003439 -57.947966 0.000000
vt -39.003439 -55.719199 0.000000
vt -39.003439 -53.490431 0.000000
vt -43.460975 104.752093 0.000000
vt -43.460975 102.523325 0.000000
vt -43.460975 100.294557 0.000000
vt -43.460975 98.065789 0.000000
vt -43.460975 95.837021 0.000000
vt -43.460975 93.608254 0.000000
vt -43.460975 91.379486 0.000000
vt -43.460975 89.150718 0.000000
vt -43.460975 86.921950 0.000000
vt -43.460975 84.693182 0.000000
vt -43.460975 82.464414 0.000000
vt -43.460975 80.235646 0.000000
vt -43.460975 78.006878 0.000000
vt -43.460975 75.778110 0.000000
vt -43.460975 73.549342 0.000000
vt -43.460975 71.320574 0.000000
vt -43.460975 69.091806 0.000000
vt -43.460975 66.863038 0.000000
vt -43.460975 64.634270 0.000000
vt -43.460975 62.405502 0.000000
vt -43.460975 60.176734 0.000000
vt -43.460975 57.947966 0.000000
vt -43.460975 55.719199 0.000000
vt -43.460975 53.490431 0.000000
vt -43.460975 51.261663 0.000000
vt -43.460975 49.032895 0.000000
vt -43.460975 46.804127 0.000000
vt -43.460975 44.575359 0.000000
vt -43.460975 42.346591 0.000000
vt -43.460975 40.117823 0.000000
vt -43.460975 37.889055 0.000000
vt -43.460975 35.660287 0.000000
vt -43.460975 33.431519 0.000000
vt -43.460975 31.202751 0.000000
vt -43.460975 28.973983 0.000000
vt -43.460975 26.745215 0.000000
vt -43.460975 24.516447 0.000000
vt -43.460975 22.287679 0.000000
vt -43.460975 20.058911 0.000000
vt -43.460975 17.830144 0.000000
vt -43.460975 15.601376 0.000000
vt -43.460975 13.372608 0.000000
vt -43.460975 11.143840 0.000000
vt -43.460975 8.915072 0.000000
vt -43.460975 6.686304 0.000000
vt -43.460975 4.457536 0.000000
vt -43.460975 2.228768 0.000000
vt -43.460975 0.000000 0.000000
vt -43.460975 -2.228768 0.000000
vt -43.460975 -4.457536 0.000000
vt -43.460975 -6.686304 0.000000
vt -43.460975 -8.915072 0.000000
vt -43.460975 -11.143840 0.000000
vt -43.460975 -13.372608 0.000000
vt -43.460975 -15.601376 0.000000
vt -43.460975 -17.830144 0.000000
vt -43.460975 -20.058911 0.000000
vt -43.460975 -22.287679 0.000000
vt -43.460975 -24.516447 0.000000
vt -43.460975 -26.745215 0.000000
vt -43.460975 -28.973983 0.000000
vt -43.460975 -31.202751 0.000000
vt -43.460975 -33.431519 0.000000
vt -43.460975 -35.660287 0.000000
vt -43.460975 -37.889055 0.000000
vt -43.460975 -40.117823 0.000000
vt -41.232207 -104.752093 0.000000
vt -41.232207 -102.523325 0.000000
vt -41.232207 -100.294557 0.000000
vt -41.232207 -98.065789 0.000000
vt -41.232207 -95.837021 0.000000
vt -41.232207 -93.608254 0.000000
vt -41.232207 -91.379486 0.000000
vt -41.232207 -89.150718 0.000000
vt -41.232207 -86.921950 0.000000
vt -41.232207 -84.693182 0.000000
vt -41.232207 -82.464414 0.000000
vt -41.232207 -80.235646 0.000000
vt -41.232207 -78.006878 0.000000
vt -41.232207 -75.778110 0.000000
vt -41.232207 -73.549342 0.000000
vt -41.232207 -71.320574 0.000000
vt -41.232207 -69.091806 0.000000
vt -41.232207 -66.863038 0.000000
vt -41.232207 -66.162537 0.000000
vt -41.232207 -64.634270 0.000000
vt -41.232207 -62.405502 0.000000
vt -41.232207 -60.176734 0.000000
vt -41.232207 -57.947966 0.000000
vt -41.232207 -55.719199 0.000000
vt -41.232207 -53.490431 0.000000
vt -41.232207 -51.261663 0.000000
vt -45.689743 104.752093 0.000000
vt -45.689743 102.523325 0.000000
vt -45.689743 100.294557 0.000000
vt -45.689743 98.065789 0.000000
vt -45.689743 95.837021 0.000000
vt -45.689743 93.608254 0.000000
vt -45.689743 91.379486 0.000000
vt -45.689743 89.150718 0.000000
vt -45.689743 86.921950 0.000000
vt -45.689743 84.693182 0.000000
vt -45.689743 82.464414 0.000000
vt -45.689743 80.235646 0.000000
vt -45.689743 78.006878 0.000000
vt -45.689743 75.778110 0.000000
vt -45.689743 73.549342 0.000000
vt -45.689743 71.320574 0.000000
vt -45.689743 69.091806 0.000000
vt -45.689743 66.863038 0.000000
vt -45.689743 64.634270 0.000000
vt -45.689743 62.405502 0.000000
vt -45.689743 60.176734 0.000000
vt -45.689743 57.947966 0.000000
vt -45.689743 55.719199 0.000000
vt -45.689743 53.490431 0.000000
vt -45.689743 51.261663 0.000000
vt -45.689743 49.032895 0.000000
vt -45.689743 46.804127 0.000000
vt -45.689743 44.575359 0.000000
vt -45.689743 42.346591 0.000000
vt -45.689743 40.117823 0.000000
vt -45.689743 37.889055 0.000000
vt -45.689743 35.660287 0.000000
vt -45.689743 33.431519 0.000000
vt -45.689743 31.202751 0.000000
vt -45.689743 28.973983 0.000000
vt -45.689743 26.745215 0.000000
vt -45.689743 24.516447 0.000000
vt -45.689743 22.287679 0.000000
vt -45.689743 20.058911 0.000000
vt -45.689743 17.830144 0.000000
vt -45.689743 15.601376 0.000000
vt -45.689743 13.372608 0.000000
vt -45.689743 11.143840 0.000000
vt -45.689743 8.915072 0.000000
vt -45.689743 6.686304 0.000000
vt -45.689743 4.457536 0.000000
vt -45.689743 2.228768 0.000000
vt -45.689743 0.000000 0.000000
vt -45.689743 -2.228768 0.000000
vt -45.689743 -4.457536 0.000000
vt -45.689743 -6.686304 0.000000
vt -45.689743 -8.915072 0.000000
vt -45.689743 -11.143840 0.000000
vt -45.689743 -13.372608 0.000000
vt -45.689743 -15.601376 0.000000
vt -45.689743 -17.830144 0.000000
vt -45.689743 -20.058911 0.000000
vt -45.689743 -22.287679 0.000000
vt -45.689743 -24.516447 0.000000
vt -45.689743 -26.745215 0.000000
vt -45.689743 -28.973983 0.000000
vt -45.689743 -31.202751 0.000000
vt -45.689743 -33.431519 0.000000
vt -45.689743 -35.660287 0.000000
vt -45.689743 -37.889055 0.000000
vt -43.460975 -104.752093 0.000000
vt -43.460975 -102.523325 0.000000
vt -43.460975 -100.294557 0.000000
vt -43.460975 -98.065789 0.000000
vt -43.460975 -95.837021 0.000000
vt -43.460975 -93.608254 0.000000
vt -43.460975 -91.379486 0.000000
vt -43.460975 -89.150718 0.000000
vt -43.460975 -86.921950 0.000000
vt -43.460975 -84.693182 0.000000
vt -43.460975 -82.464414 0.000000
vt -43.460975 -80.235646 0.000000
vt -43.460975 -78.006878 0.000000
vt -43.460975 -75.778110 0.000000
vt -43.460975 -73.549342 0.000000
vt -43.460975 -71.320574 0.000000
vt -43.460975 -69.091806 0.000000
vt -43.460975 -66.863038 0.000000
vt -43.460975 -66.302637 0.000000
vt -43.460975 -64.634270 0.000000
vt -43.460975 -62.405502 0.000000
vt -43.460975 -60.176734 0.000000
vt -43.460975 -57.947966 0.000000
vt -43.460975 -55.719199 0.000000
vt -43.460975 -53.490431 0.000000
vt -43.460975 -51.261663 0.000000
vt -43.460975 -49.032895 0.000000
vt -47.918511 104.752093 0.000000
vt -47.918511 102.523325 0.000000
vt -47.918511 100.294557 0.000000
vt -47.918511 98.065789 0.000000
vt -47.918511 95.837021 0.000000
vt -47.918511 93.608254 0.000000
vt -47.918511 91.379486 0.000000
vt -47.918511 89.150718 0.000000
vt -47.918511 86.921950 0.000000
vt -47.918511 84.693182 0.000000
vt -47.918511 82.464414 0.000000
vt -47.918511 80.235646 0.000000
vt -47.918511 78.006878 0.000000
vt -47.918511 75.778110 0.000000
vt -47.918511 73.549342 0.000000
vt -47.918511 71.320574 0.000000
vt -47.918511 69.091806 0.000000
vt -47.918511 66.863038 0.000000
vt -47.918511 64.634270 0.000000
vt -47.918511 62.405502 0.000000
vt -47.918511 60.176734 0.000000
vt -47.918511 57.947966 0.000000
vt -47.918511 55.719199 0.000000
vt -47.918511 53.490431 0.000000
vt -47.918511 51.261663 0.000000
vt -47.918511 49.032895 0.000000
vt -47.918511 46.804127 0.000000
vt -47.918511 44.575359 0.000000
vt -47.918511 42.346591 0.000000
vt -47.918511 40.117823 0.000000
vt -47.918511 37.889055 0.000000
vt -47.918511 35.660287 0.000000
vt -47.918511 33.431519 0.000000
vt -47.918511 31.202751 0.000000
vt -47.918511 28.973983 0.000000
vt -47.918511 26.745215 0.000000
vt -47.918511 24.516447 0.000000
vt -47.918511 22.287679 0.000000
vt -47.918511 20.058911 0.000000
vt -47.918511 17.830144 0.000000
vt -47.918511 15.601376 0.000000
vt -47.918511 13.372608 0.000000
vt -47.918511 11.143840 0.000000
vt -47.918511 8.915072 0.000000
vt -47.918511 6.686304 0.000000
vt -47.918511 4.457536 0.000000
vt -47.918511 2.228768 0.000000
vt -47.918511 0.000000 0.000000
vt -47.918511 -2.228768 0.000000
vt -47.918511 -4.457536 0.000000
vt -47.918511 -6.686304 0.000000
vt -47.918511 -8.915072 0.000000
vt -47.918511 -11.143840 0.000000
vt -47.918511 -13.372608 0.000000
vt -47.918511 -15.601376 0.000000
vt -47.918511 -17.830144 0.000000
vt -47.918511 -20.058911 0.000000
vt -47.918511 -22.287679 0.000000
vt -47.918511 -24.516447 0.000000
vt -47.918511 -26.745215 0.000000
vt -47.918511 -28.973983 0.000000
vt -47.918511 -31.202751 0.000000
vt -47.918511 -33.431519 0.000000
vt -47.918511 -35.660287 0.000000
vt -45.689743 -104.752093 0.000000
vt -45.689743 -102.523325 0.000000
vt -45.689743 -100.294557 0.000000
vt -45.689743 -98.065789 0.000000
vt -45.689743 -95.837021 0.000000
vt -45.689743 -93.608254 0.000000
vt -45.689743 -91.379486 0.000000
vt -45.689743 -89.150718 0.000000
vt -45.689743 -86.921950 0.000000
vt -45.689743 -84.693182 0.000000
vt -45.689743 -82.464414 0.000000
vt -45.689743 -80.235646 0.000000
vt -45.689743 -78.006878 0.000000
vt -45.689743 -75.778110 0.000000
vt -45.689743 -73.549342 0.000000
vt -45.689743 -71.320574 0.000000
vt -45.689743 -69.091806 0.000000
vt -45.689743 -66.863038 0.000000
vt -45.689743 -66.442738 0.000000
vt -45.689743 -64.634270 0.000000
vt -45.689743 -62.405502 0.000000
vt -45.689743 -60.176734 0.000000
vt -45.689743 -57.947966 0.000000
vt -45.689743 -55.719199 0.000000
vt -45.689743 -53.490431 0.000000
vt -45.689743 -51.261663 0.000000
vt -45.689743 -49.032895 0.000000
vt -45.689743 -46.804127 0.000000
vt -50.147279 104.752093 0.000000
vt -47.918511 -104.752093 0.000000
vt -47.918511 -102.523325 0.000000
vt -47.918511 -100.294557 0.000000
vt -47.918511 -98.065789 0.000000
vt -47.918511 -95.837021 0.000000
vt -47.918511 -93.608254 0.000000
vt -47.918511 -91.379486 0.000000
vt -47.918511 -89.150718 0.000000
vt -47.918511 -86.921950 0.000000
vt -47.918511 -84.693182 0.000000
vt -47.918511 -82.464414 0.000000
vt -47.918511 -80.235646 0.000000
vt -47.918511 -78.006878 0.000000
vt -47.918511 -75.778110 0.000000
vt -47.918511 -73.549342 0.000000
vt -47.918511 -71.320574 0.000000
vt -47.918511 -69.091806 0.000000
vt -47.918511 -66.863038 0.000000
vt -47.918511 -66.582838 0.000000
vt -47.918511 -64.634270 0.000000
vt -47.918511 -62.405502 0.000000
vt -47.918511 -60.176734 0.000000
vt -47.918511 -57.947966 0.000000
vt -47.918511 -55.719199 0.000000
vt -47.918511 -53.490431 0.000000
vt -47.918511 -51.261663 0.000000
vt -47.918511 -49.032895 0.000000
vt -47.918511 -46.804127 0.000000
vt -47.918511 -44.575359 0.000000
vt -52.376047 104.752093 0.000000
vt -50.147279 -66.863038 0.000000
vt -52.376047 -66.863038 0.000000
vt 52.376047 -34.917364 0.000000
vt 52.376047 34.917364 0.000000
vt 47.918511 -37.889055 0.000000
vt 47.918511 -40.117823 0.000000
vt 47.918511 -42.346591 0.000000
vt 47.918511 -44.575359 0.000000
vt 47.918511 -46.804127 0.000000
vt 47.918511 -49.032895 0.000000
vt 47.918511 -51.261663 0.000000
vt 47.918511 -53.490431 0.000000
vt 47.918511 -55.719199 0.000000
vt 45.689743 -37.889055 0.000000
vt 45.689743 -40.117823 0.000000
vt 45.689743 -42.346591 0.000000
vt 45.689743 -44.575359 0.000000
vt 45.689743 -46.804127 0.000000
vt 45.689743 -49.032895 0.000000
vt 45.689743 -51.261663 0.000000
vt 45.689743 -53.490431 0.000000
vt 45.689743 -55.719199 0.000000
vt 47.918511 -35.660287 0.000000
vt 47.918511 -33.431519 0.000000
vt 47.918511 -31.202751 0.000000
vt 47.918511 -28.973983 0.000000
vt 47.918511 -26.745215 0.000000
vt 47.918511 -24.516447 0.000000
vt 47.918511 -22.287679 0.000000
vt 47.918511 -20.058911 0.000000
vt 47.918511 -17.830144 0.000000
vt 47.918511 -15.601376 0.000000
vt 47.918511 -13.372608 0.000000
vt 47.918511 -11.143840 0.000000
vt 47.918511 -8.915072 0.000000
vt 47.918511 -6.686304 0.000000
vt 47.918511 -4.457536 0.000000
vt 47.918511 -2.228768 0.000000
vt 47.918511 0.000000 0.000000
vt 47.918511 2.228768 0.000000
vt 47.918511 4.457536 0.000000
vt 47.918511 6.686304 0.000000
vt 47.918511 8.915072 0.000000
vt 47.918511 11.143840 0.000000
vt 47.918511 13.372608 0.000000
vt 47.918511 15.601376 0.000000
vt 47.918511 17.830144 0.000000
vt 47.918511 20.058911 0.000000
vt 47.918511 22.287679 0.000000
vt 47.918511 24.516447 0.000000
vt 47.918511 26.745215 0.000000
vt 47.918511 28.973983 0.000000
vt 47.918511 31.202751 0.000000
vt 47.918511 33.431519 0.000000
vt 47.918511 35.660287 0.000000
vt 47.918511 37.889055 0.000000
vt 47.918511 40.117823 0.000000
vt 47.918511 42.346591 0.000000
vt 47.918511 44.575359 0.000000
vt 47.918511 46.804127 0.000000
vt 47.918511 49.032895 0.000000
vt 47.918511 51.261663 0.000000
vt 47.918511 53.490431 0.000000
vt 47.918511 55.719199 0.000000
vt 47.918511 57.947966 0.000000
vt 47.918511 60.176734 0.000000
vt 47.918511 62.405502 0.000000
vt 47.918511 64.634270 0.000000
vt 47.918511 66.863038 0.000000
vt 47.918511 69.091806 0.000000
vt 47.918511 71.320574 0.000000
vt 47.918511 73.549342 0.000000
vt 47.918511 75.778110 0.000000
vt 47.918511 78.006878 0.000000
vt 47.918511 80.235646 0.000000
vt 47.918511 82.464414 0.000000
vt 47.918511 84.693182 0.000000
vt 47.918511 86.921950 0.000000
vt 47.918511 89.150718 0.000000
vt 47.918511 91.379486 0.000000
vt 47.918511 93.608254 0.000000
vt 47.918511 95.837021 0.000000
vt 47.918511 98.065789 0.000000
vt 47.918511 100.294557 0.000000
vt 43.460975 -37.889055 0.000000
vt 43.460975 -40.117823 0.000000
vt 43.460975 -42.346591 0.000000
vt 43.460975 -44.575359 0.000000
vt 43.460975 -46.804127 0.000000
vt 43.460975 -49.032895 0.000000
vt 43.460975 -51.261663 0.000000
vt 43.460975 -53.490431 0.000000
vt 43.460975 -55.719199 0.000000
vt 45.689743 -35.660287 0.000000
vt 45.689743 -33.431519 0.000000
vt 45.689743 -31.202751 0.000000
vt 45.689743 -28.973983 0.000000
vt 45.689743 -26.745215 0.000000
vt 45.689743 -24.516447 0.000000
vt 45.689743 -22.287679 0.000000
vt 45.689743 -20.058911 0.000000
vt 45.689743 -17.830144 0.000000
vt 45.689743 -15.601376 0.000000
vt 45.689743 -13.372608 0.000000
vt 45.689743 -11.143840 0.000000
vt 45.689743 -8.915072 0.000000
vt 45.689743 -6.686304 0.000000
vt 45.689743 -4.457536 0.000000
vt 45.689743 -2.228768 0.000000
vt 45.689743 0.000000 0.000000
vt 45.689743 2.228768 0.000000
vt 45.689743 4.457536 0.000000
vt 45.689743 6.686304 0.000000
vt 45.689743 8.915072 0.000000
vt 45.689743 11.143840 0.000000
vt 45.689743 13.372608 0.000000
vt 45.689743 15.601376 0.000000
vt 45.689743 17.830144 0.000000
vt 45.689743 20.058911 0.000000
vt 45.689743 22.287679 0.000000
vt 45.689743 24.516447 0.000000
vt 45.689743 26.745215 0.000000
vt 45.689743 28.973983 0.000000
vt 45.689743 31.202751 0.000000
vt 45.689743 33.431519 0.000000
vt 45.689743 35.660287 0.000000
vt 45.689743 37.889055 0.000000
vt 45.689743 40.117823 0.000000
vt 45.689743 42.346591 0.000000
vt 45.689743 44.575359 0.000000
vt 45.689743 46.804127 0.000000
vt 45.689743 49.032895 0.000000
vt 45.689743 51.261663 0.000000
vt 45.689743 53.490431 0.000000
vt 45.689743 55.719199 0.000000
vt 45.689743 57.947966 0.000000
vt 45.689743 60.176734 0.000000
vt 45.689743 62.405502 0.000000
vt 45.689743 64.634270 0.000000
vt 45.689743 66.863038 0.000000
vt 45.689743 69.091806 0.000000
vt 45.689743 71.320574 0.000000
vt 45.689743 73.549342 0.000000
vt 45.689743 75.778110 0.000000
vt 45.689743 78.006878 0.000000
vt 45.689743 80.235646 0.000000
vt 45.689743 82.464414 0.000000
vt 45.689743 84.693182 0.000000
vt 45.689743 86.921950 0.000000
vt 45.689743 89.150718 0.000000
vt 45.689743 91.379486 0.000000
vt 45.689743 93.608254 0.000000
vt 45.689743 95.837021 0.000000
vt 45.689743 98.065789 0.000000
vt 45.689743 100.294557 0.000000
vt 41.232207 -37.889055 0.000000
vt 41.232207 -40.117823 0.000000
vt 41.232207 -42.346591 0.000000
vt 41.232207 -44.575359 0.000000
vt 41.232207 -46.804127 0.000000
vt 41.232207 -49.032895 0.000000
vt 41.232207 -51.261663 0.000000
vt 41.232207 -53.490431 0.000000
vt 41.232207 -55.719199 0.000000
vt 43.460975 -35.660287 0.000000
vt 43.460975 -33.431519 0.000000
vt 43.460975 -31.202751 0.000000
vt 43.460975 -28.973983 0.000000
vt 43.460975 -26.745215 0.000000
vt 43.460975 -24.516447 0.000000
vt 43.460975 -22.287679 0.000000
vt 43.460975 -20.058911 0.000000
vt 43.460975 -17.830144 0.000000
vt 43.460975 -15.601376 0.000000
vt 43.460975 -13.372608 0.000000
vt 43.460975 -11.143840 0.000000
vt 43.460975 -8.915072 0.000000
vt 43.460975 -6.686304 0.000000
vt 43.460975 -4.457536 0.000000
vt 43.460975 -2.228768 0.000000
vt 43.460975 0.000000 0.000000
vt 43.460975 2.228768 0.000000
vt 43.460975 4.457536 0.000000
vt 43.460975 6.686304 0.000000
vt 43.460975 8.915072 0.000000
vt 43.460975 11.143840 0.000000
vt 43.460975 13.372608 0.000000
vt 43.460975 15.601376 0.000000
vt 43.460975 17.830144 0.000000
vt 43.460975 20.058911 0.000000
vt 43.460975 22.287679 0.000000
vt 43.460975 24.516447 0.000000
vt 43.460975 26.745215 0.000000
vt 43.460975 28.973983 0.000000
vt 43.460975 31.202751 0.000000
vt 43.460975 33.431519 0.000000
vt 43.460975 35.660287 0.000000
vt 43.460975 37.889055 0.000000
vt 43.460975 40.117823 0.000000
vt 43.460975 42.346591 0.000000
vt 43.460975 44.575359 0.000000
vt 43.460975 46.804127 0.000000
vt 43.460975 49.032895 0.000000
vt 43.460975 51.261663 0.000000
vt 43.460975 53.490431 0.000000
vt 43.460975 55.719199 0.000000
vt 43.460975 57.947966 0.000000
vt 43.460975 60.176734 0.000000
vt 43.460975 62.405502 0.000000
vt 43.460975 64.634270 0.000000
vt 43.460975 66.863038 0.000000
vt 43.460975 69.091806 0.000000
vt 43.460975 71.320574 0.000000
vt 43.460975 73.549342 0.000000
vt 43.460975 75.778110 0.000000
vt 43.460975 78.006878 0.000000
vt 43.460975 80.235646 0.000000
vt 43.460975 82.464414 0.000000
vt 43.460975 84.693182 0.000000
vt 43.460975 86.921950 0.000000
vt 43.460975 89.150718 0.000000
vt 43.460975 91.379486 0.000000
vt 43.460975 93.608254 0.000000
vt 43.460975 95.837021 0.000000
vt 43.460975 98.065789 0.000000
vt 43.460975 100.294557 0.000000
vt 39.003439 -37.889055 0.000000
vt 39.003439 -40.117823 0.000000
vt 39.003439 -42.346591 0.000000
vt 39.003439 -44.575359 0.000000
vt 39.003439 -46.804127 0.000000
vt 39.003439 -49.032895 0.000000
vt 39.003439 -51.261663 0.000000
vt 39.003439 -53.490431 0.000000
vt 39.003439 -55.719199 0.000000
vt 41.232207 -35.660287 0.000000
vt 41.232207 -33.431519 0.000000
vt 41.232207 -31.202751 0.000000
vt 41.232207 -28.973983 0.000000
vt 41.232207 -26.745215 0.000000
vt 41.232207 -24.516447 0.000000
vt 41.232207 -22.287679 0.000000
vt 41.232207 -20.058911 0.000000
vt 41.232207 -17.830144 0.000000
vt 41.232207 -15.601376 0.000000
vt 41.232207 -13.372608 0.000000
vt 41.232207 -11.143840 0.000000
vt 41.232207 -8.915072 0.000000
vt 41.232207 -6.686304 0.000000
vt 41.232207 -4.457536 0.000000
vt 41.232207 -2.228768 0.000000
vt 41.232207 0.000000 0.000000
vt 41.232207 2.228768 0.000000
vt 41.232207 4.457536 0.000000
vt 41.232207 6.686304 0.000000
vt 41.232207 8.915072 0.000000
vt 41.232207 11.143840 0.000000
vt 41.232207 13.372608 0.000000
vt 41.232207 15.601376 0.000000
vt 41.232207 17.830144 0.000000
vt 41.232207 20.058911 0.000000
vt 41.232207 22.287679 0.000000
vt 41.232207 24.516447 0.000000
vt 41.232207 26.745215 0.000000
vt 41.232207 28.973983 0.000000
vt 41.232207 31.202751 0.000000
vt 41.232207 33.431519 0.000000
vt 41.232207 35.660287 0.000000
vt 41.232207 37.889055 0.000000
vt 41.232207 40.117823 0.000000
vt 41.232207 42.346591 0.000000
vt 41.232207 44.575359 0.000000
vt 41.232207 46.804127 0.000000
vt 41.232207 49.032895 0.000000
vt 41.232207 51.261663 0.000000
vt 41.232207 53.490431 0.000000
vt 41.232207 55.719199 0.000000
vt 41.232207 57.947966 0.000000
vt 41.232207 60.176734 0.000000
vt 41.232207 62.405502 0.000000
vt 41.232207 64.634270 0.000000
vt 41.232207 66.863038 0.000000
vt 41.232207 69.091806 0.000000
vt 41.232207 71.320574 0.000000
vt 41.232207 73.549342 0.000000
vt 41.232207 75.778110 0.000000
vt 41.232207 78.006878 0.000000
vt 41.232207 80.235646 0.000000
vt 41.232207 82.464414 0.000000
vt 41.232207 84.693182 0.000000
vt 41.232207 86.921950 0.000000
vt 41.232207 89.150718 0.000000
vt 41.232207 91.379486 0.000000
vt 41.232207 93.608254 0.000000
vt 41.232207 95.837021 0.000000
vt 41.232207 98.065789 0.000000
vt 41.232207 100.294557 0.000000
vt 36.774671 -37.889055 0.000000
vt 36.774671 -40.117823 0.000000
vt 36.774671 -42.346591 0.000000
vt 36.774671 -44.575359 0.000000
vt 36.774671 -46.804127 0.000000
vt 36.774671 -49.032895 0.000000
vt 36.774671 -51.261663 0.000000
vt 36.774671 -53.490431 0.000000
vt 36.774671 -55.719199 0.000000
vt 39.003439 -35.660287 0.000000
vt 39.003439 -33.431519 0.000000
vt 39.003439 -31.202751 0.000000
vt 39.003439 -28.973983 0.000000
vt 39.003439 -26.745215 0.000000
vt 39.003439 -24.516447 0.000000
vt 39.003439 -22.287679 0.000000
vt 39.003439 -20.058911 0.000000
vt 39.003439 -17.830144 0.000000
vt 39.003439 -15.601376 0.000000
vt 39.003439 -13.372608 0.000000
vt 39.003439 -11.143840 0.000000
vt 39.003439 -8.915072 0.000000
vt 39.003439 -6.686304 0.000000
vt 39.003439 -4.457536 0.000000
vt 39.003439 -2.228768 0.000000
vt 39.003439 0.000000 0.000000
vt 39.003439 2.228768 0.000000
vt 39.003439 4.457536 0.000000
vt 39.003439 6.686304 0.000000
vt 39.003439 8.915072 0.000000
vt 39.003439 11.143840 0.000000
vt 39.003439 13.372608 0.000000
vt 39.003439 15.601376 0.000000
vt 39.003439 17.830144 0.000000
vt 39.003439 20.058911 0.000000
vt 39.003439 22.287679 0.000000
vt 39.003439 24.516447 0.000000
vt 39.003439 26.745215 0.000000
vt 39.003439 28.973983 0.000000
vt 39.003439 31.202751 0.000000
vt 39.003439 33.431519 0.000000
vt 39.003439 35.660287 0.000000
vt 39.003439 37.889055 0.000000
vt 39.003439 40.117823 0.000000
vt 39.003439 42.346591 0.000000
vt 39.003439 44.575359 0.000000
vt 39.003439 46.804127 0.000000
vt 39.003439 49.032895 0.000000
vt 39.003439 51.261663 0.000000
vt 39.003439 53.490431 0.000000
vt 39.003439 55.719199 0.000000
vt 39.003439 57.947966 0.000000
vt 39.003439 60.176734 0.000000
vt 39.003439 62.405502 0.000000
vt 39.003439 64.634270 0.000000
vt 39.003439 66.863038 0.000000
vt 39.003439 69.091806 0.000000
vt 39.003439 71.320574 0.000000
vt 39.003439 73.549342 0.000000
vt 39.003439 75.778110 0.000000
vt 39.003439 78.006878 0.000000
vt 39.003439 80.235646 0.000000
vt 39.003439 82.464414 0.000000
vt 39.003439 84.693182 0.000000
vt 39.003439 86.921950 0.000000
vt 39.003439 89.150718 0.000000
vt 39.003439 91.379486 0.000000
vt 39.003439 93.608254 0.000000
vt 39.003439 95.837021 0.000000
vt 39.003439 98.065789 0.000000
vt 39.003439 100.294557 0.000000
vt 34.545903 -37.889055 0.000000
vt 34.545903 -40.117823 0.000000
vt 34.545903 -42.346591 0.000000
vt 34.545903 -44.575359 0.000000
vt 34.545903 -46.804127 0.000000
vt 34.545903 -49.032895 0.000000
vt 34.545903 -51.261663 0.000000
vt 34.545903 -53.490431 0.000000
vt 34.545903 -55.719199 0.000000
vt 36.774671 -35.660287 0.000000
vt 36.774671 -33.431519 0.000000
vt 36.774671 -31.202751 0.000000
vt 36.774671 -28.973983 0.000000
vt 36.774671 -26.745215 0.000000
vt 36.774671 -24.516447 0.000000
vt 36.774671 -22.287679 0.000000
vt 36.774671 -20.058911 0.000000
vt 36.774671 -17.830144 0.000000
vt 36.774671 -15.601376 0.000000
vt 36.774671 -13.372608 0.000000
vt 36.774671 -11.143840 0.000000
vt 36.774671 -8.915072 0.000000
vt 36.774671 -6.686304 0.000000
vt 36.774671 -4.457536 0.000000
vt 36.774671 -2.228768 0.000000
vt 36.774671 0.000000 0.000000
vt 36.774671 2.228768 0.000000
vt 36.774671 4.457536 0.000000
vt 36.774671 6.686304 0.000000
vt 36.774671 8.915072 0.000000
vt 36.774671 11.143840 0.000000
vt 36.774671 13.372608 0.000000
vt 36.774671 15.601376 0.000000
vt 36.774671 17.830144 0.000000
vt 36.774671 20.058911 0.000000
vt 36.774671 22.287679 0.000000
vt 36.774671 24.516447 0.000000
vt 36.774671 26.745215 0.000000
vt 36.774671 28.973983 0.000000
vt 36.774671 31.202751 0.000000
vt 36.774671 33.431519 0.000000
vt 36.774671 35.660287 0.000000
vt 36.774671 37.889055 0.000000
vt 36.774671 40.117823 0.000000
vt 36.774671 42.346591 0.000000
vt 36.774671 44.575359 0.000000
vt 36.774671 46.804127 0.000000
vt 36.774671 49.032895 0.000000
vt 36.774671 51.261663 0.000000
vt 36.774671 53.490431 0.000000
vt 36.774671 55.719199 0.000000
vt 36.774671 57.947966 0.000000
vt 36.774671 60.176734 0.000000
vt 36.774671 62.405502 0.000000
vt 36.774671 64.634270 0.000000
vt 36.774671 66.863038 0.000000
vt 36.774671 69.091806 0.000000
vt 36.774671 71.320574 0.000000
vt 36.774671 73.549342 0.000000
vt 36.774671 75.778110 0.000000
vt 36.774671 78.006878 0.000000
vt 36.774671 80.235646 0.000000
vt 36.774671 82.464414 0.000000
vt 36.774671 84.693182 0.000000
vt 36.774671 86.921950 0.000000
vt 36.774671 89.150718 0.000000
vt 36.774671 91.379486 0.000000
vt 36.774671 93.608254 0.000000
vt 36.774671 95.837021 0.000000
vt 36.774671 98.065789 0.000000
vt 36.774671 100.294557 0.000000
vt 32.317135 -37.889055 0.000000
vt 32.317135 -40.117823 0.000000
vt 32.317135 -42.346591 0.000000
vt 32.317135 -44.575359 0.000000
vt 32.317135 -46.804127 0.000000
vt 32.317135 -49.032895 0.000000
vt 32.317135 -51.261663 0.000000
vt 32.317135 -53.490431 0.000000
vt 32.317135 -55.719199 0.000000
vt 34.545903 -35.660287 0.000000
vt 34.545903 -33.431519 0.000000
vt 34.545903 -31.202751 0.000000
vt 34.545903 -28.973983 0.000000
vt 34.545903 -26.745215 0.000000
vt 34.545903 -24.516447 0.000000
vt 34.545903 -22.287679 0.000000
vt 34.545903 -20.058911 0.000000
vt 34.545903 -17.830144 0.000000
vt 34.545903 -15.601376 0.000000
vt 34.545903 -13.372608 0.000000
vt 34.545903 -11.143840 0.000000
vt 34.545903 -8.915072 0.000000
vt 34.545903 -6.686304 0.000000
vt 34.545903 -4.457536 0.000000
vt 34.545903 -2.228768 0.000000
vt 34.545903 0.000000 0.000000
vt 34.545903 2.228768 0.000000
vt 34.545903 4.457536 0.000000
vt 34.545903 6.686304 0.000000
vt 34.545903 8.915072 0.000000
vt 34.545903 11.143840 0.000000
vt 34.545903 13.372608 0.000000
vt 34.545903 15.601376 0.000000
vt 34.545903 17.830144 0.000000
vt 34.545903 20.058911 0.000000
vt 34.545903 22.287679 0.000000
vt 34.545903 24.516447 0.000000
vt 34.545903 26.745215 0.000000
vt 34.545903 28.973983 0.000000
vt 34.545903 31.202751 0.000000
vt 34.545903 33.431519 0.000000
vt 34.545903 35.660287 0.000000
vt 34.545903 37.889055 0.000000
vt 34.545903 40.117823 0.000000
vt 34.545903 42.346591 0.000000
vt 34.545903 44.575359 0.000000
vt 34.545903 46.804127 0.000000
vt 34.545903 49.032895 0.000000
vt 34.545903 51.261663 0.000000
vt 34.545903 53.490431 0.000000
vt 34.545903 55.719199 0.000000
vt 34.545903 57.947966 0.000000
vt 34.545903 60.176734 0.000000
vt 34.545903 62.405502 0.000000
vt 34.545903 64.634270 0.000000
vt 34.545903 66.863038 0.000000
vt 34.545903 69.091806 0.000000
vt 34.545903 71.320574 0.000000
vt 34.545903 73.549342 0.000000
vt 34.545903 75.778110 0.000000
vt 34.545903 78.006878 0.000000
vt 34.545903 80.235646 0.000000
vt 34.545903 82.464414 0.000000
vt 34.545903 84.693182 0.000000
vt 34.545903 86.921950 0.000000
vt 34.545903 89.150718 0.000000
vt 34.545903 91.379486 0.000000
vt 34.545903 93.608254 0.000000
vt 34.545903 95.837021 0.000000
vt 34.545903 98.065789 0.000000
vt 34.545903 100.294557 0.000000
vt 30.088367 -37.889055 0.000000
vt 30.088367 -40.117823 0.000000
vt 30.088367 -42.346591 0.000000
vt 30.088367 -44.575359 0.000000
vt 30.088367 -46.804127 0.000000
vt 30.088367 -49.032895 0.000000
vt 30.088367 -51.261663 0.000000
vt 30.088367 -53.490431 0.000000
vt 30.088367 -55.719199 0.000000
vt 32.317135 -35.660287 0.000000
vt 32.317135 -33.431519 0.000000
vt 32.317135 -31.202751 0.000000
vt 32.317135 -28.973983 0.000000
vt 32.317135 -26.745215 0.000000
vt 32.317135 -24.516447 0.000000
vt 32.317135 -22.287679 0.000000
vt 32.317135 -20.058911 0.000000
vt 32.317135 -17.830144 0.000000
vt 32.317135 -15.601376 0.000000
vt 32.317135 -13.372608 0.000000
vt 32.317135 -11.143840 0.000000
vt 32.317135 -8.915072 0.000000
vt 32.317135 -6.686304 0.000000
vt 32.317135 -4.457536 0.000000
vt 32.317135 -2.228768 0.000000
vt 32.317135 0.000000 0.000000
vt 32.317135 2.228768 0.000000
vt 32.317135 4.457536 0.000000
vt 32.317135 6.686304 0.000000
vt 32.317135 8.915072 0.000000
vt 32.317135 11.143840 0.000000
vt 32.317135 13.372608 0.000000
vt 32.317135 15.601376 0.000000
vt 32.317135 17.830144 0.000000
vt 32.317135 20.058911 0.000000
vt 32.317135 22.287679 0.000000
vt 32.317135 24.516447 0.000000
vt 32.317135 26.745215 0.000000
vt 32.317135 28.973983 0.000000
vt 32.317135 31.202751 0.000000
vt 32.317135 33.431519 0.000000
vt 32.317135 35.660287 0.000000
vt 32.317135 37.889055 0.000000
vt 32.317135 40.117823 0.000000
vt 32.317135 42.346591 0.000000
vt 32.317135 44.575359 0.000000
vt 32.317135 46.804127 0.000000
vt 32.317135 49.032895 0.000000
vt 32.317135 51.261663 0.000000
vt 32.317135 53.490431 0.000000
vt 32.317135 55.719199 0.000000
vt 32.317135 57.947966 0.000000
vt 32.317135 60.176734 0.000000
vt 32.317135 62.405502 0.000000
vt 32.317135 64.634270 0.000000
vt 32.317135 66.863038 0.000000
vt 32.317135 69.091806 0.000000
vt 32.317135 71.320574 0.000000
vt 32.317135 73.549342 0.000000
vt 32.317135 75.778110 0.000000
vt 32.317135 78.006878 0.000000
vt 32.317135 80.235646 0.000000
vt 32.317135 82.464414 0.000000
vt 32.317135 84.693182 0.000000
vt 32.317135 86.921950 0.000000
vt 32.317135 89.150718 0.000000
vt 32.317135 91.379486 0.000000
vt 32.317135 93.608254 0.000000
vt 32.317135 95.837021 0.000000
vt 32.317135 98.065789 0.000000
vt 32.317135 100.294557 0.000000
vt 27.859599 -37.889055 0.000000
vt 27.859599 -40.117823 0.000000
vt 27.859599 -42.346591 0.000000
vt 27.859599 -44.575359 0.000000
vt 27.859599 -46.804127 0.000000
vt 27.859599 -49.032895 0.000000
vt 27.859599 -51.261663 0.000000
vt 27.859599 -53.490431 0.000000
vt 27.859599 -55.719199 0.000000
vt 30.088367 -35.660287 0.000000
vt 30.088367 -33.431519 0.000000
vt 30.088367 -31.202751 0.000000
vt 30.088367 -28.973983 0.000000
vt 30.088367 -26.745215 0.000000
vt 30.088367 -24.516447 0.000000
vt 30.088367 -22.287679 0.000000
vt 30.088367 -20.058911 0.000000
vt 30.088367 -17.830144 0.000000
vt 30.088367 -15.601376 0.000000
vt 30.088367 -13.372608 0.000000
vt 30.088367 -11.143840 0.000000
vt 30.088367 -8.915072 0.000000
vt 30.088367 -6.686304 0.000000
vt 30.088367 -4.457536 0.000000
vt 30.088367 -2.228768 0.000000
vt 30.088367 0.000000 0.000000
vt 30.088367 2.228768 0.000000
vt 30.088367 4.457536 0.000000
vt 30.088367 6.686304 0.000000
vt 30.088367 8.915072 0.000000
vt 30.088367 11.143840 0.000000
vt 30.088367 13.372608 0.000000
vt 30.088367 15.601376 0.000000
vt 30.088367 17.830144 0.000000
vt 30.088367 20.058911 0.000000
vt 30.088367 22.287679 0.000000
vt 30.088367 24.516447 0.000000
vt 30.088367 26.745215 0.000000
vt 30.088367 28.973983 0.000000
vt 30.088367 31.202751 0.000000
vt 30.088367 33.431519 0.000000
vt 30.088367 35.660287 0.000000
vt 30.088367 37.889055 0.000000
vt 30.088367 40.117823 0.000000
vt 30.088367 42.346591 0.000000
vt 30.088367 44.575359 0.000000
vt 30.088367 46.804127 0.000000
vt 30.088367 49.032895 0.000000
vt 30.088367 51.261663 0.000000
vt 30.088367 53.490431 0.000000
vt 30.088367 55.719199 0.000000
vt 30.088367 57.947966 0.000000
vt 30.088367 60.176734 0.000000
vt 30.088367 62.405502 0.000000
vt 30.088367 64.634270 0.000000
vt 30.088367 66.863038 0.000000
vt 30.088367 69.091806 0.000000
vt 30.088367 71.320574 0.000000
vt 30.088367 73.549342 0.000000
vt 30.088367 75.778110 0.000000
vt 30.088367 78.006878 0.000000
vt 30.088367 80.235646 0.000000
vt 30.088367 82.464414 0.000000
vt 30.088367 84.693182 0.000000
vt 30.088367 86.921950 0.000000
vt 30.088367 89.150718 0.000000
vt 30.088367 91.379486 0.000000
vt 30.088367 93.608254 0.000000
vt 30.088367 95.837021 0.000000
vt 30.088367 98.065789 0.000000
vt 30.088367 100.294557 0.000000
vt 25.630831 -37.889055 0.000000
vt 25.630831 -40.117823 0.000000
vt 25.630831 -42.346591 0.000000
vt 25.630831 -44.575359 0.000000
vt 25.630831 -46.804127 0.000000
vt 25.630831 -49.032895 0.000000
vt 25.630831 -51.261663 0.000000
vt 25.630831 -53.490431 0.000000
vt 25.630831 -55.719199 0.000000
vt 27.859599 -35.660287 0.000000
vt 27.859599 -33.431519 0.000000
vt 27.859599 -31.202751 0.000000
vt 27.859599 -28.973983 0.000000
vt 27.859599 -26.745215 0.000000
vt 27.859599 -24.516447 0.000000
vt 27.859599 -22.287679 0.000000
vt 27.859599 -20.058911 0.000000
vt 27.859599 -17.830144 0.000000
vt 27.859599 -15.601376 0.000000
vt 27.859599 -13.372608 0.000000
vt 27.859599 -11.143840 0.000000
vt 27.859599 -8.915072 0.000000
vt 27.859599 -6.686304 0.000000
vt 27.859599 -4.457536 0.000000
vt 27.859599 -2.228768 0.000000
vt 27.859599 0.000000 0.000000
vt 27.859599 2.228768 0.000000
vt 27.859599 4.457536 0.000000
vt 27.859599 6.686304 0.000000
vt 27.859599 8.915072 0.000000
vt 27.859599 11.143840 0.000000
vt 27.859599 13.372608 0.000000
vt 27.859599 15.601376 0.000000
vt 27.859599 17.830144 0.000000
vt 27.859599 20.058911 0.000000
vt 27.859599 22.287679 0.000000
vt 27.859599 24.516447 0.000000
vt 27.859599 26.745215 0.000000
vt 27.859599 28.973983 0.000000
vt 27.859599 31.202751 0.000000
vt 27.859599 33.431519 0.000000
vt 27.859599 35.660287 0.000000
vt 27.859599 37.889055 0.000000
vt 27.859599 40.117823 0.000000
vt 27.859599 42.346591 0.000000
vt 27.859599 44.575359 0.000000
vt 27.859599 46.804127 0.000000
vt 27.859599 49.032895 0.000000
vt 27.859599 51.261663 0.000000
vt 27.859599 53.490431 0.000000
vt 27.859599 55.719199 0.000000
vt 27.859599 57.947966 0.000000
vt 27.859599 60.176734 0.000000
vt 27.859599 62.405502 0.000000
vt 27.859599 64.634270 0.000000
vt 27.859599 66.863038 0.000000
vt 27.859599 69.091806 0.000000
vt 27.859599 71.320574 0.000000
vt 27.859599 73.549342 0.000000
vt 27.859599 75.778110 0.000000
vt 27.859599 78.006878 0.000000
vt 27.859599 80.235646 0.000000
vt 27.859599 82.464414 0.000000
vt 27.859599 84.693182 0.000000
vt 27.859599 86.921950 0.000000
vt 27.859599 89.150718 0.000000
vt 27.859599 91.379486 0.000000
vt 27.859599 93.608254 0.000000
vt 27.859599 95.837021 0.000000
vt 27.859599 98.065789 0.000000
vt 27.859599 100.294557 0.000000
vt 23.402063 -37.889055 0.000000
vt 23.402063 -40.117823 0.000000
vt 23.402063 -42.346591 0.000000
vt 23.402063 -44.575359 0.000000
vt 23.402063 -46.804127 0.000000
vt 23.402063 -49.032895 0.000000
vt 23.402063 -51.261663 0.000000
vt 23.402063 -53.490431 0.000000
vt 23.402063 -55.719199 0.000000
vt 25.630831 -35.660287 0.000000
vt 25.630831 -33.431519 0.000000
vt 25.630831 -31.202751 0.000000
vt 25.630831 -28.973983 0.000000
vt 25.630831 -26.745215 0.000000
vt 25.630831 -24.516447 0.000000
vt 25.630831 -22.287679 0.000000
vt 25.630831 -20.058911 0.000000
vt 25.630831 -17.830144 0.000000
vt 25.630831 -15.601376 0.000000
vt 25.630831 -13.372608 0.000000
vt 25.630831 -11.143840 0.000000
vt 25.630831 -8.915072 0.000000
vt 25.630831 -6.686304 0.000000
vt 25.630831 -4.457536 0.000000
vt 25.630831 -2.228768 0.000000
vt 25.630831 0.000000 0.000000
vt 25.630831 2.228768 0.000000
vt 25.630831 4.457536 0.000000
vt 25.630831 6.686304 0.000000
vt 25.630831 8.915072 0.000000
vt 25.630831 11.143840 0.000000
vt 25.630831 13.372608 0.000000
vt 25.630831 15.601376 0.000000
vt 25.630831 17.830144 0.000000
vt 25.630831 20.058911 0.000000
vt 25.630831 22.287679 0.000000
vt 25.630831 24.516447 0.000000
vt 25.630831 26.745215 0.000000
vt 25.630831 28.973983 0.000000
vt 25.630831 31.202751 0.000000
vt 25.630831 33.431519 0.000000
vt 25.630831 35.660287 0.000000
vt 25.630831 37.889055 0.000000
vt 25.630831 40.117823 0.000000
vt 25.630831 42.346591 0.000000
vt 25.630831 44.575359 0.000000
vt 25.630831 46.804127 0.000000
vt 25.630831 49.032895 0.000000
vt 25.630831 51.261663 0.000000
vt 25.630831 53.490431 0.000000
vt 25.630831 55.719199 0.000000
vt 25.630831 57.947966 0.000000
vt 25.630831 60.176734 0.000000
vt 25.630831 62.405502 0.000000
vt 25.630831 64.634270 0.000000
vt 25.630831 66.863038 0.000000
vt 25.630831 69.091806 0.000000
vt 25.630831 71.320574 0.000000
vt 25.630831 73.549342 0.000000
vt 25.630831 75.778110 0.000000
vt 25.630831 78.006878 0.000000
vt 25.630831 80.235646 0.000000
vt 25.630831 82.464414 0.000000
vt 25.630831 84.693182 0.000000
vt 25.630831 86.921950 0.000000
vt 25.630831 89.150718 0.000000
vt 25.630831 91.379486 0.000000
vt 25.630831 93.608254 0.000000
vt 25.630831 95.837021 0.000000
vt 25.630831 98.065789 0.000000
vt 25.630831 100.294557 0.000000
vt 21.173295 -37.889055 0.000000
vt 21.173295 -40.117823 0.000000
vt 21.173295 -42.346591 0.000000
vt 21.173295 -44.575359 0.000000
vt 21.173295 -46.804127 0.000000
vt 21.173295 -49.032895 0.000000
vt 21.173295 -51.261663 0.000000
vt 21.173295 -53.490431 0.000000
vt 21.173295 -55.719199 0.000000
vt 23.402063 -35.660287 0.000000
vt 23.402063 -33.431519 0.000000
vt 23.402063 -31.202751 0.000000
vt 23.402063 -28.973983 0.000000
vt 23.402063 -26.745215 0.000000
vt 23.402063 -24.516447 0.000000
vt 23.402063 -22.287679 0.000000
vt 23.402063 -20.058911 0.000000
vt 23.402063 -17.830144 0.000000
vt 23.402063 -15.601376 0.000000
vt 23.402063 -13.372608 0.000000
vt 23.402063 -11.143840 0.000000
vt 23.402063 -8.915072 0.000000
vt 23.402063 -6.686304 0.000000
vt 23.402063 -4.457536 0.000000
vt 23.402063 -2.228768 0.000000
vt 23.402063 0.000000 0.000000
vt 23.402063 2.228768 0.000000
vt 23.402063 4.457536 0.000000
vt 23.402063 6.686304 0.000000
vt 23.402063 8.915072 0.000000
vt 23.402063 11.143840 0.000000
vt 23.402063 13.372608 0.000000
vt 23.402063 15.601376 0.000000
vt 23.402063 17.830144 0.000000
vt 23.402063 20.058911 0.000000
vt 23.402063 22.287679 0.000000
vt 23.402063 24.516447 0.000000
vt 23.402063 26.745215 0.000000
vt 23.402063 28.973983 0.000000
vt 23.402063 31.202751 0.000000
vt 23.402063 33.431519 0.000000
vt 23.402063 35.660287 0.000000
vt 23.402063 37.889055 0.000000
vt 23.402063 40.117823 0.000000
vt 23.402063 42.346591 0.000000
vt 23.402063 44.575359 0.000000
vt 23.402063 46.804127 0.000000
vt 23.402063 49.032895 0.000000
vt 23.402063 51.261663 0.000000
vt 23.402063 53.490431 0.000000
vt 23.402063 55.719199 0.000000
vt 23.402063 57.947966 0.000000
vt 23.402063 60.176734 0.000000
vt 23.402063 62.405502 0.000000
vt 23.402063 64.634270 0.000000
vt 23.402063 66.863038 0.000000
vt 23.402063 69.091806 0.000000
vt 23.402063 71.320574 0.000000
vt 23.402063 73.549342 0.000000
vt 23.402063 75.778110 0.000000
vt 23.402063 78.006878 0.000000
vt 23.402063 80.235646 0.000000
vt 23.402063 82.464414 0.000000
vt 23.402063 84.693182 0.000000
vt 23.402063 86.921950 0.000000
vt 23.402063 89.150718 0.000000
vt 23.402063 91.379486 0.000000
vt 23.402063 93.608254 0.000000
vt 23.402063 95.837021 0.000000
vt 23.402063 98.065789 0.000000
vt 23.402063 100.294557 0.000000
vt 18.944527 -37.889055 0.000000
vt 18.944527 -40.117823 0.000000
vt 18.944527 -42.346591 0.000000
vt 18.944527 -44.575359 0.000000
vt 18.944527 -46.804127 0.000000
vt 18.944527 -49.032895 0.000000
vt 18.944527 -51.261663 0.000000
vt 18.944527 -53.490431 0.000000
vt 18.944527 -55.719199 0.000000
vt 21.173295 -35.660287 0.000000
vt 21.173295 -33.431519 0.000000
vt 21.173295 -31.202751 0.000000
vt 21.173295 -28.973983 0.000000
vt 21.173295 -26.745215 0.000000
vt 21.173295 -24.516447 0.000000
vt 21.173295 -22.287679 0.000000
vt 21.173295 -20.058911 0.000000
vt 21.173295 -17.830144 0.000000
vt 21.173295 -15.601376 0.000000
vt 21.173295 -13.372608 0.000000
vt 21.173295 -11.143840 0.000000
vt 21.173295 -8.915072 0.000000
vt 21.173295 -6.686304 0.000000
vt 21.173295 -4.457536 0.000000
vt 21.173295 -2.228768 0.000000
vt 21.173295 0.000000 0.000000
vt 21.173295 2.228768 0.000000
vt 21.173295 4.457536 0.000000
vt 21.173295 6.686304 0.000000
vt 21.173295 8.915072 0.000000
vt 21.173295 11.143840 0.000000
vt 21.173295 13.372608 0.000000
vt 21.173295 15.601376 0.000000
vt 21.173295 17.830144 0.000000
vt 21.173295 20.058911 0.000000
vt 21.173295 22.287679 0.000000
vt 21.173295 24.516447 0.000000
vt 21.173295 26.745215 0.000000
vt 21.173295 28.973983 0.000000
vt 21.173295 31.202751 0.000000
vt 21.173295 33.431519 0.000000
vt 21.173295 35.660287 0.000000
vt 21.173295 37.889055 0.000000
vt 21.173295 40.117823 0.000000
vt 21.173295 42.346591 0.000000
vt 21.173295 44.575359 0.000000
vt 21.173295 46.804127 0.000000
vt 21.173295 49.032895 0.000000
vt 21.173295 51.261663 0.000000
vt 21.173295 53.490431 0.000000
vt 21.173295 55.719199 0.000000
vt 21.173295 57.947966 0.000000
vt 21.173295 60.176734 0.000000
vt 21.173295 62.405502 0.000000
vt 21.173295 64.634270 0.000000
vt 21.173295 66.863038 0.000000
vt 21.173295 69.091806 0.000000
vt 21.173295 71.320574 0.000000
vt 21.173295 73.549342 0.000000
vt 21.173295 75.778110 0.000000
vt 21.173295 78.006878 0.000000
vt 21.173295 80.235646 0.000000
vt 21.173295 82.464414 0.000000
vt 21.173295 84.693182 0.000000
vt 21.173295 86.921950 0.000000
vt 21.173295 89.150718 0.000000
vt 21.173295 91.379486 0.000000
vt 21.173295 93.608254 0.000000
vt 21.173295 95.837021 0.000000
vt 21.173295 98.065789 0.000000
vt 21.173295 100.294557 0.000000
vt 16.715760 -37.889055 0.000000
vt 16.715760 -40.117823 0.000000
vt 16.715760 -42.346591 0.000000
vt 16.715760 -44.575359 0.000000
vt 16.715760 -46.804127 0.000000
vt 16.715760 -49.032895 0.000000
vt 16.715760 -51.261663 0.000000
vt 16.715760 -53.490431 0.000000
vt 16.715760 -55.719199 0.000000
vt 18.944527 -35.660287 0.000000
vt 18.944527 -33.431519 0.000000
vt 18.944527 -31.202751 0.000000
vt 18.944527 -28.973983 0.000000
vt 18.944527 -26.745215 0.000000
vt 18.944527 -24.516447 0.000000
vt 18.944527 -22.287679 0.000000
vt 18.944527 -20.058911 0.000000
vt 18.944527 -17.830144 0.000000
vt 18.944527 -15.601376 0.000000
vt 18.944527 -13.372608 0.000000
vt 18.944527 -11.143840 0.000000
vt 18.944527 -8.915072 0.000000
vt 18.944527 -6.686304 0.000000
vt 18.944527 -4.457536 0.000000
vt 18.944527 -2.228768 0.000000
vt 18.944527 0.000000 0.000000
vt 18.944527 2.228768 0.000000
vt 18.944527 4.457536 0.000000
vt 18.944527 6.686304 0.000000
vt 18.944527 8.915072 0.000000
vt 18.944527 11.143840 0.000000
vt 18.944527 13.372608 0.000000
vt 18.944527 15.601376 0.000000
vt 18.944527 17.830144 0.000000
vt 18.944527 20.058911 0.000000
vt 18.944527 22.287679 0.000000
vt 18.944527 24.516447 0.000000
vt 18.944527 26.745215 0.000000
vt 18.944527 28.973983 0.000000
vt 18.944527 31.202751 0.000000
vt 18.944527 33.431519 0.000000
vt 18.944527 35.660287 0.000000
vt 18.944527 37.889055 0.000000
vt 18.944527 40.117823 0.000000
vt 18.944527 42.346591 0.000000
vt 18.944527 44.575359 0.000000
vt 18.944527 46.804127 0.000000
vt 18.944527 49.032895 0.000000
vt 18.944527 51.261663 0.000000
vt 18.944527 53.490431 0.000000
vt 18.944527 55.719199 0.000000
vt 18.944527 57.947966 0.000000
vt 18.944527 60.176734 0.000000
vt 18.944527 62.405502 0.000000
vt 18.944527 64.634270 0.000000
vt 18.944527 66.863038 0.000000
vt 18.944527 69.091806 0.000000
vt 18.944527 71.320574 0.000000
vt 18.944527 73.549342 0.000000
vt 18.944527 75.778110 0.000000
vt 18.944527 78.006878 0.000000
vt 18.944527 80.235646 0.000000
vt 18.944527 82.464414 0.000000
vt 18.944527 84.693182 0.000000
vt 18.944527 86.921950 0.000000
vt 18.944527 89.150718 0.000000
vt 18.944527 91.379486 0.000000
vt 18.944527 93.608254 0.000000
vt 18.944527 95.837021 0.000000
vt 18.944527 98.065789 0.000000
vt 18.944527 100.294557 0.000000
vt 16.715760 -35.660287 0.000000
vt 16.715760 -33.431519 0.000000
vt 16.715760 -31.202751 0.000000
vt 16.715760 -28.973983 0.000000
vt 16.715760 -26.745215 0.000000
vt 16.715760 -24.516447 0.000000
vt 16.715760 -22.287679 0.000000
vt 16.715760 -20.058911 0.000000
vt 16.715760 -17.830144 0.000000
vt 16.715760 -15.601376 0.000000
vt 16.715760 -13.372608 0.000000
vt 16.715760 -11.143840 0.000000
vt 16.715760 -8.915072 0.000000
vt 16.715760 -6.686304 0.000000
vt 16.715760 -4.457536 0.000000
vt 16.715760 -2.228768 0.000000
vt 16.715760 0.000000 0.000000
vt 16.715760 2.228768 0.000000
vt 16.715760 4.457536 0.000000
vt 16.715760 6.686304 0.000000
vt 16.715760 8.915072 0.000000
vt 16.715760 11.143840 0.000000
vt 16.715760 13.372608 0.000000
vt 16.715760 15.601376 0.000000
vt 16.715760 17.830144 0.000000
vt 16.715760 20.058911 0.000000
vt 16.715760 22.287679 0.000000
vt 16.715760 24.516447 0.000000
vt 16.715760 26.745215 0.000000
vt 16.715760 28.973983 0.000000
vt 16.715760 31.202751 0.000000
vt 16.715760 33.431519 0.000000
vt 16.715760 35.660287 0.000000
vt 16.715760 37.889055 0.000000
vt 16.715760 40.117823 0.000000
vt 16.715760 42.346591 0.000000
vt 16.715760 44.575359 0.000000
vt 16.715760 46.804127 0.000000
vt 16.715760 49.032895 0.000000
vt 16.715760 51.261663 0.000000
vt 16.715760 53.490431 0.000000
vt 16.715760 55.719199 0.000000
vt 16.715760 57.947966 0.000000
vt 16.715760 60.176734 0.000000
vt 16.715760 62.405502 0.000000
vt 16.715760 64.634270 0.000000
vt 16.715760 66.863038 0.000000
vt 16.715760 69.091806 0.000000
vt 16.715760 71.320574 0.000000
vt 16.715760 73.549342 0.000000
vt 16.715760 75.778110 0.000000
vt 16.715760 78.006878 0.000000
vt 16.715760 80.235646 0.000000
vt 16.715760 82.464414 0.000000
vt 16.715760 84.693182 0.000000
vt 16.715760 86.921950 0.000000
vt 16.715760 89.150718 0.000000
vt 16.715760 91.379486 0.000000
vt 16.715760 93.608254 0.000000
vt 16.715760 95.837021 0.000000
vt 16.715760 98.065789 0.000000
vt 16.715760 100.294557 0.000000
vt -7.800688 -62.405502 0.000000
vt -5.571920 -62.405502 0.000000
vt -3.343152 -62.405502 0.000000
vt -1.114384 -62.405502 0.000000
vt 1.114384 -62.405502 0.000000
vt 3.343152 -62.405502 0.000000
vt 5.571920 -62.405502 0.000000
vt 7.800688 -62.405502 0.000000
vt 10.029456 -62.405502 0.000000
vt 12.258224 -62.405502 0.000000
vt 14.486992 -62.405502 0.000000
vt 16.715760 -62.405502 0.000000
vt 18.944527 -62.405502 0.000000
vt 21.173295 -62.405502 0.000000
vt 23.402063 -62.405502 0.000000
vt 25.630831 -62.405502 0.000000
vt 27.859599 -62.405502 0.000000
vt 30.088367 -62.405502 0.000000
vt -5.571920 -64.634270 0.000000
vt -3.343152 -64.634270 0.000000
vt -1.114384 -64.634270 0.000000
vt 1.114384 -64.634270 0.000000
vt 3.343152 -64.634270 0.000000
vt 5.571920 -64.634270 0.000000
vt 7.800688 -64.634270 0.000000
vt 10.029456 -64.634270 0.000000
vt 12.258224 -64.634270 0.000000
vt 14.486992 -64.634270 0.000000
vt 16.715760 -64.634270 0.000000
vt 18.944527 -64.634270 0.000000
vt 21.173295 -64.634270 0.000000
vt 23.402063 -64.634270 0.000000
vt 25.630831 -64.634270 0.000000
vt 27.859599 -64.634270 0.000000
vt 30.088367 -64.634270 0.000000
vt -3.343152 -66.863038 0.000000
vt -1.114384 -66.863038 0.000000
vt 1.114384 -66.863038 0.000000
vt 3.343152 -66.863038 0.000000
vt 5.571920 -66.863038 0.000000
vt 7.800688 -66.863038 0.000000
vt 10.029456 -66.863038 0.000000
vt 12.258224 -66.863038 0.000000
vt 14.486992 -66.863038 0.000000
vt 16.715760 -66.863038 0.000000
vt 18.944527 -66.863038 0.000000
vt 21.173295 -66.863038 0.000000
vt 23.402063 -66.863038 0.000000
vt 25.630831 -66.863038 0.000000
vt 27.859599 -66.863038 0.000000
vt 30.088367 -66.863038 0.000000
vt -16.715760 -69.091806 0.000000
vt -14.486992 -69.091806 0.000000
vt -12.258224 -69.091806 0.000000
vt -10.029456 -69.091806 0.000000
vt -7.800688 -69.091806 0.000000
vt -1.114384 -69.091806 0.000000
vt 1.114384 -69.091806 0.000000
vt 3.343152 -69.091806 0.000000
vt 5.571920 -69.091806 0.000000
vt 7.800688 -69.091806 0.000000
vt 10.029456 -69.091806 0.000000
vt 12.258224 -69.091806 0.000000
vt 14.486992 -69.091806 0.000000
vt 16.715760 -69.091806 0.000000
vt 18.944527 -69.091806 0.000000
vt 21.173295 -69.091806 0.000000
vt 23.402063 -69.091806 0.000000
vt 25.630831 -69.091806 0.000000
vt 27.859599 -69.091806 0.000000
vt 30.088367 -69.091806 0.000000
vt 30.088367 -100.294557 0.000000
vt 27.859599 -98.065789 0.000000
vt 25.630831 -95.837021 0.000000
vt 23.402063 -93.608254 0.000000
vt 21.173295 -91.379486 0.000000
vt 18.944527 -89.150718 0.000000
vt 16.715760 -86.921950 0.000000
vt 14.486992 -84.693182 0.000000
vt 12.258224 -82.464414 0.000000
vt 10.029456 -80.235646 0.000000
vt 7.800688 -78.006878 0.000000
vt 5.571920 -75.778110 0.000000
vt 3.343152 -73.549342 0.000000
vt 1.114384 -71.320574 0.000000
vt 23.402063 -100.294557 0.000000
vt 21.173295 -100.294557 0.000000
vt 14.486992 -100.294557 0.000000
vt 12.258224 -98.065789 0.000000
vt 10.029456 -95.837021 0.000000
vt 7.800688 -93.608254 0.000000
vt 5.571920 -91.379486 0.000000
vt 3.343152 -89.150718 0.000000
vt 1.114384 -86.921950 0.000000
vt -1.114384 -84.693182 0.000000
vt -3.343152 -82.464414 0.000000
vt -5.571920 -80.235646 0.000000
vt -7.800688 -78.006878 0.000000
vt -10.029456 -75.778110 0.000000
vt -12.258224 -73.549342 0.000000
vt -14.486992 -71.320574 0.000000
vt 7.800688 -100.294557 0.000000
vt 5.571920 -100.294557 0.000000
vt 3.343152 -100.294557 0.000000
vt 1.114384 -100.294557 0.000000
vt -1.114384 -100.294557 0.000000
vt -3.343152 -100.294557 0.000000
vt -5.571920 -100.294557 0.000000
vt -7.800688 -100.294557 0.000000
vt -14.486992 -100.294557 0.000000
vt -14.486992 -98.065789 0.000000
vt -14.486992 -95.837021 0.000000
vt -14.486992 -93.608254 0.000000
vt -14.486992 -91.379486 0.000000
vt -14.486992 -89.150718 0.000000
vt -14.486992 -86.921950 0.000000
vt -14.486992 -84.693182 0.000000
vt -14.486992 -82.464414 0.000000
vt -14.486992 -80.235646 0.000000
vt -14.486992 -78.006878 0.000000
vt -52.376047 33.431519 0.000000
vt -12.258224 -71.320574 0.000000
vt -10.029456 -71.320574 0.000000
vt -7.800688 -71.320574 0.000000
vt -5.571920 -71.320574 0.000000
vt 3.343152 -71.320574 0.000000
vt 5.571920 -71.320574 0.000000
vt 7.800688 -71.320574 0.000000
vt 10.029456 -71.320574 0.000000
vt 12.258224 -71.320574 0.000000
vt 14.486992 -71.320574 0.000000
vt 16.715760 -71.320574 0.000000
vt 18.944527 -71.320574 0.000000
vt 21.173295 -71.320574 0.000000
vt 23.402063 -71.320574 0.000000
vt 25.630831 -71.320574 0.000000
vt 27.859599 -71.320574 0.000000
vt 30.088367 -71.320574 0.000000
vt -10.029456 -73.549342 0.000000
vt -7.800688 -73.549342 0.000000
vt -5.571920 -73.549342 0.000000
vt -3.343152 -73.549342 0.000000
vt 5.571920 -73.549342 0.000000
vt 7.800688 -73.549342 0.000000
vt 10.029456 -73.549342 0.000000
vt 12.258224 -73.549342 0.000000
vt 14.486992 -73.549342 0.000000
vt 16.715760 -73.549342 0.000000
vt 18.944527 -73.549342 0.000000
vt 21.173295 -73.549342 0.000000
vt 23.402063 -73.549342 0.000000
vt 25.630831 -73.549342 0.000000
vt 27.859599 -73.549342 0.000000
vt 30.088367 -73.549342 0.000000
vt -7.800688 -75.778110 0.000000
vt -5.571920 -75.778110 0.000000
vt -3.343152 -75.778110 0.000000
vt -1.114384 -75.778110 0.000000
vt 7.800688 -75.778110 0.000000
vt 10.029456 -75.778110 0.000000
vt 12.258224 -75.778110 0.000000
vt 14.486992 -75.778110 0.000000
vt 16.715760 -75.778110 0.000000
vt 18.944527 -75.778110 0.000000
vt 21.173295 -75.778110 0.000000
vt 23.402063 -75.778110 0.000000
vt 25.630831 -75.778110 0.000000
vt 27.859599 -75.778110 0.000000
vt 30.088367 -75.778110 0.000000
vt -5.571920 -78.006878 0.000000
vt -3.343152 -78.006878 0.000000
vt -1.114384 -78.006878 0.000000
vt 1.114384 -78.006878 0.000000
vt 10.029456 -78.006878 0.000000
vt 12.258224 -78.006878 0.000000
vt 14.486992 -78.006878 0.000000
vt 16.715760 -78.006878 0.000000
vt 18.944527 -78.006878 0.000000
vt 21.173295 -78.006878 0.000000
vt 23.402063 -78.006878 0.000000
vt 25.630831 -78.006878 0.000000
vt 27.859599 -78.006878 0.000000
vt 30.088367 -78.006878 0.000000
vt -3.343152 -80.235646 0.000000
vt -1.114384 -80.235646 0.000000
vt 1.114384 -80.235646 0.000000
vt 3.343152 -80.235646 0.000000
vt 12.258224 -80.235646 0.000000
vt 14.486992 -80.235646 0.000000
vt 16.715760 -80.235646 0.000000
vt 18.944527 -80.235646 0.000000
vt 21.173295 -80.235646 0.000000
vt 23.402063 -80.235646 0.000000
vt 25.630831 -80.235646 0.000000
vt 27.859599 -80.235646 0.000000
vt 30.088367 -80.235646 0.000000
vt -1.114384 -82.464414 0.000000
vt 1.114384 -82.464414 0.000000
vt 3.343152 -82.464414 0.000000
vt 5.571920 -82.464414 0.000000
vt 14.486992 -82.464414 0.000000
vt 16.715760 -82.464414 0.000000
vt 18.944527 -82.464414 0.000000
vt 21.173295 -82.464414 0.000000
vt 23.402063 -82.464414 0.000000
vt 25.630831 -82.464414 0.000000
vt 27.859599 -82.464414 0.000000
vt 30.088367 -82.464414 0.000000
vt -7.800688 -84.693182 0.000000
vt -7.800688 -86.921950 0.000000
vt -7.800688 -89.150718 0.000000
vt -7.800688 -91.379486 0.000000
vt -7.800688 -93.608254 0.000000
vt -7.800688 -95.837021 0.000000
vt -7.800688 -98.065789 0.000000
vt 1.114384 -84.693182 0.000000
vt 3.343152 -84.693182 0.000000
vt 5.571920 -84.693182 0.000000
vt 7.800688 -84.693182 0.000000
vt 16.715760 -84.693182 0.000000
vt 18.944527 -84.693182 0.000000
vt 21.173295 -84.693182 0.000000
vt 23.402063 -84.693182 0.000000
vt 25.630831 -84.693182 0.000000
vt 27.859599 -84.693182 0.000000
vt 30.088367 -84.693182 0.000000
vt -5.571920 -86.921950 0.000000
vt -3.343152 -89.150718 0.000000
vt -1.114384 -91.379486 0.000000
vt 1.114384 -93.608254 0.000000
vt 3.343152 -95.837021 0.000000
vt 5.571920 -98.065789 0.000000
vt 3.343152 -86.921950 0.000000
vt 5.571920 -86.921950 0.000000
vt 7.800688 -86.921950 0.000000
vt 10.029456 -86.921950 0.000000
vt 18.944527 -86.921950 0.000000
vt 21.173295 -86.921950 0.000000
vt 23.402063 -86.921950 0.000000
vt 25.630831 -86.921950 0.000000
vt 27.859599 -86.921950 0.000000
vt 30.088367 -86.921950 0.000000
vt -5.571920 -89.150718 0.000000
vt -5.571920 -91.379486 0.000000
vt -5.571920 -93.608254 0.000000
vt -5.571920 -95.837021 0.000000
vt -5.571920 -98.065789 0.000000
vt 5.571920 -89.150718 0.000000
vt 7.800688 -89.150718 0.000000
vt 10.029456 -89.150718 0.000000
vt 12.258224 -89.150718 0.000000
vt 21.173295 -89.150718 0.000000
vt 23.402063 -89.150718 0.000000
vt 25.630831 -89.150718 0.000000
vt 27.859599 -89.150718 0.000000
vt 30.088367 -89.150718 0.000000
vt -3.343152 -91.379486 0.000000
vt -1.114384 -93.608254 0.000000
vt 1.114384 -95.837021 0.000000
vt 3.343152 -98.065789 0.000000
vt 7.800688 -91.379486 0.000000
vt 10.029456 -91.379486 0.000000
vt 12.258224 -91.379486 0.000000
vt 14.486992 -91.379486 0.000000
vt 23.402063 -91.379486 0.000000
vt 25.630831 -91.379486 0.000000
vt 27.859599 -91.379486 0.000000
vt 30.088367 -91.379486 0.000000
vt -3.343152 -93.608254 0.000000
vt -3.343152 -95.837021 0.000000
vt -3.343152 -98.065789 0.000000
vt 10.029456 -93.608254 0.000000
vt 12.258224 -93.608254 0.000000
vt 14.486992 -93.608254 0.000000
vt 25.630831 -93.608254 0.000000
vt 27.859599 -93.608254 0.000000
vt 30.088367 -93.608254 0.000000
vt -1.114384 -95.837021 0.000000
vt 1.114384 -98.065789 0.000000
vt 12.258224 -95.837021 0.000000
vt 14.486992 -95.837021 0.000000
vt 27.859599 -95.837021 0.000000
vt 30.088367 -95.837021 0.000000
vt -1.114384 -98.065789 0.000000
vt 14.486992 -98.065789 0.000000
vt 21.173295 -98.065789 0.000000
vt 30.088367 -98.065789 0.000000
vn -0.000000 0.098079 0.019509
vn -0.000000 0.100000 -0.000000
vn -0.001594 0.098079 0.019444
vn -0.000000 0.100000 -0.000000
vn -0.003178 0.098079 0.019248
vn -0.000000 0.100000 -0.000000
vn -0.004740 0.098079 0.018924
vn -0.006271 0.098079 0.018474
vn -0.012301 0.092388 0.036237
vn -0.015221 0.092388 0.035111
vn -0.022098 0.083147 0.050973
vn -0.026189 0.083147 0.048997
vn -0.033333 0.070711 0.062361
vn -0.038318 0.070711 0.059429
vn -0.045057 0.055557 0.069881
vn -0.050617 0.055557 0.065965
vn -0.056242 0.038268 0.073296
vn -0.062044 0.038268 0.068455
vn -0.065866 0.019509 0.072671
vn -0.071584 0.019509 0.067046
vn -0.066312 -0.000000 0.074851
vn -0.074851 -0.000000 0.066312
vn -0.076824 0.019509 0.060972
vn -0.082298 -0.000000 0.056806
vn -0.081549 0.019509 0.054490
vn -0.085729 0.019509 0.047643
vn -0.076818 0.038268 0.051328
vn -0.080755 0.038268 0.044879
vn -0.069134 0.055557 0.046194
vn -0.072678 0.055557 0.040390
vn -0.058794 0.070711 0.039285
vn -0.061807 0.070711 0.034349
vn -0.046194 0.083147 0.030866
vn -0.048562 0.083147 0.026988
vn -0.031819 0.092388 0.021261
vn -0.033450 0.092388 0.018589
vn -0.016221 0.098079 0.010839
vn -0.017053 0.098079 0.009477
vn -0.000000 0.100000 -0.000000
vn -0.017770 0.098079 0.008052
vn -0.000000 0.100000 -0.000000
vn -0.018369 0.098079 0.006572
vn -0.000000 0.100000 -0.000000
vn -0.018844 0.098079 0.005049
vn -0.019194 0.098079 0.003492
vn -0.037650 0.092388 0.006851
vn -0.038084 0.092388 0.003751
vn -0.055289 0.083147 0.005446
vn -0.055550 0.083147 0.000909
vn -0.070701 0.070711 0.001157
vn -0.070559 0.070711 -0.004625
vn -0.082969 0.055557 -0.005438
vn -0.082247 0.055557 -0.012200
vn -0.091388 0.038268 -0.013556
vn -0.089974 0.038268 -0.020979
vn -0.095516 0.019509 -0.022271
vn -0.093377 0.019509 -0.030003
vn -0.097094 -0.000000 -0.023932
vn -0.093502 -0.000000 -0.035460
vn -0.090613 0.019509 -0.037533
vn -0.088546 -0.000000 -0.046472
vn -0.087242 0.019509 -0.044812
vn -0.083288 0.019509 -0.051792
vn -0.082181 0.038268 -0.042212
vn -0.078456 0.038268 -0.048787
vn -0.073961 0.055557 -0.037990
vn -0.070609 0.055557 -0.043907
vn -0.062898 0.070711 -0.032308
vn -0.060048 0.070711 -0.037340
vn -0.049419 0.083147 -0.025384
vn -0.047179 0.083147 -0.029338
vn -0.034040 0.092388 -0.017485
vn -0.032498 0.092388 -0.020208
vn -0.017354 0.098079 -0.008914
vn -0.016567 0.098079 -0.010302
vn -0.000000 0.100000 -0.000000
vn -0.000000 0.100000 -0.000000
vn -0.000000 0.100000 -0.000000
vn -0.007760 0.098079 0.017899
vn -0.018040 0.092388 0.033750
vn -0.030106 0.083147 0.046693
vn -0.043046 0.070711 0.056099
vn -0.055838 0.055557 0.061608
vn -0.067431 0.038268 0.063156
vn -0.009196 0.098079 0.017205
vn -0.000000 0.100000 -0.000000
vn -0.010572 0.098079 0.016396
vn -0.000000 0.100000 -0.000000
vn -0.011876 0.098079 0.015478
vn -0.013101 0.098079 0.014455
vn -0.025699 0.092388 0.028355
vn -0.027931 0.092388 0.026160
vn -0.040549 0.083147 0.037978
vn -0.043517 0.083147 0.034538
vn -0.055387 0.070711 0.043958
vn -0.000000 0.100000 -0.000000
vn -0.014239 0.098079 0.013336
vn -0.029975 0.092388 0.023790
vn -0.000000 0.100000 -0.000000
vn -0.015281 0.098079 0.012128
vn -0.000000 0.100000 -0.000000
vn -0.019415 0.098079 0.001912
vn -0.038263 0.092388 0.000626
vn -0.055438 0.083147 -0.003634
vn -0.069945 0.070711 -0.010375
vn -0.080975 0.055557 -0.018881
vn -0.087959 0.038268 -0.028262
vn -0.000000 0.100000 -0.000000
vn -0.019506 0.098079 0.000319
vn -0.038186 0.092388 -0.002503
vn -0.054956 0.083147 -0.008152
vn -0.068863 0.070711 -0.016057
vn -0.079161 0.055557 -0.025435
vn -0.085355 0.038268 -0.035355
vn -0.019467 0.098079 -0.001276
vn -0.000000 0.100000 -0.000000
vn -0.019298 0.098079 -0.002863
vn -0.018999 0.098079 -0.004430
vn -0.037269 0.092388 -0.008690
vn -0.036434 0.092388 -0.011706
vn -0.052894 0.083147 -0.016995
vn -0.051328 0.083147 -0.021261
vn -0.065328 0.070711 -0.027060
vn -0.000000 0.100000 -0.000000
vn -0.018574 0.098079 -0.005968
vn -0.035355 0.092388 -0.014645
vn -0.000000 0.100000 -0.000000
vn -0.018024 0.098079 -0.007466
vn -0.000000 0.100000 -0.000000
vn -0.014668 0.098079 -0.012863
vn -0.015670 0.098079 -0.011622
vn -0.030737 0.092388 -0.022796
vn -0.044624 0.083147 -0.033095
vn -0.056795 0.070711 -0.042122
vn -0.066784 0.055557 -0.049531
vn -0.074207 0.038268 -0.055035
vn -0.078777 0.019509 -0.058425
vn -0.082298 -0.000000 -0.056806
vn -0.000000 0.100000 -0.000000
vn -0.012376 0.098079 -0.015081
vn -0.013567 0.098079 -0.014019
vn -0.026613 0.092388 -0.027499
vn -0.028772 0.092388 -0.025232
vn -0.038637 0.083147 -0.039922
vn -0.041770 0.083147 -0.036631
vn -0.049175 0.070711 -0.050811
vn -0.053163 0.070711 -0.046623
vn -0.057824 0.055557 -0.059748
vn -0.062513 0.055557 -0.054823
vn -0.064251 0.038268 -0.066388
vn -0.069461 0.038268 -0.060916
vn -0.068208 0.019509 -0.070477
vn -0.073739 0.019509 -0.064668
vn -0.074851 -0.000000 -0.066312
vn -0.011103 0.098079 -0.016042
vn -0.000000 0.100000 -0.000000
vn -0.009755 0.098079 -0.016895
vn -0.008341 0.098079 -0.017636
vn -0.016362 0.092388 -0.034594
vn -0.013480 0.092388 -0.035816
vn -0.019570 0.083147 -0.051996
vn -0.015255 0.083147 -0.053421
vn -0.019416 0.070711 -0.067993
vn -0.013795 0.070711 -0.069352
vn -0.016221 0.055557 -0.081549
vn -0.009503 0.055557 -0.082602
vn -0.010559 0.038268 -0.091783
vn -0.003023 0.038268 -0.092338
vn -0.003209 0.019509 -0.098026
vn 0.004812 0.019509 -0.097960
vn 0.000000 -0.000000 -0.100000
vn 0.012054 -0.000000 -0.099271
vn 0.012802 0.019509 -0.097239
vn 0.020706 0.019509 -0.095868
vn 0.012059 0.038268 -0.091598
vn 0.019504 0.038268 -0.090306
vn 0.010853 0.055557 -0.082436
vn 0.017553 0.055557 -0.081273
vn 0.009230 0.070711 -0.070106
vn 0.014928 0.070711 -0.069117
vn 0.007252 0.083147 -0.055082
vn 0.011729 0.083147 -0.054305
vn 0.004995 0.092388 -0.037941
vn 0.008079 0.092388 -0.037406
vn 0.002546 0.098079 -0.019342
vn 0.004119 0.098079 -0.019069
vn 0.000000 0.100000 -0.000000
vn 0.000000 0.100000 -0.000000
vn -0.000000 0.100000 -0.000000
vn -0.006872 0.098079 -0.018259
vn -0.010508 0.092388 -0.036797
vn -0.010839 0.083147 -0.054489
vn -0.008081 0.070711 -0.070247
vn -0.002720 0.055557 -0.083102
vn 0.004533 0.038268 -0.092277
vn -0.000000 0.100000 -0.000000
vn -0.005357 0.098079 -0.018759
vn -0.007466 0.092388 -0.037533
vn -0.006349 0.083147 -0.055193
vn -0.002314 0.070711 -0.070673
vn 0.004080 0.055557 -0.083047
vn -0.003806 0.098079 -0.019134
vn -0.000000 0.100000 -0.000000
vn -0.002230 0.098079 -0.019381
vn -0.000638 0.098079 -0.019499
vn -0.001252 0.092388 -0.038248
vn 0.001878 0.092388 -0.038222
vn 0.002726 0.083147 -0.055490
vn 0.000000 0.100000 -0.000000
vn 0.000957 0.098079 -0.019486
vn 0.005663 0.098079 -0.018669
vn 0.000000 0.100000 -0.000000
vn 0.007170 0.098079 -0.018144
vn 0.008629 0.098079 -0.017497
vn 0.016926 0.092388 -0.034322
vn 0.019674 0.092388 -0.032824
vn 0.028562 0.083147 -0.047653
vn 0.032361 0.083147 -0.045159
vn 0.041187 0.070711 -0.057477
vn 0.045747 0.070711 -0.053919
vn 0.053792 0.055557 -0.063402
vn 0.058794 0.055557 -0.058794
vn 0.065328 0.038268 -0.065328
vn 0.069957 0.038268 -0.060345
vn 0.074266 0.019509 -0.064062
vn 0.078777 0.019509 -0.058425
vn 0.074851 -0.000000 -0.066312
vn 0.082298 -0.000000 -0.056806
vn 0.082862 0.019509 -0.052472
vn 0.088546 -0.000000 -0.046472
vn 0.086498 0.019509 -0.046234
vn 0.089664 0.019509 -0.039745
vn 0.081479 0.038268 -0.043551
vn 0.084462 0.038268 -0.037439
vn 0.073329 0.055557 -0.039195
vn 0.076014 0.055557 -0.033695
vn 0.062361 0.070711 -0.033333
vn 0.064644 0.070711 -0.028655
vn 0.048997 0.083147 -0.026189
vn 0.050791 0.083147 -0.022514
vn 0.033750 0.092388 -0.018040
vn 0.034985 0.092388 -0.015508
vn 0.017205 0.098079 -0.009196
vn 0.017835 0.098079 -0.007906
vn 0.000000 0.100000 -0.000000
vn 0.018369 0.098079 -0.006572
vn 0.000000 0.100000 -0.000000
vn 0.018802 0.098079 -0.005203
vn 0.019134 0.098079 -0.003806
vn 0.037533 0.092388 -0.007466
vn 0.037981 0.092388 -0.004684
vn 0.055139 0.083147 -0.006801
vn 0.055490 0.083147 -0.002726
vn 0.070625 0.070711 -0.003470
vn 0.070689 0.070711 0.001735
vn 0.083122 0.055557 0.002041
vn 0.082747 0.055557 0.008150
vn 0.091943 0.038268 0.009056
vn 0.091028 0.038268 0.015795
vn 0.096635 0.019509 0.016768
vn 0.095139 0.019509 0.023831
vn 0.097094 -0.000000 0.023932
vn 0.093128 0.019509 0.030765
vn 0.093502 -0.000000 0.035460
vn 0.090613 0.019509 0.037533
vn 0.088546 -0.000000 0.046472
vn 0.087606 0.019509 0.044097
vn 0.084125 0.019509 0.050422
vn 0.082523 0.038268 0.041539
vn 0.079244 0.038268 0.047497
vn 0.074269 0.055557 0.037384
vn 0.071318 0.055557 0.042746
vn 0.063160 0.070711 0.031792
vn 0.060651 0.070711 0.036353
vn 0.049625 0.083147 0.024979
vn 0.047653 0.083147 0.028562
vn 0.034182 0.092388 0.017206
vn 0.032824 0.092388 0.019674
vn 0.017426 0.098079 0.008771
vn 0.016733 0.098079 0.010030
vn 0.000000 0.100000 -0.000000
vn 0.015950 0.098079 0.011233
vn 0.000000 0.100000 -0.000000
vn 0.015081 0.098079 0.012376
vn 0.000000 0.100000 -0.000000
vn 0.014129 0.098079 0.013452
vn 0.013101 0.098079 0.014455
vn 0.025699 0.092388 0.028355
vn 0.023544 0.092388 0.030169
vn 0.034180 0.083147 0.043798
vn 0.030866 0.083147 0.046194
vn 0.039285 0.070711 0.058794
vn 0.034853 0.070711 0.061524
vn 0.040983 0.055557 0.072345
vn 0.035550 0.055557 0.075164
vn 0.039501 0.038268 0.083518
vn 0.033250 0.038268 0.086197
vn 0.035298 0.019509 0.091507
vn 0.028471 0.019509 0.093855
vn 0.035460 -0.000000 0.093502
vn 0.023932 -0.000000 0.097094
vn 0.021489 0.019509 0.095695
vn 0.014391 0.019509 0.097017
vn 0.020242 0.038268 0.090143
vn 0.013556 0.038268 0.091388
vn 0.018218 0.055557 0.081127
vn 0.012200 0.055557 0.082247
vn 0.015493 0.070711 0.068993
vn 0.010375 0.070711 0.069945
vn 0.012173 0.083147 0.054207
vn 0.008152 0.083147 0.054956
vn 0.008385 0.092388 0.037338
vn 0.005615 0.092388 0.037854
vn 0.004274 0.098079 0.019035
vn 0.002863 0.098079 0.019298
vn 0.000000 0.100000 -0.000000
vn 0.001435 0.098079 0.019456
vn 0.000000 0.100000 -0.000000
vn 0.010030 0.098079 -0.016733
vn 0.022290 0.092388 -0.031106
vn 0.035943 0.083147 -0.042364
vn 0.050000 0.070711 -0.050000
vn 0.062960 0.055557 -0.054309
vn 0.074207 0.038268 -0.055035
vn 0.011364 0.098079 -0.015858
vn 0.000000 0.100000 -0.000000
vn 0.012621 0.098079 -0.014876
vn 0.000000 0.100000 -0.000000
vn 0.013795 0.098079 -0.013795
vn 0.014772 0.098079 -0.012743
vn 0.028977 0.092388 -0.024996
vn 0.030737 0.092388 -0.022796
vn 0.044624 0.083147 -0.033095
vn 0.046938 0.083147 -0.029723
vn 0.059740 0.070711 -0.037830
vn 0.000000 0.100000 -0.000000
vn 0.015670 0.098079 -0.011622
vn 0.032331 0.092388 -0.020473
vn 0.016482 0.098079 -0.010437
vn 0.000000 0.100000 -0.000000
vn 0.000000 0.100000 -0.000000
vn 0.019362 0.098079 -0.002388
vn 0.038222 0.092388 -0.001878
vn 0.055540 0.083147 0.001363
vn 0.070370 0.070711 0.006931
vn 0.081923 0.055557 0.014215
vn 0.089619 0.038268 0.022448
vn 0.019486 0.098079 -0.000957
vn 0.000000 0.100000 -0.000000
vn 0.019503 0.098079 0.000479
vn 0.019415 0.098079 0.001912
vn 0.038084 0.092388 0.003751
vn 0.037705 0.092388 0.006542
vn 0.054739 0.083147 0.009498
vn 0.053892 0.083147 0.013499
vn 0.068592 0.070711 0.017181
vn 0.067142 0.070711 0.022181
vn 0.078950 0.055557 0.026082
vn 0.076818 0.055557 0.031819
vn 0.085355 0.038268 0.035355
vn 0.000000 0.100000 -0.000000
vn 0.019222 0.098079 0.003335
vn 0.037121 0.092388 0.009298
vn 0.052753 0.083147 0.017427
vn 0.065328 0.070711 0.027060
vn 0.000000 0.100000 -0.000000
vn 0.018924 0.098079 0.004740
vn 0.036337 0.092388 0.012004
vn 0.051328 0.083147 0.021261
vn 0.018524 0.098079 0.006120
vn 0.000000 0.100000 -0.000000
vn 0.018024 0.098079 0.007466
vn 0.000000 0.100000 -0.000000
vn 0.012003 0.098079 0.015380
vn 0.021261 0.092388 0.031819
vn 0.027384 0.083147 0.048339
vn 0.030233 0.070711 0.063922
vn 0.029924 0.055557 0.077575
vn 0.026819 0.038268 0.088410
vn 0.010839 0.098079 0.016221
vn -0.000000 0.100000 -0.000000
vn 0.009616 0.098079 0.016975
vn 0.008341 0.098079 0.017636
vn 0.016362 0.092388 0.034594
vn 0.013773 0.092388 0.035704
vn 0.019995 0.083147 0.051834
vn 0.016127 0.083147 0.053165
vn 0.020526 0.070711 0.067666
vn 0.000000 0.100000 -0.000000
vn 0.007021 0.098079 0.018202
vn 0.011109 0.092388 0.036620
vn 0.005663 0.098079 0.018669
vn 0.000000 0.100000 -0.000000
vn -0.000000 0.092388 0.038268
vn 0.002815 0.092388 0.038165
vn -0.000000 0.083147 0.055557
vn 0.004087 0.083147 0.055406
vn -0.000000 0.070711 0.070711
vn 0.005202 0.070711 0.070519
vn -0.000000 0.055557 0.083147
vn 0.006117 0.055557 0.082922
vn -0.000000 0.038268 0.092388
vn 0.006796 0.038268 0.092138
vn -0.000000 0.019509 0.098079
vn 0.007215 0.019509 0.097813
vn -0.000000 0.000000 0.100000
vn 0.012054 -0.000000 0.099271
vn 0.041934 0.019509 0.088662
vn 0.046472 -0.000000 0.088546
vn 0.048343 0.019509 0.085337
vn 0.056806 -0.000000 0.082298
vn 0.054490 0.019509 0.081549
vn 0.060341 0.019509 0.077320
vn 0.056840 0.038268 0.072834
vn 0.062044 0.038268 0.068455
vn 0.055838 0.055557 0.061608
vn 0.060219 0.055557 0.057333
vn 0.051212 0.070711 0.048758
vn 0.054660 0.070711 0.044858
vn 0.042946 0.083147 0.035245
vn 0.045423 0.083147 0.031990
vn 0.031288 0.092388 0.022035
vn 0.066312 -0.000000 0.074851
vn 0.065866 0.019509 0.072671
vn 0.066912 0.038268 0.063705
vn 0.064273 0.055557 0.052748
vn 0.057812 0.070711 0.040716
vn 0.071033 0.019509 0.067629
vn 0.074851 -0.000000 0.066312
vn 0.075816 0.019509 0.062220
vn 0.082298 -0.000000 0.056806
vn 0.080188 0.019509 0.056474
vn 0.099271 -0.000000 0.012054
vn 0.097606 0.019509 0.009613
vn 0.092360 0.038268 0.002267
vn 0.083047 0.055557 -0.004080
vn 0.070179 0.070711 -0.008656
vn 0.054489 0.083147 -0.010839
vn 0.036882 0.092388 -0.010207
vn 0.098049 0.019509 0.002407
vn 0.100000 -0.000000 0.000000
vn 0.097960 0.019509 -0.004812
vn 0.099271 -0.000000 -0.012054
vn 0.097341 0.019509 -0.012006
vn 0.096194 0.019509 -0.019134
vn 0.090613 0.038268 -0.018024
vn 0.089041 0.038268 -0.024641
vn 0.080135 0.055557 -0.022176
vn 0.078287 0.055557 -0.028011
vn 0.066577 0.070711 -0.023822
vn 0.097094 -0.000000 -0.023932
vn 0.094526 0.019509 -0.026159
vn 0.086987 0.038268 -0.031125
vn 0.093502 -0.000000 -0.035460
vn 0.092345 0.019509 -0.033042
vn 0.069352 0.019509 -0.069352
vn 0.066312 -0.000000 -0.074851
vn 0.063453 0.019509 -0.074788
vn 0.056806 -0.000000 -0.082298
vn 0.057129 0.019509 -0.079723
vn 0.050422 0.019509 -0.084125
vn 0.047497 0.038268 -0.079244
vn 0.040862 0.038268 -0.082860
vn 0.036775 0.055557 -0.074572
vn 0.030558 0.055557 -0.077328
vn 0.025987 0.070711 -0.065762
vn 0.020526 0.070711 -0.067666
vn 0.016127 0.083147 -0.053165
vn 0.046472 -0.000000 -0.088546
vn 0.043379 0.019509 -0.087964
vn 0.033954 0.038268 -0.085922
vn 0.024136 0.055557 -0.079567
vn 0.035460 -0.000000 -0.093502
vn 0.036045 0.019509 -0.091215
vn 0.026819 0.038268 -0.088410
vn 0.028471 0.019509 -0.093855
vn 0.023932 -0.000000 -0.097094
vn -0.012054 -0.000000 -0.099271
vn -0.011209 0.019509 -0.097436
vn -0.018024 0.038268 -0.090613
vn -0.022831 0.055557 -0.079951
vn -0.024908 0.070711 -0.066179
vn -0.023754 0.083147 -0.050223
vn -0.019134 0.092388 -0.033141
vn -0.019134 0.019509 -0.096194
vn -0.023932 -0.000000 -0.097094
vn -0.026931 0.019509 -0.094309
vn -0.035460 -0.000000 -0.093502
vn -0.034548 0.019509 -0.091792
vn -0.041934 0.019509 -0.088662
vn -0.039501 0.038268 -0.083518
vn -0.046194 0.038268 -0.080010
vn -0.041573 0.055557 -0.072007
vn -0.047319 0.055557 -0.068369
vn -0.040241 0.070711 -0.058143
vn -0.044858 0.070711 -0.054660
vn -0.035245 0.083147 -0.042946
vn -0.046472 -0.000000 -0.088546
vn -0.049039 0.019509 -0.084938
vn -0.052578 0.038268 -0.075968
vn -0.052748 0.055557 -0.064273
vn -0.056806 -0.000000 -0.082298
vn -0.055817 0.019509 -0.080647
vn -0.058610 0.038268 -0.071417
vn -0.062220 0.019509 -0.075816
vn -0.066312 -0.000000 -0.074851
vn -0.097017 0.019509 -0.014391
vn -0.099271 -0.000000 -0.012054
vn -0.097869 0.019509 -0.006415
vn -0.100000 -0.000000 -0.000000
vn -0.098065 0.019509 0.001605
vn -0.097606 0.019509 0.009613
vn -0.091943 0.038268 0.009056
vn -0.090896 0.038268 0.016539
vn -0.081804 0.055557 0.014885
vn -0.080314 0.055557 0.021520
vn -0.068301 0.070711 0.018301
vn -0.066577 0.070711 0.023822
vn -0.052309 0.083147 0.018717
vn -0.050605 0.083147 0.022929
vn -0.034857 0.092388 0.015794
vn -0.099271 -0.000000 0.012054
vn -0.096494 0.019509 0.017558
vn -0.089240 0.038268 0.023912
vn -0.078287 0.055557 0.028011
vn -0.064408 0.070711 0.029183
vn -0.097094 -0.000000 0.023932
vn -0.094737 0.019509 0.025385
vn -0.086987 0.038268 0.031125
vn -0.075736 0.055557 0.034315
vn -0.093502 -0.000000 0.035460
vn -0.092345 0.019509 0.033042
vn -0.084153 0.038268 0.038129
vn -0.089336 0.019509 0.040478
vn -0.088546 -0.000000 0.046472
vn -0.059706 0.019509 0.077811
vn -0.056806 -0.000000 0.082298
vn -0.053148 0.019509 0.082430
vn -0.046472 -0.000000 0.088546
vn -0.046234 0.019509 0.086498
vn -0.039011 0.019509 0.089987
vn -0.036747 0.038268 0.084765
vn -0.029697 0.038268 0.087485
vn -0.026727 0.055557 0.078734
vn -0.020203 0.055557 0.080655
vn -0.017181 0.070711 0.068592
vn -0.011518 0.070711 0.069766
vn -0.009050 0.083147 0.054815
vn -0.004540 0.083147 0.055371
vn -0.003127 0.092388 0.038140
vn -0.035460 -0.000000 0.093502
vn -0.031526 0.019509 0.092874
vn -0.022448 0.038268 0.089619
vn -0.013544 0.055557 0.082036
vn -0.005779 0.070711 0.070474
vn -0.023932 -0.000000 0.097094
vn -0.023831 0.019509 0.095139
vn -0.015050 0.038268 0.091154
vn -0.006795 0.055557 0.082869
vn -0.015977 0.019509 0.096769
vn -0.012054 -0.000000 0.099271
vn -0.008015 0.019509 0.097750
vn -0.007550 0.038268 0.092079
vn -0.006234 0.092388 0.037757
vn -0.009298 0.092388 0.037121
vn -0.013499 0.083147 0.053892
vn -0.022729 0.070711 0.066958
vn -0.033072 0.055557 0.076287
vn -0.043551 0.038268 0.081479
vn -0.017858 0.083147 0.052609
vn -0.028125 0.070711 0.064877
vn -0.039195 0.055557 0.073329
vn -0.050064 0.038268 0.077647
vn -0.020737 0.092388 0.032163
vn -0.033821 0.083147 0.044076
vn -0.047486 0.070711 0.052393
vn -0.060686 0.055557 0.056839
vn -0.072366 0.038268 0.057434
vn -0.023296 0.092388 0.030360
vn -0.037310 0.083147 0.041165
vn -0.051609 0.070711 0.048337
vn -0.065128 0.055557 0.051689
vn -0.036031 0.092388 0.012892
vn -0.053664 0.083147 0.014379
vn -0.069568 0.070711 0.012658
vn -0.082747 0.055557 0.008150
vn -0.092376 0.038268 0.001512
vn -0.036964 0.092388 0.009905
vn -0.054660 0.083147 0.009946
vn -0.070370 0.070711 0.006931
vn -0.083136 0.055557 0.001360
vn -0.092190 0.038268 -0.006042
vn -0.037854 0.092388 -0.005615
vn -0.054106 0.083147 -0.012616
vn -0.067321 0.070711 -0.021631
vn -0.076818 0.055557 -0.031819
vn -0.024277 0.092388 -0.029582
vn -0.021779 0.092388 -0.031467
vn -0.031617 0.083147 -0.045683
vn -0.035355 0.070711 -0.061237
vn -0.035550 0.055557 -0.075164
vn -0.032544 0.038268 -0.086466
vn -0.027778 0.083147 -0.048114
vn -0.030233 0.070711 -0.063922
vn -0.029289 0.055557 -0.077818
vn -0.025369 0.038268 -0.088837
vn -0.004374 0.092388 -0.038018
vn -0.001818 0.083147 -0.055527
vn 0.003470 0.070711 -0.070625
vn 0.011109 0.092388 -0.036620
vn 0.014064 0.092388 -0.035590
vn 0.020418 0.083147 -0.051669
vn 0.031275 0.070711 -0.063418
vn 0.042746 0.055557 -0.071318
vn 0.053814 0.038268 -0.075097
vn 0.024572 0.083147 -0.049828
vn 0.036353 0.070711 -0.060651
vn 0.048431 0.055557 -0.067586
vn 0.059771 0.038268 -0.070448
vn 0.024758 0.092388 -0.029181
vn 0.039285 0.083147 -0.039285
vn 0.053543 0.070711 -0.046186
vn 0.066784 0.055557 -0.049531
vn 0.078054 0.038268 -0.049427
vn 0.027060 0.092388 -0.027060
vn 0.042068 0.083147 -0.036288
vn 0.056795 0.070711 -0.042122
vn 0.070247 0.055557 -0.044483
vn 0.036031 0.092388 -0.012892
vn 0.052309 0.083147 -0.018717
vn 0.053544 0.083147 -0.014818
vn 0.068149 0.070711 -0.018859
vn 0.081549 0.055557 -0.016221
vn 0.091693 0.038268 -0.011309
vn 0.069352 0.070711 -0.013795
vn 0.082522 0.055557 -0.010178
vn 0.092277 0.038268 -0.004533
vn 0.038257 0.092388 0.000939
vn 0.055289 0.083147 0.005446
vn 0.069670 0.070711 0.012089
vn 0.080655 0.055557 0.020203
vn 0.087725 0.038268 0.028980
vn 0.035355 0.092388 0.014645
vn 0.067980 0.055557 0.047877
vn 0.075535 0.038268 0.053198
vn 0.029582 0.092388 0.024277
vn 0.040237 0.083147 0.038309
vn 0.047486 0.070711 0.052393
vn 0.051155 0.055557 0.065549
vn 0.051328 0.038268 0.076818
vn 0.027716 0.092388 0.026388
vn 0.071417 0.038268 0.058610
vn 0.037310 0.083147 0.041165
vn 0.043503 0.070711 0.055744
vn 0.046194 0.055557 0.069134
vn 0.045538 0.038268 0.080386
vn 0.018862 0.092388 0.033297
vn 0.023754 0.083147 0.050223
vn 0.025448 0.070711 0.065973
vn 0.024136 0.055557 0.079567
vn -0.000000 0.000000 0.100000
vn 0.012054 0.000000 0.099271
vn 0.023932 0.000000 0.097094
vn 0.035460 0.000000 0.093502
vn 0.046472 0.000000 0.088546
vn 0.056806 0.000000 0.082298
vn 0.066312 0.000000 0.074851
vn 0.074851 0.000000 0.066312
vn 0.082298 0.000000 0.056806
vn 0.088546 0.000000 0.046472
vn 0.093502 0.000000 0.035460
vn 0.097094 0.000000 0.023932
vn 0.099271 0.000000 0.012054
vn 0.100000 0.000000 0.000000
vn 0.099271 -0.000000 -0.012054
vn 0.097094 -0.000000 -0.023932
vn 0.093502 -0.000000 -0.035460
vn 0.088546 -0.000000 -0.046472
vn 0.082298 -0.000000 -0.056806
vn 0.074851 -0.000000 -0.066312
vn 0.066312 -0.000000 -0.074851
vn 0.056806 -0.000000 -0.082298
vn 0.046472 -0.000000 -0.088546
vn 0.035460 -0.000000 -0.093502
vn 0.023932 -0.000000 -0.097094
vn 0.012054 -0.000000 -0.099271
vn 0.000000 -0.000000 -0.100000
vn -0.012054 -0.000000 -0.099271
vn -0.023932 -0.000000 -0.097094
vn -0.012054 0.000000 0.099271
vn -0.023932 0.000000 0.097094
vn -0.035460 0.000000 0.093502
vn -0.046472 0.000000 0.088546
vn -0.056806 0.000000 0.082298
vn -0.066312 0.000000 0.074851
vn -0.074851 0.000000 0.066312
vn -0.082298 0.000000 0.056806
vn -0.088546 0.000000 0.046472
vn -0.093502 0.000000 0.035460
vn -0.097094 0.000000 0.023932
vn -0.099271 0.000000 0.012054
vn -0.100000 -0.000000 -0.000000
vn -0.099271 -0.000000 -0.012054
vn -0.097094 -0.000000 -0.023932
vn -0.093502 -0.000000 -0.035460
vn -0.088546 -0.000000 -0.046472
vn -0.082298 -0.000000 -0.056806
vn -0.074851 -0.000000 -0.066312
vn -0.066312 -0.000000 -0.074851
vn -0.056806 -0.000000 -0.082298
vn -0.046472 -0.000000 -0.088546
vn -0.035460 -0.000000 -0.093502
vn 0.029772 0.095397 0.003615
vn 0.030717 0.095130 0.002611
vn 0.029991 0.095397 0.000000
vn 0.034312 0.093929 0.000217
vn 0.029772 0.095397 -0.003615
vn 0.031020 0.094907 -0.005516
vn 0.029119 0.095397 -0.007177
vn 0.031973 0.094553 -0.006116
vn 0.028042 0.095397 -0.010635
vn 0.028343 0.095183 -0.011700
vn 0.026555 0.095397 -0.013937
vn 0.031726 0.093834 -0.013734
vn 0.028397 0.093874 -0.019529
vn 0.032783 0.091892 -0.021933
vn 0.029533 0.091420 -0.027754
vn 0.034132 0.089076 -0.030009
vn 0.030936 0.088100 -0.035797
vn 0.035707 0.085392 -0.037859
vn 0.032537 0.083929 -0.043558
vn 0.037434 0.080862 -0.045388
vn 0.034260 0.078936 -0.050945
vn 0.039238 0.075520 -0.052507
vn 0.036028 0.073162 -0.057873
vn 0.041038 0.069416 -0.059138
vn 0.037760 0.066661 -0.064269
vn 0.042754 0.062608 -0.065210
vn 0.039375 0.059501 -0.070066
vn 0.044305 0.055169 -0.070665
vn 0.040794 0.051756 -0.075214
vn 0.045613 0.047180 -0.075456
vn 0.041941 0.043516 -0.079670
vn 0.046602 0.038733 -0.079548
vn 0.042744 0.034875 -0.083407
vn 0.047206 0.029928 -0.082921
vn 0.043136 0.025936 -0.086409
vn 0.047359 0.020870 -0.085566
vn 0.043060 0.016807 -0.088676
vn 0.047010 0.011668 -0.087487
vn 0.042464 0.007600 -0.090217
vn 0.046112 0.002436 -0.088700
vn 0.041311 -0.001572 -0.091055
vn 0.044631 -0.006711 -0.089236
vn 0.039569 -0.010595 -0.091225
vn 0.042543 -0.015661 -0.089133
vn 0.037222 -0.019356 -0.090774
vn 0.039838 -0.024303 -0.088444
vn 0.034263 -0.027746 -0.089756
vn 0.036516 -0.032529 -0.087226
vn 0.032370 -0.028868 -0.090105
vn 0.030701 -0.035663 -0.088236
vn 0.028535 -0.031066 -0.090668
vn 0.024748 -0.038638 -0.088852
vn 0.022680 -0.034247 -0.091174
vn 0.018685 -0.041440 -0.089071
vn 0.016723 -0.037275 -0.091274
vn 0.012538 -0.044057 -0.088892
vn 0.010692 -0.040137 -0.090965
vn 0.006336 -0.046477 -0.088316
vn 0.004612 -0.042819 -0.090251
vn 0.000105 -0.048690 -0.087346
vn -0.001487 -0.045310 -0.089133
vn -0.006127 -0.050686 -0.085985
vn -0.007581 -0.047599 -0.087618
vn -0.012331 -0.052455 -0.084241
vn -0.013640 -0.049675 -0.085711
vn -0.018480 -0.053989 -0.082120
vn -0.019638 -0.051530 -0.083421
vn -0.024546 -0.055283 -0.079632
vn -0.025549 -0.053154 -0.080758
vn -0.030503 -0.056329 -0.076789
vn -0.031346 -0.054540 -0.077735
vn -0.036324 -0.057124 -0.073603
vn -0.037002 -0.055684 -0.074365
vn -0.041982 -0.057664 -0.070088
vn -0.042494 -0.056578 -0.070663
vn -0.047453 -0.057947 -0.066260
vn -0.047795 -0.057220 -0.066645
vn -0.052712 -0.057970 -0.062136
vn -0.052883 -0.057606 -0.062329
vn -0.057735 -0.057735 -0.057735
vn 0.034129 0.093641 0.008162
vn 0.029119 0.095397 0.007177
vn 0.030858 0.094534 0.010539
vn 0.028042 0.095397 0.010635
vn 0.027651 0.095208 0.013073
vn 0.026555 0.095397 0.013937
vn 0.031473 0.093165 0.018160
vn 0.028616 0.093576 0.020605
vn 0.032582 0.091076 0.025368
vn 0.030086 0.091262 0.027678
vn 0.034193 0.088334 0.032062
vn 0.032062 0.088334 0.034193
vn 0.036303 0.085011 0.038147
vn 0.034533 0.084869 0.040059
vn 0.038894 0.081189 0.043538
vn 0.037477 0.080951 0.045193
vn 0.041941 0.076955 0.048155
vn 0.040861 0.076667 0.049522
vn 0.045403 0.072399 0.051933
vn 0.044639 0.072111 0.052984
vn 0.049230 0.067614 0.054815
vn 0.048755 0.067376 0.055529
vn 0.053364 0.062695 0.056759
vn 0.053145 0.062553 0.057121
vn 0.057735 0.057735 0.057735
vn 0.024682 0.095397 0.017037
vn 0.025845 0.093783 0.023170
vn 0.027678 0.091262 0.030086
vn 0.030017 0.088169 0.036402
vn 0.032847 0.084585 0.042030
vn 0.036137 0.080594 0.046891
vn 0.039847 0.076287 0.050917
vn 0.043928 0.071755 0.054052
vn 0.048317 0.067092 0.056251
vn 0.052945 0.062389 0.057485
vn 0.022448 0.095397 0.019888
vn 0.019888 0.095397 0.022448
vn 0.023170 0.093783 0.025845
vn 0.017037 0.095397 0.024682
vn 0.020605 0.093576 0.028616
vn 0.013937 0.095397 0.026555
vn 0.018160 0.093165 0.031473
vn 0.013073 0.095208 0.027651
vn 0.015847 0.092550 0.034401
vn 0.010539 0.094534 0.030858
vn 0.013675 0.091734 0.037388
vn 0.008162 0.093641 0.034129
vn 0.011655 0.090721 0.040421
vn 0.005950 0.092532 0.037450
vn 0.009796 0.089515 0.043486
vn 0.003913 0.091211 0.040807
vn 0.008105 0.088122 0.046570
vn 0.002062 0.089686 0.044183
vn 0.006591 0.086549 0.049658
vn 0.000404 0.087963 0.047565
vn 0.005260 0.084801 0.052736
vn -0.001054 0.086049 0.050936
vn 0.004118 0.082887 0.055792
vn -0.002304 0.083953 0.054282
vn 0.003170 0.080816 0.058812
vn -0.003342 0.081685 0.057589
vn 0.002421 0.078596 0.061781
vn -0.004163 0.079254 0.060840
vn 0.001874 0.076237 0.064687
vn -0.004762 0.076671 0.064022
vn 0.001530 0.073751 0.067516
vn -0.005138 0.073949 0.067121
vn 0.001393 0.071148 0.070257
vn -0.005289 0.071098 0.070122
vn 0.001461 0.068440 0.072896
vn -0.005213 0.068133 0.073012
vn 0.001736 0.065639 0.075422
vn -0.004912 0.065065 0.075779
vn 0.002216 0.062757 0.077824
vn -0.004387 0.061909 0.078409
vn 0.002898 0.059807 0.080092
vn -0.003640 0.058679 0.080892
vn 0.003780 0.056803 0.082214
vn -0.002674 0.055390 0.083216
vn 0.004858 0.053758 0.084181
vn -0.001494 0.052055 0.085370
vn 0.006127 0.050686 0.085985
vn -0.000105 0.048690 0.087346
vn 0.007581 0.047599 0.087618
vn 0.001487 0.045310 0.089133
vn 0.009213 0.044513 0.089072
vn 0.003275 0.041931 0.090725
vn 0.011017 0.041440 0.090340
vn 0.005251 0.038566 0.092115
vn 0.012985 0.038395 0.091418
vn 0.007405 0.035231 0.093295
vn 0.015107 0.035391 0.092300
vn 0.009729 0.031942 0.094261
vn 0.017374 0.032441 0.092982
vn 0.012212 0.028712 0.095008
vn 0.019776 0.029560 0.093462
vn 0.014842 0.025556 0.095533
vn 0.022302 0.026758 0.093737
vn 0.017609 0.022488 0.095834
vn 0.024942 0.024050 0.093806
vn 0.020499 0.019523 0.095910
vn 0.027682 0.021447 0.093668
vn 0.023500 0.016672 0.095759
vn 0.030512 0.018961 0.093325
vn 0.026599 0.013950 0.095383
vn 0.033418 0.016603 0.092777
vn 0.029781 0.011367 0.094783
vn 0.036387 0.014383 0.092028
vn 0.033032 0.008936 0.093963
vn 0.039406 0.012311 0.091080
vn 0.036338 0.006668 0.092925
vn 0.042462 0.010397 0.089938
vn 0.039685 0.004572 0.091675
vn 0.045541 0.008650 0.088607
vn 0.043056 0.002658 0.090217
vn 0.048629 0.007076 0.087093
vn 0.046438 0.000935 0.088559
vn 0.051712 0.005683 0.085402
vn 0.049814 -0.000591 0.086707
vn 0.054777 0.004477 0.083543
vn 0.053171 -0.001911 0.084671
vn 0.057810 0.003464 0.081523
vn 0.056492 -0.003020 0.082459
vn 0.060797 0.002649 0.079352
vn 0.059763 -0.003913 0.080081
vn 0.063726 0.002033 0.077038
vn 0.062970 -0.004587 0.077548
vn 0.066582 0.001622 0.074593
vn 0.066098 -0.005038 0.074871
vn 0.069354 0.001416 0.072028
vn 0.069133 -0.005264 0.072062
vn 0.072028 0.001416 0.069354
vn 0.072062 -0.005264 0.069133
vn 0.074593 0.001622 0.066582
vn 0.074871 -0.005038 0.066098
vn 0.077038 0.002033 0.063726
vn 0.077548 -0.004587 0.062970
vn 0.079352 0.002649 0.060797
vn 0.080081 -0.003913 0.059763
vn 0.081523 0.003464 0.057810
vn 0.082459 -0.003020 0.056492
vn 0.083543 0.004477 0.054777
vn 0.084671 -0.001911 0.053171
vn 0.085402 0.005683 0.051712
vn 0.086707 -0.000591 0.049814
vn 0.087093 0.007076 0.048629
vn 0.088559 0.000935 0.046438
vn 0.088607 0.008650 0.045541
vn 0.090217 0.002658 0.043056
vn 0.089938 0.010397 0.042462
vn 0.091675 0.004572 0.039685
vn 0.091080 0.012311 0.039406
vn 0.092925 0.006668 0.036338
vn 0.092028 0.014383 0.036387
vn 0.093963 0.008936 0.033032
vn 0.092777 0.016603 0.033418
vn 0.094783 0.011367 0.029781
vn 0.093325 0.018961 0.030512
vn 0.095383 0.013950 0.026599
vn 0.093668 0.021447 0.027682
vn 0.095759 0.016672 0.023500
vn 0.093806 0.024050 0.024942
vn 0.095910 0.019523 0.020499
vn 0.093737 0.026758 0.022302
vn 0.095834 0.022488 0.017609
vn 0.093462 0.029560 0.019776
vn 0.095533 0.025556 0.014842
vn 0.092982 0.032441 0.017374
vn 0.095008 0.028712 0.012212
vn 0.092300 0.035391 0.015107
vn 0.094261 0.031942 0.009729
vn 0.091418 0.038395 0.012985
vn 0.093295 0.035231 0.007405
vn 0.090340 0.041440 0.011017
vn 0.092115 0.038566 0.005251
vn 0.089072 0.044513 0.009213
vn 0.090725 0.041931 0.003275
vn 0.087618 0.047599 0.007581
vn 0.089133 0.045310 0.001487
vn 0.085985 0.050686 0.006127
vn 0.087346 0.048690 -0.000105
vn 0.084181 0.053758 0.004858
vn 0.085370 0.052055 -0.001494
vn 0.082214 0.056803 0.003780
vn 0.083216 0.055390 -0.002674
vn 0.080092 0.059807 0.002898
vn 0.080892 0.058679 -0.003640
vn 0.077824 0.062757 0.002216
vn 0.078409 0.061909 -0.004387
vn 0.075422 0.065639 0.001736
vn 0.075779 0.065065 -0.004912
vn 0.072896 0.068440 0.001461
vn 0.073012 0.068133 -0.005213
vn 0.070257 0.071148 0.001393
vn 0.070122 0.071098 -0.005289
vn 0.067516 0.073751 0.001530
vn 0.067121 0.073949 -0.005138
vn 0.064687 0.076237 0.001874
vn 0.064022 0.076671 -0.004762
vn 0.061781 0.078596 0.002421
vn 0.060840 0.079254 -0.004163
vn 0.058812 0.080816 0.003170
vn 0.057589 0.081685 -0.003342
vn 0.055792 0.082887 0.004118
vn 0.054282 0.083953 -0.002304
vn 0.052736 0.084801 0.005260
vn 0.050936 0.086049 -0.001054
vn 0.049658 0.086549 0.006591
vn 0.047565 0.087963 0.000404
vn 0.046570 0.088122 0.008105
vn 0.044183 0.089686 0.002062
vn 0.043486 0.089515 0.009796
vn 0.040807 0.091211 0.003913
vn 0.041749 0.090221 0.010828
vn 0.038693 0.092066 0.005172
vn 0.040421 0.090721 0.011655
vn 0.037450 0.092532 0.005950
vn 0.037388 0.091734 0.013675
vn 0.034401 0.092550 0.015847
vn 0.010635 0.095397 0.028042
vn 0.007177 0.095397 0.029119
vn 0.003615 0.095397 0.029772
vn 0.002611 0.095130 0.030717
vn 0.000217 0.093929 0.034312
vn -0.001987 0.092500 0.037945
vn -0.003990 0.090849 0.041599
vn -0.005785 0.088984 0.045259
vn -0.007363 0.086912 0.048908
vn -0.008716 0.084644 0.052530
vn -0.009840 0.082189 0.056109
vn -0.010728 0.079558 0.059628
vn -0.011377 0.076763 0.063072
vn -0.011784 0.073816 0.066426
vn -0.011947 0.070731 0.069674
vn -0.011865 0.067521 0.072802
vn -0.011539 0.064201 0.075797
vn -0.010971 0.060785 0.078644
vn -0.010162 0.057289 0.081331
vn -0.009117 0.053729 0.083846
vn -0.007839 0.050119 0.086178
vn -0.006336 0.046477 0.088316
vn -0.004612 0.042819 0.090251
vn -0.002677 0.039161 0.091974
vn -0.000539 0.035519 0.093478
vn 0.001793 0.031910 0.094755
vn 0.004308 0.028349 0.095801
vn 0.006995 0.024854 0.096609
vn 0.009842 0.021438 0.097178
vn 0.012836 0.018118 0.097504
vn 0.015965 0.014908 0.097585
vn 0.019213 0.011823 0.097422
vn 0.022567 0.008876 0.097015
vn 0.026011 0.006081 0.096366
vn 0.029530 0.003450 0.095478
vn 0.033108 0.000995 0.094355
vn 0.036730 -0.001274 0.093001
vn 0.040380 -0.003345 0.091424
vn 0.044040 -0.005211 0.089629
vn 0.047694 -0.006861 0.087625
vn 0.051327 -0.008290 0.085421
vn 0.054922 -0.009491 0.083027
vn 0.058462 -0.010458 0.080454
vn 0.061933 -0.011187 0.077712
vn 0.065319 -0.011675 0.074814
vn 0.068604 -0.011919 0.071774
vn 0.071774 -0.011919 0.068604
vn 0.074814 -0.011675 0.065319
vn 0.077712 -0.011187 0.061933
vn 0.080454 -0.010458 0.058462
vn 0.083027 -0.009491 0.054922
vn 0.085421 -0.008290 0.051327
vn 0.087625 -0.006861 0.047694
vn 0.089629 -0.005211 0.044040
vn 0.091424 -0.003345 0.040380
vn 0.093001 -0.001274 0.036730
vn 0.094355 0.000995 0.033108
vn 0.095478 0.003450 0.029530
vn 0.096366 0.006081 0.026011
vn 0.097015 0.008876 0.022567
vn 0.097422 0.011823 0.019213
vn 0.097585 0.014908 0.015965
vn 0.097504 0.018118 0.012836
vn 0.097178 0.021438 0.009842
vn 0.096609 0.024854 0.006995
vn 0.095801 0.028349 0.004308
vn 0.094755 0.031910 0.001793
vn 0.093478 0.035519 -0.000539
vn 0.091974 0.039161 -0.002677
vn 0.090251 0.042819 -0.004612
vn 0.088316 0.046477 -0.006336
vn 0.086178 0.050119 -0.007839
vn 0.083846 0.053729 -0.009117
vn 0.081331 0.057289 -0.010162
vn 0.078644 0.060785 -0.010971
vn 0.075797 0.064201 -0.011539
vn 0.072802 0.067521 -0.011865
vn 0.069674 0.070731 -0.011947
vn 0.066426 0.073816 -0.011784
vn 0.063072 0.076763 -0.011377
vn 0.059628 0.079558 -0.010728
vn 0.056109 0.082189 -0.009840
vn 0.052530 0.084644 -0.008716
vn 0.048908 0.086912 -0.007363
vn 0.045259 0.088984 -0.005785
vn 0.041599 0.090849 -0.003990
vn 0.037945 0.092500 -0.001987
vn 0.035429 0.093512 -0.000484
vn 0.000000 0.095397 0.029991
vn -0.003615 0.095397 0.029772
vn -0.005516 0.094907 0.031020
vn -0.007878 0.093376 0.034913
vn -0.010025 0.091607 0.038829
vn -0.011948 0.089608 0.042751
vn -0.013639 0.087388 0.046662
vn -0.015089 0.084957 0.050543
vn -0.016293 0.082326 0.054378
vn -0.017245 0.079506 0.058149
vn -0.017940 0.076511 0.061840
vn -0.018376 0.073353 0.065434
vn -0.018551 0.070047 0.068915
vn -0.018464 0.066608 0.072267
vn -0.018115 0.063050 0.075476
vn -0.017505 0.059389 0.078527
vn -0.016639 0.055643 0.081406
vn -0.015518 0.051828 0.084102
vn -0.014149 0.047960 0.086601
vn -0.012538 0.044057 0.088892
vn -0.010692 0.040137 0.090965
vn -0.008618 0.036217 0.092812
vn -0.006327 0.032314 0.094423
vn -0.003828 0.028446 0.095792
vn -0.001133 0.024631 0.096913
vn 0.001747 0.020885 0.097779
vn 0.004798 0.017224 0.098389
vn 0.008007 0.013666 0.098738
vn 0.011359 0.010227 0.098825
vn 0.014840 0.006921 0.098650
vn 0.018434 0.003763 0.098214
vn 0.022125 0.000767 0.097519
vn 0.025896 -0.002052 0.096567
vn 0.029731 -0.004683 0.095363
vn 0.033612 -0.007114 0.093913
vn 0.037522 -0.009334 0.092222
vn 0.041445 -0.011333 0.090299
vn 0.045361 -0.013102 0.088152
vn 0.049254 -0.014633 0.085790
vn 0.053106 -0.015920 0.083224
vn 0.056900 -0.016956 0.080466
vn 0.060620 -0.017737 0.077528
vn 0.064248 -0.018260 0.074423
vn 0.067768 -0.018522 0.071165
vn 0.071165 -0.018522 0.067768
vn 0.074423 -0.018260 0.064248
vn 0.077528 -0.017737 0.060620
vn 0.080466 -0.016956 0.056900
vn 0.083224 -0.015920 0.053106
vn 0.085790 -0.014633 0.049254
vn 0.088152 -0.013102 0.045361
vn 0.090299 -0.011333 0.041445
vn 0.092222 -0.009334 0.037522
vn 0.093913 -0.007114 0.033612
vn 0.095363 -0.004683 0.029731
vn 0.096567 -0.002052 0.025896
vn 0.097519 0.000767 0.022125
vn 0.098214 0.003763 0.018434
vn 0.098650 0.006921 0.014840
vn 0.098825 0.010227 0.011359
vn 0.098738 0.013666 0.008007
vn 0.098389 0.017224 0.004798
vn 0.097779 0.020885 0.001747
vn 0.096913 0.024631 -0.001133
vn 0.095792 0.028446 -0.003828
vn 0.094423 0.032314 -0.006327
vn 0.092812 0.036217 -0.008618
vn 0.090965 0.040137 -0.010692
vn 0.088892 0.044057 -0.012538
vn 0.086601 0.047960 -0.014149
vn 0.084102 0.051828 -0.015518
vn 0.081406 0.055643 -0.016639
vn 0.078527 0.059389 -0.017505
vn 0.075476 0.063050 -0.018115
vn 0.072267 0.066608 -0.018464
vn 0.068915 0.070047 -0.018551
vn 0.065434 0.073353 -0.018376
vn 0.061840 0.076511 -0.017940
vn 0.058149 0.079506 -0.017245
vn 0.054378 0.082326 -0.016293
vn 0.050543 0.084957 -0.015089
vn 0.046662 0.087388 -0.013639
vn 0.042751 0.089608 -0.011948
vn 0.038829 0.091607 -0.010025
vn 0.034913 0.093376 -0.007878
vn -0.007177 0.095397 0.029119
vn -0.010635 0.095397 0.028042
vn -0.013734 0.093834 0.031726
vn -0.016015 0.091955 0.035886
vn -0.018058 0.089831 0.040053
vn -0.019854 0.087473 0.044207
vn -0.021395 0.084891 0.048331
vn -0.022674 0.082095 0.052405
vn -0.023685 0.079100 0.056411
vn -0.024424 0.075918 0.060332
vn -0.024887 0.072563 0.064150
vn -0.025073 0.069051 0.067848
vn -0.024980 0.065397 0.071409
vn -0.024609 0.061617 0.074818
vn -0.023962 0.057728 0.078059
vn -0.023041 0.053748 0.081119
vn -0.021851 0.049695 0.083982
vn -0.020397 0.045586 0.086637
vn -0.018685 0.041440 0.089071
vn -0.016723 0.037275 0.091274
vn -0.014520 0.033111 0.093235
vn -0.012086 0.028965 0.094947
vn -0.009431 0.024856 0.096401
vn -0.006568 0.020802 0.097592
vn -0.003509 0.016822 0.098512
vn -0.000267 0.012934 0.099160
vn 0.003141 0.009154 0.099531
vn 0.006703 0.005500 0.099623
vn 0.010401 0.001987 0.099438
vn 0.014219 -0.001367 0.098975
vn 0.018140 -0.004549 0.098236
vn 0.022146 -0.007545 0.097225
vn 0.026220 -0.010340 0.095946
vn 0.030343 -0.012922 0.094405
vn 0.034498 -0.015281 0.092609
vn 0.038664 -0.017404 0.090566
vn 0.042825 -0.019284 0.088285
vn 0.046961 -0.020910 0.085776
vn 0.051053 -0.022277 0.083050
vn 0.055084 -0.023378 0.080120
vn 0.059036 -0.024208 0.076999
vn 0.062890 -0.024763 0.073700
vn 0.066630 -0.025042 0.070238
vn 0.070238 -0.025042 0.066630
vn 0.073700 -0.024763 0.062890
vn 0.076999 -0.024208 0.059036
vn 0.080120 -0.023378 0.055084
vn 0.083050 -0.022277 0.051053
vn 0.085776 -0.020910 0.046961
vn 0.088285 -0.019284 0.042825
vn 0.090566 -0.017404 0.038664
vn 0.092609 -0.015281 0.034498
vn 0.094405 -0.012922 0.030343
vn 0.095946 -0.010340 0.026220
vn 0.097225 -0.007545 0.022146
vn 0.098236 -0.004549 0.018140
vn 0.098975 -0.001367 0.014219
vn 0.099438 0.001987 0.010401
vn 0.099623 0.005500 0.006703
vn 0.099531 0.009154 0.003141
vn 0.099160 0.012934 -0.000267
vn 0.098512 0.016822 -0.003509
vn 0.097592 0.020802 -0.006568
vn 0.096401 0.024856 -0.009431
vn 0.094947 0.028965 -0.012086
vn 0.093235 0.033111 -0.014520
vn 0.091274 0.037275 -0.016723
vn 0.089071 0.041440 -0.018685
vn 0.086637 0.045586 -0.020397
vn 0.083982 0.049695 -0.021851
vn 0.081119 0.053748 -0.023041
vn 0.078059 0.057728 -0.023962
vn 0.074818 0.061617 -0.024609
vn 0.071409 0.065397 -0.024980
vn 0.067848 0.069051 -0.025073
vn 0.064150 0.072563 -0.024887
vn 0.060332 0.075918 -0.024424
vn 0.056411 0.079100 -0.023685
vn 0.052405 0.082095 -0.022674
vn 0.048331 0.084891 -0.021395
vn 0.044207 0.087473 -0.019854
vn 0.040053 0.089831 -0.018058
vn 0.035886 0.091955 -0.016015
vn -0.013937 0.095397 0.026555
vn -0.019529 0.093874 0.028397
vn -0.021933 0.091892 0.032783
vn -0.024087 0.089654 0.037175
vn -0.025981 0.087167 0.041555
vn -0.027605 0.084445 0.045902
vn -0.028953 0.081498 0.050197
vn -0.030019 0.078340 0.054421
vn -0.030798 0.074986 0.058554
vn -0.031287 0.071449 0.062579
vn -0.031482 0.067746 0.066478
vn -0.031384 0.063894 0.070232
vn -0.030993 0.059909 0.073826
vn -0.030311 0.055810 0.077243
vn -0.029340 0.051614 0.080468
vn -0.028086 0.047340 0.083487
vn -0.026553 0.043009 0.086286
vn -0.024748 0.038638 0.088852
vn -0.022680 0.034247 0.091174
vn -0.020357 0.029857 0.093242
vn -0.017791 0.025486 0.095047
vn -0.014992 0.021154 0.096580
vn -0.011974 0.016881 0.097835
vn -0.008749 0.012685 0.098806
vn -0.005332 0.008586 0.099488
vn -0.001738 0.004601 0.099879
vn 0.002017 0.000748 0.099977
vn 0.005915 -0.002955 0.099781
vn 0.009940 -0.006491 0.099293
vn 0.014074 -0.009846 0.098514
vn 0.018297 -0.013004 0.097448
vn 0.022592 -0.015950 0.096100
vn 0.026939 -0.018673 0.094475
vn 0.031319 -0.021159 0.092582
vn 0.035712 -0.023398 0.090428
vn 0.040098 -0.025379 0.088023
vn 0.044458 -0.027094 0.085378
vn 0.048772 -0.028535 0.082505
vn 0.053022 -0.029696 0.079416
vn 0.057188 -0.030571 0.076125
vn 0.061251 -0.031156 0.072647
vn 0.065194 -0.031450 0.068998
vn 0.068998 -0.031450 0.065194
vn 0.072647 -0.031156 0.061251
vn 0.076125 -0.030571 0.057188
vn 0.079416 -0.029696 0.053022
vn 0.082505 -0.028535 0.048772
vn 0.085378 -0.027094 0.044458
vn 0.088023 -0.025379 0.040098
vn 0.090428 -0.023398 0.035712
vn 0.092582 -0.021159 0.031319
vn 0.094475 -0.018673 0.026939
vn 0.096100 -0.015950 0.022592
vn 0.097448 -0.013004 0.018297
vn 0.098514 -0.009846 0.014074
vn 0.099293 -0.006491 0.009940
vn 0.099781 -0.002955 0.005915
vn 0.099977 0.000748 0.002017
vn 0.099879 0.004601 -0.001738
vn 0.099488 0.008586 -0.005332
vn 0.098806 0.012685 -0.008749
vn 0.097835 0.016881 -0.011974
vn 0.096580 0.021154 -0.014992
vn 0.095047 0.025486 -0.017791
vn 0.093242 0.029857 -0.020357
vn 0.091174 0.034247 -0.022680
vn 0.088852 0.038638 -0.024748
vn 0.086286 0.043009 -0.026553
vn 0.083487 0.047340 -0.028086
vn 0.080468 0.051614 -0.029340
vn 0.077243 0.055810 -0.030311
vn 0.073826 0.059909 -0.030993
vn 0.070232 0.063894 -0.031384
vn 0.066478 0.067746 -0.031482
vn 0.062579 0.071449 -0.031287
vn 0.058554 0.074986 -0.030798
vn 0.054421 0.078340 -0.030019
vn 0.050197 0.081498 -0.028953
vn 0.045902 0.084445 -0.027605
vn 0.041555 0.087167 -0.025981
vn 0.037175 0.089654 -0.024087
vn -0.017037 0.095397 0.024682
vn -0.019888 0.095397 0.022448
vn -0.025236 0.093494 0.024941
vn -0.022467 0.095289 0.020376
vn -0.027949 0.094565 0.016624
vn -0.024682 0.095397 0.017037
vn -0.026555 0.095397 0.013937
vn -0.022448 0.095397 0.019888
vn -0.033307 0.093417 0.012798
vn -0.028042 0.095397 0.010635
vn -0.030070 0.095041 0.007937
vn -0.029119 0.095397 0.007177
vn -0.029772 0.095397 0.003615
vn -0.029991 0.095397 -0.000000
vn -0.031606 0.094869 -0.001012
vn -0.035186 0.093523 0.003914
vn -0.029772 0.095397 -0.003615
vn -0.036480 0.092965 -0.005168
vn -0.040145 0.091588 -0.000127
vn -0.038517 0.091853 0.008915
vn -0.043554 0.089878 0.004992
vn -0.041583 0.089865 0.013969
vn -0.046692 0.087844 0.010165
vn -0.044370 0.087569 0.019053
vn -0.049545 0.085493 0.015368
vn -0.046867 0.084974 0.024145
vn -0.052100 0.082837 0.020579
vn -0.049062 0.082092 0.029221
vn -0.054347 0.079888 0.025775
vn -0.050945 0.078936 0.034260
vn -0.056274 0.076658 0.030932
vn -0.052507 0.075520 0.039238
vn -0.057873 0.073162 0.036028
vn -0.053743 0.071860 0.044134
vn -0.059138 0.069416 0.041038
vn -0.054646 0.067972 0.048925
vn -0.060062 0.065436 0.045942
vn -0.055212 0.063872 0.053591
vn -0.060641 0.061240 0.050718
vn -0.055439 0.059580 0.058110
vn -0.060873 0.056847 0.055343
vn -0.055325 0.055115 0.062462
vn -0.060757 0.052277 0.059797
vn -0.054872 0.050496 0.066628
vn -0.060293 0.047550 0.064060
vn -0.054081 0.045744 0.070588
vn -0.059484 0.042686 0.068114
vn -0.052956 0.040880 0.074327
vn -0.058332 0.037708 0.071940
vn -0.051502 0.035927 0.077826
vn -0.056844 0.032639 0.075521
vn -0.049724 0.030906 0.081070
vn -0.055025 0.027500 0.078842
vn -0.047633 0.025840 0.084044
vn -0.052884 0.022314 0.081886
vn -0.045235 0.020750 0.086736
vn -0.050430 0.017105 0.084641
vn -0.042543 0.015661 0.089133
vn -0.047675 0.011897 0.087095
vn -0.039569 0.010595 0.091225
vn -0.044631 0.006711 0.089236
vn -0.036325 0.005574 0.093002
vn -0.041311 0.001572 0.091055
vn -0.032826 0.000620 0.094457
vn -0.037729 -0.003497 0.092543
vn -0.029088 -0.004243 0.095582
vn -0.033903 -0.008475 0.093695
vn -0.025127 -0.008995 0.096373
vn -0.029849 -0.013339 0.094504
vn -0.020961 -0.013614 0.096826
vn -0.025586 -0.018066 0.094968
vn -0.016609 -0.018079 0.096940
vn -0.021132 -0.022636 0.095084
vn -0.012090 -0.022371 0.096713
vn -0.016507 -0.027029 0.094852
vn -0.007425 -0.026471 0.096147
vn -0.011731 -0.031225 0.094273
vn -0.002633 -0.030359 0.095244
vn -0.006828 -0.035205 0.093349
vn 0.002263 -0.034020 0.094008
vn -0.001817 -0.038951 0.092084
vn 0.007241 -0.037435 0.092446
vn 0.003279 -0.042447 0.090485
vn 0.012280 -0.040591 0.090563
vn 0.008436 -0.045677 0.088558
vn 0.017356 -0.043473 0.088368
vn 0.013632 -0.048626 0.086311
vn 0.022448 -0.046068 0.085871
vn 0.018843 -0.051282 0.083756
vn 0.027532 -0.048364 0.083084
vn 0.024046 -0.053633 0.080903
vn 0.032586 -0.050352 0.080018
vn 0.029219 -0.055667 0.077765
vn 0.037587 -0.052023 0.076687
vn 0.034337 -0.057377 0.074356
vn 0.042513 -0.053368 0.073106
vn 0.039379 -0.058754 0.070691
vn 0.047341 -0.054382 0.069292
vn 0.044321 -0.059792 0.066787
vn 0.052051 -0.055061 0.065261
vn 0.049141 -0.060487 0.062662
vn 0.056621 -0.055401 0.061031
vn 0.053819 -0.060835 0.058332
vn 0.061031 -0.055401 0.056621
vn 0.058332 -0.060835 0.053819
vn 0.065261 -0.055061 0.052051
vn 0.062662 -0.060487 0.049141
vn 0.069292 -0.054382 0.047341
vn 0.066787 -0.059792 0.044321
vn 0.073106 -0.053368 0.042513
vn 0.070691 -0.058754 0.039379
vn 0.076687 -0.052023 0.037587
vn 0.074356 -0.057377 0.034337
vn 0.080018 -0.050352 0.032586
vn 0.077765 -0.055667 0.029219
vn 0.083084 -0.048364 0.027532
vn 0.080903 -0.053633 0.024046
vn 0.085871 -0.046068 0.022448
vn 0.083756 -0.051282 0.018843
vn 0.088368 -0.043473 0.017356
vn 0.086311 -0.048626 0.013632
vn 0.090563 -0.040591 0.012280
vn 0.088558 -0.045677 0.008436
vn 0.092446 -0.037435 0.007241
vn 0.090485 -0.042447 0.003279
vn 0.094008 -0.034020 0.002263
vn 0.092084 -0.038951 -0.001817
vn 0.095244 -0.030359 -0.002633
vn 0.093349 -0.035205 -0.006828
vn 0.096147 -0.026471 -0.007425
vn 0.094273 -0.031225 -0.011731
vn 0.096713 -0.022371 -0.012090
vn 0.094852 -0.027029 -0.016507
vn 0.096940 -0.018079 -0.016609
vn 0.095084 -0.022636 -0.021132
vn 0.096826 -0.013614 -0.020961
vn 0.094968 -0.018066 -0.025586
vn 0.096373 -0.008995 -0.025127
vn 0.094504 -0.013339 -0.029849
vn 0.095582 -0.004243 -0.029088
vn 0.093695 -0.008475 -0.033903
vn 0.094457 0.000620 -0.032826
vn 0.092543 -0.003497 -0.037729
vn 0.093002 0.005574 -0.036325
vn 0.091055 0.001572 -0.041311
vn 0.091225 0.010595 -0.039569
vn 0.089236 0.006711 -0.044631
vn 0.089133 0.015661 -0.042543
vn 0.087095 0.011897 -0.047675
vn 0.086736 0.020750 -0.045235
vn 0.084641 0.017105 -0.050430
vn 0.084044 0.025840 -0.047633
vn 0.081886 0.022314 -0.052884
vn 0.081070 0.030906 -0.049724
vn 0.078842 0.027500 -0.055025
vn 0.077826 0.035927 -0.051502
vn 0.075521 0.032639 -0.056844
vn 0.074327 0.040880 -0.052956
vn 0.071940 0.037708 -0.058332
vn 0.070588 0.045744 -0.054081
vn 0.068114 0.042686 -0.059484
vn 0.066628 0.050496 -0.054872
vn 0.064060 0.047550 -0.060293
vn 0.062462 0.055115 -0.055325
vn 0.059797 0.052277 -0.060757
vn 0.058110 0.059580 -0.055439
vn 0.055343 0.056847 -0.060873
vn 0.053591 0.063872 -0.055212
vn 0.050718 0.061240 -0.060641
vn 0.048925 0.067972 -0.054646
vn 0.045942 0.065436 -0.060062
vn 0.044134 0.071860 -0.053743
vn -0.032576 0.094003 -0.010110
vn -0.029119 0.095397 -0.007177
vn -0.028042 0.095397 -0.010635
vn -0.028451 0.094698 -0.014931
vn -0.026555 0.095397 -0.013937
vn -0.024682 0.095397 -0.017037
vn -0.024121 0.095046 -0.019608
vn -0.022448 0.095397 -0.019888
vn -0.019608 0.095046 -0.024121
vn -0.019888 0.095397 -0.022448
vn -0.017037 0.095397 -0.024682
vn -0.014931 0.094698 -0.028451
vn -0.013937 0.095397 -0.026555
vn -0.010635 0.095397 -0.028042
vn -0.010110 0.094003 -0.032576
vn -0.007177 0.095397 -0.029119
vn -0.003615 0.095397 -0.029772
vn 0.000000 0.095397 -0.029991
vn -0.001012 0.094869 -0.031606
vn -0.005168 0.092965 -0.036480
vn -0.009301 0.090646 -0.041192
vn -0.014335 0.091703 -0.037216
vn -0.013393 0.087922 -0.045720
vn -0.018495 0.088994 -0.041690
vn -0.017424 0.084806 -0.050044
vn -0.022573 0.085887 -0.045977
vn -0.021378 0.081310 -0.054144
vn -0.026550 0.082397 -0.050059
vn -0.025237 0.077452 -0.058003
vn -0.030408 0.078538 -0.053918
vn -0.028982 0.073247 -0.061602
vn -0.034131 0.074329 -0.057535
vn -0.032599 0.068716 -0.064926
vn -0.037701 0.069788 -0.060896
vn -0.036069 0.063878 -0.067961
vn -0.041103 0.064935 -0.063985
vn -0.039379 0.058754 -0.070691
vn -0.044321 0.059792 -0.066787
vn -0.042513 0.053368 -0.073106
vn -0.047341 0.054382 -0.069292
vn -0.045457 0.047743 -0.075195
vn -0.050150 0.048729 -0.071487
vn -0.048197 0.041906 -0.076948
vn -0.052735 0.042859 -0.073363
vn -0.050723 0.035881 -0.078357
vn -0.055084 0.036797 -0.074911
vn -0.053022 0.029696 -0.079416
vn -0.057188 0.030571 -0.076125
vn -0.055084 0.023378 -0.080120
vn -0.059036 0.024208 -0.076999
vn -0.056900 0.016956 -0.080466
vn -0.060620 0.017737 -0.077528
vn -0.058462 0.010458 -0.080454
vn -0.061933 0.011187 -0.077712
vn -0.059763 0.003913 -0.080081
vn -0.062970 0.004587 -0.077548
vn -0.060797 -0.002649 -0.079352
vn -0.063726 -0.002033 -0.077038
vn -0.061560 -0.009199 -0.078267
vn -0.064197 -0.008645 -0.076184
vn -0.062047 -0.015708 -0.076833
vn -0.064381 -0.015218 -0.074990
vn -0.062258 -0.022147 -0.075056
vn -0.064278 -0.021723 -0.073461
vn -0.062190 -0.028487 -0.072944
vn -0.063888 -0.028130 -0.071603
vn -0.061845 -0.034700 -0.070506
vn -0.063212 -0.034413 -0.069426
vn -0.061223 -0.040758 -0.067753
vn -0.062254 -0.040541 -0.066939
vn -0.060328 -0.046634 -0.064698
vn -0.061018 -0.046489 -0.064153
vn -0.059164 -0.052301 -0.061353
vn -0.059509 -0.052228 -0.061080
vn 0.003615 0.095397 -0.029772
vn 0.003914 0.093523 -0.035186
vn -0.000127 0.091588 -0.040145
vn 0.004992 0.089878 -0.043554
vn 0.001047 0.087502 -0.048397
vn 0.006315 0.085430 -0.051593
vn 0.002437 0.082635 -0.056263
vn 0.007809 0.080208 -0.059208
vn 0.003969 0.077022 -0.063654
vn 0.009398 0.074255 -0.066316
vn 0.005564 0.070713 -0.070489
vn 0.011001 0.067626 -0.072840
vn 0.007143 0.063768 -0.076698
vn 0.012540 0.060388 -0.078715
vn 0.008625 0.056260 -0.082222
vn 0.013933 0.052618 -0.083888
vn 0.009933 0.048271 -0.087013
vn 0.015106 0.044403 -0.088318
vn 0.010991 0.039893 -0.091037
vn 0.015986 0.035840 -0.091978
vn 0.011731 0.031225 -0.094273
vn 0.016507 0.027029 -0.094852
vn 0.012090 0.022371 -0.096713
vn 0.016609 0.018079 -0.096940
vn 0.012012 0.013441 -0.098362
vn 0.016243 0.009101 -0.098251
vn 0.011452 0.004547 -0.099238
vn 0.015366 0.000207 -0.098812
vn 0.010372 -0.004199 -0.099372
vn 0.013950 -0.008491 -0.098658
vn 0.008749 -0.012685 -0.098806
vn 0.011974 -0.016881 -0.097835
vn 0.006568 -0.020802 -0.097592
vn 0.009431 -0.024856 -0.096401
vn 0.003828 -0.028446 -0.095792
vn 0.006327 -0.032314 -0.094423
vn 0.000539 -0.035519 -0.093478
vn 0.002677 -0.039161 -0.091974
vn -0.003275 -0.041931 -0.090725
vn 0.007937 0.095041 -0.030070
vn 0.007177 0.095397 -0.029119
vn 0.010635 0.095397 -0.028042
vn 0.012798 0.093417 -0.033307
vn 0.013937 0.095397 -0.026555
vn 0.016624 0.094565 -0.027949
vn 0.017037 0.095397 -0.024682
vn 0.020376 0.095289 -0.022467
vn 0.019888 0.095397 -0.022448
vn 0.022448 0.095397 -0.019888
vn 0.024682 0.095397 -0.017037
vn 0.024941 0.093494 -0.025236
vn 0.021373 0.092697 -0.030831
vn 0.017711 0.091485 -0.036288
vn 0.013969 0.089865 -0.041583
vn 0.008915 0.091853 -0.038517
vn 0.010165 0.087844 -0.046692
vn -0.053076 -0.057242 -0.062501
vn 0.026104 -0.026469 -0.092833
vn 0.020357 -0.029857 -0.093242
vn 0.014520 -0.033111 -0.093235
vn 0.008618 -0.036217 -0.092812
vn 0.090105 0.028868 -0.032370
vn 0.090668 0.031066 -0.028535
vn 0.092833 0.026469 -0.026104
vn 0.089756 0.027746 -0.034263
vn 0.087226 0.032529 -0.036516
vn 0.088444 0.024303 -0.039838
vn 0.085827 0.029250 -0.042169
vn 0.062501 0.057242 0.053076
vn 0.062650 0.056879 0.053289
vn 0.062778 0.056520 0.053521
vn 0.062882 0.056165 0.053771
vn 0.062962 0.055817 0.054039
vn 0.063019 0.055477 0.054322
vn 0.063051 0.055146 0.054621
vn 0.063059 0.054827 0.054932
vn 0.063043 0.054520 0.055256
vn 0.063003 0.054226 0.055589
vn 0.062938 0.053948 0.055932
vn 0.062850 0.053686 0.056283
vn 0.062738 0.053441 0.056639
vn 0.062603 0.053216 0.057000
vn 0.062446 0.053009 0.057363
vn 0.062267 0.052824 0.057728
vn 0.062068 0.052659 0.058091
vn 0.061848 0.052517 0.058453
vn 0.061610 0.052397 0.058811
vn 0.061353 0.052301 0.059164
vn 0.061080 0.052228 0.059509
vn 0.060792 0.052180 0.059846
vn 0.060489 0.052156 0.060174
vn 0.060174 0.052156 0.060489
vn 0.059846 0.052180 0.060792
vn 0.059509 0.052228 0.061080
vn 0.059164 0.052301 0.061353
vn 0.058811 0.052397 0.061610
vn 0.058453 0.052517 0.061848
vn 0.058091 0.052659 0.062068
vn 0.057728 0.052824 0.062267
vn 0.057363 0.053009 0.062446
vn 0.057000 0.053216 0.062603
vn 0.056639 0.053441 0.062738
vn 0.056283 0.053686 0.062850
vn 0.055932 0.053948 0.062938
vn 0.055589 0.054226 0.063003
vn 0.055256 0.054520 0.063043
vn 0.054932 0.054827 0.063059
vn 0.054621 0.055146 0.063051
vn 0.054322 0.055477 0.063019
vn 0.054039 0.055817 0.062962
vn 0.053771 0.056165 0.062882
vn 0.053521 0.056520 0.062778
vn 0.053289 0.056879 0.062650
vn 0.053076 0.057242 0.062501
vn 0.052883 0.057606 0.062329
vn 0.052712 0.057970 0.062136
vn 0.052562 0.058333 0.061923
vn 0.052435 0.058692 0.061691
vn 0.052331 0.059047 0.061441
vn 0.052250 0.059395 0.061173
vn 0.052193 0.059735 0.060890
vn 0.052161 0.060066 0.060592
vn 0.052153 0.060385 0.060280
vn 0.052169 0.060693 0.059957
vn 0.052210 0.060986 0.059623
vn 0.052274 0.061264 0.059280
vn 0.052363 0.061526 0.058929
vn 0.052475 0.061771 0.058573
vn 0.052609 0.061997 0.058212
vn 0.052766 0.062203 0.057849
vn 0.053602 0.062815 0.056401
vn 0.053859 0.062911 0.056048
vn 0.054132 0.062984 0.055703
vn 0.054420 0.063032 0.055366
vn 0.054723 0.063057 0.055039
vn 0.055039 0.063057 0.054723
vn 0.055366 0.063032 0.054420
vn 0.055703 0.062984 0.054132
vn 0.056048 0.062911 0.053859
vn 0.056401 0.062815 0.053602
vn 0.056759 0.062695 0.053364
vn 0.057098 0.062563 0.053158
vn 0.057485 0.062389 0.052945
vn 0.057849 0.062203 0.052766
vn 0.058212 0.061997 0.052609
vn 0.058573 0.061771 0.052475
vn 0.058929 0.061526 0.052363
vn 0.059280 0.061264 0.052274
vn 0.059623 0.060986 0.052210
vn 0.059957 0.060693 0.052169
vn 0.060280 0.060385 0.052153
vn 0.060592 0.060066 0.052161
vn 0.060890 0.059735 0.052193
vn 0.061173 0.059395 0.052250
vn 0.061441 0.059047 0.052331
vn 0.061691 0.058692 0.052435
vn 0.061923 0.058333 0.052562
vn 0.062136 0.057970 0.052712
vn 0.062329 0.057606 0.052883
vn -0.053289 -0.056879 -0.062650
vn -0.053521 -0.056520 -0.062778
vn -0.053771 -0.056165 -0.062882
vn -0.054039 -0.055817 -0.062962
vn -0.054322 -0.055477 -0.063019
vn -0.054621 -0.055146 -0.063051
vn -0.054932 -0.054827 -0.063059
vn -0.055256 -0.054520 -0.063043
vn -0.055589 -0.054226 -0.063003
vn -0.055932 -0.053948 -0.062938
vn -0.056283 -0.053686 -0.062850
vn -0.056639 -0.053441 -0.062738
vn -0.057000 -0.053216 -0.062603
vn -0.057363 -0.053009 -0.062446
vn -0.057728 -0.052824 -0.062267
vn -0.058091 -0.052659 -0.062068
vn -0.058453 -0.052517 -0.061848
vn -0.058811 -0.052397 -0.061610
vn -0.059846 -0.052180 -0.060792
vn -0.060174 -0.052156 -0.060489
vn -0.060489 -0.052156 -0.060174
vn -0.060792 -0.052180 -0.059846
vn -0.061080 -0.052228 -0.059509
vn -0.061353 -0.052301 -0.059164
vn -0.061610 -0.052397 -0.058811
vn -0.061848 -0.052517 -0.058453
vn -0.062068 -0.052659 -0.058091
vn -0.062267 -0.052824 -0.057728
vn -0.062446 -0.053009 -0.057363
vn -0.062603 -0.053216 -0.057000
vn -0.062738 -0.053441 -0.056639
vn -0.062850 -0.053686 -0.056283
vn -0.062938 -0.053948 -0.055932
vn -0.063003 -0.054226 -0.055589
vn -0.063043 -0.054520 -0.055256
vn -0.063059 -0.054827 -0.054932
vn -0.063051 -0.055146 -0.054621
vn -0.063019 -0.055477 -0.054322
vn -0.062962 -0.055817 -0.054039
vn -0.062882 -0.056165 -0.053771
vn -0.062778 -0.056520 -0.053521
vn -0.062650 -0.056879 -0.053289
vn -0.062501 -0.057242 -0.053076
vn -0.062329 -0.057606 -0.052883
vn -0.062136 -0.057970 -0.052712
vn -0.061923 -0.058333 -0.052562
vn -0.061691 -0.058692 -0.052435
vn -0.061441 -0.059047 -0.052331
vn -0.061173 -0.059395 -0.052250
vn -0.060890 -0.059735 -0.052193
vn -0.060592 -0.060066 -0.052161
vn -0.060280 -0.060385 -0.052153
vn -0.059957 -0.060693 -0.052169
vn -0.059623 -0.060986 -0.052210
vn -0.059280 -0.061264 -0.052274
vn -0.058929 -0.061526 -0.052363
vn -0.058573 -0.061771 -0.052475
vn -0.058212 -0.061997 -0.052609
vn -0.057849 -0.062203 -0.052766
vn -0.057485 -0.062389 -0.052945
vn -0.057121 -0.062553 -0.053145
vn -0.056759 -0.062695 -0.053364
vn -0.056401 -0.062815 -0.053602
vn -0.056048 -0.062911 -0.053859
vn -0.055703 -0.062984 -0.054132
vn -0.055366 -0.063032 -0.054420
vn -0.055039 -0.063057 -0.054723
vn -0.054723 -0.063057 -0.055039
vn -0.054420 -0.063032 -0.055366
vn -0.054132 -0.062984 -0.055703
vn -0.053859 -0.062911 -0.056048
vn -0.053602 -0.062815 -0.056401
vn -0.053364 -0.062695 -0.056759
vn -0.053145 -0.062553 -0.057121
vn -0.052945 -0.062389 -0.057485
vn -0.052766 -0.062203 -0.057849
vn -0.052609 -0.061997 -0.058212
vn -0.052475 -0.061771 -0.058573
vn -0.052363 -0.061526 -0.058929
vn -0.052274 -0.061264 -0.059280
vn -0.052210 -0.060986 -0.059623
vn -0.052169 -0.060693 -0.059957
vn -0.052153 -0.060385 -0.060280
vn -0.052161 -0.060066 -0.060592
vn -0.052193 -0.059735 -0.060890
vn -0.052250 -0.059395 -0.061173
vn -0.052331 -0.059047 -0.061441
vn -0.052435 -0.058692 -0.061691
vn -0.052562 -0.058333 -0.061923
vn -0.048180 -0.056493 -0.066987
vn -0.048604 -0.055769 -0.067286
vn -0.049068 -0.055052 -0.067540
vn -0.049568 -0.054345 -0.067747
vn -0.050101 -0.053650 -0.067908
vn -0.050667 -0.052971 -0.068021
vn -0.051262 -0.052312 -0.068086
vn -0.051884 -0.051674 -0.068102
vn -0.052529 -0.051061 -0.068070
vn -0.053196 -0.050475 -0.067989
vn -0.053880 -0.049920 -0.067860
vn -0.054579 -0.049397 -0.067683
vn -0.055290 -0.048909 -0.067460
vn -0.056010 -0.048458 -0.067191
vn -0.056735 -0.048047 -0.066878
vn -0.057462 -0.047676 -0.066521
vn -0.058189 -0.047348 -0.066123
vn -0.058910 -0.047064 -0.065685
vn -0.059625 -0.046826 -0.065209
vn -0.043068 -0.055492 -0.071174
vn -0.043703 -0.054410 -0.071621
vn -0.044395 -0.053339 -0.072000
vn -0.045142 -0.052281 -0.072311
vn -0.045940 -0.051243 -0.072551
vn -0.046786 -0.050229 -0.072720
vn -0.047675 -0.049243 -0.072816
vn -0.048604 -0.048290 -0.072841
vn -0.049568 -0.047374 -0.072792
vn -0.050564 -0.046499 -0.072671
vn -0.051587 -0.045669 -0.072479
vn -0.052632 -0.044888 -0.072215
vn -0.053695 -0.044158 -0.071881
vn -0.054770 -0.043485 -0.071479
vn -0.055854 -0.042870 -0.071011
vn -0.056940 -0.042316 -0.070478
vn -0.058026 -0.041826 -0.069883
vn -0.059104 -0.041401 -0.069229
vn -0.060172 -0.041045 -0.068518
vn -0.037764 -0.054243 -0.075044
vn -0.038607 -0.052808 -0.075636
vn -0.039525 -0.051387 -0.076139
vn -0.040516 -0.049985 -0.076551
vn -0.041574 -0.048608 -0.076869
vn -0.042695 -0.047262 -0.077093
vn -0.043875 -0.045955 -0.077222
vn -0.045107 -0.044690 -0.077254
vn -0.046386 -0.043475 -0.077190
vn -0.047707 -0.042315 -0.077029
vn -0.049063 -0.041214 -0.076774
vn -0.050450 -0.040178 -0.076424
vn -0.051859 -0.039211 -0.075981
vn -0.053285 -0.038317 -0.075448
vn -0.054723 -0.037501 -0.074827
vn -0.056164 -0.036767 -0.074120
vn -0.057604 -0.036116 -0.073331
vn -0.059034 -0.035554 -0.072463
vn -0.060450 -0.035081 -0.071520
vn -0.032292 -0.052752 -0.078578
vn -0.033338 -0.050971 -0.079313
vn -0.034478 -0.049206 -0.079938
vn -0.035708 -0.047465 -0.080449
vn -0.037022 -0.045755 -0.080845
vn -0.038414 -0.044085 -0.081123
vn -0.039878 -0.042461 -0.081282
vn -0.041408 -0.040891 -0.081322
vn -0.042997 -0.039383 -0.081242
vn -0.044637 -0.037942 -0.081043
vn -0.046321 -0.036575 -0.080726
vn -0.048042 -0.035288 -0.080292
vn -0.049792 -0.034088 -0.079742
vn -0.051563 -0.032978 -0.079080
vn -0.053347 -0.031965 -0.078309
vn -0.055137 -0.031053 -0.077431
vn -0.056924 -0.030246 -0.076451
vn -0.058701 -0.029547 -0.075374
vn -0.060459 -0.028960 -0.074203
vn -0.026675 -0.051025 -0.081761
vn -0.027920 -0.048905 -0.082636
vn -0.029277 -0.046805 -0.083380
vn -0.030741 -0.044732 -0.083988
vn -0.032304 -0.042698 -0.084459
vn -0.033961 -0.040710 -0.084790
vn -0.035704 -0.038778 -0.084979
vn -0.037525 -0.036910 -0.085027
vn -0.039415 -0.035114 -0.084932
vn -0.041367 -0.033399 -0.084695
vn -0.043371 -0.031772 -0.084318
vn -0.045419 -0.030241 -0.083801
vn -0.047502 -0.028812 -0.083147
vn -0.049610 -0.027492 -0.082359
vn -0.051734 -0.026286 -0.081441
vn -0.053864 -0.025201 -0.080397
vn -0.055991 -0.024240 -0.079230
vn -0.058105 -0.023408 -0.077948
vn -0.060197 -0.022710 -0.076554
vn -0.020939 -0.049070 -0.084579
vn -0.022377 -0.046621 -0.085590
vn -0.023945 -0.044195 -0.086449
vn -0.025636 -0.041801 -0.087152
vn -0.027443 -0.039450 -0.087696
vn -0.029357 -0.037154 -0.088078
vn -0.031370 -0.034921 -0.088297
vn -0.033474 -0.032763 -0.088352
vn -0.035658 -0.030689 -0.088243
vn -0.037912 -0.028707 -0.087969
vn -0.040228 -0.026828 -0.087533
vn -0.042594 -0.025059 -0.086935
vn -0.045000 -0.023408 -0.086180
vn -0.047436 -0.021883 -0.085270
vn -0.049889 -0.020490 -0.084209
vn -0.052350 -0.019236 -0.083003
vn -0.054807 -0.018126 -0.081655
vn -0.057250 -0.017165 -0.080174
vn -0.059667 -0.016358 -0.078564
vn -0.015110 -0.046896 -0.087020
vn -0.016735 -0.044129 -0.088162
vn -0.018506 -0.041387 -0.089133
vn -0.020417 -0.038682 -0.089927
vn -0.022458 -0.036026 -0.090541
vn -0.024621 -0.033431 -0.090973
vn -0.026896 -0.030909 -0.091221
vn -0.029273 -0.028470 -0.091283
vn -0.031741 -0.026126 -0.091159
vn -0.034289 -0.023888 -0.090850
vn -0.036905 -0.021764 -0.090357
vn -0.039579 -0.019765 -0.089682
vn -0.042298 -0.017900 -0.088829
vn -0.045049 -0.016176 -0.087800
vn -0.047822 -0.014603 -0.086602
vn -0.050602 -0.013185 -0.085238
vn -0.053379 -0.011931 -0.083716
vn -0.056139 -0.010846 -0.082042
vn -0.058870 -0.009933 -0.080223
vn -0.009213 -0.044513 -0.089072
vn -0.011017 -0.041440 -0.090340
vn -0.012985 -0.038395 -0.091418
vn -0.015107 -0.035391 -0.092300
vn -0.017374 -0.032441 -0.092982
vn -0.019776 -0.029560 -0.093462
vn -0.022302 -0.026758 -0.093737
vn -0.024942 -0.024050 -0.093806
vn -0.027682 -0.021447 -0.093668
vn -0.030512 -0.018961 -0.093325
vn -0.033418 -0.016603 -0.092777
vn -0.036387 -0.014383 -0.092028
vn -0.039406 -0.012311 -0.091080
vn -0.042462 -0.010397 -0.089938
vn -0.045541 -0.008650 -0.088607
vn -0.048629 -0.007076 -0.087093
vn -0.051712 -0.005683 -0.085402
vn -0.054777 -0.004477 -0.083543
vn -0.057810 -0.003464 -0.081523
vn 0.031734 -0.022964 -0.092009
vn 0.028938 -0.018203 -0.093975
vn 0.023417 -0.021893 -0.094722
vn 0.025890 -0.013484 -0.095645
vn 0.020487 -0.017358 -0.096328
vn 0.022602 -0.008829 -0.097011
vn 0.017326 -0.012884 -0.097641
vn 0.019089 -0.004259 -0.098069
vn 0.045235 -0.020750 -0.086736
vn 0.042169 -0.029250 -0.085827
vn 0.047633 -0.025840 -0.084044
vn 0.044202 -0.034174 -0.082936
vn 0.049724 -0.030906 -0.081070
vn 0.045929 -0.039055 -0.079782
vn 0.051502 -0.035927 -0.077826
vn 0.047343 -0.043870 -0.076381
vn 0.052956 -0.040880 -0.074327
vn 0.048437 -0.048597 -0.072747
vn 0.054081 -0.045744 -0.070588
vn 0.049206 -0.053216 -0.068897
vn 0.054872 -0.050496 -0.066628
vn 0.049646 -0.057706 -0.064848
vn 0.055325 -0.055115 -0.062462
vn 0.049756 -0.062047 -0.060618
vn 0.055439 -0.059580 -0.058110
vn 0.049536 -0.066219 -0.056225
vn 0.055212 -0.063872 -0.053591
vn 0.048986 -0.070204 -0.051690
vn 0.054646 -0.067972 -0.048925
vn 0.048108 -0.073983 -0.047033
vn 0.053743 -0.071860 -0.044134
vn 0.046907 -0.077541 -0.042274
vn 0.052507 -0.075520 -0.039238
vn 0.045388 -0.080862 -0.037434
vn 0.050945 -0.078936 -0.034260
vn 0.043558 -0.083929 -0.032537
vn 0.049062 -0.082092 -0.029221
vn 0.041424 -0.086730 -0.027602
vn 0.046867 -0.084974 -0.024145
vn 0.038997 -0.089253 -0.022653
vn 0.044370 -0.087569 -0.019053
vn 0.036288 -0.091485 -0.017711
vn 0.041583 -0.089865 -0.013969
vn 0.033307 -0.093417 -0.012798
vn 0.038517 -0.091853 -0.008915
vn 0.030070 -0.095041 -0.007937
vn 0.035186 -0.093523 -0.003914
vn 0.026590 -0.096349 -0.003149
vn 0.031606 -0.094869 0.001012
vn 0.022882 -0.097335 0.001545
vn 0.027791 -0.095883 0.005840
vn 0.018963 -0.097994 0.006123
vn 0.023760 -0.096562 0.010550
vn 0.014852 -0.098325 0.010565
vn 0.019530 -0.096902 0.015120
vn 0.010565 -0.098325 0.014852
vn 0.015120 -0.096902 0.019530
vn 0.006123 -0.097994 0.018963
vn 0.010550 -0.096562 0.023760
vn 0.001545 -0.097335 0.022882
vn 0.005840 -0.095883 0.027791
vn -0.003149 -0.096349 0.026590
vn 0.001012 -0.094869 0.031606
vn -0.007937 -0.095041 0.030070
vn -0.003914 -0.093523 0.035186
vn -0.012798 -0.093417 0.033307
vn -0.008915 -0.091853 0.038517
vn -0.017711 -0.091485 0.036288
vn -0.013969 -0.089865 0.041583
vn -0.022653 -0.089253 0.038997
vn -0.019053 -0.087569 0.044370
vn -0.027602 -0.086730 0.041424
vn -0.024145 -0.084974 0.046867
vn -0.032537 -0.083929 0.043558
vn -0.029221 -0.082092 0.049062
vn -0.037434 -0.080862 0.045388
vn -0.034260 -0.078936 0.050945
vn -0.042274 -0.077541 0.046907
vn -0.039238 -0.075520 0.052507
vn -0.047033 -0.073983 0.048108
vn -0.044134 -0.071860 0.053743
vn -0.051690 -0.070204 0.048986
vn -0.048925 -0.067972 0.054646
vn -0.056225 -0.066219 0.049536
vn -0.053591 -0.063872 0.055212
vn -0.060618 -0.062047 0.049756
vn -0.058110 -0.059580 0.055439
vn -0.064848 -0.057706 0.049646
vn -0.062462 -0.055115 0.055325
vn -0.068897 -0.053216 0.049206
vn -0.066628 -0.050496 0.054872
vn -0.072747 -0.048597 0.048437
vn -0.070588 -0.045744 0.054081
vn -0.076381 -0.043870 0.047343
vn -0.074327 -0.040880 0.052956
vn -0.079782 -0.039055 0.045929
vn -0.077826 -0.035927 0.051502
vn -0.082936 -0.034174 0.044202
vn -0.081070 -0.030906 0.049724
vn -0.085827 -0.029250 0.042169
vn -0.084044 -0.025840 0.047633
vn -0.088444 -0.024303 0.039838
vn -0.086736 -0.020750 0.045235
vn -0.090774 -0.019356 0.037222
vn -0.089133 -0.015661 0.042543
vn -0.092807 -0.014431 0.034330
vn -0.091225 -0.010595 0.039569
vn -0.094535 -0.009550 0.031177
vn -0.093002 -0.005574 0.036325
vn -0.095948 -0.004735 0.027776
vn -0.094457 -0.000620 0.032826
vn -0.097042 -0.000008 0.024142
vn -0.095582 0.004243 0.029088
vn -0.097811 0.004611 0.020292
vn -0.096373 0.008995 0.025127
vn -0.098251 0.009101 0.016243
vn -0.096826 0.013614 0.020961
vn -0.098362 0.013441 0.012012
vn -0.096940 0.018079 0.016609
vn -0.098141 0.017613 0.007620
vn -0.096713 0.022371 0.012090
vn -0.097591 0.021598 0.003085
vn -0.096147 0.026471 0.007425
vn -0.096713 0.025378 -0.001573
vn -0.095244 0.030359 0.002633
vn -0.095512 0.028936 -0.006332
vn -0.094008 0.034020 -0.002263
vn -0.093993 0.032256 -0.011171
vn -0.092446 0.037435 -0.007241
vn -0.092163 0.035324 -0.016069
vn -0.090563 0.040591 -0.012280
vn -0.090030 0.038125 -0.021003
vn -0.088368 0.043473 -0.017356
vn -0.087603 0.040647 -0.025953
vn -0.085871 0.046068 -0.022448
vn -0.084893 0.042880 -0.030895
vn -0.083084 0.048364 -0.027532
vn -0.081913 0.044812 -0.035807
vn -0.080018 0.050352 -0.032586
vn -0.078675 0.046436 -0.040668
vn -0.076687 0.052023 -0.037587
vn -0.075195 0.047743 -0.045457
vn -0.073106 0.053368 -0.042513
vn -0.071487 0.048729 -0.050150
vn -0.069292 0.054382 -0.047341
vn -0.067569 0.049389 -0.054728
vn -0.065261 0.055061 -0.052051
vn -0.063457 0.049720 -0.059171
vn -0.061031 0.055401 -0.056621
vn -0.059171 0.049720 -0.063457
vn -0.056621 0.055401 -0.061031
vn -0.054728 0.049389 -0.067569
vn -0.052051 0.055061 -0.065261
vn 0.050430 -0.017105 -0.084641
vn 0.052884 -0.022314 -0.081886
vn 0.055025 -0.027500 -0.078842
vn 0.056844 -0.032639 -0.075521
vn 0.058332 -0.037708 -0.071940
vn 0.059484 -0.042686 -0.068114
vn 0.060293 -0.047550 -0.064060
vn 0.060757 -0.052277 -0.059797
vn 0.060873 -0.056847 -0.055343
vn 0.060641 -0.061240 -0.050718
vn 0.060062 -0.065436 -0.045942
vn 0.059138 -0.069416 -0.041038
vn 0.057873 -0.073162 -0.036028
vn 0.056274 -0.076658 -0.030932
vn 0.054347 -0.079888 -0.025775
vn 0.052100 -0.082837 -0.020579
vn 0.049545 -0.085493 -0.015368
vn 0.046692 -0.087844 -0.010165
vn 0.043554 -0.089878 -0.004992
vn 0.040145 -0.091588 0.000127
vn 0.036480 -0.092965 0.005168
vn 0.032576 -0.094003 0.010110
vn 0.028451 -0.094698 0.014931
vn 0.024121 -0.095046 0.019608
vn 0.019608 -0.095046 0.024121
vn 0.014931 -0.094698 0.028451
vn 0.010110 -0.094003 0.032576
vn 0.005168 -0.092965 0.036480
vn 0.000127 -0.091588 0.040145
vn -0.004992 -0.089878 0.043554
vn -0.010165 -0.087844 0.046692
vn -0.015368 -0.085493 0.049545
vn -0.020579 -0.082837 0.052100
vn -0.025775 -0.079888 0.054347
vn -0.030932 -0.076658 0.056274
vn -0.036028 -0.073162 0.057873
vn -0.041038 -0.069416 0.059138
vn -0.045942 -0.065436 0.060062
vn -0.050718 -0.061240 0.060641
vn -0.055343 -0.056847 0.060873
vn -0.059797 -0.052277 0.060757
vn -0.064060 -0.047550 0.060293
vn -0.068114 -0.042686 0.059484
vn -0.071940 -0.037708 0.058332
vn -0.075521 -0.032639 0.056844
vn -0.078842 -0.027500 0.055025
vn -0.081886 -0.022314 0.052884
vn -0.084641 -0.017105 0.050430
vn -0.087095 -0.011897 0.047675
vn -0.089236 -0.006711 0.044631
vn -0.091055 -0.001572 0.041311
vn -0.092543 0.003497 0.037729
vn -0.093695 0.008475 0.033903
vn -0.094504 0.013339 0.029849
vn -0.094968 0.018066 0.025586
vn -0.095084 0.022636 0.021132
vn -0.094852 0.027029 0.016507
vn -0.094273 0.031225 0.011731
vn -0.093349 0.035205 0.006828
vn -0.092084 0.038951 0.001817
vn -0.090485 0.042447 -0.003279
vn -0.088558 0.045677 -0.008436
vn -0.086311 0.048626 -0.013632
vn -0.083756 0.051282 -0.018843
vn -0.080903 0.053633 -0.024046
vn -0.077765 0.055667 -0.029219
vn -0.074356 0.057377 -0.034337
vn -0.070691 0.058754 -0.039379
vn -0.066787 0.059792 -0.044321
vn -0.062662 0.060487 -0.049141
vn -0.058332 0.060835 -0.053819
vn -0.053819 0.060835 -0.058332
vn -0.049141 0.060487 -0.062662
vn 0.047675 -0.011897 -0.087095
vn 0.052594 -0.008079 -0.084667
vn 0.055400 -0.013384 -0.082169
vn 0.057278 -0.004225 -0.081862
vn 0.060123 -0.009603 -0.079329
vn 0.061706 -0.000353 -0.078691
vn 0.064577 -0.005779 -0.076135
vn 0.065859 0.003521 -0.075168
vn 0.068742 -0.001929 -0.072600
vn 0.069717 0.007380 -0.071309
vn 0.072600 0.001929 -0.068742
vn 0.073264 0.011205 -0.067133
vn 0.076135 0.005779 -0.064577
vn 0.076484 0.014981 -0.062656
vn 0.079329 0.009603 -0.060123
vn 0.079362 0.018689 -0.057899
vn 0.082169 0.013384 -0.055400
vn 0.057899 -0.018689 -0.079362
vn 0.060080 -0.023971 -0.076262
vn 0.061932 -0.029205 -0.072880
vn 0.063448 -0.034368 -0.069233
vn 0.064621 -0.039438 -0.065336
vn 0.065446 -0.044391 -0.061207
vn 0.065918 -0.049206 -0.056865
vn 0.066036 -0.053861 -0.052328
vn 0.065800 -0.058335 -0.047618
vn 0.065210 -0.062608 -0.042754
vn 0.064269 -0.066661 -0.037760
vn 0.062981 -0.070477 -0.032656
vn 0.061352 -0.074038 -0.027467
vn 0.059389 -0.077327 -0.022214
vn 0.057101 -0.080331 -0.016922
vn 0.054498 -0.083036 -0.011615
vn 0.051593 -0.085430 -0.006315
vn 0.048397 -0.087502 -0.001047
vn 0.044925 -0.089244 0.004166
vn 0.041192 -0.090646 0.009301
vn 0.037216 -0.091703 0.014335
vn 0.033014 -0.092411 0.019244
vn 0.028605 -0.092765 0.024008
vn 0.024008 -0.092765 0.028605
vn 0.019244 -0.092411 0.033014
vn 0.014335 -0.091703 0.037216
vn 0.009301 -0.090646 0.041192
vn 0.004166 -0.089244 0.044925
vn -0.001047 -0.087502 0.048397
vn -0.006315 -0.085430 0.051593
vn -0.011615 -0.083036 0.054498
vn -0.016922 -0.080331 0.057101
vn -0.022214 -0.077327 0.059389
vn -0.027467 -0.074038 0.061352
vn -0.032656 -0.070477 0.062981
vn -0.037760 -0.066661 0.064269
vn -0.042754 -0.062608 0.065210
vn -0.047618 -0.058335 0.065800
vn -0.052328 -0.053861 0.066036
vn -0.056865 -0.049206 0.065918
vn -0.061207 -0.044391 0.065446
vn -0.065336 -0.039438 0.064621
vn -0.069233 -0.034368 0.063448
vn -0.072880 -0.029205 0.061932
vn -0.076262 -0.023971 0.060080
vn -0.079362 -0.018689 0.057899
vn -0.082169 -0.013384 0.055400
vn -0.084667 -0.008079 0.052594
vn -0.086848 -0.002798 0.049493
vn -0.088700 0.002436 0.046112
vn -0.090217 0.007600 0.042464
vn -0.091389 0.012669 0.038568
vn -0.092214 0.017623 0.034439
vn -0.092686 0.022438 0.030096
vn -0.092805 0.027092 0.025560
vn -0.092568 0.031566 0.020849
vn -0.091978 0.035840 0.015986
vn -0.091037 0.039893 0.010991
vn -0.089749 0.043709 0.005888
vn -0.088120 0.047269 0.000698
vn -0.086157 0.050559 -0.004554
vn -0.083869 0.053563 -0.009846
vn -0.081267 0.056268 -0.015154
vn -0.078361 0.058662 -0.020453
vn -0.075165 0.060734 -0.025722
vn -0.071693 0.062475 -0.030935
vn -0.067961 0.063878 -0.036069
vn -0.063985 0.064935 -0.041103
vn -0.059782 0.065642 -0.046012
vn -0.055373 0.065997 -0.050776
vn -0.050776 0.065997 -0.055373
vn -0.046012 0.065642 -0.059782
vn 0.062656 -0.014981 -0.076484
vn 0.064866 -0.020334 -0.073341
vn 0.066744 -0.025640 -0.069913
vn 0.068281 -0.030874 -0.066216
vn 0.069470 -0.036013 -0.062266
vn 0.070305 -0.041034 -0.058080
vn 0.070784 -0.045915 -0.053679
vn 0.070904 -0.050633 -0.049080
vn 0.070665 -0.055169 -0.044305
vn 0.070066 -0.059501 -0.039375
vn 0.069112 -0.063609 -0.034312
vn 0.067807 -0.067477 -0.029139
vn 0.066156 -0.071086 -0.023878
vn 0.064166 -0.074421 -0.018554
vn 0.061847 -0.077466 -0.013190
vn 0.059208 -0.080208 -0.007809
vn 0.056263 -0.082635 -0.002437
vn 0.053023 -0.084736 0.002903
vn 0.049504 -0.086501 0.008188
vn 0.045720 -0.087922 0.013393
vn 0.041690 -0.088994 0.018495
vn 0.037430 -0.089711 0.023472
vn 0.032961 -0.090070 0.028301
vn 0.028301 -0.090070 0.032961
vn 0.023472 -0.089711 0.037430
vn 0.018495 -0.088994 0.041690
vn 0.013393 -0.087922 0.045720
vn 0.008188 -0.086501 0.049504
vn 0.002903 -0.084736 0.053023
vn -0.002437 -0.082635 0.056263
vn -0.007809 -0.080208 0.059208
vn -0.013190 -0.077466 0.061847
vn -0.018554 -0.074421 0.064166
vn -0.023878 -0.071086 0.066156
vn -0.029139 -0.067477 0.067807
vn -0.034312 -0.063609 0.069112
vn -0.039375 -0.059501 0.070066
vn -0.044305 -0.055169 0.070665
vn -0.049080 -0.050633 0.070904
vn -0.053679 -0.045915 0.070784
vn -0.058080 -0.041034 0.070305
vn -0.062266 -0.036013 0.069470
vn -0.066216 -0.030874 0.068281
vn -0.069913 -0.025640 0.066744
vn -0.073341 -0.020334 0.064866
vn -0.076484 -0.014981 0.062656
vn -0.079329 -0.009603 0.060123
vn -0.081862 -0.004225 0.057278
vn -0.084072 0.001128 0.054135
vn -0.085950 0.006434 0.050707
vn -0.087487 0.011668 0.047010
vn -0.088676 0.016807 0.043060
vn -0.089512 0.021828 0.038874
vn -0.089990 0.026709 0.034473
vn -0.090110 0.031427 0.029874
vn -0.089871 0.035963 0.025099
vn -0.089272 0.040294 0.020169
vn -0.088318 0.044403 0.015106
vn -0.087013 0.048271 0.009933
vn -0.085362 0.051880 0.004672
vn -0.083372 0.055215 -0.000652
vn -0.081053 0.058260 -0.006016
vn -0.078415 0.061002 -0.011397
vn -0.075469 0.063429 -0.016769
vn -0.072229 0.065529 -0.022109
vn -0.068710 0.067294 -0.027394
vn -0.064926 0.068716 -0.032599
vn -0.060896 0.069788 -0.037701
vn -0.056636 0.070505 -0.042678
vn -0.052167 0.070864 -0.047507
vn -0.047507 0.070864 -0.052167
vn -0.042678 0.070505 -0.056636
vn 0.067133 -0.011205 -0.073264
vn 0.069363 -0.016607 -0.070093
vn 0.071258 -0.021961 -0.066634
vn 0.072808 -0.027242 -0.062903
vn 0.074008 -0.032428 -0.058917
vn 0.074851 -0.037494 -0.054694
vn 0.075335 -0.042419 -0.050253
vn 0.075456 -0.047180 -0.045613
vn 0.075214 -0.051756 -0.040794
vn 0.074610 -0.056127 -0.035820
vn 0.073647 -0.060273 -0.030711
vn 0.072330 -0.064176 -0.025491
vn 0.070664 -0.067818 -0.020183
vn 0.068656 -0.071183 -0.014811
vn 0.066316 -0.074255 -0.009398
vn 0.063654 -0.077022 -0.003969
vn 0.060682 -0.079471 0.001452
vn 0.057413 -0.081590 0.006840
vn 0.053862 -0.083371 0.012172
vn 0.050044 -0.084806 0.017424
vn 0.045977 -0.085887 0.022573
vn 0.041679 -0.086611 0.027594
vn 0.037169 -0.086973 0.032467
vn 0.032467 -0.086973 0.037169
vn 0.027594 -0.086611 0.041679
vn 0.022573 -0.085887 0.045977
vn 0.017424 -0.084806 0.050044
vn 0.012172 -0.083371 0.053862
vn 0.006840 -0.081590 0.057413
vn 0.001452 -0.079471 0.060682
vn -0.003969 -0.077022 0.063654
vn -0.009398 -0.074255 0.066316
vn -0.014811 -0.071183 0.068656
vn -0.020183 -0.067818 0.070664
vn -0.025491 -0.064176 0.072330
vn -0.030711 -0.060273 0.073647
vn -0.035820 -0.056127 0.074610
vn -0.040794 -0.051756 0.075214
vn -0.045613 -0.047180 0.075456
vn -0.050253 -0.042419 0.075335
vn -0.054694 -0.037494 0.074851
vn -0.058917 -0.032428 0.074008
vn -0.062903 -0.027242 0.072808
vn -0.066634 -0.021961 0.071258
vn -0.070093 -0.016607 0.069363
vn -0.073264 -0.011205 0.067133
vn -0.076135 -0.005779 0.064577
vn -0.078691 -0.000353 0.061706
vn -0.080921 0.005049 0.058535
vn -0.082816 0.010403 0.055076
vn -0.084366 0.015684 0.051345
vn -0.085566 0.020870 0.047359
vn -0.086409 0.025936 0.043136
vn -0.086893 0.030861 0.038695
vn -0.087014 0.035622 0.034054
vn -0.086772 0.040198 0.029236
vn -0.086168 0.044569 0.024262
vn -0.085206 0.048715 0.019153
vn -0.083888 0.052618 0.013933
vn -0.082222 0.056260 0.008625
vn -0.080214 0.059625 0.003253
vn -0.077874 0.062697 -0.002160
vn -0.075212 0.065464 -0.007589
vn -0.072240 0.067913 -0.013010
vn -0.068971 0.070032 -0.018398
vn -0.065420 0.071813 -0.023730
vn -0.061602 0.073247 -0.028982
vn -0.057535 0.074329 -0.034131
vn -0.053237 0.075053 -0.039153
vn -0.048727 0.075415 -0.044025
vn -0.044025 0.075415 -0.048727
vn -0.039153 0.075053 -0.053237
vn 0.071309 -0.007380 -0.069717
vn 0.073550 -0.012806 -0.066531
vn 0.075453 -0.018184 -0.063057
vn 0.077011 -0.023489 -0.059310
vn 0.078216 -0.028697 -0.055306
vn 0.079063 -0.033787 -0.051064
vn 0.079548 -0.038733 -0.046602
vn 0.079670 -0.043516 -0.041941
vn 0.079427 -0.048113 -0.037102
vn 0.078821 -0.052503 -0.032105
vn 0.077854 -0.056668 -0.026973
vn 0.076530 -0.060588 -0.021730
vn 0.074857 -0.064246 -0.016398
vn 0.072840 -0.067626 -0.011001
vn 0.070489 -0.070713 -0.005564
vn 0.067815 -0.073492 -0.000111
vn 0.064830 -0.075952 0.005334
vn 0.061546 -0.078081 0.010747
vn 0.057979 -0.079869 0.016103
vn 0.054144 -0.081310 0.021378
vn 0.050059 -0.082397 0.026550
vn 0.045742 -0.083123 0.031594
vn 0.041212 -0.083488 0.036489
vn 0.036489 -0.083488 0.041212
vn 0.031594 -0.083123 0.045742
vn 0.026550 -0.082397 0.050059
vn 0.021378 -0.081310 0.054144
vn 0.016103 -0.079869 0.057979
vn 0.010747 -0.078081 0.061546
vn 0.005334 -0.075952 0.064830
vn -0.000111 -0.073492 0.067815
vn -0.005564 -0.070713 0.070489
vn -0.011001 -0.067626 0.072840
vn -0.016398 -0.064246 0.074857
vn -0.021730 -0.060588 0.076530
vn -0.026973 -0.056668 0.077854
vn -0.032105 -0.052503 0.078821
vn -0.037102 -0.048113 0.079427
vn -0.041941 -0.043516 0.079670
vn -0.046602 -0.038733 0.079548
vn -0.051064 -0.033787 0.079063
vn -0.055306 -0.028697 0.078216
vn -0.059310 -0.023489 0.077011
vn -0.063057 -0.018184 0.075453
vn -0.066531 -0.012806 0.073550
vn -0.069717 -0.007380 0.071309
vn -0.072600 -0.001929 0.068742
vn -0.075168 0.003521 0.065859
vn -0.077408 0.008948 0.062673
vn -0.079311 0.014325 0.059199
vn -0.080869 0.019630 0.055451
vn -0.082074 0.024839 0.051448
vn -0.082921 0.029928 0.047206
vn -0.083407 0.034875 0.042744
vn -0.083528 0.039658 0.038083
vn -0.083285 0.044254 0.033243
vn -0.082679 0.048645 0.028246
vn -0.081712 0.052810 0.023115
vn -0.080389 0.056730 0.017871
vn -0.078715 0.060388 0.012540
vn -0.076698 0.063768 0.007143
vn -0.074348 0.066854 0.001706
vn -0.071674 0.069633 -0.003747
vn -0.068688 0.072093 -0.009192
vn -0.065405 0.074222 -0.014605
vn -0.061837 0.076011 -0.019961
vn -0.058003 0.077452 -0.025237
vn -0.053918 0.078538 -0.030408
vn -0.049600 0.079265 -0.035452
vn -0.045070 0.079629 -0.040347
vn -0.040347 0.079629 -0.045070
vn -0.035452 0.079265 -0.049600
vn 0.075168 -0.003521 -0.065859
vn 0.077408 -0.008948 -0.062673
vn 0.079311 -0.014325 -0.059199
vn 0.080869 -0.019630 -0.055451
vn 0.082074 -0.024839 -0.051448
vn 0.082921 -0.029928 -0.047206
vn 0.083407 -0.034875 -0.042744
vn 0.083528 -0.039658 -0.038083
vn 0.083285 -0.044254 -0.033243
vn 0.082679 -0.048645 -0.028246
vn 0.081712 -0.052810 -0.023115
vn 0.080389 -0.056730 -0.017871
vn 0.078715 -0.060388 -0.012540
vn 0.076698 -0.063768 -0.007143
vn 0.074348 -0.066854 -0.001706
vn 0.071674 -0.069633 0.003747
vn 0.068688 -0.072093 0.009192
vn 0.065405 -0.074222 0.014605
vn 0.061837 -0.076011 0.019961
vn 0.058003 -0.077452 0.025237
vn 0.053918 -0.078538 0.030408
vn 0.049600 -0.079265 0.035452
vn 0.045070 -0.079629 0.040347
vn 0.040347 -0.079629 0.045070
vn 0.035452 -0.079265 0.049600
vn 0.030408 -0.078538 0.053918
vn 0.025237 -0.077452 0.058003
vn 0.019961 -0.076011 0.061837
vn 0.014605 -0.074222 0.065405
vn 0.009192 -0.072093 0.068688
vn 0.003747 -0.069633 0.071674
vn -0.001706 -0.066854 0.074348
vn -0.007143 -0.063768 0.076698
vn -0.012540 -0.060388 0.078715
vn -0.017871 -0.056730 0.080389
vn -0.023115 -0.052810 0.081712
vn -0.028246 -0.048645 0.082679
vn -0.033243 -0.044254 0.083285
vn -0.038083 -0.039658 0.083528
vn -0.042744 -0.034875 0.083407
vn -0.047206 -0.029928 0.082921
vn -0.051448 -0.024839 0.082074
vn -0.055451 -0.019630 0.080869
vn -0.059199 -0.014325 0.079311
vn -0.062673 -0.008948 0.077408
vn -0.065859 -0.003521 0.075168
vn -0.068742 0.001929 0.072600
vn -0.071309 0.007380 0.069717
vn -0.073550 0.012806 0.066531
vn -0.075453 0.018184 0.063057
vn -0.077011 0.023489 0.059310
vn -0.078216 0.028697 0.055306
vn -0.079063 0.033787 0.051064
vn -0.079548 0.038733 0.046602
vn -0.079670 0.043516 0.041941
vn -0.079427 0.048113 0.037102
vn -0.078821 0.052503 0.032105
vn -0.077854 0.056668 0.026973
vn -0.076530 0.060588 0.021730
vn -0.074857 0.064246 0.016398
vn -0.072840 0.067626 0.011001
vn -0.070489 0.070713 0.005564
vn -0.067815 0.073492 0.000111
vn -0.064830 0.075952 -0.005334
vn -0.061546 0.078081 -0.010747
vn -0.057979 0.079869 -0.016103
vn -0.054144 0.081310 -0.021378
vn -0.050059 0.082397 -0.026550
vn -0.045742 0.083123 -0.031594
vn -0.041212 0.083488 -0.036489
vn -0.036489 0.083488 -0.041212
vn -0.031594 0.083123 -0.045742
vn 0.078691 0.000353 -0.061706
vn 0.080921 -0.005049 -0.058535
vn 0.082816 -0.010403 -0.055076
vn 0.084366 -0.015684 -0.051345
vn 0.085566 -0.020870 -0.047359
vn 0.086409 -0.025936 -0.043136
vn 0.086893 -0.030861 -0.038695
vn 0.087014 -0.035622 -0.034054
vn 0.086772 -0.040198 -0.029236
vn 0.086168 -0.044569 -0.024262
vn 0.085206 -0.048715 -0.019153
vn 0.083888 -0.052618 -0.013933
vn 0.082222 -0.056260 -0.008625
vn 0.080214 -0.059625 -0.003253
vn 0.077874 -0.062697 0.002160
vn 0.075212 -0.065464 0.007589
vn 0.072240 -0.067913 0.013010
vn 0.068971 -0.070032 0.018398
vn 0.065420 -0.071813 0.023730
vn 0.061602 -0.073247 0.028982
vn 0.057535 -0.074329 0.034131
vn 0.053237 -0.075053 0.039153
vn 0.048727 -0.075415 0.044025
vn 0.044025 -0.075415 0.048727
vn 0.039153 -0.075053 0.053237
vn 0.034131 -0.074329 0.057535
vn 0.028982 -0.073247 0.061602
vn 0.023730 -0.071813 0.065420
vn 0.018398 -0.070032 0.068971
vn 0.013010 -0.067913 0.072240
vn 0.007589 -0.065464 0.075212
vn 0.002160 -0.062697 0.077874
vn -0.003253 -0.059625 0.080214
vn -0.008625 -0.056260 0.082222
vn -0.013933 -0.052618 0.083888
vn -0.019153 -0.048715 0.085206
vn -0.024262 -0.044569 0.086168
vn -0.029236 -0.040198 0.086772
vn -0.034054 -0.035622 0.087014
vn -0.038695 -0.030861 0.086893
vn -0.043136 -0.025936 0.086409
vn -0.047359 -0.020870 0.085566
vn -0.051345 -0.015684 0.084366
vn -0.055076 -0.010403 0.082816
vn -0.058535 -0.005049 0.080921
vn -0.061706 0.000353 0.078691
vn -0.064577 0.005779 0.076135
vn -0.067133 0.011205 0.073264
vn -0.069363 0.016607 0.070093
vn -0.071258 0.021961 0.066634
vn -0.072808 0.027242 0.062903
vn -0.074008 0.032428 0.058917
vn -0.074851 0.037494 0.054694
vn -0.075335 0.042419 0.050253
vn -0.075456 0.047180 0.045613
vn -0.075214 0.051756 0.040794
vn -0.074610 0.056127 0.035820
vn -0.073647 0.060273 0.030711
vn -0.072330 0.064176 0.025491
vn -0.070664 0.067818 0.020183
vn -0.068656 0.071183 0.014811
vn -0.066316 0.074255 0.009398
vn -0.063654 0.077022 0.003969
vn -0.060682 0.079471 -0.001452
vn -0.057413 0.081590 -0.006840
vn -0.053862 0.083371 -0.012172
vn -0.050044 0.084806 -0.017424
vn -0.045977 0.085887 -0.022573
vn -0.041679 0.086611 -0.027594
vn -0.037169 0.086973 -0.032467
vn -0.032467 0.086973 -0.037169
vn -0.027594 0.086611 -0.041679
vn 0.081862 0.004225 -0.057278
vn 0.084072 -0.001128 -0.054135
vn 0.085950 -0.006434 -0.050707
vn 0.087487 -0.011668 -0.047010
vn 0.088676 -0.016807 -0.043060
vn 0.089512 -0.021828 -0.038874
vn 0.089990 -0.026709 -0.034473
vn 0.090110 -0.031427 -0.029874
vn 0.089871 -0.035963 -0.025099
vn 0.089272 -0.040294 -0.020169
vn 0.088318 -0.044403 -0.015106
vn 0.087013 -0.048271 -0.009933
vn 0.085362 -0.051880 -0.004672
vn 0.083372 -0.055215 0.000652
vn 0.081053 -0.058260 0.006016
vn 0.078415 -0.061002 0.011397
vn 0.075469 -0.063429 0.016769
vn 0.072229 -0.065529 0.022109
vn 0.068710 -0.067294 0.027394
vn 0.064926 -0.068716 0.032599
vn 0.060896 -0.069788 0.037701
vn 0.056636 -0.070505 0.042678
vn 0.052167 -0.070864 0.047507
vn 0.047507 -0.070864 0.052167
vn 0.042678 -0.070505 0.056636
vn 0.037701 -0.069788 0.060896
vn 0.032599 -0.068716 0.064926
vn 0.027394 -0.067294 0.068710
vn 0.022109 -0.065529 0.072229
vn 0.016769 -0.063429 0.075469
vn 0.011397 -0.061002 0.078415
vn 0.006016 -0.058260 0.081053
vn 0.000652 -0.055215 0.083372
vn -0.004672 -0.051880 0.085362
vn -0.009933 -0.048271 0.087013
vn -0.015106 -0.044403 0.088318
vn -0.020169 -0.040294 0.089272
vn -0.025099 -0.035963 0.089871
vn -0.029874 -0.031427 0.090110
vn -0.034473 -0.026709 0.089990
vn -0.038874 -0.021828 0.089512
vn -0.043060 -0.016807 0.088676
vn -0.047010 -0.011668 0.087487
vn -0.050707 -0.006434 0.085950
vn -0.054135 -0.001128 0.084072
vn -0.057278 0.004225 0.081862
vn -0.060123 0.009603 0.079329
vn -0.062656 0.014981 0.076484
vn -0.064866 0.020334 0.073341
vn -0.066744 0.025640 0.069913
vn -0.068281 0.030874 0.066216
vn -0.069470 0.036013 0.062266
vn -0.070305 0.041034 0.058080
vn -0.070784 0.045915 0.053679
vn -0.070904 0.050633 0.049080
vn -0.070665 0.055169 0.044305
vn -0.070066 0.059501 0.039375
vn -0.069112 0.063609 0.034312
vn -0.067807 0.067477 0.029139
vn -0.066156 0.071086 0.023878
vn -0.064166 0.074421 0.018554
vn -0.061847 0.077466 0.013190
vn -0.059208 0.080208 0.007809
vn -0.056263 0.082635 0.002437
vn -0.053023 0.084736 -0.002903
vn -0.049504 0.086501 -0.008188
vn -0.045720 0.087922 -0.013393
vn -0.041690 0.088994 -0.018495
vn -0.037430 0.089711 -0.023472
vn -0.032961 0.090070 -0.028301
vn -0.028301 0.090070 -0.032961
vn -0.023472 0.089711 -0.037430
vn 0.084667 0.008079 -0.052594
vn 0.086848 0.002798 -0.049493
vn 0.088700 -0.002436 -0.046112
vn 0.090217 -0.007600 -0.042464
vn 0.091389 -0.012669 -0.038568
vn 0.092214 -0.017623 -0.034439
vn 0.092686 -0.022438 -0.030096
vn 0.092805 -0.027092 -0.025560
vn 0.092568 -0.031566 -0.020849
vn 0.091978 -0.035840 -0.015986
vn 0.091037 -0.039893 -0.010991
vn 0.089749 -0.043709 -0.005888
vn 0.088120 -0.047269 -0.000698
vn 0.086157 -0.050559 0.004554
vn 0.083869 -0.053563 0.009846
vn 0.081267 -0.056268 0.015154
vn 0.078361 -0.058662 0.020453
vn 0.075165 -0.060734 0.025722
vn 0.071693 -0.062475 0.030935
vn 0.067961 -0.063878 0.036069
vn 0.063985 -0.064935 0.041103
vn 0.059782 -0.065642 0.046012
vn 0.055373 -0.065997 0.050776
vn 0.050776 -0.065997 0.055373
vn 0.046012 -0.065642 0.059782
vn 0.041103 -0.064935 0.063985
vn 0.036069 -0.063878 0.067961
vn 0.030935 -0.062475 0.071693
vn 0.025722 -0.060734 0.075165
vn 0.020453 -0.058662 0.078361
vn 0.015154 -0.056268 0.081267
vn 0.009846 -0.053563 0.083869
vn 0.004554 -0.050559 0.086157
vn -0.000698 -0.047269 0.088120
vn -0.005888 -0.043709 0.089749
vn -0.010991 -0.039893 0.091037
vn -0.015986 -0.035840 0.091978
vn -0.020849 -0.031566 0.092568
vn -0.025560 -0.027092 0.092805
vn -0.030096 -0.022438 0.092686
vn -0.034439 -0.017623 0.092214
vn -0.038568 -0.012669 0.091389
vn -0.042464 -0.007600 0.090217
vn -0.046112 -0.002436 0.088700
vn -0.049493 0.002798 0.086848
vn -0.052594 0.008079 0.084667
vn -0.055400 0.013384 0.082169
vn -0.057899 0.018689 0.079362
vn -0.060080 0.023971 0.076262
vn -0.061932 0.029205 0.072880
vn -0.063448 0.034368 0.069233
vn -0.064621 0.039438 0.065336
vn -0.065446 0.044391 0.061207
vn -0.065918 0.049206 0.056865
vn -0.066036 0.053861 0.052328
vn -0.065800 0.058335 0.047618
vn -0.065210 0.062608 0.042754
vn -0.064269 0.066661 0.037760
vn -0.062981 0.070477 0.032656
vn -0.061352 0.074038 0.027467
vn -0.059389 0.077327 0.022214
vn -0.057101 0.080331 0.016922
vn -0.054498 0.083036 0.011615
vn -0.051593 0.085430 0.006315
vn -0.048397 0.087502 0.001047
vn -0.044925 0.089244 -0.004166
vn -0.041192 0.090646 -0.009301
vn -0.037216 0.091703 -0.014335
vn -0.033014 0.092411 -0.019244
vn -0.028605 0.092765 -0.024008
vn -0.024008 0.092765 -0.028605
vn -0.019244 0.092411 -0.033014
vn 0.090774 0.019356 -0.037222
vn 0.092807 0.014431 -0.034330
vn 0.094535 0.009550 -0.031177
vn 0.095948 0.004735 -0.027776
vn 0.097042 0.000008 -0.024142
vn 0.097811 -0.004611 -0.020292
vn 0.098251 -0.009101 -0.016243
vn 0.098362 -0.013441 -0.012012
vn 0.098141 -0.017613 -0.007620
vn 0.097591 -0.021598 -0.003085
vn 0.096713 -0.025378 0.001573
vn 0.095512 -0.028936 0.006332
vn 0.093993 -0.032256 0.011171
vn 0.092163 -0.035324 0.016069
vn 0.090030 -0.038125 0.021003
vn 0.087603 -0.040647 0.025953
vn 0.084893 -0.042880 0.030895
vn 0.081913 -0.044812 0.035807
vn 0.078675 -0.046436 0.040668
vn 0.075195 -0.047743 0.045457
vn 0.071487 -0.048729 0.050150
vn 0.067569 -0.049389 0.054728
vn 0.063457 -0.049720 0.059171
vn 0.059171 -0.049720 0.063457
vn 0.054728 -0.049389 0.067569
vn 0.050150 -0.048729 0.071487
vn 0.045457 -0.047743 0.075195
vn 0.040668 -0.046436 0.078675
vn 0.035807 -0.044812 0.081913
vn 0.030895 -0.042880 0.084893
vn 0.025953 -0.040647 0.087603
vn 0.021003 -0.038125 0.090030
vn 0.016069 -0.035324 0.092163
vn 0.011171 -0.032256 0.093993
vn 0.006332 -0.028936 0.095512
vn 0.001573 -0.025378 0.096713
vn -0.003085 -0.021598 0.097591
vn -0.007620 -0.017613 0.098141
vn -0.012012 -0.013441 0.098362
vn -0.016243 -0.009101 0.098251
vn -0.020292 -0.004611 0.097811
vn -0.024142 0.000008 0.097042
vn -0.027776 0.004735 0.095948
vn -0.031177 0.009550 0.094535
vn -0.034330 0.014431 0.092807
vn -0.037222 0.019356 0.090774
vn -0.039838 0.024303 0.088444
vn -0.042169 0.029250 0.085827
vn -0.044202 0.034174 0.082936
vn -0.045929 0.039055 0.079782
vn -0.047343 0.043870 0.076381
vn -0.048437 0.048597 0.072747
vn -0.049206 0.053216 0.068897
vn -0.049646 0.057706 0.064848
vn -0.049756 0.062047 0.060618
vn -0.049536 0.066219 0.056225
vn -0.048986 0.070204 0.051690
vn -0.048108 0.073983 0.047033
vn -0.046907 0.077541 0.042274
vn -0.045388 0.080862 0.037434
vn -0.043558 0.083929 0.032537
vn -0.041424 0.086730 0.027602
vn -0.038997 0.089253 0.022653
vn -0.036288 0.091485 0.017711
vn 0.092009 0.022964 -0.031734
vn 0.093975 0.018203 -0.028938
vn 0.095645 0.013484 -0.025890
vn 0.097011 0.008829 -0.022602
vn 0.098069 0.004259 -0.019089
vn 0.098812 -0.000207 -0.015366
vn 0.099238 -0.004547 -0.011452
vn 0.099345 -0.008744 -0.007362
vn 0.099131 -0.012777 -0.003115
vn 0.098599 -0.016629 0.001269
vn 0.097751 -0.020284 0.005772
vn 0.096590 -0.023723 0.010373
vn 0.095121 -0.026933 0.015051
vn 0.093352 -0.029899 0.019786
vn 0.091289 -0.032607 0.024557
vn 0.088943 -0.035046 0.029342
vn 0.086324 -0.037204 0.034119
vn 0.083442 -0.039072 0.038869
vn 0.080312 -0.040641 0.043568
vn 0.076948 -0.041906 0.048197
vn 0.073363 -0.042859 0.052735
vn 0.069575 -0.043497 0.057161
vn 0.065600 -0.043816 0.061456
vn 0.061456 -0.043816 0.065600
vn 0.057161 -0.043497 0.069575
vn 0.052735 -0.042859 0.073363
vn 0.048197 -0.041906 0.076948
vn 0.043568 -0.040641 0.080312
vn 0.038869 -0.039072 0.083442
vn 0.034119 -0.037204 0.086324
vn 0.029342 -0.035046 0.088943
vn 0.024557 -0.032607 0.091289
vn 0.019786 -0.029899 0.093352
vn 0.015051 -0.026933 0.095121
vn 0.010373 -0.023723 0.096590
vn 0.005772 -0.020284 0.097751
vn 0.001269 -0.016629 0.098599
vn -0.003115 -0.012777 0.099131
vn -0.007362 -0.008744 0.099345
vn -0.011452 -0.004547 0.099238
vn -0.015366 -0.000207 0.098812
vn -0.019089 0.004259 0.098069
vn -0.022602 0.008829 0.097011
vn -0.025890 0.013484 0.095645
vn -0.028938 0.018203 0.093975
vn -0.031734 0.022964 0.092009
vn -0.034263 0.027746 0.089756
vn -0.036516 0.032529 0.087226
vn -0.038482 0.037290 0.084431
vn -0.040152 0.042009 0.081382
vn -0.041519 0.046663 0.078094
vn -0.042576 0.051234 0.074581
vn -0.043319 0.055699 0.070859
vn -0.043745 0.060040 0.066944
vn -0.043852 0.064236 0.062855
vn -0.043639 0.068270 0.058608
vn -0.043107 0.072122 0.054224
vn -0.042258 0.075776 0.049721
vn -0.041097 0.079216 0.045120
vn -0.039629 0.082426 0.040442
vn -0.037859 0.085392 0.035707
vn -0.035797 0.088100 0.030936
vn -0.033450 0.090538 0.026151
vn -0.030831 0.092697 0.021373
vn 0.094722 0.021893 -0.023417
vn 0.096328 0.017358 -0.020487
vn 0.097641 0.012884 -0.017326
vn 0.098658 0.008491 -0.013950
vn 0.099372 0.004199 -0.010372
vn 0.099781 0.000027 -0.006610
vn 0.099884 -0.004007 -0.002679
vn 0.099679 -0.007883 0.001403
vn 0.099168 -0.011586 0.005617
vn 0.098352 -0.015098 0.009945
vn 0.097236 -0.018405 0.014367
vn 0.095825 -0.021490 0.018864
vn 0.094124 -0.024340 0.023415
vn 0.092141 -0.026943 0.028000
vn 0.089886 -0.029287 0.032599
vn 0.087368 -0.031361 0.037192
vn 0.084599 -0.033157 0.041757
vn 0.081591 -0.034666 0.046274
vn 0.078357 -0.035881 0.050723
vn 0.074911 -0.036797 0.055084
vn 0.071270 -0.037410 0.059338
vn 0.067449 -0.037717 0.063466
vn 0.063466 -0.037717 0.067449
vn 0.059338 -0.037410 0.071270
vn 0.055084 -0.036797 0.074911
vn 0.050723 -0.035881 0.078357
vn 0.046274 -0.034666 0.081591
vn 0.041757 -0.033157 0.084599
vn 0.037192 -0.031361 0.087368
vn 0.032599 -0.029287 0.089886
vn 0.028000 -0.026943 0.092141
vn 0.023415 -0.024340 0.094124
vn 0.018864 -0.021490 0.095825
vn 0.014367 -0.018405 0.097236
vn 0.009945 -0.015098 0.098352
vn 0.005617 -0.011586 0.099168
vn 0.001403 -0.007883 0.099679
vn -0.002679 -0.004007 0.099884
vn -0.006610 0.000027 0.099781
vn -0.010372 0.004199 0.099372
vn -0.013950 0.008491 0.098658
vn -0.017326 0.012884 0.097641
vn -0.020487 0.017358 0.096328
vn -0.023417 0.021893 0.094722
vn -0.026104 0.026469 0.092833
vn -0.028535 0.031066 0.090668
vn -0.030701 0.035663 0.088236
vn -0.032590 0.040239 0.085549
vn -0.034195 0.044775 0.082619
vn -0.035509 0.049249 0.079459
vn -0.036525 0.053641 0.076082
vn -0.037240 0.057934 0.072505
vn -0.037649 0.062106 0.068742
vn -0.037751 0.066139 0.064811
vn -0.037547 0.070016 0.060729
vn -0.037035 0.073719 0.056515
vn -0.036220 0.077231 0.052187
vn -0.035104 0.080537 0.047765
vn -0.033692 0.083622 0.043269
vn -0.031991 0.086473 0.038717
vn -0.030009 0.089076 0.034132
vn -0.027754 0.091420 0.029533
vn 0.088236 0.035663 -0.030701
vn 0.085549 0.040239 -0.032590
vn 0.084431 0.037290 -0.038482
vn 0.082619 0.044775 -0.034195
vn 0.081382 0.042009 -0.040152
vn 0.079459 0.049249 -0.035509
vn 0.078094 0.046663 -0.041519
vn 0.076082 0.053641 -0.036525
vn 0.074581 0.051234 -0.042576
vn 0.072505 0.057934 -0.037240
vn 0.070859 0.055699 -0.043319
vn 0.068742 0.062106 -0.037649
vn 0.066944 0.060040 -0.043745
vn 0.064811 0.066139 -0.037751
vn 0.062855 0.064236 -0.043852
vn 0.060729 0.070016 -0.037547
vn 0.058608 0.068270 -0.043639
vn 0.056515 0.073719 -0.037035
vn 0.054224 0.072122 -0.043107
vn 0.052187 0.077231 -0.036220
vn 0.049721 0.075776 -0.042258
vn 0.047765 0.080537 -0.035104
vn 0.045120 0.079216 -0.041097
vn 0.043269 0.083622 -0.033692
vn 0.040442 0.082426 -0.039629
vn 0.038717 0.086473 -0.031991
vn 0.085711 0.049675 0.013640
vn 0.087020 0.046896 0.015110
vn 0.088162 0.044129 0.016735
vn 0.089133 0.041387 0.018506
vn 0.089927 0.038682 0.020417
vn 0.090541 0.036026 0.022458
vn 0.090973 0.033431 0.024621
vn 0.091221 0.030909 0.026896
vn 0.091283 0.028470 0.029273
vn 0.091159 0.026126 0.031741
vn 0.090850 0.023888 0.034289
vn 0.090357 0.021764 0.036905
vn 0.089682 0.019765 0.039579
vn 0.088829 0.017900 0.042298
vn 0.087800 0.016176 0.045049
vn 0.086602 0.014603 0.047822
vn 0.085238 0.013185 0.050602
vn 0.083716 0.011931 0.053379
vn 0.082042 0.010846 0.056139
vn 0.080223 0.009933 0.058870
vn 0.078267 0.009199 0.061560
vn 0.076184 0.008645 0.064197
vn 0.073983 0.008274 0.066769
vn 0.071673 0.008089 0.069265
vn 0.069265 0.008089 0.071673
vn 0.066769 0.008274 0.073983
vn 0.064197 0.008645 0.076184
vn 0.061560 0.009199 0.078267
vn 0.058870 0.009933 0.080223
vn 0.056139 0.010846 0.082042
vn 0.053379 0.011931 0.083716
vn 0.050602 0.013185 0.085238
vn 0.047822 0.014603 0.086602
vn 0.045049 0.016176 0.087800
vn 0.042298 0.017900 0.088829
vn 0.039579 0.019765 0.089682
vn 0.036905 0.021764 0.090357
vn 0.034289 0.023888 0.090850
vn 0.031741 0.026126 0.091159
vn 0.029273 0.028470 0.091283
vn 0.026896 0.030909 0.091221
vn 0.024621 0.033431 0.090973
vn 0.022458 0.036026 0.090541
vn 0.020417 0.038682 0.089927
vn 0.018506 0.041387 0.089133
vn 0.016735 0.044129 0.088162
vn 0.015110 0.046896 0.087020
vn 0.013640 0.049675 0.085711
vn 0.012331 0.052455 0.084241
vn 0.011188 0.055221 0.082616
vn 0.010218 0.057963 0.080844
vn 0.009424 0.060668 0.078934
vn 0.008809 0.063324 0.076892
vn 0.008377 0.065919 0.074729
vn 0.008130 0.068442 0.072454
vn 0.008068 0.070880 0.070078
vn 0.008192 0.073224 0.067610
vn 0.008501 0.075463 0.065062
vn 0.008994 0.077587 0.062445
vn 0.009669 0.079586 0.059772
vn 0.010522 0.081451 0.057053
vn 0.011550 0.083174 0.054301
vn 0.012749 0.084748 0.051529
vn 0.014112 0.086165 0.048748
vn 0.015635 0.087419 0.045972
vn 0.017309 0.088505 0.043212
vn 0.019128 0.089417 0.040481
vn 0.021083 0.090152 0.037791
vn 0.023166 0.090706 0.035154
vn 0.025368 0.091076 0.032582
vn 0.083421 0.051530 0.019638
vn 0.084579 0.049070 0.020939
vn 0.085590 0.046621 0.022377
vn 0.086449 0.044195 0.023945
vn 0.087152 0.041801 0.025636
vn 0.087696 0.039450 0.027443
vn 0.088078 0.037154 0.029357
vn 0.088297 0.034921 0.031370
vn 0.088352 0.032763 0.033474
vn 0.088243 0.030689 0.035658
vn 0.087969 0.028707 0.037912
vn 0.087533 0.026828 0.040228
vn 0.086935 0.025059 0.042594
vn 0.086180 0.023408 0.045000
vn 0.085270 0.021883 0.047436
vn 0.084209 0.020490 0.049889
vn 0.083003 0.019236 0.052350
vn 0.081655 0.018126 0.054807
vn 0.080174 0.017165 0.057250
vn 0.078564 0.016358 0.059667
vn 0.076833 0.015708 0.062047
vn 0.074990 0.015218 0.064381
vn 0.073042 0.014890 0.066657
vn 0.070997 0.014725 0.068866
vn 0.068866 0.014725 0.070997
vn 0.066657 0.014890 0.073042
vn 0.064381 0.015218 0.074990
vn 0.062047 0.015708 0.076833
vn 0.059667 0.016358 0.078564
vn 0.057250 0.017165 0.080174
vn 0.054807 0.018126 0.081655
vn 0.052350 0.019236 0.083003
vn 0.049889 0.020490 0.084209
vn 0.047436 0.021883 0.085270
vn 0.045000 0.023408 0.086180
vn 0.042594 0.025059 0.086935
vn 0.040228 0.026828 0.087533
vn 0.037912 0.028707 0.087969
vn 0.035658 0.030689 0.088243
vn 0.033474 0.032763 0.088352
vn 0.031370 0.034921 0.088297
vn 0.029357 0.037154 0.088078
vn 0.027443 0.039450 0.087696
vn 0.025636 0.041801 0.087152
vn 0.023945 0.044195 0.086449
vn 0.022377 0.046621 0.085590
vn 0.020939 0.049070 0.084579
vn 0.019638 0.051530 0.083421
vn 0.018480 0.053989 0.082120
vn 0.017469 0.056438 0.080682
vn 0.016610 0.058865 0.079114
vn 0.015907 0.061259 0.077423
vn 0.015363 0.063609 0.075617
vn 0.014981 0.065906 0.073702
vn 0.014762 0.068138 0.071689
vn 0.014707 0.070296 0.069586
vn 0.014817 0.072371 0.067402
vn 0.015090 0.074352 0.065147
vn 0.015527 0.076231 0.062831
vn 0.016124 0.078000 0.060465
vn 0.016879 0.079651 0.058059
vn 0.017789 0.081176 0.055624
vn 0.018850 0.082569 0.053170
vn 0.020056 0.083823 0.050709
vn 0.021404 0.084933 0.048252
vn 0.022886 0.085894 0.045809
vn 0.024495 0.086701 0.043392
vn 0.026226 0.087351 0.041012
vn 0.028069 0.087841 0.038678
vn 0.084241 0.052455 0.012331
vn 0.082616 0.055221 0.011188
vn 0.080844 0.057963 0.010218
vn 0.078934 0.060668 0.009424
vn 0.076892 0.063324 0.008809
vn 0.074729 0.065919 0.008377
vn 0.072454 0.068442 0.008130
vn 0.070078 0.070880 0.008068
vn 0.067610 0.073224 0.008192
vn 0.065062 0.075463 0.008501
vn 0.062445 0.077587 0.008994
vn 0.059772 0.079586 0.009669
vn 0.057053 0.081451 0.010522
vn 0.054301 0.083174 0.011550
vn 0.051529 0.084748 0.012749
vn 0.048748 0.086165 0.014112
vn 0.045972 0.087419 0.015635
vn 0.044581 0.087987 0.016458
vn 0.043212 0.088505 0.017309
vn 0.040481 0.089417 0.019128
vn 0.037791 0.090152 0.021083
vn 0.035154 0.090706 0.023166
vn 0.080758 0.053154 0.025549
vn 0.081761 0.051025 0.026675
vn 0.082636 0.048905 0.027920
vn 0.083380 0.046805 0.029277
vn 0.083988 0.044732 0.030741
vn 0.084459 0.042698 0.032304
vn 0.084790 0.040710 0.033961
vn 0.084979 0.038778 0.035704
vn 0.085027 0.036910 0.037525
vn 0.084932 0.035114 0.039415
vn 0.084695 0.033399 0.041367
vn 0.084318 0.031772 0.043371
vn 0.083801 0.030241 0.045419
vn 0.083147 0.028812 0.047502
vn 0.082359 0.027492 0.049610
vn 0.081441 0.026286 0.051734
vn 0.080397 0.025201 0.053864
vn 0.079230 0.024240 0.055991
vn 0.077948 0.023408 0.058105
vn 0.076554 0.022710 0.060197
vn 0.075056 0.022147 0.062258
vn 0.073461 0.021723 0.064278
vn 0.071774 0.021439 0.066248
vn 0.070005 0.021296 0.068160
vn 0.068160 0.021296 0.070005
vn 0.066248 0.021439 0.071774
vn 0.064278 0.021723 0.073461
vn 0.062258 0.022147 0.075056
vn 0.060197 0.022710 0.076554
vn 0.058105 0.023408 0.077948
vn 0.055991 0.024240 0.079230
vn 0.053864 0.025201 0.080397
vn 0.051734 0.026286 0.081441
vn 0.049610 0.027492 0.082359
vn 0.047502 0.028812 0.083147
vn 0.045419 0.030241 0.083801
vn 0.043371 0.031772 0.084318
vn 0.041367 0.033399 0.084695
vn 0.039415 0.035114 0.084932
vn 0.037525 0.036910 0.085027
vn 0.035704 0.038778 0.084979
vn 0.033961 0.040710 0.084790
vn 0.032304 0.042698 0.084459
vn 0.030741 0.044732 0.083988
vn 0.029277 0.046805 0.083380
vn 0.027920 0.048905 0.082636
vn 0.026675 0.051025 0.081761
vn 0.025549 0.053154 0.080758
vn 0.024546 0.055283 0.079632
vn 0.023671 0.057402 0.078388
vn 0.022928 0.059503 0.077031
vn 0.022319 0.061575 0.075567
vn 0.021849 0.063610 0.074003
vn 0.021518 0.065597 0.072346
vn 0.021328 0.067530 0.070603
vn 0.021281 0.069398 0.068783
vn 0.021375 0.071193 0.066892
vn 0.021612 0.072908 0.064941
vn 0.021990 0.074535 0.062936
vn 0.022507 0.076066 0.060888
vn 0.023161 0.077495 0.058805
vn 0.023948 0.078815 0.056697
vn 0.024866 0.080021 0.054574
vn 0.025911 0.081107 0.052444
vn 0.027077 0.082067 0.050317
vn 0.028360 0.082899 0.048202
vn 0.029753 0.083598 0.046110
vn 0.031251 0.084161 0.044050
vn 0.082120 0.053989 0.018480
vn 0.080682 0.056438 0.017469
vn 0.079114 0.058865 0.016610
vn 0.077423 0.061259 0.015907
vn 0.075617 0.063609 0.015363
vn 0.073702 0.065906 0.014981
vn 0.071689 0.068138 0.014762
vn 0.069586 0.070296 0.014707
vn 0.067402 0.072371 0.014817
vn 0.065147 0.074352 0.015090
vn 0.062831 0.076231 0.015527
vn 0.060465 0.078000 0.016124
vn 0.058059 0.079651 0.016879
vn 0.055624 0.081176 0.017789
vn 0.053170 0.082569 0.018850
vn 0.050709 0.083823 0.020056
vn 0.048252 0.084933 0.021404
vn 0.047175 0.085374 0.022040
vn 0.045809 0.085894 0.022886
vn 0.043392 0.086701 0.024495
vn 0.041012 0.087351 0.026226
vn 0.038678 0.087841 0.028069
vn 0.036402 0.088169 0.030017
vn 0.077735 0.054540 0.031346
vn 0.078578 0.052752 0.032292
vn 0.079313 0.050971 0.033338
vn 0.079938 0.049206 0.034478
vn 0.080449 0.047465 0.035708
vn 0.080845 0.045755 0.037022
vn 0.081123 0.044085 0.038414
vn 0.081282 0.042461 0.039878
vn 0.081322 0.040891 0.041408
vn 0.081242 0.039383 0.042997
vn 0.081043 0.037942 0.044637
vn 0.080726 0.036575 0.046321
vn 0.080292 0.035288 0.048042
vn 0.079742 0.034088 0.049792
vn 0.079080 0.032978 0.051563
vn 0.078309 0.031965 0.053347
vn 0.077431 0.031053 0.055137
vn 0.076451 0.030246 0.056924
vn 0.075374 0.029547 0.058701
vn 0.074203 0.028960 0.060459
vn 0.072944 0.028487 0.062190
vn 0.071603 0.028130 0.063888
vn 0.070187 0.027892 0.065543
vn 0.068700 0.027772 0.067150
vn 0.067150 0.027772 0.068700
vn 0.065543 0.027892 0.070187
vn 0.063888 0.028130 0.071603
vn 0.062190 0.028487 0.072944
vn 0.060459 0.028960 0.074203
vn 0.058701 0.029547 0.075374
vn 0.056924 0.030246 0.076451
vn 0.055137 0.031053 0.077431
vn 0.053347 0.031965 0.078309
vn 0.051563 0.032978 0.079080
vn 0.049792 0.034088 0.079742
vn 0.048042 0.035288 0.080292
vn 0.046321 0.036575 0.080726
vn 0.044637 0.037942 0.081043
vn 0.042997 0.039383 0.081242
vn 0.041408 0.040891 0.081322
vn 0.039878 0.042461 0.081282
vn 0.038414 0.044085 0.081123
vn 0.037022 0.045755 0.080845
vn 0.035708 0.047465 0.080449
vn 0.034478 0.049206 0.079938
vn 0.033338 0.050971 0.079313
vn 0.032292 0.052752 0.078578
vn 0.031346 0.054540 0.077735
vn 0.030503 0.056329 0.076789
vn 0.029768 0.058110 0.075743
vn 0.029143 0.059875 0.074603
vn 0.028632 0.061616 0.073373
vn 0.028236 0.063326 0.072059
vn 0.027958 0.064996 0.070667
vn 0.027799 0.066620 0.069203
vn 0.027759 0.068190 0.067673
vn 0.027839 0.069698 0.066084
vn 0.028038 0.071139 0.064444
vn 0.028355 0.072506 0.062760
vn 0.028789 0.073793 0.061039
vn 0.029339 0.074993 0.059289
vn 0.030001 0.076103 0.057518
vn 0.030772 0.077116 0.055734
vn 0.031650 0.078028 0.053944
vn 0.032630 0.078835 0.052157
vn 0.033707 0.079534 0.050380
vn 0.034878 0.080121 0.048622
vn 0.079632 0.055283 0.024546
vn 0.078388 0.057402 0.023671
vn 0.077031 0.059503 0.022928
vn 0.075567 0.061575 0.022319
vn 0.074003 0.063610 0.021849
vn 0.072346 0.065597 0.021518
vn 0.070603 0.067530 0.021328
vn 0.068783 0.069398 0.021281
vn 0.066892 0.071193 0.021375
vn 0.064941 0.072908 0.021612
vn 0.062936 0.074535 0.021990
vn 0.060888 0.076066 0.022507
vn 0.058805 0.077495 0.023161
vn 0.056697 0.078815 0.023948
vn 0.054574 0.080021 0.024866
vn 0.052444 0.081107 0.025911
vn 0.050317 0.082067 0.027077
vn 0.049517 0.082396 0.027548
vn 0.048202 0.082899 0.028360
vn 0.046110 0.083598 0.029753
vn 0.044050 0.084161 0.031251
vn 0.042030 0.084585 0.032847
vn 0.040059 0.084869 0.034533
vn 0.038147 0.085011 0.036303
vn 0.074365 0.055684 0.037002
vn 0.075044 0.054243 0.037764
vn 0.075636 0.052808 0.038607
vn 0.076139 0.051387 0.039525
vn 0.076551 0.049985 0.040516
vn 0.076869 0.048608 0.041574
vn 0.077093 0.047262 0.042695
vn 0.077222 0.045955 0.043875
vn 0.077254 0.044690 0.045107
vn 0.077190 0.043475 0.046386
vn 0.077029 0.042315 0.047707
vn 0.076774 0.041214 0.049063
vn 0.076424 0.040178 0.050450
vn 0.075981 0.039211 0.051859
vn 0.075448 0.038317 0.053285
vn 0.074827 0.037501 0.054723
vn 0.074120 0.036767 0.056164
vn 0.073331 0.036116 0.057604
vn 0.072463 0.035554 0.059034
vn 0.071520 0.035081 0.060450
vn 0.070506 0.034700 0.061845
vn 0.069426 0.034413 0.063212
vn 0.068285 0.034221 0.064545
vn 0.067088 0.034124 0.065839
vn 0.065839 0.034124 0.067088
vn 0.064545 0.034221 0.068285
vn 0.063212 0.034413 0.069426
vn 0.061845 0.034700 0.070506
vn 0.060450 0.035081 0.071520
vn 0.059034 0.035554 0.072463
vn 0.057604 0.036116 0.073331
vn 0.056164 0.036767 0.074120
vn 0.054723 0.037501 0.074827
vn 0.053285 0.038317 0.075448
vn 0.051859 0.039211 0.075981
vn 0.050450 0.040178 0.076424
vn 0.049063 0.041214 0.076774
vn 0.047707 0.042315 0.077029
vn 0.046386 0.043475 0.077190
vn 0.045107 0.044690 0.077254
vn 0.043875 0.045955 0.077222
vn 0.042695 0.047262 0.077093
vn 0.041574 0.048608 0.076869
vn 0.040516 0.049985 0.076551
vn 0.039525 0.051387 0.076139
vn 0.038607 0.052808 0.075636
vn 0.037764 0.054243 0.075044
vn 0.037002 0.055684 0.074365
vn 0.036324 0.057124 0.073603
vn 0.035731 0.058559 0.072761
vn 0.035228 0.059980 0.071842
vn 0.034816 0.061383 0.070852
vn 0.034498 0.062760 0.069793
vn 0.034274 0.064105 0.068672
vn 0.034146 0.065413 0.067493
vn 0.034114 0.066677 0.066261
vn 0.034178 0.067892 0.064981
vn 0.034338 0.069053 0.063660
vn 0.034594 0.070153 0.062304
vn 0.034943 0.071190 0.060918
vn 0.035386 0.072157 0.059508
vn 0.035919 0.073050 0.058082
vn 0.036540 0.073866 0.056645
vn 0.037247 0.074601 0.055203
vn 0.038036 0.075251 0.053764
vn 0.038904 0.075814 0.052333
vn 0.076789 0.056329 0.030503
vn 0.075743 0.058110 0.029768
vn 0.074603 0.059875 0.029143
vn 0.073373 0.061616 0.028632
vn 0.072059 0.063326 0.028236
vn 0.070667 0.064996 0.027958
vn 0.069203 0.066620 0.027799
vn 0.067673 0.068190 0.027759
vn 0.066084 0.069698 0.027839
vn 0.064444 0.071139 0.028038
vn 0.062760 0.072506 0.028355
vn 0.061039 0.073793 0.028789
vn 0.059289 0.074993 0.029339
vn 0.057518 0.076103 0.030001
vn 0.055734 0.077116 0.030772
vn 0.053944 0.078028 0.031650
vn 0.052157 0.078835 0.032630
vn 0.051597 0.079067 0.032958
vn 0.050380 0.079534 0.033707
vn 0.048622 0.080121 0.034878
vn 0.046891 0.080594 0.036137
vn 0.045193 0.080951 0.037477
vn 0.043538 0.081189 0.038894
vn 0.041931 0.081309 0.040381
vn 0.040381 0.081309 0.041931
vn 0.070663 0.056578 0.042494
vn 0.071174 0.055492 0.043068
vn 0.071621 0.054410 0.043703
vn 0.072000 0.053339 0.044395
vn 0.072311 0.052281 0.045142
vn 0.072551 0.051243 0.045940
vn 0.072720 0.050229 0.046786
vn 0.072816 0.049243 0.047675
vn 0.072841 0.048290 0.048604
vn 0.072792 0.047374 0.049568
vn 0.072671 0.046499 0.050564
vn 0.072479 0.045669 0.051587
vn 0.072215 0.044888 0.052632
vn 0.071881 0.044158 0.053695
vn 0.071479 0.043485 0.054770
vn 0.071011 0.042870 0.055854
vn 0.070478 0.042316 0.056940
vn 0.069883 0.041826 0.058026
vn 0.069229 0.041401 0.059104
vn 0.068518 0.041045 0.060172
vn 0.067753 0.040758 0.061223
vn 0.066939 0.040541 0.062254
vn 0.066079 0.040396 0.063259
vn 0.065176 0.040324 0.064235
vn 0.064235 0.040324 0.065176
vn 0.063259 0.040396 0.066079
vn 0.062254 0.040541 0.066939
vn 0.061223 0.040758 0.067753
vn 0.060172 0.041045 0.068518
vn 0.059104 0.041401 0.069229
vn 0.058026 0.041826 0.069883
vn 0.056940 0.042316 0.070478
vn 0.055854 0.042870 0.071011
vn 0.054770 0.043485 0.071479
vn 0.053695 0.044158 0.071881
vn 0.052632 0.044888 0.072215
vn 0.051587 0.045669 0.072479
vn 0.050564 0.046499 0.072671
vn 0.049568 0.047374 0.072792
vn 0.048604 0.048290 0.072841
vn 0.047675 0.049243 0.072816
vn 0.046786 0.050229 0.072720
vn 0.045940 0.051243 0.072551
vn 0.045142 0.052281 0.072311
vn 0.044395 0.053339 0.072000
vn 0.043703 0.054410 0.071621
vn 0.043068 0.055492 0.071174
vn 0.042494 0.056578 0.070663
vn 0.041982 0.057664 0.070088
vn 0.041535 0.058746 0.069453
vn 0.041156 0.059818 0.068761
vn 0.040846 0.060875 0.068014
vn 0.040605 0.061913 0.067216
vn 0.040437 0.062927 0.066371
vn 0.040340 0.063913 0.065481
vn 0.040316 0.064866 0.064552
vn 0.040364 0.065782 0.063588
vn 0.040485 0.066657 0.062592
vn 0.040678 0.067487 0.061569
vn 0.040941 0.068269 0.060524
vn 0.041275 0.068998 0.059462
vn 0.041677 0.069671 0.058386
vn 0.042145 0.070286 0.057303
vn 0.042678 0.070840 0.056216
vn 0.043273 0.071331 0.055131
vn 0.073603 0.057124 0.036324
vn 0.072761 0.058559 0.035731
vn 0.071842 0.059980 0.035228
vn 0.070852 0.061383 0.034816
vn 0.069793 0.062760 0.034498
vn 0.068672 0.064105 0.034274
vn 0.067493 0.065413 0.034146
vn 0.066261 0.066677 0.034114
vn 0.064981 0.067892 0.034178
vn 0.063660 0.069053 0.034338
vn 0.062304 0.070153 0.034594
vn 0.060918 0.071190 0.034943
vn 0.059508 0.072157 0.035386
vn 0.058082 0.073050 0.035919
vn 0.056645 0.073866 0.036540
vn 0.055203 0.074601 0.037247
vn 0.053764 0.075251 0.038036
vn 0.053403 0.075401 0.038247
vn 0.052333 0.075814 0.038904
vn 0.050917 0.076287 0.039847
vn 0.049522 0.076667 0.040861
vn 0.048155 0.076955 0.041941
vn 0.046822 0.077147 0.043082
vn 0.045528 0.077243 0.044280
vn 0.044280 0.077243 0.045528
vn 0.043082 0.077147 0.046822
vn 0.066645 0.057220 0.047795
vn 0.066987 0.056493 0.048180
vn 0.067286 0.055769 0.048604
vn 0.067540 0.055052 0.049068
vn 0.067747 0.054345 0.049568
vn 0.067908 0.053650 0.050101
vn 0.068021 0.052971 0.050667
vn 0.068086 0.052312 0.051262
vn 0.068102 0.051674 0.051884
vn 0.068070 0.051061 0.052529
vn 0.067989 0.050475 0.053196
vn 0.067860 0.049920 0.053880
vn 0.067683 0.049397 0.054579
vn 0.067460 0.048909 0.055290
vn 0.067191 0.048458 0.056010
vn 0.066878 0.048047 0.056735
vn 0.066521 0.047676 0.057462
vn 0.066123 0.047348 0.058189
vn 0.065685 0.047064 0.058910
vn 0.065209 0.046826 0.059625
vn 0.064698 0.046634 0.060328
vn 0.064153 0.046489 0.061018
vn 0.063577 0.046392 0.061691
vn 0.062973 0.046343 0.062343
vn 0.062343 0.046343 0.062973
vn 0.061691 0.046392 0.063577
vn 0.061018 0.046489 0.064153
vn 0.060328 0.046634 0.064698
vn 0.059625 0.046826 0.065209
vn 0.058910 0.047064 0.065685
vn 0.058189 0.047348 0.066123
vn 0.057462 0.047676 0.066521
vn 0.056735 0.048047 0.066878
vn 0.056010 0.048458 0.067191
vn 0.055290 0.048909 0.067460
vn 0.054579 0.049397 0.067683
vn 0.053880 0.049920 0.067860
vn 0.053196 0.050475 0.067989
vn 0.052529 0.051061 0.068070
vn 0.051884 0.051674 0.068102
vn 0.051262 0.052312 0.068086
vn 0.050667 0.052971 0.068021
vn 0.050101 0.053650 0.067908
vn 0.049568 0.054345 0.067747
vn 0.049068 0.055052 0.067540
vn 0.048604 0.055769 0.067286
vn 0.048180 0.056493 0.066987
vn 0.047795 0.057220 0.066645
vn 0.047453 0.057947 0.066260
vn 0.047154 0.058670 0.065835
vn 0.046900 0.059388 0.065372
vn 0.046692 0.060095 0.064872
vn 0.046532 0.060790 0.064338
vn 0.046419 0.061468 0.063773
vn 0.046354 0.062128 0.063178
vn 0.046338 0.062766 0.062556
vn 0.046370 0.063379 0.061911
vn 0.046451 0.063965 0.061244
vn 0.046580 0.064520 0.060560
vn 0.046756 0.065043 0.059861
vn 0.046980 0.065531 0.059149
vn 0.047249 0.065981 0.058430
vn 0.047562 0.066393 0.057705
vn 0.047919 0.066764 0.056977
vn 0.070088 0.057664 0.041982
vn 0.069453 0.058746 0.041535
vn 0.068761 0.059818 0.041156
vn 0.068014 0.060875 0.040846
vn 0.067216 0.061913 0.040605
vn 0.066371 0.062927 0.040437
vn 0.065481 0.063913 0.040340
vn 0.064552 0.064866 0.040316
vn 0.063588 0.065782 0.040364
vn 0.062592 0.066657 0.040485
vn 0.061569 0.067487 0.040678
vn 0.060524 0.068269 0.040941
vn 0.059462 0.068998 0.041275
vn 0.058386 0.069671 0.041677
vn 0.057303 0.070286 0.042145
vn 0.056216 0.070840 0.042678
vn 0.055131 0.071331 0.043273
vn 0.054927 0.071416 0.043392
vn 0.054052 0.071755 0.043928
vn 0.052984 0.072111 0.044639
vn 0.051933 0.072399 0.045403
vn 0.050902 0.072615 0.046217
vn 0.049897 0.072760 0.047077
vn 0.048922 0.072833 0.047980
vn 0.047980 0.072833 0.048922
vn 0.047077 0.072760 0.049897
vn 0.046217 0.072615 0.050902
vn 0.066260 0.057947 0.047453
vn 0.065835 0.058670 0.047154
vn 0.065372 0.059388 0.046900
vn 0.064872 0.060095 0.046692
vn 0.064338 0.060790 0.046532
vn 0.063773 0.061468 0.046419
vn 0.063178 0.062128 0.046354
vn 0.062556 0.062766 0.046338
vn 0.061911 0.063379 0.046370
vn 0.061244 0.063965 0.046451
vn 0.060560 0.064520 0.046580
vn 0.059861 0.065043 0.046756
vn 0.059149 0.065531 0.046980
vn 0.058430 0.065981 0.047249
vn 0.057705 0.066393 0.047562
vn 0.056977 0.066764 0.047919
vn 0.056251 0.067092 0.048317
vn 0.056160 0.067130 0.048370
vn 0.055529 0.067376 0.048755
vn 0.054815 0.067614 0.049230
vn 0.054112 0.067806 0.049742
vn 0.053422 0.067951 0.050287
vn 0.052749 0.068048 0.050862
vn 0.052096 0.068097 0.051467
vn 0.051467 0.068097 0.052096
vn 0.050862 0.068048 0.052749
vn 0.050287 0.067951 0.053422
vn 0.049742 0.067806 0.054112
vn 0.057121 0.062553 0.053145
vn -0.066123 -0.047348 -0.058189
vn -0.065685 -0.047064 -0.058910
vn -0.065209 -0.046826 -0.059625
vn -0.064698 -0.046634 -0.060328
vn -0.064153 -0.046489 -0.061018
vn -0.063577 -0.046392 -0.061691
vn -0.062973 -0.046343 -0.062343
vn -0.062343 -0.046343 -0.062973
vn -0.061691 -0.046392 -0.063577
vn -0.069883 -0.041826 -0.058026
vn -0.069229 -0.041401 -0.059104
vn -0.068518 -0.041045 -0.060172
vn -0.067753 -0.040758 -0.061223
vn -0.066939 -0.040541 -0.062254
vn -0.066079 -0.040396 -0.063259
vn -0.065176 -0.040324 -0.064235
vn -0.064235 -0.040324 -0.065176
vn -0.063259 -0.040396 -0.066079
vn -0.066521 -0.047676 -0.057462
vn -0.066878 -0.048047 -0.056735
vn -0.067191 -0.048458 -0.056010
vn -0.067460 -0.048909 -0.055290
vn -0.067683 -0.049397 -0.054579
vn -0.067860 -0.049920 -0.053880
vn -0.067989 -0.050475 -0.053196
vn -0.068070 -0.051061 -0.052529
vn -0.068102 -0.051674 -0.051884
vn -0.068086 -0.052312 -0.051262
vn -0.068021 -0.052971 -0.050667
vn -0.067908 -0.053650 -0.050101
vn -0.067747 -0.054345 -0.049568
vn -0.067540 -0.055052 -0.049068
vn -0.067286 -0.055769 -0.048604
vn -0.066987 -0.056493 -0.048180
vn -0.066645 -0.057220 -0.047795
vn -0.066260 -0.057947 -0.047453
vn -0.065835 -0.058670 -0.047154
vn -0.065372 -0.059388 -0.046900
vn -0.064872 -0.060095 -0.046692
vn -0.064338 -0.060790 -0.046532
vn -0.063773 -0.061468 -0.046419
vn -0.063178 -0.062128 -0.046354
vn -0.062556 -0.062766 -0.046338
vn -0.061911 -0.063379 -0.046370
vn -0.061244 -0.063965 -0.046451
vn -0.060560 -0.064520 -0.046580
vn -0.059861 -0.065043 -0.046756
vn -0.059149 -0.065531 -0.046980
vn -0.058430 -0.065981 -0.047249
vn -0.057705 -0.066393 -0.047562
vn -0.056977 -0.066764 -0.047919
vn -0.056251 -0.067092 -0.048317
vn -0.055529 -0.067376 -0.048755
vn -0.054815 -0.067614 -0.049230
vn -0.054112 -0.067806 -0.049742
vn -0.053422 -0.067951 -0.050287
vn -0.052749 -0.068048 -0.050862
vn -0.052096 -0.068097 -0.051467
vn -0.051467 -0.068097 -0.052096
vn -0.050862 -0.068048 -0.052749
vn -0.050287 -0.067951 -0.053422
vn -0.049742 -0.067806 -0.054112
vn -0.049230 -0.067614 -0.054815
vn -0.048755 -0.067376 -0.055529
vn -0.048317 -0.067092 -0.056251
vn -0.047919 -0.066764 -0.056977
vn -0.047562 -0.066393 -0.057705
vn -0.047249 -0.065981 -0.058430
vn -0.046980 -0.065531 -0.059149
vn -0.046756 -0.065043 -0.059861
vn -0.046580 -0.064520 -0.060560
vn -0.046451 -0.063965 -0.061244
vn -0.046370 -0.063379 -0.061911
vn -0.046338 -0.062766 -0.062556
vn -0.046354 -0.062128 -0.063178
vn -0.046419 -0.061468 -0.063773
vn -0.046532 -0.060790 -0.064338
vn -0.046692 -0.060095 -0.064872
vn -0.046900 -0.059388 -0.065372
vn -0.047154 -0.058670 -0.065835
vn -0.073331 -0.036116 -0.057604
vn -0.072463 -0.035554 -0.059034
vn -0.071520 -0.035081 -0.060450
vn -0.070506 -0.034700 -0.061845
vn -0.069426 -0.034413 -0.063212
vn -0.068285 -0.034221 -0.064545
vn -0.067088 -0.034124 -0.065839
vn -0.065839 -0.034124 -0.067088
vn -0.064545 -0.034221 -0.068285
vn -0.070478 -0.042316 -0.056940
vn -0.071011 -0.042870 -0.055854
vn -0.071479 -0.043485 -0.054770
vn -0.071881 -0.044158 -0.053695
vn -0.072215 -0.044888 -0.052632
vn -0.072479 -0.045669 -0.051587
vn -0.072671 -0.046499 -0.050564
vn -0.072792 -0.047374 -0.049568
vn -0.072841 -0.048290 -0.048604
vn -0.072816 -0.049243 -0.047675
vn -0.072720 -0.050229 -0.046786
vn -0.072551 -0.051243 -0.045940
vn -0.072311 -0.052281 -0.045142
vn -0.072000 -0.053339 -0.044395
vn -0.071621 -0.054410 -0.043703
vn -0.071174 -0.055492 -0.043068
vn -0.070663 -0.056578 -0.042494
vn -0.070088 -0.057664 -0.041982
vn -0.069453 -0.058746 -0.041535
vn -0.068761 -0.059818 -0.041156
vn -0.068014 -0.060875 -0.040846
vn -0.067216 -0.061913 -0.040605
vn -0.066371 -0.062927 -0.040437
vn -0.065481 -0.063913 -0.040340
vn -0.064552 -0.064866 -0.040316
vn -0.063588 -0.065782 -0.040364
vn -0.062592 -0.066657 -0.040485
vn -0.061569 -0.067487 -0.040678
vn -0.060524 -0.068269 -0.040941
vn -0.059462 -0.068998 -0.041275
vn -0.058386 -0.069671 -0.041677
vn -0.057303 -0.070286 -0.042145
vn -0.056216 -0.070840 -0.042678
vn -0.055131 -0.071331 -0.043273
vn -0.054052 -0.071755 -0.043928
vn -0.052984 -0.072111 -0.044639
vn -0.051933 -0.072399 -0.045403
vn -0.050902 -0.072615 -0.046217
vn -0.049897 -0.072760 -0.047077
vn -0.048922 -0.072833 -0.047980
vn -0.047980 -0.072833 -0.048922
vn -0.047077 -0.072760 -0.049897
vn -0.046217 -0.072615 -0.050902
vn -0.045403 -0.072399 -0.051933
vn -0.044639 -0.072111 -0.052984
vn -0.043928 -0.071755 -0.054052
vn -0.043273 -0.071331 -0.055131
vn -0.042678 -0.070840 -0.056216
vn -0.042145 -0.070286 -0.057303
vn -0.041677 -0.069671 -0.058386
vn -0.041275 -0.068998 -0.059462
vn -0.040941 -0.068269 -0.060524
vn -0.040678 -0.067487 -0.061569
vn -0.040485 -0.066657 -0.062592
vn -0.040364 -0.065782 -0.063588
vn -0.040316 -0.064866 -0.064552
vn -0.040340 -0.063913 -0.065481
vn -0.040437 -0.062927 -0.066371
vn -0.040605 -0.061913 -0.067216
vn -0.040846 -0.060875 -0.068014
vn -0.041156 -0.059818 -0.068761
vn -0.041535 -0.058746 -0.069453
vn -0.076451 -0.030246 -0.056924
vn -0.075374 -0.029547 -0.058701
vn -0.074203 -0.028960 -0.060459
vn -0.072944 -0.028487 -0.062190
vn -0.071603 -0.028130 -0.063888
vn -0.070187 -0.027892 -0.065543
vn -0.068700 -0.027772 -0.067150
vn -0.067150 -0.027772 -0.068700
vn -0.065543 -0.027892 -0.070187
vn -0.074120 -0.036767 -0.056164
vn -0.074827 -0.037501 -0.054723
vn -0.075448 -0.038317 -0.053285
vn -0.075981 -0.039211 -0.051859
vn -0.076424 -0.040178 -0.050450
vn -0.076774 -0.041214 -0.049063
vn -0.077029 -0.042315 -0.047707
vn -0.077190 -0.043475 -0.046386
vn -0.077254 -0.044690 -0.045107
vn -0.077222 -0.045955 -0.043875
vn -0.077093 -0.047262 -0.042695
vn -0.076869 -0.048608 -0.041574
vn -0.076551 -0.049985 -0.040516
vn -0.076139 -0.051387 -0.039525
vn -0.075636 -0.052808 -0.038607
vn -0.075044 -0.054243 -0.037764
vn -0.074365 -0.055684 -0.037002
vn -0.073603 -0.057124 -0.036324
vn -0.072761 -0.058559 -0.035731
vn -0.071842 -0.059980 -0.035228
vn -0.070852 -0.061383 -0.034816
vn -0.069793 -0.062760 -0.034498
vn -0.068672 -0.064105 -0.034274
vn -0.067493 -0.065413 -0.034146
vn -0.066261 -0.066677 -0.034114
vn -0.064981 -0.067892 -0.034178
vn -0.063660 -0.069053 -0.034338
vn -0.062304 -0.070153 -0.034594
vn -0.060918 -0.071190 -0.034943
vn -0.059508 -0.072157 -0.035386
vn -0.058082 -0.073050 -0.035919
vn -0.056645 -0.073866 -0.036540
vn -0.055203 -0.074601 -0.037247
vn -0.053764 -0.075251 -0.038036
vn -0.052333 -0.075814 -0.038904
vn -0.050917 -0.076287 -0.039847
vn -0.049522 -0.076667 -0.040861
vn -0.048155 -0.076955 -0.041941
vn -0.046822 -0.077147 -0.043082
vn -0.045528 -0.077243 -0.044280
vn -0.044280 -0.077243 -0.045528
vn -0.043082 -0.077147 -0.046822
vn -0.041941 -0.076955 -0.048155
vn -0.040861 -0.076667 -0.049522
vn -0.039847 -0.076287 -0.050917
vn -0.038904 -0.075814 -0.052333
vn -0.038036 -0.075251 -0.053764
vn -0.037247 -0.074601 -0.055203
vn -0.036540 -0.073866 -0.056645
vn -0.035919 -0.073050 -0.058082
vn -0.035386 -0.072157 -0.059508
vn -0.034943 -0.071190 -0.060918
vn -0.034594 -0.070153 -0.062304
vn -0.034338 -0.069053 -0.063660
vn -0.034178 -0.067892 -0.064981
vn -0.034114 -0.066677 -0.066261
vn -0.034146 -0.065413 -0.067493
vn -0.034274 -0.064105 -0.068672
vn -0.034498 -0.062760 -0.069793
vn -0.034816 -0.061383 -0.070852
vn -0.035228 -0.059980 -0.071842
vn -0.035731 -0.058559 -0.072761
vn -0.079230 -0.024240 -0.055991
vn -0.077948 -0.023408 -0.058105
vn -0.076554 -0.022710 -0.060197
vn -0.075056 -0.022147 -0.062258
vn -0.073461 -0.021723 -0.064278
vn -0.071774 -0.021439 -0.066248
vn -0.070005 -0.021296 -0.068160
vn -0.068160 -0.021296 -0.070005
vn -0.066248 -0.021439 -0.071774
vn -0.077431 -0.031053 -0.055137
vn -0.078309 -0.031965 -0.053347
vn -0.079080 -0.032978 -0.051563
vn -0.079742 -0.034088 -0.049792
vn -0.080292 -0.035288 -0.048042
vn -0.080726 -0.036575 -0.046321
vn -0.081043 -0.037942 -0.044637
vn -0.081242 -0.039383 -0.042997
vn -0.081322 -0.040891 -0.041408
vn -0.081282 -0.042461 -0.039878
vn -0.081123 -0.044085 -0.038414
vn -0.080845 -0.045755 -0.037022
vn -0.080449 -0.047465 -0.035708
vn -0.079938 -0.049206 -0.034478
vn -0.079313 -0.050971 -0.033338
vn -0.078578 -0.052752 -0.032292
vn -0.077735 -0.054540 -0.031346
vn -0.076789 -0.056329 -0.030503
vn -0.075743 -0.058110 -0.029768
vn -0.074603 -0.059875 -0.029143
vn -0.073373 -0.061616 -0.028632
vn -0.072059 -0.063326 -0.028236
vn -0.070667 -0.064996 -0.027958
vn -0.069203 -0.066620 -0.027799
vn -0.067673 -0.068190 -0.027759
vn -0.066084 -0.069698 -0.027839
vn -0.064444 -0.071139 -0.028038
vn -0.062760 -0.072506 -0.028355
vn -0.061039 -0.073793 -0.028789
vn -0.059289 -0.074993 -0.029339
vn -0.057518 -0.076103 -0.030001
vn -0.055734 -0.077116 -0.030772
vn -0.053944 -0.078028 -0.031650
vn -0.052157 -0.078835 -0.032630
vn -0.050380 -0.079534 -0.033707
vn -0.048622 -0.080121 -0.034878
vn -0.046891 -0.080594 -0.036137
vn -0.045193 -0.080951 -0.037477
vn -0.043538 -0.081189 -0.038894
vn -0.041931 -0.081309 -0.040381
vn -0.040381 -0.081309 -0.041931
vn -0.038894 -0.081189 -0.043538
vn -0.037477 -0.080951 -0.045193
vn -0.036137 -0.080594 -0.046891
vn -0.034878 -0.080121 -0.048622
vn -0.033707 -0.079534 -0.050380
vn -0.032630 -0.078835 -0.052157
vn -0.031650 -0.078028 -0.053944
vn -0.030772 -0.077116 -0.055734
vn -0.030001 -0.076103 -0.057518
vn -0.029339 -0.074993 -0.059289
vn -0.028789 -0.073793 -0.061039
vn -0.028355 -0.072506 -0.062760
vn -0.028038 -0.071139 -0.064444
vn -0.027839 -0.069698 -0.066084
vn -0.027759 -0.068190 -0.067673
vn -0.027799 -0.066620 -0.069203
vn -0.027958 -0.064996 -0.070667
vn -0.028236 -0.063326 -0.072059
vn -0.028632 -0.061616 -0.073373
vn -0.029143 -0.059875 -0.074603
vn -0.029768 -0.058110 -0.075743
vn -0.081655 -0.018126 -0.054807
vn -0.080174 -0.017165 -0.057250
vn -0.078564 -0.016358 -0.059667
vn -0.076833 -0.015708 -0.062047
vn -0.074990 -0.015218 -0.064381
vn -0.073042 -0.014890 -0.066657
vn -0.070997 -0.014725 -0.068866
vn -0.068866 -0.014725 -0.070997
vn -0.066657 -0.014890 -0.073042
vn -0.080397 -0.025201 -0.053864
vn -0.081441 -0.026286 -0.051734
vn -0.082359 -0.027492 -0.049610
vn -0.083147 -0.028812 -0.047502
vn -0.083801 -0.030241 -0.045419
vn -0.084318 -0.031772 -0.043371
vn -0.084695 -0.033399 -0.041367
vn -0.084932 -0.035114 -0.039415
vn -0.085027 -0.036910 -0.037525
vn -0.084979 -0.038778 -0.035704
vn -0.084790 -0.040710 -0.033961
vn -0.084459 -0.042698 -0.032304
vn -0.083988 -0.044732 -0.030741
vn -0.083380 -0.046805 -0.029277
vn -0.082636 -0.048905 -0.027920
vn -0.081761 -0.051025 -0.026675
vn -0.080758 -0.053154 -0.025549
vn -0.079632 -0.055283 -0.024546
vn -0.078388 -0.057402 -0.023671
vn -0.077031 -0.059503 -0.022928
vn -0.075567 -0.061575 -0.022319
vn -0.074003 -0.063610 -0.021849
vn -0.072346 -0.065597 -0.021518
vn -0.070603 -0.067530 -0.021328
vn -0.068783 -0.069398 -0.021281
vn -0.066892 -0.071193 -0.021375
vn -0.064941 -0.072908 -0.021612
vn -0.062936 -0.074535 -0.021990
vn -0.060888 -0.076066 -0.022507
vn -0.058805 -0.077495 -0.023161
vn -0.056697 -0.078815 -0.023948
vn -0.054574 -0.080021 -0.024866
vn -0.052444 -0.081107 -0.025911
vn -0.050317 -0.082067 -0.027077
vn -0.048202 -0.082899 -0.028360
vn -0.046110 -0.083598 -0.029753
vn -0.044050 -0.084161 -0.031251
vn -0.042030 -0.084585 -0.032847
vn -0.040059 -0.084869 -0.034533
vn -0.038147 -0.085011 -0.036303
vn -0.036303 -0.085011 -0.038147
vn -0.034533 -0.084869 -0.040059
vn -0.032847 -0.084585 -0.042030
vn -0.031251 -0.084161 -0.044050
vn -0.029753 -0.083598 -0.046110
vn -0.028360 -0.082899 -0.048202
vn -0.027077 -0.082067 -0.050317
vn -0.025911 -0.081107 -0.052444
vn -0.024866 -0.080021 -0.054574
vn -0.023948 -0.078815 -0.056697
vn -0.023161 -0.077495 -0.058805
vn -0.022507 -0.076066 -0.060888
vn -0.021990 -0.074535 -0.062936
vn -0.021612 -0.072908 -0.064941
vn -0.021375 -0.071193 -0.066892
vn -0.021281 -0.069398 -0.068783
vn -0.021328 -0.067530 -0.070603
vn -0.021518 -0.065597 -0.072346
vn -0.021849 -0.063610 -0.074003
vn -0.022319 -0.061575 -0.075567
vn -0.022928 -0.059503 -0.077031
vn -0.023671 -0.057402 -0.078388
vn -0.083716 -0.011931 -0.053379
vn -0.082042 -0.010846 -0.056139
vn -0.080223 -0.009933 -0.058870
vn -0.078267 -0.009199 -0.061560
vn -0.076184 -0.008645 -0.064197
vn -0.073983 -0.008274 -0.066769
vn -0.071673 -0.008089 -0.069265
vn -0.069265 -0.008089 -0.071673
vn -0.066769 -0.008274 -0.073983
vn -0.083003 -0.019236 -0.052350
vn -0.084209 -0.020490 -0.049889
vn -0.085270 -0.021883 -0.047436
vn -0.086180 -0.023408 -0.045000
vn -0.086935 -0.025059 -0.042594
vn -0.087533 -0.026828 -0.040228
vn -0.087969 -0.028707 -0.037912
vn -0.088243 -0.030689 -0.035658
vn -0.088352 -0.032763 -0.033474
vn -0.088297 -0.034921 -0.031370
vn -0.088078 -0.037154 -0.029357
vn -0.087696 -0.039450 -0.027443
vn -0.087152 -0.041801 -0.025636
vn -0.086449 -0.044195 -0.023945
vn -0.085590 -0.046621 -0.022377
vn -0.084579 -0.049070 -0.020939
vn -0.083421 -0.051530 -0.019638
vn -0.082120 -0.053989 -0.018480
vn -0.080682 -0.056438 -0.017469
vn -0.079114 -0.058865 -0.016610
vn -0.077423 -0.061259 -0.015907
vn -0.075617 -0.063609 -0.015363
vn -0.073702 -0.065906 -0.014981
vn -0.071689 -0.068138 -0.014762
vn -0.069586 -0.070296 -0.014707
vn -0.067402 -0.072371 -0.014817
vn -0.065147 -0.074352 -0.015090
vn -0.062831 -0.076231 -0.015527
vn -0.060465 -0.078000 -0.016124
vn -0.058059 -0.079651 -0.016879
vn -0.055624 -0.081176 -0.017789
vn -0.053170 -0.082569 -0.018850
vn -0.050709 -0.083823 -0.020056
vn -0.048252 -0.084933 -0.021404
vn -0.045809 -0.085894 -0.022886
vn -0.043392 -0.086701 -0.024495
vn -0.041012 -0.087351 -0.026226
vn -0.038678 -0.087841 -0.028069
vn -0.036402 -0.088169 -0.030017
vn -0.034193 -0.088334 -0.032062
vn -0.032062 -0.088334 -0.034193
vn -0.030017 -0.088169 -0.036402
vn -0.028069 -0.087841 -0.038678
vn -0.026226 -0.087351 -0.041012
vn -0.024495 -0.086701 -0.043392
vn -0.022886 -0.085894 -0.045809
vn -0.021404 -0.084933 -0.048252
vn -0.020056 -0.083823 -0.050709
vn -0.018850 -0.082569 -0.053170
vn -0.017789 -0.081176 -0.055624
vn -0.016879 -0.079651 -0.058059
vn -0.016124 -0.078000 -0.060465
vn -0.015527 -0.076231 -0.062831
vn -0.015090 -0.074352 -0.065147
vn -0.014817 -0.072371 -0.067402
vn -0.014707 -0.070296 -0.069586
vn -0.014762 -0.068138 -0.071689
vn -0.014981 -0.065906 -0.073702
vn -0.015363 -0.063609 -0.075617
vn -0.015907 -0.061259 -0.077423
vn -0.016610 -0.058865 -0.079114
vn -0.017469 -0.056438 -0.080682
vn -0.085402 -0.005683 -0.051712
vn -0.083543 -0.004477 -0.054777
vn -0.081523 -0.003464 -0.057810
vn -0.079352 -0.002649 -0.060797
vn -0.077038 -0.002033 -0.063726
vn -0.074593 -0.001622 -0.066582
vn -0.072028 -0.001416 -0.069354
vn -0.069354 -0.001416 -0.072028
vn -0.066582 -0.001622 -0.074593
vn -0.085238 -0.013185 -0.050602
vn -0.086602 -0.014603 -0.047822
vn -0.087800 -0.016176 -0.045049
vn -0.088829 -0.017900 -0.042298
vn -0.089682 -0.019765 -0.039579
vn -0.090357 -0.021764 -0.036905
vn -0.090850 -0.023888 -0.034289
vn -0.091159 -0.026126 -0.031741
vn -0.091283 -0.028470 -0.029273
vn -0.091221 -0.030909 -0.026896
vn -0.090973 -0.033431 -0.024621
vn -0.090541 -0.036026 -0.022458
vn -0.089927 -0.038682 -0.020417
vn -0.089133 -0.041387 -0.018506
vn -0.088162 -0.044129 -0.016735
vn -0.087020 -0.046896 -0.015110
vn -0.085711 -0.049675 -0.013640
vn -0.084241 -0.052455 -0.012331
vn -0.082616 -0.055221 -0.011188
vn -0.080844 -0.057963 -0.010218
vn -0.078934 -0.060668 -0.009424
vn -0.076892 -0.063324 -0.008809
vn -0.074729 -0.065919 -0.008377
vn -0.072454 -0.068442 -0.008130
vn -0.070078 -0.070880 -0.008068
vn -0.067610 -0.073224 -0.008192
vn -0.065062 -0.075463 -0.008501
vn -0.062445 -0.077587 -0.008994
vn -0.059772 -0.079586 -0.009669
vn -0.057053 -0.081451 -0.010522
vn -0.054301 -0.083174 -0.011550
vn -0.051529 -0.084748 -0.012749
vn -0.048748 -0.086165 -0.014112
vn -0.045972 -0.087419 -0.015635
vn -0.043212 -0.088505 -0.017309
vn -0.040481 -0.089417 -0.019128
vn -0.037791 -0.090152 -0.021083
vn -0.035154 -0.090706 -0.023166
vn -0.032582 -0.091076 -0.025368
vn -0.030086 -0.091262 -0.027678
vn -0.027678 -0.091262 -0.030086
vn -0.025368 -0.091076 -0.032582
vn -0.023166 -0.090706 -0.035154
vn -0.021083 -0.090152 -0.037791
vn -0.019128 -0.089417 -0.040481
vn -0.017309 -0.088505 -0.043212
vn -0.015635 -0.087419 -0.045972
vn -0.014112 -0.086165 -0.048748
vn -0.012749 -0.084748 -0.051529
vn -0.011550 -0.083174 -0.054301
vn -0.010522 -0.081451 -0.057053
vn -0.009669 -0.079586 -0.059772
vn -0.008994 -0.077587 -0.062445
vn -0.008501 -0.075463 -0.065062
vn -0.008192 -0.073224 -0.067610
vn -0.008068 -0.070880 -0.070078
vn -0.008130 -0.068442 -0.072454
vn -0.008377 -0.065919 -0.074729
vn -0.008809 -0.063324 -0.076892
vn -0.009424 -0.060668 -0.078934
vn -0.010218 -0.057963 -0.080844
vn -0.011188 -0.055221 -0.082616
vn -0.086707 0.000591 -0.049814
vn -0.084671 0.001911 -0.053171
vn -0.082459 0.003020 -0.056492
vn -0.080081 0.003913 -0.059763
vn -0.077548 0.004587 -0.062970
vn -0.074871 0.005038 -0.066098
vn -0.072062 0.005264 -0.069133
vn -0.069133 0.005264 -0.072062
vn -0.066098 0.005038 -0.074871
vn -0.087093 -0.007076 -0.048629
vn -0.088607 -0.008650 -0.045541
vn -0.089938 -0.010397 -0.042462
vn -0.091080 -0.012311 -0.039406
vn -0.092028 -0.014383 -0.036387
vn -0.092777 -0.016603 -0.033418
vn -0.093325 -0.018961 -0.030512
vn -0.093668 -0.021447 -0.027682
vn -0.093806 -0.024050 -0.024942
vn -0.093737 -0.026758 -0.022302
vn -0.093462 -0.029560 -0.019776
vn -0.092982 -0.032441 -0.017374
vn -0.092300 -0.035391 -0.015107
vn -0.091418 -0.038395 -0.012985
vn -0.090340 -0.041440 -0.011017
vn -0.089072 -0.044513 -0.009213
vn -0.087618 -0.047599 -0.007581
vn -0.085985 -0.050686 -0.006127
vn -0.084181 -0.053758 -0.004858
vn -0.082214 -0.056803 -0.003780
vn -0.080092 -0.059807 -0.002898
vn -0.077824 -0.062757 -0.002216
vn -0.075422 -0.065639 -0.001736
vn -0.072896 -0.068440 -0.001461
vn -0.070257 -0.071148 -0.001393
vn -0.067516 -0.073751 -0.001530
vn -0.064687 -0.076237 -0.001874
vn -0.061781 -0.078596 -0.002421
vn -0.058812 -0.080816 -0.003170
vn -0.055792 -0.082887 -0.004118
vn -0.052736 -0.084801 -0.005260
vn -0.049658 -0.086549 -0.006591
vn -0.046570 -0.088122 -0.008105
vn -0.043486 -0.089515 -0.009796
vn -0.040421 -0.090721 -0.011655
vn -0.037388 -0.091734 -0.013675
vn -0.034401 -0.092550 -0.015847
vn -0.031473 -0.093165 -0.018160
vn -0.028616 -0.093576 -0.020605
vn -0.025845 -0.093783 -0.023170
vn -0.023170 -0.093783 -0.025845
vn -0.020605 -0.093576 -0.028616
vn -0.018160 -0.093165 -0.031473
vn -0.015847 -0.092550 -0.034401
vn -0.013675 -0.091734 -0.037388
vn -0.011655 -0.090721 -0.040421
vn -0.009796 -0.089515 -0.043486
vn -0.008105 -0.088122 -0.046570
vn -0.006591 -0.086549 -0.049658
vn -0.005260 -0.084801 -0.052736
vn -0.004118 -0.082887 -0.055792
vn -0.003170 -0.080816 -0.058812
vn -0.002421 -0.078596 -0.061781
vn -0.001874 -0.076237 -0.064687
vn -0.001530 -0.073751 -0.067516
vn -0.001393 -0.071148 -0.070257
vn -0.001461 -0.068440 -0.072896
vn -0.001736 -0.065639 -0.075422
vn -0.002216 -0.062757 -0.077824
vn -0.002898 -0.059807 -0.080092
vn -0.003780 -0.056803 -0.082214
vn -0.004858 -0.053758 -0.084181
vn -0.087625 0.006861 -0.047694
vn -0.085421 0.008290 -0.051327
vn -0.083027 0.009491 -0.054922
vn -0.080454 0.010458 -0.058462
vn -0.077712 0.011187 -0.061933
vn -0.074814 0.011675 -0.065319
vn -0.071774 0.011919 -0.068604
vn -0.068604 0.011919 -0.071774
vn -0.065319 0.011675 -0.074814
vn -0.088559 -0.000935 -0.046438
vn -0.090217 -0.002658 -0.043056
vn -0.091675 -0.004572 -0.039685
vn -0.092925 -0.006668 -0.036338
vn -0.093963 -0.008936 -0.033032
vn -0.094783 -0.011367 -0.029781
vn -0.095383 -0.013950 -0.026599
vn -0.095759 -0.016672 -0.023500
vn -0.095910 -0.019523 -0.020499
vn -0.095834 -0.022488 -0.017609
vn -0.095533 -0.025556 -0.014842
vn -0.095008 -0.028712 -0.012212
vn -0.094261 -0.031942 -0.009729
vn -0.093295 -0.035231 -0.007405
vn -0.092115 -0.038566 -0.005251
vn -0.090725 -0.041931 -0.003275
vn -0.089133 -0.045310 -0.001487
vn -0.087346 -0.048690 0.000105
vn -0.085370 -0.052055 0.001494
vn -0.083216 -0.055390 0.002674
vn -0.080892 -0.058679 0.003640
vn -0.078409 -0.061909 0.004387
vn -0.075779 -0.065065 0.004912
vn -0.073012 -0.068133 0.005213
vn -0.070122 -0.071098 0.005289
vn -0.067121 -0.073949 0.005138
vn -0.064022 -0.076671 0.004762
vn -0.060840 -0.079254 0.004163
vn -0.057589 -0.081685 0.003342
vn -0.054282 -0.083953 0.002304
vn -0.050936 -0.086049 0.001054
vn -0.047565 -0.087963 -0.000404
vn -0.044183 -0.089686 -0.002062
vn -0.040807 -0.091211 -0.003913
vn -0.037450 -0.092532 -0.005950
vn -0.034129 -0.093641 -0.008162
vn -0.030858 -0.094534 -0.010539
vn -0.027651 -0.095208 -0.013073
vn -0.024523 -0.095659 -0.015750
vn -0.021488 -0.095885 -0.018559
vn -0.018559 -0.095885 -0.021488
vn -0.015750 -0.095659 -0.024523
vn -0.013073 -0.095208 -0.027651
vn -0.010539 -0.094534 -0.030858
vn -0.008162 -0.093641 -0.034129
vn -0.005950 -0.092532 -0.037450
vn -0.003913 -0.091211 -0.040807
vn -0.002062 -0.089686 -0.044183
vn -0.000404 -0.087963 -0.047565
vn 0.001054 -0.086049 -0.050936
vn 0.002304 -0.083953 -0.054282
vn 0.003342 -0.081685 -0.057589
vn 0.004163 -0.079254 -0.060840
vn 0.004762 -0.076671 -0.064022
vn 0.005138 -0.073949 -0.067121
vn 0.005289 -0.071098 -0.070122
vn 0.005213 -0.068133 -0.073012
vn 0.004912 -0.065065 -0.075779
vn 0.004387 -0.061909 -0.078409
vn 0.003640 -0.058679 -0.080892
vn 0.002674 -0.055390 -0.083216
vn 0.001494 -0.052055 -0.085370
vn -0.088152 0.013102 -0.045361
vn -0.085790 0.014633 -0.049254
vn -0.083224 0.015920 -0.053106
vn -0.080466 0.016956 -0.056900
vn -0.077528 0.017737 -0.060620
vn -0.074423 0.018260 -0.064248
vn -0.071165 0.018522 -0.067768
vn -0.067768 0.018522 -0.071165
vn -0.064248 0.018260 -0.074423
vn -0.089629 0.005211 -0.044040
vn -0.091424 0.003345 -0.040380
vn -0.093001 0.001274 -0.036730
vn -0.094355 -0.000995 -0.033108
vn -0.095478 -0.003450 -0.029530
vn -0.096366 -0.006081 -0.026011
vn -0.097015 -0.008876 -0.022567
vn -0.097422 -0.011823 -0.019213
vn -0.097585 -0.014908 -0.015965
vn -0.097504 -0.018118 -0.012836
vn -0.097178 -0.021438 -0.009842
vn -0.096609 -0.024854 -0.006995
vn -0.095801 -0.028349 -0.004308
vn -0.094755 -0.031910 -0.001793
vn -0.093478 -0.035519 0.000539
vn -0.091974 -0.039161 0.002677
vn -0.090251 -0.042819 0.004612
vn -0.088316 -0.046477 0.006336
vn -0.086178 -0.050119 0.007839
vn -0.083846 -0.053729 0.009117
vn -0.081331 -0.057289 0.010162
vn -0.078644 -0.060785 0.010971
vn -0.075797 -0.064201 0.011539
vn -0.072802 -0.067521 0.011865
vn -0.069674 -0.070731 0.011947
vn -0.066426 -0.073816 0.011784
vn -0.063072 -0.076763 0.011377
vn -0.059628 -0.079558 0.010728
vn -0.056109 -0.082189 0.009840
vn -0.052530 -0.084644 0.008716
vn -0.048908 -0.086912 0.007363
vn -0.045259 -0.088984 0.005785
vn -0.041599 -0.090849 0.003990
vn -0.037945 -0.092500 0.001987
vn -0.034312 -0.093929 -0.000217
vn -0.030717 -0.095130 -0.002611
vn -0.027176 -0.096097 -0.005185
vn -0.023705 -0.096826 -0.007927
vn -0.020320 -0.097314 -0.010824
vn -0.017035 -0.097558 -0.013865
vn -0.013865 -0.097558 -0.017035
vn -0.010824 -0.097314 -0.020320
vn -0.007927 -0.096826 -0.023705
vn -0.005185 -0.096097 -0.027176
vn -0.002611 -0.095130 -0.030717
vn -0.000217 -0.093929 -0.034312
vn 0.001987 -0.092500 -0.037945
vn 0.003990 -0.090849 -0.041599
vn 0.005785 -0.088984 -0.045259
vn 0.007363 -0.086912 -0.048908
vn 0.008716 -0.084644 -0.052530
vn 0.009840 -0.082189 -0.056109
vn 0.010728 -0.079558 -0.059628
vn 0.011377 -0.076763 -0.063072
vn 0.011784 -0.073816 -0.066426
vn 0.011947 -0.070731 -0.069674
vn 0.011865 -0.067521 -0.072802
vn 0.011539 -0.064201 -0.075797
vn 0.010971 -0.060785 -0.078644
vn 0.010162 -0.057289 -0.081331
vn 0.009117 -0.053729 -0.083846
vn 0.007839 -0.050119 -0.086178
vn -0.088285 0.019284 -0.042825
vn -0.085776 0.020910 -0.046961
vn -0.083050 0.022277 -0.051053
vn -0.080120 0.023378 -0.055084
vn -0.076999 0.024208 -0.059036
vn -0.073700 0.024763 -0.062890
vn -0.070238 0.025042 -0.066630
vn -0.066630 0.025042 -0.070238
vn -0.062890 0.024763 -0.073700
vn -0.090299 0.011333 -0.041445
vn -0.092222 0.009334 -0.037522
vn -0.093913 0.007114 -0.033612
vn -0.095363 0.004683 -0.029731
vn -0.096567 0.002052 -0.025896
vn -0.097519 -0.000767 -0.022125
vn -0.098214 -0.003763 -0.018434
vn -0.098650 -0.006921 -0.014840
vn -0.098825 -0.010227 -0.011359
vn -0.098738 -0.013666 -0.008007
vn -0.098389 -0.017224 -0.004798
vn -0.097779 -0.020885 -0.001747
vn -0.096913 -0.024631 0.001133
vn -0.095792 -0.028446 0.003828
vn -0.094423 -0.032314 0.006327
vn -0.092812 -0.036217 0.008618
vn -0.090965 -0.040137 0.010692
vn -0.088892 -0.044057 0.012538
vn -0.086601 -0.047960 0.014149
vn -0.084102 -0.051828 0.015518
vn -0.081406 -0.055643 0.016639
vn -0.078527 -0.059389 0.017505
vn -0.075476 -0.063050 0.018115
vn -0.072267 -0.066608 0.018464
vn -0.068915 -0.070047 0.018551
vn -0.065434 -0.073353 0.018376
vn -0.061840 -0.076511 0.017940
vn -0.058149 -0.079506 0.017245
vn -0.054378 -0.082326 0.016293
vn -0.050543 -0.084957 0.015089
vn -0.046662 -0.087388 0.013639
vn -0.042751 -0.089608 0.011948
vn -0.038829 -0.091607 0.010025
vn -0.034913 -0.093376 0.007878
vn -0.031020 -0.094907 0.005516
vn -0.027168 -0.096194 0.002951
vn -0.023374 -0.097230 0.000193
vn -0.019654 -0.098011 -0.002746
vn -0.016026 -0.098534 -0.005851
vn -0.012506 -0.098796 -0.009109
vn -0.009109 -0.098796 -0.012506
vn -0.005851 -0.098534 -0.016026
vn -0.002746 -0.098011 -0.019654
vn 0.000193 -0.097230 -0.023374
vn 0.002951 -0.096194 -0.027168
vn 0.005516 -0.094907 -0.031020
vn 0.007878 -0.093376 -0.034913
vn 0.010025 -0.091607 -0.038829
vn 0.011948 -0.089608 -0.042751
vn 0.013639 -0.087388 -0.046662
vn 0.015089 -0.084957 -0.050543
vn 0.016293 -0.082326 -0.054378
vn 0.017245 -0.079506 -0.058149
vn 0.017940 -0.076511 -0.061840
vn 0.018376 -0.073353 -0.065434
vn 0.018551 -0.070047 -0.068915
vn 0.018464 -0.066608 -0.072267
vn 0.018115 -0.063050 -0.075476
vn 0.017505 -0.059389 -0.078527
vn 0.016639 -0.055643 -0.081406
vn 0.015518 -0.051828 -0.084102
vn 0.014149 -0.047960 -0.086601
vn -0.088023 0.025379 -0.040098
vn -0.085378 0.027094 -0.044458
vn -0.082505 0.028535 -0.048772
vn -0.079416 0.029696 -0.053022
vn -0.076125 0.030571 -0.057188
vn -0.072647 0.031156 -0.061251
vn -0.068998 0.031450 -0.065194
vn -0.065194 0.031450 -0.068998
vn -0.061251 0.031156 -0.072647
vn -0.090566 0.017404 -0.038664
vn -0.092609 0.015281 -0.034498
vn -0.094405 0.012922 -0.030343
vn -0.095946 0.010340 -0.026220
vn -0.097225 0.007545 -0.022146
vn -0.098236 0.004549 -0.018140
vn -0.098975 0.001367 -0.014219
vn -0.099438 -0.001987 -0.010401
vn -0.099623 -0.005500 -0.006703
vn -0.099531 -0.009154 -0.003141
vn -0.099160 -0.012934 0.000267
vn -0.098512 -0.016822 0.003509
vn -0.097592 -0.020802 0.006568
vn -0.096401 -0.024856 0.009431
vn -0.094947 -0.028965 0.012086
vn -0.093235 -0.033111 0.014520
vn -0.091274 -0.037275 0.016723
vn -0.089071 -0.041440 0.018685
vn -0.086637 -0.045586 0.020397
vn -0.083982 -0.049695 0.021851
vn -0.081119 -0.053748 0.023041
vn -0.078059 -0.057728 0.023962
vn -0.074818 -0.061617 0.024609
vn -0.071409 -0.065397 0.024980
vn -0.067848 -0.069051 0.025073
vn -0.064150 -0.072563 0.024887
vn -0.060332 -0.075918 0.024424
vn -0.056411 -0.079100 0.023685
vn -0.052405 -0.082095 0.022674
vn -0.048331 -0.084891 0.021395
vn -0.044207 -0.087473 0.019854
vn -0.040053 -0.089831 0.018058
vn -0.035886 -0.091955 0.016015
vn -0.031726 -0.093834 0.013734
vn -0.027590 -0.095461 0.011225
vn -0.023497 -0.096828 0.008499
vn -0.019467 -0.097929 0.005569
vn -0.015515 -0.098759 0.002448
vn -0.011661 -0.099314 -0.000851
vn -0.007921 -0.099592 -0.004312
vn -0.004312 -0.099592 -0.007921
vn -0.000851 -0.099314 -0.011661
vn 0.002448 -0.098759 -0.015515
vn 0.005569 -0.097929 -0.019467
vn 0.008499 -0.096828 -0.023497
vn 0.011225 -0.095461 -0.027590
vn 0.013734 -0.093834 -0.031726
vn 0.016015 -0.091955 -0.035886
vn 0.018058 -0.089831 -0.040053
vn 0.019854 -0.087473 -0.044207
vn 0.021395 -0.084891 -0.048331
vn 0.022674 -0.082095 -0.052405
vn 0.023685 -0.079100 -0.056411
vn 0.024424 -0.075918 -0.060332
vn 0.024887 -0.072563 -0.064150
vn 0.025073 -0.069051 -0.067848
vn 0.024980 -0.065397 -0.071409
vn 0.024609 -0.061617 -0.074818
vn 0.023962 -0.057728 -0.078059
vn 0.023041 -0.053748 -0.081119
vn 0.021851 -0.049695 -0.083982
vn 0.020397 -0.045586 -0.086637
vn -0.087368 0.031361 -0.037192
vn -0.084599 0.033157 -0.041757
vn -0.081591 0.034666 -0.046274
vn -0.078357 0.035881 -0.050723
vn -0.074911 0.036797 -0.055084
vn -0.071270 0.037410 -0.059338
vn -0.067449 0.037717 -0.063466
vn -0.063466 0.037717 -0.067449
vn -0.059338 0.037410 -0.071270
vn -0.090428 0.023398 -0.035712
vn -0.092582 0.021159 -0.031319
vn -0.094475 0.018673 -0.026939
vn -0.096100 0.015950 -0.022592
vn -0.097448 0.013004 -0.018297
vn -0.098514 0.009846 -0.014074
vn -0.099293 0.006491 -0.009940
vn -0.099781 0.002955 -0.005915
vn -0.099977 -0.000748 -0.002017
vn -0.099879 -0.004601 0.001738
vn -0.099488 -0.008586 0.005332
vn -0.098806 -0.012685 0.008749
vn -0.097835 -0.016881 0.011974
vn -0.096580 -0.021154 0.014992
vn -0.095047 -0.025486 0.017791
vn -0.093242 -0.029857 0.020357
vn -0.091174 -0.034247 0.022680
vn -0.088852 -0.038638 0.024748
vn -0.086286 -0.043009 0.026553
vn -0.083487 -0.047340 0.028086
vn -0.080468 -0.051614 0.029340
vn -0.077243 -0.055810 0.030311
vn -0.073826 -0.059909 0.030993
vn -0.070232 -0.063894 0.031384
vn -0.066478 -0.067746 0.031482
vn -0.062579 -0.071449 0.031287
vn -0.058554 -0.074986 0.030798
vn -0.054421 -0.078340 0.030019
vn -0.050197 -0.081498 0.028953
vn -0.045902 -0.084445 0.027605
vn -0.041555 -0.087167 0.025981
vn -0.037175 -0.089654 0.024087
vn -0.032783 -0.091892 0.021933
vn -0.028397 -0.093874 0.019529
vn -0.024037 -0.095589 0.016883
vn -0.019722 -0.097030 0.014010
vn -0.015473 -0.098190 0.010921
vn -0.011307 -0.099065 0.007630
vn -0.007244 -0.099651 0.004153
vn -0.003301 -0.099944 0.000503
vn 0.000503 -0.099944 -0.003301
vn 0.004153 -0.099651 -0.007244
vn 0.007630 -0.099065 -0.011307
vn 0.010921 -0.098190 -0.015473
vn 0.014010 -0.097030 -0.019722
vn 0.016883 -0.095589 -0.024037
vn 0.019529 -0.093874 -0.028397
vn 0.021933 -0.091892 -0.032783
vn 0.024087 -0.089654 -0.037175
vn 0.025981 -0.087167 -0.041555
vn 0.027605 -0.084445 -0.045902
vn 0.028953 -0.081498 -0.050197
vn 0.030019 -0.078340 -0.054421
vn 0.030798 -0.074986 -0.058554
vn 0.031287 -0.071449 -0.062579
vn 0.031482 -0.067746 -0.066478
vn 0.031384 -0.063894 -0.070232
vn 0.030993 -0.059909 -0.073826
vn 0.030311 -0.055810 -0.077243
vn 0.029340 -0.051614 -0.080468
vn 0.028086 -0.047340 -0.083487
vn 0.026553 -0.043009 -0.086286
vn -0.086324 0.037204 -0.034119
vn -0.083442 0.039072 -0.038869
vn -0.080312 0.040641 -0.043568
vn -0.076948 0.041906 -0.048197
vn -0.073363 0.042859 -0.052735
vn -0.069575 0.043497 -0.057161
vn -0.065600 0.043816 -0.061456
vn -0.061456 0.043816 -0.065600
vn -0.057161 0.043497 -0.069575
vn -0.089886 0.029287 -0.032599
vn -0.092141 0.026943 -0.028000
vn -0.094124 0.024340 -0.023415
vn -0.095825 0.021490 -0.018864
vn -0.097236 0.018405 -0.014367
vn -0.098352 0.015098 -0.009945
vn -0.099168 0.011586 -0.005617
vn -0.099679 0.007883 -0.001403
vn -0.099884 0.004007 0.002679
vn -0.099781 -0.000027 0.006610
vn -0.099372 -0.004199 0.010372
vn -0.098658 -0.008491 0.013950
vn -0.097641 -0.012884 0.017326
vn -0.096328 -0.017358 0.020487
vn -0.094722 -0.021893 0.023417
vn -0.092833 -0.026469 0.026104
vn -0.090668 -0.031066 0.028535
vn -0.088236 -0.035663 0.030701
vn -0.085549 -0.040239 0.032590
vn -0.082619 -0.044775 0.034195
vn -0.079459 -0.049249 0.035509
vn -0.076082 -0.053641 0.036525
vn -0.072505 -0.057934 0.037240
vn -0.068742 -0.062106 0.037649
vn -0.064811 -0.066139 0.037751
vn -0.060729 -0.070016 0.037547
vn -0.056515 -0.073719 0.037035
vn -0.052187 -0.077231 0.036220
vn -0.047765 -0.080537 0.035104
vn -0.043269 -0.083622 0.033692
vn -0.038717 -0.086473 0.031991
vn -0.034132 -0.089076 0.030009
vn -0.029533 -0.091420 0.027754
vn -0.024941 -0.093494 0.025236
vn -0.020376 -0.095289 0.022467
vn -0.015859 -0.096798 0.019458
vn -0.011409 -0.098013 0.016224
vn -0.007048 -0.098929 0.012779
vn -0.002794 -0.099542 0.009138
vn 0.001334 -0.099850 0.005317
vn 0.005317 -0.099850 0.001334
vn 0.009138 -0.099542 -0.002794
vn 0.012779 -0.098929 -0.007048
vn 0.016224 -0.098013 -0.011409
vn 0.019458 -0.096798 -0.015859
vn 0.022467 -0.095289 -0.020376
vn 0.025236 -0.093494 -0.024941
vn 0.027754 -0.091420 -0.029533
vn 0.030009 -0.089076 -0.034132
vn 0.031991 -0.086473 -0.038717
vn 0.033692 -0.083622 -0.043269
vn 0.035104 -0.080537 -0.047765
vn 0.036220 -0.077231 -0.052187
vn 0.037035 -0.073719 -0.056515
vn 0.037547 -0.070016 -0.060729
vn 0.037751 -0.066139 -0.064811
vn 0.037649 -0.062106 -0.068742
vn 0.037240 -0.057934 -0.072505
vn 0.036525 -0.053641 -0.076082
vn 0.035509 -0.049249 -0.079459
vn 0.034195 -0.044775 -0.082619
vn 0.032590 -0.040239 -0.085549
vn -0.088943 0.035046 -0.029342
vn -0.091289 0.032607 -0.024557
vn -0.093352 0.029899 -0.019786
vn -0.095121 0.026933 -0.015051
vn -0.096590 0.023723 -0.010373
vn -0.097751 0.020284 -0.005772
vn -0.098599 0.016629 -0.001269
vn -0.099131 0.012777 0.003115
vn -0.099345 0.008744 0.007362
vn -0.099238 0.004547 0.011452
vn -0.098812 0.000207 0.015366
vn -0.098069 -0.004259 0.019089
vn -0.097011 -0.008829 0.022602
vn -0.095645 -0.013484 0.025890
vn -0.093975 -0.018203 0.028938
vn -0.092009 -0.022964 0.031734
vn -0.089756 -0.027746 0.034263
vn -0.087226 -0.032529 0.036516
vn -0.084431 -0.037290 0.038482
vn -0.081382 -0.042009 0.040152
vn -0.078094 -0.046663 0.041519
vn -0.074581 -0.051234 0.042576
vn -0.070859 -0.055699 0.043319
vn -0.066944 -0.060040 0.043745
vn -0.062855 -0.064236 0.043852
vn -0.058608 -0.068270 0.043639
vn -0.054224 -0.072122 0.043107
vn -0.049721 -0.075776 0.042258
vn -0.045120 -0.079216 0.041097
vn -0.040442 -0.082426 0.039629
vn -0.035707 -0.085392 0.037859
vn -0.030936 -0.088100 0.035797
vn -0.026151 -0.090538 0.033450
vn -0.021373 -0.092697 0.030831
vn -0.016624 -0.094565 0.027949
vn -0.011924 -0.096134 0.024820
vn -0.007295 -0.097399 0.021455
vn -0.002758 -0.098352 0.017870
vn 0.001668 -0.098989 0.014082
vn 0.005963 -0.099309 0.010107
vn 0.010107 -0.099309 0.005963
vn 0.014082 -0.098989 0.001668
vn 0.017870 -0.098352 -0.002758
vn 0.021455 -0.097399 -0.007295
vn 0.024820 -0.096134 -0.011924
vn 0.027949 -0.094565 -0.016624
vn 0.030831 -0.092697 -0.021373
vn 0.033450 -0.090538 -0.026151
vn 0.035797 -0.088100 -0.030936
vn 0.037859 -0.085392 -0.035707
vn 0.039629 -0.082426 -0.040442
vn 0.041097 -0.079216 -0.045120
vn 0.042258 -0.075776 -0.049721
vn 0.043107 -0.072122 -0.054224
vn 0.043639 -0.068270 -0.058608
vn 0.043852 -0.064236 -0.062855
vn 0.043745 -0.060040 -0.066944
vn 0.043319 -0.055699 -0.070859
vn 0.042576 -0.051234 -0.074581
vn 0.041519 -0.046663 -0.078094
vn 0.040152 -0.042009 -0.081382
vn 0.038482 -0.037290 -0.084431
vn -0.004166 0.089244 -0.044925
vn -0.008188 0.086501 -0.049504
vn -0.012172 0.083371 -0.053862
vn -0.016103 0.079869 -0.057979
vn -0.019961 0.076011 -0.061837
vn -0.023730 0.071813 -0.065420
vn -0.027394 0.067294 -0.068710
vn -0.030935 0.062475 -0.071693
vn -0.034337 0.057377 -0.074356
vn -0.037587 0.052023 -0.076687
vn -0.040668 0.046436 -0.078675
vn -0.043568 0.040641 -0.080312
vn -0.046274 0.034666 -0.081591
vn -0.048772 0.028535 -0.082505
vn -0.051053 0.022277 -0.083050
vn -0.053106 0.015920 -0.083224
vn -0.054922 0.009491 -0.083027
vn -0.056492 0.003020 -0.082459
vn -0.002903 0.084736 -0.053023
vn -0.006840 0.081590 -0.057413
vn -0.010747 0.078081 -0.061546
vn -0.014605 0.074222 -0.065405
vn -0.018398 0.070032 -0.068971
vn -0.022109 0.065529 -0.072229
vn -0.025722 0.060734 -0.075165
vn -0.029219 0.055667 -0.077765
vn -0.032586 0.050352 -0.080018
vn -0.035807 0.044812 -0.081913
vn -0.038869 0.039072 -0.083442
vn -0.041757 0.033157 -0.084599
vn -0.044458 0.027094 -0.085378
vn -0.046961 0.020910 -0.085776
vn -0.049254 0.014633 -0.085790
vn -0.051327 0.008290 -0.085421
vn -0.053171 0.001911 -0.084671
vn -0.001452 0.079471 -0.060682
vn -0.005334 0.075952 -0.064830
vn -0.009192 0.072093 -0.068688
vn -0.013010 0.067913 -0.072240
vn -0.016769 0.063429 -0.075469
vn -0.020453 0.058662 -0.078361
vn -0.024046 0.053633 -0.080903
vn -0.027532 0.048364 -0.083084
vn -0.030895 0.042880 -0.084893
vn -0.034119 0.037204 -0.086324
vn -0.037192 0.031361 -0.087368
vn -0.040098 0.025379 -0.088023
vn -0.042825 0.019284 -0.088285
vn -0.045361 0.013102 -0.088152
vn -0.047694 0.006861 -0.087625
vn -0.049814 0.000591 -0.086707
vn 0.026151 0.090538 -0.033450
vn 0.022653 0.089253 -0.038997
vn 0.019053 0.087569 -0.044370
vn 0.015368 0.085493 -0.049545
vn 0.011615 0.083036 -0.054498
vn 0.000111 0.073492 -0.067815
vn -0.003747 0.069633 -0.071674
vn -0.007589 0.065464 -0.075212
vn -0.011397 0.061002 -0.078415
vn -0.015154 0.056268 -0.081267
vn -0.018843 0.051282 -0.083756
vn -0.022448 0.046068 -0.085871
vn -0.025953 0.040647 -0.087603
vn -0.029342 0.035046 -0.088943
vn -0.032599 0.029287 -0.089886
vn -0.035712 0.023398 -0.090428
vn -0.038664 0.017404 -0.090566
vn -0.041445 0.011333 -0.090299
vn -0.044040 0.005211 -0.089629
vn -0.046438 -0.000935 -0.088559
vn -0.005251 -0.038566 -0.092115
vn -0.001793 -0.031910 -0.094755
vn 0.001133 -0.024631 -0.096913
vn 0.003509 -0.016822 -0.098512
vn 0.005332 -0.008586 -0.099488
vn 0.006610 -0.000027 -0.099781
vn 0.007362 0.008744 -0.099345
vn 0.007620 0.017613 -0.098141
vn 0.007425 0.026471 -0.096147
vn 0.006828 0.035205 -0.093349
vn 0.005888 0.043709 -0.089749
vn 0.004672 0.051880 -0.085362
vn 0.003253 0.059625 -0.080214
vn 0.001706 0.066854 -0.074348
vn 0.012086 -0.028965 -0.094947
vn 0.017791 -0.025486 -0.095047
vn 0.034330 -0.014431 -0.092807
vn 0.036325 -0.005574 -0.093002
vn 0.037729 0.003497 -0.092543
vn 0.038568 0.012669 -0.091389
vn 0.038874 0.021828 -0.089512
vn 0.038695 0.030861 -0.086893
vn 0.038083 0.039658 -0.083528
vn 0.037102 0.048113 -0.079427
vn 0.035820 0.056127 -0.074610
vn 0.034312 0.063609 -0.069112
vn 0.032656 0.070477 -0.062981
vn 0.030932 0.076658 -0.056274
vn 0.029221 0.082092 -0.049062
vn 0.027602 0.086730 -0.041424
vn 0.049493 -0.002798 -0.086848
vn 0.054135 0.001128 -0.084072
vn 0.058535 0.005049 -0.080921
vn 0.062673 0.008948 -0.077408
vn 0.066531 0.012806 -0.073550
vn 0.070093 0.016607 -0.069363
vn 0.073341 0.020334 -0.064866
vn 0.076262 0.023971 -0.060080
vn 0.082936 0.034174 -0.044202
vn 0.079782 0.039055 -0.045929
vn 0.076381 0.043870 -0.047343
vn 0.072747 0.048597 -0.048437
vn 0.068897 0.053216 -0.049206
vn 0.064848 0.057706 -0.049646
vn 0.060618 0.062047 -0.049756
vn 0.056225 0.066219 -0.049536
vn 0.051690 0.070204 -0.048986
vn 0.047033 0.073983 -0.048108
vn 0.042274 0.077541 -0.046907
vn 0.024145 0.084974 -0.046867
vn 0.020579 0.082837 -0.052100
vn 0.016922 0.080331 -0.057101
vn 0.013190 0.077466 -0.061847
vn -0.002160 0.062697 -0.077874
vn -0.006016 0.058260 -0.081053
vn -0.009846 0.053563 -0.083869
vn -0.013632 0.048626 -0.086311
vn -0.017356 0.043473 -0.088368
vn -0.021003 0.038125 -0.090030
vn -0.024557 0.032607 -0.091289
vn -0.028000 0.026943 -0.092141
vn -0.031319 0.021159 -0.092582
vn -0.034498 0.015281 -0.092609
vn -0.037522 0.009334 -0.092222
vn -0.040380 0.003345 -0.091424
vn -0.043056 -0.002658 -0.090217
vn 0.025775 0.079888 -0.054347
vn 0.022214 0.077327 -0.059389
vn 0.018554 0.074421 -0.064166
vn 0.014811 0.071183 -0.068656
vn -0.000652 0.055215 -0.083372
vn -0.004554 0.050559 -0.086157
vn -0.008436 0.045677 -0.088558
vn -0.012280 0.040591 -0.090563
vn -0.016069 0.035324 -0.092163
vn -0.019786 0.029899 -0.093352
vn -0.023415 0.024340 -0.094124
vn -0.026939 0.018673 -0.094475
vn -0.030343 0.012922 -0.094405
vn -0.033612 0.007114 -0.093913
vn -0.036730 0.001274 -0.093001
vn -0.039685 -0.004572 -0.091675
vn 0.027467 0.074038 -0.061352
vn 0.023878 0.071086 -0.066156
vn 0.020183 0.067818 -0.070664
vn 0.016398 0.064246 -0.074857
vn 0.000698 0.047269 -0.088120
vn -0.003279 0.042447 -0.090485
vn -0.007241 0.037435 -0.092446
vn -0.011171 0.032256 -0.093993
vn -0.015051 0.026933 -0.095121
vn -0.018864 0.021490 -0.095825
vn -0.022592 0.015950 -0.096100
vn -0.026220 0.010340 -0.095946
vn -0.029731 0.004683 -0.095363
vn -0.033108 -0.000995 -0.094355
vn -0.036338 -0.006668 -0.092925
vn 0.029139 0.067477 -0.067807
vn 0.025491 0.064176 -0.072330
vn 0.021730 0.060588 -0.076530
vn 0.017871 0.056730 -0.080389
vn 0.001817 0.038951 -0.092084
vn -0.002263 0.034020 -0.094008
vn -0.006332 0.028936 -0.095512
vn -0.010373 0.023723 -0.096590
vn -0.014367 0.018405 -0.097236
vn -0.018297 0.013004 -0.097448
vn -0.022146 0.007545 -0.097225
vn -0.025896 0.002052 -0.096567
vn -0.029530 -0.003450 -0.095478
vn -0.033032 -0.008936 -0.093963
vn 0.030711 0.060273 -0.073647
vn 0.026973 0.056668 -0.077854
vn 0.023115 0.052810 -0.081712
vn 0.019153 0.048715 -0.085206
vn 0.002633 0.030359 -0.095244
vn -0.001573 0.025378 -0.096713
vn -0.005772 0.020284 -0.097751
vn -0.009945 0.015098 -0.098352
vn -0.014074 0.009846 -0.098514
vn -0.018140 0.004549 -0.098236
vn -0.022125 -0.000767 -0.097519
vn -0.026011 -0.006081 -0.096366
vn -0.029781 -0.011367 -0.094783
vn 0.032105 0.052503 -0.078821
vn 0.028246 0.048645 -0.082679
vn 0.024262 0.044569 -0.086168
vn 0.020169 0.040294 -0.089272
vn 0.003085 0.021598 -0.097591
vn -0.001269 0.016629 -0.098599
vn -0.005617 0.011586 -0.099168
vn -0.009940 0.006491 -0.099293
vn -0.014219 0.001367 -0.098975
vn -0.018434 -0.003763 -0.098214
vn -0.022567 -0.008876 -0.097015
vn -0.026599 -0.013950 -0.095383
vn 0.047618 0.058335 -0.065800
vn 0.052328 0.053861 -0.066036
vn 0.056865 0.049206 -0.065918
vn 0.061207 0.044391 -0.065446
vn 0.065336 0.039438 -0.064621
vn 0.069233 0.034368 -0.063448
vn 0.072880 0.029205 -0.061932
vn 0.033243 0.044254 -0.083285
vn 0.029236 0.040198 -0.086772
vn 0.025099 0.035963 -0.089871
vn 0.020849 0.031566 -0.092568
vn 0.003115 0.012777 -0.099131
vn -0.001403 0.007883 -0.099679
vn -0.005915 0.002955 -0.099781
vn -0.010401 -0.001987 -0.099438
vn -0.014840 -0.006921 -0.098650
vn -0.019213 -0.011823 -0.097422
vn -0.023500 -0.016672 -0.095759
vn 0.049080 0.050633 -0.070904
vn 0.050253 0.042419 -0.075335
vn 0.051064 0.033787 -0.079063
vn 0.051448 0.024839 -0.082074
vn 0.051345 0.015684 -0.084366
vn 0.050707 0.006434 -0.085950
vn 0.034054 0.035622 -0.087014
vn 0.029874 0.031427 -0.090110
vn 0.025560 0.027092 -0.092805
vn 0.021132 0.022636 -0.095084
vn 0.002679 0.004007 -0.099884
vn -0.002017 -0.000748 -0.099977
vn -0.006703 -0.005500 -0.099623
vn -0.011359 -0.010227 -0.098825
vn -0.015965 -0.014908 -0.097585
vn -0.020499 -0.019523 -0.095910
vn 0.053679 0.045915 -0.070784
vn 0.058080 0.041034 -0.070305
vn 0.062266 0.036013 -0.069470
vn 0.066216 0.030874 -0.068281
vn 0.069913 0.025640 -0.066744
vn 0.034473 0.026709 -0.089990
vn 0.030096 0.022438 -0.092686
vn 0.025586 0.018066 -0.094968
vn 0.020961 0.013614 -0.096826
vn 0.001738 -0.004601 -0.099879
vn -0.003141 -0.009154 -0.099531
vn -0.008007 -0.013666 -0.098738
vn -0.012836 -0.018118 -0.097504
vn -0.017609 -0.022488 -0.095834
vn 0.054694 0.037494 -0.074851
vn 0.055306 0.028697 -0.078216
vn 0.055451 0.019630 -0.080869
vn 0.055076 0.010403 -0.082816
vn 0.034439 0.017623 -0.092214
vn 0.029849 0.013339 -0.094504
vn 0.025127 0.008995 -0.096373
vn 0.020292 0.004611 -0.097811
vn 0.000267 -0.012934 -0.099160
vn -0.004798 -0.017224 -0.098389
vn -0.009842 -0.021438 -0.097178
vn -0.014842 -0.025556 -0.095533
vn 0.058917 0.032428 -0.074008
vn 0.062903 0.027242 -0.072808
vn 0.066634 0.021961 -0.071258
vn 0.033903 0.008475 -0.093695
vn 0.029088 0.004243 -0.095582
vn 0.024142 -0.000008 -0.097042
vn -0.001747 -0.020885 -0.097779
vn -0.006995 -0.024854 -0.096609
vn -0.012212 -0.028712 -0.095008
vn 0.059310 0.023489 -0.077011
vn 0.059199 0.014325 -0.079311
vn 0.032826 -0.000620 -0.094457
vn 0.027776 -0.004735 -0.095948
vn -0.004308 -0.028349 -0.095801
vn -0.009729 -0.031942 -0.094261
vn 0.063057 0.018184 -0.075453
vn 0.031177 -0.009550 -0.094535
vn 0.014992 -0.021154 -0.096580
vn -0.007405 -0.035231 -0.093295
usemtl Steel_-_Satin
f 49/1/1 1/2/2 159/3/3
f 159/3/3 1/2/2 2/4/4
f 159/3/3 2/4/4 157/5/5
f 157/5/5 2/4/4 3/6/6
f 157/5/5 3/6/6 184/7/7
f 184/7/7 3/6/6 172/8/8
f 184/7/7 172/8/8 173/9/9
f 173/9/9 172/8/8 186/10/10
f 173/9/9 186/10/10 187/11/11
f 187/11/11 186/10/10 202/12/12
f 187/11/11 202/12/12 201/13/13
f 201/13/13 202/12/12 195/14/14
f 201/13/13 195/14/14 196/15/15
f 196/15/15 195/14/14 213/16/16
f 196/15/15 213/16/16 212/17/17
f 212/17/17 213/16/16 209/18/18
f 212/17/17 209/18/18 210/19/19
f 210/19/19 209/18/18 154/20/20
f 210/19/19 154/20/20 102/21/21
f 102/21/21 154/20/20 101/22/22
f 101/22/22 154/20/20 230/23/23
f 101/22/22 230/23/23 100/24/24
f 100/24/24 230/23/23 229/25/25
f 100/24/24 229/25/25 152/26/26
f 152/26/26 229/25/25 228/27/27
f 152/26/26 228/27/27 242/28/28
f 242/28/28 228/27/27 227/29/29
f 242/28/28 227/29/29 241/30/30
f 241/30/30 227/29/29 226/31/31
f 241/30/30 226/31/31 240/32/32
f 240/32/32 226/31/31 225/33/33
f 240/32/32 225/33/33 239/34/34
f 239/34/34 225/33/33 224/35/35
f 239/34/34 224/35/35 238/36/36
f 238/36/36 224/35/35 223/37/37
f 238/36/36 223/37/37 237/38/38
f 237/38/38 223/37/37 9/39/39
f 237/38/38 9/39/39 151/40/40
f 151/40/40 9/39/39 10/41/41
f 151/40/40 10/41/41 243/42/42
f 243/42/42 10/41/41 11/43/43
f 243/42/42 11/43/43 268/44/44
f 268/44/44 11/43/43 256/45/45
f 268/44/44 256/45/45 257/46/46
f 257/46/46 256/45/45 269/47/47
f 257/46/46 269/47/47 270/48/48
f 270/48/48 269/47/47 285/49/49
f 270/48/48 285/49/49 284/50/50
f 284/50/50 285/49/49 277/51/51
f 284/50/50 277/51/51 278/52/52
f 278/52/52 277/51/51 292/53/53
f 278/52/52 292/53/53 293/54/54
f 293/54/54 292/53/53 302/55/55
f 293/54/54 302/55/55 301/56/56
f 301/56/56 302/55/55 300/57/57
f 301/56/56 300/57/57 93/58/58
f 93/58/58 300/57/57 92/59/59
f 92/59/59 300/57/57 145/60/60
f 92/59/59 145/60/60 91/61/61
f 91/61/61 145/60/60 313/62/62
f 91/61/61 313/62/62 325/63/63
f 325/63/63 313/62/62 312/64/64
f 325/63/63 312/64/64 324/65/65
f 324/65/65 312/64/64 311/66/66
f 324/65/65 311/66/66 323/67/67
f 323/67/67 311/66/66 310/68/68
f 323/67/67 310/68/68 322/69/69
f 322/69/69 310/68/68 309/70/70
f 322/69/69 309/70/70 321/71/71
f 321/71/71 309/70/70 308/72/72
f 321/71/71 308/72/72 320/73/73
f 320/73/73 308/72/72 307/74/74
f 320/73/73 307/74/74 143/75/75
f 143/75/75 307/74/74 17/76/76
f 143/75/75 17/76/76 18/77/77
f 3/6/6 4/78/78 172/8/8
f 172/8/8 4/78/78 185/79/79
f 172/8/8 185/79/79 186/10/10
f 186/10/10 185/79/79 203/80/80
f 186/10/10 203/80/80 202/12/12
f 202/12/12 203/80/80 194/81/81
f 202/12/12 194/81/81 195/14/14
f 195/14/14 194/81/81 214/82/82
f 195/14/14 214/82/82 213/16/16
f 213/16/16 214/82/82 208/83/83
f 213/16/16 208/83/83 209/18/18
f 209/18/18 208/83/83 222/84/84
f 209/18/18 222/84/84 154/20/20
f 154/20/20 222/84/84 230/23/23
f 185/79/79 4/78/78 155/85/85
f 155/85/85 4/78/78 5/86/86
f 155/85/85 5/86/86 192/87/87
f 192/87/87 5/86/86 6/88/88
f 192/87/87 6/88/88 217/89/89
f 217/89/89 6/88/88 204/90/90
f 217/89/89 204/90/90 205/91/91
f 205/91/91 204/90/90 218/92/92
f 205/91/91 218/92/92 219/93/93
f 219/93/93 218/92/92 234/94/94
f 219/93/93 234/94/94 233/95/95
f 233/95/95 234/94/94 226/31/31
f 233/95/95 226/31/31 227/29/29
f 6/88/88 7/96/96 204/90/90
f 204/90/90 7/96/96 153/97/97
f 204/90/90 153/97/97 218/92/92
f 218/92/92 153/97/97 235/98/98
f 218/92/92 235/98/98 234/94/94
f 234/94/94 235/98/98 225/33/33
f 234/94/94 225/33/33 226/31/31
f 7/96/96 8/99/99 153/97/97
f 153/97/97 8/99/99 236/100/100
f 153/97/97 236/100/100 235/98/98
f 235/98/98 236/100/100 224/35/35
f 235/98/98 224/35/35 225/33/33
f 236/100/100 8/99/99 223/37/37
f 223/37/37 8/99/99 9/39/39
f 11/43/43 12/101/101 256/45/45
f 256/45/45 12/101/101 148/102/102
f 256/45/45 148/102/102 269/47/47
f 269/47/47 148/102/102 286/103/103
f 269/47/47 286/103/103 285/49/49
f 285/49/49 286/103/103 276/104/104
f 285/49/49 276/104/104 277/51/51
f 277/51/51 276/104/104 291/105/105
f 277/51/51 291/105/105 292/53/53
f 292/53/53 291/105/105 303/106/106
f 292/53/53 303/106/106 302/55/55
f 302/55/55 303/106/106 299/107/107
f 302/55/55 299/107/107 300/57/57
f 300/57/57 299/107/107 145/60/60
f 12/101/101 13/108/108 148/102/102
f 148/102/102 13/108/108 287/109/109
f 148/102/102 287/109/109 286/103/103
f 286/103/103 287/109/109 275/110/110
f 286/103/103 275/110/110 276/104/104
f 276/104/104 275/110/110 290/111/111
f 276/104/104 290/111/111 291/105/105
f 291/105/105 290/111/111 304/112/112
f 291/105/105 304/112/112 303/106/106
f 303/106/106 304/112/112 298/113/113
f 303/106/106 298/113/113 299/107/107
f 299/107/107 298/113/113 314/114/114
f 299/107/107 314/114/114 145/60/60
f 145/60/60 314/114/114 313/62/62
f 287/109/109 13/108/108 274/115/115
f 274/115/115 13/108/108 14/116/116
f 274/115/115 14/116/116 288/117/117
f 288/117/117 14/116/116 146/118/118
f 288/117/117 146/118/118 306/119/119
f 306/119/119 146/118/118 295/120/120
f 306/119/119 295/120/120 296/121/121
f 296/121/121 295/120/120 317/122/122
f 296/121/121 317/122/122 316/123/123
f 316/123/123 317/122/122 310/68/68
f 316/123/123 310/68/68 311/66/66
f 14/116/116 15/124/124 146/118/118
f 146/118/118 15/124/124 294/125/125
f 146/118/118 294/125/125 295/120/120
f 295/120/120 294/125/125 318/126/126
f 295/120/120 318/126/126 317/122/122
f 317/122/122 318/126/126 309/70/70
f 317/122/122 309/70/70 310/68/68
f 15/124/124 16/127/127 294/125/125
f 294/125/125 16/127/127 319/128/128
f 294/125/125 319/128/128 318/126/126
f 318/126/126 319/128/128 308/72/72
f 318/126/126 308/72/72 309/70/70
f 319/128/128 16/127/127 307/74/74
f 307/74/74 16/127/127 17/76/76
f 19/129/129 326/130/130 18/77/77
f 18/77/77 326/130/130 338/131/131
f 18/77/77 338/131/131 143/75/75
f 143/75/75 338/131/131 337/132/132
f 143/75/75 337/132/132 320/73/73
f 320/73/73 337/132/132 336/133/133
f 320/73/73 336/133/133 321/71/71
f 321/71/71 336/133/133 335/134/134
f 321/71/71 335/134/134 322/69/69
f 322/69/69 335/134/134 334/135/135
f 322/69/69 334/135/135 323/67/67
f 323/67/67 334/135/135 333/136/136
f 323/67/67 333/136/136 324/65/65
f 324/65/65 333/136/136 144/137/137
f 324/65/65 144/137/137 325/63/63
f 325/63/63 144/137/137 90/138/138
f 325/63/63 90/138/138 91/61/61
f 20/139/139 141/140/140 19/129/129
f 19/129/129 141/140/140 339/141/141
f 19/129/129 339/141/141 326/130/130
f 326/130/130 339/141/141 340/142/142
f 326/130/130 340/142/142 327/143/143
f 327/143/143 340/142/142 341/144/144
f 327/143/143 341/144/144 328/145/145
f 328/145/145 341/144/144 342/146/146
f 328/145/145 342/146/146 329/147/147
f 329/147/147 342/146/146 343/148/148
f 329/147/147 343/148/148 330/149/149
f 330/149/149 343/148/148 344/150/150
f 330/149/149 344/150/150 331/151/151
f 331/151/151 344/150/150 345/152/152
f 331/151/151 345/152/152 332/153/153
f 332/153/153 345/152/152 89/154/154
f 332/153/153 89/154/154 144/137/137
f 144/137/137 89/154/154 90/138/138
f 141/140/140 20/139/139 346/155/155
f 346/155/155 20/139/139 21/156/156
f 346/155/155 21/156/156 371/157/157
f 371/157/157 21/156/156 358/158/158
f 371/157/157 358/158/158 359/159/159
f 359/159/159 358/158/158 372/160/160
f 359/159/159 372/160/160 373/161/161
f 373/161/161 372/160/160 388/162/162
f 373/161/161 388/162/162 387/163/163
f 387/163/163 388/162/162 381/164/164
f 387/163/163 381/164/164 382/165/165
f 382/165/165 381/164/164 395/166/166
f 382/165/165 395/166/166 396/167/167
f 396/167/167 395/166/166 405/168/168
f 396/167/167 405/168/168 138/169/169
f 138/169/169 405/168/168 404/170/170
f 138/169/169 404/170/170 82/171/171
f 82/171/171 404/170/170 81/172/172
f 81/172/172 404/170/170 416/173/173
f 81/172/172 416/173/173 136/174/174
f 136/174/174 416/173/173 417/175/175
f 136/174/174 417/175/175 415/176/176
f 415/176/176 417/175/175 418/177/177
f 415/176/176 418/177/177 414/178/178
f 414/178/178 418/177/177 419/179/179
f 414/178/178 419/179/179 413/180/180
f 413/180/180 419/179/179 420/181/181
f 413/180/180 420/181/181 412/182/182
f 412/182/182 420/181/181 421/183/183
f 412/182/182 421/183/183 411/184/184
f 411/184/184 421/183/183 422/185/185
f 411/184/184 422/185/185 410/186/186
f 410/186/186 422/185/185 26/187/187
f 410/186/186 26/187/187 27/188/188
f 21/156/156 22/189/189 358/158/158
f 358/158/158 22/189/189 139/190/190
f 358/158/158 139/190/190 372/160/160
f 372/160/160 139/190/190 389/191/191
f 372/160/160 389/191/191 388/162/162
f 388/162/162 389/191/191 380/192/192
f 388/162/162 380/192/192 381/164/164
f 381/164/164 380/192/192 394/193/193
f 381/164/164 394/193/193 395/166/166
f 395/166/166 394/193/193 406/194/194
f 395/166/166 406/194/194 405/168/168
f 405/168/168 406/194/194 403/195/195
f 405/168/168 403/195/195 404/170/170
f 404/170/170 403/195/195 416/173/173
f 22/189/189 23/196/196 139/190/190
f 139/190/190 23/196/196 390/197/197
f 139/190/190 390/197/197 389/191/191
f 389/191/191 390/197/197 379/198/198
f 389/191/191 379/198/198 380/192/192
f 380/192/192 379/198/198 393/199/199
f 380/192/192 393/199/199 394/193/193
f 394/193/193 393/199/199 407/200/200
f 394/193/193 407/200/200 406/194/194
f 406/194/194 407/200/200 402/201/201
f 406/194/194 402/201/201 403/195/195
f 403/195/195 402/201/201 417/175/175
f 403/195/195 417/175/175 416/173/173
f 390/197/197 23/196/196 378/202/202
f 378/202/202 23/196/196 24/203/203
f 378/202/202 24/203/203 391/204/204
f 391/204/204 24/203/203 137/205/205
f 391/204/204 137/205/205 409/206/206
f 409/206/206 137/205/205 399/207/207
f 409/206/206 399/207/207 400/208/208
f 400/208/208 399/207/207 420/181/181
f 400/208/208 420/181/181 419/179/179
f 24/203/203 25/209/209 137/205/205
f 137/205/205 25/209/209 398/210/210
f 137/205/205 398/210/210 399/207/207
f 399/207/207 398/210/210 421/183/183
f 399/207/207 421/183/183 420/181/181
f 25/209/209 26/187/187 398/210/210
f 398/210/210 26/187/187 422/185/185
f 398/210/210 422/185/185 421/183/183
f 410/186/186 27/188/188 134/211/211
f 134/211/211 27/188/188 28/212/212
f 134/211/211 28/212/212 441/213/213
f 441/213/213 28/212/212 429/214/214
f 441/213/213 429/214/214 430/215/215
f 430/215/215 429/214/214 443/216/216
f 430/215/215 443/216/216 444/217/217
f 444/217/217 443/216/216 459/218/218
f 444/217/217 459/218/218 458/219/219
f 458/219/219 459/218/218 452/220/220
f 458/219/219 452/220/220 453/221/221
f 453/221/221 452/220/220 470/222/222
f 453/221/221 470/222/222 469/223/223
f 469/223/223 470/222/222 466/224/224
f 469/223/223 466/224/224 467/225/225
f 467/225/225 466/224/224 131/226/226
f 467/225/225 131/226/226 75/227/227
f 75/227/227 131/226/226 74/228/228
f 74/228/228 131/226/226 130/229/229
f 74/228/228 130/229/229 73/230/230
f 73/230/230 130/229/229 486/231/231
f 73/230/230 486/231/231 498/232/232
f 498/232/232 486/231/231 485/233/233
f 498/232/232 485/233/233 499/234/234
f 499/234/234 485/233/233 484/235/235
f 499/234/234 484/235/235 500/236/236
f 500/236/236 484/235/235 483/237/237
f 500/236/236 483/237/237 501/238/238
f 501/238/238 483/237/237 482/239/239
f 501/238/238 482/239/239 502/240/240
f 502/240/240 482/239/239 481/241/241
f 502/240/240 481/241/241 503/242/242
f 503/242/242 481/241/241 128/243/243
f 503/242/242 128/243/243 504/244/244
f 504/244/244 128/243/243 34/245/245
f 504/244/244 34/245/245 126/246/246
f 126/246/246 34/245/245 35/247/247
f 126/246/246 35/247/247 516/248/248
f 516/248/248 35/247/247 505/249/249
f 516/248/248 505/249/249 506/250/250
f 506/250/250 505/249/249 518/251/251
f 506/250/250 518/251/251 519/252/252
f 519/252/252 518/251/251 534/253/253
f 519/252/252 534/253/253 533/254/254
f 533/254/254 534/253/253 527/255/255
f 533/254/254 527/255/255 528/256/256
f 528/256/256 527/255/255 544/257/257
f 528/256/256 544/257/257 543/258/258
f 543/258/258 544/257/257 540/259/259
f 543/258/258 540/259/259 541/260/260
f 541/260/260 540/259/259 554/261/261
f 541/260/260 554/261/261 67/262/262
f 67/262/262 554/261/261 121/263/263
f 67/262/262 121/263/263 66/264/264
f 66/264/264 121/263/263 119/265/265
f 66/264/264 119/265/265 65/266/266
f 65/266/266 119/265/265 567/267/267
f 65/266/266 567/267/267 580/268/268
f 580/268/268 567/267/267 566/269/269
f 580/268/268 566/269/269 579/270/270
f 579/270/270 566/269/269 565/271/271
f 579/270/270 565/271/271 578/272/272
f 578/272/272 565/271/271 564/273/273
f 578/272/272 564/273/273 577/274/274
f 577/274/274 564/273/273 563/275/275
f 577/274/274 563/275/275 576/276/276
f 576/276/276 563/275/275 562/277/277
f 576/276/276 562/277/277 575/278/278
f 575/278/278 562/277/277 561/279/279
f 575/278/278 561/279/279 574/280/280
f 574/280/280 561/279/279 41/281/281
f 574/280/280 41/281/281 117/282/282
f 117/282/282 41/281/281 42/283/283
f 117/282/282 42/283/283 115/284/284
f 115/284/284 42/283/283 43/285/285
f 115/284/284 43/285/285 603/286/286
f 603/286/286 43/285/285 114/287/287
f 603/286/286 114/287/287 592/288/288
f 592/288/288 114/287/287 616/289/289
f 592/288/288 616/289/289 615/290/290
f 615/290/290 616/289/289 606/291/291
f 615/290/290 606/291/291 607/292/292
f 607/292/292 606/291/291 621/293/293
f 607/292/292 621/293/293 622/294/294
f 622/294/294 621/293/293 632/295/295
f 622/294/294 632/295/295 631/296/296
f 631/296/296 632/295/295 629/297/297
f 631/296/296 629/297/297 630/298/298
f 630/298/298 629/297/297 642/299/299
f 630/298/298 642/299/299 59/300/300
f 59/300/300 642/299/299 58/301/301
f 58/301/301 642/299/299 641/302/302
f 58/301/301 641/302/302 109/303/303
f 109/303/303 641/302/302 640/304/304
f 109/303/303 640/304/304 655/305/305
f 655/305/305 640/304/304 639/306/306
f 655/305/305 639/306/306 656/307/307
f 656/307/307 639/306/306 638/308/308
f 656/307/307 638/308/308 657/309/309
f 657/309/309 638/308/308 637/310/310
f 657/309/309 637/310/310 658/311/311
f 658/311/311 637/310/310 636/312/312
f 658/311/311 636/312/312 659/313/313
f 659/313/313 636/312/312 108/314/314
f 659/313/313 108/314/314 660/315/315
f 660/315/315 108/314/314 48/316/316
f 660/315/315 48/316/316 648/317/317
f 648/317/317 48/316/316 1/318/2
f 648/317/317 1/318/2 49/319/1
f 28/212/212 29/320/318 429/214/214
f 429/214/214 29/320/318 442/321/319
f 429/214/214 442/321/319 443/216/216
f 443/216/216 442/321/319 460/322/320
f 443/216/216 460/322/320 459/218/218
f 459/218/218 460/322/320 451/323/321
f 459/218/218 451/323/321 452/220/220
f 452/220/220 451/323/321 471/324/322
f 452/220/220 471/324/322 470/222/222
f 470/222/222 471/324/322 465/325/323
f 470/222/222 465/325/323 466/224/224
f 466/224/224 465/325/323 480/326/324
f 466/224/224 480/326/324 131/226/226
f 131/226/226 480/326/324 130/229/229
f 442/321/319 29/320/318 132/327/325
f 132/327/325 29/320/318 30/328/326
f 132/327/325 30/328/326 449/329/327
f 449/329/327 30/328/326 31/330/328
f 449/329/327 31/330/328 474/331/329
f 474/331/329 31/330/328 461/332/330
f 474/331/329 461/332/330 462/333/331
f 462/333/331 461/332/330 476/334/332
f 462/333/331 476/334/332 477/335/333
f 477/335/333 476/334/332 490/336/334
f 477/335/333 490/336/334 489/337/335
f 489/337/335 490/336/334 483/237/237
f 489/337/335 483/237/237 484/235/235
f 31/330/328 32/338/336 461/332/330
f 461/332/330 32/338/336 475/339/337
f 461/332/330 475/339/337 476/334/332
f 476/334/332 475/339/337 491/340/338
f 476/334/332 491/340/338 490/336/334
f 490/336/334 491/340/338 482/239/239
f 490/336/334 482/239/239 483/237/237
f 475/339/337 32/338/336 129/341/339
f 129/341/339 32/338/336 33/342/340
f 129/341/339 33/342/340 128/243/243
f 128/243/243 33/342/340 34/245/245
f 35/247/247 36/343/341 505/249/249
f 505/249/249 36/343/341 517/344/342
f 505/249/249 517/344/342 518/251/251
f 518/251/251 517/344/342 535/345/343
f 518/251/251 535/345/343 534/253/253
f 534/253/253 535/345/343 526/346/344
f 534/253/253 526/346/344 527/255/255
f 527/255/255 526/346/344 545/347/345
f 527/255/255 545/347/345 544/257/257
f 544/257/257 545/347/345 539/348/346
f 544/257/257 539/348/346 540/259/259
f 540/259/259 539/348/346 555/349/347
f 540/259/259 555/349/347 554/261/261
f 554/261/261 555/349/347 121/263/263
f 517/344/342 36/343/341 124/350/348
f 124/350/348 36/343/341 37/351/349
f 124/350/348 37/351/349 524/352/350
f 524/352/350 37/351/349 122/353/351
f 524/352/350 122/353/351 547/354/352
f 547/354/352 122/353/351 536/355/353
f 547/354/352 536/355/353 537/356/354
f 537/356/354 536/355/353 558/357/355
f 537/356/354 558/357/355 557/358/356
f 557/358/356 558/357/355 551/359/357
f 557/358/356 551/359/357 552/360/358
f 552/360/358 551/359/357 569/361/359
f 552/360/358 569/361/359 568/362/360
f 568/362/360 569/361/359 566/269/269
f 568/362/360 566/269/269 567/267/267
f 37/351/349 38/363/361 122/353/351
f 122/353/351 38/363/361 120/364/362
f 122/353/351 120/364/362 536/355/353
f 536/355/353 120/364/362 559/365/363
f 536/355/353 559/365/363 558/357/355
f 558/357/355 559/365/363 550/366/364
f 558/357/355 550/366/364 551/359/357
f 551/359/357 550/366/364 570/367/365
f 551/359/357 570/367/365 569/361/359
f 569/361/359 570/367/365 565/271/271
f 569/361/359 565/271/271 566/269/269
f 38/363/361 39/368/366 120/364/362
f 120/364/362 39/368/366 560/369/367
f 120/364/362 560/369/367 559/365/363
f 559/365/363 560/369/367 549/370/368
f 559/365/363 549/370/368 550/366/364
f 550/366/364 549/370/368 571/371/369
f 550/366/364 571/371/369 570/367/365
f 570/367/365 571/371/369 564/273/273
f 570/367/365 564/273/273 565/271/271
f 560/369/367 39/368/366 548/372/370
f 548/372/370 39/368/366 40/373/371
f 548/372/370 40/373/371 573/374/372
f 573/374/372 40/373/371 561/279/279
f 573/374/372 561/279/279 562/277/277
f 40/373/371 41/281/281 561/279/279
f 43/285/285 44/375/373 114/287/287
f 114/287/287 44/375/373 617/376/374
f 114/287/287 617/376/374 616/289/289
f 616/289/289 617/376/374 605/377/375
f 616/289/289 605/377/375 606/291/291
f 606/291/291 605/377/375 620/378/376
f 606/291/291 620/378/376 621/293/293
f 621/293/293 620/378/376 633/379/377
f 621/293/293 633/379/377 632/295/295
f 632/295/295 633/379/377 628/380/378
f 632/295/295 628/380/378 629/297/297
f 629/297/297 628/380/378 643/381/379
f 629/297/297 643/381/379 642/299/299
f 642/299/299 643/381/379 641/302/302
f 617/376/374 44/375/373 604/382/380
f 604/382/380 44/375/373 45/383/381
f 604/382/380 45/383/381 618/384/382
f 618/384/382 45/383/381 111/385/383
f 618/384/382 111/385/383 635/386/384
f 635/386/384 111/385/383 625/387/385
f 635/386/384 625/387/385 626/388/386
f 626/388/386 625/387/385 646/389/387
f 626/388/386 646/389/387 645/390/388
f 645/390/388 646/389/387 638/308/308
f 645/390/388 638/308/308 639/306/306
f 45/383/381 46/391/389 111/385/383
f 111/385/383 46/391/389 624/392/390
f 111/385/383 624/392/390 625/387/385
f 625/387/385 624/392/390 647/393/391
f 625/387/385 647/393/391 646/389/387
f 646/389/387 647/393/391 637/310/310
f 646/389/387 637/310/310 638/308/308
f 624/392/390 46/391/389 110/394/392
f 110/394/392 46/391/389 47/395/393
f 110/394/392 47/395/393 108/314/314
f 108/314/314 47/395/393 48/316/316
f 49/319/1 50/396/394 648/317/317
f 648/317/317 50/396/394 649/397/395
f 648/317/317 649/397/395 660/315/315
f 660/315/315 649/397/395 659/313/313
f 50/396/394 51/398/396 649/397/395
f 649/397/395 51/398/396 650/399/397
f 649/397/395 650/399/397 659/313/313
f 659/313/313 650/399/397 658/311/311
f 51/398/396 52/400/398 650/399/397
f 650/399/397 52/400/398 651/401/399
f 650/399/397 651/401/399 658/311/311
f 658/311/311 651/401/399 657/309/309
f 52/400/398 53/402/400 651/401/399
f 651/401/399 53/402/400 652/403/401
f 651/401/399 652/403/401 657/309/309
f 657/309/309 652/403/401 656/307/307
f 53/402/400 54/404/402 652/403/401
f 652/403/401 54/404/402 653/405/403
f 652/403/401 653/405/403 656/307/307
f 656/307/307 653/405/403 655/305/305
f 54/404/402 55/406/404 653/405/403
f 653/405/403 55/406/404 654/407/405
f 653/405/403 654/407/405 655/305/305
f 655/305/305 654/407/405 109/303/303
f 55/406/404 56/408/406 654/407/405
f 654/407/405 56/408/406 57/409/407
f 654/407/405 57/409/407 109/303/303
f 109/303/303 57/409/407 58/301/301
f 630/298/298 59/300/300 112/410/408
f 112/410/408 59/300/300 60/411/409
f 112/410/408 60/411/409 113/412/410
f 113/412/410 60/411/409 61/413/411
f 113/412/410 61/413/411 610/414/412
f 610/414/412 61/413/411 611/415/413
f 610/414/412 611/415/413 612/416/414
f 612/416/414 611/415/413 596/417/415
f 612/416/414 596/417/415 595/418/416
f 595/418/416 596/417/415 599/419/417
f 595/418/416 599/419/417 600/420/418
f 600/420/418 599/419/417 583/421/419
f 600/420/418 583/421/419 582/422/420
f 582/422/420 583/421/419 590/423/421
f 582/422/420 590/423/421 591/424/422
f 591/424/422 590/423/421 575/278/278
f 591/424/422 575/278/278 574/280/280
f 61/413/411 62/425/423 611/415/413
f 611/415/413 62/425/423 597/426/424
f 611/415/413 597/426/424 596/417/415
f 596/417/415 597/426/424 598/427/425
f 596/417/415 598/427/425 599/419/417
f 599/419/417 598/427/425 584/428/426
f 599/419/417 584/428/426 583/421/419
f 583/421/419 584/428/426 589/429/427
f 583/421/419 589/429/427 590/423/421
f 590/423/421 589/429/427 576/276/276
f 590/423/421 576/276/276 575/278/278
f 597/426/424 62/425/423 116/430/428
f 116/430/428 62/425/423 63/431/429
f 116/430/428 63/431/429 118/432/430
f 118/432/430 63/431/429 64/433/431
f 118/432/430 64/433/431 586/434/432
f 586/434/432 64/433/431 580/268/268
f 586/434/432 580/268/268 579/270/270
f 64/433/431 65/266/266 580/268/268
f 67/262/262 68/435/433 541/260/260
f 541/260/260 68/435/433 542/436/434
f 541/260/260 542/436/434 543/258/258
f 543/258/258 542/436/434 529/437/435
f 543/258/258 529/437/435 528/256/256
f 528/256/256 529/437/435 532/438/436
f 528/256/256 532/438/436 533/254/254
f 533/254/254 532/438/436 520/439/437
f 533/254/254 520/439/437 519/252/252
f 519/252/252 520/439/437 507/440/438
f 519/252/252 507/440/438 506/250/250
f 506/250/250 507/440/438 515/441/439
f 506/250/250 515/441/439 516/248/248
f 516/248/248 515/441/439 126/246/246
f 542/436/434 68/435/433 123/442/440
f 123/442/440 68/435/433 69/443/441
f 123/442/440 69/443/441 530/444/442
f 530/444/442 69/443/441 70/445/443
f 530/444/442 70/445/443 523/446/444
f 523/446/444 70/445/443 125/447/445
f 523/446/444 125/447/445 510/448/446
f 510/448/446 125/447/445 511/449/447
f 510/448/446 511/449/447 512/450/448
f 512/450/448 511/449/447 495/451/449
f 512/450/448 495/451/449 494/452/450
f 494/452/450 495/451/449 501/238/238
f 494/452/450 501/238/238 502/240/240
f 70/445/443 71/453/451 125/447/445
f 125/447/445 71/453/451 127/454/452
f 125/447/445 127/454/452 511/449/447
f 511/449/447 127/454/452 496/455/453
f 511/449/447 496/455/453 495/451/449
f 495/451/449 496/455/453 500/236/236
f 495/451/449 500/236/236 501/238/238
f 71/453/451 72/456/454 127/454/452
f 127/454/452 72/456/454 497/457/455
f 127/454/452 497/457/455 496/455/453
f 496/455/453 497/457/455 499/234/234
f 496/455/453 499/234/234 500/236/236
f 497/457/455 72/456/454 498/232/232
f 498/232/232 72/456/454 73/230/230
f 467/225/225 75/227/227 468/458/456
f 468/458/456 75/227/227 76/459/457
f 468/458/456 76/459/457 133/460/458
f 133/460/458 76/459/457 77/461/459
f 133/460/458 77/461/459 455/462/460
f 455/462/460 77/461/459 448/463/461
f 455/462/460 448/463/461 447/464/462
f 447/464/462 448/463/461 434/465/463
f 447/464/462 434/465/463 433/466/464
f 433/466/464 434/465/463 437/467/465
f 433/466/464 437/467/465 438/468/466
f 438/468/466 437/467/465 425/469/467
f 438/468/466 425/469/467 424/470/468
f 424/470/468 425/469/467 412/182/182
f 424/470/468 412/182/182 411/184/184
f 77/461/459 78/471/469 448/463/461
f 448/463/461 78/471/469 135/472/470
f 448/463/461 135/472/470 434/465/463
f 434/465/463 135/472/470 436/473/471
f 434/465/463 436/473/471 437/467/465
f 437/467/465 436/473/471 426/474/472
f 437/467/465 426/474/472 425/469/467
f 425/469/467 426/474/472 413/180/180
f 425/469/467 413/180/180 412/182/182
f 78/471/469 79/475/473 135/472/470
f 135/472/470 79/475/473 435/476/474
f 135/472/470 435/476/474 436/473/471
f 436/473/471 435/476/474 427/477/475
f 436/473/471 427/477/475 426/474/472
f 426/474/472 427/477/475 414/178/178
f 426/474/472 414/178/178 413/180/180
f 435/476/474 79/475/473 428/478/476
f 428/478/476 79/475/473 80/479/477
f 428/478/476 80/479/477 136/174/174
f 136/174/174 80/479/477 81/172/172
f 82/171/171 83/480/478 138/169/169
f 138/169/169 83/480/478 397/481/479
f 138/169/169 397/481/479 396/167/167
f 396/167/167 397/481/479 383/482/480
f 396/167/167 383/482/480 382/165/165
f 382/165/165 383/482/480 386/483/481
f 382/165/165 386/483/481 387/163/163
f 387/163/163 386/483/481 374/484/482
f 387/163/163 374/484/482 373/161/161
f 373/161/161 374/484/482 360/485/483
f 373/161/161 360/485/483 359/159/159
f 359/159/159 360/485/483 370/486/484
f 359/159/159 370/486/484 371/157/157
f 371/157/157 370/486/484 346/155/155
f 397/481/479 83/480/478 384/487/485
f 384/487/485 83/480/478 84/488/486
f 384/487/485 84/488/486 140/489/487
f 140/489/487 84/488/486 85/490/488
f 140/489/487 85/490/488 377/491/489
f 377/491/489 85/490/488 364/492/490
f 377/491/489 364/492/490 363/493/491
f 363/493/491 364/492/490 366/494/492
f 363/493/491 366/494/492 367/495/493
f 367/495/493 366/494/492 350/496/494
f 367/495/493 350/496/494 349/497/495
f 349/497/495 350/496/494 355/498/496
f 349/497/495 355/498/496 356/499/497
f 356/499/497 355/498/496 341/144/144
f 356/499/497 341/144/144 340/142/142
f 85/490/488 86/500/498 364/492/490
f 364/492/490 86/500/498 365/501/499
f 364/492/490 365/501/499 366/494/492
f 366/494/492 365/501/499 351/502/500
f 366/494/492 351/502/500 350/496/494
f 350/496/494 351/502/500 354/503/501
f 350/496/494 354/503/501 355/498/496
f 355/498/496 354/503/501 342/146/146
f 355/498/496 342/146/146 341/144/144
f 86/500/498 87/504/502 365/501/499
f 365/501/499 87/504/502 352/505/503
f 365/501/499 352/505/503 351/502/500
f 351/502/500 352/505/503 353/506/504
f 351/502/500 353/506/504 354/503/501
f 354/503/501 353/506/504 343/148/148
f 354/503/501 343/148/148 342/146/146
f 352/505/503 87/504/502 142/507/505
f 142/507/505 87/504/502 88/508/506
f 142/507/505 88/508/506 345/152/152
f 345/152/152 88/508/506 89/154/154
f 301/56/56 93/58/58 147/509/507
f 147/509/507 93/58/58 94/510/508
f 147/509/507 94/510/508 280/511/509
f 280/511/509 94/510/508 95/512/510
f 280/511/509 95/512/510 281/513/511
f 281/513/511 95/512/510 149/514/512
f 281/513/511 149/514/512 273/515/513
f 273/515/513 149/514/512 261/516/514
f 273/515/513 261/516/514 260/517/515
f 260/517/515 261/516/514 264/518/516
f 260/517/515 264/518/516 265/519/517
f 265/519/517 264/518/516 246/520/518
f 265/519/517 246/520/518 245/521/519
f 245/521/519 246/520/518 254/522/520
f 245/521/519 254/522/520 255/523/521
f 255/523/521 254/522/520 238/36/36
f 255/523/521 238/36/36 237/38/38
f 95/512/510 96/524/522 149/514/512
f 149/514/512 96/524/522 262/525/523
f 149/514/512 262/525/523 261/516/514
f 261/516/514 262/525/523 263/526/524
f 261/516/514 263/526/524 264/518/516
f 264/518/516 263/526/524 247/527/525
f 264/518/516 247/527/525 246/520/518
f 246/520/518 247/527/525 253/528/526
f 246/520/518 253/528/526 254/522/520
f 254/522/520 253/528/526 239/34/34
f 254/522/520 239/34/34 238/36/36
f 96/524/522 97/529/527 262/525/523
f 262/525/523 97/529/527 150/530/528
f 262/525/523 150/530/528 263/526/524
f 263/526/524 150/530/528 248/531/529
f 263/526/524 248/531/529 247/527/525
f 247/527/525 248/531/529 252/532/530
f 247/527/525 252/532/530 253/528/526
f 253/528/526 252/532/530 240/32/32
f 253/528/526 240/32/32 239/34/34
f 97/529/527 98/533/531 150/530/528
f 150/530/528 98/533/531 249/534/532
f 150/530/528 249/534/532 248/531/529
f 248/531/529 249/534/532 251/535/533
f 248/531/529 251/535/533 252/532/530
f 252/532/530 251/535/533 241/30/30
f 252/532/530 241/30/30 240/32/32
f 249/534/532 98/533/531 250/536/534
f 250/536/534 98/533/531 99/537/535
f 250/536/534 99/537/535 152/26/26
f 152/26/26 99/537/535 100/24/24
f 210/19/19 102/21/21 211/538/536
f 211/538/536 102/21/21 103/539/537
f 211/538/536 103/539/537 156/540/538
f 156/540/538 103/539/537 104/541/539
f 156/540/538 104/541/539 198/542/540
f 198/542/540 104/541/539 191/543/541
f 198/542/540 191/543/541 190/544/542
f 190/544/542 191/543/541 177/545/543
f 190/544/542 177/545/543 176/546/544
f 176/546/544 177/545/543 180/547/545
f 176/546/544 180/547/545 181/548/546
f 181/548/546 180/547/545 168/549/547
f 181/548/546 168/549/547 167/550/548
f 167/550/548 168/549/547 161/551/549
f 167/550/548 161/551/549 160/552/550
f 160/552/550 161/551/549 50/553/394
f 160/552/550 50/553/394 49/1/1
f 104/541/539 105/554/551 191/543/541
f 191/543/541 105/554/551 158/555/552
f 191/543/541 158/555/552 177/545/543
f 177/545/543 158/555/552 179/556/553
f 177/545/543 179/556/553 180/547/545
f 180/547/545 179/556/553 169/557/554
f 180/547/545 169/557/554 168/549/547
f 168/549/547 169/557/554 162/558/555
f 168/549/547 162/558/555 161/551/549
f 161/551/549 162/558/555 51/559/396
f 161/551/549 51/559/396 50/553/394
f 105/554/551 106/560/556 158/555/552
f 158/555/552 106/560/556 178/561/557
f 158/555/552 178/561/557 179/556/553
f 179/556/553 178/561/557 170/562/558
f 179/556/553 170/562/558 169/557/554
f 169/557/554 170/562/558 163/563/559
f 169/557/554 163/563/559 162/558/555
f 162/558/555 163/563/559 52/564/398
f 162/558/555 52/564/398 51/559/396
f 178/561/557 106/560/556 171/565/560
f 171/565/560 106/560/556 107/566/561
f 171/565/560 107/566/561 165/567/562
f 165/567/562 107/566/561 56/568/406
f 165/567/562 56/568/406 55/569/404
f 55/569/404 54/570/402 165/567/562
f 165/567/562 54/570/402 164/571/563
f 165/567/562 164/571/563 171/565/560
f 171/565/560 164/571/563 170/562/558
f 171/565/560 170/562/558 178/561/557
f 54/570/402 53/572/400 164/571/563
f 164/571/563 53/572/400 163/563/559
f 164/571/563 163/563/559 170/562/558
f 53/572/400 52/564/398 163/563/559
f 160/552/550 49/1/1 159/3/3
f 160/552/550 159/3/3 166/573/564
f 166/573/564 159/3/3 157/5/5
f 166/573/564 157/5/5 183/574/565
f 183/574/565 157/5/5 184/7/7
f 183/574/565 184/7/7 173/9/9
f 160/552/550 166/573/564 167/550/548
f 167/550/548 166/573/564 182/575/566
f 167/550/548 182/575/566 181/548/546
f 181/548/546 182/575/566 175/576/567
f 181/548/546 175/576/567 176/546/544
f 176/546/544 175/576/567 189/577/568
f 176/546/544 189/577/568 190/544/542
f 190/544/542 189/577/568 199/578/569
f 190/544/542 199/578/569 198/542/540
f 198/542/540 199/578/569 156/540/538
f 182/575/566 166/573/564 183/574/565
f 182/575/566 183/574/565 174/579/570
f 174/579/570 183/574/565 173/9/9
f 174/579/570 173/9/9 187/11/11
f 182/575/566 174/579/570 175/576/567
f 175/576/567 174/579/570 188/580/571
f 175/576/567 188/580/571 189/577/568
f 189/577/568 188/580/571 200/581/572
f 189/577/568 200/581/572 199/578/569
f 199/578/569 200/581/572 197/582/573
f 199/578/569 197/582/573 156/540/538
f 156/540/538 197/582/573 211/538/536
f 188/580/571 174/579/570 187/11/11
f 200/581/572 188/580/571 201/13/13
f 201/13/13 188/580/571 187/11/11
f 192/87/87 193/583/574 155/85/85
f 155/85/85 193/583/574 203/80/80
f 155/85/85 203/80/80 185/79/79
f 203/80/80 193/583/574 194/81/81
f 194/81/81 193/583/574 215/584/575
f 194/81/81 215/584/575 214/82/82
f 214/82/82 215/584/575 207/585/576
f 214/82/82 207/585/576 208/83/83
f 208/83/83 207/585/576 221/586/577
f 208/83/83 221/586/577 222/84/84
f 222/84/84 221/586/577 231/587/578
f 222/84/84 231/587/578 230/23/23
f 230/23/23 231/587/578 229/25/25
f 193/583/574 192/87/87 216/588/579
f 216/588/579 192/87/87 217/89/89
f 216/588/579 217/89/89 205/91/91
f 200/581/572 201/13/13 196/15/15
f 200/581/572 196/15/15 197/582/573
f 197/582/573 196/15/15 212/17/17
f 197/582/573 212/17/17 211/538/536
f 211/538/536 212/17/17 210/19/19
f 205/91/91 206/589/580 216/588/579
f 216/588/579 206/589/580 215/584/575
f 216/588/579 215/584/575 193/583/574
f 215/584/575 206/589/580 207/585/576
f 207/585/576 206/589/580 220/590/581
f 207/585/576 220/590/581 221/586/577
f 221/586/577 220/590/581 232/591/582
f 221/586/577 232/591/582 231/587/578
f 231/587/578 232/591/582 228/27/27
f 231/587/578 228/27/27 229/25/25
f 220/590/581 206/589/580 219/93/93
f 219/93/93 206/589/580 205/91/91
f 232/591/582 220/590/581 233/95/95
f 233/95/95 220/590/581 219/93/93
f 223/37/37 224/35/35 236/100/100
f 232/591/582 233/95/95 227/29/29
f 227/29/29 228/27/27 232/591/582
f 250/536/534 152/26/26 242/28/28
f 250/536/534 242/28/28 251/535/533
f 251/535/533 242/28/28 241/30/30
f 243/42/42 244/592/583 151/40/40
f 151/40/40 244/592/583 255/523/521
f 151/40/40 255/523/521 237/38/38
f 255/523/521 244/592/583 245/521/519
f 245/521/519 244/592/583 266/593/584
f 245/521/519 266/593/584 265/519/517
f 265/519/517 266/593/584 259/594/585
f 265/519/517 259/594/585 260/517/515
f 260/517/515 259/594/585 272/595/586
f 260/517/515 272/595/586 273/515/513
f 273/515/513 272/595/586 282/596/587
f 273/515/513 282/596/587 281/513/511
f 281/513/511 282/596/587 280/511/509
f 244/592/583 243/42/42 267/597/588
f 267/597/588 243/42/42 268/44/44
f 267/597/588 268/44/44 257/46/46
f 250/536/534 251/535/533 249/534/532
f 257/46/46 258/598/589 267/597/588
f 267/597/588 258/598/589 266/593/584
f 267/597/588 266/593/584 244/592/583
f 266/593/584 258/598/589 259/594/585
f 259/594/585 258/598/589 271/599/590
f 259/594/585 271/599/590 272/595/586
f 272/595/586 271/599/590 283/600/591
f 272/595/586 283/600/591 282/596/587
f 282/596/587 283/600/591 279/601/592
f 282/596/587 279/601/592 280/511/509
f 280/511/509 279/601/592 147/509/507
f 271/599/590 258/598/589 270/48/48
f 270/48/48 258/598/589 257/46/46
f 283/600/591 271/599/590 284/50/50
f 284/50/50 271/599/590 270/48/48
f 287/109/109 274/115/115 275/110/110
f 275/110/110 274/115/115 289/602/593
f 275/110/110 289/602/593 290/111/111
f 290/111/111 289/602/593 305/603/594
f 290/111/111 305/603/594 304/112/112
f 304/112/112 305/603/594 297/604/595
f 304/112/112 297/604/595 298/113/113
f 298/113/113 297/604/595 315/605/596
f 298/113/113 315/605/596 314/114/114
f 314/114/114 315/605/596 312/64/64
f 314/114/114 312/64/64 313/62/62
f 283/600/591 284/50/50 278/52/52
f 283/600/591 278/52/52 279/601/592
f 279/601/592 278/52/52 293/54/54
f 279/601/592 293/54/54 147/509/507
f 147/509/507 293/54/54 301/56/56
f 274/115/115 288/117/117 289/602/593
f 289/602/593 288/117/117 306/119/119
f 289/602/593 306/119/119 305/603/594
f 305/603/594 306/119/119 296/121/121
f 305/603/594 296/121/121 297/604/595
f 297/604/595 296/121/121 316/123/123
f 297/604/595 316/123/123 315/605/596
f 315/605/596 316/123/123 311/66/66
f 315/605/596 311/66/66 312/64/64
f 307/74/74 308/72/72 319/128/128
f 337/132/132 338/131/131 327/143/143
f 327/143/143 338/131/131 326/130/130
f 336/133/133 337/132/132 328/145/145
f 328/145/145 337/132/132 327/143/143
f 335/134/134 336/133/133 329/147/147
f 329/147/147 336/133/133 328/145/145
f 334/135/135 335/134/134 330/149/149
f 330/149/149 335/134/134 329/147/147
f 333/136/136 334/135/135 331/151/151
f 331/151/151 334/135/135 330/149/149
f 144/137/137 333/136/136 332/153/153
f 332/153/153 333/136/136 331/151/151
f 340/142/142 339/141/141 357/606/597
f 357/606/597 339/141/141 141/140/140
f 357/606/597 141/140/140 347/607/598
f 347/607/598 141/140/140 346/155/155
f 347/607/598 346/155/155 370/486/484
f 142/507/505 345/152/152 344/150/150
f 142/507/505 344/150/150 353/506/504
f 353/506/504 344/150/150 343/148/148
f 347/607/598 348/608/599 357/606/597
f 357/606/597 348/608/599 356/499/497
f 357/606/597 356/499/497 340/142/142
f 356/499/497 348/608/599 349/497/495
f 349/497/495 348/608/599 368/609/600
f 349/497/495 368/609/600 367/495/493
f 367/495/493 368/609/600 362/610/601
f 367/495/493 362/610/601 363/493/491
f 363/493/491 362/610/601 376/611/602
f 363/493/491 376/611/602 377/491/489
f 377/491/489 376/611/602 140/489/487
f 348/608/599 347/607/598 369/612/603
f 369/612/603 347/607/598 370/486/484
f 369/612/603 370/486/484 360/485/483
f 142/507/505 353/506/504 352/505/503
f 360/485/483 361/613/604 369/612/603
f 369/612/603 361/613/604 368/609/600
f 369/612/603 368/609/600 348/608/599
f 368/609/600 361/613/604 362/610/601
f 362/610/601 361/613/604 375/614/605
f 362/610/601 375/614/605 376/611/602
f 376/611/602 375/614/605 385/615/606
f 376/611/602 385/615/606 140/489/487
f 140/489/487 385/615/606 384/487/485
f 375/614/605 361/613/604 374/484/482
f 374/484/482 361/613/604 360/485/483
f 385/615/606 375/614/605 386/483/481
f 386/483/481 375/614/605 374/484/482
f 390/197/197 378/202/202 379/198/198
f 379/198/198 378/202/202 392/616/607
f 379/198/198 392/616/607 393/199/199
f 393/199/199 392/616/607 408/617/608
f 393/199/199 408/617/608 407/200/200
f 407/200/200 408/617/608 401/618/609
f 407/200/200 401/618/609 402/201/201
f 402/201/201 401/618/609 418/177/177
f 402/201/201 418/177/177 417/175/175
f 385/615/606 386/483/481 383/482/480
f 397/481/479 384/487/485 383/482/480
f 383/482/480 384/487/485 385/615/606
f 378/202/202 391/204/204 392/616/607
f 392/616/607 391/204/204 409/206/206
f 392/616/607 409/206/206 408/617/608
f 408/617/608 409/206/206 400/208/208
f 408/617/608 400/208/208 401/618/609
f 401/618/609 400/208/208 419/179/179
f 401/618/609 419/179/179 418/177/177
f 411/184/184 410/186/186 423/619/610
f 423/619/610 410/186/186 134/211/211
f 423/619/610 134/211/211 440/620/611
f 440/620/611 134/211/211 441/213/213
f 440/620/611 441/213/213 430/215/215
f 428/478/476 136/174/174 415/176/176
f 428/478/476 415/176/176 427/477/475
f 427/477/475 415/176/176 414/178/178
f 411/184/184 423/619/610 424/470/468
f 424/470/468 423/619/610 439/621/612
f 424/470/468 439/621/612 438/468/466
f 438/468/466 439/621/612 432/622/613
f 438/468/466 432/622/613 433/466/464
f 433/466/464 432/622/613 446/623/614
f 433/466/464 446/623/614 447/464/462
f 447/464/462 446/623/614 456/624/615
f 447/464/462 456/624/615 455/462/460
f 455/462/460 456/624/615 133/460/458
f 439/621/612 423/619/610 440/620/611
f 435/476/474 428/478/476 427/477/475
f 439/621/612 440/620/611 431/625/616
f 431/625/616 440/620/611 430/215/215
f 431/625/616 430/215/215 444/217/217
f 439/621/612 431/625/616 432/622/613
f 432/622/613 431/625/616 445/626/617
f 432/622/613 445/626/617 446/623/614
f 446/623/614 445/626/617 457/627/618
f 446/623/614 457/627/618 456/624/615
f 456/624/615 457/627/618 454/628/619
f 456/624/615 454/628/619 133/460/458
f 133/460/458 454/628/619 468/458/456
f 445/626/617 431/625/616 444/217/217
f 457/627/618 445/626/617 458/219/219
f 458/219/219 445/626/617 444/217/217
f 449/329/327 450/629/620 132/327/325
f 132/327/325 450/629/620 460/322/320
f 132/327/325 460/322/320 442/321/319
f 460/322/320 450/629/620 451/323/321
f 451/323/321 450/629/620 472/630/621
f 451/323/321 472/630/621 471/324/322
f 471/324/322 472/630/621 464/631/622
f 471/324/322 464/631/622 465/325/323
f 465/325/323 464/631/622 479/632/623
f 465/325/323 479/632/623 480/326/324
f 480/326/324 479/632/623 487/633/624
f 480/326/324 487/633/624 130/229/229
f 130/229/229 487/633/624 486/231/231
f 450/629/620 449/329/327 473/634/625
f 473/634/625 449/329/327 474/331/329
f 473/634/625 474/331/329 462/333/331
f 457/627/618 458/219/219 453/221/221
f 457/627/618 453/221/221 454/628/619
f 454/628/619 453/221/221 469/223/223
f 454/628/619 469/223/223 468/458/456
f 468/458/456 469/223/223 467/225/225
f 462/333/331 463/635/626 473/634/625
f 473/634/625 463/635/626 472/630/621
f 473/634/625 472/630/621 450/629/620
f 472/630/621 463/635/626 464/631/622
f 464/631/622 463/635/626 478/636/627
f 464/631/622 478/636/627 479/632/623
f 479/632/623 478/636/627 488/637/628
f 479/632/623 488/637/628 487/633/624
f 487/633/624 488/637/628 485/233/233
f 487/633/624 485/233/233 486/231/231
f 478/636/627 463/635/626 477/335/333
f 477/335/333 463/635/626 462/333/331
f 488/637/628 478/636/627 489/337/335
f 489/337/335 478/636/627 477/335/333
f 128/243/243 481/241/241 129/341/339
f 129/341/339 481/241/241 491/340/338
f 129/341/339 491/340/338 475/339/337
f 481/241/241 482/239/239 491/340/338
f 488/637/628 489/337/335 484/235/235
f 484/235/235 485/233/233 488/637/628
f 503/242/242 504/244/244 492/638/629
f 492/638/629 504/244/244 126/246/246
f 492/638/629 126/246/246 515/441/439
f 502/240/240 503/242/242 493/639/630
f 493/639/630 503/242/242 492/638/629
f 493/639/630 492/638/629 514/640/631
f 514/640/631 492/638/629 515/441/439
f 514/640/631 515/441/439 507/440/438
f 502/240/240 493/639/630 494/452/450
f 494/452/450 493/639/630 513/641/632
f 494/452/450 513/641/632 512/450/448
f 512/450/448 513/641/632 509/642/633
f 512/450/448 509/642/633 510/448/446
f 510/448/446 509/642/633 522/643/634
f 510/448/446 522/643/634 523/446/444
f 523/446/444 522/643/634 530/444/442
f 513/641/632 493/639/630 514/640/631
f 498/232/232 499/234/234 497/457/455
f 513/641/632 514/640/631 508/644/635
f 508/644/635 514/640/631 507/440/438
f 508/644/635 507/440/438 520/439/437
f 513/641/632 508/644/635 509/642/633
f 509/642/633 508/644/635 521/645/636
f 509/642/633 521/645/636 522/643/634
f 522/643/634 521/645/636 531/646/637
f 522/643/634 531/646/637 530/444/442
f 530/444/442 531/646/637 123/442/440
f 521/645/636 508/644/635 520/439/437
f 531/646/637 521/645/636 532/438/436
f 532/438/436 521/645/636 520/439/437
f 524/352/350 525/647/638 124/350/348
f 124/350/348 525/647/638 535/345/343
f 124/350/348 535/345/343 517/344/342
f 535/345/343 525/647/638 526/346/344
f 526/346/344 525/647/638 546/648/639
f 526/346/344 546/648/639 545/347/345
f 545/347/345 546/648/639 538/649/640
f 545/347/345 538/649/640 539/348/346
f 539/348/346 538/649/640 556/650/641
f 539/348/346 556/650/641 555/349/347
f 555/349/347 556/650/641 553/651/642
f 555/349/347 553/651/642 121/263/263
f 121/263/263 553/651/642 119/265/265
f 546/648/639 525/647/638 547/354/352
f 547/354/352 525/647/638 524/352/350
f 531/646/637 532/438/436 529/437/435
f 542/436/434 123/442/440 529/437/435
f 529/437/435 123/442/440 531/646/637
f 546/648/639 547/354/352 537/356/354
f 546/648/639 537/356/354 538/649/640
f 538/649/640 537/356/354 557/358/356
f 538/649/640 557/358/356 556/650/641
f 556/650/641 557/358/356 552/360/358
f 556/650/641 552/360/358 553/651/642
f 553/651/642 552/360/358 568/362/360
f 553/651/642 568/362/360 119/265/265
f 119/265/265 568/362/360 567/267/267
f 560/369/367 548/372/370 549/370/368
f 549/370/368 548/372/370 572/652/643
f 549/370/368 572/652/643 571/371/369
f 571/371/369 572/652/643 563/275/275
f 571/371/369 563/275/275 564/273/273
f 573/374/372 562/277/277 572/652/643
f 572/652/643 562/277/277 563/275/275
f 548/372/370 573/374/372 572/652/643
f 576/276/276 589/429/427 577/274/274
f 577/274/274 589/429/427 588/653/644
f 577/274/274 588/653/644 578/272/272
f 578/272/272 588/653/644 587/654/645
f 578/272/272 587/654/645 579/270/270
f 579/270/270 587/654/645 586/434/432
f 115/284/284 581/655/646 117/282/282
f 117/282/282 581/655/646 591/424/422
f 117/282/282 591/424/422 574/280/280
f 591/424/422 581/655/646 582/422/420
f 582/422/420 581/655/646 601/656/647
f 582/422/420 601/656/647 600/420/418
f 600/420/418 601/656/647 594/657/648
f 600/420/418 594/657/648 595/418/416
f 595/418/416 594/657/648 613/658/649
f 595/418/416 613/658/649 612/416/414
f 612/416/414 613/658/649 609/659/650
f 612/416/414 609/659/650 610/414/412
f 610/414/412 609/659/650 113/412/410
f 581/655/646 115/284/284 602/660/651
f 602/660/651 115/284/284 603/286/286
f 602/660/651 603/286/286 592/288/288
f 588/653/644 589/429/427 584/428/426
f 587/654/645 588/653/644 585/661/652
f 585/661/652 588/653/644 584/428/426
f 585/661/652 584/428/426 598/427/425
f 586/434/432 587/654/645 118/432/430
f 118/432/430 587/654/645 585/661/652
f 118/432/430 585/661/652 116/430/428
f 116/430/428 585/661/652 598/427/425
f 116/430/428 598/427/425 597/426/424
f 592/288/288 593/662/653 602/660/651
f 602/660/651 593/662/653 601/656/647
f 602/660/651 601/656/647 581/655/646
f 601/656/647 593/662/653 594/657/648
f 594/657/648 593/662/653 614/663/654
f 594/657/648 614/663/654 613/658/649
f 613/658/649 614/663/654 608/664/655
f 613/658/649 608/664/655 609/659/650
f 609/659/650 608/664/655 623/665/656
f 609/659/650 623/665/656 113/412/410
f 113/412/410 623/665/656 112/410/408
f 614/663/654 593/662/653 615/290/290
f 615/290/290 593/662/653 592/288/288
f 617/376/374 604/382/380 605/377/375
f 605/377/375 604/382/380 619/666/657
f 605/377/375 619/666/657 620/378/376
f 620/378/376 619/666/657 634/667/658
f 620/378/376 634/667/658 633/379/377
f 633/379/377 634/667/658 627/668/659
f 633/379/377 627/668/659 628/380/378
f 628/380/378 627/668/659 644/669/660
f 628/380/378 644/669/660 643/381/379
f 643/381/379 644/669/660 640/304/304
f 643/381/379 640/304/304 641/302/302
f 614/663/654 615/290/290 607/292/292
f 614/663/654 607/292/292 608/664/655
f 608/664/655 607/292/292 622/294/294
f 608/664/655 622/294/294 623/665/656
f 623/665/656 622/294/294 631/296/296
f 623/665/656 631/296/296 112/410/408
f 112/410/408 631/296/296 630/298/298
f 604/382/380 618/384/382 619/666/657
f 619/666/657 618/384/382 635/386/384
f 619/666/657 635/386/384 634/667/658
f 634/667/658 635/386/384 626/388/386
f 634/667/658 626/388/386 627/668/659
f 627/668/659 626/388/386 645/390/388
f 627/668/659 645/390/388 644/669/660
f 644/669/660 645/390/388 639/306/306
f 644/669/660 639/306/306 640/304/304
f 108/314/314 636/312/312 110/394/392
f 110/394/392 636/312/312 647/393/391
f 110/394/392 647/393/391 624/392/390
f 636/312/312 637/310/310 647/393/391
f 107/670/561 700/671/661 56/672/406
f 56/672/406 700/671/661 701/673/662
f 56/672/406 701/673/662 57/674/407
f 57/674/407 701/673/662 702/675/663
f 57/674/407 702/675/663 58/676/301
f 58/676/301 702/675/663 703/677/664
f 58/676/301 703/677/664 59/678/300
f 59/678/300 703/677/664 704/679/665
f 59/678/300 704/679/665 60/680/409
f 60/680/409 704/679/665 705/681/666
f 60/680/409 705/681/666 61/682/411
f 61/682/411 705/681/666 706/683/667
f 61/682/411 706/683/667 62/684/423
f 62/684/423 706/683/667 707/685/668
f 62/684/423 707/685/668 63/686/429
f 63/686/429 707/685/668 708/687/669
f 63/686/429 708/687/669 64/688/431
f 64/688/431 708/687/669 709/689/670
f 64/688/431 709/689/670 65/690/266
f 65/690/266 709/689/670 710/691/671
f 65/690/266 710/691/671 66/692/264
f 66/692/264 710/691/671 711/693/672
f 66/692/264 711/693/672 67/694/262
f 67/694/262 711/693/672 712/695/673
f 67/694/262 712/695/673 68/696/433
f 68/696/433 712/695/673 661/697/674
f 68/696/433 661/697/674 69/698/441
f 69/698/441 661/697/674 662/699/675
f 69/698/441 662/699/675 70/700/443
f 70/700/443 662/699/675 663/701/676
f 70/700/443 663/701/676 71/702/451
f 71/702/451 663/701/676 664/703/677
f 71/702/451 664/703/677 72/704/454
f 72/704/454 664/703/677 665/705/678
f 72/704/454 665/705/678 73/706/230
f 73/706/230 665/705/678 666/707/679
f 73/706/230 666/707/679 74/708/228
f 74/708/228 666/707/679 667/709/680
f 74/708/228 667/709/680 75/710/227
f 75/710/227 667/709/680 668/711/681
f 75/710/227 668/711/681 76/712/457
f 76/712/457 668/711/681 669/713/682
f 76/712/457 669/713/682 77/714/459
f 77/714/459 669/713/682 670/715/683
f 77/714/459 670/715/683 78/716/469
f 78/716/469 670/715/683 671/717/684
f 78/716/469 671/717/684 79/718/473
f 79/718/473 671/717/684 672/719/685
f 79/718/473 672/719/685 80/720/477
f 80/720/477 672/719/685 673/721/686
f 80/720/477 673/721/686 81/722/172
f 81/722/172 673/721/686 82/723/171
f 82/723/171 673/721/686 674/724/687
f 82/725/171 674/726/687 83/727/478
f 83/727/478 674/726/687 675/728/688
f 83/727/478 675/728/688 676/729/689
f 700/671/661 107/670/561 699/730/690
f 699/730/690 107/670/561 106/731/556
f 699/730/690 106/731/556 698/732/691
f 698/732/691 106/731/556 105/733/551
f 698/732/691 105/733/551 697/734/692
f 697/734/692 105/733/551 104/735/539
f 697/734/692 104/735/539 696/736/693
f 696/736/693 104/735/539 103/737/537
f 696/736/693 103/737/537 695/738/694
f 695/738/694 103/737/537 102/739/21
f 695/738/694 102/739/21 694/740/695
f 694/740/695 102/739/21 101/741/22
f 694/740/695 101/741/22 693/742/696
f 693/742/696 101/741/22 100/743/24
f 693/742/696 100/743/24 692/744/697
f 692/744/697 100/743/24 99/745/535
f 692/744/697 99/745/535 691/746/698
f 691/746/698 99/745/535 98/747/531
f 691/746/698 98/747/531 690/748/699
f 690/748/699 98/747/531 97/749/527
f 690/748/699 97/749/527 689/750/700
f 689/750/700 97/749/527 96/751/522
f 689/750/700 96/751/522 688/752/701
f 688/752/701 96/751/522 95/753/510
f 688/752/701 95/753/510 687/754/702
f 687/754/702 95/753/510 94/755/508
f 687/754/702 94/755/508 686/756/703
f 686/756/703 94/755/508 93/757/58
f 686/756/703 93/757/58 685/758/704
f 685/758/704 93/757/58 92/759/59
f 685/758/704 92/759/59 684/760/705
f 684/760/705 92/759/59 91/761/61
f 684/760/705 91/761/61 683/762/706
f 683/762/706 91/761/61 90/763/138
f 683/762/706 90/763/138 682/764/707
f 682/764/707 90/763/138 89/765/154
f 682/764/707 89/765/154 681/766/708
f 681/766/708 89/765/154 88/767/506
f 681/766/708 88/767/506 680/768/709
f 680/768/709 88/767/506 87/769/502
f 680/768/709 87/769/502 679/770/710
f 679/770/710 87/769/502 86/771/498
f 679/770/710 86/771/498 678/772/711
f 678/772/711 86/771/498 85/773/488
f 678/772/711 85/773/488 677/774/712
f 677/774/712 85/773/488 84/775/486
f 677/774/712 84/775/486 676/729/689
f 676/729/689 84/775/486 83/727/478
f 48/776/316 26/777/187 1/778/2
f 1/778/2 26/777/187 25/779/209
f 1/778/2 25/779/209 2/780/4
f 2/780/4 25/779/209 24/781/203
f 2/780/4 24/781/203 3/782/6
f 3/782/6 24/781/203 23/783/196
f 3/782/6 23/783/196 4/784/78
f 4/784/78 23/783/196 22/785/189
f 4/784/78 22/785/189 5/786/86
f 5/786/86 22/785/189 21/787/156
f 5/786/86 21/787/156 6/788/88
f 6/788/88 21/787/156 20/789/139
f 6/788/88 20/789/139 7/790/96
f 7/790/96 20/789/139 19/791/129
f 7/790/96 19/791/129 8/792/99
f 8/792/99 19/791/129 18/793/77
f 8/792/99 18/793/77 9/794/39
f 9/794/39 18/793/77 17/795/76
f 9/794/39 17/795/76 10/796/41
f 10/796/41 17/795/76 16/797/127
f 10/796/41 16/797/127 11/798/43
f 11/798/43 16/797/127 15/799/124
f 11/798/43 15/799/124 12/800/101
f 12/800/101 15/799/124 14/801/116
f 12/800/101 14/801/116 13/802/108
f 26/777/187 48/776/316 27/803/188
f 27/803/188 48/776/316 47/804/393
f 27/803/188 47/804/393 28/805/212
f 28/805/212 47/804/393 46/806/389
f 28/805/212 46/806/389 29/807/318
f 29/807/318 46/806/389 45/808/381
f 29/807/318 45/808/381 30/809/326
f 30/809/326 45/808/381 44/810/373
f 30/809/326 44/810/373 31/811/328
f 31/811/328 44/810/373 43/812/285
f 31/811/328 43/812/285 32/813/336
f 32/813/336 43/812/285 42/814/283
f 32/813/336 42/814/283 33/815/340
f 33/815/340 42/814/283 41/816/281
f 33/815/340 41/816/281 34/817/245
f 34/817/245 41/816/281 40/818/371
f 34/817/245 40/818/371 35/819/247
f 35/819/247 40/818/371 39/820/366
f 35/819/247 39/820/366 36/821/341
f 36/821/341 39/820/366 38/822/361
f 36/821/341 38/822/361 37/823/349
f 712/824/713 776/825/714 661/826/715
f 661/826/715 776/825/714 774/827/716
f 661/826/715 774/827/716 662/828/717
f 662/828/717 774/827/716 775/829/718
f 662/828/717 775/829/718 663/830/719
f 663/830/719 775/829/718 1328/831/720
f 663/830/719 1328/831/720 664/832/721
f 664/832/721 1328/831/720 1327/833/722
f 664/832/721 1327/833/722 665/834/723
f 665/834/723 1327/833/722 1294/835/724
f 665/834/723 1294/835/724 763/836/725
f 763/836/725 1294/835/724 4297/837/726
f 763/836/725 4297/837/726 4298/838/727
f 4298/838/727 4297/837/726 4344/839/728
f 4298/838/727 4344/839/728 4345/840/729
f 4345/840/729 4344/839/728 4391/841/730
f 4345/840/729 4391/841/730 4392/842/731
f 4392/842/731 4391/841/730 4438/843/732
f 4392/842/731 4438/843/732 4439/844/733
f 4439/844/733 4438/843/732 4485/845/734
f 4439/844/733 4485/845/734 4486/846/735
f 4486/846/735 4485/845/734 4532/847/736
f 4486/846/735 4532/847/736 4533/848/737
f 4533/848/737 4532/847/736 4579/849/738
f 4533/848/737 4579/849/738 4580/850/739
f 4580/850/739 4579/849/738 4626/851/740
f 4580/850/739 4626/851/740 4627/852/741
f 4627/852/741 4626/851/740 4673/853/742
f 4627/852/741 4673/853/742 4674/854/743
f 4674/854/743 4673/853/742 4720/855/744
f 4674/854/743 4720/855/744 4721/856/745
f 4721/856/745 4720/855/744 4767/857/746
f 4721/856/745 4767/857/746 4768/858/747
f 4768/858/747 4767/857/746 4814/859/748
f 4768/858/747 4814/859/748 4815/860/749
f 4815/860/749 4814/859/748 4861/861/750
f 4815/860/749 4861/861/750 4862/862/751
f 4862/862/751 4861/861/750 4908/863/752
f 4862/862/751 4908/863/752 4909/864/753
f 4909/864/753 4908/863/752 4955/865/754
f 4909/864/753 4955/865/754 4956/866/755
f 4956/866/755 4955/865/754 1357/867/756
f 4956/866/755 1357/867/756 1356/868/757
f 1356/868/757 1357/867/756 733/869/758
f 1356/868/757 733/869/758 732/870/759
f 732/871/759 733/872/758 1416/873/760
f 732/871/759 1416/873/760 715/874/761
f 715/874/761 1416/873/760 1417/875/762
f 715/874/761 1417/875/762 731/876/763
f 731/876/763 1417/875/762 1418/877/764
f 731/876/763 1418/877/764 730/878/765
f 730/878/765 1418/877/764 1419/879/766
f 730/878/765 1419/879/766 729/880/767
f 729/880/767 1419/879/766 1420/881/768
f 729/880/767 1420/881/768 728/882/769
f 728/882/769 1420/881/768 1421/883/770
f 728/882/769 1421/883/770 727/884/771
f 727/884/771 1421/883/770 1422/885/772
f 727/884/771 1422/885/772 726/886/773
f 726/886/773 1422/885/772 1423/887/774
f 726/886/773 1423/887/774 725/888/775
f 725/888/775 1423/887/774 1424/889/776
f 725/888/775 1424/889/776 724/890/777
f 724/890/777 1424/889/776 1425/891/778
f 724/890/777 1425/891/778 723/892/779
f 723/892/779 1425/891/778 1426/893/780
f 723/892/779 1426/893/780 722/894/781
f 722/894/781 1426/893/780 1427/895/782
f 722/894/781 1427/895/782 721/896/783
f 721/896/783 1427/895/782 1428/897/784
f 721/896/783 1428/897/784 720/898/785
f 720/898/785 1428/897/784 1429/899/786
f 720/898/785 1429/899/786 719/900/787
f 719/900/787 1429/899/786 1430/901/788
f 719/900/787 1430/901/788 718/902/789
f 718/902/789 1430/901/788 1431/903/790
f 718/902/789 1431/903/790 717/904/791
f 717/904/791 1431/903/790 713/905/792
f 776/825/714 712/824/713 777/906/793
f 777/906/793 712/824/713 711/907/794
f 777/906/793 711/907/794 787/908/795
f 787/908/795 711/907/794 710/909/796
f 787/908/795 710/909/796 797/910/797
f 797/910/797 710/909/796 709/911/798
f 797/910/797 709/911/798 798/912/799
f 798/912/799 709/911/798 807/913/800
f 798/912/799 807/913/800 808/914/801
f 808/914/801 807/913/800 817/915/802
f 808/914/801 817/915/802 818/916/803
f 818/916/803 817/915/802 827/917/804
f 818/916/803 827/917/804 828/918/805
f 828/918/805 827/917/804 837/919/806
f 828/918/805 837/919/806 838/920/807
f 838/920/807 837/919/806 848/921/808
f 838/920/807 848/921/808 849/922/809
f 849/922/809 848/921/808 859/923/810
f 849/922/809 859/923/810 860/924/811
f 860/924/811 859/923/810 871/925/812
f 860/924/811 871/925/812 872/926/813
f 872/926/813 871/925/812 884/927/814
f 872/926/813 884/927/814 885/928/815
f 885/928/815 884/927/814 931/929/816
f 885/928/815 931/929/816 714/930/817
f 709/911/798 708/931/818 807/913/800
f 807/913/800 708/931/818 816/932/819
f 807/913/800 816/932/819 817/915/802
f 817/915/802 816/932/819 826/933/820
f 817/915/802 826/933/820 827/917/804
f 827/917/804 826/933/820 836/934/821
f 827/917/804 836/934/821 837/919/806
f 837/919/806 836/934/821 847/935/822
f 837/919/806 847/935/822 848/921/808
f 848/921/808 847/935/822 858/936/823
f 848/921/808 858/936/823 859/923/810
f 859/923/810 858/936/823 870/937/824
f 859/923/810 870/937/824 871/925/812
f 871/925/812 870/937/824 883/938/825
f 871/925/812 883/938/825 884/927/814
f 884/927/814 883/938/825 930/939/826
f 884/927/814 930/939/826 931/929/816
f 931/929/816 930/939/826 1478/940/827
f 931/929/816 1478/940/827 714/941/817
f 708/931/818 707/942/828 816/932/819
f 816/932/819 707/942/828 706/943/829
f 816/932/819 706/943/829 825/944/830
f 825/944/830 706/943/829 705/945/831
f 825/944/830 705/945/831 834/946/832
f 834/946/832 705/945/831 704/947/833
f 834/946/832 704/947/833 844/948/834
f 844/948/834 704/947/833 843/949/835
f 844/948/834 843/949/835 854/950/836
f 854/950/836 843/949/835 853/951/837
f 854/950/836 853/951/837 865/952/838
f 865/952/838 853/951/837 864/953/839
f 865/952/838 864/953/839 877/954/840
f 877/954/840 864/953/839 876/955/841
f 877/954/840 876/955/841 923/956/842
f 923/956/842 876/955/841 922/957/843
f 923/956/842 922/957/843 1486/958/844
f 1486/958/844 922/957/843 1487/959/845
f 1486/958/844 1487/959/845 1469/960/846
f 1469/960/846 1487/959/845 1468/961/847
f 1469/960/846 1468/961/847 4246/962/848
f 4246/962/848 1468/961/847 4247/963/849
f 4246/962/848 4247/963/849 4200/964/850
f 4200/964/850 4247/963/849 4201/965/851
f 4200/964/850 4201/965/851 4154/966/852
f 4154/966/852 4201/965/851 4155/967/853
f 4154/966/852 4155/967/853 4108/968/854
f 4108/968/854 4155/967/853 4109/969/855
f 4108/968/854 4109/969/855 4062/970/856
f 4062/970/856 4109/969/855 4063/971/857
f 4062/970/856 4063/971/857 4016/972/858
f 4016/972/858 4063/971/857 4017/973/859
f 4016/972/858 4017/973/859 3970/974/860
f 3970/974/860 4017/973/859 3971/975/861
f 3970/974/860 3971/975/861 3924/976/862
f 3924/976/862 3971/975/861 3925/977/863
f 3924/976/862 3925/977/863 3878/978/864
f 3878/978/864 3925/977/863 3879/979/865
f 3878/978/864 3879/979/865 3832/980/866
f 3832/980/866 3879/979/865 3833/981/867
f 3832/980/866 3833/981/867 3786/982/868
f 3786/982/868 3833/981/867 3787/983/869
f 3786/982/868 3787/983/869 3740/984/870
f 3740/984/870 3787/983/869 3741/985/871
f 3740/984/870 3741/985/871 3694/986/872
f 3694/986/872 3741/985/871 3695/987/873
f 3694/986/872 3695/987/873 3648/988/874
f 3648/988/874 3695/987/873 3649/989/875
f 3648/988/874 3649/989/875 3602/990/876
f 3602/990/876 3649/989/875 3603/991/877
f 3602/990/876 3603/991/877 3556/992/878
f 3556/992/878 3603/991/877 3557/993/879
f 3556/992/878 3557/993/879 3510/994/880
f 3510/994/880 3557/993/879 3511/995/881
f 3510/994/880 3511/995/881 3464/996/882
f 3464/996/882 3511/995/881 3465/997/883
f 3464/996/882 3465/997/883 3418/998/884
f 3418/998/884 3465/997/883 3419/999/885
f 3418/998/884 3419/999/885 3372/1000/886
f 3372/1000/886 3419/999/885 3373/1001/887
f 3372/1000/886 3373/1001/887 3326/1002/888
f 3326/1002/888 3373/1001/887 3327/1003/889
f 3326/1002/888 3327/1003/889 3280/1004/890
f 3280/1004/890 3327/1003/889 3281/1005/891
f 3280/1004/890 3281/1005/891 3234/1006/892
f 3234/1006/892 3281/1005/891 3235/1007/893
f 3234/1006/892 3235/1007/893 3188/1008/894
f 3188/1008/894 3235/1007/893 3189/1009/895
f 3188/1008/894 3189/1009/895 3142/1010/896
f 3142/1010/896 3189/1009/895 3143/1011/897
f 3142/1010/896 3143/1011/897 3096/1012/898
f 3096/1012/898 3143/1011/897 3097/1013/899
f 3096/1012/898 3097/1013/899 3050/1014/900
f 3050/1014/900 3097/1013/899 3051/1015/901
f 3050/1014/900 3051/1015/901 3004/1016/902
f 3004/1016/902 3051/1015/901 3005/1017/903
f 3004/1016/902 3005/1017/903 2958/1018/904
f 2958/1018/904 3005/1017/903 2959/1019/905
f 2958/1018/904 2959/1019/905 1578/1020/906
f 1578/1020/906 2959/1019/905 1579/1021/907
f 1578/1020/906 1579/1021/907 1561/1022/908
f 1561/1022/908 1579/1021/907 1560/1023/909
f 1561/1022/908 1560/1023/909 2912/1024/910
f 2912/1024/910 1560/1023/909 2913/1025/911
f 2912/1024/910 2913/1025/911 2866/1026/912
f 2866/1026/912 2913/1025/911 2867/1027/913
f 2866/1026/912 2867/1027/913 2820/1028/914
f 2820/1028/914 2867/1027/913 2821/1029/915
f 2820/1028/914 2821/1029/915 2774/1030/916
f 2774/1030/916 2821/1029/915 2775/1031/917
f 2774/1030/916 2775/1031/917 2728/1032/918
f 2728/1032/918 2775/1031/917 2729/1033/919
f 2728/1032/918 2729/1033/919 2682/1034/920
f 2682/1034/920 2729/1033/919 2683/1035/921
f 2682/1034/920 2683/1035/921 2636/1036/922
f 2636/1036/922 2683/1035/921 2637/1037/923
f 2636/1036/922 2637/1037/923 2590/1038/924
f 2590/1038/924 2637/1037/923 2591/1039/925
f 2590/1038/924 2591/1039/925 2544/1040/926
f 2544/1040/926 2591/1039/925 2545/1041/927
f 2544/1040/926 2545/1041/927 2498/1042/928
f 2498/1042/928 2545/1041/927 2499/1043/929
f 2498/1042/928 2499/1043/929 2452/1044/930
f 2452/1044/930 2499/1043/929 2453/1045/931
f 2452/1044/930 2453/1045/931 2406/1046/932
f 2406/1046/932 2453/1045/931 2407/1047/933
f 2406/1046/932 2407/1047/933 2360/1048/934
f 2360/1048/934 2407/1047/933 2361/1049/935
f 2360/1048/934 2361/1049/935 2314/1050/936
f 2314/1050/936 2361/1049/935 2315/1051/937
f 2314/1050/936 2315/1051/937 2268/1052/938
f 2268/1052/938 2315/1051/937 2269/1053/939
f 2268/1052/938 2269/1053/939 2222/1054/940
f 2222/1054/940 2269/1053/939 2223/1055/941
f 2222/1054/940 2223/1055/941 2176/1056/942
f 2176/1056/942 2223/1055/941 2177/1057/943
f 2176/1056/942 2177/1057/943 2130/1058/944
f 2130/1058/944 2177/1057/943 2131/1059/945
f 2130/1058/944 2131/1059/945 2084/1060/946
f 2084/1060/946 2131/1059/945 2085/1061/947
f 2084/1060/946 2085/1061/947 2038/1062/948
f 2038/1062/948 2085/1061/947 2039/1063/949
f 2038/1062/948 2039/1063/949 1992/1064/950
f 1992/1064/950 2039/1063/949 1993/1065/951
f 1992/1064/950 1993/1065/951 1946/1066/952
f 1946/1066/952 1993/1065/951 1947/1067/953
f 1946/1066/952 1947/1067/953 1900/1068/954
f 1900/1068/954 1947/1067/953 1901/1069/955
f 1900/1068/954 1901/1069/955 1854/1070/956
f 1854/1070/956 1901/1069/955 1855/1071/957
f 1854/1070/956 1855/1071/957 1808/1072/958
f 1808/1072/958 1855/1071/957 1809/1073/959
f 1808/1072/958 1809/1073/959 1762/1074/960
f 1762/1074/960 1809/1073/959 1763/1075/961
f 1762/1074/960 1763/1075/961 1716/1076/962
f 1716/1076/962 1763/1075/961 1717/1077/963
f 1716/1076/962 1717/1077/963 1670/1078/964
f 1670/1078/964 1717/1077/963 1671/1079/965
f 1670/1078/964 1671/1079/965 1624/1080/966
f 1624/1080/966 1671/1079/965 1625/1081/967
f 1624/1080/966 1625/1081/967 1394/1082/968
f 1394/1082/968 1625/1081/967 1395/1083/969
f 1394/1082/968 1395/1083/969 754/1084/970
f 754/1084/970 1395/1083/969 753/1085/971
f 754/1086/970 753/1087/971 1377/1088/972
f 1377/1088/972 753/1087/971 1376/1089/973
f 1377/1088/972 1376/1089/973 4936/1090/974
f 4936/1090/974 1376/1089/973 4937/1091/975
f 4936/1090/974 4937/1091/975 4890/1092/976
f 4890/1092/976 4937/1091/975 4891/1093/977
f 4890/1092/976 4891/1093/977 4844/1094/978
f 4844/1094/978 4891/1093/977 4845/1095/979
f 4844/1094/978 4845/1095/979 4798/1096/980
f 4798/1096/980 4845/1095/979 4799/1097/981
f 4798/1096/980 4799/1097/981 4752/1098/982
f 4752/1098/982 4799/1097/981 4753/1099/983
f 4752/1098/982 4753/1099/983 4706/1100/984
f 4706/1100/984 4753/1099/983 4707/1101/985
f 4706/1100/984 4707/1101/985 4660/1102/986
f 4660/1102/986 4707/1101/985 4661/1103/987
f 4660/1102/986 4661/1103/987 4614/1104/988
f 4614/1104/988 4661/1103/987 4615/1105/989
f 4614/1104/988 4615/1105/989 4568/1106/990
f 4568/1106/990 4615/1105/989 4569/1107/991
f 4568/1106/990 4569/1107/991 4522/1108/992
f 4522/1108/992 4569/1107/991 4523/1109/993
f 4522/1108/992 4523/1109/993 4476/1110/994
f 4476/1110/994 4523/1109/993 4477/1111/995
f 4476/1110/994 4477/1111/995 4430/1112/996
f 4430/1112/996 4477/1111/995 4431/1113/997
f 4430/1112/996 4431/1113/997 4384/1114/998
f 4384/1114/998 4431/1113/997 4385/1115/999
f 4384/1114/998 4385/1115/999 4338/1116/1000
f 4338/1116/1000 4385/1115/999 4339/1117/1001
f 4338/1116/1000 4339/1117/1001 4292/1118/1002
f 4292/1118/1002 4339/1117/1001 4293/1119/1003
f 4292/1118/1002 4293/1119/1003 1290/1120/1004
f 1290/1120/1004 4293/1119/1003 1291/1121/1005
f 1290/1120/1004 1291/1121/1005 1331/1122/1006
f 1331/1122/1006 1291/1121/1005 1330/1123/1007
f 1331/1122/1006 1330/1123/1007 772/1124/1008
f 772/1124/1008 1330/1123/1007 773/1125/1009
f 772/1124/1008 773/1125/1009 778/1126/1010
f 778/1126/1010 773/1125/1009 777/906/793
f 778/1126/1010 777/906/793 788/1127/1011
f 788/1127/1011 777/906/793 787/908/795
f 788/1127/1011 787/908/795 798/912/799
f 798/912/799 787/908/795 797/910/797
f 704/947/833 703/1128/1012 843/949/835
f 843/949/835 703/1128/1012 853/951/837
f 703/1128/1012 702/1129/1013 853/951/837
f 853/951/837 702/1129/1013 864/953/839
f 702/1129/1013 701/1130/1014 864/953/839
f 864/953/839 701/1130/1014 863/1131/1015
f 864/953/839 863/1131/1015 876/955/841
f 876/955/841 863/1131/1015 875/1132/1016
f 876/955/841 875/1132/1016 922/957/843
f 922/957/843 875/1132/1016 921/1133/1017
f 922/957/843 921/1133/1017 1487/959/845
f 1487/959/845 921/1133/1017 1488/1134/1018
f 1487/959/845 1488/1134/1018 1468/961/847
f 1468/961/847 1488/1134/1018 1467/1135/1019
f 1468/961/847 1467/1135/1019 4247/963/849
f 4247/963/849 1467/1135/1019 4248/1136/1020
f 4247/963/849 4248/1136/1020 4201/965/851
f 4201/965/851 4248/1136/1020 4202/1137/1021
f 4201/965/851 4202/1137/1021 4155/967/853
f 4155/967/853 4202/1137/1021 4156/1138/1022
f 4155/967/853 4156/1138/1022 4109/969/855
f 4109/969/855 4156/1138/1022 4110/1139/1023
f 4109/969/855 4110/1139/1023 4063/971/857
f 4063/971/857 4110/1139/1023 4064/1140/1024
f 4063/971/857 4064/1140/1024 4017/973/859
f 4017/973/859 4064/1140/1024 4018/1141/1025
f 4017/973/859 4018/1141/1025 3971/975/861
f 3971/975/861 4018/1141/1025 3972/1142/1026
f 3971/975/861 3972/1142/1026 3925/977/863
f 3925/977/863 3972/1142/1026 3926/1143/1027
f 3925/977/863 3926/1143/1027 3879/979/865
f 3879/979/865 3926/1143/1027 3880/1144/1028
f 3879/979/865 3880/1144/1028 3833/981/867
f 3833/981/867 3880/1144/1028 3834/1145/1029
f 3833/981/867 3834/1145/1029 3787/983/869
f 3787/983/869 3834/1145/1029 3788/1146/1030
f 3787/983/869 3788/1146/1030 3741/985/871
f 3741/985/871 3788/1146/1030 3742/1147/1031
f 3741/985/871 3742/1147/1031 3695/987/873
f 3695/987/873 3742/1147/1031 3696/1148/1032
f 3695/987/873 3696/1148/1032 3649/989/875
f 3649/989/875 3696/1148/1032 3650/1149/1033
f 3649/989/875 3650/1149/1033 3603/991/877
f 3603/991/877 3650/1149/1033 3604/1150/1034
f 3603/991/877 3604/1150/1034 3557/993/879
f 3557/993/879 3604/1150/1034 3558/1151/1035
f 3557/993/879 3558/1151/1035 3511/995/881
f 3511/995/881 3558/1151/1035 3512/1152/1036
f 3511/995/881 3512/1152/1036 3465/997/883
f 3465/997/883 3512/1152/1036 3466/1153/1037
f 3465/997/883 3466/1153/1037 3419/999/885
f 3419/999/885 3466/1153/1037 3420/1154/1038
f 3419/999/885 3420/1154/1038 3373/1001/887
f 3373/1001/887 3420/1154/1038 3374/1155/1039
f 3373/1001/887 3374/1155/1039 3327/1003/889
f 3327/1003/889 3374/1155/1039 3328/1156/1040
f 3327/1003/889 3328/1156/1040 3281/1005/891
f 3281/1005/891 3328/1156/1040 3282/1157/1041
f 3281/1005/891 3282/1157/1041 3235/1007/893
f 3235/1007/893 3282/1157/1041 3236/1158/1042
f 3235/1007/893 3236/1158/1042 3189/1009/895
f 3189/1009/895 3236/1158/1042 3190/1159/1043
f 3189/1009/895 3190/1159/1043 3143/1011/897
f 3143/1011/897 3190/1159/1043 3144/1160/1044
f 3143/1011/897 3144/1160/1044 3097/1013/899
f 3097/1013/899 3144/1160/1044 3098/1161/1045
f 3097/1013/899 3098/1161/1045 3051/1015/901
f 3051/1015/901 3098/1161/1045 3052/1162/1046
f 3051/1015/901 3052/1162/1046 3005/1017/903
f 3005/1017/903 3052/1162/1046 3006/1163/1047
f 3005/1017/903 3006/1163/1047 2959/1019/905
f 2959/1019/905 3006/1163/1047 2960/1164/1048
f 2959/1019/905 2960/1164/1048 1579/1021/907
f 1579/1021/907 2960/1164/1048 1580/1165/1049
f 1579/1021/907 1580/1165/1049 1560/1023/909
f 1560/1023/909 1580/1165/1049 1559/1166/1050
f 1560/1023/909 1559/1166/1050 2913/1025/911
f 2913/1025/911 1559/1166/1050 2914/1167/1051
f 2913/1025/911 2914/1167/1051 2867/1027/913
f 2867/1027/913 2914/1167/1051 2868/1168/1052
f 2867/1027/913 2868/1168/1052 2821/1029/915
f 2821/1029/915 2868/1168/1052 2822/1169/1053
f 2821/1029/915 2822/1169/1053 2775/1031/917
f 2775/1031/917 2822/1169/1053 2776/1170/1054
f 2775/1031/917 2776/1170/1054 2729/1033/919
f 2729/1033/919 2776/1170/1054 2730/1171/1055
f 2729/1033/919 2730/1171/1055 2683/1035/921
f 2683/1035/921 2730/1171/1055 2684/1172/1056
f 2683/1035/921 2684/1172/1056 2637/1037/923
f 2637/1037/923 2684/1172/1056 2638/1173/1057
f 2637/1037/923 2638/1173/1057 2591/1039/925
f 2591/1039/925 2638/1173/1057 2592/1174/1058
f 2591/1039/925 2592/1174/1058 2545/1041/927
f 2545/1041/927 2592/1174/1058 2546/1175/1059
f 2545/1041/927 2546/1175/1059 2499/1043/929
f 2499/1043/929 2546/1175/1059 2500/1176/1060
f 2499/1043/929 2500/1176/1060 2453/1045/931
f 2453/1045/931 2500/1176/1060 2454/1177/1061
f 2453/1045/931 2454/1177/1061 2407/1047/933
f 2407/1047/933 2454/1177/1061 2408/1178/1062
f 2407/1047/933 2408/1178/1062 2361/1049/935
f 2361/1049/935 2408/1178/1062 2362/1179/1063
f 2361/1049/935 2362/1179/1063 2315/1051/937
f 2315/1051/937 2362/1179/1063 2316/1180/1064
f 2315/1051/937 2316/1180/1064 2269/1053/939
f 2269/1053/939 2316/1180/1064 2270/1181/1065
f 2269/1053/939 2270/1181/1065 2223/1055/941
f 2223/1055/941 2270/1181/1065 2224/1182/1066
f 2223/1055/941 2224/1182/1066 2177/1057/943
f 2177/1057/943 2224/1182/1066 2178/1183/1067
f 2177/1057/943 2178/1183/1067 2131/1059/945
f 2131/1059/945 2178/1183/1067 2132/1184/1068
f 2131/1059/945 2132/1184/1068 2085/1061/947
f 2085/1061/947 2132/1184/1068 2086/1185/1069
f 2085/1061/947 2086/1185/1069 2039/1063/949
f 2039/1063/949 2086/1185/1069 2040/1186/1070
f 2039/1063/949 2040/1186/1070 1993/1065/951
f 1993/1065/951 2040/1186/1070 1994/1187/1071
f 1993/1065/951 1994/1187/1071 1947/1067/953
f 1947/1067/953 1994/1187/1071 1948/1188/1072
f 1947/1067/953 1948/1188/1072 1901/1069/955
f 1901/1069/955 1948/1188/1072 1902/1189/1073
f 1901/1069/955 1902/1189/1073 1855/1071/957
f 1855/1071/957 1902/1189/1073 1856/1190/1074
f 1855/1071/957 1856/1190/1074 1809/1073/959
f 1809/1073/959 1856/1190/1074 1810/1191/1075
f 1809/1073/959 1810/1191/1075 1763/1075/961
f 1763/1075/961 1810/1191/1075 1764/1192/1076
f 1763/1075/961 1764/1192/1076 1717/1077/963
f 1717/1077/963 1764/1192/1076 1718/1193/1077
f 1717/1077/963 1718/1193/1077 1671/1079/965
f 1671/1079/965 1718/1193/1077 1672/1194/1078
f 1671/1079/965 1672/1194/1078 1625/1081/967
f 1625/1081/967 1672/1194/1078 1626/1195/1079
f 1625/1081/967 1626/1195/1079 1395/1083/969
f 1395/1083/969 1626/1195/1079 1396/1196/1080
f 1395/1083/969 1396/1196/1080 753/1085/971
f 753/1085/971 1396/1196/1080 752/1197/1081
f 753/1087/971 752/1198/1081 1376/1089/973
f 1376/1089/973 752/1198/1081 1375/1199/1082
f 1376/1089/973 1375/1199/1082 4937/1091/975
f 4937/1091/975 1375/1199/1082 4938/1200/1083
f 4937/1091/975 4938/1200/1083 4891/1093/977
f 4891/1093/977 4938/1200/1083 4892/1201/1084
f 4891/1093/977 4892/1201/1084 4845/1095/979
f 4845/1095/979 4892/1201/1084 4846/1202/1085
f 4845/1095/979 4846/1202/1085 4799/1097/981
f 4799/1097/981 4846/1202/1085 4800/1203/1086
f 4799/1097/981 4800/1203/1086 4753/1099/983
f 4753/1099/983 4800/1203/1086 4754/1204/1087
f 4753/1099/983 4754/1204/1087 4707/1101/985
f 4707/1101/985 4754/1204/1087 4708/1205/1088
f 4707/1101/985 4708/1205/1088 4661/1103/987
f 4661/1103/987 4708/1205/1088 4662/1206/1089
f 4661/1103/987 4662/1206/1089 4615/1105/989
f 4615/1105/989 4662/1206/1089 4616/1207/1090
f 4615/1105/989 4616/1207/1090 4569/1107/991
f 4569/1107/991 4616/1207/1090 4570/1208/1091
f 4569/1107/991 4570/1208/1091 4523/1109/993
f 4523/1109/993 4570/1208/1091 4524/1209/1092
f 4523/1109/993 4524/1209/1092 4477/1111/995
f 4477/1111/995 4524/1209/1092 4478/1210/1093
f 4477/1111/995 4478/1210/1093 4431/1113/997
f 4431/1113/997 4478/1210/1093 4432/1211/1094
f 4431/1113/997 4432/1211/1094 4385/1115/999
f 4385/1115/999 4432/1211/1094 4386/1212/1095
f 4385/1115/999 4386/1212/1095 4339/1117/1001
f 4339/1117/1001 4386/1212/1095 4340/1213/1096
f 4339/1117/1001 4340/1213/1096 4293/1119/1003
f 4293/1119/1003 4340/1213/1096 4294/1214/1097
f 4293/1119/1003 4294/1214/1097 1291/1121/1005
f 1291/1121/1005 4294/1214/1097 1292/1215/1098
f 1291/1121/1005 1292/1215/1098 1330/1123/1007
f 1330/1123/1007 1292/1215/1098 1329/1216/1099
f 1330/1123/1007 1329/1216/1099 773/1125/1009
f 773/1125/1009 1329/1216/1099 774/827/716
f 773/1125/1009 774/827/716 777/906/793
f 777/906/793 774/827/716 776/825/714
f 701/1130/1014 700/1217/1100 863/1131/1015
f 863/1131/1015 700/1217/1100 875/1132/1016
f 700/1217/1100 699/1218/1101 875/1132/1016
f 875/1132/1016 699/1218/1101 874/1219/1102
f 875/1132/1016 874/1219/1102 921/1133/1017
f 921/1133/1017 874/1219/1102 920/1220/1103
f 921/1133/1017 920/1220/1103 1488/1134/1018
f 1488/1134/1018 920/1220/1103 1489/1221/1104
f 1488/1134/1018 1489/1221/1104 1467/1135/1019
f 1467/1135/1019 1489/1221/1104 1466/1222/1105
f 1467/1135/1019 1466/1222/1105 4248/1136/1020
f 4248/1136/1020 1466/1222/1105 4249/1223/1106
f 4248/1136/1020 4249/1223/1106 4202/1137/1021
f 4202/1137/1021 4249/1223/1106 4203/1224/1107
f 4202/1137/1021 4203/1224/1107 4156/1138/1022
f 4156/1138/1022 4203/1224/1107 4157/1225/1108
f 4156/1138/1022 4157/1225/1108 4110/1139/1023
f 4110/1139/1023 4157/1225/1108 4111/1226/1109
f 4110/1139/1023 4111/1226/1109 4064/1140/1024
f 4064/1140/1024 4111/1226/1109 4065/1227/1110
f 4064/1140/1024 4065/1227/1110 4018/1141/1025
f 4018/1141/1025 4065/1227/1110 4019/1228/1111
f 4018/1141/1025 4019/1228/1111 3972/1142/1026
f 3972/1142/1026 4019/1228/1111 3973/1229/1112
f 3972/1142/1026 3973/1229/1112 3926/1143/1027
f 3926/1143/1027 3973/1229/1112 3927/1230/1113
f 3926/1143/1027 3927/1230/1113 3880/1144/1028
f 3880/1144/1028 3927/1230/1113 3881/1231/1114
f 3880/1144/1028 3881/1231/1114 3834/1145/1029
f 3834/1145/1029 3881/1231/1114 3835/1232/1115
f 3834/1145/1029 3835/1232/1115 3788/1146/1030
f 3788/1146/1030 3835/1232/1115 3789/1233/1116
f 3788/1146/1030 3789/1233/1116 3742/1147/1031
f 3742/1147/1031 3789/1233/1116 3743/1234/1117
f 3742/1147/1031 3743/1234/1117 3696/1148/1032
f 3696/1148/1032 3743/1234/1117 3697/1235/1118
f 3696/1148/1032 3697/1235/1118 3650/1149/1033
f 3650/1149/1033 3697/1235/1118 3651/1236/1119
f 3650/1149/1033 3651/1236/1119 3604/1150/1034
f 3604/1150/1034 3651/1236/1119 3605/1237/1120
f 3604/1150/1034 3605/1237/1120 3558/1151/1035
f 3558/1151/1035 3605/1237/1120 3559/1238/1121
f 3558/1151/1035 3559/1238/1121 3512/1152/1036
f 3512/1152/1036 3559/1238/1121 3513/1239/1122
f 3512/1152/1036 3513/1239/1122 3466/1153/1037
f 3466/1153/1037 3513/1239/1122 3467/1240/1123
f 3466/1153/1037 3467/1240/1123 3420/1154/1038
f 3420/1154/1038 3467/1240/1123 3421/1241/1124
f 3420/1154/1038 3421/1241/1124 3374/1155/1039
f 3374/1155/1039 3421/1241/1124 3375/1242/1125
f 3374/1155/1039 3375/1242/1125 3328/1156/1040
f 3328/1156/1040 3375/1242/1125 3329/1243/1126
f 3328/1156/1040 3329/1243/1126 3282/1157/1041
f 3282/1157/1041 3329/1243/1126 3283/1244/1127
f 3282/1157/1041 3283/1244/1127 3236/1158/1042
f 3236/1158/1042 3283/1244/1127 3237/1245/1128
f 3236/1158/1042 3237/1245/1128 3190/1159/1043
f 3190/1159/1043 3237/1245/1128 3191/1246/1129
f 3190/1159/1043 3191/1246/1129 3144/1160/1044
f 3144/1160/1044 3191/1246/1129 3145/1247/1130
f 3144/1160/1044 3145/1247/1130 3098/1161/1045
f 3098/1161/1045 3145/1247/1130 3099/1248/1131
f 3098/1161/1045 3099/1248/1131 3052/1162/1046
f 3052/1162/1046 3099/1248/1131 3053/1249/1132
f 3052/1162/1046 3053/1249/1132 3006/1163/1047
f 3006/1163/1047 3053/1249/1132 3007/1250/1133
f 3006/1163/1047 3007/1250/1133 2960/1164/1048
f 2960/1164/1048 3007/1250/1133 2961/1251/1134
f 2960/1164/1048 2961/1251/1134 1580/1165/1049
f 1580/1165/1049 2961/1251/1134 1581/1252/1135
f 1580/1165/1049 1581/1252/1135 1559/1166/1050
f 1559/1166/1050 1581/1252/1135 1558/1253/1136
f 1559/1166/1050 1558/1253/1136 2914/1167/1051
f 2914/1167/1051 1558/1253/1136 2915/1254/1137
f 2914/1167/1051 2915/1254/1137 2868/1168/1052
f 2868/1168/1052 2915/1254/1137 2869/1255/1138
f 2868/1168/1052 2869/1255/1138 2822/1169/1053
f 2822/1169/1053 2869/1255/1138 2823/1256/1139
f 2822/1169/1053 2823/1256/1139 2776/1170/1054
f 2776/1170/1054 2823/1256/1139 2777/1257/1140
f 2776/1170/1054 2777/1257/1140 2730/1171/1055
f 2730/1171/1055 2777/1257/1140 2731/1258/1141
f 2730/1171/1055 2731/1258/1141 2684/1172/1056
f 2684/1172/1056 2731/1258/1141 2685/1259/1142
f 2684/1172/1056 2685/1259/1142 2638/1173/1057
f 2638/1173/1057 2685/1259/1142 2639/1260/1143
f 2638/1173/1057 2639/1260/1143 2592/1174/1058
f 2592/1174/1058 2639/1260/1143 2593/1261/1144
f 2592/1174/1058 2593/1261/1144 2546/1175/1059
f 2546/1175/1059 2593/1261/1144 2547/1262/1145
f 2546/1175/1059 2547/1262/1145 2500/1176/1060
f 2500/1176/1060 2547/1262/1145 2501/1263/1146
f 2500/1176/1060 2501/1263/1146 2454/1177/1061
f 2454/1177/1061 2501/1263/1146 2455/1264/1147
f 2454/1177/1061 2455/1264/1147 2408/1178/1062
f 2408/1178/1062 2455/1264/1147 2409/1265/1148
f 2408/1178/1062 2409/1265/1148 2362/1179/1063
f 2362/1179/1063 2409/1265/1148 2363/1266/1149
f 2362/1179/1063 2363/1266/1149 2316/1180/1064
f 2316/1180/1064 2363/1266/1149 2317/1267/1150
f 2316/1180/1064 2317/1267/1150 2270/1181/1065
f 2270/1181/1065 2317/1267/1150 2271/1268/1151
f 2270/1181/1065 2271/1268/1151 2224/1182/1066
f 2224/1182/1066 2271/1268/1151 2225/1269/1152
f 2224/1182/1066 2225/1269/1152 2178/1183/1067
f 2178/1183/1067 2225/1269/1152 2179/1270/1153
f 2178/1183/1067 2179/1270/1153 2132/1184/1068
f 2132/1184/1068 2179/1270/1153 2133/1271/1154
f 2132/1184/1068 2133/1271/1154 2086/1185/1069
f 2086/1185/1069 2133/1271/1154 2087/1272/1155
f 2086/1185/1069 2087/1272/1155 2040/1186/1070
f 2040/1186/1070 2087/1272/1155 2041/1273/1156
f 2040/1186/1070 2041/1273/1156 1994/1187/1071
f 1994/1187/1071 2041/1273/1156 1995/1274/1157
f 1994/1187/1071 1995/1274/1157 1948/1188/1072
f 1948/1188/1072 1995/1274/1157 1949/1275/1158
f 1948/1188/1072 1949/1275/1158 1902/1189/1073
f 1902/1189/1073 1949/1275/1158 1903/1276/1159
f 1902/1189/1073 1903/1276/1159 1856/1190/1074
f 1856/1190/1074 1903/1276/1159 1857/1277/1160
f 1856/1190/1074 1857/1277/1160 1810/1191/1075
f 1810/1191/1075 1857/1277/1160 1811/1278/1161
f 1810/1191/1075 1811/1278/1161 1764/1192/1076
f 1764/1192/1076 1811/1278/1161 1765/1279/1162
f 1764/1192/1076 1765/1279/1162 1718/1193/1077
f 1718/1193/1077 1765/1279/1162 1719/1280/1163
f 1718/1193/1077 1719/1280/1163 1672/1194/1078
f 1672/1194/1078 1719/1280/1163 1673/1281/1164
f 1672/1194/1078 1673/1281/1164 1626/1195/1079
f 1626/1195/1079 1673/1281/1164 1627/1282/1165
f 1626/1195/1079 1627/1282/1165 1396/1196/1080
f 1396/1196/1080 1627/1282/1165 1397/1283/1166
f 1396/1196/1080 1397/1283/1166 752/1197/1081
f 752/1197/1081 1397/1283/1166 751/1284/1167
f 752/1198/1081 751/1285/1167 1375/1199/1082
f 1375/1199/1082 751/1285/1167 1374/1286/1168
f 1375/1199/1082 1374/1286/1168 4938/1200/1083
f 4938/1200/1083 1374/1286/1168 4939/1287/1169
f 4938/1200/1083 4939/1287/1169 4892/1201/1084
f 4892/1201/1084 4939/1287/1169 4893/1288/1170
f 4892/1201/1084 4893/1288/1170 4846/1202/1085
f 4846/1202/1085 4893/1288/1170 4847/1289/1171
f 4846/1202/1085 4847/1289/1171 4800/1203/1086
f 4800/1203/1086 4847/1289/1171 4801/1290/1172
f 4800/1203/1086 4801/1290/1172 4754/1204/1087
f 4754/1204/1087 4801/1290/1172 4755/1291/1173
f 4754/1204/1087 4755/1291/1173 4708/1205/1088
f 4708/1205/1088 4755/1291/1173 4709/1292/1174
f 4708/1205/1088 4709/1292/1174 4662/1206/1089
f 4662/1206/1089 4709/1292/1174 4663/1293/1175
f 4662/1206/1089 4663/1293/1175 4616/1207/1090
f 4616/1207/1090 4663/1293/1175 4617/1294/1176
f 4616/1207/1090 4617/1294/1176 4570/1208/1091
f 4570/1208/1091 4617/1294/1176 4571/1295/1177
f 4570/1208/1091 4571/1295/1177 4524/1209/1092
f 4524/1209/1092 4571/1295/1177 4525/1296/1178
f 4524/1209/1092 4525/1296/1178 4478/1210/1093
f 4478/1210/1093 4525/1296/1178 4479/1297/1179
f 4478/1210/1093 4479/1297/1179 4432/1211/1094
f 4432/1211/1094 4479/1297/1179 4433/1298/1180
f 4432/1211/1094 4433/1298/1180 4386/1212/1095
f 4386/1212/1095 4433/1298/1180 4387/1299/1181
f 4386/1212/1095 4387/1299/1181 4340/1213/1096
f 4340/1213/1096 4387/1299/1181 4341/1300/1182
f 4340/1213/1096 4341/1300/1182 4294/1214/1097
f 4294/1214/1097 4341/1300/1182 4295/1301/1183
f 4294/1214/1097 4295/1301/1183 1292/1215/1098
f 1292/1215/1098 4295/1301/1183 1293/1302/1184
f 1292/1215/1098 1293/1302/1184 1329/1216/1099
f 1329/1216/1099 1293/1302/1184 1328/831/720
f 1329/1216/1099 1328/831/720 774/827/716
f 774/827/716 1328/831/720 775/829/718
f 699/1218/1101 698/1303/1185 874/1219/1102
f 874/1219/1102 698/1303/1185 697/1304/1186
f 874/1219/1102 697/1304/1186 920/1220/1103
f 920/1220/1103 697/1304/1186 919/1305/1187
f 920/1220/1103 919/1305/1187 1489/1221/1104
f 1489/1221/1104 919/1305/1187 1490/1306/1188
f 1489/1221/1104 1490/1306/1188 1466/1222/1105
f 1466/1222/1105 1490/1306/1188 1465/1307/1189
f 1466/1222/1105 1465/1307/1189 4249/1223/1106
f 4249/1223/1106 1465/1307/1189 4250/1308/1190
f 4249/1223/1106 4250/1308/1190 4203/1224/1107
f 4203/1224/1107 4250/1308/1190 4204/1309/1191
f 4203/1224/1107 4204/1309/1191 4157/1225/1108
f 4157/1225/1108 4204/1309/1191 4158/1310/1192
f 4157/1225/1108 4158/1310/1192 4111/1226/1109
f 4111/1226/1109 4158/1310/1192 4112/1311/1193
f 4111/1226/1109 4112/1311/1193 4065/1227/1110
f 4065/1227/1110 4112/1311/1193 4066/1312/1194
f 4065/1227/1110 4066/1312/1194 4019/1228/1111
f 4019/1228/1111 4066/1312/1194 4020/1313/1195
f 4019/1228/1111 4020/1313/1195 3973/1229/1112
f 3973/1229/1112 4020/1313/1195 3974/1314/1196
f 3973/1229/1112 3974/1314/1196 3927/1230/1113
f 3927/1230/1113 3974/1314/1196 3928/1315/1197
f 3927/1230/1113 3928/1315/1197 3881/1231/1114
f 3881/1231/1114 3928/1315/1197 3882/1316/1198
f 3881/1231/1114 3882/1316/1198 3835/1232/1115
f 3835/1232/1115 3882/1316/1198 3836/1317/1199
f 3835/1232/1115 3836/1317/1199 3789/1233/1116
f 3789/1233/1116 3836/1317/1199 3790/1318/1200
f 3789/1233/1116 3790/1318/1200 3743/1234/1117
f 3743/1234/1117 3790/1318/1200 3744/1319/1201
f 3743/1234/1117 3744/1319/1201 3697/1235/1118
f 3697/1235/1118 3744/1319/1201 3698/1320/1202
f 3697/1235/1118 3698/1320/1202 3651/1236/1119
f 3651/1236/1119 3698/1320/1202 3652/1321/1203
f 3651/1236/1119 3652/1321/1203 3605/1237/1120
f 3605/1237/1120 3652/1321/1203 3606/1322/1204
f 3605/1237/1120 3606/1322/1204 3559/1238/1121
f 3559/1238/1121 3606/1322/1204 3560/1323/1205
f 3559/1238/1121 3560/1323/1205 3513/1239/1122
f 3513/1239/1122 3560/1323/1205 3514/1324/1206
f 3513/1239/1122 3514/1324/1206 3467/1240/1123
f 3467/1240/1123 3514/1324/1206 3468/1325/1207
f 3467/1240/1123 3468/1325/1207 3421/1241/1124
f 3421/1241/1124 3468/1325/1207 3422/1326/1208
f 3421/1241/1124 3422/1326/1208 3375/1242/1125
f 3375/1242/1125 3422/1326/1208 3376/1327/1209
f 3375/1242/1125 3376/1327/1209 3329/1243/1126
f 3329/1243/1126 3376/1327/1209 3330/1328/1210
f 3329/1243/1126 3330/1328/1210 3283/1244/1127
f 3283/1244/1127 3330/1328/1210 3284/1329/1211
f 3283/1244/1127 3284/1329/1211 3237/1245/1128
f 3237/1245/1128 3284/1329/1211 3238/1330/1212
f 3237/1245/1128 3238/1330/1212 3191/1246/1129
f 3191/1246/1129 3238/1330/1212 3192/1331/1213
f 3191/1246/1129 3192/1331/1213 3145/1247/1130
f 3145/1247/1130 3192/1331/1213 3146/1332/1214
f 3145/1247/1130 3146/1332/1214 3099/1248/1131
f 3099/1248/1131 3146/1332/1214 3100/1333/1215
f 3099/1248/1131 3100/1333/1215 3053/1249/1132
f 3053/1249/1132 3100/1333/1215 3054/1334/1216
f 3053/1249/1132 3054/1334/1216 3007/1250/1133
f 3007/1250/1133 3054/1334/1216 3008/1335/1217
f 3007/1250/1133 3008/1335/1217 2961/1251/1134
f 2961/1251/1134 3008/1335/1217 2962/1336/1218
f 2961/1251/1134 2962/1336/1218 1581/1252/1135
f 1581/1252/1135 2962/1336/1218 1582/1337/1219
f 1581/1252/1135 1582/1337/1219 1558/1253/1136
f 1558/1253/1136 1582/1337/1219 1557/1338/1220
f 1558/1253/1136 1557/1338/1220 2915/1254/1137
f 2915/1254/1137 1557/1338/1220 2916/1339/1221
f 2915/1254/1137 2916/1339/1221 2869/1255/1138
f 2869/1255/1138 2916/1339/1221 2870/1340/1222
f 2869/1255/1138 2870/1340/1222 2823/1256/1139
f 2823/1256/1139 2870/1340/1222 2824/1341/1223
f 2823/1256/1139 2824/1341/1223 2777/1257/1140
f 2777/1257/1140 2824/1341/1223 2778/1342/1224
f 2777/1257/1140 2778/1342/1224 2731/1258/1141
f 2731/1258/1141 2778/1342/1224 2732/1343/1225
f 2731/1258/1141 2732/1343/1225 2685/1259/1142
f 2685/1259/1142 2732/1343/1225 2686/1344/1226
f 2685/1259/1142 2686/1344/1226 2639/1260/1143
f 2639/1260/1143 2686/1344/1226 2640/1345/1227
f 2639/1260/1143 2640/1345/1227 2593/1261/1144
f 2593/1261/1144 2640/1345/1227 2594/1346/1228
f 2593/1261/1144 2594/1346/1228 2547/1262/1145
f 2547/1262/1145 2594/1346/1228 2548/1347/1229
f 2547/1262/1145 2548/1347/1229 2501/1263/1146
f 2501/1263/1146 2548/1347/1229 2502/1348/1230
f 2501/1263/1146 2502/1348/1230 2455/1264/1147
f 2455/1264/1147 2502/1348/1230 2456/1349/1231
f 2455/1264/1147 2456/1349/1231 2409/1265/1148
f 2409/1265/1148 2456/1349/1231 2410/1350/1232
f 2409/1265/1148 2410/1350/1232 2363/1266/1149
f 2363/1266/1149 2410/1350/1232 2364/1351/1233
f 2363/1266/1149 2364/1351/1233 2317/1267/1150
f 2317/1267/1150 2364/1351/1233 2318/1352/1234
f 2317/1267/1150 2318/1352/1234 2271/1268/1151
f 2271/1268/1151 2318/1352/1234 2272/1353/1235
f 2271/1268/1151 2272/1353/1235 2225/1269/1152
f 2225/1269/1152 2272/1353/1235 2226/1354/1236
f 2225/1269/1152 2226/1354/1236 2179/1270/1153
f 2179/1270/1153 2226/1354/1236 2180/1355/1237
f 2179/1270/1153 2180/1355/1237 2133/1271/1154
f 2133/1271/1154 2180/1355/1237 2134/1356/1238
f 2133/1271/1154 2134/1356/1238 2087/1272/1155
f 2087/1272/1155 2134/1356/1238 2088/1357/1239
f 2087/1272/1155 2088/1357/1239 2041/1273/1156
f 2041/1273/1156 2088/1357/1239 2042/1358/1240
f 2041/1273/1156 2042/1358/1240 1995/1274/1157
f 1995/1274/1157 2042/1358/1240 1996/1359/1241
f 1995/1274/1157 1996/1359/1241 1949/1275/1158
f 1949/1275/1158 1996/1359/1241 1950/1360/1242
f 1949/1275/1158 1950/1360/1242 1903/1276/1159
f 1903/1276/1159 1950/1360/1242 1904/1361/1243
f 1903/1276/1159 1904/1361/1243 1857/1277/1160
f 1857/1277/1160 1904/1361/1243 1858/1362/1244
f 1857/1277/1160 1858/1362/1244 1811/1278/1161
f 1811/1278/1161 1858/1362/1244 1812/1363/1245
f 1811/1278/1161 1812/1363/1245 1765/1279/1162
f 1765/1279/1162 1812/1363/1245 1766/1364/1246
f 1765/1279/1162 1766/1364/1246 1719/1280/1163
f 1719/1280/1163 1766/1364/1246 1720/1365/1247
f 1719/1280/1163 1720/1365/1247 1673/1281/1164
f 1673/1281/1164 1720/1365/1247 1674/1366/1248
f 1673/1281/1164 1674/1366/1248 1627/1282/1165
f 1627/1282/1165 1674/1366/1248 1628/1367/1249
f 1627/1282/1165 1628/1367/1249 1397/1283/1166
f 1397/1283/1166 1628/1367/1249 1398/1368/1250
f 1397/1283/1166 1398/1368/1250 751/1284/1167
f 751/1284/1167 1398/1368/1250 750/1369/1251
f 751/1285/1167 750/1370/1251 1374/1286/1168
f 1374/1286/1168 750/1370/1251 1373/1371/1252
f 1374/1286/1168 1373/1371/1252 4939/1287/1169
f 4939/1287/1169 1373/1371/1252 4940/1372/1253
f 4939/1287/1169 4940/1372/1253 4893/1288/1170
f 4893/1288/1170 4940/1372/1253 4894/1373/1254
f 4893/1288/1170 4894/1373/1254 4847/1289/1171
f 4847/1289/1171 4894/1373/1254 4848/1374/1255
f 4847/1289/1171 4848/1374/1255 4801/1290/1172
f 4801/1290/1172 4848/1374/1255 4802/1375/1256
f 4801/1290/1172 4802/1375/1256 4755/1291/1173
f 4755/1291/1173 4802/1375/1256 4756/1376/1257
f 4755/1291/1173 4756/1376/1257 4709/1292/1174
f 4709/1292/1174 4756/1376/1257 4710/1377/1258
f 4709/1292/1174 4710/1377/1258 4663/1293/1175
f 4663/1293/1175 4710/1377/1258 4664/1378/1259
f 4663/1293/1175 4664/1378/1259 4617/1294/1176
f 4617/1294/1176 4664/1378/1259 4618/1379/1260
f 4617/1294/1176 4618/1379/1260 4571/1295/1177
f 4571/1295/1177 4618/1379/1260 4572/1380/1261
f 4571/1295/1177 4572/1380/1261 4525/1296/1178
f 4525/1296/1178 4572/1380/1261 4526/1381/1262
f 4525/1296/1178 4526/1381/1262 4479/1297/1179
f 4479/1297/1179 4526/1381/1262 4480/1382/1263
f 4479/1297/1179 4480/1382/1263 4433/1298/1180
f 4433/1298/1180 4480/1382/1263 4434/1383/1264
f 4433/1298/1180 4434/1383/1264 4387/1299/1181
f 4387/1299/1181 4434/1383/1264 4388/1384/1265
f 4387/1299/1181 4388/1384/1265 4341/1300/1182
f 4341/1300/1182 4388/1384/1265 4342/1385/1266
f 4341/1300/1182 4342/1385/1266 4295/1301/1183
f 4295/1301/1183 4342/1385/1266 4296/1386/1267
f 4295/1301/1183 4296/1386/1267 1293/1302/1184
f 1293/1302/1184 4296/1386/1267 1294/835/724
f 1293/1302/1184 1294/835/724 1328/831/720
f 1328/831/720 1294/835/724 1327/833/722
f 697/1304/1186 696/1387/1268 919/1305/1187
f 919/1305/1187 696/1387/1268 918/1388/1269
f 919/1305/1187 918/1388/1269 1490/1306/1188
f 1490/1306/1188 918/1388/1269 1491/1389/1270
f 1490/1306/1188 1491/1389/1270 1465/1307/1189
f 1465/1307/1189 1491/1389/1270 1464/1390/1271
f 1465/1307/1189 1464/1390/1271 4250/1308/1190
f 4250/1308/1190 1464/1390/1271 4251/1391/1272
f 4250/1308/1190 4251/1391/1272 4204/1309/1191
f 4204/1309/1191 4251/1391/1272 4205/1392/1273
f 4204/1309/1191 4205/1392/1273 4158/1310/1192
f 4158/1310/1192 4205/1392/1273 4159/1393/1274
f 4158/1310/1192 4159/1393/1274 4112/1311/1193
f 4112/1311/1193 4159/1393/1274 4113/1394/1275
f 4112/1311/1193 4113/1394/1275 4066/1312/1194
f 4066/1312/1194 4113/1394/1275 4067/1395/1276
f 4066/1312/1194 4067/1395/1276 4020/1313/1195
f 4020/1313/1195 4067/1395/1276 4021/1396/1277
f 4020/1313/1195 4021/1396/1277 3974/1314/1196
f 3974/1314/1196 4021/1396/1277 3975/1397/1278
f 3974/1314/1196 3975/1397/1278 3928/1315/1197
f 3928/1315/1197 3975/1397/1278 3929/1398/1279
f 3928/1315/1197 3929/1398/1279 3882/1316/1198
f 3882/1316/1198 3929/1398/1279 3883/1399/1280
f 3882/1316/1198 3883/1399/1280 3836/1317/1199
f 3836/1317/1199 3883/1399/1280 3837/1400/1281
f 3836/1317/1199 3837/1400/1281 3790/1318/1200
f 3790/1318/1200 3837/1400/1281 3791/1401/1282
f 3790/1318/1200 3791/1401/1282 3744/1319/1201
f 3744/1319/1201 3791/1401/1282 3745/1402/1283
f 3744/1319/1201 3745/1402/1283 3698/1320/1202
f 3698/1320/1202 3745/1402/1283 3699/1403/1284
f 3698/1320/1202 3699/1403/1284 3652/1321/1203
f 3652/1321/1203 3699/1403/1284 3653/1404/1285
f 3652/1321/1203 3653/1404/1285 3606/1322/1204
f 3606/1322/1204 3653/1404/1285 3607/1405/1286
f 3606/1322/1204 3607/1405/1286 3560/1323/1205
f 3560/1323/1205 3607/1405/1286 3561/1406/1287
f 3560/1323/1205 3561/1406/1287 3514/1324/1206
f 3514/1324/1206 3561/1406/1287 3515/1407/1288
f 3514/1324/1206 3515/1407/1288 3468/1325/1207
f 3468/1325/1207 3515/1407/1288 3469/1408/1289
f 3468/1325/1207 3469/1408/1289 3422/1326/1208
f 3422/1326/1208 3469/1408/1289 3423/1409/1290
f 3422/1326/1208 3423/1409/1290 3376/1327/1209
f 3376/1327/1209 3423/1409/1290 3377/1410/1291
f 3376/1327/1209 3377/1410/1291 3330/1328/1210
f 3330/1328/1210 3377/1410/1291 3331/1411/1292
f 3330/1328/1210 3331/1411/1292 3284/1329/1211
f 3284/1329/1211 3331/1411/1292 3285/1412/1293
f 3284/1329/1211 3285/1412/1293 3238/1330/1212
f 3238/1330/1212 3285/1412/1293 3239/1413/1294
f 3238/1330/1212 3239/1413/1294 3192/1331/1213
f 3192/1331/1213 3239/1413/1294 3193/1414/1295
f 3192/1331/1213 3193/1414/1295 3146/1332/1214
f 3146/1332/1214 3193/1414/1295 3147/1415/1296
f 3146/1332/1214 3147/1415/1296 3100/1333/1215
f 3100/1333/1215 3147/1415/1296 3101/1416/1297
f 3100/1333/1215 3101/1416/1297 3054/1334/1216
f 3054/1334/1216 3101/1416/1297 3055/1417/1298
f 3054/1334/1216 3055/1417/1298 3008/1335/1217
f 3008/1335/1217 3055/1417/1298 3009/1418/1299
f 3008/1335/1217 3009/1418/1299 2962/1336/1218
f 2962/1336/1218 3009/1418/1299 2963/1419/1300
f 2962/1336/1218 2963/1419/1300 1582/1337/1219
f 1582/1337/1219 2963/1419/1300 1583/1420/1301
f 1582/1337/1219 1583/1420/1301 1557/1338/1220
f 1557/1338/1220 1583/1420/1301 1556/1421/1302
f 1557/1338/1220 1556/1421/1302 2916/1339/1221
f 2916/1339/1221 1556/1421/1302 2917/1422/1303
f 2916/1339/1221 2917/1422/1303 2870/1340/1222
f 2870/1340/1222 2917/1422/1303 2871/1423/1304
f 2870/1340/1222 2871/1423/1304 2824/1341/1223
f 2824/1341/1223 2871/1423/1304 2825/1424/1305
f 2824/1341/1223 2825/1424/1305 2778/1342/1224
f 2778/1342/1224 2825/1424/1305 2779/1425/1306
f 2778/1342/1224 2779/1425/1306 2732/1343/1225
f 2732/1343/1225 2779/1425/1306 2733/1426/1307
f 2732/1343/1225 2733/1426/1307 2686/1344/1226
f 2686/1344/1226 2733/1426/1307 2687/1427/1308
f 2686/1344/1226 2687/1427/1308 2640/1345/1227
f 2640/1345/1227 2687/1427/1308 2641/1428/1309
f 2640/1345/1227 2641/1428/1309 2594/1346/1228
f 2594/1346/1228 2641/1428/1309 2595/1429/1310
f 2594/1346/1228 2595/1429/1310 2548/1347/1229
f 2548/1347/1229 2595/1429/1310 2549/1430/1311
f 2548/1347/1229 2549/1430/1311 2502/1348/1230
f 2502/1348/1230 2549/1430/1311 2503/1431/1312
f 2502/1348/1230 2503/1431/1312 2456/1349/1231
f 2456/1349/1231 2503/1431/1312 2457/1432/1313
f 2456/1349/1231 2457/1432/1313 2410/1350/1232
f 2410/1350/1232 2457/1432/1313 2411/1433/1314
f 2410/1350/1232 2411/1433/1314 2364/1351/1233
f 2364/1351/1233 2411/1433/1314 2365/1434/1315
f 2364/1351/1233 2365/1434/1315 2318/1352/1234
f 2318/1352/1234 2365/1434/1315 2319/1435/1316
f 2318/1352/1234 2319/1435/1316 2272/1353/1235
f 2272/1353/1235 2319/1435/1316 2273/1436/1317
f 2272/1353/1235 2273/1436/1317 2226/1354/1236
f 2226/1354/1236 2273/1436/1317 2227/1437/1318
f 2226/1354/1236 2227/1437/1318 2180/1355/1237
f 2180/1355/1237 2227/1437/1318 2181/1438/1319
f 2180/1355/1237 2181/1438/1319 2134/1356/1238
f 2134/1356/1238 2181/1438/1319 2135/1439/1320
f 2134/1356/1238 2135/1439/1320 2088/1357/1239
f 2088/1357/1239 2135/1439/1320 2089/1440/1321
f 2088/1357/1239 2089/1440/1321 2042/1358/1240
f 2042/1358/1240 2089/1440/1321 2043/1441/1322
f 2042/1358/1240 2043/1441/1322 1996/1359/1241
f 1996/1359/1241 2043/1441/1322 1997/1442/1323
f 1996/1359/1241 1997/1442/1323 1950/1360/1242
f 1950/1360/1242 1997/1442/1323 1951/1443/1324
f 1950/1360/1242 1951/1443/1324 1904/1361/1243
f 1904/1361/1243 1951/1443/1324 1905/1444/1325
f 1904/1361/1243 1905/1444/1325 1858/1362/1244
f 1858/1362/1244 1905/1444/1325 1859/1445/1326
f 1858/1362/1244 1859/1445/1326 1812/1363/1245
f 1812/1363/1245 1859/1445/1326 1813/1446/1327
f 1812/1363/1245 1813/1446/1327 1766/1364/1246
f 1766/1364/1246 1813/1446/1327 1767/1447/1328
f 1766/1364/1246 1767/1447/1328 1720/1365/1247
f 1720/1365/1247 1767/1447/1328 1721/1448/1329
f 1720/1365/1247 1721/1448/1329 1674/1366/1248
f 1674/1366/1248 1721/1448/1329 1675/1449/1330
f 1674/1366/1248 1675/1449/1330 1628/1367/1249
f 1628/1367/1249 1675/1449/1330 1629/1450/1331
f 1628/1367/1249 1629/1450/1331 1398/1368/1250
f 1398/1368/1250 1629/1450/1331 1399/1451/1332
f 1398/1368/1250 1399/1451/1332 750/1369/1251
f 750/1369/1251 1399/1451/1332 749/1452/1333
f 750/1370/1251 749/1453/1333 1373/1371/1252
f 1373/1371/1252 749/1453/1333 1372/1454/1334
f 1373/1371/1252 1372/1454/1334 4940/1372/1253
f 4940/1372/1253 1372/1454/1334 4941/1455/1335
f 4940/1372/1253 4941/1455/1335 4894/1373/1254
f 4894/1373/1254 4941/1455/1335 4895/1456/1336
f 4894/1373/1254 4895/1456/1336 4848/1374/1255
f 4848/1374/1255 4895/1456/1336 4849/1457/1337
f 4848/1374/1255 4849/1457/1337 4802/1375/1256
f 4802/1375/1256 4849/1457/1337 4803/1458/1338
f 4802/1375/1256 4803/1458/1338 4756/1376/1257
f 4756/1376/1257 4803/1458/1338 4757/1459/1339
f 4756/1376/1257 4757/1459/1339 4710/1377/1258
f 4710/1377/1258 4757/1459/1339 4711/1460/1340
f 4710/1377/1258 4711/1460/1340 4664/1378/1259
f 4664/1378/1259 4711/1460/1340 4665/1461/1341
f 4664/1378/1259 4665/1461/1341 4618/1379/1260
f 4618/1379/1260 4665/1461/1341 4619/1462/1342
f 4618/1379/1260 4619/1462/1342 4572/1380/1261
f 4572/1380/1261 4619/1462/1342 4573/1463/1343
f 4572/1380/1261 4573/1463/1343 4526/1381/1262
f 4526/1381/1262 4573/1463/1343 4527/1464/1344
f 4526/1381/1262 4527/1464/1344 4480/1382/1263
f 4480/1382/1263 4527/1464/1344 4481/1465/1345
f 4480/1382/1263 4481/1465/1345 4434/1383/1264
f 4434/1383/1264 4481/1465/1345 4435/1466/1346
f 4434/1383/1264 4435/1466/1346 4388/1384/1265
f 4388/1384/1265 4435/1466/1346 4389/1467/1347
f 4388/1384/1265 4389/1467/1347 4342/1385/1266
f 4342/1385/1266 4389/1467/1347 4343/1468/1348
f 4342/1385/1266 4343/1468/1348 4296/1386/1267
f 4296/1386/1267 4343/1468/1348 4297/837/726
f 4296/1386/1267 4297/837/726 1294/835/724
f 696/1387/1268 695/1469/1349 918/1388/1269
f 918/1388/1269 695/1469/1349 694/1470/1350
f 918/1388/1269 694/1470/1350 917/1471/1351
f 917/1471/1351 694/1470/1350 932/1472/1352
f 917/1471/1351 932/1472/1352 933/1473/1353
f 933/1473/1353 932/1472/1352 692/1474/1354
f 933/1473/1353 692/1474/1354 691/1475/1355
f 694/1470/1350 693/1476/1356 932/1472/1352
f 932/1472/1352 693/1476/1356 692/1474/1354
f 933/1473/1353 691/1475/1355 934/1477/1357
f 934/1477/1357 691/1475/1355 690/1478/1358
f 934/1477/1357 690/1478/1358 964/1479/1359
f 964/1479/1359 690/1478/1358 689/1480/1360
f 964/1479/1359 689/1480/1360 688/1481/1361
f 687/1482/1362 994/1483/1363 688/1481/1361
f 688/1481/1361 994/1483/1363 965/1484/1364
f 688/1481/1361 965/1484/1364 964/1479/1359
f 964/1479/1359 965/1484/1364 934/1477/1357
f 687/1482/1362 686/1485/1365 994/1483/1363
f 994/1483/1363 686/1485/1365 995/1486/1366
f 994/1483/1363 995/1486/1366 965/1484/1364
f 965/1484/1364 995/1486/1366 966/1487/1367
f 965/1484/1364 966/1487/1367 935/1488/1368
f 935/1488/1368 966/1487/1367 936/1489/1369
f 935/1488/1368 936/1489/1369 914/1490/1370
f 914/1490/1370 936/1489/1369 913/1491/1371
f 914/1490/1370 913/1491/1371 1495/1492/1372
f 1495/1492/1372 913/1491/1371 1496/1493/1373
f 1495/1492/1372 1496/1493/1373 1460/1494/1374
f 1460/1494/1374 1496/1493/1373 1459/1495/1375
f 1460/1494/1374 1459/1495/1375 4255/1496/1376
f 4255/1496/1376 1459/1495/1375 4256/1497/1377
f 4255/1496/1376 4256/1497/1377 4209/1498/1378
f 4209/1498/1378 4256/1497/1377 4210/1499/1379
f 4209/1498/1378 4210/1499/1379 4163/1500/1380
f 4163/1500/1380 4210/1499/1379 4164/1501/1381
f 4163/1500/1380 4164/1501/1381 4117/1502/1382
f 4117/1502/1382 4164/1501/1381 4118/1503/1383
f 4117/1502/1382 4118/1503/1383 4071/1504/1384
f 4071/1504/1384 4118/1503/1383 4072/1505/1385
f 4071/1504/1384 4072/1505/1385 4025/1506/1386
f 4025/1506/1386 4072/1505/1385 4026/1507/1387
f 4025/1506/1386 4026/1507/1387 3979/1508/1388
f 3979/1508/1388 4026/1507/1387 3980/1509/1389
f 3979/1508/1388 3980/1509/1389 3933/1510/1390
f 3933/1510/1390 3980/1509/1389 3934/1511/1391
f 3933/1510/1390 3934/1511/1391 3887/1512/1392
f 3887/1512/1392 3934/1511/1391 3888/1513/1393
f 3887/1512/1392 3888/1513/1393 3841/1514/1394
f 3841/1514/1394 3888/1513/1393 3842/1515/1395
f 3841/1514/1394 3842/1515/1395 3795/1516/1396
f 3795/1516/1396 3842/1515/1395 3796/1517/1397
f 3795/1516/1396 3796/1517/1397 3749/1518/1398
f 3749/1518/1398 3796/1517/1397 3750/1519/1399
f 3749/1518/1398 3750/1519/1399 3703/1520/1400
f 3703/1520/1400 3750/1519/1399 3704/1521/1401
f 3703/1520/1400 3704/1521/1401 3657/1522/1402
f 3657/1522/1402 3704/1521/1401 3658/1523/1403
f 3657/1522/1402 3658/1523/1403 3611/1524/1404
f 3611/1524/1404 3658/1523/1403 3612/1525/1405
f 3611/1524/1404 3612/1525/1405 3565/1526/1406
f 3565/1526/1406 3612/1525/1405 3566/1527/1407
f 3565/1526/1406 3566/1527/1407 3519/1528/1408
f 3519/1528/1408 3566/1527/1407 3520/1529/1409
f 3519/1528/1408 3520/1529/1409 3473/1530/1410
f 3473/1530/1410 3520/1529/1409 3474/1531/1411
f 3473/1530/1410 3474/1531/1411 3427/1532/1412
f 3427/1532/1412 3474/1531/1411 3428/1533/1413
f 3427/1532/1412 3428/1533/1413 3381/1534/1414
f 3381/1534/1414 3428/1533/1413 3382/1535/1415
f 3381/1534/1414 3382/1535/1415 3335/1536/1416
f 3335/1536/1416 3382/1535/1415 3336/1537/1417
f 3335/1536/1416 3336/1537/1417 3289/1538/1418
f 3289/1538/1418 3336/1537/1417 3290/1539/1419
f 3289/1538/1418 3290/1539/1419 3243/1540/1420
f 3243/1540/1420 3290/1539/1419 3244/1541/1421
f 3243/1540/1420 3244/1541/1421 3197/1542/1422
f 3197/1542/1422 3244/1541/1421 3198/1543/1423
f 3197/1542/1422 3198/1543/1423 3151/1544/1424
f 3151/1544/1424 3198/1543/1423 3152/1545/1425
f 3151/1544/1424 3152/1545/1425 3105/1546/1426
f 3105/1546/1426 3152/1545/1425 3106/1547/1427
f 3105/1546/1426 3106/1547/1427 3059/1548/1428
f 3059/1548/1428 3106/1547/1427 3060/1549/1429
f 3059/1548/1428 3060/1549/1429 3013/1550/1430
f 3013/1550/1430 3060/1549/1429 3014/1551/1431
f 3013/1550/1430 3014/1551/1431 2967/1552/1432
f 2967/1552/1432 3014/1551/1431 2968/1553/1433
f 2967/1552/1432 2968/1553/1433 1587/1554/1434
f 1587/1554/1434 2968/1553/1433 1588/1555/1435
f 1587/1554/1434 1588/1555/1435 1552/1556/1436
f 1552/1556/1436 1588/1555/1435 1551/1557/1437
f 1552/1556/1436 1551/1557/1437 2921/1558/1438
f 2921/1558/1438 1551/1557/1437 2922/1559/1439
f 2921/1558/1438 2922/1559/1439 2875/1560/1440
f 2875/1560/1440 2922/1559/1439 2876/1561/1441
f 2875/1560/1440 2876/1561/1441 2829/1562/1442
f 2829/1562/1442 2876/1561/1441 2830/1563/1443
f 2829/1562/1442 2830/1563/1443 2783/1564/1444
f 2783/1564/1444 2830/1563/1443 2784/1565/1445
f 2783/1564/1444 2784/1565/1445 2737/1566/1446
f 2737/1566/1446 2784/1565/1445 2738/1567/1447
f 2737/1566/1446 2738/1567/1447 2691/1568/1448
f 2691/1568/1448 2738/1567/1447 2692/1569/1449
f 2691/1568/1448 2692/1569/1449 2645/1570/1450
f 2645/1570/1450 2692/1569/1449 2646/1571/1451
f 2645/1570/1450 2646/1571/1451 2599/1572/1452
f 2599/1572/1452 2646/1571/1451 2600/1573/1453
f 2599/1572/1452 2600/1573/1453 2553/1574/1454
f 2553/1574/1454 2600/1573/1453 2554/1575/1455
f 2553/1574/1454 2554/1575/1455 2507/1576/1456
f 2507/1576/1456 2554/1575/1455 2508/1577/1457
f 2507/1576/1456 2508/1577/1457 2461/1578/1458
f 2461/1578/1458 2508/1577/1457 2462/1579/1459
f 2461/1578/1458 2462/1579/1459 2415/1580/1460
f 2415/1580/1460 2462/1579/1459 2416/1581/1461
f 2415/1580/1460 2416/1581/1461 2369/1582/1462
f 2369/1582/1462 2416/1581/1461 2370/1583/1463
f 2369/1582/1462 2370/1583/1463 2323/1584/1464
f 2323/1584/1464 2370/1583/1463 2324/1585/1465
f 2323/1584/1464 2324/1585/1465 2277/1586/1466
f 2277/1586/1466 2324/1585/1465 2278/1587/1467
f 2277/1586/1466 2278/1587/1467 2231/1588/1468
f 2231/1588/1468 2278/1587/1467 2232/1589/1469
f 2231/1588/1468 2232/1589/1469 2185/1590/1470
f 2185/1590/1470 2232/1589/1469 2186/1591/1471
f 2185/1590/1470 2186/1591/1471 2139/1592/1472
f 2139/1592/1472 2186/1591/1471 2140/1593/1473
f 2139/1592/1472 2140/1593/1473 2093/1594/1474
f 2093/1594/1474 2140/1593/1473 2094/1595/1475
f 2093/1594/1474 2094/1595/1475 2047/1596/1476
f 2047/1596/1476 2094/1595/1475 2048/1597/1477
f 2047/1596/1476 2048/1597/1477 2001/1598/1478
f 2001/1598/1478 2048/1597/1477 2002/1599/1479
f 2001/1598/1478 2002/1599/1479 1955/1600/1480
f 1955/1600/1480 2002/1599/1479 1956/1601/1481
f 1955/1600/1480 1956/1601/1481 1909/1602/1482
f 1909/1602/1482 1956/1601/1481 1910/1603/1483
f 1909/1602/1482 1910/1603/1483 1863/1604/1484
f 1863/1604/1484 1910/1603/1483 1864/1605/1485
f 1863/1604/1484 1864/1605/1485 1817/1606/1486
f 1817/1606/1486 1864/1605/1485 1818/1607/1487
f 1817/1606/1486 1818/1607/1487 1771/1608/1488
f 1771/1608/1488 1818/1607/1487 1772/1609/1489
f 1771/1608/1488 1772/1609/1489 1725/1610/1490
f 1725/1610/1490 1772/1609/1489 1726/1611/1491
f 1725/1610/1490 1726/1611/1491 1679/1612/1492
f 1679/1612/1492 1726/1611/1491 1680/1613/1493
f 1679/1612/1492 1680/1613/1493 1633/1614/1494
f 1633/1614/1494 1680/1613/1493 1634/1615/1495
f 1633/1614/1494 1634/1615/1495 1403/1616/1496
f 1403/1616/1496 1634/1615/1495 1404/1617/1497
f 1403/1616/1496 1404/1617/1497 745/1618/1498
f 745/1618/1498 1404/1617/1497 744/1619/1499
f 745/1620/1498 744/1621/1499 1368/1622/1500
f 1368/1622/1500 744/1621/1499 1367/1623/1501
f 1368/1622/1500 1367/1623/1501 4945/1624/1502
f 4945/1624/1502 1367/1623/1501 4946/1625/1503
f 4945/1624/1502 4946/1625/1503 4899/1626/1504
f 4899/1626/1504 4946/1625/1503 4900/1627/1505
f 4899/1626/1504 4900/1627/1505 4853/1628/1506
f 4853/1628/1506 4900/1627/1505 4854/1629/1507
f 4853/1628/1506 4854/1629/1507 4807/1630/1508
f 4807/1630/1508 4854/1629/1507 4808/1631/1509
f 4807/1630/1508 4808/1631/1509 4761/1632/1510
f 4761/1632/1510 4808/1631/1509 4762/1633/1511
f 4761/1632/1510 4762/1633/1511 4715/1634/1512
f 4715/1634/1512 4762/1633/1511 4716/1635/1513
f 4715/1634/1512 4716/1635/1513 4669/1636/1514
f 4669/1636/1514 4716/1635/1513 4670/1637/1515
f 4669/1636/1514 4670/1637/1515 4623/1638/1516
f 4623/1638/1516 4670/1637/1515 4624/1639/1517
f 4623/1638/1516 4624/1639/1517 4577/1640/1518
f 4577/1640/1518 4624/1639/1517 4578/1641/1519
f 4577/1640/1518 4578/1641/1519 4531/1642/1520
f 4531/1642/1520 4578/1641/1519 4532/847/736
f 4531/1642/1520 4532/847/736 4485/845/734
f 995/1486/1366 686/1485/1365 1023/1643/1521
f 1023/1643/1521 686/1485/1365 685/1644/1522
f 1023/1643/1521 685/1644/1522 684/1645/1523
f 1023/1643/1521 684/1645/1523 1051/1646/1524
f 1051/1646/1524 684/1645/1523 683/1647/1525
f 1051/1646/1524 683/1647/1525 682/1648/1526
f 1051/1646/1524 682/1648/1526 1079/1649/1527
f 1079/1649/1527 682/1648/1526 681/1650/1528
f 1079/1649/1527 681/1650/1528 1107/1651/1529
f 1107/1651/1529 681/1650/1528 680/1652/1530
f 1107/1651/1529 680/1652/1530 679/1653/1531
f 1107/1651/1529 679/1653/1531 1135/1654/1532
f 1135/1654/1532 679/1653/1531 678/1655/1533
f 1135/1654/1532 678/1655/1533 677/1656/1534
f 1135/1654/1532 677/1656/1534 1163/1657/1535
f 1163/1657/1535 677/1656/1534 676/1658/1536
f 1163/1657/1535 676/1658/1536 675/1659/1537
f 674/1660/1538 1191/1661/1539 675/1659/1537
f 675/1659/1537 1191/1661/1539 1192/1662/1540
f 675/1659/1537 1192/1662/1540 1163/1657/1535
f 1163/1657/1535 1192/1662/1540 1193/1663/1541
f 1163/1657/1535 1193/1663/1541 1164/1664/1542
f 1164/1664/1542 1193/1663/1541 1194/1665/1543
f 1164/1664/1542 1194/1665/1543 1165/1666/1544
f 1165/1666/1544 1194/1665/1543 1195/1667/1545
f 1165/1666/1544 1195/1667/1545 1166/1668/1546
f 1166/1668/1546 1195/1667/1545 1196/1669/1547
f 1166/1668/1546 1196/1669/1547 1167/1670/1548
f 1167/1670/1548 1196/1669/1547 1197/1671/1549
f 1167/1670/1548 1197/1671/1549 1168/1672/1550
f 1168/1672/1550 1197/1671/1549 1198/1673/1551
f 1168/1672/1550 1198/1673/1551 1169/1674/1552
f 1169/1674/1552 1198/1673/1551 1199/1675/1553
f 1169/1674/1552 1199/1675/1553 1170/1676/1554
f 1170/1676/1554 1199/1675/1553 1200/1677/1555
f 1170/1676/1554 1200/1677/1555 1171/1678/1556
f 1171/1678/1556 1200/1677/1555 1201/1679/1557
f 1171/1678/1556 1201/1679/1557 1172/1680/1558
f 1172/1680/1558 1201/1679/1557 1202/1681/1559
f 1172/1680/1558 1202/1681/1559 1173/1682/1560
f 1173/1682/1560 1202/1681/1559 1203/1683/1561
f 1173/1682/1560 1203/1683/1561 1174/1684/1562
f 1174/1684/1562 1203/1683/1561 1204/1685/1563
f 1174/1684/1562 1204/1685/1563 1175/1686/1564
f 1175/1686/1564 1204/1685/1563 1205/1687/1565
f 1175/1686/1564 1205/1687/1565 1176/1688/1566
f 1176/1688/1566 1205/1687/1565 1206/1689/1567
f 1176/1688/1566 1206/1689/1567 1177/1690/1568
f 1177/1690/1568 1206/1689/1567 1207/1691/1569
f 1177/1690/1568 1207/1691/1569 1178/1692/1570
f 1178/1692/1570 1207/1691/1569 1208/1693/1571
f 1178/1692/1570 1208/1693/1571 1179/1694/1572
f 1179/1694/1572 1208/1693/1571 1209/1695/1573
f 1179/1694/1572 1209/1695/1573 1180/1696/1574
f 1180/1696/1574 1209/1695/1573 1210/1697/1575
f 1180/1696/1574 1210/1697/1575 1181/1698/1576
f 1181/1698/1576 1210/1697/1575 1211/1699/1577
f 1181/1698/1576 1211/1699/1577 1182/1700/1578
f 1182/1700/1578 1211/1699/1577 1212/1701/1579
f 1182/1700/1578 1212/1701/1579 1183/1702/1580
f 1183/1702/1580 1212/1701/1579 1213/1703/1581
f 1183/1702/1580 1213/1703/1581 1184/1704/1582
f 1184/1704/1582 1213/1703/1581 1214/1705/1583
f 1184/1704/1582 1214/1705/1583 1185/1706/1584
f 1185/1706/1584 1214/1705/1583 1215/1707/1585
f 1185/1706/1584 1215/1707/1585 1186/1708/1586
f 1186/1708/1586 1215/1707/1585 1216/1709/1587
f 1186/1708/1586 1216/1709/1587 1187/1710/1588
f 1187/1710/1588 1216/1709/1587 1217/1711/1589
f 1187/1710/1588 1217/1711/1589 1188/1712/1590
f 1188/1712/1590 1217/1711/1589 1218/1713/1591
f 1188/1712/1590 1218/1713/1591 1189/1714/1592
f 1189/1714/1592 1218/1713/1591 1219/1715/1593
f 1189/1714/1592 1219/1715/1593 1190/1716/1594
f 1190/1716/1594 1219/1715/1593 713/1717/792
f 674/1660/1538 673/1718/1595 1191/1661/1539
f 1191/1661/1539 673/1718/1595 1221/1719/1596
f 1191/1661/1539 1221/1719/1596 1222/1720/1597
f 1222/1720/1597 1221/1719/1596 1254/1721/1598
f 1222/1720/1597 1254/1721/1598 1255/1722/1599
f 1255/1722/1599 1254/1721/1598 1300/1723/1600
f 1255/1722/1599 1300/1723/1600 1301/1724/1601
f 1301/1724/1601 1300/1723/1600 4304/1725/1602
f 1301/1724/1601 4304/1725/1602 4305/1726/1603
f 4305/1726/1603 4304/1725/1602 4351/1727/1604
f 4305/1726/1603 4351/1727/1604 4352/1728/1605
f 4352/1728/1605 4351/1727/1604 4398/1729/1606
f 4352/1728/1605 4398/1729/1606 4399/1730/1607
f 4399/1730/1607 4398/1729/1606 4445/1731/1608
f 4399/1730/1607 4445/1731/1608 4446/1732/1609
f 4446/1732/1609 4445/1731/1608 4492/1733/1610
f 4446/1732/1609 4492/1733/1610 4493/1734/1611
f 4493/1734/1611 4492/1733/1610 4539/1735/1612
f 4493/1734/1611 4539/1735/1612 4540/1736/1613
f 4540/1736/1613 4539/1735/1612 4586/1737/1614
f 4540/1736/1613 4586/1737/1614 4587/1738/1615
f 4587/1738/1615 4586/1737/1614 4633/1739/1616
f 4587/1738/1615 4633/1739/1616 4634/1740/1617
f 4634/1740/1617 4633/1739/1616 4680/1741/1618
f 4634/1740/1617 4680/1741/1618 4681/1742/1619
f 4681/1742/1619 4680/1741/1618 4727/1743/1620
f 4681/1742/1619 4727/1743/1620 4728/1744/1621
f 4728/1744/1621 4727/1743/1620 4774/1745/1622
f 4728/1744/1621 4774/1745/1622 4775/1746/1623
f 4775/1746/1623 4774/1745/1622 4821/1747/1624
f 4775/1746/1623 4821/1747/1624 4822/1748/1625
f 4822/1748/1625 4821/1747/1624 4868/1749/1626
f 4822/1748/1625 4868/1749/1626 4869/1750/1627
f 4869/1750/1627 4868/1749/1626 4915/1751/1628
f 4869/1750/1627 4915/1751/1628 4916/1752/1629
f 4916/1752/1629 4915/1751/1628 4962/1753/1630
f 4916/1752/1629 4962/1753/1630 4963/1754/1631
f 4963/1754/1631 4962/1753/1630 1350/1755/1632
f 4963/1754/1631 1350/1755/1632 1349/1756/1633
f 1349/1756/1633 1350/1755/1632 726/1757/773
f 1349/1756/1633 726/1757/773 725/1758/775
f 1221/1719/1596 673/1718/1595 1220/1759/1634
f 1220/1759/1634 673/1718/1595 672/1760/1635
f 1220/1759/1634 672/1760/1635 671/1761/1636
f 1220/1759/1634 671/1761/1636 1252/1762/1637
f 1252/1762/1637 671/1761/1636 670/1763/1638
f 1252/1762/1637 670/1763/1638 1251/1764/1639
f 1251/1764/1639 670/1763/1638 669/1765/1640
f 1251/1764/1639 669/1765/1640 1250/1766/1641
f 1250/1766/1641 669/1765/1640 668/1767/1642
f 1250/1766/1641 668/1767/1642 667/1768/1643
f 666/1769/1644 763/836/725 667/1768/1643
f 667/1768/1643 763/836/725 1295/1770/1645
f 667/1768/1643 1295/1770/1645 1250/1766/1641
f 1250/1766/1641 1295/1770/1645 1296/1771/1646
f 1250/1766/1641 1296/1771/1646 1251/1764/1639
f 1251/1764/1639 1296/1771/1646 1297/1772/1647
f 1251/1764/1639 1297/1772/1647 1252/1762/1637
f 1252/1762/1637 1297/1772/1647 1298/1773/1648
f 1252/1762/1637 1298/1773/1648 1253/1774/1649
f 1253/1774/1649 1298/1773/1648 1299/1775/1650
f 1253/1774/1649 1299/1775/1650 1254/1721/1598
f 1254/1721/1598 1299/1775/1650 1300/1723/1600
f 666/1769/1644 665/834/723 763/836/725
f 717/1776/791 713/1777/792 1340/1778/1651
f 715/1779/761 731/1780/763 1354/1781/1652
f 1354/1781/1652 731/1780/763 730/1782/765
f 1354/1781/1652 730/1782/765 1353/1783/1653
f 1353/1783/1653 730/1782/765 729/1784/767
f 1353/1783/1653 729/1784/767 1352/1785/1654
f 1352/1785/1654 729/1784/767 728/1786/769
f 1352/1785/1654 728/1786/769 1351/1787/1655
f 1351/1787/1655 728/1786/769 727/1788/771
f 1351/1787/1655 727/1788/771 1350/1755/1632
f 1350/1755/1632 727/1788/771 726/1757/773
f 716/1789/1656 748/1790/1657 1400/1791/1658
f 1400/1791/1658 748/1790/1657 749/1452/1333
f 1400/1791/1658 749/1452/1333 1399/1451/1332
f 716/1792/1656 747/1793/1659 1370/1794/1660
f 1370/1794/1660 747/1793/1659 746/1795/1661
f 1370/1794/1660 746/1795/1661 1369/1796/1662
f 1369/1796/1662 746/1795/1661 745/1620/1498
f 1369/1796/1662 745/1620/1498 1368/1622/1500
f 1386/1797/1663 714/1798/817 1616/1799/1664
f 1616/1799/1664 714/1800/817 1662/1801/1665
f 1662/1801/1665 714/1802/817 1708/1803/1666
f 1708/1803/1666 714/1804/817 1754/1805/1667
f 1754/1805/1667 714/1806/817 1800/1807/1668
f 1800/1807/1668 714/1808/817 1846/1809/1669
f 1846/1809/1669 714/1810/817 1892/1811/1670
f 1892/1811/1670 714/1812/817 1938/1813/1671
f 1938/1813/1671 714/1814/817 1984/1815/1672
f 1984/1815/1672 714/1816/817 2030/1817/1673
f 2030/1817/1673 714/1818/817 2076/1819/1674
f 2076/1819/1674 714/1820/817 2122/1821/1675
f 2122/1821/1675 714/1822/817 2168/1823/1676
f 2168/1823/1676 714/1824/817 2214/1825/1677
f 2214/1825/1677 714/1826/817 2260/1827/1678
f 2260/1827/1678 714/1828/817 2306/1829/1679
f 2306/1829/1679 714/1830/817 2352/1831/1680
f 2352/1831/1680 714/1832/817 2398/1833/1681
f 2398/1833/1681 714/1834/817 2444/1835/1682
f 2444/1835/1682 714/1836/817 2490/1837/1683
f 2490/1837/1683 714/1838/817 2536/1839/1684
f 2536/1839/1684 714/1840/817 2582/1841/1685
f 2582/1841/1685 714/1842/817 2628/1843/1686
f 2628/1843/1686 714/1844/817 2674/1845/1687
f 2674/1845/1687 714/1846/817 2720/1847/1688
f 2720/1847/1688 714/1848/817 2766/1849/1689
f 2766/1849/1689 714/1850/817 2812/1851/1690
f 2812/1851/1690 714/1852/817 2858/1853/1691
f 2858/1853/1691 714/1854/817 2904/1855/1692
f 2904/1855/1692 714/1856/817 1569/1857/1693
f 1569/1857/1693 714/1858/817 1570/1859/1694
f 2950/1860/1695 714/1861/817 2996/1862/1696
f 2996/1862/1696 714/1863/817 3042/1864/1697
f 3042/1864/1697 714/1865/817 3088/1866/1698
f 3088/1866/1698 714/1867/817 3134/1868/1699
f 3134/1868/1699 714/1869/817 3180/1870/1700
f 3180/1870/1700 714/1871/817 3226/1872/1701
f 3226/1872/1701 714/1873/817 3272/1874/1702
f 3272/1874/1702 714/1875/817 3318/1876/1703
f 3318/1876/1703 714/1877/817 3364/1878/1704
f 3364/1878/1704 714/1879/817 3410/1880/1705
f 3410/1880/1705 714/1881/817 3456/1882/1706
f 3456/1882/1706 714/1883/817 3502/1884/1707
f 3502/1884/1707 714/1885/817 3548/1886/1708
f 3548/1886/1708 714/1887/817 3594/1888/1709
f 3594/1888/1709 714/1889/817 3640/1890/1710
f 3640/1890/1710 714/1891/817 3686/1892/1711
f 3686/1892/1711 714/1893/817 3732/1894/1712
f 3732/1894/1712 714/1895/817 3778/1896/1713
f 3778/1896/1713 714/1897/817 3824/1898/1714
f 3824/1898/1714 714/1899/817 3870/1900/1715
f 3870/1900/1715 714/1901/817 3916/1902/1716
f 3916/1902/1716 714/1903/817 3962/1904/1717
f 3962/1904/1717 714/1905/817 4008/1906/1718
f 4008/1906/1718 714/1907/817 4054/1908/1719
f 4054/1908/1719 714/1909/817 4100/1910/1720
f 4100/1910/1720 714/1911/817 4146/1912/1721
f 4146/1912/1721 714/1913/817 4192/1914/1722
f 4192/1914/1722 714/1915/817 4238/1916/1723
f 4238/1916/1723 714/1917/817 1477/1918/1724
f 1477/1918/1724 714/1919/817 1478/940/827
f 885/928/815 714/1920/817 873/1921/1725
f 873/1921/1725 714/1922/817 862/1923/1726
f 862/1923/1726 714/1924/817 852/1925/1727
f 852/1925/1727 714/1926/817 842/1927/1728
f 842/1927/1728 714/1928/817 833/1929/1729
f 833/1929/1729 714/1930/817 824/1931/1730
f 824/1931/1730 714/1932/817 815/1933/1731
f 815/1933/1731 714/1934/817 806/1935/1732
f 806/1935/1732 714/1936/817 796/1937/1733
f 796/1937/1733 714/1938/817 786/1939/1734
f 786/1939/1734 714/1940/817 764/1941/1735
f 764/1941/1735 714/1942/817 1339/1943/1736
f 4284/1944/1737 714/1945/817 4330/1946/1738
f 4330/1946/1738 714/1947/817 4376/1948/1739
f 4376/1948/1739 714/1949/817 4422/1950/1740
f 4422/1950/1740 714/1951/817 4468/1952/1741
f 4468/1952/1741 714/1953/817 4514/1954/1742
f 4514/1954/1742 714/1955/817 4560/1956/1743
f 4560/1956/1743 714/1957/817 4606/1958/1744
f 4606/1958/1744 714/1959/817 4652/1960/1745
f 4652/1960/1745 714/1961/817 4698/1962/1746
f 4698/1962/1746 714/1963/817 4744/1964/1747
f 4744/1964/1747 714/1965/817 4790/1966/1748
f 4790/1966/1748 714/1967/817 4836/1968/1749
f 4836/1968/1749 714/1969/817 4882/1970/1750
f 4882/1970/1750 714/1971/817 4928/1972/1751
f 4928/1972/1751 714/1973/817 1385/1974/1752
f 1385/1974/1752 714/1975/817 762/1976/1753
f 1340/1778/1651 713/1977/792 4973/1978/1754
f 4973/1978/1754 713/1979/792 4927/1980/1755
f 4927/1980/1755 713/1981/792 4881/1982/1756
f 4881/1982/1756 713/1983/792 4835/1984/1757
f 4835/1984/1757 713/1985/792 4789/1986/1758
f 4789/1986/1758 713/1987/792 4743/1988/1759
f 4743/1988/1759 713/1989/792 4697/1990/1760
f 4697/1990/1760 713/1991/792 4651/1992/1761
f 4651/1992/1761 713/1993/792 4605/1994/1762
f 4605/1994/1762 713/1995/792 4559/1996/1763
f 4559/1996/1763 713/1997/792 4513/1998/1764
f 4513/1998/1764 713/1999/792 4467/2000/1765
f 4467/2000/1765 713/2001/792 4421/2002/1766
f 4421/2002/1766 713/2003/792 4375/2004/1767
f 4375/2004/1767 713/2005/792 4329/2006/1768
f 4329/2006/1768 713/2007/792 1326/2008/1769
f 1326/2008/1769 713/2009/792 1281/2010/1770
f 1281/2010/1770 713/2011/792 1249/2012/1771
f 1249/2012/1771 713/2013/792 1219/1715/1593
f 1190/1716/1594 713/2014/792 1162/2015/1772
f 1162/2015/1772 713/2016/792 1134/2017/1773
f 1134/2017/1773 713/2018/792 1106/2019/1774
f 1106/2019/1774 713/2020/792 1078/2021/1775
f 1078/2021/1775 713/2022/792 1050/2023/1776
f 1050/2023/1776 713/2024/792 1022/2025/1777
f 1022/2025/1777 713/2026/792 993/2027/1778
f 993/2027/1778 713/2028/792 963/2029/1779
f 963/2029/1779 713/2030/792 886/2031/1780
f 886/2031/1780 713/2032/792 1523/2033/1781
f 1432/2034/1782 713/2035/792 4283/2036/1783
f 4283/2036/1783 713/2037/792 4237/2038/1784
f 4237/2038/1784 713/2039/792 4191/2040/1785
f 4191/2040/1785 713/2041/792 4145/2042/1786
f 4145/2042/1786 713/2043/792 4099/2044/1787
f 4099/2044/1787 713/2045/792 4053/2046/1788
f 4053/2046/1788 713/2047/792 4007/2048/1789
f 4007/2048/1789 713/2049/792 3961/2050/1790
f 3961/2050/1790 713/2051/792 3915/2052/1791
f 3915/2052/1791 713/2053/792 3869/2054/1792
f 3869/2054/1792 713/2055/792 3823/2056/1793
f 3823/2056/1793 713/2057/792 3777/2058/1794
f 3777/2058/1794 713/2059/792 3731/2060/1795
f 3731/2060/1795 713/2061/792 3685/2062/1796
f 3685/2062/1796 713/2063/792 3639/2064/1797
f 3639/2064/1797 713/2065/792 3593/2066/1798
f 3593/2066/1798 713/2067/792 3547/2068/1799
f 3547/2068/1799 713/2069/792 3501/2070/1800
f 3501/2070/1800 713/2071/792 3455/2072/1801
f 3455/2072/1801 713/2073/792 3409/2074/1802
f 3409/2074/1802 713/2075/792 3363/2076/1803
f 3363/2076/1803 713/2077/792 3317/2078/1804
f 3317/2078/1804 713/2079/792 3271/2080/1805
f 3271/2080/1805 713/2081/792 3225/2082/1806
f 3225/2082/1806 713/2083/792 3179/2084/1807
f 3179/2084/1807 713/2085/792 3133/2086/1808
f 3133/2086/1808 713/2087/792 3087/2088/1809
f 3087/2088/1809 713/2089/792 3041/2090/1810
f 3041/2090/1810 713/2091/792 2995/2092/1811
f 2995/2092/1811 713/2093/792 1615/2094/1812
f 1524/2095/1813 713/2096/792 2949/2097/1814
f 2949/2097/1814 713/2098/792 2903/2099/1815
f 2903/2099/1815 713/2100/792 2857/2101/1816
f 2857/2101/1816 713/2102/792 2811/2103/1817
f 2811/2103/1817 713/2104/792 2765/2105/1818
f 2765/2105/1818 713/2106/792 2719/2107/1819
f 2719/2107/1819 713/2108/792 2673/2109/1820
f 2673/2109/1820 713/2110/792 2627/2111/1821
f 2627/2111/1821 713/2112/792 2581/2113/1822
f 2581/2113/1822 713/2114/792 2535/2115/1823
f 2535/2115/1823 713/2116/792 2489/2117/1824
f 2489/2117/1824 713/2118/792 2443/2119/1825
f 2443/2119/1825 713/2120/792 2397/2121/1826
f 2397/2121/1826 713/2122/792 2351/2123/1827
f 2351/2123/1827 713/2124/792 2305/2125/1828
f 2305/2125/1828 713/2126/792 2259/2127/1829
f 2259/2127/1829 713/2128/792 2213/2129/1830
f 2213/2129/1830 713/2130/792 2167/2131/1831
f 2167/2131/1831 713/2132/792 2121/2133/1832
f 2121/2133/1832 713/2134/792 2075/2135/1833
f 2075/2135/1833 713/2136/792 2029/2137/1834
f 2029/2137/1834 713/2138/792 1983/2139/1835
f 1983/2139/1835 713/2140/792 1937/2141/1836
f 1937/2141/1836 713/2142/792 1891/2143/1837
f 1891/2143/1837 713/2144/792 1845/2145/1838
f 1845/2145/1838 713/2146/792 1799/2147/1839
f 1799/2147/1839 713/2148/792 1753/2149/1840
f 1753/2149/1840 713/2150/792 1707/2151/1841
f 1707/2151/1841 713/2152/792 1661/2153/1842
f 1661/2153/1842 713/2154/792 1431/903/790
f 718/2155/789 717/1776/791 1341/2156/1843
f 1341/2156/1843 717/1776/791 1340/1778/1651
f 1341/2156/1843 1340/1778/1651 4972/2157/1844
f 4972/2157/1844 1340/1778/1651 4973/1978/1754
f 4972/2157/1844 4973/1978/1754 4926/2158/1845
f 4926/2158/1845 4973/1978/1754 4927/1980/1755
f 4926/2158/1845 4927/1980/1755 4880/2159/1846
f 4880/2159/1846 4927/1980/1755 4881/1982/1756
f 4880/2159/1846 4881/1982/1756 4834/2160/1847
f 4834/2160/1847 4881/1982/1756 4835/1984/1757
f 4834/2160/1847 4835/1984/1757 4788/2161/1848
f 4788/2161/1848 4835/1984/1757 4789/1986/1758
f 4788/2161/1848 4789/1986/1758 4742/2162/1849
f 4742/2162/1849 4789/1986/1758 4743/1988/1759
f 4742/2162/1849 4743/1988/1759 4696/2163/1850
f 4696/2163/1850 4743/1988/1759 4697/1990/1760
f 4696/2163/1850 4697/1990/1760 4650/2164/1851
f 4650/2164/1851 4697/1990/1760 4651/1992/1761
f 4650/2164/1851 4651/1992/1761 4604/2165/1852
f 4604/2165/1852 4651/1992/1761 4605/1994/1762
f 4604/2165/1852 4605/1994/1762 4558/2166/1853
f 4558/2166/1853 4605/1994/1762 4559/1996/1763
f 4558/2166/1853 4559/1996/1763 4512/2167/1854
f 4512/2167/1854 4559/1996/1763 4513/1998/1764
f 4512/2167/1854 4513/1998/1764 4466/2168/1855
f 4466/2168/1855 4513/1998/1764 4467/2000/1765
f 4466/2168/1855 4467/2000/1765 4420/2169/1856
f 4420/2169/1856 4467/2000/1765 4421/2002/1766
f 4420/2169/1856 4421/2002/1766 4374/2170/1857
f 4374/2170/1857 4421/2002/1766 4375/2004/1767
f 4374/2170/1857 4375/2004/1767 4328/2171/1858
f 4328/2171/1858 4375/2004/1767 4329/2006/1768
f 4328/2171/1858 4329/2006/1768 1325/2172/1859
f 1325/2172/1859 4329/2006/1768 1326/2008/1769
f 1325/2172/1859 1326/2008/1769 1280/2173/1860
f 1280/2173/1860 1326/2008/1769 1281/2010/1770
f 1280/2173/1860 1281/2010/1770 1248/2174/1861
f 1248/2174/1861 1281/2010/1770 1249/2012/1771
f 1248/2174/1861 1249/2012/1771 1218/1713/1591
f 1218/1713/1591 1249/2012/1771 1219/1715/1593
f 719/2175/787 718/2155/789 1342/2176/1862
f 1342/2176/1862 718/2155/789 1341/2156/1843
f 1342/2176/1862 1341/2156/1843 4971/2177/1863
f 4971/2177/1863 1341/2156/1843 4972/2157/1844
f 4971/2177/1863 4972/2157/1844 4925/2178/1864
f 4925/2178/1864 4972/2157/1844 4926/2158/1845
f 4925/2178/1864 4926/2158/1845 4879/2179/1865
f 4879/2179/1865 4926/2158/1845 4880/2159/1846
f 4879/2179/1865 4880/2159/1846 4833/2180/1866
f 4833/2180/1866 4880/2159/1846 4834/2160/1847
f 4833/2180/1866 4834/2160/1847 4787/2181/1867
f 4787/2181/1867 4834/2160/1847 4788/2161/1848
f 4787/2181/1867 4788/2161/1848 4741/2182/1868
f 4741/2182/1868 4788/2161/1848 4742/2162/1849
f 4741/2182/1868 4742/2162/1849 4695/2183/1869
f 4695/2183/1869 4742/2162/1849 4696/2163/1850
f 4695/2183/1869 4696/2163/1850 4649/2184/1870
f 4649/2184/1870 4696/2163/1850 4650/2164/1851
f 4649/2184/1870 4650/2164/1851 4603/2185/1871
f 4603/2185/1871 4650/2164/1851 4604/2165/1852
f 4603/2185/1871 4604/2165/1852 4557/2186/1872
f 4557/2186/1872 4604/2165/1852 4558/2166/1853
f 4557/2186/1872 4558/2166/1853 4511/2187/1873
f 4511/2187/1873 4558/2166/1853 4512/2167/1854
f 4511/2187/1873 4512/2167/1854 4465/2188/1874
f 4465/2188/1874 4512/2167/1854 4466/2168/1855
f 4465/2188/1874 4466/2168/1855 4419/2189/1875
f 4419/2189/1875 4466/2168/1855 4420/2169/1856
f 4419/2189/1875 4420/2169/1856 4373/2190/1876
f 4373/2190/1876 4420/2169/1856 4374/2170/1857
f 4373/2190/1876 4374/2170/1857 4327/2191/1877
f 4327/2191/1877 4374/2170/1857 4328/2171/1858
f 4327/2191/1877 4328/2171/1858 1324/2192/1878
f 1324/2192/1878 4328/2171/1858 1325/2172/1859
f 1324/2192/1878 1325/2172/1859 1279/2193/1879
f 1279/2193/1879 1325/2172/1859 1280/2173/1860
f 1279/2193/1879 1280/2173/1860 1247/2194/1880
f 1247/2194/1880 1280/2173/1860 1248/2174/1861
f 1247/2194/1880 1248/2174/1861 1217/1711/1589
f 1217/1711/1589 1248/2174/1861 1218/1713/1591
f 720/2195/785 719/2175/787 1343/2196/1881
f 1343/2196/1881 719/2175/787 1342/2176/1862
f 1343/2196/1881 1342/2176/1862 4970/2197/1882
f 4970/2197/1882 1342/2176/1862 4971/2177/1863
f 4970/2197/1882 4971/2177/1863 4924/2198/1883
f 4924/2198/1883 4971/2177/1863 4925/2178/1864
f 4924/2198/1883 4925/2178/1864 4878/2199/1884
f 4878/2199/1884 4925/2178/1864 4879/2179/1865
f 4878/2199/1884 4879/2179/1865 4832/2200/1885
f 4832/2200/1885 4879/2179/1865 4833/2180/1866
f 4832/2200/1885 4833/2180/1866 4786/2201/1886
f 4786/2201/1886 4833/2180/1866 4787/2181/1867
f 4786/2201/1886 4787/2181/1867 4740/2202/1887
f 4740/2202/1887 4787/2181/1867 4741/2182/1868
f 4740/2202/1887 4741/2182/1868 4694/2203/1888
f 4694/2203/1888 4741/2182/1868 4695/2183/1869
f 4694/2203/1888 4695/2183/1869 4648/2204/1889
f 4648/2204/1889 4695/2183/1869 4649/2184/1870
f 4648/2204/1889 4649/2184/1870 4602/2205/1890
f 4602/2205/1890 4649/2184/1870 4603/2185/1871
f 4602/2205/1890 4603/2185/1871 4556/2206/1891
f 4556/2206/1891 4603/2185/1871 4557/2186/1872
f 4556/2206/1891 4557/2186/1872 4510/2207/1892
f 4510/2207/1892 4557/2186/1872 4511/2187/1873
f 4510/2207/1892 4511/2187/1873 4464/2208/1893
f 4464/2208/1893 4511/2187/1873 4465/2188/1874
f 4464/2208/1893 4465/2188/1874 4418/2209/1894
f 4418/2209/1894 4465/2188/1874 4419/2189/1875
f 4418/2209/1894 4419/2189/1875 4372/2210/1895
f 4372/2210/1895 4419/2189/1875 4373/2190/1876
f 4372/2210/1895 4373/2190/1876 4326/2211/1896
f 4326/2211/1896 4373/2190/1876 4327/2191/1877
f 4326/2211/1896 4327/2191/1877 1323/2212/1897
f 1323/2212/1897 4327/2191/1877 1324/2192/1878
f 1323/2212/1897 1324/2192/1878 1278/2213/1898
f 1278/2213/1898 1324/2192/1878 1279/2193/1879
f 1278/2213/1898 1279/2193/1879 1246/2214/1899
f 1246/2214/1899 1279/2193/1879 1247/2194/1880
f 1246/2214/1899 1247/2194/1880 1216/1709/1587
f 1216/1709/1587 1247/2194/1880 1217/1711/1589
f 721/2215/783 720/2195/785 1344/2216/1900
f 1344/2216/1900 720/2195/785 1343/2196/1881
f 1344/2216/1900 1343/2196/1881 4969/2217/1901
f 4969/2217/1901 1343/2196/1881 4970/2197/1882
f 4969/2217/1901 4970/2197/1882 4923/2218/1902
f 4923/2218/1902 4970/2197/1882 4924/2198/1883
f 4923/2218/1902 4924/2198/1883 4877/2219/1903
f 4877/2219/1903 4924/2198/1883 4878/2199/1884
f 4877/2219/1903 4878/2199/1884 4831/2220/1904
f 4831/2220/1904 4878/2199/1884 4832/2200/1885
f 4831/2220/1904 4832/2200/1885 4785/2221/1905
f 4785/2221/1905 4832/2200/1885 4786/2201/1886
f 4785/2221/1905 4786/2201/1886 4739/2222/1906
f 4739/2222/1906 4786/2201/1886 4740/2202/1887
f 4739/2222/1906 4740/2202/1887 4693/2223/1907
f 4693/2223/1907 4740/2202/1887 4694/2203/1888
f 4693/2223/1907 4694/2203/1888 4647/2224/1908
f 4647/2224/1908 4694/2203/1888 4648/2204/1889
f 4647/2224/1908 4648/2204/1889 4601/2225/1909
f 4601/2225/1909 4648/2204/1889 4602/2205/1890
f 4601/2225/1909 4602/2205/1890 4555/2226/1910
f 4555/2226/1910 4602/2205/1890 4556/2206/1891
f 4555/2226/1910 4556/2206/1891 4509/2227/1911
f 4509/2227/1911 4556/2206/1891 4510/2207/1892
f 4509/2227/1911 4510/2207/1892 4463/2228/1912
f 4463/2228/1912 4510/2207/1892 4464/2208/1893
f 4463/2228/1912 4464/2208/1893 4417/2229/1913
f 4417/2229/1913 4464/2208/1893 4418/2209/1894
f 4417/2229/1913 4418/2209/1894 4371/2230/1914
f 4371/2230/1914 4418/2209/1894 4372/2210/1895
f 4371/2230/1914 4372/2210/1895 4325/2231/1915
f 4325/2231/1915 4372/2210/1895 4326/2211/1896
f 4325/2231/1915 4326/2211/1896 1322/2232/1916
f 1322/2232/1916 4326/2211/1896 1323/2212/1897
f 1322/2232/1916 1323/2212/1897 1277/2233/1917
f 1277/2233/1917 1323/2212/1897 1278/2213/1898
f 1277/2233/1917 1278/2213/1898 1245/2234/1918
f 1245/2234/1918 1278/2213/1898 1246/2214/1899
f 1245/2234/1918 1246/2214/1899 1215/1707/1585
f 1215/1707/1585 1246/2214/1899 1216/1709/1587
f 722/2235/781 721/2215/783 1345/2236/1919
f 1345/2236/1919 721/2215/783 1344/2216/1900
f 1345/2236/1919 1344/2216/1900 4968/2237/1920
f 4968/2237/1920 1344/2216/1900 4969/2217/1901
f 4968/2237/1920 4969/2217/1901 4922/2238/1921
f 4922/2238/1921 4969/2217/1901 4923/2218/1902
f 4922/2238/1921 4923/2218/1902 4876/2239/1922
f 4876/2239/1922 4923/2218/1902 4877/2219/1903
f 4876/2239/1922 4877/2219/1903 4830/2240/1923
f 4830/2240/1923 4877/2219/1903 4831/2220/1904
f 4830/2240/1923 4831/2220/1904 4784/2241/1924
f 4784/2241/1924 4831/2220/1904 4785/2221/1905
f 4784/2241/1924 4785/2221/1905 4738/2242/1925
f 4738/2242/1925 4785/2221/1905 4739/2222/1906
f 4738/2242/1925 4739/2222/1906 4692/2243/1926
f 4692/2243/1926 4739/2222/1906 4693/2223/1907
f 4692/2243/1926 4693/2223/1907 4646/2244/1927
f 4646/2244/1927 4693/2223/1907 4647/2224/1908
f 4646/2244/1927 4647/2224/1908 4600/2245/1928
f 4600/2245/1928 4647/2224/1908 4601/2225/1909
f 4600/2245/1928 4601/2225/1909 4554/2246/1929
f 4554/2246/1929 4601/2225/1909 4555/2226/1910
f 4554/2246/1929 4555/2226/1910 4508/2247/1930
f 4508/2247/1930 4555/2226/1910 4509/2227/1911
f 4508/2247/1930 4509/2227/1911 4462/2248/1931
f 4462/2248/1931 4509/2227/1911 4463/2228/1912
f 4462/2248/1931 4463/2228/1912 4416/2249/1932
f 4416/2249/1932 4463/2228/1912 4417/2229/1913
f 4416/2249/1932 4417/2229/1913 4370/2250/1933
f 4370/2250/1933 4417/2229/1913 4371/2230/1914
f 4370/2250/1933 4371/2230/1914 4324/2251/1934
f 4324/2251/1934 4371/2230/1914 4325/2231/1915
f 4324/2251/1934 4325/2231/1915 1321/2252/1935
f 1321/2252/1935 4325/2231/1915 1322/2232/1916
f 1321/2252/1935 1322/2232/1916 1276/2253/1936
f 1276/2253/1936 1322/2232/1916 1277/2233/1917
f 1276/2253/1936 1277/2233/1917 1244/2254/1937
f 1244/2254/1937 1277/2233/1917 1245/2234/1918
f 1244/2254/1937 1245/2234/1918 1214/1705/1583
f 1214/1705/1583 1245/2234/1918 1215/1707/1585
f 723/2255/779 722/2235/781 1346/2256/1938
f 1346/2256/1938 722/2235/781 1345/2236/1919
f 1346/2256/1938 1345/2236/1919 4967/2257/1939
f 4967/2257/1939 1345/2236/1919 4968/2237/1920
f 4967/2257/1939 4968/2237/1920 4921/2258/1940
f 4921/2258/1940 4968/2237/1920 4922/2238/1921
f 4921/2258/1940 4922/2238/1921 4875/2259/1941
f 4875/2259/1941 4922/2238/1921 4876/2239/1922
f 4875/2259/1941 4876/2239/1922 4829/2260/1942
f 4829/2260/1942 4876/2239/1922 4830/2240/1923
f 4829/2260/1942 4830/2240/1923 4783/2261/1943
f 4783/2261/1943 4830/2240/1923 4784/2241/1924
f 4783/2261/1943 4784/2241/1924 4737/2262/1944
f 4737/2262/1944 4784/2241/1924 4738/2242/1925
f 4737/2262/1944 4738/2242/1925 4691/2263/1945
f 4691/2263/1945 4738/2242/1925 4692/2243/1926
f 4691/2263/1945 4692/2243/1926 4645/2264/1946
f 4645/2264/1946 4692/2243/1926 4646/2244/1927
f 4645/2264/1946 4646/2244/1927 4599/2265/1947
f 4599/2265/1947 4646/2244/1927 4600/2245/1928
f 4599/2265/1947 4600/2245/1928 4553/2266/1948
f 4553/2266/1948 4600/2245/1928 4554/2246/1929
f 4553/2266/1948 4554/2246/1929 4507/2267/1949
f 4507/2267/1949 4554/2246/1929 4508/2247/1930
f 4507/2267/1949 4508/2247/1930 4461/2268/1950
f 4461/2268/1950 4508/2247/1930 4462/2248/1931
f 4461/2268/1950 4462/2248/1931 4415/2269/1951
f 4415/2269/1951 4462/2248/1931 4416/2249/1932
f 4415/2269/1951 4416/2249/1932 4369/2270/1952
f 4369/2270/1952 4416/2249/1932 4370/2250/1933
f 4369/2270/1952 4370/2250/1933 4323/2271/1953
f 4323/2271/1953 4370/2250/1933 4324/2251/1934
f 4323/2271/1953 4324/2251/1934 1320/2272/1954
f 1320/2272/1954 4324/2251/1934 1321/2252/1935
f 1320/2272/1954 1321/2252/1935 1275/2273/1955
f 1275/2273/1955 1321/2252/1935 1276/2253/1936
f 1275/2273/1955 1276/2253/1936 1243/2274/1956
f 1243/2274/1956 1276/2253/1936 1244/2254/1937
f 1243/2274/1956 1244/2254/1937 1213/1703/1581
f 1213/1703/1581 1244/2254/1937 1214/1705/1583
f 724/2275/777 723/2255/779 1347/2276/1957
f 1347/2276/1957 723/2255/779 1346/2256/1938
f 1347/2276/1957 1346/2256/1938 4966/2277/1958
f 4966/2277/1958 1346/2256/1938 4967/2257/1939
f 4966/2277/1958 4967/2257/1939 4920/2278/1959
f 4920/2278/1959 4967/2257/1939 4921/2258/1940
f 4920/2278/1959 4921/2258/1940 4874/2279/1960
f 4874/2279/1960 4921/2258/1940 4875/2259/1941
f 4874/2279/1960 4875/2259/1941 4828/2280/1961
f 4828/2280/1961 4875/2259/1941 4829/2260/1942
f 4828/2280/1961 4829/2260/1942 4782/2281/1962
f 4782/2281/1962 4829/2260/1942 4783/2261/1943
f 4782/2281/1962 4783/2261/1943 4736/2282/1963
f 4736/2282/1963 4783/2261/1943 4737/2262/1944
f 4736/2282/1963 4737/2262/1944 4690/2283/1964
f 4690/2283/1964 4737/2262/1944 4691/2263/1945
f 4690/2283/1964 4691/2263/1945 4644/2284/1965
f 4644/2284/1965 4691/2263/1945 4645/2264/1946
f 4644/2284/1965 4645/2264/1946 4598/2285/1966
f 4598/2285/1966 4645/2264/1946 4599/2265/1947
f 4598/2285/1966 4599/2265/1947 4552/2286/1967
f 4552/2286/1967 4599/2265/1947 4553/2266/1948
f 4552/2286/1967 4553/2266/1948 4506/2287/1968
f 4506/2287/1968 4553/2266/1948 4507/2267/1949
f 4506/2287/1968 4507/2267/1949 4460/2288/1969
f 4460/2288/1969 4507/2267/1949 4461/2268/1950
f 4460/2288/1969 4461/2268/1950 4414/2289/1970
f 4414/2289/1970 4461/2268/1950 4415/2269/1951
f 4414/2289/1970 4415/2269/1951 4368/2290/1971
f 4368/2290/1971 4415/2269/1951 4369/2270/1952
f 4368/2290/1971 4369/2270/1952 4322/2291/1972
f 4322/2291/1972 4369/2270/1952 4323/2271/1953
f 4322/2291/1972 4323/2271/1953 1319/2292/1973
f 1319/2292/1973 4323/2271/1953 1320/2272/1954
f 1319/2292/1973 1320/2272/1954 1274/2293/1974
f 1274/2293/1974 1320/2272/1954 1275/2273/1955
f 1274/2293/1974 1275/2273/1955 1242/2294/1975
f 1242/2294/1975 1275/2273/1955 1243/2274/1956
f 1242/2294/1975 1243/2274/1956 1212/1701/1579
f 1212/1701/1579 1243/2274/1956 1213/1703/1581
f 725/1758/775 724/2275/777 1348/2295/1976
f 1348/2295/1976 724/2275/777 1347/2276/1957
f 1348/2295/1976 1347/2276/1957 4965/2296/1977
f 4965/2296/1977 1347/2276/1957 4966/2277/1958
f 4965/2296/1977 4966/2277/1958 4919/2297/1978
f 4919/2297/1978 4966/2277/1958 4920/2278/1959
f 4919/2297/1978 4920/2278/1959 4873/2298/1979
f 4873/2298/1979 4920/2278/1959 4874/2279/1960
f 4873/2298/1979 4874/2279/1960 4827/2299/1980
f 4827/2299/1980 4874/2279/1960 4828/2280/1961
f 4827/2299/1980 4828/2280/1961 4781/2300/1981
f 4781/2300/1981 4828/2280/1961 4782/2281/1962
f 4781/2300/1981 4782/2281/1962 4735/2301/1982
f 4735/2301/1982 4782/2281/1962 4736/2282/1963
f 4735/2301/1982 4736/2282/1963 4689/2302/1983
f 4689/2302/1983 4736/2282/1963 4690/2283/1964
f 4689/2302/1983 4690/2283/1964 4643/2303/1984
f 4643/2303/1984 4690/2283/1964 4644/2284/1965
f 4643/2303/1984 4644/2284/1965 4597/2304/1985
f 4597/2304/1985 4644/2284/1965 4598/2285/1966
f 4597/2304/1985 4598/2285/1966 4551/2305/1986
f 4551/2305/1986 4598/2285/1966 4552/2286/1967
f 4551/2305/1986 4552/2286/1967 4505/2306/1987
f 4505/2306/1987 4552/2286/1967 4506/2287/1968
f 4505/2306/1987 4506/2287/1968 4459/2307/1988
f 4459/2307/1988 4506/2287/1968 4460/2288/1969
f 4459/2307/1988 4460/2288/1969 4413/2308/1989
f 4413/2308/1989 4460/2288/1969 4414/2289/1970
f 4413/2308/1989 4414/2289/1970 4367/2309/1990
f 4367/2309/1990 4414/2289/1970 4368/2290/1971
f 4367/2309/1990 4368/2290/1971 4321/2310/1991
f 4321/2310/1991 4368/2290/1971 4322/2291/1972
f 4321/2310/1991 4322/2291/1972 1318/2311/1992
f 1318/2311/1992 4322/2291/1972 1319/2292/1973
f 1318/2311/1992 1319/2292/1973 1273/2312/1993
f 1273/2312/1993 1319/2292/1973 1274/2293/1974
f 1273/2312/1993 1274/2293/1974 1241/2313/1994
f 1241/2313/1994 1274/2293/1974 1242/2294/1975
f 1241/2313/1994 1242/2294/1975 1211/1699/1577
f 1211/1699/1577 1242/2294/1975 1212/1701/1579
f 732/870/759 715/1779/761 1355/2314/1995
f 1355/2314/1995 715/1779/761 1354/1781/1652
f 1355/2314/1995 1354/1781/1652 4958/2315/1996
f 4958/2315/1996 1354/1781/1652 4959/2316/1997
f 4958/2315/1996 4959/2316/1997 4912/2317/1998
f 4912/2317/1998 4959/2316/1997 4913/2318/1999
f 4912/2317/1998 4913/2318/1999 4866/2319/2000
f 4866/2319/2000 4913/2318/1999 4867/2320/2001
f 4866/2319/2000 4867/2320/2001 4820/2321/2002
f 4820/2321/2002 4867/2320/2001 4821/1747/1624
f 4820/2321/2002 4821/1747/1624 4774/1745/1622
f 733/872/758 734/2322/2003 1415/2323/2004
f 1415/2323/2004 734/2322/2003 1414/2324/2005
f 1415/2323/2004 1414/2324/2005 1645/2325/2006
f 1645/2325/2006 1414/2324/2005 1644/2326/2007
f 1645/2325/2006 1644/2326/2007 1691/2327/2008
f 1691/2327/2008 1644/2326/2007 1690/2328/2009
f 1691/2327/2008 1690/2328/2009 1737/2329/2010
f 1737/2329/2010 1690/2328/2009 1736/2330/2011
f 1737/2329/2010 1736/2330/2011 1783/2331/2012
f 1783/2331/2012 1736/2330/2011 1782/2332/2013
f 1783/2331/2012 1782/2332/2013 1829/2333/2014
f 1829/2333/2014 1782/2332/2013 1828/2334/2015
f 1829/2333/2014 1828/2334/2015 1875/2335/2016
f 1875/2335/2016 1828/2334/2015 1874/2336/2017
f 1875/2335/2016 1874/2336/2017 1921/2337/2018
f 1921/2337/2018 1874/2336/2017 1920/2338/2019
f 1921/2337/2018 1920/2338/2019 1967/2339/2020
f 1967/2339/2020 1920/2338/2019 1966/2340/2021
f 1967/2339/2020 1966/2340/2021 2013/2341/2022
f 2013/2341/2022 1966/2340/2021 2012/2342/2023
f 2013/2341/2022 2012/2342/2023 2059/2343/2024
f 2059/2343/2024 2012/2342/2023 2058/2344/2025
f 2059/2343/2024 2058/2344/2025 2105/2345/2026
f 2105/2345/2026 2058/2344/2025 2104/2346/2027
f 2105/2345/2026 2104/2346/2027 2151/2347/2028
f 2151/2347/2028 2104/2346/2027 2150/2348/2029
f 2151/2347/2028 2150/2348/2029 2197/2349/2030
f 2197/2349/2030 2150/2348/2029 2196/2350/2031
f 2197/2349/2030 2196/2350/2031 2243/2351/2032
f 2243/2351/2032 2196/2350/2031 2242/2352/2033
f 2243/2351/2032 2242/2352/2033 2289/2353/2034
f 2289/2353/2034 2242/2352/2033 2288/2354/2035
f 2289/2353/2034 2288/2354/2035 2335/2355/2036
f 2335/2355/2036 2288/2354/2035 2334/2356/2037
f 2335/2355/2036 2334/2356/2037 2381/2357/2038
f 2381/2357/2038 2334/2356/2037 2380/2358/2039
f 2381/2357/2038 2380/2358/2039 2427/2359/2040
f 2427/2359/2040 2380/2358/2039 2426/2360/2041
f 2427/2359/2040 2426/2360/2041 2473/2361/2042
f 2473/2361/2042 2426/2360/2041 2472/2362/2043
f 2473/2361/2042 2472/2362/2043 2519/2363/2044
f 2519/2363/2044 2472/2362/2043 2518/2364/2045
f 2519/2363/2044 2518/2364/2045 2565/2365/2046
f 2565/2365/2046 2518/2364/2045 2564/2366/2047
f 2565/2365/2046 2564/2366/2047 2611/2367/2048
f 2611/2367/2048 2564/2366/2047 2610/2368/2049
f 2611/2367/2048 2610/2368/2049 2657/2369/2050
f 2657/2369/2050 2610/2368/2049 2656/2370/2051
f 2657/2369/2050 2656/2370/2051 2703/2371/2052
f 2703/2371/2052 2656/2370/2051 2702/2372/2053
f 2703/2371/2052 2702/2372/2053 2749/2373/2054
f 2749/2373/2054 2702/2372/2053 2748/2374/2055
f 2749/2373/2054 2748/2374/2055 2795/2375/2056
f 2795/2375/2056 2748/2374/2055 2794/2376/2057
f 2795/2375/2056 2794/2376/2057 2841/2377/2058
f 2841/2377/2058 2794/2376/2057 2840/2378/2059
f 2841/2377/2058 2840/2378/2059 2887/2379/2060
f 2887/2379/2060 2840/2378/2059 2886/2380/2061
f 2887/2379/2060 2886/2380/2061 2933/2381/2062
f 2933/2381/2062 2886/2380/2061 2932/2382/2063
f 2933/2381/2062 2932/2382/2063 1540/2383/2064
f 1540/2383/2064 2932/2382/2063 1541/2384/2065
f 1540/2383/2064 1541/2384/2065 1599/2385/2066
f 1599/2385/2066 1541/2384/2065 1598/2386/2067
f 1599/2385/2066 1598/2386/2067 2979/2387/2068
f 2979/2387/2068 1598/2386/2067 2978/2388/2069
f 2979/2387/2068 2978/2388/2069 3025/2389/2070
f 3025/2389/2070 2978/2388/2069 3024/2390/2071
f 3025/2389/2070 3024/2390/2071 3071/2391/2072
f 3071/2391/2072 3024/2390/2071 3070/2392/2073
f 3071/2391/2072 3070/2392/2073 3117/2393/2074
f 3117/2393/2074 3070/2392/2073 3116/2394/2075
f 3117/2393/2074 3116/2394/2075 3163/2395/2076
f 3163/2395/2076 3116/2394/2075 3162/2396/2077
f 3163/2395/2076 3162/2396/2077 3209/2397/2078
f 3209/2397/2078 3162/2396/2077 3208/2398/2079
f 3209/2397/2078 3208/2398/2079 3255/2399/2080
f 3255/2399/2080 3208/2398/2079 3254/2400/2081
f 3255/2399/2080 3254/2400/2081 3301/2401/2082
f 3301/2401/2082 3254/2400/2081 3300/2402/2083
f 3301/2401/2082 3300/2402/2083 3347/2403/2084
f 3347/2403/2084 3300/2402/2083 3346/2404/2085
f 3347/2403/2084 3346/2404/2085 3393/2405/2086
f 3393/2405/2086 3346/2404/2085 3392/2406/2087
f 3393/2405/2086 3392/2406/2087 3439/2407/2088
f 3439/2407/2088 3392/2406/2087 3438/2408/2089
f 3439/2407/2088 3438/2408/2089 3485/2409/2090
f 3485/2409/2090 3438/2408/2089 3484/2410/2091
f 3485/2409/2090 3484/2410/2091 3531/2411/2092
f 3531/2411/2092 3484/2410/2091 3530/2412/2093
f 3531/2411/2092 3530/2412/2093 3577/2413/2094
f 3577/2413/2094 3530/2412/2093 3576/2414/2095
f 3577/2413/2094 3576/2414/2095 3623/2415/2096
f 3623/2415/2096 3576/2414/2095 3622/2416/2097
f 3623/2415/2096 3622/2416/2097 3669/2417/2098
f 3669/2417/2098 3622/2416/2097 3668/2418/2099
f 3669/2417/2098 3668/2418/2099 3715/2419/2100
f 3715/2419/2100 3668/2418/2099 3714/2420/2101
f 3715/2419/2100 3714/2420/2101 3761/2421/2102
f 3761/2421/2102 3714/2420/2101 3760/2422/2103
f 3761/2421/2102 3760/2422/2103 3807/2423/2104
f 3807/2423/2104 3760/2422/2103 3806/2424/2105
f 3807/2423/2104 3806/2424/2105 3853/2425/2106
f 3853/2425/2106 3806/2424/2105 3852/2426/2107
f 3853/2425/2106 3852/2426/2107 3899/2427/2108
f 3899/2427/2108 3852/2426/2107 3898/2428/2109
f 3899/2427/2108 3898/2428/2109 3945/2429/2110
f 3945/2429/2110 3898/2428/2109 3944/2430/2111
f 3945/2429/2110 3944/2430/2111 3991/2431/2112
f 3991/2431/2112 3944/2430/2111 3990/2432/2113
f 3991/2431/2112 3990/2432/2113 4037/2433/2114
f 4037/2433/2114 3990/2432/2113 4036/2434/2115
f 4037/2433/2114 4036/2434/2115 4083/2435/2116
f 4083/2435/2116 4036/2434/2115 4082/2436/2117
f 4083/2435/2116 4082/2436/2117 4129/2437/2118
f 4129/2437/2118 4082/2436/2117 4128/2438/2119
f 4129/2437/2118 4128/2438/2119 4175/2439/2120
f 4175/2439/2120 4128/2438/2119 4174/2440/2121
f 4175/2439/2120 4174/2440/2121 4221/2441/2122
f 4221/2441/2122 4174/2440/2121 4220/2442/2123
f 4221/2441/2122 4220/2442/2123 4267/2443/2124
f 4267/2443/2124 4220/2442/2123 4266/2444/2125
f 4267/2443/2124 4266/2444/2125 1448/2445/2126
f 1448/2445/2126 4266/2444/2125 1449/2446/2127
f 1448/2445/2126 1449/2446/2127 1507/2447/2128
f 1507/2447/2128 1449/2446/2127 1506/2448/2129
f 1507/2447/2128 1506/2448/2129 902/2449/2130
f 902/2449/2130 1506/2448/2129 903/2450/2131
f 902/2449/2130 903/2450/2131 947/2451/2132
f 947/2451/2132 903/2450/2131 946/2452/2133
f 947/2451/2132 946/2452/2133 977/2453/2134
f 977/2453/2134 946/2452/2133 976/2454/2135
f 977/2453/2134 976/2454/2135 1006/2455/2136
f 1006/2455/2136 976/2454/2135 1005/2456/2137
f 1006/2455/2136 1005/2456/2137 1034/2457/2138
f 1034/2457/2138 1005/2456/2137 1033/2458/2139
f 1034/2457/2138 1033/2458/2139 1062/2459/2140
f 1062/2459/2140 1033/2458/2139 1061/2460/2141
f 1062/2459/2140 1061/2460/2141 1090/2461/2142
f 1090/2461/2142 1061/2460/2141 1089/2462/2143
f 1090/2461/2142 1089/2462/2143 1118/2463/2144
f 1118/2463/2144 1089/2462/2143 1117/2464/2145
f 1118/2463/2144 1117/2464/2145 1146/2465/2146
f 1146/2465/2146 1117/2464/2145 1145/2466/2147
f 1146/2465/2146 1145/2466/2147 1174/1684/1562
f 1174/1684/1562 1145/2466/2147 1173/1682/1560
f 734/2322/2003 735/2467/2148 1414/2324/2005
f 1414/2324/2005 735/2467/2148 1413/2468/2149
f 1414/2324/2005 1413/2468/2149 1644/2326/2007
f 1644/2326/2007 1413/2468/2149 1643/2469/2150
f 1644/2326/2007 1643/2469/2150 1690/2328/2009
f 1690/2328/2009 1643/2469/2150 1689/2470/2151
f 1690/2328/2009 1689/2470/2151 1736/2330/2011
f 1736/2330/2011 1689/2470/2151 1735/2471/2152
f 1736/2330/2011 1735/2471/2152 1782/2332/2013
f 1782/2332/2013 1735/2471/2152 1781/2472/2153
f 1782/2332/2013 1781/2472/2153 1828/2334/2015
f 1828/2334/2015 1781/2472/2153 1827/2473/2154
f 1828/2334/2015 1827/2473/2154 1874/2336/2017
f 1874/2336/2017 1827/2473/2154 1873/2474/2155
f 1874/2336/2017 1873/2474/2155 1920/2338/2019
f 1920/2338/2019 1873/2474/2155 1919/2475/2156
f 1920/2338/2019 1919/2475/2156 1966/2340/2021
f 1966/2340/2021 1919/2475/2156 1965/2476/2157
f 1966/2340/2021 1965/2476/2157 2012/2342/2023
f 2012/2342/2023 1965/2476/2157 2011/2477/2158
f 2012/2342/2023 2011/2477/2158 2058/2344/2025
f 2058/2344/2025 2011/2477/2158 2057/2478/2159
f 2058/2344/2025 2057/2478/2159 2104/2346/2027
f 2104/2346/2027 2057/2478/2159 2103/2479/2160
f 2104/2346/2027 2103/2479/2160 2150/2348/2029
f 2150/2348/2029 2103/2479/2160 2149/2480/2161
f 2150/2348/2029 2149/2480/2161 2196/2350/2031
f 2196/2350/2031 2149/2480/2161 2195/2481/2162
f 2196/2350/2031 2195/2481/2162 2242/2352/2033
f 2242/2352/2033 2195/2481/2162 2241/2482/2163
f 2242/2352/2033 2241/2482/2163 2288/2354/2035
f 2288/2354/2035 2241/2482/2163 2287/2483/2164
f 2288/2354/2035 2287/2483/2164 2334/2356/2037
f 2334/2356/2037 2287/2483/2164 2333/2484/2165
f 2334/2356/2037 2333/2484/2165 2380/2358/2039
f 2380/2358/2039 2333/2484/2165 2379/2485/2166
f 2380/2358/2039 2379/2485/2166 2426/2360/2041
f 2426/2360/2041 2379/2485/2166 2425/2486/2167
f 2426/2360/2041 2425/2486/2167 2472/2362/2043
f 2472/2362/2043 2425/2486/2167 2471/2487/2168
f 2472/2362/2043 2471/2487/2168 2518/2364/2045
f 2518/2364/2045 2471/2487/2168 2517/2488/2169
f 2518/2364/2045 2517/2488/2169 2564/2366/2047
f 2564/2366/2047 2517/2488/2169 2563/2489/2170
f 2564/2366/2047 2563/2489/2170 2610/2368/2049
f 2610/2368/2049 2563/2489/2170 2609/2490/2171
f 2610/2368/2049 2609/2490/2171 2656/2370/2051
f 2656/2370/2051 2609/2490/2171 2655/2491/2172
f 2656/2370/2051 2655/2491/2172 2702/2372/2053
f 2702/2372/2053 2655/2491/2172 2701/2492/2173
f 2702/2372/2053 2701/2492/2173 2748/2374/2055
f 2748/2374/2055 2701/2492/2173 2747/2493/2174
f 2748/2374/2055 2747/2493/2174 2794/2376/2057
f 2794/2376/2057 2747/2493/2174 2793/2494/2175
f 2794/2376/2057 2793/2494/2175 2840/2378/2059
f 2840/2378/2059 2793/2494/2175 2839/2495/2176
f 2840/2378/2059 2839/2495/2176 2886/2380/2061
f 2886/2380/2061 2839/2495/2176 2885/2496/2177
f 2886/2380/2061 2885/2496/2177 2932/2382/2063
f 2932/2382/2063 2885/2496/2177 2931/2497/2178
f 2932/2382/2063 2931/2497/2178 1541/2384/2065
f 1541/2384/2065 2931/2497/2178 1542/2498/2179
f 1541/2384/2065 1542/2498/2179 1598/2386/2067
f 1598/2386/2067 1542/2498/2179 1597/2499/2180
f 1598/2386/2067 1597/2499/2180 2978/2388/2069
f 2978/2388/2069 1597/2499/2180 2977/2500/2181
f 2978/2388/2069 2977/2500/2181 3024/2390/2071
f 3024/2390/2071 2977/2500/2181 3023/2501/2182
f 3024/2390/2071 3023/2501/2182 3070/2392/2073
f 3070/2392/2073 3023/2501/2182 3069/2502/2183
f 3070/2392/2073 3069/2502/2183 3116/2394/2075
f 3116/2394/2075 3069/2502/2183 3115/2503/2184
f 3116/2394/2075 3115/2503/2184 3162/2396/2077
f 3162/2396/2077 3115/2503/2184 3161/2504/2185
f 3162/2396/2077 3161/2504/2185 3208/2398/2079
f 3208/2398/2079 3161/2504/2185 3207/2505/2186
f 3208/2398/2079 3207/2505/2186 3254/2400/2081
f 3254/2400/2081 3207/2505/2186 3253/2506/2187
f 3254/2400/2081 3253/2506/2187 3300/2402/2083
f 3300/2402/2083 3253/2506/2187 3299/2507/2188
f 3300/2402/2083 3299/2507/2188 3346/2404/2085
f 3346/2404/2085 3299/2507/2188 3345/2508/2189
f 3346/2404/2085 3345/2508/2189 3392/2406/2087
f 3392/2406/2087 3345/2508/2189 3391/2509/2190
f 3392/2406/2087 3391/2509/2190 3438/2408/2089
f 3438/2408/2089 3391/2509/2190 3437/2510/2191
f 3438/2408/2089 3437/2510/2191 3484/2410/2091
f 3484/2410/2091 3437/2510/2191 3483/2511/2192
f 3484/2410/2091 3483/2511/2192 3530/2412/2093
f 3530/2412/2093 3483/2511/2192 3529/2512/2193
f 3530/2412/2093 3529/2512/2193 3576/2414/2095
f 3576/2414/2095 3529/2512/2193 3575/2513/2194
f 3576/2414/2095 3575/2513/2194 3622/2416/2097
f 3622/2416/2097 3575/2513/2194 3621/2514/2195
f 3622/2416/2097 3621/2514/2195 3668/2418/2099
f 3668/2418/2099 3621/2514/2195 3667/2515/2196
f 3668/2418/2099 3667/2515/2196 3714/2420/2101
f 3714/2420/2101 3667/2515/2196 3713/2516/2197
f 3714/2420/2101 3713/2516/2197 3760/2422/2103
f 3760/2422/2103 3713/2516/2197 3759/2517/2198
f 3760/2422/2103 3759/2517/2198 3806/2424/2105
f 3806/2424/2105 3759/2517/2198 3805/2518/2199
f 3806/2424/2105 3805/2518/2199 3852/2426/2107
f 3852/2426/2107 3805/2518/2199 3851/2519/2200
f 3852/2426/2107 3851/2519/2200 3898/2428/2109
f 3898/2428/2109 3851/2519/2200 3897/2520/2201
f 3898/2428/2109 3897/2520/2201 3944/2430/2111
f 3944/2430/2111 3897/2520/2201 3943/2521/2202
f 3944/2430/2111 3943/2521/2202 3990/2432/2113
f 3990/2432/2113 3943/2521/2202 3989/2522/2203
f 3990/2432/2113 3989/2522/2203 4036/2434/2115
f 4036/2434/2115 3989/2522/2203 4035/2523/2204
f 4036/2434/2115 4035/2523/2204 4082/2436/2117
f 4082/2436/2117 4035/2523/2204 4081/2524/2205
f 4082/2436/2117 4081/2524/2205 4128/2438/2119
f 4128/2438/2119 4081/2524/2205 4127/2525/2206
f 4128/2438/2119 4127/2525/2206 4174/2440/2121
f 4174/2440/2121 4127/2525/2206 4173/2526/2207
f 4174/2440/2121 4173/2526/2207 4220/2442/2123
f 4220/2442/2123 4173/2526/2207 4219/2527/2208
f 4220/2442/2123 4219/2527/2208 4266/2444/2125
f 4266/2444/2125 4219/2527/2208 4265/2528/2209
f 4266/2444/2125 4265/2528/2209 1449/2446/2127
f 1449/2446/2127 4265/2528/2209 1450/2529/2210
f 1449/2446/2127 1450/2529/2210 1506/2448/2129
f 1506/2448/2129 1450/2529/2210 1505/2530/2211
f 1506/2448/2129 1505/2530/2211 903/2450/2131
f 903/2450/2131 1505/2530/2211 904/2531/2212
f 903/2450/2131 904/2531/2212 946/2452/2133
f 946/2452/2133 904/2531/2212 945/2532/2213
f 946/2452/2133 945/2532/2213 976/2454/2135
f 976/2454/2135 945/2532/2213 975/2533/2214
f 976/2454/2135 975/2533/2214 1005/2456/2137
f 1005/2456/2137 975/2533/2214 1004/2534/2215
f 1005/2456/2137 1004/2534/2215 1033/2458/2139
f 1033/2458/2139 1004/2534/2215 1032/2535/2216
f 1033/2458/2139 1032/2535/2216 1061/2460/2141
f 1061/2460/2141 1032/2535/2216 1060/2536/2217
f 1061/2460/2141 1060/2536/2217 1089/2462/2143
f 1089/2462/2143 1060/2536/2217 1088/2537/2218
f 1089/2462/2143 1088/2537/2218 1117/2464/2145
f 1117/2464/2145 1088/2537/2218 1116/2538/2219
f 1117/2464/2145 1116/2538/2219 1145/2466/2147
f 1145/2466/2147 1116/2538/2219 1144/2539/2220
f 1145/2466/2147 1144/2539/2220 1173/1682/1560
f 1173/1682/1560 1144/2539/2220 1172/1680/1558
f 733/869/758 1357/867/756 734/2540/2003
f 734/2540/2003 1357/867/756 1358/2541/2221
f 734/2540/2003 1358/2541/2221 735/2542/2148
f 735/2542/2148 1358/2541/2221 1359/2543/2222
f 735/2542/2148 1359/2543/2222 736/2544/2223
f 736/2544/2223 1359/2543/2222 1360/2545/2224
f 736/2544/2223 1360/2545/2224 737/2546/2225
f 737/2546/2225 1360/2545/2224 1361/2547/2226
f 737/2546/2225 1361/2547/2226 738/2548/2227
f 738/2548/2227 1361/2547/2226 1362/2549/2228
f 738/2548/2227 1362/2549/2228 739/2550/2229
f 739/2550/2229 1362/2549/2228 1363/2551/2230
f 739/2550/2229 1363/2551/2230 740/2552/2231
f 740/2552/2231 1363/2551/2230 1364/2553/2232
f 740/2552/2231 1364/2553/2232 741/2554/2233
f 741/2554/2233 1364/2553/2232 1365/2555/2234
f 741/2554/2233 1365/2555/2234 742/2556/2235
f 742/2556/2235 1365/2555/2234 1366/2557/2236
f 742/2556/2235 1366/2557/2236 743/2558/2237
f 743/2558/2237 1366/2557/2236 1367/1623/1501
f 743/2558/2237 1367/1623/1501 744/1621/1499
f 735/2467/2148 736/2559/2223 1413/2468/2149
f 1413/2468/2149 736/2559/2223 1412/2560/2238
f 1413/2468/2149 1412/2560/2238 1643/2469/2150
f 1643/2469/2150 1412/2560/2238 1642/2561/2239
f 1643/2469/2150 1642/2561/2239 1689/2470/2151
f 1689/2470/2151 1642/2561/2239 1688/2562/2240
f 1689/2470/2151 1688/2562/2240 1735/2471/2152
f 1735/2471/2152 1688/2562/2240 1734/2563/2241
f 1735/2471/2152 1734/2563/2241 1781/2472/2153
f 1781/2472/2153 1734/2563/2241 1780/2564/2242
f 1781/2472/2153 1780/2564/2242 1827/2473/2154
f 1827/2473/2154 1780/2564/2242 1826/2565/2243
f 1827/2473/2154 1826/2565/2243 1873/2474/2155
f 1873/2474/2155 1826/2565/2243 1872/2566/2244
f 1873/2474/2155 1872/2566/2244 1919/2475/2156
f 1919/2475/2156 1872/2566/2244 1918/2567/2245
f 1919/2475/2156 1918/2567/2245 1965/2476/2157
f 1965/2476/2157 1918/2567/2245 1964/2568/2246
f 1965/2476/2157 1964/2568/2246 2011/2477/2158
f 2011/2477/2158 1964/2568/2246 2010/2569/2247
f 2011/2477/2158 2010/2569/2247 2057/2478/2159
f 2057/2478/2159 2010/2569/2247 2056/2570/2248
f 2057/2478/2159 2056/2570/2248 2103/2479/2160
f 2103/2479/2160 2056/2570/2248 2102/2571/2249
f 2103/2479/2160 2102/2571/2249 2149/2480/2161
f 2149/2480/2161 2102/2571/2249 2148/2572/2250
f 2149/2480/2161 2148/2572/2250 2195/2481/2162
f 2195/2481/2162 2148/2572/2250 2194/2573/2251
f 2195/2481/2162 2194/2573/2251 2241/2482/2163
f 2241/2482/2163 2194/2573/2251 2240/2574/2252
f 2241/2482/2163 2240/2574/2252 2287/2483/2164
f 2287/2483/2164 2240/2574/2252 2286/2575/2253
f 2287/2483/2164 2286/2575/2253 2333/2484/2165
f 2333/2484/2165 2286/2575/2253 2332/2576/2254
f 2333/2484/2165 2332/2576/2254 2379/2485/2166
f 2379/2485/2166 2332/2576/2254 2378/2577/2255
f 2379/2485/2166 2378/2577/2255 2425/2486/2167
f 2425/2486/2167 2378/2577/2255 2424/2578/2256
f 2425/2486/2167 2424/2578/2256 2471/2487/2168
f 2471/2487/2168 2424/2578/2256 2470/2579/2257
f 2471/2487/2168 2470/2579/2257 2517/2488/2169
f 2517/2488/2169 2470/2579/2257 2516/2580/2258
f 2517/2488/2169 2516/2580/2258 2563/2489/2170
f 2563/2489/2170 2516/2580/2258 2562/2581/2259
f 2563/2489/2170 2562/2581/2259 2609/2490/2171
f 2609/2490/2171 2562/2581/2259 2608/2582/2260
f 2609/2490/2171 2608/2582/2260 2655/2491/2172
f 2655/2491/2172 2608/2582/2260 2654/2583/2261
f 2655/2491/2172 2654/2583/2261 2701/2492/2173
f 2701/2492/2173 2654/2583/2261 2700/2584/2262
f 2701/2492/2173 2700/2584/2262 2747/2493/2174
f 2747/2493/2174 2700/2584/2262 2746/2585/2263
f 2747/2493/2174 2746/2585/2263 2793/2494/2175
f 2793/2494/2175 2746/2585/2263 2792/2586/2264
f 2793/2494/2175 2792/2586/2264 2839/2495/2176
f 2839/2495/2176 2792/2586/2264 2838/2587/2265
f 2839/2495/2176 2838/2587/2265 2885/2496/2177
f 2885/2496/2177 2838/2587/2265 2884/2588/2266
f 2885/2496/2177 2884/2588/2266 2931/2497/2178
f 2931/2497/2178 2884/2588/2266 2930/2589/2267
f 2931/2497/2178 2930/2589/2267 1542/2498/2179
f 1542/2498/2179 2930/2589/2267 1543/2590/2268
f 1542/2498/2179 1543/2590/2268 1597/2499/2180
f 1597/2499/2180 1543/2590/2268 1596/2591/2269
f 1597/2499/2180 1596/2591/2269 2977/2500/2181
f 2977/2500/2181 1596/2591/2269 2976/2592/2270
f 2977/2500/2181 2976/2592/2270 3023/2501/2182
f 3023/2501/2182 2976/2592/2270 3022/2593/2271
f 3023/2501/2182 3022/2593/2271 3069/2502/2183
f 3069/2502/2183 3022/2593/2271 3068/2594/2272
f 3069/2502/2183 3068/2594/2272 3115/2503/2184
f 3115/2503/2184 3068/2594/2272 3114/2595/2273
f 3115/2503/2184 3114/2595/2273 3161/2504/2185
f 3161/2504/2185 3114/2595/2273 3160/2596/2274
f 3161/2504/2185 3160/2596/2274 3207/2505/2186
f 3207/2505/2186 3160/2596/2274 3206/2597/2275
f 3207/2505/2186 3206/2597/2275 3253/2506/2187
f 3253/2506/2187 3206/2597/2275 3252/2598/2276
f 3253/2506/2187 3252/2598/2276 3299/2507/2188
f 3299/2507/2188 3252/2598/2276 3298/2599/2277
f 3299/2507/2188 3298/2599/2277 3345/2508/2189
f 3345/2508/2189 3298/2599/2277 3344/2600/2278
f 3345/2508/2189 3344/2600/2278 3391/2509/2190
f 3391/2509/2190 3344/2600/2278 3390/2601/2279
f 3391/2509/2190 3390/2601/2279 3437/2510/2191
f 3437/2510/2191 3390/2601/2279 3436/2602/2280
f 3437/2510/2191 3436/2602/2280 3483/2511/2192
f 3483/2511/2192 3436/2602/2280 3482/2603/2281
f 3483/2511/2192 3482/2603/2281 3529/2512/2193
f 3529/2512/2193 3482/2603/2281 3528/2604/2282
f 3529/2512/2193 3528/2604/2282 3575/2513/2194
f 3575/2513/2194 3528/2604/2282 3574/2605/2283
f 3575/2513/2194 3574/2605/2283 3621/2514/2195
f 3621/2514/2195 3574/2605/2283 3620/2606/2284
f 3621/2514/2195 3620/2606/2284 3667/2515/2196
f 3667/2515/2196 3620/2606/2284 3666/2607/2285
f 3667/2515/2196 3666/2607/2285 3713/2516/2197
f 3713/2516/2197 3666/2607/2285 3712/2608/2286
f 3713/2516/2197 3712/2608/2286 3759/2517/2198
f 3759/2517/2198 3712/2608/2286 3758/2609/2287
f 3759/2517/2198 3758/2609/2287 3805/2518/2199
f 3805/2518/2199 3758/2609/2287 3804/2610/2288
f 3805/2518/2199 3804/2610/2288 3851/2519/2200
f 3851/2519/2200 3804/2610/2288 3850/2611/2289
f 3851/2519/2200 3850/2611/2289 3897/2520/2201
f 3897/2520/2201 3850/2611/2289 3896/2612/2290
f 3897/2520/2201 3896/2612/2290 3943/2521/2202
f 3943/2521/2202 3896/2612/2290 3942/2613/2291
f 3943/2521/2202 3942/2613/2291 3989/2522/2203
f 3989/2522/2203 3942/2613/2291 3988/2614/2292
f 3989/2522/2203 3988/2614/2292 4035/2523/2204
f 4035/2523/2204 3988/2614/2292 4034/2615/2293
f 4035/2523/2204 4034/2615/2293 4081/2524/2205
f 4081/2524/2205 4034/2615/2293 4080/2616/2294
f 4081/2524/2205 4080/2616/2294 4127/2525/2206
f 4127/2525/2206 4080/2616/2294 4126/2617/2295
f 4127/2525/2206 4126/2617/2295 4173/2526/2207
f 4173/2526/2207 4126/2617/2295 4172/2618/2296
f 4173/2526/2207 4172/2618/2296 4219/2527/2208
f 4219/2527/2208 4172/2618/2296 4218/2619/2297
f 4219/2527/2208 4218/2619/2297 4265/2528/2209
f 4265/2528/2209 4218/2619/2297 4264/2620/2298
f 4265/2528/2209 4264/2620/2298 1450/2529/2210
f 1450/2529/2210 4264/2620/2298 1451/2621/2299
f 1450/2529/2210 1451/2621/2299 1505/2530/2211
f 1505/2530/2211 1451/2621/2299 1504/2622/2300
f 1505/2530/2211 1504/2622/2300 904/2531/2212
f 904/2531/2212 1504/2622/2300 905/2623/2301
f 904/2531/2212 905/2623/2301 945/2532/2213
f 945/2532/2213 905/2623/2301 944/2624/2302
f 945/2532/2213 944/2624/2302 975/2533/2214
f 975/2533/2214 944/2624/2302 974/2625/2303
f 975/2533/2214 974/2625/2303 1004/2534/2215
f 1004/2534/2215 974/2625/2303 1003/2626/2304
f 1004/2534/2215 1003/2626/2304 1032/2535/2216
f 1032/2535/2216 1003/2626/2304 1031/2627/2305
f 1032/2535/2216 1031/2627/2305 1060/2536/2217
f 1060/2536/2217 1031/2627/2305 1059/2628/2306
f 1060/2536/2217 1059/2628/2306 1088/2537/2218
f 1088/2537/2218 1059/2628/2306 1087/2629/2307
f 1088/2537/2218 1087/2629/2307 1116/2538/2219
f 1116/2538/2219 1087/2629/2307 1115/2630/2308
f 1116/2538/2219 1115/2630/2308 1144/2539/2220
f 1144/2539/2220 1115/2630/2308 1143/2631/2309
f 1144/2539/2220 1143/2631/2309 1172/1680/1558
f 1172/1680/1558 1143/2631/2309 1171/1678/1556
f 736/2559/2223 737/2632/2225 1412/2560/2238
f 1412/2560/2238 737/2632/2225 1411/2633/2310
f 1412/2560/2238 1411/2633/2310 1642/2561/2239
f 1642/2561/2239 1411/2633/2310 1641/2634/2311
f 1642/2561/2239 1641/2634/2311 1688/2562/2240
f 1688/2562/2240 1641/2634/2311 1687/2635/2312
f 1688/2562/2240 1687/2635/2312 1734/2563/2241
f 1734/2563/2241 1687/2635/2312 1733/2636/2313
f 1734/2563/2241 1733/2636/2313 1780/2564/2242
f 1780/2564/2242 1733/2636/2313 1779/2637/2314
f 1780/2564/2242 1779/2637/2314 1826/2565/2243
f 1826/2565/2243 1779/2637/2314 1825/2638/2315
f 1826/2565/2243 1825/2638/2315 1872/2566/2244
f 1872/2566/2244 1825/2638/2315 1871/2639/2316
f 1872/2566/2244 1871/2639/2316 1918/2567/2245
f 1918/2567/2245 1871/2639/2316 1917/2640/2317
f 1918/2567/2245 1917/2640/2317 1964/2568/2246
f 1964/2568/2246 1917/2640/2317 1963/2641/2318
f 1964/2568/2246 1963/2641/2318 2010/2569/2247
f 2010/2569/2247 1963/2641/2318 2009/2642/2319
f 2010/2569/2247 2009/2642/2319 2056/2570/2248
f 2056/2570/2248 2009/2642/2319 2055/2643/2320
f 2056/2570/2248 2055/2643/2320 2102/2571/2249
f 2102/2571/2249 2055/2643/2320 2101/2644/2321
f 2102/2571/2249 2101/2644/2321 2148/2572/2250
f 2148/2572/2250 2101/2644/2321 2147/2645/2322
f 2148/2572/2250 2147/2645/2322 2194/2573/2251
f 2194/2573/2251 2147/2645/2322 2193/2646/2323
f 2194/2573/2251 2193/2646/2323 2240/2574/2252
f 2240/2574/2252 2193/2646/2323 2239/2647/2324
f 2240/2574/2252 2239/2647/2324 2286/2575/2253
f 2286/2575/2253 2239/2647/2324 2285/2648/2325
f 2286/2575/2253 2285/2648/2325 2332/2576/2254
f 2332/2576/2254 2285/2648/2325 2331/2649/2326
f 2332/2576/2254 2331/2649/2326 2378/2577/2255
f 2378/2577/2255 2331/2649/2326 2377/2650/2327
f 2378/2577/2255 2377/2650/2327 2424/2578/2256
f 2424/2578/2256 2377/2650/2327 2423/2651/2328
f 2424/2578/2256 2423/2651/2328 2470/2579/2257
f 2470/2579/2257 2423/2651/2328 2469/2652/2329
f 2470/2579/2257 2469/2652/2329 2516/2580/2258
f 2516/2580/2258 2469/2652/2329 2515/2653/2330
f 2516/2580/2258 2515/2653/2330 2562/2581/2259
f 2562/2581/2259 2515/2653/2330 2561/2654/2331
f 2562/2581/2259 2561/2654/2331 2608/2582/2260
f 2608/2582/2260 2561/2654/2331 2607/2655/2332
f 2608/2582/2260 2607/2655/2332 2654/2583/2261
f 2654/2583/2261 2607/2655/2332 2653/2656/2333
f 2654/2583/2261 2653/2656/2333 2700/2584/2262
f 2700/2584/2262 2653/2656/2333 2699/2657/2334
f 2700/2584/2262 2699/2657/2334 2746/2585/2263
f 2746/2585/2263 2699/2657/2334 2745/2658/2335
f 2746/2585/2263 2745/2658/2335 2792/2586/2264
f 2792/2586/2264 2745/2658/2335 2791/2659/2336
f 2792/2586/2264 2791/2659/2336 2838/2587/2265
f 2838/2587/2265 2791/2659/2336 2837/2660/2337
f 2838/2587/2265 2837/2660/2337 2884/2588/2266
f 2884/2588/2266 2837/2660/2337 2883/2661/2338
f 2884/2588/2266 2883/2661/2338 2930/2589/2267
f 2930/2589/2267 2883/2661/2338 2929/2662/2339
f 2930/2589/2267 2929/2662/2339 1543/2590/2268
f 1543/2590/2268 2929/2662/2339 1544/2663/2340
f 1543/2590/2268 1544/2663/2340 1596/2591/2269
f 1596/2591/2269 1544/2663/2340 1595/2664/2341
f 1596/2591/2269 1595/2664/2341 2976/2592/2270
f 2976/2592/2270 1595/2664/2341 2975/2665/2342
f 2976/2592/2270 2975/2665/2342 3022/2593/2271
f 3022/2593/2271 2975/2665/2342 3021/2666/2343
f 3022/2593/2271 3021/2666/2343 3068/2594/2272
f 3068/2594/2272 3021/2666/2343 3067/2667/2344
f 3068/2594/2272 3067/2667/2344 3114/2595/2273
f 3114/2595/2273 3067/2667/2344 3113/2668/2345
f 3114/2595/2273 3113/2668/2345 3160/2596/2274
f 3160/2596/2274 3113/2668/2345 3159/2669/2346
f 3160/2596/2274 3159/2669/2346 3206/2597/2275
f 3206/2597/2275 3159/2669/2346 3205/2670/2347
f 3206/2597/2275 3205/2670/2347 3252/2598/2276
f 3252/2598/2276 3205/2670/2347 3251/2671/2348
f 3252/2598/2276 3251/2671/2348 3298/2599/2277
f 3298/2599/2277 3251/2671/2348 3297/2672/2349
f 3298/2599/2277 3297/2672/2349 3344/2600/2278
f 3344/2600/2278 3297/2672/2349 3343/2673/2350
f 3344/2600/2278 3343/2673/2350 3390/2601/2279
f 3390/2601/2279 3343/2673/2350 3389/2674/2351
f 3390/2601/2279 3389/2674/2351 3436/2602/2280
f 3436/2602/2280 3389/2674/2351 3435/2675/2352
f 3436/2602/2280 3435/2675/2352 3482/2603/2281
f 3482/2603/2281 3435/2675/2352 3481/2676/2353
f 3482/2603/2281 3481/2676/2353 3528/2604/2282
f 3528/2604/2282 3481/2676/2353 3527/2677/2354
f 3528/2604/2282 3527/2677/2354 3574/2605/2283
f 3574/2605/2283 3527/2677/2354 3573/2678/2355
f 3574/2605/2283 3573/2678/2355 3620/2606/2284
f 3620/2606/2284 3573/2678/2355 3619/2679/2356
f 3620/2606/2284 3619/2679/2356 3666/2607/2285
f 3666/2607/2285 3619/2679/2356 3665/2680/2357
f 3666/2607/2285 3665/2680/2357 3712/2608/2286
f 3712/2608/2286 3665/2680/2357 3711/2681/2358
f 3712/2608/2286 3711/2681/2358 3758/2609/2287
f 3758/2609/2287 3711/2681/2358 3757/2682/2359
f 3758/2609/2287 3757/2682/2359 3804/2610/2288
f 3804/2610/2288 3757/2682/2359 3803/2683/2360
f 3804/2610/2288 3803/2683/2360 3850/2611/2289
f 3850/2611/2289 3803/2683/2360 3849/2684/2361
f 3850/2611/2289 3849/2684/2361 3896/2612/2290
f 3896/2612/2290 3849/2684/2361 3895/2685/2362
f 3896/2612/2290 3895/2685/2362 3942/2613/2291
f 3942/2613/2291 3895/2685/2362 3941/2686/2363
f 3942/2613/2291 3941/2686/2363 3988/2614/2292
f 3988/2614/2292 3941/2686/2363 3987/2687/2364
f 3988/2614/2292 3987/2687/2364 4034/2615/2293
f 4034/2615/2293 3987/2687/2364 4033/2688/2365
f 4034/2615/2293 4033/2688/2365 4080/2616/2294
f 4080/2616/2294 4033/2688/2365 4079/2689/2366
f 4080/2616/2294 4079/2689/2366 4126/2617/2295
f 4126/2617/2295 4079/2689/2366 4125/2690/2367
f 4126/2617/2295 4125/2690/2367 4172/2618/2296
f 4172/2618/2296 4125/2690/2367 4171/2691/2368
f 4172/2618/2296 4171/2691/2368 4218/2619/2297
f 4218/2619/2297 4171/2691/2368 4217/2692/2369
f 4218/2619/2297 4217/2692/2369 4264/2620/2298
f 4264/2620/2298 4217/2692/2369 4263/2693/2370
f 4264/2620/2298 4263/2693/2370 1451/2621/2299
f 1451/2621/2299 4263/2693/2370 1452/2694/2371
f 1451/2621/2299 1452/2694/2371 1504/2622/2300
f 1504/2622/2300 1452/2694/2371 1503/2695/2372
f 1504/2622/2300 1503/2695/2372 905/2623/2301
f 905/2623/2301 1503/2695/2372 906/2696/2373
f 905/2623/2301 906/2696/2373 944/2624/2302
f 944/2624/2302 906/2696/2373 943/2697/2374
f 944/2624/2302 943/2697/2374 974/2625/2303
f 974/2625/2303 943/2697/2374 973/2698/2375
f 974/2625/2303 973/2698/2375 1003/2626/2304
f 1003/2626/2304 973/2698/2375 1002/2699/2376
f 1003/2626/2304 1002/2699/2376 1031/2627/2305
f 1031/2627/2305 1002/2699/2376 1030/2700/2377
f 1031/2627/2305 1030/2700/2377 1059/2628/2306
f 1059/2628/2306 1030/2700/2377 1058/2701/2378
f 1059/2628/2306 1058/2701/2378 1087/2629/2307
f 1087/2629/2307 1058/2701/2378 1086/2702/2379
f 1087/2629/2307 1086/2702/2379 1115/2630/2308
f 1115/2630/2308 1086/2702/2379 1114/2703/2380
f 1115/2630/2308 1114/2703/2380 1143/2631/2309
f 1143/2631/2309 1114/2703/2380 1142/2704/2381
f 1143/2631/2309 1142/2704/2381 1171/1678/1556
f 1171/1678/1556 1142/2704/2381 1170/1676/1554
f 737/2632/2225 738/2705/2227 1411/2633/2310
f 1411/2633/2310 738/2705/2227 1410/2706/2382
f 1411/2633/2310 1410/2706/2382 1641/2634/2311
f 1641/2634/2311 1410/2706/2382 1640/2707/2383
f 1641/2634/2311 1640/2707/2383 1687/2635/2312
f 1687/2635/2312 1640/2707/2383 1686/2708/2384
f 1687/2635/2312 1686/2708/2384 1733/2636/2313
f 1733/2636/2313 1686/2708/2384 1732/2709/2385
f 1733/2636/2313 1732/2709/2385 1779/2637/2314
f 1779/2637/2314 1732/2709/2385 1778/2710/2386
f 1779/2637/2314 1778/2710/2386 1825/2638/2315
f 1825/2638/2315 1778/2710/2386 1824/2711/2387
f 1825/2638/2315 1824/2711/2387 1871/2639/2316
f 1871/2639/2316 1824/2711/2387 1870/2712/2388
f 1871/2639/2316 1870/2712/2388 1917/2640/2317
f 1917/2640/2317 1870/2712/2388 1916/2713/2389
f 1917/2640/2317 1916/2713/2389 1963/2641/2318
f 1963/2641/2318 1916/2713/2389 1962/2714/2390
f 1963/2641/2318 1962/2714/2390 2009/2642/2319
f 2009/2642/2319 1962/2714/2390 2008/2715/2391
f 2009/2642/2319 2008/2715/2391 2055/2643/2320
f 2055/2643/2320 2008/2715/2391 2054/2716/2392
f 2055/2643/2320 2054/2716/2392 2101/2644/2321
f 2101/2644/2321 2054/2716/2392 2100/2717/2393
f 2101/2644/2321 2100/2717/2393 2147/2645/2322
f 2147/2645/2322 2100/2717/2393 2146/2718/2394
f 2147/2645/2322 2146/2718/2394 2193/2646/2323
f 2193/2646/2323 2146/2718/2394 2192/2719/2395
f 2193/2646/2323 2192/2719/2395 2239/2647/2324
f 2239/2647/2324 2192/2719/2395 2238/2720/2396
f 2239/2647/2324 2238/2720/2396 2285/2648/2325
f 2285/2648/2325 2238/2720/2396 2284/2721/2397
f 2285/2648/2325 2284/2721/2397 2331/2649/2326
f 2331/2649/2326 2284/2721/2397 2330/2722/2398
f 2331/2649/2326 2330/2722/2398 2377/2650/2327
f 2377/2650/2327 2330/2722/2398 2376/2723/2399
f 2377/2650/2327 2376/2723/2399 2423/2651/2328
f 2423/2651/2328 2376/2723/2399 2422/2724/2400
f 2423/2651/2328 2422/2724/2400 2469/2652/2329
f 2469/2652/2329 2422/2724/2400 2468/2725/2401
f 2469/2652/2329 2468/2725/2401 2515/2653/2330
f 2515/2653/2330 2468/2725/2401 2514/2726/2402
f 2515/2653/2330 2514/2726/2402 2561/2654/2331
f 2561/2654/2331 2514/2726/2402 2560/2727/2403
f 2561/2654/2331 2560/2727/2403 2607/2655/2332
f 2607/2655/2332 2560/2727/2403 2606/2728/2404
f 2607/2655/2332 2606/2728/2404 2653/2656/2333
f 2653/2656/2333 2606/2728/2404 2652/2729/2405
f 2653/2656/2333 2652/2729/2405 2699/2657/2334
f 2699/2657/2334 2652/2729/2405 2698/2730/2406
f 2699/2657/2334 2698/2730/2406 2745/2658/2335
f 2745/2658/2335 2698/2730/2406 2744/2731/2407
f 2745/2658/2335 2744/2731/2407 2791/2659/2336
f 2791/2659/2336 2744/2731/2407 2790/2732/2408
f 2791/2659/2336 2790/2732/2408 2837/2660/2337
f 2837/2660/2337 2790/2732/2408 2836/2733/2409
f 2837/2660/2337 2836/2733/2409 2883/2661/2338
f 2883/2661/2338 2836/2733/2409 2882/2734/2410
f 2883/2661/2338 2882/2734/2410 2929/2662/2339
f 2929/2662/2339 2882/2734/2410 2928/2735/2411
f 2929/2662/2339 2928/2735/2411 1544/2663/2340
f 1544/2663/2340 2928/2735/2411 1545/2736/2412
f 1544/2663/2340 1545/2736/2412 1595/2664/2341
f 1595/2664/2341 1545/2736/2412 1594/2737/2413
f 1595/2664/2341 1594/2737/2413 2975/2665/2342
f 2975/2665/2342 1594/2737/2413 2974/2738/2414
f 2975/2665/2342 2974/2738/2414 3021/2666/2343
f 3021/2666/2343 2974/2738/2414 3020/2739/2415
f 3021/2666/2343 3020/2739/2415 3067/2667/2344
f 3067/2667/2344 3020/2739/2415 3066/2740/2416
f 3067/2667/2344 3066/2740/2416 3113/2668/2345
f 3113/2668/2345 3066/2740/2416 3112/2741/2417
f 3113/2668/2345 3112/2741/2417 3159/2669/2346
f 3159/2669/2346 3112/2741/2417 3158/2742/2418
f 3159/2669/2346 3158/2742/2418 3205/2670/2347
f 3205/2670/2347 3158/2742/2418 3204/2743/2419
f 3205/2670/2347 3204/2743/2419 3251/2671/2348
f 3251/2671/2348 3204/2743/2419 3250/2744/2420
f 3251/2671/2348 3250/2744/2420 3297/2672/2349
f 3297/2672/2349 3250/2744/2420 3296/2745/2421
f 3297/2672/2349 3296/2745/2421 3343/2673/2350
f 3343/2673/2350 3296/2745/2421 3342/2746/2422
f 3343/2673/2350 3342/2746/2422 3389/2674/2351
f 3389/2674/2351 3342/2746/2422 3388/2747/2423
f 3389/2674/2351 3388/2747/2423 3435/2675/2352
f 3435/2675/2352 3388/2747/2423 3434/2748/2424
f 3435/2675/2352 3434/2748/2424 3481/2676/2353
f 3481/2676/2353 3434/2748/2424 3480/2749/2425
f 3481/2676/2353 3480/2749/2425 3527/2677/2354
f 3527/2677/2354 3480/2749/2425 3526/2750/2426
f 3527/2677/2354 3526/2750/2426 3573/2678/2355
f 3573/2678/2355 3526/2750/2426 3572/2751/2427
f 3573/2678/2355 3572/2751/2427 3619/2679/2356
f 3619/2679/2356 3572/2751/2427 3618/2752/2428
f 3619/2679/2356 3618/2752/2428 3665/2680/2357
f 3665/2680/2357 3618/2752/2428 3664/2753/2429
f 3665/2680/2357 3664/2753/2429 3711/2681/2358
f 3711/2681/2358 3664/2753/2429 3710/2754/2430
f 3711/2681/2358 3710/2754/2430 3757/2682/2359
f 3757/2682/2359 3710/2754/2430 3756/2755/2431
f 3757/2682/2359 3756/2755/2431 3803/2683/2360
f 3803/2683/2360 3756/2755/2431 3802/2756/2432
f 3803/2683/2360 3802/2756/2432 3849/2684/2361
f 3849/2684/2361 3802/2756/2432 3848/2757/2433
f 3849/2684/2361 3848/2757/2433 3895/2685/2362
f 3895/2685/2362 3848/2757/2433 3894/2758/2434
f 3895/2685/2362 3894/2758/2434 3941/2686/2363
f 3941/2686/2363 3894/2758/2434 3940/2759/2435
f 3941/2686/2363 3940/2759/2435 3987/2687/2364
f 3987/2687/2364 3940/2759/2435 3986/2760/2436
f 3987/2687/2364 3986/2760/2436 4033/2688/2365
f 4033/2688/2365 3986/2760/2436 4032/2761/2437
f 4033/2688/2365 4032/2761/2437 4079/2689/2366
f 4079/2689/2366 4032/2761/2437 4078/2762/2438
f 4079/2689/2366 4078/2762/2438 4125/2690/2367
f 4125/2690/2367 4078/2762/2438 4124/2763/2439
f 4125/2690/2367 4124/2763/2439 4171/2691/2368
f 4171/2691/2368 4124/2763/2439 4170/2764/2440
f 4171/2691/2368 4170/2764/2440 4217/2692/2369
f 4217/2692/2369 4170/2764/2440 4216/2765/2441
f 4217/2692/2369 4216/2765/2441 4263/2693/2370
f 4263/2693/2370 4216/2765/2441 4262/2766/2442
f 4263/2693/2370 4262/2766/2442 1452/2694/2371
f 1452/2694/2371 4262/2766/2442 1453/2767/2443
f 1452/2694/2371 1453/2767/2443 1503/2695/2372
f 1503/2695/2372 1453/2767/2443 1502/2768/2444
f 1503/2695/2372 1502/2768/2444 906/2696/2373
f 906/2696/2373 1502/2768/2444 907/2769/2445
f 906/2696/2373 907/2769/2445 943/2697/2374
f 943/2697/2374 907/2769/2445 942/2770/2446
f 943/2697/2374 942/2770/2446 973/2698/2375
f 973/2698/2375 942/2770/2446 972/2771/2447
f 973/2698/2375 972/2771/2447 1002/2699/2376
f 1002/2699/2376 972/2771/2447 1001/2772/2448
f 1002/2699/2376 1001/2772/2448 1030/2700/2377
f 1030/2700/2377 1001/2772/2448 1029/2773/2449
f 1030/2700/2377 1029/2773/2449 1058/2701/2378
f 1058/2701/2378 1029/2773/2449 1057/2774/2450
f 1058/2701/2378 1057/2774/2450 1086/2702/2379
f 1086/2702/2379 1057/2774/2450 1085/2775/2451
f 1086/2702/2379 1085/2775/2451 1114/2703/2380
f 1114/2703/2380 1085/2775/2451 1113/2776/2452
f 1114/2703/2380 1113/2776/2452 1142/2704/2381
f 1142/2704/2381 1113/2776/2452 1141/2777/2453
f 1142/2704/2381 1141/2777/2453 1170/1676/1554
f 1170/1676/1554 1141/2777/2453 1169/1674/1552
f 738/2705/2227 739/2778/2229 1410/2706/2382
f 1410/2706/2382 739/2778/2229 1409/2779/2454
f 1410/2706/2382 1409/2779/2454 1640/2707/2383
f 1640/2707/2383 1409/2779/2454 1639/2780/2455
f 1640/2707/2383 1639/2780/2455 1686/2708/2384
f 1686/2708/2384 1639/2780/2455 1685/2781/2456
f 1686/2708/2384 1685/2781/2456 1732/2709/2385
f 1732/2709/2385 1685/2781/2456 1731/2782/2457
f 1732/2709/2385 1731/2782/2457 1778/2710/2386
f 1778/2710/2386 1731/2782/2457 1777/2783/2458
f 1778/2710/2386 1777/2783/2458 1824/2711/2387
f 1824/2711/2387 1777/2783/2458 1823/2784/2459
f 1824/2711/2387 1823/2784/2459 1870/2712/2388
f 1870/2712/2388 1823/2784/2459 1869/2785/2460
f 1870/2712/2388 1869/2785/2460 1916/2713/2389
f 1916/2713/2389 1869/2785/2460 1915/2786/2461
f 1916/2713/2389 1915/2786/2461 1962/2714/2390
f 1962/2714/2390 1915/2786/2461 1961/2787/2462
f 1962/2714/2390 1961/2787/2462 2008/2715/2391
f 2008/2715/2391 1961/2787/2462 2007/2788/2463
f 2008/2715/2391 2007/2788/2463 2054/2716/2392
f 2054/2716/2392 2007/2788/2463 2053/2789/2464
f 2054/2716/2392 2053/2789/2464 2100/2717/2393
f 2100/2717/2393 2053/2789/2464 2099/2790/2465
f 2100/2717/2393 2099/2790/2465 2146/2718/2394
f 2146/2718/2394 2099/2790/2465 2145/2791/2466
f 2146/2718/2394 2145/2791/2466 2192/2719/2395
f 2192/2719/2395 2145/2791/2466 2191/2792/2467
f 2192/2719/2395 2191/2792/2467 2238/2720/2396
f 2238/2720/2396 2191/2792/2467 2237/2793/2468
f 2238/2720/2396 2237/2793/2468 2284/2721/2397
f 2284/2721/2397 2237/2793/2468 2283/2794/2469
f 2284/2721/2397 2283/2794/2469 2330/2722/2398
f 2330/2722/2398 2283/2794/2469 2329/2795/2470
f 2330/2722/2398 2329/2795/2470 2376/2723/2399
f 2376/2723/2399 2329/2795/2470 2375/2796/2471
f 2376/2723/2399 2375/2796/2471 2422/2724/2400
f 2422/2724/2400 2375/2796/2471 2421/2797/2472
f 2422/2724/2400 2421/2797/2472 2468/2725/2401
f 2468/2725/2401 2421/2797/2472 2467/2798/2473
f 2468/2725/2401 2467/2798/2473 2514/2726/2402
f 2514/2726/2402 2467/2798/2473 2513/2799/2474
f 2514/2726/2402 2513/2799/2474 2560/2727/2403
f 2560/2727/2403 2513/2799/2474 2559/2800/2475
f 2560/2727/2403 2559/2800/2475 2606/2728/2404
f 2606/2728/2404 2559/2800/2475 2605/2801/2476
f 2606/2728/2404 2605/2801/2476 2652/2729/2405
f 2652/2729/2405 2605/2801/2476 2651/2802/2477
f 2652/2729/2405 2651/2802/2477 2698/2730/2406
f 2698/2730/2406 2651/2802/2477 2697/2803/2478
f 2698/2730/2406 2697/2803/2478 2744/2731/2407
f 2744/2731/2407 2697/2803/2478 2743/2804/2479
f 2744/2731/2407 2743/2804/2479 2790/2732/2408
f 2790/2732/2408 2743/2804/2479 2789/2805/2480
f 2790/2732/2408 2789/2805/2480 2836/2733/2409
f 2836/2733/2409 2789/2805/2480 2835/2806/2481
f 2836/2733/2409 2835/2806/2481 2882/2734/2410
f 2882/2734/2410 2835/2806/2481 2881/2807/2482
f 2882/2734/2410 2881/2807/2482 2928/2735/2411
f 2928/2735/2411 2881/2807/2482 2927/2808/2483
f 2928/2735/2411 2927/2808/2483 1545/2736/2412
f 1545/2736/2412 2927/2808/2483 1546/2809/2484
f 1545/2736/2412 1546/2809/2484 1594/2737/2413
f 1594/2737/2413 1546/2809/2484 1593/2810/2485
f 1594/2737/2413 1593/2810/2485 2974/2738/2414
f 2974/2738/2414 1593/2810/2485 2973/2811/2486
f 2974/2738/2414 2973/2811/2486 3020/2739/2415
f 3020/2739/2415 2973/2811/2486 3019/2812/2487
f 3020/2739/2415 3019/2812/2487 3066/2740/2416
f 3066/2740/2416 3019/2812/2487 3065/2813/2488
f 3066/2740/2416 3065/2813/2488 3112/2741/2417
f 3112/2741/2417 3065/2813/2488 3111/2814/2489
f 3112/2741/2417 3111/2814/2489 3158/2742/2418
f 3158/2742/2418 3111/2814/2489 3157/2815/2490
f 3158/2742/2418 3157/2815/2490 3204/2743/2419
f 3204/2743/2419 3157/2815/2490 3203/2816/2491
f 3204/2743/2419 3203/2816/2491 3250/2744/2420
f 3250/2744/2420 3203/2816/2491 3249/2817/2492
f 3250/2744/2420 3249/2817/2492 3296/2745/2421
f 3296/2745/2421 3249/2817/2492 3295/2818/2493
f 3296/2745/2421 3295/2818/2493 3342/2746/2422
f 3342/2746/2422 3295/2818/2493 3341/2819/2494
f 3342/2746/2422 3341/2819/2494 3388/2747/2423
f 3388/2747/2423 3341/2819/2494 3387/2820/2495
f 3388/2747/2423 3387/2820/2495 3434/2748/2424
f 3434/2748/2424 3387/2820/2495 3433/2821/2496
f 3434/2748/2424 3433/2821/2496 3480/2749/2425
f 3480/2749/2425 3433/2821/2496 3479/2822/2497
f 3480/2749/2425 3479/2822/2497 3526/2750/2426
f 3526/2750/2426 3479/2822/2497 3525/2823/2498
f 3526/2750/2426 3525/2823/2498 3572/2751/2427
f 3572/2751/2427 3525/2823/2498 3571/2824/2499
f 3572/2751/2427 3571/2824/2499 3618/2752/2428
f 3618/2752/2428 3571/2824/2499 3617/2825/2500
f 3618/2752/2428 3617/2825/2500 3664/2753/2429
f 3664/2753/2429 3617/2825/2500 3663/2826/2501
f 3664/2753/2429 3663/2826/2501 3710/2754/2430
f 3710/2754/2430 3663/2826/2501 3709/2827/2502
f 3710/2754/2430 3709/2827/2502 3756/2755/2431
f 3756/2755/2431 3709/2827/2502 3755/2828/2503
f 3756/2755/2431 3755/2828/2503 3802/2756/2432
f 3802/2756/2432 3755/2828/2503 3801/2829/2504
f 3802/2756/2432 3801/2829/2504 3848/2757/2433
f 3848/2757/2433 3801/2829/2504 3847/2830/2505
f 3848/2757/2433 3847/2830/2505 3894/2758/2434
f 3894/2758/2434 3847/2830/2505 3893/2831/2506
f 3894/2758/2434 3893/2831/2506 3940/2759/2435
f 3940/2759/2435 3893/2831/2506 3939/2832/2507
f 3940/2759/2435 3939/2832/2507 3986/2760/2436
f 3986/2760/2436 3939/2832/2507 3985/2833/2508
f 3986/2760/2436 3985/2833/2508 4032/2761/2437
f 4032/2761/2437 3985/2833/2508 4031/2834/2509
f 4032/2761/2437 4031/2834/2509 4078/2762/2438
f 4078/2762/2438 4031/2834/2509 4077/2835/2510
f 4078/2762/2438 4077/2835/2510 4124/2763/2439
f 4124/2763/2439 4077/2835/2510 4123/2836/2511
f 4124/2763/2439 4123/2836/2511 4170/2764/2440
f 4170/2764/2440 4123/2836/2511 4169/2837/2512
f 4170/2764/2440 4169/2837/2512 4216/2765/2441
f 4216/2765/2441 4169/2837/2512 4215/2838/2513
f 4216/2765/2441 4215/2838/2513 4262/2766/2442
f 4262/2766/2442 4215/2838/2513 4261/2839/2514
f 4262/2766/2442 4261/2839/2514 1453/2767/2443
f 1453/2767/2443 4261/2839/2514 1454/2840/2515
f 1453/2767/2443 1454/2840/2515 1502/2768/2444
f 1502/2768/2444 1454/2840/2515 1501/2841/2516
f 1502/2768/2444 1501/2841/2516 907/2769/2445
f 907/2769/2445 1501/2841/2516 908/2842/2517
f 907/2769/2445 908/2842/2517 942/2770/2446
f 942/2770/2446 908/2842/2517 941/2843/2518
f 942/2770/2446 941/2843/2518 972/2771/2447
f 972/2771/2447 941/2843/2518 971/2844/2519
f 972/2771/2447 971/2844/2519 1001/2772/2448
f 1001/2772/2448 971/2844/2519 1000/2845/2520
f 1001/2772/2448 1000/2845/2520 1029/2773/2449
f 1029/2773/2449 1000/2845/2520 1028/2846/2521
f 1029/2773/2449 1028/2846/2521 1057/2774/2450
f 1057/2774/2450 1028/2846/2521 1056/2847/2522
f 1057/2774/2450 1056/2847/2522 1085/2775/2451
f 1085/2775/2451 1056/2847/2522 1084/2848/2523
f 1085/2775/2451 1084/2848/2523 1113/2776/2452
f 1113/2776/2452 1084/2848/2523 1112/2849/2524
f 1113/2776/2452 1112/2849/2524 1141/2777/2453
f 1141/2777/2453 1112/2849/2524 1140/2850/2525
f 1141/2777/2453 1140/2850/2525 1169/1674/1552
f 1169/1674/1552 1140/2850/2525 1168/1672/1550
f 739/2778/2229 740/2851/2231 1409/2779/2454
f 1409/2779/2454 740/2851/2231 1408/2852/2526
f 1409/2779/2454 1408/2852/2526 1639/2780/2455
f 1639/2780/2455 1408/2852/2526 1638/2853/2527
f 1639/2780/2455 1638/2853/2527 1685/2781/2456
f 1685/2781/2456 1638/2853/2527 1684/2854/2528
f 1685/2781/2456 1684/2854/2528 1731/2782/2457
f 1731/2782/2457 1684/2854/2528 1730/2855/2529
f 1731/2782/2457 1730/2855/2529 1777/2783/2458
f 1777/2783/2458 1730/2855/2529 1776/2856/2530
f 1777/2783/2458 1776/2856/2530 1823/2784/2459
f 1823/2784/2459 1776/2856/2530 1822/2857/2531
f 1823/2784/2459 1822/2857/2531 1869/2785/2460
f 1869/2785/2460 1822/2857/2531 1868/2858/2532
f 1869/2785/2460 1868/2858/2532 1915/2786/2461
f 1915/2786/2461 1868/2858/2532 1914/2859/2533
f 1915/2786/2461 1914/2859/2533 1961/2787/2462
f 1961/2787/2462 1914/2859/2533 1960/2860/2534
f 1961/2787/2462 1960/2860/2534 2007/2788/2463
f 2007/2788/2463 1960/2860/2534 2006/2861/2535
f 2007/2788/2463 2006/2861/2535 2053/2789/2464
f 2053/2789/2464 2006/2861/2535 2052/2862/2536
f 2053/2789/2464 2052/2862/2536 2099/2790/2465
f 2099/2790/2465 2052/2862/2536 2098/2863/2537
f 2099/2790/2465 2098/2863/2537 2145/2791/2466
f 2145/2791/2466 2098/2863/2537 2144/2864/2538
f 2145/2791/2466 2144/2864/2538 2191/2792/2467
f 2191/2792/2467 2144/2864/2538 2190/2865/2539
f 2191/2792/2467 2190/2865/2539 2237/2793/2468
f 2237/2793/2468 2190/2865/2539 2236/2866/2540
f 2237/2793/2468 2236/2866/2540 2283/2794/2469
f 2283/2794/2469 2236/2866/2540 2282/2867/2541
f 2283/2794/2469 2282/2867/2541 2329/2795/2470
f 2329/2795/2470 2282/2867/2541 2328/2868/2542
f 2329/2795/2470 2328/2868/2542 2375/2796/2471
f 2375/2796/2471 2328/2868/2542 2374/2869/2543
f 2375/2796/2471 2374/2869/2543 2421/2797/2472
f 2421/2797/2472 2374/2869/2543 2420/2870/2544
f 2421/2797/2472 2420/2870/2544 2467/2798/2473
f 2467/2798/2473 2420/2870/2544 2466/2871/2545
f 2467/2798/2473 2466/2871/2545 2513/2799/2474
f 2513/2799/2474 2466/2871/2545 2512/2872/2546
f 2513/2799/2474 2512/2872/2546 2559/2800/2475
f 2559/2800/2475 2512/2872/2546 2558/2873/2547
f 2559/2800/2475 2558/2873/2547 2605/2801/2476
f 2605/2801/2476 2558/2873/2547 2604/2874/2548
f 2605/2801/2476 2604/2874/2548 2651/2802/2477
f 2651/2802/2477 2604/2874/2548 2650/2875/2549
f 2651/2802/2477 2650/2875/2549 2697/2803/2478
f 2697/2803/2478 2650/2875/2549 2696/2876/2550
f 2697/2803/2478 2696/2876/2550 2743/2804/2479
f 2743/2804/2479 2696/2876/2550 2742/2877/2551
f 2743/2804/2479 2742/2877/2551 2789/2805/2480
f 2789/2805/2480 2742/2877/2551 2788/2878/2552
f 2789/2805/2480 2788/2878/2552 2835/2806/2481
f 2835/2806/2481 2788/2878/2552 2834/2879/2553
f 2835/2806/2481 2834/2879/2553 2881/2807/2482
f 2881/2807/2482 2834/2879/2553 2880/2880/2554
f 2881/2807/2482 2880/2880/2554 2927/2808/2483
f 2927/2808/2483 2880/2880/2554 2926/2881/2555
f 2927/2808/2483 2926/2881/2555 1546/2809/2484
f 1546/2809/2484 2926/2881/2555 1547/2882/2556
f 1546/2809/2484 1547/2882/2556 1593/2810/2485
f 1593/2810/2485 1547/2882/2556 1592/2883/2557
f 1593/2810/2485 1592/2883/2557 2973/2811/2486
f 2973/2811/2486 1592/2883/2557 2972/2884/2558
f 2973/2811/2486 2972/2884/2558 3019/2812/2487
f 3019/2812/2487 2972/2884/2558 3018/2885/2559
f 3019/2812/2487 3018/2885/2559 3065/2813/2488
f 3065/2813/2488 3018/2885/2559 3064/2886/2560
f 3065/2813/2488 3064/2886/2560 3111/2814/2489
f 3111/2814/2489 3064/2886/2560 3110/2887/2561
f 3111/2814/2489 3110/2887/2561 3157/2815/2490
f 3157/2815/2490 3110/2887/2561 3156/2888/2562
f 3157/2815/2490 3156/2888/2562 3203/2816/2491
f 3203/2816/2491 3156/2888/2562 3202/2889/2563
f 3203/2816/2491 3202/2889/2563 3249/2817/2492
f 3249/2817/2492 3202/2889/2563 3248/2890/2564
f 3249/2817/2492 3248/2890/2564 3295/2818/2493
f 3295/2818/2493 3248/2890/2564 3294/2891/2565
f 3295/2818/2493 3294/2891/2565 3341/2819/2494
f 3341/2819/2494 3294/2891/2565 3340/2892/2566
f 3341/2819/2494 3340/2892/2566 3387/2820/2495
f 3387/2820/2495 3340/2892/2566 3386/2893/2567
f 3387/2820/2495 3386/2893/2567 3433/2821/2496
f 3433/2821/2496 3386/2893/2567 3432/2894/2568
f 3433/2821/2496 3432/2894/2568 3479/2822/2497
f 3479/2822/2497 3432/2894/2568 3478/2895/2569
f 3479/2822/2497 3478/2895/2569 3525/2823/2498
f 3525/2823/2498 3478/2895/2569 3524/2896/2570
f 3525/2823/2498 3524/2896/2570 3571/2824/2499
f 3571/2824/2499 3524/2896/2570 3570/2897/2571
f 3571/2824/2499 3570/2897/2571 3617/2825/2500
f 3617/2825/2500 3570/2897/2571 3616/2898/2572
f 3617/2825/2500 3616/2898/2572 3663/2826/2501
f 3663/2826/2501 3616/2898/2572 3662/2899/2573
f 3663/2826/2501 3662/2899/2573 3709/2827/2502
f 3709/2827/2502 3662/2899/2573 3708/2900/2574
f 3709/2827/2502 3708/2900/2574 3755/2828/2503
f 3755/2828/2503 3708/2900/2574 3754/2901/2575
f 3755/2828/2503 3754/2901/2575 3801/2829/2504
f 3801/2829/2504 3754/2901/2575 3800/2902/2576
f 3801/2829/2504 3800/2902/2576 3847/2830/2505
f 3847/2830/2505 3800/2902/2576 3846/2903/2577
f 3847/2830/2505 3846/2903/2577 3893/2831/2506
f 3893/2831/2506 3846/2903/2577 3892/2904/2578
f 3893/2831/2506 3892/2904/2578 3939/2832/2507
f 3939/2832/2507 3892/2904/2578 3938/2905/2579
f 3939/2832/2507 3938/2905/2579 3985/2833/2508
f 3985/2833/2508 3938/2905/2579 3984/2906/2580
f 3985/2833/2508 3984/2906/2580 4031/2834/2509
f 4031/2834/2509 3984/2906/2580 4030/2907/2581
f 4031/2834/2509 4030/2907/2581 4077/2835/2510
f 4077/2835/2510 4030/2907/2581 4076/2908/2582
f 4077/2835/2510 4076/2908/2582 4123/2836/2511
f 4123/2836/2511 4076/2908/2582 4122/2909/2583
f 4123/2836/2511 4122/2909/2583 4169/2837/2512
f 4169/2837/2512 4122/2909/2583 4168/2910/2584
f 4169/2837/2512 4168/2910/2584 4215/2838/2513
f 4215/2838/2513 4168/2910/2584 4214/2911/2585
f 4215/2838/2513 4214/2911/2585 4261/2839/2514
f 4261/2839/2514 4214/2911/2585 4260/2912/2586
f 4261/2839/2514 4260/2912/2586 1454/2840/2515
f 1454/2840/2515 4260/2912/2586 1455/2913/2587
f 1454/2840/2515 1455/2913/2587 1501/2841/2516
f 1501/2841/2516 1455/2913/2587 1500/2914/2588
f 1501/2841/2516 1500/2914/2588 908/2842/2517
f 908/2842/2517 1500/2914/2588 909/2915/2589
f 908/2842/2517 909/2915/2589 941/2843/2518
f 941/2843/2518 909/2915/2589 940/2916/2590
f 941/2843/2518 940/2916/2590 971/2844/2519
f 971/2844/2519 940/2916/2590 970/2917/2591
f 971/2844/2519 970/2917/2591 1000/2845/2520
f 1000/2845/2520 970/2917/2591 999/2918/2592
f 1000/2845/2520 999/2918/2592 1028/2846/2521
f 1028/2846/2521 999/2918/2592 1027/2919/2593
f 1028/2846/2521 1027/2919/2593 1056/2847/2522
f 1056/2847/2522 1027/2919/2593 1055/2920/2594
f 1056/2847/2522 1055/2920/2594 1084/2848/2523
f 1084/2848/2523 1055/2920/2594 1083/2921/2595
f 1084/2848/2523 1083/2921/2595 1112/2849/2524
f 1112/2849/2524 1083/2921/2595 1111/2922/2596
f 1112/2849/2524 1111/2922/2596 1140/2850/2525
f 1140/2850/2525 1111/2922/2596 1139/2923/2597
f 1140/2850/2525 1139/2923/2597 1168/1672/1550
f 1168/1672/1550 1139/2923/2597 1167/1670/1548
f 740/2851/2231 741/2924/2233 1408/2852/2526
f 1408/2852/2526 741/2924/2233 1407/2925/2598
f 1408/2852/2526 1407/2925/2598 1638/2853/2527
f 1638/2853/2527 1407/2925/2598 1637/2926/2599
f 1638/2853/2527 1637/2926/2599 1684/2854/2528
f 1684/2854/2528 1637/2926/2599 1683/2927/2600
f 1684/2854/2528 1683/2927/2600 1730/2855/2529
f 1730/2855/2529 1683/2927/2600 1729/2928/2601
f 1730/2855/2529 1729/2928/2601 1776/2856/2530
f 1776/2856/2530 1729/2928/2601 1775/2929/2602
f 1776/2856/2530 1775/2929/2602 1822/2857/2531
f 1822/2857/2531 1775/2929/2602 1821/2930/2603
f 1822/2857/2531 1821/2930/2603 1868/2858/2532
f 1868/2858/2532 1821/2930/2603 1867/2931/2604
f 1868/2858/2532 1867/2931/2604 1914/2859/2533
f 1914/2859/2533 1867/2931/2604 1913/2932/2605
f 1914/2859/2533 1913/2932/2605 1960/2860/2534
f 1960/2860/2534 1913/2932/2605 1959/2933/2606
f 1960/2860/2534 1959/2933/2606 2006/2861/2535
f 2006/2861/2535 1959/2933/2606 2005/2934/2607
f 2006/2861/2535 2005/2934/2607 2052/2862/2536
f 2052/2862/2536 2005/2934/2607 2051/2935/2608
f 2052/2862/2536 2051/2935/2608 2098/2863/2537
f 2098/2863/2537 2051/2935/2608 2097/2936/2609
f 2098/2863/2537 2097/2936/2609 2144/2864/2538
f 2144/2864/2538 2097/2936/2609 2143/2937/2610
f 2144/2864/2538 2143/2937/2610 2190/2865/2539
f 2190/2865/2539 2143/2937/2610 2189/2938/2611
f 2190/2865/2539 2189/2938/2611 2236/2866/2540
f 2236/2866/2540 2189/2938/2611 2235/2939/2612
f 2236/2866/2540 2235/2939/2612 2282/2867/2541
f 2282/2867/2541 2235/2939/2612 2281/2940/2613
f 2282/2867/2541 2281/2940/2613 2328/2868/2542
f 2328/2868/2542 2281/2940/2613 2327/2941/2614
f 2328/2868/2542 2327/2941/2614 2374/2869/2543
f 2374/2869/2543 2327/2941/2614 2373/2942/2615
f 2374/2869/2543 2373/2942/2615 2420/2870/2544
f 2420/2870/2544 2373/2942/2615 2419/2943/2616
f 2420/2870/2544 2419/2943/2616 2466/2871/2545
f 2466/2871/2545 2419/2943/2616 2465/2944/2617
f 2466/2871/2545 2465/2944/2617 2512/2872/2546
f 2512/2872/2546 2465/2944/2617 2511/2945/2618
f 2512/2872/2546 2511/2945/2618 2558/2873/2547
f 2558/2873/2547 2511/2945/2618 2557/2946/2619
f 2558/2873/2547 2557/2946/2619 2604/2874/2548
f 2604/2874/2548 2557/2946/2619 2603/2947/2620
f 2604/2874/2548 2603/2947/2620 2650/2875/2549
f 2650/2875/2549 2603/2947/2620 2649/2948/2621
f 2650/2875/2549 2649/2948/2621 2696/2876/2550
f 2696/2876/2550 2649/2948/2621 2695/2949/2622
f 2696/2876/2550 2695/2949/2622 2742/2877/2551
f 2742/2877/2551 2695/2949/2622 2741/2950/2623
f 2742/2877/2551 2741/2950/2623 2788/2878/2552
f 2788/2878/2552 2741/2950/2623 2787/2951/2624
f 2788/2878/2552 2787/2951/2624 2834/2879/2553
f 2834/2879/2553 2787/2951/2624 2833/2952/2625
f 2834/2879/2553 2833/2952/2625 2880/2880/2554
f 2880/2880/2554 2833/2952/2625 2879/2953/2626
f 2880/2880/2554 2879/2953/2626 2926/2881/2555
f 2926/2881/2555 2879/2953/2626 2925/2954/2627
f 2926/2881/2555 2925/2954/2627 1547/2882/2556
f 1547/2882/2556 2925/2954/2627 1548/2955/2628
f 1547/2882/2556 1548/2955/2628 1592/2883/2557
f 1592/2883/2557 1548/2955/2628 1591/2956/2629
f 1592/2883/2557 1591/2956/2629 2972/2884/2558
f 2972/2884/2558 1591/2956/2629 2971/2957/2630
f 2972/2884/2558 2971/2957/2630 3018/2885/2559
f 3018/2885/2559 2971/2957/2630 3017/2958/2631
f 3018/2885/2559 3017/2958/2631 3064/2886/2560
f 3064/2886/2560 3017/2958/2631 3063/2959/2632
f 3064/2886/2560 3063/2959/2632 3110/2887/2561
f 3110/2887/2561 3063/2959/2632 3109/2960/2633
f 3110/2887/2561 3109/2960/2633 3156/2888/2562
f 3156/2888/2562 3109/2960/2633 3155/2961/2634
f 3156/2888/2562 3155/2961/2634 3202/2889/2563
f 3202/2889/2563 3155/2961/2634 3201/2962/2635
f 3202/2889/2563 3201/2962/2635 3248/2890/2564
f 3248/2890/2564 3201/2962/2635 3247/2963/2636
f 3248/2890/2564 3247/2963/2636 3294/2891/2565
f 3294/2891/2565 3247/2963/2636 3293/2964/2637
f 3294/2891/2565 3293/2964/2637 3340/2892/2566
f 3340/2892/2566 3293/2964/2637 3339/2965/2638
f 3340/2892/2566 3339/2965/2638 3386/2893/2567
f 3386/2893/2567 3339/2965/2638 3385/2966/2639
f 3386/2893/2567 3385/2966/2639 3432/2894/2568
f 3432/2894/2568 3385/2966/2639 3431/2967/2640
f 3432/2894/2568 3431/2967/2640 3478/2895/2569
f 3478/2895/2569 3431/2967/2640 3477/2968/2641
f 3478/2895/2569 3477/2968/2641 3524/2896/2570
f 3524/2896/2570 3477/2968/2641 3523/2969/2642
f 3524/2896/2570 3523/2969/2642 3570/2897/2571
f 3570/2897/2571 3523/2969/2642 3569/2970/2643
f 3570/2897/2571 3569/2970/2643 3616/2898/2572
f 3616/2898/2572 3569/2970/2643 3615/2971/2644
f 3616/2898/2572 3615/2971/2644 3662/2899/2573
f 3662/2899/2573 3615/2971/2644 3661/2972/2645
f 3662/2899/2573 3661/2972/2645 3708/2900/2574
f 3708/2900/2574 3661/2972/2645 3707/2973/2646
f 3708/2900/2574 3707/2973/2646 3754/2901/2575
f 3754/2901/2575 3707/2973/2646 3753/2974/2647
f 3754/2901/2575 3753/2974/2647 3800/2902/2576
f 3800/2902/2576 3753/2974/2647 3799/2975/2648
f 3800/2902/2576 3799/2975/2648 3846/2903/2577
f 3846/2903/2577 3799/2975/2648 3845/2976/2649
f 3846/2903/2577 3845/2976/2649 3892/2904/2578
f 3892/2904/2578 3845/2976/2649 3891/2977/2650
f 3892/2904/2578 3891/2977/2650 3938/2905/2579
f 3938/2905/2579 3891/2977/2650 3937/2978/2651
f 3938/2905/2579 3937/2978/2651 3984/2906/2580
f 3984/2906/2580 3937/2978/2651 3983/2979/2652
f 3984/2906/2580 3983/2979/2652 4030/2907/2581
f 4030/2907/2581 3983/2979/2652 4029/2980/2653
f 4030/2907/2581 4029/2980/2653 4076/2908/2582
f 4076/2908/2582 4029/2980/2653 4075/2981/2654
f 4076/2908/2582 4075/2981/2654 4122/2909/2583
f 4122/2909/2583 4075/2981/2654 4121/2982/2655
f 4122/2909/2583 4121/2982/2655 4168/2910/2584
f 4168/2910/2584 4121/2982/2655 4167/2983/2656
f 4168/2910/2584 4167/2983/2656 4214/2911/2585
f 4214/2911/2585 4167/2983/2656 4213/2984/2657
f 4214/2911/2585 4213/2984/2657 4260/2912/2586
f 4260/2912/2586 4213/2984/2657 4259/2985/2658
f 4260/2912/2586 4259/2985/2658 1455/2913/2587
f 1455/2913/2587 4259/2985/2658 1456/2986/2659
f 1455/2913/2587 1456/2986/2659 1500/2914/2588
f 1500/2914/2588 1456/2986/2659 1499/2987/2660
f 1500/2914/2588 1499/2987/2660 909/2915/2589
f 909/2915/2589 1499/2987/2660 910/2988/2661
f 909/2915/2589 910/2988/2661 940/2916/2590
f 940/2916/2590 910/2988/2661 939/2989/2662
f 940/2916/2590 939/2989/2662 970/2917/2591
f 970/2917/2591 939/2989/2662 969/2990/2663
f 970/2917/2591 969/2990/2663 999/2918/2592
f 999/2918/2592 969/2990/2663 998/2991/2664
f 999/2918/2592 998/2991/2664 1027/2919/2593
f 1027/2919/2593 998/2991/2664 1026/2992/2665
f 1027/2919/2593 1026/2992/2665 1055/2920/2594
f 1055/2920/2594 1026/2992/2665 1054/2993/2666
f 1055/2920/2594 1054/2993/2666 1083/2921/2595
f 1083/2921/2595 1054/2993/2666 1082/2994/2667
f 1083/2921/2595 1082/2994/2667 1111/2922/2596
f 1111/2922/2596 1082/2994/2667 1110/2995/2668
f 1111/2922/2596 1110/2995/2668 1139/2923/2597
f 1139/2923/2597 1110/2995/2668 1138/2996/2669
f 1139/2923/2597 1138/2996/2669 1167/1670/1548
f 1167/1670/1548 1138/2996/2669 1166/1668/1546
f 741/2924/2233 742/2997/2235 1407/2925/2598
f 1407/2925/2598 742/2997/2235 1406/2998/2670
f 1407/2925/2598 1406/2998/2670 1637/2926/2599
f 1637/2926/2599 1406/2998/2670 1636/2999/2671
f 1637/2926/2599 1636/2999/2671 1683/2927/2600
f 1683/2927/2600 1636/2999/2671 1682/3000/2672
f 1683/2927/2600 1682/3000/2672 1729/2928/2601
f 1729/2928/2601 1682/3000/2672 1728/3001/2673
f 1729/2928/2601 1728/3001/2673 1775/2929/2602
f 1775/2929/2602 1728/3001/2673 1774/3002/2674
f 1775/2929/2602 1774/3002/2674 1821/2930/2603
f 1821/2930/2603 1774/3002/2674 1820/3003/2675
f 1821/2930/2603 1820/3003/2675 1867/2931/2604
f 1867/2931/2604 1820/3003/2675 1866/3004/2676
f 1867/2931/2604 1866/3004/2676 1913/2932/2605
f 1913/2932/2605 1866/3004/2676 1912/3005/2677
f 1913/2932/2605 1912/3005/2677 1959/2933/2606
f 1959/2933/2606 1912/3005/2677 1958/3006/2678
f 1959/2933/2606 1958/3006/2678 2005/2934/2607
f 2005/2934/2607 1958/3006/2678 2004/3007/2679
f 2005/2934/2607 2004/3007/2679 2051/2935/2608
f 2051/2935/2608 2004/3007/2679 2050/3008/2680
f 2051/2935/2608 2050/3008/2680 2097/2936/2609
f 2097/2936/2609 2050/3008/2680 2096/3009/2681
f 2097/2936/2609 2096/3009/2681 2143/2937/2610
f 2143/2937/2610 2096/3009/2681 2142/3010/2682
f 2143/2937/2610 2142/3010/2682 2189/2938/2611
f 2189/2938/2611 2142/3010/2682 2188/3011/2683
f 2189/2938/2611 2188/3011/2683 2235/2939/2612
f 2235/2939/2612 2188/3011/2683 2234/3012/2684
f 2235/2939/2612 2234/3012/2684 2281/2940/2613
f 2281/2940/2613 2234/3012/2684 2280/3013/2685
f 2281/2940/2613 2280/3013/2685 2327/2941/2614
f 2327/2941/2614 2280/3013/2685 2326/3014/2686
f 2327/2941/2614 2326/3014/2686 2373/2942/2615
f 2373/2942/2615 2326/3014/2686 2372/3015/2687
f 2373/2942/2615 2372/3015/2687 2419/2943/2616
f 2419/2943/2616 2372/3015/2687 2418/3016/2688
f 2419/2943/2616 2418/3016/2688 2465/2944/2617
f 2465/2944/2617 2418/3016/2688 2464/3017/2689
f 2465/2944/2617 2464/3017/2689 2511/2945/2618
f 2511/2945/2618 2464/3017/2689 2510/3018/2690
f 2511/2945/2618 2510/3018/2690 2557/2946/2619
f 2557/2946/2619 2510/3018/2690 2556/3019/2691
f 2557/2946/2619 2556/3019/2691 2603/2947/2620
f 2603/2947/2620 2556/3019/2691 2602/3020/2692
f 2603/2947/2620 2602/3020/2692 2649/2948/2621
f 2649/2948/2621 2602/3020/2692 2648/3021/2693
f 2649/2948/2621 2648/3021/2693 2695/2949/2622
f 2695/2949/2622 2648/3021/2693 2694/3022/2694
f 2695/2949/2622 2694/3022/2694 2741/2950/2623
f 2741/2950/2623 2694/3022/2694 2740/3023/2695
f 2741/2950/2623 2740/3023/2695 2787/2951/2624
f 2787/2951/2624 2740/3023/2695 2786/3024/2696
f 2787/2951/2624 2786/3024/2696 2833/2952/2625
f 2833/2952/2625 2786/3024/2696 2832/3025/2697
f 2833/2952/2625 2832/3025/2697 2879/2953/2626
f 2879/2953/2626 2832/3025/2697 2878/3026/2698
f 2879/2953/2626 2878/3026/2698 2925/2954/2627
f 2925/2954/2627 2878/3026/2698 2924/3027/2699
f 2925/2954/2627 2924/3027/2699 1548/2955/2628
f 1548/2955/2628 2924/3027/2699 1549/3028/2700
f 1548/2955/2628 1549/3028/2700 1591/2956/2629
f 1591/2956/2629 1549/3028/2700 1590/3029/2701
f 1591/2956/2629 1590/3029/2701 2971/2957/2630
f 2971/2957/2630 1590/3029/2701 2970/3030/2702
f 2971/2957/2630 2970/3030/2702 3017/2958/2631
f 3017/2958/2631 2970/3030/2702 3016/3031/2703
f 3017/2958/2631 3016/3031/2703 3063/2959/2632
f 3063/2959/2632 3016/3031/2703 3062/3032/2704
f 3063/2959/2632 3062/3032/2704 3109/2960/2633
f 3109/2960/2633 3062/3032/2704 3108/3033/2705
f 3109/2960/2633 3108/3033/2705 3155/2961/2634
f 3155/2961/2634 3108/3033/2705 3154/3034/2706
f 3155/2961/2634 3154/3034/2706 3201/2962/2635
f 3201/2962/2635 3154/3034/2706 3200/3035/2707
f 3201/2962/2635 3200/3035/2707 3247/2963/2636
f 3247/2963/2636 3200/3035/2707 3246/3036/2708
f 3247/2963/2636 3246/3036/2708 3293/2964/2637
f 3293/2964/2637 3246/3036/2708 3292/3037/2709
f 3293/2964/2637 3292/3037/2709 3339/2965/2638
f 3339/2965/2638 3292/3037/2709 3338/3038/2710
f 3339/2965/2638 3338/3038/2710 3385/2966/2639
f 3385/2966/2639 3338/3038/2710 3384/3039/2711
f 3385/2966/2639 3384/3039/2711 3431/2967/2640
f 3431/2967/2640 3384/3039/2711 3430/3040/2712
f 3431/2967/2640 3430/3040/2712 3477/2968/2641
f 3477/2968/2641 3430/3040/2712 3476/3041/2713
f 3477/2968/2641 3476/3041/2713 3523/2969/2642
f 3523/2969/2642 3476/3041/2713 3522/3042/2714
f 3523/2969/2642 3522/3042/2714 3569/2970/2643
f 3569/2970/2643 3522/3042/2714 3568/3043/2715
f 3569/2970/2643 3568/3043/2715 3615/2971/2644
f 3615/2971/2644 3568/3043/2715 3614/3044/2716
f 3615/2971/2644 3614/3044/2716 3661/2972/2645
f 3661/2972/2645 3614/3044/2716 3660/3045/2717
f 3661/2972/2645 3660/3045/2717 3707/2973/2646
f 3707/2973/2646 3660/3045/2717 3706/3046/2718
f 3707/2973/2646 3706/3046/2718 3753/2974/2647
f 3753/2974/2647 3706/3046/2718 3752/3047/2719
f 3753/2974/2647 3752/3047/2719 3799/2975/2648
f 3799/2975/2648 3752/3047/2719 3798/3048/2720
f 3799/2975/2648 3798/3048/2720 3845/2976/2649
f 3845/2976/2649 3798/3048/2720 3844/3049/2721
f 3845/2976/2649 3844/3049/2721 3891/2977/2650
f 3891/2977/2650 3844/3049/2721 3890/3050/2722
f 3891/2977/2650 3890/3050/2722 3937/2978/2651
f 3937/2978/2651 3890/3050/2722 3936/3051/2723
f 3937/2978/2651 3936/3051/2723 3983/2979/2652
f 3983/2979/2652 3936/3051/2723 3982/3052/2724
f 3983/2979/2652 3982/3052/2724 4029/2980/2653
f 4029/2980/2653 3982/3052/2724 4028/3053/2725
f 4029/2980/2653 4028/3053/2725 4075/2981/2654
f 4075/2981/2654 4028/3053/2725 4074/3054/2726
f 4075/2981/2654 4074/3054/2726 4121/2982/2655
f 4121/2982/2655 4074/3054/2726 4120/3055/2727
f 4121/2982/2655 4120/3055/2727 4167/2983/2656
f 4167/2983/2656 4120/3055/2727 4166/3056/2728
f 4167/2983/2656 4166/3056/2728 4213/2984/2657
f 4213/2984/2657 4166/3056/2728 4212/3057/2729
f 4213/2984/2657 4212/3057/2729 4259/2985/2658
f 4259/2985/2658 4212/3057/2729 4258/3058/2730
f 4259/2985/2658 4258/3058/2730 1456/2986/2659
f 1456/2986/2659 4258/3058/2730 1457/3059/2731
f 1456/2986/2659 1457/3059/2731 1499/2987/2660
f 1499/2987/2660 1457/3059/2731 1498/3060/2732
f 1499/2987/2660 1498/3060/2732 910/2988/2661
f 910/2988/2661 1498/3060/2732 911/3061/2733
f 910/2988/2661 911/3061/2733 939/2989/2662
f 939/2989/2662 911/3061/2733 938/3062/2734
f 939/2989/2662 938/3062/2734 969/2990/2663
f 969/2990/2663 938/3062/2734 968/3063/2735
f 969/2990/2663 968/3063/2735 998/2991/2664
f 998/2991/2664 968/3063/2735 997/3064/2736
f 998/2991/2664 997/3064/2736 1026/2992/2665
f 1026/2992/2665 997/3064/2736 1025/3065/2737
f 1026/2992/2665 1025/3065/2737 1054/2993/2666
f 1054/2993/2666 1025/3065/2737 1053/3066/2738
f 1054/2993/2666 1053/3066/2738 1082/2994/2667
f 1082/2994/2667 1053/3066/2738 1081/3067/2739
f 1082/2994/2667 1081/3067/2739 1110/2995/2668
f 1110/2995/2668 1081/3067/2739 1109/3068/2740
f 1110/2995/2668 1109/3068/2740 1138/2996/2669
f 1138/2996/2669 1109/3068/2740 1137/3069/2741
f 1138/2996/2669 1137/3069/2741 1166/1668/1546
f 1166/1668/1546 1137/3069/2741 1165/1666/1544
f 742/2997/2235 743/3070/2237 1406/2998/2670
f 1406/2998/2670 743/3070/2237 1405/3071/2742
f 1406/2998/2670 1405/3071/2742 1636/2999/2671
f 1636/2999/2671 1405/3071/2742 1635/3072/2743
f 1636/2999/2671 1635/3072/2743 1682/3000/2672
f 1682/3000/2672 1635/3072/2743 1681/3073/2744
f 1682/3000/2672 1681/3073/2744 1728/3001/2673
f 1728/3001/2673 1681/3073/2744 1727/3074/2745
f 1728/3001/2673 1727/3074/2745 1774/3002/2674
f 1774/3002/2674 1727/3074/2745 1773/3075/2746
f 1774/3002/2674 1773/3075/2746 1820/3003/2675
f 1820/3003/2675 1773/3075/2746 1819/3076/2747
f 1820/3003/2675 1819/3076/2747 1866/3004/2676
f 1866/3004/2676 1819/3076/2747 1865/3077/2748
f 1866/3004/2676 1865/3077/2748 1912/3005/2677
f 1912/3005/2677 1865/3077/2748 1911/3078/2749
f 1912/3005/2677 1911/3078/2749 1958/3006/2678
f 1958/3006/2678 1911/3078/2749 1957/3079/2750
f 1958/3006/2678 1957/3079/2750 2004/3007/2679
f 2004/3007/2679 1957/3079/2750 2003/3080/2751
f 2004/3007/2679 2003/3080/2751 2050/3008/2680
f 2050/3008/2680 2003/3080/2751 2049/3081/2752
f 2050/3008/2680 2049/3081/2752 2096/3009/2681
f 2096/3009/2681 2049/3081/2752 2095/3082/2753
f 2096/3009/2681 2095/3082/2753 2142/3010/2682
f 2142/3010/2682 2095/3082/2753 2141/3083/2754
f 2142/3010/2682 2141/3083/2754 2188/3011/2683
f 2188/3011/2683 2141/3083/2754 2187/3084/2755
f 2188/3011/2683 2187/3084/2755 2234/3012/2684
f 2234/3012/2684 2187/3084/2755 2233/3085/2756
f 2234/3012/2684 2233/3085/2756 2280/3013/2685
f 2280/3013/2685 2233/3085/2756 2279/3086/2757
f 2280/3013/2685 2279/3086/2757 2326/3014/2686
f 2326/3014/2686 2279/3086/2757 2325/3087/2758
f 2326/3014/2686 2325/3087/2758 2372/3015/2687
f 2372/3015/2687 2325/3087/2758 2371/3088/2759
f 2372/3015/2687 2371/3088/2759 2418/3016/2688
f 2418/3016/2688 2371/3088/2759 2417/3089/2760
f 2418/3016/2688 2417/3089/2760 2464/3017/2689
f 2464/3017/2689 2417/3089/2760 2463/3090/2761
f 2464/3017/2689 2463/3090/2761 2510/3018/2690
f 2510/3018/2690 2463/3090/2761 2509/3091/2762
f 2510/3018/2690 2509/3091/2762 2556/3019/2691
f 2556/3019/2691 2509/3091/2762 2555/3092/2763
f 2556/3019/2691 2555/3092/2763 2602/3020/2692
f 2602/3020/2692 2555/3092/2763 2601/3093/2764
f 2602/3020/2692 2601/3093/2764 2648/3021/2693
f 2648/3021/2693 2601/3093/2764 2647/3094/2765
f 2648/3021/2693 2647/3094/2765 2694/3022/2694
f 2694/3022/2694 2647/3094/2765 2693/3095/2766
f 2694/3022/2694 2693/3095/2766 2740/3023/2695
f 2740/3023/2695 2693/3095/2766 2739/3096/2767
f 2740/3023/2695 2739/3096/2767 2786/3024/2696
f 2786/3024/2696 2739/3096/2767 2785/3097/2768
f 2786/3024/2696 2785/3097/2768 2832/3025/2697
f 2832/3025/2697 2785/3097/2768 2831/3098/2769
f 2832/3025/2697 2831/3098/2769 2878/3026/2698
f 2878/3026/2698 2831/3098/2769 2877/3099/2770
f 2878/3026/2698 2877/3099/2770 2924/3027/2699
f 2924/3027/2699 2877/3099/2770 2923/3100/2771
f 2924/3027/2699 2923/3100/2771 1549/3028/2700
f 1549/3028/2700 2923/3100/2771 1550/3101/2772
f 1549/3028/2700 1550/3101/2772 1590/3029/2701
f 1590/3029/2701 1550/3101/2772 1589/3102/2773
f 1590/3029/2701 1589/3102/2773 2970/3030/2702
f 2970/3030/2702 1589/3102/2773 2969/3103/2774
f 2970/3030/2702 2969/3103/2774 3016/3031/2703
f 3016/3031/2703 2969/3103/2774 3015/3104/2775
f 3016/3031/2703 3015/3104/2775 3062/3032/2704
f 3062/3032/2704 3015/3104/2775 3061/3105/2776
f 3062/3032/2704 3061/3105/2776 3108/3033/2705
f 3108/3033/2705 3061/3105/2776 3107/3106/2777
f 3108/3033/2705 3107/3106/2777 3154/3034/2706
f 3154/3034/2706 3107/3106/2777 3153/3107/2778
f 3154/3034/2706 3153/3107/2778 3200/3035/2707
f 3200/3035/2707 3153/3107/2778 3199/3108/2779
f 3200/3035/2707 3199/3108/2779 3246/3036/2708
f 3246/3036/2708 3199/3108/2779 3245/3109/2780
f 3246/3036/2708 3245/3109/2780 3292/3037/2709
f 3292/3037/2709 3245/3109/2780 3291/3110/2781
f 3292/3037/2709 3291/3110/2781 3338/3038/2710
f 3338/3038/2710 3291/3110/2781 3337/3111/2782
f 3338/3038/2710 3337/3111/2782 3384/3039/2711
f 3384/3039/2711 3337/3111/2782 3383/3112/2783
f 3384/3039/2711 3383/3112/2783 3430/3040/2712
f 3430/3040/2712 3383/3112/2783 3429/3113/2784
f 3430/3040/2712 3429/3113/2784 3476/3041/2713
f 3476/3041/2713 3429/3113/2784 3475/3114/2785
f 3476/3041/2713 3475/3114/2785 3522/3042/2714
f 3522/3042/2714 3475/3114/2785 3521/3115/2786
f 3522/3042/2714 3521/3115/2786 3568/3043/2715
f 3568/3043/2715 3521/3115/2786 3567/3116/2787
f 3568/3043/2715 3567/3116/2787 3614/3044/2716
f 3614/3044/2716 3567/3116/2787 3613/3117/2788
f 3614/3044/2716 3613/3117/2788 3660/3045/2717
f 3660/3045/2717 3613/3117/2788 3659/3118/2789
f 3660/3045/2717 3659/3118/2789 3706/3046/2718
f 3706/3046/2718 3659/3118/2789 3705/3119/2790
f 3706/3046/2718 3705/3119/2790 3752/3047/2719
f 3752/3047/2719 3705/3119/2790 3751/3120/2791
f 3752/3047/2719 3751/3120/2791 3798/3048/2720
f 3798/3048/2720 3751/3120/2791 3797/3121/2792
f 3798/3048/2720 3797/3121/2792 3844/3049/2721
f 3844/3049/2721 3797/3121/2792 3843/3122/2793
f 3844/3049/2721 3843/3122/2793 3890/3050/2722
f 3890/3050/2722 3843/3122/2793 3889/3123/2794
f 3890/3050/2722 3889/3123/2794 3936/3051/2723
f 3936/3051/2723 3889/3123/2794 3935/3124/2795
f 3936/3051/2723 3935/3124/2795 3982/3052/2724
f 3982/3052/2724 3935/3124/2795 3981/3125/2796
f 3982/3052/2724 3981/3125/2796 4028/3053/2725
f 4028/3053/2725 3981/3125/2796 4027/3126/2797
f 4028/3053/2725 4027/3126/2797 4074/3054/2726
f 4074/3054/2726 4027/3126/2797 4073/3127/2798
f 4074/3054/2726 4073/3127/2798 4120/3055/2727
f 4120/3055/2727 4073/3127/2798 4119/3128/2799
f 4120/3055/2727 4119/3128/2799 4166/3056/2728
f 4166/3056/2728 4119/3128/2799 4165/3129/2800
f 4166/3056/2728 4165/3129/2800 4212/3057/2729
f 4212/3057/2729 4165/3129/2800 4211/3130/2801
f 4212/3057/2729 4211/3130/2801 4258/3058/2730
f 4258/3058/2730 4211/3130/2801 4257/3131/2802
f 4258/3058/2730 4257/3131/2802 1457/3059/2731
f 1457/3059/2731 4257/3131/2802 1458/3132/2803
f 1457/3059/2731 1458/3132/2803 1498/3060/2732
f 1498/3060/2732 1458/3132/2803 1497/3133/2804
f 1498/3060/2732 1497/3133/2804 911/3061/2733
f 911/3061/2733 1497/3133/2804 912/3134/2805
f 911/3061/2733 912/3134/2805 938/3062/2734
f 938/3062/2734 912/3134/2805 937/3135/2806
f 938/3062/2734 937/3135/2806 968/3063/2735
f 968/3063/2735 937/3135/2806 967/3136/2807
f 968/3063/2735 967/3136/2807 997/3064/2736
f 997/3064/2736 967/3136/2807 996/3137/2808
f 997/3064/2736 996/3137/2808 1025/3065/2737
f 1025/3065/2737 996/3137/2808 1024/3138/2809
f 1025/3065/2737 1024/3138/2809 1053/3066/2738
f 1053/3066/2738 1024/3138/2809 1052/3139/2810
f 1053/3066/2738 1052/3139/2810 1081/3067/2739
f 1081/3067/2739 1052/3139/2810 1080/3140/2811
f 1081/3067/2739 1080/3140/2811 1109/3068/2740
f 1109/3068/2740 1080/3140/2811 1108/3141/2812
f 1109/3068/2740 1108/3141/2812 1137/3069/2741
f 1137/3069/2741 1108/3141/2812 1136/3142/2813
f 1137/3069/2741 1136/3142/2813 1165/1666/1544
f 1165/1666/1544 1136/3142/2813 1164/1664/1542
f 743/3070/2237 744/1619/1499 1405/3071/2742
f 1405/3071/2742 744/1619/1499 1404/1617/1497
f 1405/3071/2742 1404/1617/1497 1635/3072/2743
f 1635/3072/2743 1404/1617/1497 1634/1615/1495
f 1635/3072/2743 1634/1615/1495 1681/3073/2744
f 1681/3073/2744 1634/1615/1495 1680/1613/1493
f 1681/3073/2744 1680/1613/1493 1727/3074/2745
f 1727/3074/2745 1680/1613/1493 1726/1611/1491
f 1727/3074/2745 1726/1611/1491 1773/3075/2746
f 1773/3075/2746 1726/1611/1491 1772/1609/1489
f 1773/3075/2746 1772/1609/1489 1819/3076/2747
f 1819/3076/2747 1772/1609/1489 1818/1607/1487
f 1819/3076/2747 1818/1607/1487 1865/3077/2748
f 1865/3077/2748 1818/1607/1487 1864/1605/1485
f 1865/3077/2748 1864/1605/1485 1911/3078/2749
f 1911/3078/2749 1864/1605/1485 1910/1603/1483
f 1911/3078/2749 1910/1603/1483 1957/3079/2750
f 1957/3079/2750 1910/1603/1483 1956/1601/1481
f 1957/3079/2750 1956/1601/1481 2003/3080/2751
f 2003/3080/2751 1956/1601/1481 2002/1599/1479
f 2003/3080/2751 2002/1599/1479 2049/3081/2752
f 2049/3081/2752 2002/1599/1479 2048/1597/1477
f 2049/3081/2752 2048/1597/1477 2095/3082/2753
f 2095/3082/2753 2048/1597/1477 2094/1595/1475
f 2095/3082/2753 2094/1595/1475 2141/3083/2754
f 2141/3083/2754 2094/1595/1475 2140/1593/1473
f 2141/3083/2754 2140/1593/1473 2187/3084/2755
f 2187/3084/2755 2140/1593/1473 2186/1591/1471
f 2187/3084/2755 2186/1591/1471 2233/3085/2756
f 2233/3085/2756 2186/1591/1471 2232/1589/1469
f 2233/3085/2756 2232/1589/1469 2279/3086/2757
f 2279/3086/2757 2232/1589/1469 2278/1587/1467
f 2279/3086/2757 2278/1587/1467 2325/3087/2758
f 2325/3087/2758 2278/1587/1467 2324/1585/1465
f 2325/3087/2758 2324/1585/1465 2371/3088/2759
f 2371/3088/2759 2324/1585/1465 2370/1583/1463
f 2371/3088/2759 2370/1583/1463 2417/3089/2760
f 2417/3089/2760 2370/1583/1463 2416/1581/1461
f 2417/3089/2760 2416/1581/1461 2463/3090/2761
f 2463/3090/2761 2416/1581/1461 2462/1579/1459
f 2463/3090/2761 2462/1579/1459 2509/3091/2762
f 2509/3091/2762 2462/1579/1459 2508/1577/1457
f 2509/3091/2762 2508/1577/1457 2555/3092/2763
f 2555/3092/2763 2508/1577/1457 2554/1575/1455
f 2555/3092/2763 2554/1575/1455 2601/3093/2764
f 2601/3093/2764 2554/1575/1455 2600/1573/1453
f 2601/3093/2764 2600/1573/1453 2647/3094/2765
f 2647/3094/2765 2600/1573/1453 2646/1571/1451
f 2647/3094/2765 2646/1571/1451 2693/3095/2766
f 2693/3095/2766 2646/1571/1451 2692/1569/1449
f 2693/3095/2766 2692/1569/1449 2739/3096/2767
f 2739/3096/2767 2692/1569/1449 2738/1567/1447
f 2739/3096/2767 2738/1567/1447 2785/3097/2768
f 2785/3097/2768 2738/1567/1447 2784/1565/1445
f 2785/3097/2768 2784/1565/1445 2831/3098/2769
f 2831/3098/2769 2784/1565/1445 2830/1563/1443
f 2831/3098/2769 2830/1563/1443 2877/3099/2770
f 2877/3099/2770 2830/1563/1443 2876/1561/1441
f 2877/3099/2770 2876/1561/1441 2923/3100/2771
f 2923/3100/2771 2876/1561/1441 2922/1559/1439
f 2923/3100/2771 2922/1559/1439 1550/3101/2772
f 1550/3101/2772 2922/1559/1439 1551/1557/1437
f 1550/3101/2772 1551/1557/1437 1589/3102/2773
f 1589/3102/2773 1551/1557/1437 1588/1555/1435
f 1589/3102/2773 1588/1555/1435 2969/3103/2774
f 2969/3103/2774 1588/1555/1435 2968/1553/1433
f 2969/3103/2774 2968/1553/1433 3015/3104/2775
f 3015/3104/2775 2968/1553/1433 3014/1551/1431
f 3015/3104/2775 3014/1551/1431 3061/3105/2776
f 3061/3105/2776 3014/1551/1431 3060/1549/1429
f 3061/3105/2776 3060/1549/1429 3107/3106/2777
f 3107/3106/2777 3060/1549/1429 3106/1547/1427
f 3107/3106/2777 3106/1547/1427 3153/3107/2778
f 3153/3107/2778 3106/1547/1427 3152/1545/1425
f 3153/3107/2778 3152/1545/1425 3199/3108/2779
f 3199/3108/2779 3152/1545/1425 3198/1543/1423
f 3199/3108/2779 3198/1543/1423 3245/3109/2780
f 3245/3109/2780 3198/1543/1423 3244/1541/1421
f 3245/3109/2780 3244/1541/1421 3291/3110/2781
f 3291/3110/2781 3244/1541/1421 3290/1539/1419
f 3291/3110/2781 3290/1539/1419 3337/3111/2782
f 3337/3111/2782 3290/1539/1419 3336/1537/1417
f 3337/3111/2782 3336/1537/1417 3383/3112/2783
f 3383/3112/2783 3336/1537/1417 3382/1535/1415
f 3383/3112/2783 3382/1535/1415 3429/3113/2784
f 3429/3113/2784 3382/1535/1415 3428/1533/1413
f 3429/3113/2784 3428/1533/1413 3475/3114/2785
f 3475/3114/2785 3428/1533/1413 3474/1531/1411
f 3475/3114/2785 3474/1531/1411 3521/3115/2786
f 3521/3115/2786 3474/1531/1411 3520/1529/1409
f 3521/3115/2786 3520/1529/1409 3567/3116/2787
f 3567/3116/2787 3520/1529/1409 3566/1527/1407
f 3567/3116/2787 3566/1527/1407 3613/3117/2788
f 3613/3117/2788 3566/1527/1407 3612/1525/1405
f 3613/3117/2788 3612/1525/1405 3659/3118/2789
f 3659/3118/2789 3612/1525/1405 3658/1523/1403
f 3659/3118/2789 3658/1523/1403 3705/3119/2790
f 3705/3119/2790 3658/1523/1403 3704/1521/1401
f 3705/3119/2790 3704/1521/1401 3751/3120/2791
f 3751/3120/2791 3704/1521/1401 3750/1519/1399
f 3751/3120/2791 3750/1519/1399 3797/3121/2792
f 3797/3121/2792 3750/1519/1399 3796/1517/1397
f 3797/3121/2792 3796/1517/1397 3843/3122/2793
f 3843/3122/2793 3796/1517/1397 3842/1515/1395
f 3843/3122/2793 3842/1515/1395 3889/3123/2794
f 3889/3123/2794 3842/1515/1395 3888/1513/1393
f 3889/3123/2794 3888/1513/1393 3935/3124/2795
f 3935/3124/2795 3888/1513/1393 3934/1511/1391
f 3935/3124/2795 3934/1511/1391 3981/3125/2796
f 3981/3125/2796 3934/1511/1391 3980/1509/1389
f 3981/3125/2796 3980/1509/1389 4027/3126/2797
f 4027/3126/2797 3980/1509/1389 4026/1507/1387
f 4027/3126/2797 4026/1507/1387 4073/3127/2798
f 4073/3127/2798 4026/1507/1387 4072/1505/1385
f 4073/3127/2798 4072/1505/1385 4119/3128/2799
f 4119/3128/2799 4072/1505/1385 4118/1503/1383
f 4119/3128/2799 4118/1503/1383 4165/3129/2800
f 4165/3129/2800 4118/1503/1383 4164/1501/1381
f 4165/3129/2800 4164/1501/1381 4211/3130/2801
f 4211/3130/2801 4164/1501/1381 4210/1499/1379
f 4211/3130/2801 4210/1499/1379 4257/3131/2802
f 4257/3131/2802 4210/1499/1379 4256/1497/1377
f 4257/3131/2802 4256/1497/1377 1458/3132/2803
f 1458/3132/2803 4256/1497/1377 1459/1495/1375
f 1458/3132/2803 1459/1495/1375 1497/3133/2804
f 1497/3133/2804 1459/1495/1375 1496/1493/1373
f 1497/3133/2804 1496/1493/1373 912/3134/2805
f 912/3134/2805 1496/1493/1373 913/1491/1371
f 912/3134/2805 913/1491/1371 937/3135/2806
f 937/3135/2806 913/1491/1371 936/1489/1369
f 937/3135/2806 936/1489/1369 967/3136/2807
f 967/3136/2807 936/1489/1369 966/1487/1367
f 967/3136/2807 966/1487/1367 996/3137/2808
f 996/3137/2808 966/1487/1367 995/1486/1366
f 996/3137/2808 995/1486/1366 1024/3138/2809
f 1024/3138/2809 995/1486/1366 1023/1643/1521
f 1024/3138/2809 1023/1643/1521 1052/3139/2810
f 1052/3139/2810 1023/1643/1521 1051/1646/1524
f 1052/3139/2810 1051/1646/1524 1080/3140/2811
f 1080/3140/2811 1051/1646/1524 1079/1649/1527
f 1080/3140/2811 1079/1649/1527 1108/3141/2812
f 1108/3141/2812 1079/1649/1527 1107/1651/1529
f 1108/3141/2812 1107/1651/1529 1136/3142/2813
f 1136/3142/2813 1107/1651/1529 1135/1654/1532
f 1136/3142/2813 1135/1654/1532 1164/1664/1542
f 1164/1664/1542 1135/1654/1532 1163/1657/1535
f 745/1618/1498 746/3143/1661 1403/1616/1496
f 1403/1616/1496 746/3143/1661 1402/3144/2814
f 1403/1616/1496 1402/3144/2814 1633/1614/1494
f 1633/1614/1494 1402/3144/2814 1632/3145/2815
f 1633/1614/1494 1632/3145/2815 1679/1612/1492
f 1679/1612/1492 1632/3145/2815 1678/3146/2816
f 1679/1612/1492 1678/3146/2816 1725/1610/1490
f 1725/1610/1490 1678/3146/2816 1724/3147/2817
f 1725/1610/1490 1724/3147/2817 1771/1608/1488
f 1771/1608/1488 1724/3147/2817 1770/3148/2818
f 1771/1608/1488 1770/3148/2818 1817/1606/1486
f 1817/1606/1486 1770/3148/2818 1816/3149/2819
f 1817/1606/1486 1816/3149/2819 1863/1604/1484
f 1863/1604/1484 1816/3149/2819 1862/3150/2820
f 1863/1604/1484 1862/3150/2820 1909/1602/1482
f 1909/1602/1482 1862/3150/2820 1908/3151/2821
f 1909/1602/1482 1908/3151/2821 1955/1600/1480
f 1955/1600/1480 1908/3151/2821 1954/3152/2822
f 1955/1600/1480 1954/3152/2822 2001/1598/1478
f 2001/1598/1478 1954/3152/2822 2000/3153/2823
f 2001/1598/1478 2000/3153/2823 2047/1596/1476
f 2047/1596/1476 2000/3153/2823 2046/3154/2824
f 2047/1596/1476 2046/3154/2824 2093/1594/1474
f 2093/1594/1474 2046/3154/2824 2092/3155/2825
f 2093/1594/1474 2092/3155/2825 2139/1592/1472
f 2139/1592/1472 2092/3155/2825 2138/3156/2826
f 2139/1592/1472 2138/3156/2826 2185/1590/1470
f 2185/1590/1470 2138/3156/2826 2184/3157/2827
f 2185/1590/1470 2184/3157/2827 2231/1588/1468
f 2231/1588/1468 2184/3157/2827 2230/3158/2828
f 2231/1588/1468 2230/3158/2828 2277/1586/1466
f 2277/1586/1466 2230/3158/2828 2276/3159/2829
f 2277/1586/1466 2276/3159/2829 2323/1584/1464
f 2323/1584/1464 2276/3159/2829 2322/3160/2830
f 2323/1584/1464 2322/3160/2830 2369/1582/1462
f 2369/1582/1462 2322/3160/2830 2368/3161/2831
f 2369/1582/1462 2368/3161/2831 2415/1580/1460
f 2415/1580/1460 2368/3161/2831 2414/3162/2832
f 2415/1580/1460 2414/3162/2832 2461/1578/1458
f 2461/1578/1458 2414/3162/2832 2460/3163/2833
f 2461/1578/1458 2460/3163/2833 2507/1576/1456
f 2507/1576/1456 2460/3163/2833 2506/3164/2834
f 2507/1576/1456 2506/3164/2834 2553/1574/1454
f 2553/1574/1454 2506/3164/2834 2552/3165/2835
f 2553/1574/1454 2552/3165/2835 2599/1572/1452
f 2599/1572/1452 2552/3165/2835 2598/3166/2836
f 2599/1572/1452 2598/3166/2836 2645/1570/1450
f 2645/1570/1450 2598/3166/2836 2644/3167/2837
f 2645/1570/1450 2644/3167/2837 2691/1568/1448
f 2691/1568/1448 2644/3167/2837 2690/3168/2838
f 2691/1568/1448 2690/3168/2838 2737/1566/1446
f 2737/1566/1446 2690/3168/2838 2736/3169/2839
f 2737/1566/1446 2736/3169/2839 2783/1564/1444
f 2783/1564/1444 2736/3169/2839 2782/3170/2840
f 2783/1564/1444 2782/3170/2840 2829/1562/1442
f 2829/1562/1442 2782/3170/2840 2828/3171/2841
f 2829/1562/1442 2828/3171/2841 2875/1560/1440
f 2875/1560/1440 2828/3171/2841 2874/3172/2842
f 2875/1560/1440 2874/3172/2842 2921/1558/1438
f 2921/1558/1438 2874/3172/2842 2920/3173/2843
f 2921/1558/1438 2920/3173/2843 1552/1556/1436
f 1552/1556/1436 2920/3173/2843 1553/3174/2844
f 1552/1556/1436 1553/3174/2844 1587/1554/1434
f 1587/1554/1434 1553/3174/2844 1586/3175/2845
f 1587/1554/1434 1586/3175/2845 2967/1552/1432
f 2967/1552/1432 1586/3175/2845 2966/3176/2846
f 2967/1552/1432 2966/3176/2846 3013/1550/1430
f 3013/1550/1430 2966/3176/2846 3012/3177/2847
f 3013/1550/1430 3012/3177/2847 3059/1548/1428
f 3059/1548/1428 3012/3177/2847 3058/3178/2848
f 3059/1548/1428 3058/3178/2848 3105/1546/1426
f 3105/1546/1426 3058/3178/2848 3104/3179/2849
f 3105/1546/1426 3104/3179/2849 3151/1544/1424
f 3151/1544/1424 3104/3179/2849 3150/3180/2850
f 3151/1544/1424 3150/3180/2850 3197/1542/1422
f 3197/1542/1422 3150/3180/2850 3196/3181/2851
f 3197/1542/1422 3196/3181/2851 3243/1540/1420
f 3243/1540/1420 3196/3181/2851 3242/3182/2852
f 3243/1540/1420 3242/3182/2852 3289/1538/1418
f 3289/1538/1418 3242/3182/2852 3288/3183/2853
f 3289/1538/1418 3288/3183/2853 3335/1536/1416
f 3335/1536/1416 3288/3183/2853 3334/3184/2854
f 3335/1536/1416 3334/3184/2854 3381/1534/1414
f 3381/1534/1414 3334/3184/2854 3380/3185/2855
f 3381/1534/1414 3380/3185/2855 3427/1532/1412
f 3427/1532/1412 3380/3185/2855 3426/3186/2856
f 3427/1532/1412 3426/3186/2856 3473/1530/1410
f 3473/1530/1410 3426/3186/2856 3472/3187/2857
f 3473/1530/1410 3472/3187/2857 3519/1528/1408
f 3519/1528/1408 3472/3187/2857 3518/3188/2858
f 3519/1528/1408 3518/3188/2858 3565/1526/1406
f 3565/1526/1406 3518/3188/2858 3564/3189/2859
f 3565/1526/1406 3564/3189/2859 3611/1524/1404
f 3611/1524/1404 3564/3189/2859 3610/3190/2860
f 3611/1524/1404 3610/3190/2860 3657/1522/1402
f 3657/1522/1402 3610/3190/2860 3656/3191/2861
f 3657/1522/1402 3656/3191/2861 3703/1520/1400
f 3703/1520/1400 3656/3191/2861 3702/3192/2862
f 3703/1520/1400 3702/3192/2862 3749/1518/1398
f 3749/1518/1398 3702/3192/2862 3748/3193/2863
f 3749/1518/1398 3748/3193/2863 3795/1516/1396
f 3795/1516/1396 3748/3193/2863 3794/3194/2864
f 3795/1516/1396 3794/3194/2864 3841/1514/1394
f 3841/1514/1394 3794/3194/2864 3840/3195/2865
f 3841/1514/1394 3840/3195/2865 3887/1512/1392
f 3887/1512/1392 3840/3195/2865 3886/3196/2866
f 3887/1512/1392 3886/3196/2866 3933/1510/1390
f 3933/1510/1390 3886/3196/2866 3932/3197/2867
f 3933/1510/1390 3932/3197/2867 3979/1508/1388
f 3979/1508/1388 3932/3197/2867 3978/3198/2868
f 3979/1508/1388 3978/3198/2868 4025/1506/1386
f 4025/1506/1386 3978/3198/2868 4024/3199/2869
f 4025/1506/1386 4024/3199/2869 4071/1504/1384
f 4071/1504/1384 4024/3199/2869 4070/3200/2870
f 4071/1504/1384 4070/3200/2870 4117/1502/1382
f 4117/1502/1382 4070/3200/2870 4116/3201/2871
f 4117/1502/1382 4116/3201/2871 4163/1500/1380
f 4163/1500/1380 4116/3201/2871 4162/3202/2872
f 4163/1500/1380 4162/3202/2872 4209/1498/1378
f 4209/1498/1378 4162/3202/2872 4208/3203/2873
f 4209/1498/1378 4208/3203/2873 4255/1496/1376
f 4255/1496/1376 4208/3203/2873 4254/3204/2874
f 4255/1496/1376 4254/3204/2874 1460/1494/1374
f 1460/1494/1374 4254/3204/2874 1461/3205/2875
f 1460/1494/1374 1461/3205/2875 1495/1492/1372
f 1495/1492/1372 1461/3205/2875 1494/3206/2876
f 1495/1492/1372 1494/3206/2876 914/1490/1370
f 914/1490/1370 1494/3206/2876 915/3207/2877
f 914/1490/1370 915/3207/2877 935/1488/1368
f 935/1488/1368 915/3207/2877 934/1477/1357
f 935/1488/1368 934/1477/1357 965/1484/1364
f 746/3143/1661 747/3208/1659 1402/3144/2814
f 1402/3144/2814 747/3208/1659 1401/3209/2878
f 1402/3144/2814 1401/3209/2878 1632/3145/2815
f 1632/3145/2815 1401/3209/2878 1631/3210/2879
f 1632/3145/2815 1631/3210/2879 1678/3146/2816
f 1678/3146/2816 1631/3210/2879 1677/3211/2880
f 1678/3146/2816 1677/3211/2880 1724/3147/2817
f 1724/3147/2817 1677/3211/2880 1723/3212/2881
f 1724/3147/2817 1723/3212/2881 1770/3148/2818
f 1770/3148/2818 1723/3212/2881 1769/3213/2882
f 1770/3148/2818 1769/3213/2882 1816/3149/2819
f 1816/3149/2819 1769/3213/2882 1815/3214/2883
f 1816/3149/2819 1815/3214/2883 1862/3150/2820
f 1862/3150/2820 1815/3214/2883 1861/3215/2884
f 1862/3150/2820 1861/3215/2884 1908/3151/2821
f 1908/3151/2821 1861/3215/2884 1907/3216/2885
f 1908/3151/2821 1907/3216/2885 1954/3152/2822
f 1954/3152/2822 1907/3216/2885 1953/3217/2886
f 1954/3152/2822 1953/3217/2886 2000/3153/2823
f 2000/3153/2823 1953/3217/2886 1999/3218/2887
f 2000/3153/2823 1999/3218/2887 2046/3154/2824
f 2046/3154/2824 1999/3218/2887 2045/3219/2888
f 2046/3154/2824 2045/3219/2888 2092/3155/2825
f 2092/3155/2825 2045/3219/2888 2091/3220/2889
f 2092/3155/2825 2091/3220/2889 2138/3156/2826
f 2138/3156/2826 2091/3220/2889 2137/3221/2890
f 2138/3156/2826 2137/3221/2890 2184/3157/2827
f 2184/3157/2827 2137/3221/2890 2183/3222/2891
f 2184/3157/2827 2183/3222/2891 2230/3158/2828
f 2230/3158/2828 2183/3222/2891 2229/3223/2892
f 2230/3158/2828 2229/3223/2892 2276/3159/2829
f 2276/3159/2829 2229/3223/2892 2275/3224/2893
f 2276/3159/2829 2275/3224/2893 2322/3160/2830
f 2322/3160/2830 2275/3224/2893 2321/3225/2894
f 2322/3160/2830 2321/3225/2894 2368/3161/2831
f 2368/3161/2831 2321/3225/2894 2367/3226/2895
f 2368/3161/2831 2367/3226/2895 2414/3162/2832
f 2414/3162/2832 2367/3226/2895 2413/3227/2896
f 2414/3162/2832 2413/3227/2896 2460/3163/2833
f 2460/3163/2833 2413/3227/2896 2459/3228/2897
f 2460/3163/2833 2459/3228/2897 2506/3164/2834
f 2506/3164/2834 2459/3228/2897 2505/3229/2898
f 2506/3164/2834 2505/3229/2898 2552/3165/2835
f 2552/3165/2835 2505/3229/2898 2551/3230/2899
f 2552/3165/2835 2551/3230/2899 2598/3166/2836
f 2598/3166/2836 2551/3230/2899 2597/3231/2900
f 2598/3166/2836 2597/3231/2900 2644/3167/2837
f 2644/3167/2837 2597/3231/2900 2643/3232/2901
f 2644/3167/2837 2643/3232/2901 2690/3168/2838
f 2690/3168/2838 2643/3232/2901 2689/3233/2902
f 2690/3168/2838 2689/3233/2902 2736/3169/2839
f 2736/3169/2839 2689/3233/2902 2735/3234/2903
f 2736/3169/2839 2735/3234/2903 2782/3170/2840
f 2782/3170/2840 2735/3234/2903 2781/3235/2904
f 2782/3170/2840 2781/3235/2904 2828/3171/2841
f 2828/3171/2841 2781/3235/2904 2827/3236/2905
f 2828/3171/2841 2827/3236/2905 2874/3172/2842
f 2874/3172/2842 2827/3236/2905 2873/3237/2906
f 2874/3172/2842 2873/3237/2906 2920/3173/2843
f 2920/3173/2843 2873/3237/2906 2919/3238/2907
f 2920/3173/2843 2919/3238/2907 1553/3174/2844
f 1553/3174/2844 2919/3238/2907 1554/3239/2908
f 1553/3174/2844 1554/3239/2908 1586/3175/2845
f 1586/3175/2845 1554/3239/2908 1585/3240/2909
f 1586/3175/2845 1585/3240/2909 2966/3176/2846
f 2966/3176/2846 1585/3240/2909 2965/3241/2910
f 2966/3176/2846 2965/3241/2910 3012/3177/2847
f 3012/3177/2847 2965/3241/2910 3011/3242/2911
f 3012/3177/2847 3011/3242/2911 3058/3178/2848
f 3058/3178/2848 3011/3242/2911 3057/3243/2912
f 3058/3178/2848 3057/3243/2912 3104/3179/2849
f 3104/3179/2849 3057/3243/2912 3103/3244/2913
f 3104/3179/2849 3103/3244/2913 3150/3180/2850
f 3150/3180/2850 3103/3244/2913 3149/3245/2914
f 3150/3180/2850 3149/3245/2914 3196/3181/2851
f 3196/3181/2851 3149/3245/2914 3195/3246/2915
f 3196/3181/2851 3195/3246/2915 3242/3182/2852
f 3242/3182/2852 3195/3246/2915 3241/3247/2916
f 3242/3182/2852 3241/3247/2916 3288/3183/2853
f 3288/3183/2853 3241/3247/2916 3287/3248/2917
f 3288/3183/2853 3287/3248/2917 3334/3184/2854
f 3334/3184/2854 3287/3248/2917 3333/3249/2918
f 3334/3184/2854 3333/3249/2918 3380/3185/2855
f 3380/3185/2855 3333/3249/2918 3379/3250/2919
f 3380/3185/2855 3379/3250/2919 3426/3186/2856
f 3426/3186/2856 3379/3250/2919 3425/3251/2920
f 3426/3186/2856 3425/3251/2920 3472/3187/2857
f 3472/3187/2857 3425/3251/2920 3471/3252/2921
f 3472/3187/2857 3471/3252/2921 3518/3188/2858
f 3518/3188/2858 3471/3252/2921 3517/3253/2922
f 3518/3188/2858 3517/3253/2922 3564/3189/2859
f 3564/3189/2859 3517/3253/2922 3563/3254/2923
f 3564/3189/2859 3563/3254/2923 3610/3190/2860
f 3610/3190/2860 3563/3254/2923 3609/3255/2924
f 3610/3190/2860 3609/3255/2924 3656/3191/2861
f 3656/3191/2861 3609/3255/2924 3655/3256/2925
f 3656/3191/2861 3655/3256/2925 3702/3192/2862
f 3702/3192/2862 3655/3256/2925 3701/3257/2926
f 3702/3192/2862 3701/3257/2926 3748/3193/2863
f 3748/3193/2863 3701/3257/2926 3747/3258/2927
f 3748/3193/2863 3747/3258/2927 3794/3194/2864
f 3794/3194/2864 3747/3258/2927 3793/3259/2928
f 3794/3194/2864 3793/3259/2928 3840/3195/2865
f 3840/3195/2865 3793/3259/2928 3839/3260/2929
f 3840/3195/2865 3839/3260/2929 3886/3196/2866
f 3886/3196/2866 3839/3260/2929 3885/3261/2930
f 3886/3196/2866 3885/3261/2930 3932/3197/2867
f 3932/3197/2867 3885/3261/2930 3931/3262/2931
f 3932/3197/2867 3931/3262/2931 3978/3198/2868
f 3978/3198/2868 3931/3262/2931 3977/3263/2932
f 3978/3198/2868 3977/3263/2932 4024/3199/2869
f 4024/3199/2869 3977/3263/2932 4023/3264/2933
f 4024/3199/2869 4023/3264/2933 4070/3200/2870
f 4070/3200/2870 4023/3264/2933 4069/3265/2934
f 4070/3200/2870 4069/3265/2934 4116/3201/2871
f 4116/3201/2871 4069/3265/2934 4115/3266/2935
f 4116/3201/2871 4115/3266/2935 4162/3202/2872
f 4162/3202/2872 4115/3266/2935 4161/3267/2936
f 4162/3202/2872 4161/3267/2936 4208/3203/2873
f 4208/3203/2873 4161/3267/2936 4207/3268/2937
f 4208/3203/2873 4207/3268/2937 4254/3204/2874
f 4254/3204/2874 4207/3268/2937 4253/3269/2938
f 4254/3204/2874 4253/3269/2938 1461/3205/2875
f 1461/3205/2875 4253/3269/2938 1462/3270/2939
f 1461/3205/2875 1462/3270/2939 1494/3206/2876
f 1494/3206/2876 1462/3270/2939 1493/3271/2940
f 1494/3206/2876 1493/3271/2940 915/3207/2877
f 915/3207/2877 1493/3271/2940 916/3272/2941
f 915/3207/2877 916/3272/2941 934/1477/1357
f 934/1477/1357 916/3272/2941 933/1473/1353
f 747/3208/1659 716/1789/1656 1401/3209/2878
f 1401/3209/2878 716/1789/1656 1400/1791/1658
f 1401/3209/2878 1400/1791/1658 1631/3210/2879
f 1631/3210/2879 1400/1791/1658 1630/3273/2942
f 1631/3210/2879 1630/3273/2942 1677/3211/2880
f 1677/3211/2880 1630/3273/2942 1676/3274/2943
f 1677/3211/2880 1676/3274/2943 1723/3212/2881
f 1723/3212/2881 1676/3274/2943 1722/3275/2944
f 1723/3212/2881 1722/3275/2944 1769/3213/2882
f 1769/3213/2882 1722/3275/2944 1768/3276/2945
f 1769/3213/2882 1768/3276/2945 1815/3214/2883
f 1815/3214/2883 1768/3276/2945 1814/3277/2946
f 1815/3214/2883 1814/3277/2946 1861/3215/2884
f 1861/3215/2884 1814/3277/2946 1860/3278/2947
f 1861/3215/2884 1860/3278/2947 1907/3216/2885
f 1907/3216/2885 1860/3278/2947 1906/3279/2948
f 1907/3216/2885 1906/3279/2948 1953/3217/2886
f 1953/3217/2886 1906/3279/2948 1952/3280/2949
f 1953/3217/2886 1952/3280/2949 1999/3218/2887
f 1999/3218/2887 1952/3280/2949 1998/3281/2950
f 1999/3218/2887 1998/3281/2950 2045/3219/2888
f 2045/3219/2888 1998/3281/2950 2044/3282/2951
f 2045/3219/2888 2044/3282/2951 2091/3220/2889
f 2091/3220/2889 2044/3282/2951 2090/3283/2952
f 2091/3220/2889 2090/3283/2952 2137/3221/2890
f 2137/3221/2890 2090/3283/2952 2136/3284/2953
f 2137/3221/2890 2136/3284/2953 2183/3222/2891
f 2183/3222/2891 2136/3284/2953 2182/3285/2954
f 2183/3222/2891 2182/3285/2954 2229/3223/2892
f 2229/3223/2892 2182/3285/2954 2228/3286/2955
f 2229/3223/2892 2228/3286/2955 2275/3224/2893
f 2275/3224/2893 2228/3286/2955 2274/3287/2956
f 2275/3224/2893 2274/3287/2956 2321/3225/2894
f 2321/3225/2894 2274/3287/2956 2320/3288/2957
f 2321/3225/2894 2320/3288/2957 2367/3226/2895
f 2367/3226/2895 2320/3288/2957 2366/3289/2958
f 2367/3226/2895 2366/3289/2958 2413/3227/2896
f 2413/3227/2896 2366/3289/2958 2412/3290/2959
f 2413/3227/2896 2412/3290/2959 2459/3228/2897
f 2459/3228/2897 2412/3290/2959 2458/3291/2960
f 2459/3228/2897 2458/3291/2960 2505/3229/2898
f 2505/3229/2898 2458/3291/2960 2504/3292/2961
f 2505/3229/2898 2504/3292/2961 2551/3230/2899
f 2551/3230/2899 2504/3292/2961 2550/3293/2962
f 2551/3230/2899 2550/3293/2962 2597/3231/2900
f 2597/3231/2900 2550/3293/2962 2596/3294/2963
f 2597/3231/2900 2596/3294/2963 2643/3232/2901
f 2643/3232/2901 2596/3294/2963 2642/3295/2964
f 2643/3232/2901 2642/3295/2964 2689/3233/2902
f 2689/3233/2902 2642/3295/2964 2688/3296/2965
f 2689/3233/2902 2688/3296/2965 2735/3234/2903
f 2735/3234/2903 2688/3296/2965 2734/3297/2966
f 2735/3234/2903 2734/3297/2966 2781/3235/2904
f 2781/3235/2904 2734/3297/2966 2780/3298/2967
f 2781/3235/2904 2780/3298/2967 2827/3236/2905
f 2827/3236/2905 2780/3298/2967 2826/3299/2968
f 2827/3236/2905 2826/3299/2968 2873/3237/2906
f 2873/3237/2906 2826/3299/2968 2872/3300/2969
f 2873/3237/2906 2872/3300/2969 2919/3238/2907
f 2919/3238/2907 2872/3300/2969 2918/3301/2970
f 2919/3238/2907 2918/3301/2970 1554/3239/2908
f 1554/3239/2908 2918/3301/2970 1555/3302/2971
f 1554/3239/2908 1555/3302/2971 1585/3240/2909
f 1585/3240/2909 1555/3302/2971 1584/3303/2972
f 1585/3240/2909 1584/3303/2972 2965/3241/2910
f 2965/3241/2910 1584/3303/2972 2964/3304/2973
f 2965/3241/2910 2964/3304/2973 3011/3242/2911
f 3011/3242/2911 2964/3304/2973 3010/3305/2974
f 3011/3242/2911 3010/3305/2974 3057/3243/2912
f 3057/3243/2912 3010/3305/2974 3056/3306/2975
f 3057/3243/2912 3056/3306/2975 3103/3244/2913
f 3103/3244/2913 3056/3306/2975 3102/3307/2976
f 3103/3244/2913 3102/3307/2976 3149/3245/2914
f 3149/3245/2914 3102/3307/2976 3148/3308/2977
f 3149/3245/2914 3148/3308/2977 3195/3246/2915
f 3195/3246/2915 3148/3308/2977 3194/3309/2978
f 3195/3246/2915 3194/3309/2978 3241/3247/2916
f 3241/3247/2916 3194/3309/2978 3240/3310/2979
f 3241/3247/2916 3240/3310/2979 3287/3248/2917
f 3287/3248/2917 3240/3310/2979 3286/3311/2980
f 3287/3248/2917 3286/3311/2980 3333/3249/2918
f 3333/3249/2918 3286/3311/2980 3332/3312/2981
f 3333/3249/2918 3332/3312/2981 3379/3250/2919
f 3379/3250/2919 3332/3312/2981 3378/3313/2982
f 3379/3250/2919 3378/3313/2982 3425/3251/2920
f 3425/3251/2920 3378/3313/2982 3424/3314/2983
f 3425/3251/2920 3424/3314/2983 3471/3252/2921
f 3471/3252/2921 3424/3314/2983 3470/3315/2984
f 3471/3252/2921 3470/3315/2984 3517/3253/2922
f 3517/3253/2922 3470/3315/2984 3516/3316/2985
f 3517/3253/2922 3516/3316/2985 3563/3254/2923
f 3563/3254/2923 3516/3316/2985 3562/3317/2986
f 3563/3254/2923 3562/3317/2986 3609/3255/2924
f 3609/3255/2924 3562/3317/2986 3608/3318/2987
f 3609/3255/2924 3608/3318/2987 3655/3256/2925
f 3655/3256/2925 3608/3318/2987 3654/3319/2988
f 3655/3256/2925 3654/3319/2988 3701/3257/2926
f 3701/3257/2926 3654/3319/2988 3700/3320/2989
f 3701/3257/2926 3700/3320/2989 3747/3258/2927
f 3747/3258/2927 3700/3320/2989 3746/3321/2990
f 3747/3258/2927 3746/3321/2990 3793/3259/2928
f 3793/3259/2928 3746/3321/2990 3792/3322/2991
f 3793/3259/2928 3792/3322/2991 3839/3260/2929
f 3839/3260/2929 3792/3322/2991 3838/3323/2992
f 3839/3260/2929 3838/3323/2992 3885/3261/2930
f 3885/3261/2930 3838/3323/2992 3884/3324/2993
f 3885/3261/2930 3884/3324/2993 3931/3262/2931
f 3931/3262/2931 3884/3324/2993 3930/3325/2994
f 3931/3262/2931 3930/3325/2994 3977/3263/2932
f 3977/3263/2932 3930/3325/2994 3976/3326/2995
f 3977/3263/2932 3976/3326/2995 4023/3264/2933
f 4023/3264/2933 3976/3326/2995 4022/3327/2996
f 4023/3264/2933 4022/3327/2996 4069/3265/2934
f 4069/3265/2934 4022/3327/2996 4068/3328/2997
f 4069/3265/2934 4068/3328/2997 4115/3266/2935
f 4115/3266/2935 4068/3328/2997 4114/3329/2998
f 4115/3266/2935 4114/3329/2998 4161/3267/2936
f 4161/3267/2936 4114/3329/2998 4160/3330/2999
f 4161/3267/2936 4160/3330/2999 4207/3268/2937
f 4207/3268/2937 4160/3330/2999 4206/3331/3000
f 4207/3268/2937 4206/3331/3000 4253/3269/2938
f 4253/3269/2938 4206/3331/3000 4252/3332/3001
f 4253/3269/2938 4252/3332/3001 1462/3270/2939
f 1462/3270/2939 4252/3332/3001 1463/3333/3002
f 1462/3270/2939 1463/3333/3002 1493/3271/2940
f 1493/3271/2940 1463/3333/3002 1492/3334/3003
f 1493/3271/2940 1492/3334/3003 916/3272/2941
f 916/3272/2941 1492/3334/3003 917/1471/1351
f 916/3272/2941 917/1471/1351 933/1473/1353
f 1372/1454/1334 749/1453/1333 748/3335/1657
f 748/3335/1657 716/1792/1656 1371/3336/3004
f 1371/3336/3004 716/1792/1656 1370/1794/1660
f 1371/3336/3004 1370/1794/1660 4942/3337/3005
f 4942/3337/3005 1370/1794/1660 4943/3338/3006
f 4942/3337/3005 4943/3338/3006 4896/3339/3007
f 4896/3339/3007 4943/3338/3006 4897/3340/3008
f 4896/3339/3007 4897/3340/3008 4850/3341/3009
f 4850/3341/3009 4897/3340/3008 4851/3342/3010
f 4850/3341/3009 4851/3342/3010 4804/3343/3011
f 4804/3343/3011 4851/3342/3010 4805/3344/3012
f 4804/3343/3011 4805/3344/3012 4758/3345/3013
f 4758/3345/3013 4805/3344/3012 4759/3346/3014
f 4758/3345/3013 4759/3346/3014 4712/3347/3015
f 4712/3347/3015 4759/3346/3014 4713/3348/3016
f 4712/3347/3015 4713/3348/3016 4666/3349/3017
f 4666/3349/3017 4713/3348/3016 4667/3350/3018
f 4666/3349/3017 4667/3350/3018 4620/3351/3019
f 4620/3351/3019 4667/3350/3018 4621/3352/3020
f 4620/3351/3019 4621/3352/3020 4574/3353/3021
f 4574/3353/3021 4621/3352/3020 4575/3354/3022
f 4574/3353/3021 4575/3354/3022 4528/3355/3023
f 4528/3355/3023 4575/3354/3022 4529/3356/3024
f 4528/3355/3023 4529/3356/3024 4482/3357/3025
f 4482/3357/3025 4529/3356/3024 4483/3358/3026
f 4482/3357/3025 4483/3358/3026 4436/3359/3027
f 4436/3359/3027 4483/3358/3026 4437/3360/3028
f 4436/3359/3027 4437/3360/3028 4390/3361/3029
f 4390/3361/3029 4437/3360/3028 4391/841/730
f 4390/3361/3029 4391/841/730 4344/839/728
f 754/1084/970 755/3362/3030 1394/1082/968
f 1394/1082/968 755/3362/3030 1393/3363/3031
f 1394/1082/968 1393/3363/3031 1624/1080/966
f 1624/1080/966 1393/3363/3031 1623/3364/3032
f 1624/1080/966 1623/3364/3032 1670/1078/964
f 1670/1078/964 1623/3364/3032 1669/3365/3033
f 1670/1078/964 1669/3365/3033 1716/1076/962
f 1716/1076/962 1669/3365/3033 1715/3366/3034
f 1716/1076/962 1715/3366/3034 1762/1074/960
f 1762/1074/960 1715/3366/3034 1761/3367/3035
f 1762/1074/960 1761/3367/3035 1808/1072/958
f 1808/1072/958 1761/3367/3035 1807/3368/3036
f 1808/1072/958 1807/3368/3036 1854/1070/956
f 1854/1070/956 1807/3368/3036 1853/3369/3037
f 1854/1070/956 1853/3369/3037 1900/1068/954
f 1900/1068/954 1853/3369/3037 1899/3370/3038
f 1900/1068/954 1899/3370/3038 1946/1066/952
f 1946/1066/952 1899/3370/3038 1945/3371/3039
f 1946/1066/952 1945/3371/3039 1992/1064/950
f 1992/1064/950 1945/3371/3039 1991/3372/3040
f 1992/1064/950 1991/3372/3040 2038/1062/948
f 2038/1062/948 1991/3372/3040 2037/3373/3041
f 2038/1062/948 2037/3373/3041 2084/1060/946
f 2084/1060/946 2037/3373/3041 2083/3374/3042
f 2084/1060/946 2083/3374/3042 2130/1058/944
f 2130/1058/944 2083/3374/3042 2129/3375/3043
f 2130/1058/944 2129/3375/3043 2176/1056/942
f 2176/1056/942 2129/3375/3043 2175/3376/3044
f 2176/1056/942 2175/3376/3044 2222/1054/940
f 2222/1054/940 2175/3376/3044 2221/3377/3045
f 2222/1054/940 2221/3377/3045 2268/1052/938
f 2268/1052/938 2221/3377/3045 2267/3378/3046
f 2268/1052/938 2267/3378/3046 2314/1050/936
f 2314/1050/936 2267/3378/3046 2313/3379/3047
f 2314/1050/936 2313/3379/3047 2360/1048/934
f 2360/1048/934 2313/3379/3047 2359/3380/3048
f 2360/1048/934 2359/3380/3048 2406/1046/932
f 2406/1046/932 2359/3380/3048 2405/3381/3049
f 2406/1046/932 2405/3381/3049 2452/1044/930
f 2452/1044/930 2405/3381/3049 2451/3382/3050
f 2452/1044/930 2451/3382/3050 2498/1042/928
f 2498/1042/928 2451/3382/3050 2497/3383/3051
f 2498/1042/928 2497/3383/3051 2544/1040/926
f 2544/1040/926 2497/3383/3051 2543/3384/3052
f 2544/1040/926 2543/3384/3052 2590/1038/924
f 2590/1038/924 2543/3384/3052 2589/3385/3053
f 2590/1038/924 2589/3385/3053 2636/1036/922
f 2636/1036/922 2589/3385/3053 2635/3386/3054
f 2636/1036/922 2635/3386/3054 2682/1034/920
f 2682/1034/920 2635/3386/3054 2681/3387/3055
f 2682/1034/920 2681/3387/3055 2728/1032/918
f 2728/1032/918 2681/3387/3055 2727/3388/3056
f 2728/1032/918 2727/3388/3056 2774/1030/916
f 2774/1030/916 2727/3388/3056 2773/3389/3057
f 2774/1030/916 2773/3389/3057 2820/1028/914
f 2820/1028/914 2773/3389/3057 2819/3390/3058
f 2820/1028/914 2819/3390/3058 2866/1026/912
f 2866/1026/912 2819/3390/3058 2865/3391/3059
f 2866/1026/912 2865/3391/3059 2912/1024/910
f 2912/1024/910 2865/3391/3059 2911/3392/3060
f 2912/1024/910 2911/3392/3060 1561/1022/908
f 1561/1022/908 2911/3392/3060 1562/3393/3061
f 1561/1022/908 1562/3393/3061 1578/1020/906
f 1578/1020/906 1562/3393/3061 1577/3394/3062
f 1578/1020/906 1577/3394/3062 2958/1018/904
f 2958/1018/904 1577/3394/3062 2957/3395/3063
f 2958/1018/904 2957/3395/3063 3004/1016/902
f 3004/1016/902 2957/3395/3063 3003/3396/3064
f 3004/1016/902 3003/3396/3064 3050/1014/900
f 3050/1014/900 3003/3396/3064 3049/3397/3065
f 3050/1014/900 3049/3397/3065 3096/1012/898
f 3096/1012/898 3049/3397/3065 3095/3398/3066
f 3096/1012/898 3095/3398/3066 3142/1010/896
f 3142/1010/896 3095/3398/3066 3141/3399/3067
f 3142/1010/896 3141/3399/3067 3188/1008/894
f 3188/1008/894 3141/3399/3067 3187/3400/3068
f 3188/1008/894 3187/3400/3068 3234/1006/892
f 3234/1006/892 3187/3400/3068 3233/3401/3069
f 3234/1006/892 3233/3401/3069 3280/1004/890
f 3280/1004/890 3233/3401/3069 3279/3402/3070
f 3280/1004/890 3279/3402/3070 3326/1002/888
f 3326/1002/888 3279/3402/3070 3325/3403/3071
f 3326/1002/888 3325/3403/3071 3372/1000/886
f 3372/1000/886 3325/3403/3071 3371/3404/3072
f 3372/1000/886 3371/3404/3072 3418/998/884
f 3418/998/884 3371/3404/3072 3417/3405/3073
f 3418/998/884 3417/3405/3073 3464/996/882
f 3464/996/882 3417/3405/3073 3463/3406/3074
f 3464/996/882 3463/3406/3074 3510/994/880
f 3510/994/880 3463/3406/3074 3509/3407/3075
f 3510/994/880 3509/3407/3075 3556/992/878
f 3556/992/878 3509/3407/3075 3555/3408/3076
f 3556/992/878 3555/3408/3076 3602/990/876
f 3602/990/876 3555/3408/3076 3601/3409/3077
f 3602/990/876 3601/3409/3077 3648/988/874
f 3648/988/874 3601/3409/3077 3647/3410/3078
f 3648/988/874 3647/3410/3078 3694/986/872
f 3694/986/872 3647/3410/3078 3693/3411/3079
f 3694/986/872 3693/3411/3079 3740/984/870
f 3740/984/870 3693/3411/3079 3739/3412/3080
f 3740/984/870 3739/3412/3080 3786/982/868
f 3786/982/868 3739/3412/3080 3785/3413/3081
f 3786/982/868 3785/3413/3081 3832/980/866
f 3832/980/866 3785/3413/3081 3831/3414/3082
f 3832/980/866 3831/3414/3082 3878/978/864
f 3878/978/864 3831/3414/3082 3877/3415/3083
f 3878/978/864 3877/3415/3083 3924/976/862
f 3924/976/862 3877/3415/3083 3923/3416/3084
f 3924/976/862 3923/3416/3084 3970/974/860
f 3970/974/860 3923/3416/3084 3969/3417/3085
f 3970/974/860 3969/3417/3085 4016/972/858
f 4016/972/858 3969/3417/3085 4015/3418/3086
f 4016/972/858 4015/3418/3086 4062/970/856
f 4062/970/856 4015/3418/3086 4061/3419/3087
f 4062/970/856 4061/3419/3087 4108/968/854
f 4108/968/854 4061/3419/3087 4107/3420/3088
f 4108/968/854 4107/3420/3088 4154/966/852
f 4154/966/852 4107/3420/3088 4153/3421/3089
f 4154/966/852 4153/3421/3089 4200/964/850
f 4200/964/850 4153/3421/3089 4199/3422/3090
f 4200/964/850 4199/3422/3090 4246/962/848
f 4246/962/848 4199/3422/3090 4245/3423/3091
f 4246/962/848 4245/3423/3091 1469/960/846
f 1469/960/846 4245/3423/3091 1470/3424/3092
f 1469/960/846 1470/3424/3092 1486/958/844
f 1486/958/844 1470/3424/3092 1485/3425/3093
f 1486/958/844 1485/3425/3093 923/956/842
f 923/956/842 1485/3425/3093 924/3426/3094
f 923/956/842 924/3426/3094 877/954/840
f 877/954/840 924/3426/3094 878/3427/3095
f 877/954/840 878/3427/3095 865/952/838
f 865/952/838 878/3427/3095 866/3428/3096
f 865/952/838 866/3428/3096 854/950/836
f 854/950/836 866/3428/3096 855/3429/3097
f 854/950/836 855/3429/3097 844/948/834
f 844/948/834 855/3429/3097 845/3430/3098
f 844/948/834 845/3430/3098 834/946/832
f 834/946/832 845/3430/3098 835/3431/3099
f 834/946/832 835/3431/3099 825/944/830
f 825/944/830 835/3431/3099 826/933/820
f 825/944/830 826/933/820 816/932/819
f 755/3362/3030 756/3432/3100 1393/3363/3031
f 1393/3363/3031 756/3432/3100 1392/3433/3101
f 1393/3363/3031 1392/3433/3101 1623/3364/3032
f 1623/3364/3032 1392/3433/3101 1622/3434/3102
f 1623/3364/3032 1622/3434/3102 1669/3365/3033
f 1669/3365/3033 1622/3434/3102 1668/3435/3103
f 1669/3365/3033 1668/3435/3103 1715/3366/3034
f 1715/3366/3034 1668/3435/3103 1714/3436/3104
f 1715/3366/3034 1714/3436/3104 1761/3367/3035
f 1761/3367/3035 1714/3436/3104 1760/3437/3105
f 1761/3367/3035 1760/3437/3105 1807/3368/3036
f 1807/3368/3036 1760/3437/3105 1806/3438/3106
f 1807/3368/3036 1806/3438/3106 1853/3369/3037
f 1853/3369/3037 1806/3438/3106 1852/3439/3107
f 1853/3369/3037 1852/3439/3107 1899/3370/3038
f 1899/3370/3038 1852/3439/3107 1898/3440/3108
f 1899/3370/3038 1898/3440/3108 1945/3371/3039
f 1945/3371/3039 1898/3440/3108 1944/3441/3109
f 1945/3371/3039 1944/3441/3109 1991/3372/3040
f 1991/3372/3040 1944/3441/3109 1990/3442/3110
f 1991/3372/3040 1990/3442/3110 2037/3373/3041
f 2037/3373/3041 1990/3442/3110 2036/3443/3111
f 2037/3373/3041 2036/3443/3111 2083/3374/3042
f 2083/3374/3042 2036/3443/3111 2082/3444/3112
f 2083/3374/3042 2082/3444/3112 2129/3375/3043
f 2129/3375/3043 2082/3444/3112 2128/3445/3113
f 2129/3375/3043 2128/3445/3113 2175/3376/3044
f 2175/3376/3044 2128/3445/3113 2174/3446/3114
f 2175/3376/3044 2174/3446/3114 2221/3377/3045
f 2221/3377/3045 2174/3446/3114 2220/3447/3115
f 2221/3377/3045 2220/3447/3115 2267/3378/3046
f 2267/3378/3046 2220/3447/3115 2266/3448/3116
f 2267/3378/3046 2266/3448/3116 2313/3379/3047
f 2313/3379/3047 2266/3448/3116 2312/3449/3117
f 2313/3379/3047 2312/3449/3117 2359/3380/3048
f 2359/3380/3048 2312/3449/3117 2358/3450/3118
f 2359/3380/3048 2358/3450/3118 2405/3381/3049
f 2405/3381/3049 2358/3450/3118 2404/3451/3119
f 2405/3381/3049 2404/3451/3119 2451/3382/3050
f 2451/3382/3050 2404/3451/3119 2450/3452/3120
f 2451/3382/3050 2450/3452/3120 2497/3383/3051
f 2497/3383/3051 2450/3452/3120 2496/3453/3121
f 2497/3383/3051 2496/3453/3121 2543/3384/3052
f 2543/3384/3052 2496/3453/3121 2542/3454/3122
f 2543/3384/3052 2542/3454/3122 2589/3385/3053
f 2589/3385/3053 2542/3454/3122 2588/3455/3123
f 2589/3385/3053 2588/3455/3123 2635/3386/3054
f 2635/3386/3054 2588/3455/3123 2634/3456/3124
f 2635/3386/3054 2634/3456/3124 2681/3387/3055
f 2681/3387/3055 2634/3456/3124 2680/3457/3125
f 2681/3387/3055 2680/3457/3125 2727/3388/3056
f 2727/3388/3056 2680/3457/3125 2726/3458/3126
f 2727/3388/3056 2726/3458/3126 2773/3389/3057
f 2773/3389/3057 2726/3458/3126 2772/3459/3127
f 2773/3389/3057 2772/3459/3127 2819/3390/3058
f 2819/3390/3058 2772/3459/3127 2818/3460/3128
f 2819/3390/3058 2818/3460/3128 2865/3391/3059
f 2865/3391/3059 2818/3460/3128 2864/3461/3129
f 2865/3391/3059 2864/3461/3129 2911/3392/3060
f 2911/3392/3060 2864/3461/3129 2910/3462/3130
f 2911/3392/3060 2910/3462/3130 1562/3393/3061
f 1562/3393/3061 2910/3462/3130 1563/3463/3131
f 1562/3393/3061 1563/3463/3131 1577/3394/3062
f 1577/3394/3062 1563/3463/3131 1576/3464/3132
f 1577/3394/3062 1576/3464/3132 2957/3395/3063
f 2957/3395/3063 1576/3464/3132 2956/3465/3133
f 2957/3395/3063 2956/3465/3133 3003/3396/3064
f 3003/3396/3064 2956/3465/3133 3002/3466/3134
f 3003/3396/3064 3002/3466/3134 3049/3397/3065
f 3049/3397/3065 3002/3466/3134 3048/3467/3135
f 3049/3397/3065 3048/3467/3135 3095/3398/3066
f 3095/3398/3066 3048/3467/3135 3094/3468/3136
f 3095/3398/3066 3094/3468/3136 3141/3399/3067
f 3141/3399/3067 3094/3468/3136 3140/3469/3137
f 3141/3399/3067 3140/3469/3137 3187/3400/3068
f 3187/3400/3068 3140/3469/3137 3186/3470/3138
f 3187/3400/3068 3186/3470/3138 3233/3401/3069
f 3233/3401/3069 3186/3470/3138 3232/3471/3139
f 3233/3401/3069 3232/3471/3139 3279/3402/3070
f 3279/3402/3070 3232/3471/3139 3278/3472/3140
f 3279/3402/3070 3278/3472/3140 3325/3403/3071
f 3325/3403/3071 3278/3472/3140 3324/3473/3141
f 3325/3403/3071 3324/3473/3141 3371/3404/3072
f 3371/3404/3072 3324/3473/3141 3370/3474/3142
f 3371/3404/3072 3370/3474/3142 3417/3405/3073
f 3417/3405/3073 3370/3474/3142 3416/3475/3143
f 3417/3405/3073 3416/3475/3143 3463/3406/3074
f 3463/3406/3074 3416/3475/3143 3462/3476/3144
f 3463/3406/3074 3462/3476/3144 3509/3407/3075
f 3509/3407/3075 3462/3476/3144 3508/3477/3145
f 3509/3407/3075 3508/3477/3145 3555/3408/3076
f 3555/3408/3076 3508/3477/3145 3554/3478/3146
f 3555/3408/3076 3554/3478/3146 3601/3409/3077
f 3601/3409/3077 3554/3478/3146 3600/3479/3147
f 3601/3409/3077 3600/3479/3147 3647/3410/3078
f 3647/3410/3078 3600/3479/3147 3646/3480/3148
f 3647/3410/3078 3646/3480/3148 3693/3411/3079
f 3693/3411/3079 3646/3480/3148 3692/3481/3149
f 3693/3411/3079 3692/3481/3149 3739/3412/3080
f 3739/3412/3080 3692/3481/3149 3738/3482/3150
f 3739/3412/3080 3738/3482/3150 3785/3413/3081
f 3785/3413/3081 3738/3482/3150 3784/3483/3151
f 3785/3413/3081 3784/3483/3151 3831/3414/3082
f 3831/3414/3082 3784/3483/3151 3830/3484/3152
f 3831/3414/3082 3830/3484/3152 3877/3415/3083
f 3877/3415/3083 3830/3484/3152 3876/3485/3153
f 3877/3415/3083 3876/3485/3153 3923/3416/3084
f 3923/3416/3084 3876/3485/3153 3922/3486/3154
f 3923/3416/3084 3922/3486/3154 3969/3417/3085
f 3969/3417/3085 3922/3486/3154 3968/3487/3155
f 3969/3417/3085 3968/3487/3155 4015/3418/3086
f 4015/3418/3086 3968/3487/3155 4014/3488/3156
f 4015/3418/3086 4014/3488/3156 4061/3419/3087
f 4061/3419/3087 4014/3488/3156 4060/3489/3157
f 4061/3419/3087 4060/3489/3157 4107/3420/3088
f 4107/3420/3088 4060/3489/3157 4106/3490/3158
f 4107/3420/3088 4106/3490/3158 4153/3421/3089
f 4153/3421/3089 4106/3490/3158 4152/3491/3159
f 4153/3421/3089 4152/3491/3159 4199/3422/3090
f 4199/3422/3090 4152/3491/3159 4198/3492/3160
f 4199/3422/3090 4198/3492/3160 4245/3423/3091
f 4245/3423/3091 4198/3492/3160 4244/3493/3161
f 4245/3423/3091 4244/3493/3161 1470/3424/3092
f 1470/3424/3092 4244/3493/3161 1471/3494/3162
f 1470/3424/3092 1471/3494/3162 1485/3425/3093
f 1485/3425/3093 1471/3494/3162 1484/3495/3163
f 1485/3425/3093 1484/3495/3163 924/3426/3094
f 924/3426/3094 1484/3495/3163 925/3496/3164
f 924/3426/3094 925/3496/3164 878/3427/3095
f 878/3427/3095 925/3496/3164 879/3497/3165
f 878/3427/3095 879/3497/3165 866/3428/3096
f 866/3428/3096 879/3497/3165 867/3498/3166
f 866/3428/3096 867/3498/3166 855/3429/3097
f 855/3429/3097 867/3498/3166 856/3499/3167
f 855/3429/3097 856/3499/3167 845/3430/3098
f 845/3430/3098 856/3499/3167 846/3500/3168
f 845/3430/3098 846/3500/3168 835/3431/3099
f 835/3431/3099 846/3500/3168 836/934/821
f 835/3431/3099 836/934/821 826/933/820
f 755/3501/3030 754/1086/970 1378/3502/3169
f 1378/3502/3169 754/1086/970 1377/1088/972
f 1378/3502/3169 1377/1088/972 4935/3503/3170
f 4935/3503/3170 1377/1088/972 4936/1090/974
f 4935/3503/3170 4936/1090/974 4889/3504/3171
f 4889/3504/3171 4936/1090/974 4890/1092/976
f 4889/3504/3171 4890/1092/976 4843/3505/3172
f 4843/3505/3172 4890/1092/976 4844/1094/978
f 4843/3505/3172 4844/1094/978 4797/3506/3173
f 4797/3506/3173 4844/1094/978 4798/1096/980
f 4797/3506/3173 4798/1096/980 4751/3507/3174
f 4751/3507/3174 4798/1096/980 4752/1098/982
f 4751/3507/3174 4752/1098/982 4705/3508/3175
f 4705/3508/3175 4752/1098/982 4706/1100/984
f 4705/3508/3175 4706/1100/984 4659/3509/3176
f 4659/3509/3176 4706/1100/984 4660/1102/986
f 4659/3509/3176 4660/1102/986 4613/3510/3177
f 4613/3510/3177 4660/1102/986 4614/1104/988
f 4613/3510/3177 4614/1104/988 4567/3511/3178
f 4567/3511/3178 4614/1104/988 4568/1106/990
f 4567/3511/3178 4568/1106/990 4521/3512/3179
f 4521/3512/3179 4568/1106/990 4522/1108/992
f 4521/3512/3179 4522/1108/992 4475/3513/3180
f 4475/3513/3180 4522/1108/992 4476/1110/994
f 4475/3513/3180 4476/1110/994 4429/3514/3181
f 4429/3514/3181 4476/1110/994 4430/1112/996
f 4429/3514/3181 4430/1112/996 4383/3515/3182
f 4383/3515/3182 4430/1112/996 4384/1114/998
f 4383/3515/3182 4384/1114/998 4337/3516/3183
f 4337/3516/3183 4384/1114/998 4338/1116/1000
f 4337/3516/3183 4338/1116/1000 4291/3517/3184
f 4291/3517/3184 4338/1116/1000 4292/1118/1002
f 4291/3517/3184 4292/1118/1002 1289/3518/3185
f 1289/3518/3185 4292/1118/1002 1290/1120/1004
f 1289/3518/3185 1290/1120/1004 1332/3519/3186
f 1332/3519/3186 1290/1120/1004 1331/1122/1006
f 1332/3519/3186 1331/1122/1006 771/3520/3187
f 771/3520/3187 1331/1122/1006 772/1124/1008
f 771/3520/3187 772/1124/1008 779/3521/3188
f 779/3521/3188 772/1124/1008 778/1126/1010
f 779/3521/3188 778/1126/1010 789/3522/3189
f 789/3522/3189 778/1126/1010 788/1127/1011
f 789/3522/3189 788/1127/1011 799/3523/3190
f 799/3523/3190 788/1127/1011 798/912/799
f 799/3523/3190 798/912/799 808/914/801
f 756/3432/3100 757/3524/3191 1392/3433/3101
f 1392/3433/3101 757/3524/3191 1391/3525/3192
f 1392/3433/3101 1391/3525/3192 1622/3434/3102
f 1622/3434/3102 1391/3525/3192 1621/3526/3193
f 1622/3434/3102 1621/3526/3193 1668/3435/3103
f 1668/3435/3103 1621/3526/3193 1667/3527/3194
f 1668/3435/3103 1667/3527/3194 1714/3436/3104
f 1714/3436/3104 1667/3527/3194 1713/3528/3195
f 1714/3436/3104 1713/3528/3195 1760/3437/3105
f 1760/3437/3105 1713/3528/3195 1759/3529/3196
f 1760/3437/3105 1759/3529/3196 1806/3438/3106
f 1806/3438/3106 1759/3529/3196 1805/3530/3197
f 1806/3438/3106 1805/3530/3197 1852/3439/3107
f 1852/3439/3107 1805/3530/3197 1851/3531/3198
f 1852/3439/3107 1851/3531/3198 1898/3440/3108
f 1898/3440/3108 1851/3531/3198 1897/3532/3199
f 1898/3440/3108 1897/3532/3199 1944/3441/3109
f 1944/3441/3109 1897/3532/3199 1943/3533/3200
f 1944/3441/3109 1943/3533/3200 1990/3442/3110
f 1990/3442/3110 1943/3533/3200 1989/3534/3201
f 1990/3442/3110 1989/3534/3201 2036/3443/3111
f 2036/3443/3111 1989/3534/3201 2035/3535/3202
f 2036/3443/3111 2035/3535/3202 2082/3444/3112
f 2082/3444/3112 2035/3535/3202 2081/3536/3203
f 2082/3444/3112 2081/3536/3203 2128/3445/3113
f 2128/3445/3113 2081/3536/3203 2127/3537/3204
f 2128/3445/3113 2127/3537/3204 2174/3446/3114
f 2174/3446/3114 2127/3537/3204 2173/3538/3205
f 2174/3446/3114 2173/3538/3205 2220/3447/3115
f 2220/3447/3115 2173/3538/3205 2219/3539/3206
f 2220/3447/3115 2219/3539/3206 2266/3448/3116
f 2266/3448/3116 2219/3539/3206 2265/3540/3207
f 2266/3448/3116 2265/3540/3207 2312/3449/3117
f 2312/3449/3117 2265/3540/3207 2311/3541/3208
f 2312/3449/3117 2311/3541/3208 2358/3450/3118
f 2358/3450/3118 2311/3541/3208 2357/3542/3209
f 2358/3450/3118 2357/3542/3209 2404/3451/3119
f 2404/3451/3119 2357/3542/3209 2403/3543/3210
f 2404/3451/3119 2403/3543/3210 2450/3452/3120
f 2450/3452/3120 2403/3543/3210 2449/3544/3211
f 2450/3452/3120 2449/3544/3211 2496/3453/3121
f 2496/3453/3121 2449/3544/3211 2495/3545/3212
f 2496/3453/3121 2495/3545/3212 2542/3454/3122
f 2542/3454/3122 2495/3545/3212 2541/3546/3213
f 2542/3454/3122 2541/3546/3213 2588/3455/3123
f 2588/3455/3123 2541/3546/3213 2587/3547/3214
f 2588/3455/3123 2587/3547/3214 2634/3456/3124
f 2634/3456/3124 2587/3547/3214 2633/3548/3215
f 2634/3456/3124 2633/3548/3215 2680/3457/3125
f 2680/3457/3125 2633/3548/3215 2679/3549/3216
f 2680/3457/3125 2679/3549/3216 2726/3458/3126
f 2726/3458/3126 2679/3549/3216 2725/3550/3217
f 2726/3458/3126 2725/3550/3217 2772/3459/3127
f 2772/3459/3127 2725/3550/3217 2771/3551/3218
f 2772/3459/3127 2771/3551/3218 2818/3460/3128
f 2818/3460/3128 2771/3551/3218 2817/3552/3219
f 2818/3460/3128 2817/3552/3219 2864/3461/3129
f 2864/3461/3129 2817/3552/3219 2863/3553/3220
f 2864/3461/3129 2863/3553/3220 2910/3462/3130
f 2910/3462/3130 2863/3553/3220 2909/3554/3221
f 2910/3462/3130 2909/3554/3221 1563/3463/3131
f 1563/3463/3131 2909/3554/3221 1564/3555/3222
f 1563/3463/3131 1564/3555/3222 1576/3464/3132
f 1576/3464/3132 1564/3555/3222 1575/3556/3223
f 1576/3464/3132 1575/3556/3223 2956/3465/3133
f 2956/3465/3133 1575/3556/3223 2955/3557/3224
f 2956/3465/3133 2955/3557/3224 3002/3466/3134
f 3002/3466/3134 2955/3557/3224 3001/3558/3225
f 3002/3466/3134 3001/3558/3225 3048/3467/3135
f 3048/3467/3135 3001/3558/3225 3047/3559/3226
f 3048/3467/3135 3047/3559/3226 3094/3468/3136
f 3094/3468/3136 3047/3559/3226 3093/3560/3227
f 3094/3468/3136 3093/3560/3227 3140/3469/3137
f 3140/3469/3137 3093/3560/3227 3139/3561/3228
f 3140/3469/3137 3139/3561/3228 3186/3470/3138
f 3186/3470/3138 3139/3561/3228 3185/3562/3229
f 3186/3470/3138 3185/3562/3229 3232/3471/3139
f 3232/3471/3139 3185/3562/3229 3231/3563/3230
f 3232/3471/3139 3231/3563/3230 3278/3472/3140
f 3278/3472/3140 3231/3563/3230 3277/3564/3231
f 3278/3472/3140 3277/3564/3231 3324/3473/3141
f 3324/3473/3141 3277/3564/3231 3323/3565/3232
f 3324/3473/3141 3323/3565/3232 3370/3474/3142
f 3370/3474/3142 3323/3565/3232 3369/3566/3233
f 3370/3474/3142 3369/3566/3233 3416/3475/3143
f 3416/3475/3143 3369/3566/3233 3415/3567/3234
f 3416/3475/3143 3415/3567/3234 3462/3476/3144
f 3462/3476/3144 3415/3567/3234 3461/3568/3235
f 3462/3476/3144 3461/3568/3235 3508/3477/3145
f 3508/3477/3145 3461/3568/3235 3507/3569/3236
f 3508/3477/3145 3507/3569/3236 3554/3478/3146
f 3554/3478/3146 3507/3569/3236 3553/3570/3237
f 3554/3478/3146 3553/3570/3237 3600/3479/3147
f 3600/3479/3147 3553/3570/3237 3599/3571/3238
f 3600/3479/3147 3599/3571/3238 3646/3480/3148
f 3646/3480/3148 3599/3571/3238 3645/3572/3239
f 3646/3480/3148 3645/3572/3239 3692/3481/3149
f 3692/3481/3149 3645/3572/3239 3691/3573/3240
f 3692/3481/3149 3691/3573/3240 3738/3482/3150
f 3738/3482/3150 3691/3573/3240 3737/3574/3241
f 3738/3482/3150 3737/3574/3241 3784/3483/3151
f 3784/3483/3151 3737/3574/3241 3783/3575/3242
f 3784/3483/3151 3783/3575/3242 3830/3484/3152
f 3830/3484/3152 3783/3575/3242 3829/3576/3243
f 3830/3484/3152 3829/3576/3243 3876/3485/3153
f 3876/3485/3153 3829/3576/3243 3875/3577/3244
f 3876/3485/3153 3875/3577/3244 3922/3486/3154
f 3922/3486/3154 3875/3577/3244 3921/3578/3245
f 3922/3486/3154 3921/3578/3245 3968/3487/3155
f 3968/3487/3155 3921/3578/3245 3967/3579/3246
f 3968/3487/3155 3967/3579/3246 4014/3488/3156
f 4014/3488/3156 3967/3579/3246 4013/3580/3247
f 4014/3488/3156 4013/3580/3247 4060/3489/3157
f 4060/3489/3157 4013/3580/3247 4059/3581/3248
f 4060/3489/3157 4059/3581/3248 4106/3490/3158
f 4106/3490/3158 4059/3581/3248 4105/3582/3249
f 4106/3490/3158 4105/3582/3249 4152/3491/3159
f 4152/3491/3159 4105/3582/3249 4151/3583/3250
f 4152/3491/3159 4151/3583/3250 4198/3492/3160
f 4198/3492/3160 4151/3583/3250 4197/3584/3251
f 4198/3492/3160 4197/3584/3251 4244/3493/3161
f 4244/3493/3161 4197/3584/3251 4243/3585/3252
f 4244/3493/3161 4243/3585/3252 1471/3494/3162
f 1471/3494/3162 4243/3585/3252 1472/3586/3253
f 1471/3494/3162 1472/3586/3253 1484/3495/3163
f 1484/3495/3163 1472/3586/3253 1483/3587/3254
f 1484/3495/3163 1483/3587/3254 925/3496/3164
f 925/3496/3164 1483/3587/3254 926/3588/3255
f 925/3496/3164 926/3588/3255 879/3497/3165
f 879/3497/3165 926/3588/3255 880/3589/3256
f 879/3497/3165 880/3589/3256 867/3498/3166
f 867/3498/3166 880/3589/3256 868/3590/3257
f 867/3498/3166 868/3590/3257 856/3499/3167
f 856/3499/3167 868/3590/3257 857/3591/3258
f 856/3499/3167 857/3591/3258 846/3500/3168
f 846/3500/3168 857/3591/3258 847/935/822
f 846/3500/3168 847/935/822 836/934/821
f 756/3592/3100 755/3501/3030 1379/3593/3259
f 1379/3593/3259 755/3501/3030 1378/3502/3169
f 1379/3593/3259 1378/3502/3169 4934/3594/3260
f 4934/3594/3260 1378/3502/3169 4935/3503/3170
f 4934/3594/3260 4935/3503/3170 4888/3595/3261
f 4888/3595/3261 4935/3503/3170 4889/3504/3171
f 4888/3595/3261 4889/3504/3171 4842/3596/3262
f 4842/3596/3262 4889/3504/3171 4843/3505/3172
f 4842/3596/3262 4843/3505/3172 4796/3597/3263
f 4796/3597/3263 4843/3505/3172 4797/3506/3173
f 4796/3597/3263 4797/3506/3173 4750/3598/3264
f 4750/3598/3264 4797/3506/3173 4751/3507/3174
f 4750/3598/3264 4751/3507/3174 4704/3599/3265
f 4704/3599/3265 4751/3507/3174 4705/3508/3175
f 4704/3599/3265 4705/3508/3175 4658/3600/3266
f 4658/3600/3266 4705/3508/3175 4659/3509/3176
f 4658/3600/3266 4659/3509/3176 4612/3601/3267
f 4612/3601/3267 4659/3509/3176 4613/3510/3177
f 4612/3601/3267 4613/3510/3177 4566/3602/3268
f 4566/3602/3268 4613/3510/3177 4567/3511/3178
f 4566/3602/3268 4567/3511/3178 4520/3603/3269
f 4520/3603/3269 4567/3511/3178 4521/3512/3179
f 4520/3603/3269 4521/3512/3179 4474/3604/3270
f 4474/3604/3270 4521/3512/3179 4475/3513/3180
f 4474/3604/3270 4475/3513/3180 4428/3605/3271
f 4428/3605/3271 4475/3513/3180 4429/3514/3181
f 4428/3605/3271 4429/3514/3181 4382/3606/3272
f 4382/3606/3272 4429/3514/3181 4383/3515/3182
f 4382/3606/3272 4383/3515/3182 4336/3607/3273
f 4336/3607/3273 4383/3515/3182 4337/3516/3183
f 4336/3607/3273 4337/3516/3183 4290/3608/3274
f 4290/3608/3274 4337/3516/3183 4291/3517/3184
f 4290/3608/3274 4291/3517/3184 1288/3609/3275
f 1288/3609/3275 4291/3517/3184 1289/3518/3185
f 1288/3609/3275 1289/3518/3185 1333/3610/3276
f 1333/3610/3276 1289/3518/3185 1332/3519/3186
f 1333/3610/3276 1332/3519/3186 770/3611/3277
f 770/3611/3277 1332/3519/3186 771/3520/3187
f 770/3611/3277 771/3520/3187 780/3612/3278
f 780/3612/3278 771/3520/3187 779/3521/3188
f 780/3612/3278 779/3521/3188 790/3613/3279
f 790/3613/3279 779/3521/3188 789/3522/3189
f 790/3613/3279 789/3522/3189 800/3614/3280
f 800/3614/3280 789/3522/3189 799/3523/3190
f 800/3614/3280 799/3523/3190 809/3615/3281
f 809/3615/3281 799/3523/3190 808/914/801
f 809/3615/3281 808/914/801 818/916/803
f 757/3524/3191 758/3616/3282 1391/3525/3192
f 1391/3525/3192 758/3616/3282 1390/3617/3283
f 1391/3525/3192 1390/3617/3283 1621/3526/3193
f 1621/3526/3193 1390/3617/3283 1620/3618/3284
f 1621/3526/3193 1620/3618/3284 1667/3527/3194
f 1667/3527/3194 1620/3618/3284 1666/3619/3285
f 1667/3527/3194 1666/3619/3285 1713/3528/3195
f 1713/3528/3195 1666/3619/3285 1712/3620/3286
f 1713/3528/3195 1712/3620/3286 1759/3529/3196
f 1759/3529/3196 1712/3620/3286 1758/3621/3287
f 1759/3529/3196 1758/3621/3287 1805/3530/3197
f 1805/3530/3197 1758/3621/3287 1804/3622/3288
f 1805/3530/3197 1804/3622/3288 1851/3531/3198
f 1851/3531/3198 1804/3622/3288 1850/3623/3289
f 1851/3531/3198 1850/3623/3289 1897/3532/3199
f 1897/3532/3199 1850/3623/3289 1896/3624/3290
f 1897/3532/3199 1896/3624/3290 1943/3533/3200
f 1943/3533/3200 1896/3624/3290 1942/3625/3291
f 1943/3533/3200 1942/3625/3291 1989/3534/3201
f 1989/3534/3201 1942/3625/3291 1988/3626/3292
f 1989/3534/3201 1988/3626/3292 2035/3535/3202
f 2035/3535/3202 1988/3626/3292 2034/3627/3293
f 2035/3535/3202 2034/3627/3293 2081/3536/3203
f 2081/3536/3203 2034/3627/3293 2080/3628/3294
f 2081/3536/3203 2080/3628/3294 2127/3537/3204
f 2127/3537/3204 2080/3628/3294 2126/3629/3295
f 2127/3537/3204 2126/3629/3295 2173/3538/3205
f 2173/3538/3205 2126/3629/3295 2172/3630/3296
f 2173/3538/3205 2172/3630/3296 2219/3539/3206
f 2219/3539/3206 2172/3630/3296 2218/3631/3297
f 2219/3539/3206 2218/3631/3297 2265/3540/3207
f 2265/3540/3207 2218/3631/3297 2264/3632/3298
f 2265/3540/3207 2264/3632/3298 2311/3541/3208
f 2311/3541/3208 2264/3632/3298 2310/3633/3299
f 2311/3541/3208 2310/3633/3299 2357/3542/3209
f 2357/3542/3209 2310/3633/3299 2356/3634/3300
f 2357/3542/3209 2356/3634/3300 2403/3543/3210
f 2403/3543/3210 2356/3634/3300 2402/3635/3301
f 2403/3543/3210 2402/3635/3301 2449/3544/3211
f 2449/3544/3211 2402/3635/3301 2448/3636/3302
f 2449/3544/3211 2448/3636/3302 2495/3545/3212
f 2495/3545/3212 2448/3636/3302 2494/3637/3303
f 2495/3545/3212 2494/3637/3303 2541/3546/3213
f 2541/3546/3213 2494/3637/3303 2540/3638/3304
f 2541/3546/3213 2540/3638/3304 2587/3547/3214
f 2587/3547/3214 2540/3638/3304 2586/3639/3305
f 2587/3547/3214 2586/3639/3305 2633/3548/3215
f 2633/3548/3215 2586/3639/3305 2632/3640/3306
f 2633/3548/3215 2632/3640/3306 2679/3549/3216
f 2679/3549/3216 2632/3640/3306 2678/3641/3307
f 2679/3549/3216 2678/3641/3307 2725/3550/3217
f 2725/3550/3217 2678/3641/3307 2724/3642/3308
f 2725/3550/3217 2724/3642/3308 2771/3551/3218
f 2771/3551/3218 2724/3642/3308 2770/3643/3309
f 2771/3551/3218 2770/3643/3309 2817/3552/3219
f 2817/3552/3219 2770/3643/3309 2816/3644/3310
f 2817/3552/3219 2816/3644/3310 2863/3553/3220
f 2863/3553/3220 2816/3644/3310 2862/3645/3311
f 2863/3553/3220 2862/3645/3311 2909/3554/3221
f 2909/3554/3221 2862/3645/3311 2908/3646/3312
f 2909/3554/3221 2908/3646/3312 1564/3555/3222
f 1564/3555/3222 2908/3646/3312 1565/3647/3313
f 1564/3555/3222 1565/3647/3313 1575/3556/3223
f 1575/3556/3223 1565/3647/3313 1574/3648/3314
f 1575/3556/3223 1574/3648/3314 2955/3557/3224
f 2955/3557/3224 1574/3648/3314 2954/3649/3315
f 2955/3557/3224 2954/3649/3315 3001/3558/3225
f 3001/3558/3225 2954/3649/3315 3000/3650/3316
f 3001/3558/3225 3000/3650/3316 3047/3559/3226
f 3047/3559/3226 3000/3650/3316 3046/3651/3317
f 3047/3559/3226 3046/3651/3317 3093/3560/3227
f 3093/3560/3227 3046/3651/3317 3092/3652/3318
f 3093/3560/3227 3092/3652/3318 3139/3561/3228
f 3139/3561/3228 3092/3652/3318 3138/3653/3319
f 3139/3561/3228 3138/3653/3319 3185/3562/3229
f 3185/3562/3229 3138/3653/3319 3184/3654/3320
f 3185/3562/3229 3184/3654/3320 3231/3563/3230
f 3231/3563/3230 3184/3654/3320 3230/3655/3321
f 3231/3563/3230 3230/3655/3321 3277/3564/3231
f 3277/3564/3231 3230/3655/3321 3276/3656/3322
f 3277/3564/3231 3276/3656/3322 3323/3565/3232
f 3323/3565/3232 3276/3656/3322 3322/3657/3323
f 3323/3565/3232 3322/3657/3323 3369/3566/3233
f 3369/3566/3233 3322/3657/3323 3368/3658/3324
f 3369/3566/3233 3368/3658/3324 3415/3567/3234
f 3415/3567/3234 3368/3658/3324 3414/3659/3325
f 3415/3567/3234 3414/3659/3325 3461/3568/3235
f 3461/3568/3235 3414/3659/3325 3460/3660/3326
f 3461/3568/3235 3460/3660/3326 3507/3569/3236
f 3507/3569/3236 3460/3660/3326 3506/3661/3327
f 3507/3569/3236 3506/3661/3327 3553/3570/3237
f 3553/3570/3237 3506/3661/3327 3552/3662/3328
f 3553/3570/3237 3552/3662/3328 3599/3571/3238
f 3599/3571/3238 3552/3662/3328 3598/3663/3329
f 3599/3571/3238 3598/3663/3329 3645/3572/3239
f 3645/3572/3239 3598/3663/3329 3644/3664/3330
f 3645/3572/3239 3644/3664/3330 3691/3573/3240
f 3691/3573/3240 3644/3664/3330 3690/3665/3331
f 3691/3573/3240 3690/3665/3331 3737/3574/3241
f 3737/3574/3241 3690/3665/3331 3736/3666/3332
f 3737/3574/3241 3736/3666/3332 3783/3575/3242
f 3783/3575/3242 3736/3666/3332 3782/3667/3333
f 3783/3575/3242 3782/3667/3333 3829/3576/3243
f 3829/3576/3243 3782/3667/3333 3828/3668/3334
f 3829/3576/3243 3828/3668/3334 3875/3577/3244
f 3875/3577/3244 3828/3668/3334 3874/3669/3335
f 3875/3577/3244 3874/3669/3335 3921/3578/3245
f 3921/3578/3245 3874/3669/3335 3920/3670/3336
f 3921/3578/3245 3920/3670/3336 3967/3579/3246
f 3967/3579/3246 3920/3670/3336 3966/3671/3337
f 3967/3579/3246 3966/3671/3337 4013/3580/3247
f 4013/3580/3247 3966/3671/3337 4012/3672/3338
f 4013/3580/3247 4012/3672/3338 4059/3581/3248
f 4059/3581/3248 4012/3672/3338 4058/3673/3339
f 4059/3581/3248 4058/3673/3339 4105/3582/3249
f 4105/3582/3249 4058/3673/3339 4104/3674/3340
f 4105/3582/3249 4104/3674/3340 4151/3583/3250
f 4151/3583/3250 4104/3674/3340 4150/3675/3341
f 4151/3583/3250 4150/3675/3341 4197/3584/3251
f 4197/3584/3251 4150/3675/3341 4196/3676/3342
f 4197/3584/3251 4196/3676/3342 4243/3585/3252
f 4243/3585/3252 4196/3676/3342 4242/3677/3343
f 4243/3585/3252 4242/3677/3343 1472/3586/3253
f 1472/3586/3253 4242/3677/3343 1473/3678/3344
f 1472/3586/3253 1473/3678/3344 1483/3587/3254
f 1483/3587/3254 1473/3678/3344 1482/3679/3345
f 1483/3587/3254 1482/3679/3345 926/3588/3255
f 926/3588/3255 1482/3679/3345 927/3680/3346
f 926/3588/3255 927/3680/3346 880/3589/3256
f 880/3589/3256 927/3680/3346 881/3681/3347
f 880/3589/3256 881/3681/3347 868/3590/3257
f 868/3590/3257 881/3681/3347 869/3682/3348
f 868/3590/3257 869/3682/3348 857/3591/3258
f 857/3591/3258 869/3682/3348 858/936/823
f 857/3591/3258 858/936/823 847/935/822
f 757/3683/3191 756/3592/3100 1380/3684/3349
f 1380/3684/3349 756/3592/3100 1379/3593/3259
f 1380/3684/3349 1379/3593/3259 4933/3685/3350
f 4933/3685/3350 1379/3593/3259 4934/3594/3260
f 4933/3685/3350 4934/3594/3260 4887/3686/3351
f 4887/3686/3351 4934/3594/3260 4888/3595/3261
f 4887/3686/3351 4888/3595/3261 4841/3687/3352
f 4841/3687/3352 4888/3595/3261 4842/3596/3262
f 4841/3687/3352 4842/3596/3262 4795/3688/3353
f 4795/3688/3353 4842/3596/3262 4796/3597/3263
f 4795/3688/3353 4796/3597/3263 4749/3689/3354
f 4749/3689/3354 4796/3597/3263 4750/3598/3264
f 4749/3689/3354 4750/3598/3264 4703/3690/3355
f 4703/3690/3355 4750/3598/3264 4704/3599/3265
f 4703/3690/3355 4704/3599/3265 4657/3691/3356
f 4657/3691/3356 4704/3599/3265 4658/3600/3266
f 4657/3691/3356 4658/3600/3266 4611/3692/3357
f 4611/3692/3357 4658/3600/3266 4612/3601/3267
f 4611/3692/3357 4612/3601/3267 4565/3693/3358
f 4565/3693/3358 4612/3601/3267 4566/3602/3268
f 4565/3693/3358 4566/3602/3268 4519/3694/3359
f 4519/3694/3359 4566/3602/3268 4520/3603/3269
f 4519/3694/3359 4520/3603/3269 4473/3695/3360
f 4473/3695/3360 4520/3603/3269 4474/3604/3270
f 4473/3695/3360 4474/3604/3270 4427/3696/3361
f 4427/3696/3361 4474/3604/3270 4428/3605/3271
f 4427/3696/3361 4428/3605/3271 4381/3697/3362
f 4381/3697/3362 4428/3605/3271 4382/3606/3272
f 4381/3697/3362 4382/3606/3272 4335/3698/3363
f 4335/3698/3363 4382/3606/3272 4336/3607/3273
f 4335/3698/3363 4336/3607/3273 4289/3699/3364
f 4289/3699/3364 4336/3607/3273 4290/3608/3274
f 4289/3699/3364 4290/3608/3274 1287/3700/3365
f 1287/3700/3365 4290/3608/3274 1288/3609/3275
f 1287/3700/3365 1288/3609/3275 1334/3701/3366
f 1334/3701/3366 1288/3609/3275 1333/3610/3276
f 1334/3701/3366 1333/3610/3276 769/3702/3367
f 769/3702/3367 1333/3610/3276 770/3611/3277
f 769/3702/3367 770/3611/3277 781/3703/3368
f 781/3703/3368 770/3611/3277 780/3612/3278
f 781/3703/3368 780/3612/3278 791/3704/3369
f 791/3704/3369 780/3612/3278 790/3613/3279
f 791/3704/3369 790/3613/3279 801/3705/3370
f 801/3705/3370 790/3613/3279 800/3614/3280
f 801/3705/3370 800/3614/3280 810/3706/3371
f 810/3706/3371 800/3614/3280 809/3615/3281
f 810/3706/3371 809/3615/3281 819/3707/3372
f 819/3707/3372 809/3615/3281 818/916/803
f 819/3707/3372 818/916/803 828/918/805
f 758/3616/3282 759/3708/3373 1390/3617/3283
f 1390/3617/3283 759/3708/3373 1389/3709/3374
f 1390/3617/3283 1389/3709/3374 1620/3618/3284
f 1620/3618/3284 1389/3709/3374 1619/3710/3375
f 1620/3618/3284 1619/3710/3375 1666/3619/3285
f 1666/3619/3285 1619/3710/3375 1665/3711/3376
f 1666/3619/3285 1665/3711/3376 1712/3620/3286
f 1712/3620/3286 1665/3711/3376 1711/3712/3377
f 1712/3620/3286 1711/3712/3377 1758/3621/3287
f 1758/3621/3287 1711/3712/3377 1757/3713/3378
f 1758/3621/3287 1757/3713/3378 1804/3622/3288
f 1804/3622/3288 1757/3713/3378 1803/3714/3379
f 1804/3622/3288 1803/3714/3379 1850/3623/3289
f 1850/3623/3289 1803/3714/3379 1849/3715/3380
f 1850/3623/3289 1849/3715/3380 1896/3624/3290
f 1896/3624/3290 1849/3715/3380 1895/3716/3381
f 1896/3624/3290 1895/3716/3381 1942/3625/3291
f 1942/3625/3291 1895/3716/3381 1941/3717/3382
f 1942/3625/3291 1941/3717/3382 1988/3626/3292
f 1988/3626/3292 1941/3717/3382 1987/3718/3383
f 1988/3626/3292 1987/3718/3383 2034/3627/3293
f 2034/3627/3293 1987/3718/3383 2033/3719/3384
f 2034/3627/3293 2033/3719/3384 2080/3628/3294
f 2080/3628/3294 2033/3719/3384 2079/3720/3385
f 2080/3628/3294 2079/3720/3385 2126/3629/3295
f 2126/3629/3295 2079/3720/3385 2125/3721/3386
f 2126/3629/3295 2125/3721/3386 2172/3630/3296
f 2172/3630/3296 2125/3721/3386 2171/3722/3387
f 2172/3630/3296 2171/3722/3387 2218/3631/3297
f 2218/3631/3297 2171/3722/3387 2217/3723/3388
f 2218/3631/3297 2217/3723/3388 2264/3632/3298
f 2264/3632/3298 2217/3723/3388 2263/3724/3389
f 2264/3632/3298 2263/3724/3389 2310/3633/3299
f 2310/3633/3299 2263/3724/3389 2309/3725/3390
f 2310/3633/3299 2309/3725/3390 2356/3634/3300
f 2356/3634/3300 2309/3725/3390 2355/3726/3391
f 2356/3634/3300 2355/3726/3391 2402/3635/3301
f 2402/3635/3301 2355/3726/3391 2401/3727/3392
f 2402/3635/3301 2401/3727/3392 2448/3636/3302
f 2448/3636/3302 2401/3727/3392 2447/3728/3393
f 2448/3636/3302 2447/3728/3393 2494/3637/3303
f 2494/3637/3303 2447/3728/3393 2493/3729/3394
f 2494/3637/3303 2493/3729/3394 2540/3638/3304
f 2540/3638/3304 2493/3729/3394 2539/3730/3395
f 2540/3638/3304 2539/3730/3395 2586/3639/3305
f 2586/3639/3305 2539/3730/3395 2585/3731/3396
f 2586/3639/3305 2585/3731/3396 2632/3640/3306
f 2632/3640/3306 2585/3731/3396 2631/3732/3397
f 2632/3640/3306 2631/3732/3397 2678/3641/3307
f 2678/3641/3307 2631/3732/3397 2677/3733/3398
f 2678/3641/3307 2677/3733/3398 2724/3642/3308
f 2724/3642/3308 2677/3733/3398 2723/3734/3399
f 2724/3642/3308 2723/3734/3399 2770/3643/3309
f 2770/3643/3309 2723/3734/3399 2769/3735/3400
f 2770/3643/3309 2769/3735/3400 2816/3644/3310
f 2816/3644/3310 2769/3735/3400 2815/3736/3401
f 2816/3644/3310 2815/3736/3401 2862/3645/3311
f 2862/3645/3311 2815/3736/3401 2861/3737/3402
f 2862/3645/3311 2861/3737/3402 2908/3646/3312
f 2908/3646/3312 2861/3737/3402 2907/3738/3403
f 2908/3646/3312 2907/3738/3403 1565/3647/3313
f 1565/3647/3313 2907/3738/3403 1566/3739/3404
f 1565/3647/3313 1566/3739/3404 1574/3648/3314
f 1574/3648/3314 1566/3739/3404 1573/3740/3405
f 1574/3648/3314 1573/3740/3405 2954/3649/3315
f 2954/3649/3315 1573/3740/3405 2953/3741/3406
f 2954/3649/3315 2953/3741/3406 3000/3650/3316
f 3000/3650/3316 2953/3741/3406 2999/3742/3407
f 3000/3650/3316 2999/3742/3407 3046/3651/3317
f 3046/3651/3317 2999/3742/3407 3045/3743/3408
f 3046/3651/3317 3045/3743/3408 3092/3652/3318
f 3092/3652/3318 3045/3743/3408 3091/3744/3409
f 3092/3652/3318 3091/3744/3409 3138/3653/3319
f 3138/3653/3319 3091/3744/3409 3137/3745/3410
f 3138/3653/3319 3137/3745/3410 3184/3654/3320
f 3184/3654/3320 3137/3745/3410 3183/3746/3411
f 3184/3654/3320 3183/3746/3411 3230/3655/3321
f 3230/3655/3321 3183/3746/3411 3229/3747/3412
f 3230/3655/3321 3229/3747/3412 3276/3656/3322
f 3276/3656/3322 3229/3747/3412 3275/3748/3413
f 3276/3656/3322 3275/3748/3413 3322/3657/3323
f 3322/3657/3323 3275/3748/3413 3321/3749/3414
f 3322/3657/3323 3321/3749/3414 3368/3658/3324
f 3368/3658/3324 3321/3749/3414 3367/3750/3415
f 3368/3658/3324 3367/3750/3415 3414/3659/3325
f 3414/3659/3325 3367/3750/3415 3413/3751/3416
f 3414/3659/3325 3413/3751/3416 3460/3660/3326
f 3460/3660/3326 3413/3751/3416 3459/3752/3417
f 3460/3660/3326 3459/3752/3417 3506/3661/3327
f 3506/3661/3327 3459/3752/3417 3505/3753/3418
f 3506/3661/3327 3505/3753/3418 3552/3662/3328
f 3552/3662/3328 3505/3753/3418 3551/3754/3419
f 3552/3662/3328 3551/3754/3419 3598/3663/3329
f 3598/3663/3329 3551/3754/3419 3597/3755/3420
f 3598/3663/3329 3597/3755/3420 3644/3664/3330
f 3644/3664/3330 3597/3755/3420 3643/3756/3421
f 3644/3664/3330 3643/3756/3421 3690/3665/3331
f 3690/3665/3331 3643/3756/3421 3689/3757/3422
f 3690/3665/3331 3689/3757/3422 3736/3666/3332
f 3736/3666/3332 3689/3757/3422 3735/3758/3423
f 3736/3666/3332 3735/3758/3423 3782/3667/3333
f 3782/3667/3333 3735/3758/3423 3781/3759/3424
f 3782/3667/3333 3781/3759/3424 3828/3668/3334
f 3828/3668/3334 3781/3759/3424 3827/3760/3425
f 3828/3668/3334 3827/3760/3425 3874/3669/3335
f 3874/3669/3335 3827/3760/3425 3873/3761/3426
f 3874/3669/3335 3873/3761/3426 3920/3670/3336
f 3920/3670/3336 3873/3761/3426 3919/3762/3427
f 3920/3670/3336 3919/3762/3427 3966/3671/3337
f 3966/3671/3337 3919/3762/3427 3965/3763/3428
f 3966/3671/3337 3965/3763/3428 4012/3672/3338
f 4012/3672/3338 3965/3763/3428 4011/3764/3429
f 4012/3672/3338 4011/3764/3429 4058/3673/3339
f 4058/3673/3339 4011/3764/3429 4057/3765/3430
f 4058/3673/3339 4057/3765/3430 4104/3674/3340
f 4104/3674/3340 4057/3765/3430 4103/3766/3431
f 4104/3674/3340 4103/3766/3431 4150/3675/3341
f 4150/3675/3341 4103/3766/3431 4149/3767/3432
f 4150/3675/3341 4149/3767/3432 4196/3676/3342
f 4196/3676/3342 4149/3767/3432 4195/3768/3433
f 4196/3676/3342 4195/3768/3433 4242/3677/3343
f 4242/3677/3343 4195/3768/3433 4241/3769/3434
f 4242/3677/3343 4241/3769/3434 1473/3678/3344
f 1473/3678/3344 4241/3769/3434 1474/3770/3435
f 1473/3678/3344 1474/3770/3435 1482/3679/3345
f 1482/3679/3345 1474/3770/3435 1481/3771/3436
f 1482/3679/3345 1481/3771/3436 927/3680/3346
f 927/3680/3346 1481/3771/3436 928/3772/3437
f 927/3680/3346 928/3772/3437 881/3681/3347
f 881/3681/3347 928/3772/3437 882/3773/3438
f 881/3681/3347 882/3773/3438 869/3682/3348
f 869/3682/3348 882/3773/3438 870/937/824
f 869/3682/3348 870/937/824 858/936/823
f 758/3774/3282 757/3683/3191 1381/3775/3439
f 1381/3775/3439 757/3683/3191 1380/3684/3349
f 1381/3775/3439 1380/3684/3349 4932/3776/3440
f 4932/3776/3440 1380/3684/3349 4933/3685/3350
f 4932/3776/3440 4933/3685/3350 4886/3777/3441
f 4886/3777/3441 4933/3685/3350 4887/3686/3351
f 4886/3777/3441 4887/3686/3351 4840/3778/3442
f 4840/3778/3442 4887/3686/3351 4841/3687/3352
f 4840/3778/3442 4841/3687/3352 4794/3779/3443
f 4794/3779/3443 4841/3687/3352 4795/3688/3353
f 4794/3779/3443 4795/3688/3353 4748/3780/3444
f 4748/3780/3444 4795/3688/3353 4749/3689/3354
f 4748/3780/3444 4749/3689/3354 4702/3781/3445
f 4702/3781/3445 4749/3689/3354 4703/3690/3355
f 4702/3781/3445 4703/3690/3355 4656/3782/3446
f 4656/3782/3446 4703/3690/3355 4657/3691/3356
f 4656/3782/3446 4657/3691/3356 4610/3783/3447
f 4610/3783/3447 4657/3691/3356 4611/3692/3357
f 4610/3783/3447 4611/3692/3357 4564/3784/3448
f 4564/3784/3448 4611/3692/3357 4565/3693/3358
f 4564/3784/3448 4565/3693/3358 4518/3785/3449
f 4518/3785/3449 4565/3693/3358 4519/3694/3359
f 4518/3785/3449 4519/3694/3359 4472/3786/3450
f 4472/3786/3450 4519/3694/3359 4473/3695/3360
f 4472/3786/3450 4473/3695/3360 4426/3787/3451
f 4426/3787/3451 4473/3695/3360 4427/3696/3361
f 4426/3787/3451 4427/3696/3361 4380/3788/3452
f 4380/3788/3452 4427/3696/3361 4381/3697/3362
f 4380/3788/3452 4381/3697/3362 4334/3789/3453
f 4334/3789/3453 4381/3697/3362 4335/3698/3363
f 4334/3789/3453 4335/3698/3363 4288/3790/3454
f 4288/3790/3454 4335/3698/3363 4289/3699/3364
f 4288/3790/3454 4289/3699/3364 1286/3791/3455
f 1286/3791/3455 4289/3699/3364 1287/3700/3365
f 1286/3791/3455 1287/3700/3365 1335/3792/3456
f 1335/3792/3456 1287/3700/3365 1334/3701/3366
f 1335/3792/3456 1334/3701/3366 768/3793/3457
f 768/3793/3457 1334/3701/3366 769/3702/3367
f 768/3793/3457 769/3702/3367 782/3794/3458
f 782/3794/3458 769/3702/3367 781/3703/3368
f 782/3794/3458 781/3703/3368 792/3795/3459
f 792/3795/3459 781/3703/3368 791/3704/3369
f 792/3795/3459 791/3704/3369 802/3796/3460
f 802/3796/3460 791/3704/3369 801/3705/3370
f 802/3796/3460 801/3705/3370 811/3797/3461
f 811/3797/3461 801/3705/3370 810/3706/3371
f 811/3797/3461 810/3706/3371 820/3798/3462
f 820/3798/3462 810/3706/3371 819/3707/3372
f 820/3798/3462 819/3707/3372 829/3799/3463
f 829/3799/3463 819/3707/3372 828/918/805
f 829/3799/3463 828/918/805 838/920/807
f 759/3708/3373 760/3800/3464 1389/3709/3374
f 1389/3709/3374 760/3800/3464 1388/3801/3465
f 1389/3709/3374 1388/3801/3465 1619/3710/3375
f 1619/3710/3375 1388/3801/3465 1618/3802/3466
f 1619/3710/3375 1618/3802/3466 1665/3711/3376
f 1665/3711/3376 1618/3802/3466 1664/3803/3467
f 1665/3711/3376 1664/3803/3467 1711/3712/3377
f 1711/3712/3377 1664/3803/3467 1710/3804/3468
f 1711/3712/3377 1710/3804/3468 1757/3713/3378
f 1757/3713/3378 1710/3804/3468 1756/3805/3469
f 1757/3713/3378 1756/3805/3469 1803/3714/3379
f 1803/3714/3379 1756/3805/3469 1802/3806/3470
f 1803/3714/3379 1802/3806/3470 1849/3715/3380
f 1849/3715/3380 1802/3806/3470 1848/3807/3471
f 1849/3715/3380 1848/3807/3471 1895/3716/3381
f 1895/3716/3381 1848/3807/3471 1894/3808/3472
f 1895/3716/3381 1894/3808/3472 1941/3717/3382
f 1941/3717/3382 1894/3808/3472 1940/3809/3473
f 1941/3717/3382 1940/3809/3473 1987/3718/3383
f 1987/3718/3383 1940/3809/3473 1986/3810/3474
f 1987/3718/3383 1986/3810/3474 2033/3719/3384
f 2033/3719/3384 1986/3810/3474 2032/3811/3475
f 2033/3719/3384 2032/3811/3475 2079/3720/3385
f 2079/3720/3385 2032/3811/3475 2078/3812/3476
f 2079/3720/3385 2078/3812/3476 2125/3721/3386
f 2125/3721/3386 2078/3812/3476 2124/3813/3477
f 2125/3721/3386 2124/3813/3477 2171/3722/3387
f 2171/3722/3387 2124/3813/3477 2170/3814/3478
f 2171/3722/3387 2170/3814/3478 2217/3723/3388
f 2217/3723/3388 2170/3814/3478 2216/3815/3479
f 2217/3723/3388 2216/3815/3479 2263/3724/3389
f 2263/3724/3389 2216/3815/3479 2262/3816/3480
f 2263/3724/3389 2262/3816/3480 2309/3725/3390
f 2309/3725/3390 2262/3816/3480 2308/3817/3481
f 2309/3725/3390 2308/3817/3481 2355/3726/3391
f 2355/3726/3391 2308/3817/3481 2354/3818/3482
f 2355/3726/3391 2354/3818/3482 2401/3727/3392
f 2401/3727/3392 2354/3818/3482 2400/3819/3483
f 2401/3727/3392 2400/3819/3483 2447/3728/3393
f 2447/3728/3393 2400/3819/3483 2446/3820/3484
f 2447/3728/3393 2446/3820/3484 2493/3729/3394
f 2493/3729/3394 2446/3820/3484 2492/3821/3485
f 2493/3729/3394 2492/3821/3485 2539/3730/3395
f 2539/3730/3395 2492/3821/3485 2538/3822/3486
f 2539/3730/3395 2538/3822/3486 2585/3731/3396
f 2585/3731/3396 2538/3822/3486 2584/3823/3487
f 2585/3731/3396 2584/3823/3487 2631/3732/3397
f 2631/3732/3397 2584/3823/3487 2630/3824/3488
f 2631/3732/3397 2630/3824/3488 2677/3733/3398
f 2677/3733/3398 2630/3824/3488 2676/3825/3489
f 2677/3733/3398 2676/3825/3489 2723/3734/3399
f 2723/3734/3399 2676/3825/3489 2722/3826/3490
f 2723/3734/3399 2722/3826/3490 2769/3735/3400
f 2769/3735/3400 2722/3826/3490 2768/3827/3491
f 2769/3735/3400 2768/3827/3491 2815/3736/3401
f 2815/3736/3401 2768/3827/3491 2814/3828/3492
f 2815/3736/3401 2814/3828/3492 2861/3737/3402
f 2861/3737/3402 2814/3828/3492 2860/3829/3493
f 2861/3737/3402 2860/3829/3493 2907/3738/3403
f 2907/3738/3403 2860/3829/3493 2906/3830/3494
f 2907/3738/3403 2906/3830/3494 1566/3739/3404
f 1566/3739/3404 2906/3830/3494 1567/3831/3495
f 1566/3739/3404 1567/3831/3495 1573/3740/3405
f 1573/3740/3405 1567/3831/3495 1572/3832/3496
f 1573/3740/3405 1572/3832/3496 2953/3741/3406
f 2953/3741/3406 1572/3832/3496 2952/3833/3497
f 2953/3741/3406 2952/3833/3497 2999/3742/3407
f 2999/3742/3407 2952/3833/3497 2998/3834/3498
f 2999/3742/3407 2998/3834/3498 3045/3743/3408
f 3045/3743/3408 2998/3834/3498 3044/3835/3499
f 3045/3743/3408 3044/3835/3499 3091/3744/3409
f 3091/3744/3409 3044/3835/3499 3090/3836/3500
f 3091/3744/3409 3090/3836/3500 3137/3745/3410
f 3137/3745/3410 3090/3836/3500 3136/3837/3501
f 3137/3745/3410 3136/3837/3501 3183/3746/3411
f 3183/3746/3411 3136/3837/3501 3182/3838/3502
f 3183/3746/3411 3182/3838/3502 3229/3747/3412
f 3229/3747/3412 3182/3838/3502 3228/3839/3503
f 3229/3747/3412 3228/3839/3503 3275/3748/3413
f 3275/3748/3413 3228/3839/3503 3274/3840/3504
f 3275/3748/3413 3274/3840/3504 3321/3749/3414
f 3321/3749/3414 3274/3840/3504 3320/3841/3505
f 3321/3749/3414 3320/3841/3505 3367/3750/3415
f 3367/3750/3415 3320/3841/3505 3366/3842/3506
f 3367/3750/3415 3366/3842/3506 3413/3751/3416
f 3413/3751/3416 3366/3842/3506 3412/3843/3507
f 3413/3751/3416 3412/3843/3507 3459/3752/3417
f 3459/3752/3417 3412/3843/3507 3458/3844/3508
f 3459/3752/3417 3458/3844/3508 3505/3753/3418
f 3505/3753/3418 3458/3844/3508 3504/3845/3509
f 3505/3753/3418 3504/3845/3509 3551/3754/3419
f 3551/3754/3419 3504/3845/3509 3550/3846/3510
f 3551/3754/3419 3550/3846/3510 3597/3755/3420
f 3597/3755/3420 3550/3846/3510 3596/3847/3511
f 3597/3755/3420 3596/3847/3511 3643/3756/3421
f 3643/3756/3421 3596/3847/3511 3642/3848/3512
f 3643/3756/3421 3642/3848/3512 3689/3757/3422
f 3689/3757/3422 3642/3848/3512 3688/3849/3513
f 3689/3757/3422 3688/3849/3513 3735/3758/3423
f 3735/3758/3423 3688/3849/3513 3734/3850/3514
f 3735/3758/3423 3734/3850/3514 3781/3759/3424
f 3781/3759/3424 3734/3850/3514 3780/3851/3515
f 3781/3759/3424 3780/3851/3515 3827/3760/3425
f 3827/3760/3425 3780/3851/3515 3826/3852/3516
f 3827/3760/3425 3826/3852/3516 3873/3761/3426
f 3873/3761/3426 3826/3852/3516 3872/3853/3517
f 3873/3761/3426 3872/3853/3517 3919/3762/3427
f 3919/3762/3427 3872/3853/3517 3918/3854/3518
f 3919/3762/3427 3918/3854/3518 3965/3763/3428
f 3965/3763/3428 3918/3854/3518 3964/3855/3519
f 3965/3763/3428 3964/3855/3519 4011/3764/3429
f 4011/3764/3429 3964/3855/3519 4010/3856/3520
f 4011/3764/3429 4010/3856/3520 4057/3765/3430
f 4057/3765/3430 4010/3856/3520 4056/3857/3521
f 4057/3765/3430 4056/3857/3521 4103/3766/3431
f 4103/3766/3431 4056/3857/3521 4102/3858/3522
f 4103/3766/3431 4102/3858/3522 4149/3767/3432
f 4149/3767/3432 4102/3858/3522 4148/3859/3523
f 4149/3767/3432 4148/3859/3523 4195/3768/3433
f 4195/3768/3433 4148/3859/3523 4194/3860/3524
f 4195/3768/3433 4194/3860/3524 4241/3769/3434
f 4241/3769/3434 4194/3860/3524 4240/3861/3525
f 4241/3769/3434 4240/3861/3525 1474/3770/3435
f 1474/3770/3435 4240/3861/3525 1475/3862/3526
f 1474/3770/3435 1475/3862/3526 1481/3771/3436
f 1481/3771/3436 1475/3862/3526 1480/3863/3527
f 1481/3771/3436 1480/3863/3527 928/3772/3437
f 928/3772/3437 1480/3863/3527 929/3864/3528
f 928/3772/3437 929/3864/3528 882/3773/3438
f 882/3773/3438 929/3864/3528 883/938/825
f 882/3773/3438 883/938/825 870/937/824
f 759/3865/3373 758/3774/3282 1382/3866/3529
f 1382/3866/3529 758/3774/3282 1381/3775/3439
f 1382/3866/3529 1381/3775/3439 4931/3867/3530
f 4931/3867/3530 1381/3775/3439 4932/3776/3440
f 4931/3867/3530 4932/3776/3440 4885/3868/3531
f 4885/3868/3531 4932/3776/3440 4886/3777/3441
f 4885/3868/3531 4886/3777/3441 4839/3869/3532
f 4839/3869/3532 4886/3777/3441 4840/3778/3442
f 4839/3869/3532 4840/3778/3442 4793/3870/3533
f 4793/3870/3533 4840/3778/3442 4794/3779/3443
f 4793/3870/3533 4794/3779/3443 4747/3871/3534
f 4747/3871/3534 4794/3779/3443 4748/3780/3444
f 4747/3871/3534 4748/3780/3444 4701/3872/3535
f 4701/3872/3535 4748/3780/3444 4702/3781/3445
f 4701/3872/3535 4702/3781/3445 4655/3873/3536
f 4655/3873/3536 4702/3781/3445 4656/3782/3446
f 4655/3873/3536 4656/3782/3446 4609/3874/3537
f 4609/3874/3537 4656/3782/3446 4610/3783/3447
f 4609/3874/3537 4610/3783/3447 4563/3875/3538
f 4563/3875/3538 4610/3783/3447 4564/3784/3448
f 4563/3875/3538 4564/3784/3448 4517/3876/3539
f 4517/3876/3539 4564/3784/3448 4518/3785/3449
f 4517/3876/3539 4518/3785/3449 4471/3877/3540
f 4471/3877/3540 4518/3785/3449 4472/3786/3450
f 4471/3877/3540 4472/3786/3450 4425/3878/3541
f 4425/3878/3541 4472/3786/3450 4426/3787/3451
f 4425/3878/3541 4426/3787/3451 4379/3879/3542
f 4379/3879/3542 4426/3787/3451 4380/3788/3452
f 4379/3879/3542 4380/3788/3452 4333/3880/3543
f 4333/3880/3543 4380/3788/3452 4334/3789/3453
f 4333/3880/3543 4334/3789/3453 4287/3881/3544
f 4287/3881/3544 4334/3789/3453 4288/3790/3454
f 4287/3881/3544 4288/3790/3454 1285/3882/3545
f 1285/3882/3545 4288/3790/3454 1286/3791/3455
f 1285/3882/3545 1286/3791/3455 1336/3883/3546
f 1336/3883/3546 1286/3791/3455 1335/3792/3456
f 1336/3883/3546 1335/3792/3456 767/3884/3547
f 767/3884/3547 1335/3792/3456 768/3793/3457
f 767/3884/3547 768/3793/3457 783/3885/3548
f 783/3885/3548 768/3793/3457 782/3794/3458
f 783/3885/3548 782/3794/3458 793/3886/3549
f 793/3886/3549 782/3794/3458 792/3795/3459
f 793/3886/3549 792/3795/3459 803/3887/3550
f 803/3887/3550 792/3795/3459 802/3796/3460
f 803/3887/3550 802/3796/3460 812/3888/3551
f 812/3888/3551 802/3796/3460 811/3797/3461
f 812/3888/3551 811/3797/3461 821/3889/3552
f 821/3889/3552 811/3797/3461 820/3798/3462
f 821/3889/3552 820/3798/3462 830/3890/3553
f 830/3890/3553 820/3798/3462 829/3799/3463
f 830/3890/3553 829/3799/3463 839/3891/3554
f 839/3891/3554 829/3799/3463 838/920/807
f 839/3891/3554 838/920/807 849/922/809
f 760/3800/3464 761/3892/3555 1388/3801/3465
f 1388/3801/3465 761/3892/3555 1387/3893/3556
f 1388/3801/3465 1387/3893/3556 1618/3802/3466
f 1618/3802/3466 1387/3893/3556 1617/3894/3557
f 1618/3802/3466 1617/3894/3557 1664/3803/3467
f 1664/3803/3467 1617/3894/3557 1663/3895/3558
f 1664/3803/3467 1663/3895/3558 1710/3804/3468
f 1710/3804/3468 1663/3895/3558 1709/3896/3559
f 1710/3804/3468 1709/3896/3559 1756/3805/3469
f 1756/3805/3469 1709/3896/3559 1755/3897/3560
f 1756/3805/3469 1755/3897/3560 1802/3806/3470
f 1802/3806/3470 1755/3897/3560 1801/3898/3561
f 1802/3806/3470 1801/3898/3561 1848/3807/3471
f 1848/3807/3471 1801/3898/3561 1847/3899/3562
f 1848/3807/3471 1847/3899/3562 1894/3808/3472
f 1894/3808/3472 1847/3899/3562 1893/3900/3563
f 1894/3808/3472 1893/3900/3563 1940/3809/3473
f 1940/3809/3473 1893/3900/3563 1939/3901/3564
f 1940/3809/3473 1939/3901/3564 1986/3810/3474
f 1986/3810/3474 1939/3901/3564 1985/3902/3565
f 1986/3810/3474 1985/3902/3565 2032/3811/3475
f 2032/3811/3475 1985/3902/3565 2031/3903/3566
f 2032/3811/3475 2031/3903/3566 2078/3812/3476
f 2078/3812/3476 2031/3903/3566 2077/3904/3567
f 2078/3812/3476 2077/3904/3567 2124/3813/3477
f 2124/3813/3477 2077/3904/3567 2123/3905/3568
f 2124/3813/3477 2123/3905/3568 2170/3814/3478
f 2170/3814/3478 2123/3905/3568 2169/3906/3569
f 2170/3814/3478 2169/3906/3569 2216/3815/3479
f 2216/3815/3479 2169/3906/3569 2215/3907/3570
f 2216/3815/3479 2215/3907/3570 2262/3816/3480
f 2262/3816/3480 2215/3907/3570 2261/3908/3571
f 2262/3816/3480 2261/3908/3571 2308/3817/3481
f 2308/3817/3481 2261/3908/3571 2307/3909/3572
f 2308/3817/3481 2307/3909/3572 2354/3818/3482
f 2354/3818/3482 2307/3909/3572 2353/3910/3573
f 2354/3818/3482 2353/3910/3573 2400/3819/3483
f 2400/3819/3483 2353/3910/3573 2399/3911/3574
f 2400/3819/3483 2399/3911/3574 2446/3820/3484
f 2446/3820/3484 2399/3911/3574 2445/3912/3575
f 2446/3820/3484 2445/3912/3575 2492/3821/3485
f 2492/3821/3485 2445/3912/3575 2491/3913/3576
f 2492/3821/3485 2491/3913/3576 2538/3822/3486
f 2538/3822/3486 2491/3913/3576 2537/3914/3577
f 2538/3822/3486 2537/3914/3577 2584/3823/3487
f 2584/3823/3487 2537/3914/3577 2583/3915/3578
f 2584/3823/3487 2583/3915/3578 2630/3824/3488
f 2630/3824/3488 2583/3915/3578 2629/3916/3579
f 2630/3824/3488 2629/3916/3579 2676/3825/3489
f 2676/3825/3489 2629/3916/3579 2675/3917/3580
f 2676/3825/3489 2675/3917/3580 2722/3826/3490
f 2722/3826/3490 2675/3917/3580 2721/3918/3581
f 2722/3826/3490 2721/3918/3581 2768/3827/3491
f 2768/3827/3491 2721/3918/3581 2767/3919/3582
f 2768/3827/3491 2767/3919/3582 2814/3828/3492
f 2814/3828/3492 2767/3919/3582 2813/3920/3583
f 2814/3828/3492 2813/3920/3583 2860/3829/3493
f 2860/3829/3493 2813/3920/3583 2859/3921/3584
f 2860/3829/3493 2859/3921/3584 2906/3830/3494
f 2906/3830/3494 2859/3921/3584 2905/3922/3585
f 2906/3830/3494 2905/3922/3585 1567/3831/3495
f 1567/3831/3495 2905/3922/3585 1568/3923/3586
f 1567/3831/3495 1568/3923/3586 1572/3832/3496
f 1572/3832/3496 1568/3923/3586 1571/3924/3587
f 1572/3832/3496 1571/3924/3587 2952/3833/3497
f 2952/3833/3497 1571/3924/3587 2951/3925/3588
f 2952/3833/3497 2951/3925/3588 2998/3834/3498
f 2998/3834/3498 2951/3925/3588 2997/3926/3589
f 2998/3834/3498 2997/3926/3589 3044/3835/3499
f 3044/3835/3499 2997/3926/3589 3043/3927/3590
f 3044/3835/3499 3043/3927/3590 3090/3836/3500
f 3090/3836/3500 3043/3927/3590 3089/3928/3591
f 3090/3836/3500 3089/3928/3591 3136/3837/3501
f 3136/3837/3501 3089/3928/3591 3135/3929/3592
f 3136/3837/3501 3135/3929/3592 3182/3838/3502
f 3182/3838/3502 3135/3929/3592 3181/3930/3593
f 3182/3838/3502 3181/3930/3593 3228/3839/3503
f 3228/3839/3503 3181/3930/3593 3227/3931/3594
f 3228/3839/3503 3227/3931/3594 3274/3840/3504
f 3274/3840/3504 3227/3931/3594 3273/3932/3595
f 3274/3840/3504 3273/3932/3595 3320/3841/3505
f 3320/3841/3505 3273/3932/3595 3319/3933/3596
f 3320/3841/3505 3319/3933/3596 3366/3842/3506
f 3366/3842/3506 3319/3933/3596 3365/3934/3597
f 3366/3842/3506 3365/3934/3597 3412/3843/3507
f 3412/3843/3507 3365/3934/3597 3411/3935/3598
f 3412/3843/3507 3411/3935/3598 3458/3844/3508
f 3458/3844/3508 3411/3935/3598 3457/3936/3599
f 3458/3844/3508 3457/3936/3599 3504/3845/3509
f 3504/3845/3509 3457/3936/3599 3503/3937/3600
f 3504/3845/3509 3503/3937/3600 3550/3846/3510
f 3550/3846/3510 3503/3937/3600 3549/3938/3601
f 3550/3846/3510 3549/3938/3601 3596/3847/3511
f 3596/3847/3511 3549/3938/3601 3595/3939/3602
f 3596/3847/3511 3595/3939/3602 3642/3848/3512
f 3642/3848/3512 3595/3939/3602 3641/3940/3603
f 3642/3848/3512 3641/3940/3603 3688/3849/3513
f 3688/3849/3513 3641/3940/3603 3687/3941/3604
f 3688/3849/3513 3687/3941/3604 3734/3850/3514
f 3734/3850/3514 3687/3941/3604 3733/3942/3605
f 3734/3850/3514 3733/3942/3605 3780/3851/3515
f 3780/3851/3515 3733/3942/3605 3779/3943/3606
f 3780/3851/3515 3779/3943/3606 3826/3852/3516
f 3826/3852/3516 3779/3943/3606 3825/3944/3607
f 3826/3852/3516 3825/3944/3607 3872/3853/3517
f 3872/3853/3517 3825/3944/3607 3871/3945/3608
f 3872/3853/3517 3871/3945/3608 3918/3854/3518
f 3918/3854/3518 3871/3945/3608 3917/3946/3609
f 3918/3854/3518 3917/3946/3609 3964/3855/3519
f 3964/3855/3519 3917/3946/3609 3963/3947/3610
f 3964/3855/3519 3963/3947/3610 4010/3856/3520
f 4010/3856/3520 3963/3947/3610 4009/3948/3611
f 4010/3856/3520 4009/3948/3611 4056/3857/3521
f 4056/3857/3521 4009/3948/3611 4055/3949/3612
f 4056/3857/3521 4055/3949/3612 4102/3858/3522
f 4102/3858/3522 4055/3949/3612 4101/3950/3613
f 4102/3858/3522 4101/3950/3613 4148/3859/3523
f 4148/3859/3523 4101/3950/3613 4147/3951/3614
f 4148/3859/3523 4147/3951/3614 4194/3860/3524
f 4194/3860/3524 4147/3951/3614 4193/3952/3615
f 4194/3860/3524 4193/3952/3615 4240/3861/3525
f 4240/3861/3525 4193/3952/3615 4239/3953/3616
f 4240/3861/3525 4239/3953/3616 1475/3862/3526
f 1475/3862/3526 4239/3953/3616 1476/3954/3617
f 1475/3862/3526 1476/3954/3617 1480/3863/3527
f 1480/3863/3527 1476/3954/3617 1479/3955/3618
f 1480/3863/3527 1479/3955/3618 929/3864/3528
f 929/3864/3528 1479/3955/3618 930/939/826
f 929/3864/3528 930/939/826 883/938/825
f 760/3956/3464 759/3865/3373 1383/3957/3619
f 1383/3957/3619 759/3865/3373 1382/3866/3529
f 1383/3957/3619 1382/3866/3529 4930/3958/3620
f 4930/3958/3620 1382/3866/3529 4931/3867/3530
f 4930/3958/3620 4931/3867/3530 4884/3959/3621
f 4884/3959/3621 4931/3867/3530 4885/3868/3531
f 4884/3959/3621 4885/3868/3531 4838/3960/3622
f 4838/3960/3622 4885/3868/3531 4839/3869/3532
f 4838/3960/3622 4839/3869/3532 4792/3961/3623
f 4792/3961/3623 4839/3869/3532 4793/3870/3533
f 4792/3961/3623 4793/3870/3533 4746/3962/3624
f 4746/3962/3624 4793/3870/3533 4747/3871/3534
f 4746/3962/3624 4747/3871/3534 4700/3963/3625
f 4700/3963/3625 4747/3871/3534 4701/3872/3535
f 4700/3963/3625 4701/3872/3535 4654/3964/3626
f 4654/3964/3626 4701/3872/3535 4655/3873/3536
f 4654/3964/3626 4655/3873/3536 4608/3965/3627
f 4608/3965/3627 4655/3873/3536 4609/3874/3537
f 4608/3965/3627 4609/3874/3537 4562/3966/3628
f 4562/3966/3628 4609/3874/3537 4563/3875/3538
f 4562/3966/3628 4563/3875/3538 4516/3967/3629
f 4516/3967/3629 4563/3875/3538 4517/3876/3539
f 4516/3967/3629 4517/3876/3539 4470/3968/3630
f 4470/3968/3630 4517/3876/3539 4471/3877/3540
f 4470/3968/3630 4471/3877/3540 4424/3969/3631
f 4424/3969/3631 4471/3877/3540 4425/3878/3541
f 4424/3969/3631 4425/3878/3541 4378/3970/3632
f 4378/3970/3632 4425/3878/3541 4379/3879/3542
f 4378/3970/3632 4379/3879/3542 4332/3971/3633
f 4332/3971/3633 4379/3879/3542 4333/3880/3543
f 4332/3971/3633 4333/3880/3543 4286/3972/3634
f 4286/3972/3634 4333/3880/3543 4287/3881/3544
f 4286/3972/3634 4287/3881/3544 1284/3973/3635
f 1284/3973/3635 4287/3881/3544 1285/3882/3545
f 1284/3973/3635 1285/3882/3545 1337/3974/3636
f 1337/3974/3636 1285/3882/3545 1336/3883/3546
f 1337/3974/3636 1336/3883/3546 766/3975/3637
f 766/3975/3637 1336/3883/3546 767/3884/3547
f 766/3975/3637 767/3884/3547 784/3976/3638
f 784/3976/3638 767/3884/3547 783/3885/3548
f 784/3976/3638 783/3885/3548 794/3977/3639
f 794/3977/3639 783/3885/3548 793/3886/3549
f 794/3977/3639 793/3886/3549 804/3978/3640
f 804/3978/3640 793/3886/3549 803/3887/3550
f 804/3978/3640 803/3887/3550 813/3979/3641
f 813/3979/3641 803/3887/3550 812/3888/3551
f 813/3979/3641 812/3888/3551 822/3980/3642
f 822/3980/3642 812/3888/3551 821/3889/3552
f 822/3980/3642 821/3889/3552 831/3981/3643
f 831/3981/3643 821/3889/3552 830/3890/3553
f 831/3981/3643 830/3890/3553 840/3982/3644
f 840/3982/3644 830/3890/3553 839/3891/3554
f 840/3982/3644 839/3891/3554 850/3983/3645
f 850/3983/3645 839/3891/3554 849/922/809
f 850/3983/3645 849/922/809 860/924/811
f 761/3892/3555 762/3984/1753 1387/3893/3556
f 1387/3893/3556 762/3984/1753 1386/1797/1663
f 1387/3893/3556 1386/1797/1663 1617/3894/3557
f 1617/3894/3557 1386/1797/1663 1616/1799/1664
f 1617/3894/3557 1616/1799/1664 1663/3895/3558
f 1663/3895/3558 1616/1799/1664 1662/1801/1665
f 1663/3895/3558 1662/1801/1665 1709/3896/3559
f 1709/3896/3559 1662/1801/1665 1708/1803/1666
f 1709/3896/3559 1708/1803/1666 1755/3897/3560
f 1755/3897/3560 1708/1803/1666 1754/1805/1667
f 1755/3897/3560 1754/1805/1667 1801/3898/3561
f 1801/3898/3561 1754/1805/1667 1800/1807/1668
f 1801/3898/3561 1800/1807/1668 1847/3899/3562
f 1847/3899/3562 1800/1807/1668 1846/1809/1669
f 1847/3899/3562 1846/1809/1669 1893/3900/3563
f 1893/3900/3563 1846/1809/1669 1892/1811/1670
f 1893/3900/3563 1892/1811/1670 1939/3901/3564
f 1939/3901/3564 1892/1811/1670 1938/1813/1671
f 1939/3901/3564 1938/1813/1671 1985/3902/3565
f 1985/3902/3565 1938/1813/1671 1984/1815/1672
f 1985/3902/3565 1984/1815/1672 2031/3903/3566
f 2031/3903/3566 1984/1815/1672 2030/1817/1673
f 2031/3903/3566 2030/1817/1673 2077/3904/3567
f 2077/3904/3567 2030/1817/1673 2076/1819/1674
f 2077/3904/3567 2076/1819/1674 2123/3905/3568
f 2123/3905/3568 2076/1819/1674 2122/1821/1675
f 2123/3905/3568 2122/1821/1675 2169/3906/3569
f 2169/3906/3569 2122/1821/1675 2168/1823/1676
f 2169/3906/3569 2168/1823/1676 2215/3907/3570
f 2215/3907/3570 2168/1823/1676 2214/1825/1677
f 2215/3907/3570 2214/1825/1677 2261/3908/3571
f 2261/3908/3571 2214/1825/1677 2260/1827/1678
f 2261/3908/3571 2260/1827/1678 2307/3909/3572
f 2307/3909/3572 2260/1827/1678 2306/1829/1679
f 2307/3909/3572 2306/1829/1679 2353/3910/3573
f 2353/3910/3573 2306/1829/1679 2352/1831/1680
f 2353/3910/3573 2352/1831/1680 2399/3911/3574
f 2399/3911/3574 2352/1831/1680 2398/1833/1681
f 2399/3911/3574 2398/1833/1681 2445/3912/3575
f 2445/3912/3575 2398/1833/1681 2444/1835/1682
f 2445/3912/3575 2444/1835/1682 2491/3913/3576
f 2491/3913/3576 2444/1835/1682 2490/1837/1683
f 2491/3913/3576 2490/1837/1683 2537/3914/3577
f 2537/3914/3577 2490/1837/1683 2536/1839/1684
f 2537/3914/3577 2536/1839/1684 2583/3915/3578
f 2583/3915/3578 2536/1839/1684 2582/1841/1685
f 2583/3915/3578 2582/1841/1685 2629/3916/3579
f 2629/3916/3579 2582/1841/1685 2628/1843/1686
f 2629/3916/3579 2628/1843/1686 2675/3917/3580
f 2675/3917/3580 2628/1843/1686 2674/1845/1687
f 2675/3917/3580 2674/1845/1687 2721/3918/3581
f 2721/3918/3581 2674/1845/1687 2720/1847/1688
f 2721/3918/3581 2720/1847/1688 2767/3919/3582
f 2767/3919/3582 2720/1847/1688 2766/1849/1689
f 2767/3919/3582 2766/1849/1689 2813/3920/3583
f 2813/3920/3583 2766/1849/1689 2812/1851/1690
f 2813/3920/3583 2812/1851/1690 2859/3921/3584
f 2859/3921/3584 2812/1851/1690 2858/1853/1691
f 2859/3921/3584 2858/1853/1691 2905/3922/3585
f 2905/3922/3585 2858/1853/1691 2904/1855/1692
f 2905/3922/3585 2904/1855/1692 1568/3923/3586
f 1568/3923/3586 2904/1855/1692 1569/1857/1693
f 1568/3923/3586 1569/1857/1693 1571/3924/3587
f 1571/3924/3587 1569/1857/1693 1570/1859/1694
f 1571/3924/3587 1570/1859/1694 2951/3925/3588
f 2951/3925/3588 1570/1859/1694 2950/1860/1695
f 2951/3925/3588 2950/1860/1695 2997/3926/3589
f 2997/3926/3589 2950/1860/1695 2996/1862/1696
f 2997/3926/3589 2996/1862/1696 3043/3927/3590
f 3043/3927/3590 2996/1862/1696 3042/1864/1697
f 3043/3927/3590 3042/1864/1697 3089/3928/3591
f 3089/3928/3591 3042/1864/1697 3088/1866/1698
f 3089/3928/3591 3088/1866/1698 3135/3929/3592
f 3135/3929/3592 3088/1866/1698 3134/1868/1699
f 3135/3929/3592 3134/1868/1699 3181/3930/3593
f 3181/3930/3593 3134/1868/1699 3180/1870/1700
f 3181/3930/3593 3180/1870/1700 3227/3931/3594
f 3227/3931/3594 3180/1870/1700 3226/1872/1701
f 3227/3931/3594 3226/1872/1701 3273/3932/3595
f 3273/3932/3595 3226/1872/1701 3272/1874/1702
f 3273/3932/3595 3272/1874/1702 3319/3933/3596
f 3319/3933/3596 3272/1874/1702 3318/1876/1703
f 3319/3933/3596 3318/1876/1703 3365/3934/3597
f 3365/3934/3597 3318/1876/1703 3364/1878/1704
f 3365/3934/3597 3364/1878/1704 3411/3935/3598
f 3411/3935/3598 3364/1878/1704 3410/1880/1705
f 3411/3935/3598 3410/1880/1705 3457/3936/3599
f 3457/3936/3599 3410/1880/1705 3456/1882/1706
f 3457/3936/3599 3456/1882/1706 3503/3937/3600
f 3503/3937/3600 3456/1882/1706 3502/1884/1707
f 3503/3937/3600 3502/1884/1707 3549/3938/3601
f 3549/3938/3601 3502/1884/1707 3548/1886/1708
f 3549/3938/3601 3548/1886/1708 3595/3939/3602
f 3595/3939/3602 3548/1886/1708 3594/1888/1709
f 3595/3939/3602 3594/1888/1709 3641/3940/3603
f 3641/3940/3603 3594/1888/1709 3640/1890/1710
f 3641/3940/3603 3640/1890/1710 3687/3941/3604
f 3687/3941/3604 3640/1890/1710 3686/1892/1711
f 3687/3941/3604 3686/1892/1711 3733/3942/3605
f 3733/3942/3605 3686/1892/1711 3732/1894/1712
f 3733/3942/3605 3732/1894/1712 3779/3943/3606
f 3779/3943/3606 3732/1894/1712 3778/1896/1713
f 3779/3943/3606 3778/1896/1713 3825/3944/3607
f 3825/3944/3607 3778/1896/1713 3824/1898/1714
f 3825/3944/3607 3824/1898/1714 3871/3945/3608
f 3871/3945/3608 3824/1898/1714 3870/1900/1715
f 3871/3945/3608 3870/1900/1715 3917/3946/3609
f 3917/3946/3609 3870/1900/1715 3916/1902/1716
f 3917/3946/3609 3916/1902/1716 3963/3947/3610
f 3963/3947/3610 3916/1902/1716 3962/1904/1717
f 3963/3947/3610 3962/1904/1717 4009/3948/3611
f 4009/3948/3611 3962/1904/1717 4008/1906/1718
f 4009/3948/3611 4008/1906/1718 4055/3949/3612
f 4055/3949/3612 4008/1906/1718 4054/1908/1719
f 4055/3949/3612 4054/1908/1719 4101/3950/3613
f 4101/3950/3613 4054/1908/1719 4100/1910/1720
f 4101/3950/3613 4100/1910/1720 4147/3951/3614
f 4147/3951/3614 4100/1910/1720 4146/1912/1721
f 4147/3951/3614 4146/1912/1721 4193/3952/3615
f 4193/3952/3615 4146/1912/1721 4192/1914/1722
f 4193/3952/3615 4192/1914/1722 4239/3953/3616
f 4239/3953/3616 4192/1914/1722 4238/1916/1723
f 4239/3953/3616 4238/1916/1723 1476/3954/3617
f 1476/3954/3617 4238/1916/1723 1477/1918/1724
f 1476/3954/3617 1477/1918/1724 1479/3955/3618
f 1479/3955/3618 1477/1918/1724 1478/940/827
f 1479/3955/3618 1478/940/827 930/939/826
f 761/3985/3555 760/3956/3464 1384/3986/3646
f 1384/3986/3646 760/3956/3464 1383/3957/3619
f 1384/3986/3646 1383/3957/3619 4929/3987/3647
f 4929/3987/3647 1383/3957/3619 4930/3958/3620
f 4929/3987/3647 4930/3958/3620 4883/3988/3648
f 4883/3988/3648 4930/3958/3620 4884/3959/3621
f 4883/3988/3648 4884/3959/3621 4837/3989/3649
f 4837/3989/3649 4884/3959/3621 4838/3960/3622
f 4837/3989/3649 4838/3960/3622 4791/3990/3650
f 4791/3990/3650 4838/3960/3622 4792/3961/3623
f 4791/3990/3650 4792/3961/3623 4745/3991/3651
f 4745/3991/3651 4792/3961/3623 4746/3962/3624
f 4745/3991/3651 4746/3962/3624 4699/3992/3652
f 4699/3992/3652 4746/3962/3624 4700/3963/3625
f 4699/3992/3652 4700/3963/3625 4653/3993/3653
f 4653/3993/3653 4700/3963/3625 4654/3964/3626
f 4653/3993/3653 4654/3964/3626 4607/3994/3654
f 4607/3994/3654 4654/3964/3626 4608/3965/3627
f 4607/3994/3654 4608/3965/3627 4561/3995/3655
f 4561/3995/3655 4608/3965/3627 4562/3966/3628
f 4561/3995/3655 4562/3966/3628 4515/3996/3656
f 4515/3996/3656 4562/3966/3628 4516/3967/3629
f 4515/3996/3656 4516/3967/3629 4469/3997/3657
f 4469/3997/3657 4516/3967/3629 4470/3968/3630
f 4469/3997/3657 4470/3968/3630 4423/3998/3658
f 4423/3998/3658 4470/3968/3630 4424/3969/3631
f 4423/3998/3658 4424/3969/3631 4377/3999/3659
f 4377/3999/3659 4424/3969/3631 4378/3970/3632
f 4377/3999/3659 4378/3970/3632 4331/4000/3660
f 4331/4000/3660 4378/3970/3632 4332/3971/3633
f 4331/4000/3660 4332/3971/3633 4285/4001/3661
f 4285/4001/3661 4332/3971/3633 4286/3972/3634
f 4285/4001/3661 4286/3972/3634 1283/4002/3662
f 1283/4002/3662 4286/3972/3634 1284/3973/3635
f 1283/4002/3662 1284/3973/3635 1338/4003/3663
f 1338/4003/3663 1284/3973/3635 1337/3974/3636
f 1338/4003/3663 1337/3974/3636 765/4004/3664
f 765/4004/3664 1337/3974/3636 766/3975/3637
f 765/4004/3664 766/3975/3637 785/4005/3665
f 785/4005/3665 766/3975/3637 784/3976/3638
f 785/4005/3665 784/3976/3638 795/4006/3666
f 795/4006/3666 784/3976/3638 794/3977/3639
f 795/4006/3666 794/3977/3639 805/4007/3667
f 805/4007/3667 794/3977/3639 804/3978/3640
f 805/4007/3667 804/3978/3640 814/4008/3668
f 814/4008/3668 804/3978/3640 813/3979/3641
f 814/4008/3668 813/3979/3641 823/4009/3669
f 823/4009/3669 813/3979/3641 822/3980/3642
f 823/4009/3669 822/3980/3642 832/4010/3670
f 832/4010/3670 822/3980/3642 831/3981/3643
f 832/4010/3670 831/3981/3643 841/4011/3671
f 841/4011/3671 831/3981/3643 840/3982/3644
f 841/4011/3671 840/3982/3644 851/4012/3672
f 851/4012/3672 840/3982/3644 850/3983/3645
f 851/4012/3672 850/3983/3645 861/4013/3673
f 861/4013/3673 850/3983/3645 860/924/811
f 861/4013/3673 860/924/811 872/926/813
f 762/3984/1753 714/4014/817 1386/1797/1663
f 762/1976/1753 761/3985/3555 1385/1974/1752
f 1385/1974/1752 761/3985/3555 1384/3986/3646
f 1385/1974/1752 1384/3986/3646 4928/1972/1751
f 4928/1972/1751 1384/3986/3646 4929/3987/3647
f 4928/1972/1751 4929/3987/3647 4882/1970/1750
f 4882/1970/1750 4929/3987/3647 4883/3988/3648
f 4882/1970/1750 4883/3988/3648 4836/1968/1749
f 4836/1968/1749 4883/3988/3648 4837/3989/3649
f 4836/1968/1749 4837/3989/3649 4790/1966/1748
f 4790/1966/1748 4837/3989/3649 4791/3990/3650
f 4790/1966/1748 4791/3990/3650 4744/1964/1747
f 4744/1964/1747 4791/3990/3650 4745/3991/3651
f 4744/1964/1747 4745/3991/3651 4698/1962/1746
f 4698/1962/1746 4745/3991/3651 4699/3992/3652
f 4698/1962/1746 4699/3992/3652 4652/1960/1745
f 4652/1960/1745 4699/3992/3652 4653/3993/3653
f 4652/1960/1745 4653/3993/3653 4606/1958/1744
f 4606/1958/1744 4653/3993/3653 4607/3994/3654
f 4606/1958/1744 4607/3994/3654 4560/1956/1743
f 4560/1956/1743 4607/3994/3654 4561/3995/3655
f 4560/1956/1743 4561/3995/3655 4514/1954/1742
f 4514/1954/1742 4561/3995/3655 4515/3996/3656
f 4514/1954/1742 4515/3996/3656 4468/1952/1741
f 4468/1952/1741 4515/3996/3656 4469/3997/3657
f 4468/1952/1741 4469/3997/3657 4422/1950/1740
f 4422/1950/1740 4469/3997/3657 4423/3998/3658
f 4422/1950/1740 4423/3998/3658 4376/1948/1739
f 4376/1948/1739 4423/3998/3658 4377/3999/3659
f 4376/1948/1739 4377/3999/3659 4330/1946/1738
f 4330/1946/1738 4377/3999/3659 4331/4000/3660
f 4330/1946/1738 4331/4000/3660 4284/1944/1737
f 4284/1944/1737 4331/4000/3660 4285/4001/3661
f 4284/1944/1737 4285/4001/3661 1282/4015/3674
f 1282/4015/3674 4285/4001/3661 1283/4002/3662
f 1282/4015/3674 1283/4002/3662 1339/1943/1736
f 1339/1943/1736 1283/4002/3662 1338/4003/3663
f 1339/1943/1736 1338/4003/3663 764/1941/1735
f 764/1941/1735 1338/4003/3663 765/4004/3664
f 764/1941/1735 765/4004/3664 786/1939/1734
f 786/1939/1734 765/4004/3664 785/4005/3665
f 786/1939/1734 785/4005/3665 796/1937/1733
f 796/1937/1733 785/4005/3665 795/4006/3666
f 796/1937/1733 795/4006/3666 806/1935/1732
f 806/1935/1732 795/4006/3666 805/4007/3667
f 806/1935/1732 805/4007/3667 815/1933/1731
f 815/1933/1731 805/4007/3667 814/4008/3668
f 815/1933/1731 814/4008/3668 824/1931/1730
f 824/1931/1730 814/4008/3668 823/4009/3669
f 824/1931/1730 823/4009/3669 833/1929/1729
f 833/1929/1729 823/4009/3669 832/4010/3670
f 833/1929/1729 832/4010/3670 842/1927/1728
f 842/1927/1728 832/4010/3670 841/4011/3671
f 842/1927/1728 841/4011/3671 852/1925/1727
f 852/1925/1727 841/4011/3671 851/4012/3672
f 852/1925/1727 851/4012/3672 862/1923/1726
f 862/1923/1726 851/4012/3672 861/4013/3673
f 862/1923/1726 861/4013/3673 873/1921/1725
f 873/1921/1725 861/4013/3673 872/926/813
f 873/1921/1725 872/926/813 885/928/815
f 4284/1944/1737 1282/4015/3674 714/4016/817
f 714/4016/817 1282/4015/3674 1339/1943/1736
f 1523/2033/1781 713/4017/792 1432/2034/1782
f 1615/2094/1812 713/4018/792 1524/2095/1813
f 886/2031/1780 887/4019/3675 963/2029/1779
f 963/2029/1779 887/4019/3675 962/4020/3676
f 963/2029/1779 962/4020/3676 993/2027/1778
f 993/2027/1778 962/4020/3676 992/4021/3677
f 993/2027/1778 992/4021/3677 1022/2025/1777
f 1022/2025/1777 992/4021/3677 1021/4022/3678
f 1022/2025/1777 1021/4022/3678 1050/2023/1776
f 1050/2023/1776 1021/4022/3678 1049/4023/3679
f 1050/2023/1776 1049/4023/3679 1078/2021/1775
f 1078/2021/1775 1049/4023/3679 1077/4024/3680
f 1078/2021/1775 1077/4024/3680 1106/2019/1774
f 1106/2019/1774 1077/4024/3680 1105/4025/3681
f 1106/2019/1774 1105/4025/3681 1134/2017/1773
f 1134/2017/1773 1105/4025/3681 1133/4026/3682
f 1134/2017/1773 1133/4026/3682 1162/2015/1772
f 1162/2015/1772 1133/4026/3682 1161/4027/3683
f 1162/2015/1772 1161/4027/3683 1190/1716/1594
f 1190/1716/1594 1161/4027/3683 1189/1714/1592
f 887/4019/3675 888/4028/3684 962/4020/3676
f 962/4020/3676 888/4028/3684 961/4029/3685
f 962/4020/3676 961/4029/3685 992/4021/3677
f 992/4021/3677 961/4029/3685 991/4030/3686
f 992/4021/3677 991/4030/3686 1021/4022/3678
f 1021/4022/3678 991/4030/3686 1020/4031/3687
f 1021/4022/3678 1020/4031/3687 1049/4023/3679
f 1049/4023/3679 1020/4031/3687 1048/4032/3688
f 1049/4023/3679 1048/4032/3688 1077/4024/3680
f 1077/4024/3680 1048/4032/3688 1076/4033/3689
f 1077/4024/3680 1076/4033/3689 1105/4025/3681
f 1105/4025/3681 1076/4033/3689 1104/4034/3690
f 1105/4025/3681 1104/4034/3690 1133/4026/3682
f 1133/4026/3682 1104/4034/3690 1132/4035/3691
f 1133/4026/3682 1132/4035/3691 1161/4027/3683
f 1161/4027/3683 1132/4035/3691 1160/4036/3692
f 1161/4027/3683 1160/4036/3692 1189/1714/1592
f 1189/1714/1592 1160/4036/3692 1188/1712/1590
f 887/4019/3675 886/2031/1780 1522/4037/3693
f 1522/4037/3693 886/2031/1780 1523/2033/1781
f 1522/4037/3693 1523/2033/1781 1433/4038/3694
f 1433/4038/3694 1523/2033/1781 1432/2034/1782
f 1433/4038/3694 1432/2034/1782 4282/4039/3695
f 4282/4039/3695 1432/2034/1782 4283/2036/1783
f 4282/4039/3695 4283/2036/1783 4236/4040/3696
f 4236/4040/3696 4283/2036/1783 4237/2038/1784
f 4236/4040/3696 4237/2038/1784 4190/4041/3697
f 4190/4041/3697 4237/2038/1784 4191/2040/1785
f 4190/4041/3697 4191/2040/1785 4144/4042/3698
f 4144/4042/3698 4191/2040/1785 4145/2042/1786
f 4144/4042/3698 4145/2042/1786 4098/4043/3699
f 4098/4043/3699 4145/2042/1786 4099/2044/1787
f 4098/4043/3699 4099/2044/1787 4052/4044/3700
f 4052/4044/3700 4099/2044/1787 4053/2046/1788
f 4052/4044/3700 4053/2046/1788 4006/4045/3701
f 4006/4045/3701 4053/2046/1788 4007/2048/1789
f 4006/4045/3701 4007/2048/1789 3960/4046/3702
f 3960/4046/3702 4007/2048/1789 3961/2050/1790
f 3960/4046/3702 3961/2050/1790 3914/4047/3703
f 3914/4047/3703 3961/2050/1790 3915/2052/1791
f 3914/4047/3703 3915/2052/1791 3868/4048/3704
f 3868/4048/3704 3915/2052/1791 3869/2054/1792
f 3868/4048/3704 3869/2054/1792 3822/4049/3705
f 3822/4049/3705 3869/2054/1792 3823/2056/1793
f 3822/4049/3705 3823/2056/1793 3776/4050/3706
f 3776/4050/3706 3823/2056/1793 3777/2058/1794
f 3776/4050/3706 3777/2058/1794 3730/4051/3707
f 3730/4051/3707 3777/2058/1794 3731/2060/1795
f 3730/4051/3707 3731/2060/1795 3684/4052/3708
f 3684/4052/3708 3731/2060/1795 3685/2062/1796
f 3684/4052/3708 3685/2062/1796 3638/4053/3709
f 3638/4053/3709 3685/2062/1796 3639/2064/1797
f 3638/4053/3709 3639/2064/1797 3592/4054/3710
f 3592/4054/3710 3639/2064/1797 3593/2066/1798
f 3592/4054/3710 3593/2066/1798 3546/4055/3711
f 3546/4055/3711 3593/2066/1798 3547/2068/1799
f 3546/4055/3711 3547/2068/1799 3500/4056/3712
f 3500/4056/3712 3547/2068/1799 3501/2070/1800
f 3500/4056/3712 3501/2070/1800 3454/4057/3713
f 3454/4057/3713 3501/2070/1800 3455/2072/1801
f 3454/4057/3713 3455/2072/1801 3408/4058/3714
f 3408/4058/3714 3455/2072/1801 3409/2074/1802
f 3408/4058/3714 3409/2074/1802 3362/4059/3715
f 3362/4059/3715 3409/2074/1802 3363/2076/1803
f 3362/4059/3715 3363/2076/1803 3316/4060/3716
f 3316/4060/3716 3363/2076/1803 3317/2078/1804
f 3316/4060/3716 3317/2078/1804 3270/4061/3717
f 3270/4061/3717 3317/2078/1804 3271/2080/1805
f 3270/4061/3717 3271/2080/1805 3224/4062/3718
f 3224/4062/3718 3271/2080/1805 3225/2082/1806
f 3224/4062/3718 3225/2082/1806 3178/4063/3719
f 3178/4063/3719 3225/2082/1806 3179/2084/1807
f 3178/4063/3719 3179/2084/1807 3132/4064/3720
f 3132/4064/3720 3179/2084/1807 3133/2086/1808
f 3132/4064/3720 3133/2086/1808 3086/4065/3721
f 3086/4065/3721 3133/2086/1808 3087/2088/1809
f 3086/4065/3721 3087/2088/1809 3040/4066/3722
f 3040/4066/3722 3087/2088/1809 3041/2090/1810
f 3040/4066/3722 3041/2090/1810 2994/4067/3723
f 2994/4067/3723 3041/2090/1810 2995/2092/1811
f 2994/4067/3723 2995/2092/1811 1614/4068/3724
f 1614/4068/3724 2995/2092/1811 1615/2094/1812
f 1614/4068/3724 1615/2094/1812 1525/4069/3725
f 1525/4069/3725 1615/2094/1812 1524/2095/1813
f 1525/4069/3725 1524/2095/1813 2948/4070/3726
f 2948/4070/3726 1524/2095/1813 2949/2097/1814
f 2948/4070/3726 2949/2097/1814 2902/4071/3727
f 2902/4071/3727 2949/2097/1814 2903/2099/1815
f 2902/4071/3727 2903/2099/1815 2856/4072/3728
f 2856/4072/3728 2903/2099/1815 2857/2101/1816
f 2856/4072/3728 2857/2101/1816 2810/4073/3729
f 2810/4073/3729 2857/2101/1816 2811/2103/1817
f 2810/4073/3729 2811/2103/1817 2764/4074/3730
f 2764/4074/3730 2811/2103/1817 2765/2105/1818
f 2764/4074/3730 2765/2105/1818 2718/4075/3731
f 2718/4075/3731 2765/2105/1818 2719/2107/1819
f 2718/4075/3731 2719/2107/1819 2672/4076/3732
f 2672/4076/3732 2719/2107/1819 2673/2109/1820
f 2672/4076/3732 2673/2109/1820 2626/4077/3733
f 2626/4077/3733 2673/2109/1820 2627/2111/1821
f 2626/4077/3733 2627/2111/1821 2580/4078/3734
f 2580/4078/3734 2627/2111/1821 2581/2113/1822
f 2580/4078/3734 2581/2113/1822 2534/4079/3735
f 2534/4079/3735 2581/2113/1822 2535/2115/1823
f 2534/4079/3735 2535/2115/1823 2488/4080/3736
f 2488/4080/3736 2535/2115/1823 2489/2117/1824
f 2488/4080/3736 2489/2117/1824 2442/4081/3737
f 2442/4081/3737 2489/2117/1824 2443/2119/1825
f 2442/4081/3737 2443/2119/1825 2396/4082/3738
f 2396/4082/3738 2443/2119/1825 2397/2121/1826
f 2396/4082/3738 2397/2121/1826 2350/4083/3739
f 2350/4083/3739 2397/2121/1826 2351/2123/1827
f 2350/4083/3739 2351/2123/1827 2304/4084/3740
f 2304/4084/3740 2351/2123/1827 2305/2125/1828
f 2304/4084/3740 2305/2125/1828 2258/4085/3741
f 2258/4085/3741 2305/2125/1828 2259/2127/1829
f 2258/4085/3741 2259/2127/1829 2212/4086/3742
f 2212/4086/3742 2259/2127/1829 2213/2129/1830
f 2212/4086/3742 2213/2129/1830 2166/4087/3743
f 2166/4087/3743 2213/2129/1830 2167/2131/1831
f 2166/4087/3743 2167/2131/1831 2120/4088/3744
f 2120/4088/3744 2167/2131/1831 2121/2133/1832
f 2120/4088/3744 2121/2133/1832 2074/4089/3745
f 2074/4089/3745 2121/2133/1832 2075/2135/1833
f 2074/4089/3745 2075/2135/1833 2028/4090/3746
f 2028/4090/3746 2075/2135/1833 2029/2137/1834
f 2028/4090/3746 2029/2137/1834 1982/4091/3747
f 1982/4091/3747 2029/2137/1834 1983/2139/1835
f 1982/4091/3747 1983/2139/1835 1936/4092/3748
f 1936/4092/3748 1983/2139/1835 1937/2141/1836
f 1936/4092/3748 1937/2141/1836 1890/4093/3749
f 1890/4093/3749 1937/2141/1836 1891/2143/1837
f 1890/4093/3749 1891/2143/1837 1844/4094/3750
f 1844/4094/3750 1891/2143/1837 1845/2145/1838
f 1844/4094/3750 1845/2145/1838 1798/4095/3751
f 1798/4095/3751 1845/2145/1838 1799/2147/1839
f 1798/4095/3751 1799/2147/1839 1752/4096/3752
f 1752/4096/3752 1799/2147/1839 1753/2149/1840
f 1752/4096/3752 1753/2149/1840 1706/4097/3753
f 1706/4097/3753 1753/2149/1840 1707/2151/1841
f 1706/4097/3753 1707/2151/1841 1660/4098/3754
f 1660/4098/3754 1707/2151/1841 1661/2153/1842
f 1660/4098/3754 1661/2153/1842 1430/901/788
f 1430/901/788 1661/2153/1842 1431/903/790
f 888/4028/3684 889/4099/3755 961/4029/3685
f 961/4029/3685 889/4099/3755 960/4100/3756
f 961/4029/3685 960/4100/3756 991/4030/3686
f 991/4030/3686 960/4100/3756 990/4101/3757
f 991/4030/3686 990/4101/3757 1020/4031/3687
f 1020/4031/3687 990/4101/3757 1019/4102/3758
f 1020/4031/3687 1019/4102/3758 1048/4032/3688
f 1048/4032/3688 1019/4102/3758 1047/4103/3759
f 1048/4032/3688 1047/4103/3759 1076/4033/3689
f 1076/4033/3689 1047/4103/3759 1075/4104/3760
f 1076/4033/3689 1075/4104/3760 1104/4034/3690
f 1104/4034/3690 1075/4104/3760 1103/4105/3761
f 1104/4034/3690 1103/4105/3761 1132/4035/3691
f 1132/4035/3691 1103/4105/3761 1131/4106/3762
f 1132/4035/3691 1131/4106/3762 1160/4036/3692
f 1160/4036/3692 1131/4106/3762 1159/4107/3763
f 1160/4036/3692 1159/4107/3763 1188/1712/1590
f 1188/1712/1590 1159/4107/3763 1187/1710/1588
f 888/4028/3684 887/4019/3675 1521/4108/3764
f 1521/4108/3764 887/4019/3675 1522/4037/3693
f 1521/4108/3764 1522/4037/3693 1434/4109/3765
f 1434/4109/3765 1522/4037/3693 1433/4038/3694
f 1434/4109/3765 1433/4038/3694 4281/4110/3766
f 4281/4110/3766 1433/4038/3694 4282/4039/3695
f 4281/4110/3766 4282/4039/3695 4235/4111/3767
f 4235/4111/3767 4282/4039/3695 4236/4040/3696
f 4235/4111/3767 4236/4040/3696 4189/4112/3768
f 4189/4112/3768 4236/4040/3696 4190/4041/3697
f 4189/4112/3768 4190/4041/3697 4143/4113/3769
f 4143/4113/3769 4190/4041/3697 4144/4042/3698
f 4143/4113/3769 4144/4042/3698 4097/4114/3770
f 4097/4114/3770 4144/4042/3698 4098/4043/3699
f 4097/4114/3770 4098/4043/3699 4051/4115/3771
f 4051/4115/3771 4098/4043/3699 4052/4044/3700
f 4051/4115/3771 4052/4044/3700 4005/4116/3772
f 4005/4116/3772 4052/4044/3700 4006/4045/3701
f 4005/4116/3772 4006/4045/3701 3959/4117/3773
f 3959/4117/3773 4006/4045/3701 3960/4046/3702
f 3959/4117/3773 3960/4046/3702 3913/4118/3774
f 3913/4118/3774 3960/4046/3702 3914/4047/3703
f 3913/4118/3774 3914/4047/3703 3867/4119/3775
f 3867/4119/3775 3914/4047/3703 3868/4048/3704
f 3867/4119/3775 3868/4048/3704 3821/4120/3776
f 3821/4120/3776 3868/4048/3704 3822/4049/3705
f 3821/4120/3776 3822/4049/3705 3775/4121/3777
f 3775/4121/3777 3822/4049/3705 3776/4050/3706
f 3775/4121/3777 3776/4050/3706 3729/4122/3778
f 3729/4122/3778 3776/4050/3706 3730/4051/3707
f 3729/4122/3778 3730/4051/3707 3683/4123/3779
f 3683/4123/3779 3730/4051/3707 3684/4052/3708
f 3683/4123/3779 3684/4052/3708 3637/4124/3780
f 3637/4124/3780 3684/4052/3708 3638/4053/3709
f 3637/4124/3780 3638/4053/3709 3591/4125/3781
f 3591/4125/3781 3638/4053/3709 3592/4054/3710
f 3591/4125/3781 3592/4054/3710 3545/4126/3782
f 3545/4126/3782 3592/4054/3710 3546/4055/3711
f 3545/4126/3782 3546/4055/3711 3499/4127/3783
f 3499/4127/3783 3546/4055/3711 3500/4056/3712
f 3499/4127/3783 3500/4056/3712 3453/4128/3784
f 3453/4128/3784 3500/4056/3712 3454/4057/3713
f 3453/4128/3784 3454/4057/3713 3407/4129/3785
f 3407/4129/3785 3454/4057/3713 3408/4058/3714
f 3407/4129/3785 3408/4058/3714 3361/4130/3786
f 3361/4130/3786 3408/4058/3714 3362/4059/3715
f 3361/4130/3786 3362/4059/3715 3315/4131/3787
f 3315/4131/3787 3362/4059/3715 3316/4060/3716
f 3315/4131/3787 3316/4060/3716 3269/4132/3788
f 3269/4132/3788 3316/4060/3716 3270/4061/3717
f 3269/4132/3788 3270/4061/3717 3223/4133/3789
f 3223/4133/3789 3270/4061/3717 3224/4062/3718
f 3223/4133/3789 3224/4062/3718 3177/4134/3790
f 3177/4134/3790 3224/4062/3718 3178/4063/3719
f 3177/4134/3790 3178/4063/3719 3131/4135/3791
f 3131/4135/3791 3178/4063/3719 3132/4064/3720
f 3131/4135/3791 3132/4064/3720 3085/4136/3792
f 3085/4136/3792 3132/4064/3720 3086/4065/3721
f 3085/4136/3792 3086/4065/3721 3039/4137/3793
f 3039/4137/3793 3086/4065/3721 3040/4066/3722
f 3039/4137/3793 3040/4066/3722 2993/4138/3794
f 2993/4138/3794 3040/4066/3722 2994/4067/3723
f 2993/4138/3794 2994/4067/3723 1613/4139/3795
f 1613/4139/3795 2994/4067/3723 1614/4068/3724
f 1613/4139/3795 1614/4068/3724 1526/4140/3796
f 1526/4140/3796 1614/4068/3724 1525/4069/3725
f 1526/4140/3796 1525/4069/3725 2947/4141/3797
f 2947/4141/3797 1525/4069/3725 2948/4070/3726
f 2947/4141/3797 2948/4070/3726 2901/4142/3798
f 2901/4142/3798 2948/4070/3726 2902/4071/3727
f 2901/4142/3798 2902/4071/3727 2855/4143/3799
f 2855/4143/3799 2902/4071/3727 2856/4072/3728
f 2855/4143/3799 2856/4072/3728 2809/4144/3800
f 2809/4144/3800 2856/4072/3728 2810/4073/3729
f 2809/4144/3800 2810/4073/3729 2763/4145/3801
f 2763/4145/3801 2810/4073/3729 2764/4074/3730
f 2763/4145/3801 2764/4074/3730 2717/4146/3802
f 2717/4146/3802 2764/4074/3730 2718/4075/3731
f 2717/4146/3802 2718/4075/3731 2671/4147/3803
f 2671/4147/3803 2718/4075/3731 2672/4076/3732
f 2671/4147/3803 2672/4076/3732 2625/4148/3804
f 2625/4148/3804 2672/4076/3732 2626/4077/3733
f 2625/4148/3804 2626/4077/3733 2579/4149/3805
f 2579/4149/3805 2626/4077/3733 2580/4078/3734
f 2579/4149/3805 2580/4078/3734 2533/4150/3806
f 2533/4150/3806 2580/4078/3734 2534/4079/3735
f 2533/4150/3806 2534/4079/3735 2487/4151/3807
f 2487/4151/3807 2534/4079/3735 2488/4080/3736
f 2487/4151/3807 2488/4080/3736 2441/4152/3808
f 2441/4152/3808 2488/4080/3736 2442/4081/3737
f 2441/4152/3808 2442/4081/3737 2395/4153/3809
f 2395/4153/3809 2442/4081/3737 2396/4082/3738
f 2395/4153/3809 2396/4082/3738 2349/4154/3810
f 2349/4154/3810 2396/4082/3738 2350/4083/3739
f 2349/4154/3810 2350/4083/3739 2303/4155/3811
f 2303/4155/3811 2350/4083/3739 2304/4084/3740
f 2303/4155/3811 2304/4084/3740 2257/4156/3812
f 2257/4156/3812 2304/4084/3740 2258/4085/3741
f 2257/4156/3812 2258/4085/3741 2211/4157/3813
f 2211/4157/3813 2258/4085/3741 2212/4086/3742
f 2211/4157/3813 2212/4086/3742 2165/4158/3814
f 2165/4158/3814 2212/4086/3742 2166/4087/3743
f 2165/4158/3814 2166/4087/3743 2119/4159/3815
f 2119/4159/3815 2166/4087/3743 2120/4088/3744
f 2119/4159/3815 2120/4088/3744 2073/4160/3816
f 2073/4160/3816 2120/4088/3744 2074/4089/3745
f 2073/4160/3816 2074/4089/3745 2027/4161/3817
f 2027/4161/3817 2074/4089/3745 2028/4090/3746
f 2027/4161/3817 2028/4090/3746 1981/4162/3818
f 1981/4162/3818 2028/4090/3746 1982/4091/3747
f 1981/4162/3818 1982/4091/3747 1935/4163/3819
f 1935/4163/3819 1982/4091/3747 1936/4092/3748
f 1935/4163/3819 1936/4092/3748 1889/4164/3820
f 1889/4164/3820 1936/4092/3748 1890/4093/3749
f 1889/4164/3820 1890/4093/3749 1843/4165/3821
f 1843/4165/3821 1890/4093/3749 1844/4094/3750
f 1843/4165/3821 1844/4094/3750 1797/4166/3822
f 1797/4166/3822 1844/4094/3750 1798/4095/3751
f 1797/4166/3822 1798/4095/3751 1751/4167/3823
f 1751/4167/3823 1798/4095/3751 1752/4096/3752
f 1751/4167/3823 1752/4096/3752 1705/4168/3824
f 1705/4168/3824 1752/4096/3752 1706/4097/3753
f 1705/4168/3824 1706/4097/3753 1659/4169/3825
f 1659/4169/3825 1706/4097/3753 1660/4098/3754
f 1659/4169/3825 1660/4098/3754 1429/899/786
f 1429/899/786 1660/4098/3754 1430/901/788
f 889/4099/3755 890/4170/3826 960/4100/3756
f 960/4100/3756 890/4170/3826 959/4171/3827
f 960/4100/3756 959/4171/3827 990/4101/3757
f 990/4101/3757 959/4171/3827 989/4172/3828
f 990/4101/3757 989/4172/3828 1019/4102/3758
f 1019/4102/3758 989/4172/3828 1018/4173/3829
f 1019/4102/3758 1018/4173/3829 1047/4103/3759
f 1047/4103/3759 1018/4173/3829 1046/4174/3830
f 1047/4103/3759 1046/4174/3830 1075/4104/3760
f 1075/4104/3760 1046/4174/3830 1074/4175/3831
f 1075/4104/3760 1074/4175/3831 1103/4105/3761
f 1103/4105/3761 1074/4175/3831 1102/4176/3832
f 1103/4105/3761 1102/4176/3832 1131/4106/3762
f 1131/4106/3762 1102/4176/3832 1130/4177/3833
f 1131/4106/3762 1130/4177/3833 1159/4107/3763
f 1159/4107/3763 1130/4177/3833 1158/4178/3834
f 1159/4107/3763 1158/4178/3834 1187/1710/1588
f 1187/1710/1588 1158/4178/3834 1186/1708/1586
f 889/4099/3755 888/4028/3684 1520/4179/3835
f 1520/4179/3835 888/4028/3684 1521/4108/3764
f 1520/4179/3835 1521/4108/3764 1435/4180/3836
f 1435/4180/3836 1521/4108/3764 1434/4109/3765
f 1435/4180/3836 1434/4109/3765 4280/4181/3837
f 4280/4181/3837 1434/4109/3765 4281/4110/3766
f 4280/4181/3837 4281/4110/3766 4234/4182/3838
f 4234/4182/3838 4281/4110/3766 4235/4111/3767
f 4234/4182/3838 4235/4111/3767 4188/4183/3839
f 4188/4183/3839 4235/4111/3767 4189/4112/3768
f 4188/4183/3839 4189/4112/3768 4142/4184/3840
f 4142/4184/3840 4189/4112/3768 4143/4113/3769
f 4142/4184/3840 4143/4113/3769 4096/4185/3841
f 4096/4185/3841 4143/4113/3769 4097/4114/3770
f 4096/4185/3841 4097/4114/3770 4050/4186/3842
f 4050/4186/3842 4097/4114/3770 4051/4115/3771
f 4050/4186/3842 4051/4115/3771 4004/4187/3843
f 4004/4187/3843 4051/4115/3771 4005/4116/3772
f 4004/4187/3843 4005/4116/3772 3958/4188/3844
f 3958/4188/3844 4005/4116/3772 3959/4117/3773
f 3958/4188/3844 3959/4117/3773 3912/4189/3845
f 3912/4189/3845 3959/4117/3773 3913/4118/3774
f 3912/4189/3845 3913/4118/3774 3866/4190/3846
f 3866/4190/3846 3913/4118/3774 3867/4119/3775
f 3866/4190/3846 3867/4119/3775 3820/4191/3847
f 3820/4191/3847 3867/4119/3775 3821/4120/3776
f 3820/4191/3847 3821/4120/3776 3774/4192/3848
f 3774/4192/3848 3821/4120/3776 3775/4121/3777
f 3774/4192/3848 3775/4121/3777 3728/4193/3849
f 3728/4193/3849 3775/4121/3777 3729/4122/3778
f 3728/4193/3849 3729/4122/3778 3682/4194/3850
f 3682/4194/3850 3729/4122/3778 3683/4123/3779
f 3682/4194/3850 3683/4123/3779 3636/4195/3851
f 3636/4195/3851 3683/4123/3779 3637/4124/3780
f 3636/4195/3851 3637/4124/3780 3590/4196/3852
f 3590/4196/3852 3637/4124/3780 3591/4125/3781
f 3590/4196/3852 3591/4125/3781 3544/4197/3853
f 3544/4197/3853 3591/4125/3781 3545/4126/3782
f 3544/4197/3853 3545/4126/3782 3498/4198/3854
f 3498/4198/3854 3545/4126/3782 3499/4127/3783
f 3498/4198/3854 3499/4127/3783 3452/4199/3855
f 3452/4199/3855 3499/4127/3783 3453/4128/3784
f 3452/4199/3855 3453/4128/3784 3406/4200/3856
f 3406/4200/3856 3453/4128/3784 3407/4129/3785
f 3406/4200/3856 3407/4129/3785 3360/4201/3857
f 3360/4201/3857 3407/4129/3785 3361/4130/3786
f 3360/4201/3857 3361/4130/3786 3314/4202/3858
f 3314/4202/3858 3361/4130/3786 3315/4131/3787
f 3314/4202/3858 3315/4131/3787 3268/4203/3859
f 3268/4203/3859 3315/4131/3787 3269/4132/3788
f 3268/4203/3859 3269/4132/3788 3222/4204/3860
f 3222/4204/3860 3269/4132/3788 3223/4133/3789
f 3222/4204/3860 3223/4133/3789 3176/4205/3861
f 3176/4205/3861 3223/4133/3789 3177/4134/3790
f 3176/4205/3861 3177/4134/3790 3130/4206/3862
f 3130/4206/3862 3177/4134/3790 3131/4135/3791
f 3130/4206/3862 3131/4135/3791 3084/4207/3863
f 3084/4207/3863 3131/4135/3791 3085/4136/3792
f 3084/4207/3863 3085/4136/3792 3038/4208/3864
f 3038/4208/3864 3085/4136/3792 3039/4137/3793
f 3038/4208/3864 3039/4137/3793 2992/4209/3865
f 2992/4209/3865 3039/4137/3793 2993/4138/3794
f 2992/4209/3865 2993/4138/3794 1612/4210/3866
f 1612/4210/3866 2993/4138/3794 1613/4139/3795
f 1612/4210/3866 1613/4139/3795 1527/4211/3867
f 1527/4211/3867 1613/4139/3795 1526/4140/3796
f 1527/4211/3867 1526/4140/3796 2946/4212/3868
f 2946/4212/3868 1526/4140/3796 2947/4141/3797
f 2946/4212/3868 2947/4141/3797 2900/4213/3869
f 2900/4213/3869 2947/4141/3797 2901/4142/3798
f 2900/4213/3869 2901/4142/3798 2854/4214/3870
f 2854/4214/3870 2901/4142/3798 2855/4143/3799
f 2854/4214/3870 2855/4143/3799 2808/4215/3871
f 2808/4215/3871 2855/4143/3799 2809/4144/3800
f 2808/4215/3871 2809/4144/3800 2762/4216/3872
f 2762/4216/3872 2809/4144/3800 2763/4145/3801
f 2762/4216/3872 2763/4145/3801 2716/4217/3873
f 2716/4217/3873 2763/4145/3801 2717/4146/3802
f 2716/4217/3873 2717/4146/3802 2670/4218/3874
f 2670/4218/3874 2717/4146/3802 2671/4147/3803
f 2670/4218/3874 2671/4147/3803 2624/4219/3875
f 2624/4219/3875 2671/4147/3803 2625/4148/3804
f 2624/4219/3875 2625/4148/3804 2578/4220/3876
f 2578/4220/3876 2625/4148/3804 2579/4149/3805
f 2578/4220/3876 2579/4149/3805 2532/4221/3877
f 2532/4221/3877 2579/4149/3805 2533/4150/3806
f 2532/4221/3877 2533/4150/3806 2486/4222/3878
f 2486/4222/3878 2533/4150/3806 2487/4151/3807
f 2486/4222/3878 2487/4151/3807 2440/4223/3879
f 2440/4223/3879 2487/4151/3807 2441/4152/3808
f 2440/4223/3879 2441/4152/3808 2394/4224/3880
f 2394/4224/3880 2441/4152/3808 2395/4153/3809
f 2394/4224/3880 2395/4153/3809 2348/4225/3881
f 2348/4225/3881 2395/4153/3809 2349/4154/3810
f 2348/4225/3881 2349/4154/3810 2302/4226/3882
f 2302/4226/3882 2349/4154/3810 2303/4155/3811
f 2302/4226/3882 2303/4155/3811 2256/4227/3883
f 2256/4227/3883 2303/4155/3811 2257/4156/3812
f 2256/4227/3883 2257/4156/3812 2210/4228/3884
f 2210/4228/3884 2257/4156/3812 2211/4157/3813
f 2210/4228/3884 2211/4157/3813 2164/4229/3885
f 2164/4229/3885 2211/4157/3813 2165/4158/3814
f 2164/4229/3885 2165/4158/3814 2118/4230/3886
f 2118/4230/3886 2165/4158/3814 2119/4159/3815
f 2118/4230/3886 2119/4159/3815 2072/4231/3887
f 2072/4231/3887 2119/4159/3815 2073/4160/3816
f 2072/4231/3887 2073/4160/3816 2026/4232/3888
f 2026/4232/3888 2073/4160/3816 2027/4161/3817
f 2026/4232/3888 2027/4161/3817 1980/4233/3889
f 1980/4233/3889 2027/4161/3817 1981/4162/3818
f 1980/4233/3889 1981/4162/3818 1934/4234/3890
f 1934/4234/3890 1981/4162/3818 1935/4163/3819
f 1934/4234/3890 1935/4163/3819 1888/4235/3891
f 1888/4235/3891 1935/4163/3819 1889/4164/3820
f 1888/4235/3891 1889/4164/3820 1842/4236/3892
f 1842/4236/3892 1889/4164/3820 1843/4165/3821
f 1842/4236/3892 1843/4165/3821 1796/4237/3893
f 1796/4237/3893 1843/4165/3821 1797/4166/3822
f 1796/4237/3893 1797/4166/3822 1750/4238/3894
f 1750/4238/3894 1797/4166/3822 1751/4167/3823
f 1750/4238/3894 1751/4167/3823 1704/4239/3895
f 1704/4239/3895 1751/4167/3823 1705/4168/3824
f 1704/4239/3895 1705/4168/3824 1658/4240/3896
f 1658/4240/3896 1705/4168/3824 1659/4169/3825
f 1658/4240/3896 1659/4169/3825 1428/897/784
f 1428/897/784 1659/4169/3825 1429/899/786
f 890/4170/3826 891/4241/3897 959/4171/3827
f 959/4171/3827 891/4241/3897 958/4242/3898
f 959/4171/3827 958/4242/3898 989/4172/3828
f 989/4172/3828 958/4242/3898 988/4243/3899
f 989/4172/3828 988/4243/3899 1018/4173/3829
f 1018/4173/3829 988/4243/3899 1017/4244/3900
f 1018/4173/3829 1017/4244/3900 1046/4174/3830
f 1046/4174/3830 1017/4244/3900 1045/4245/3901
f 1046/4174/3830 1045/4245/3901 1074/4175/3831
f 1074/4175/3831 1045/4245/3901 1073/4246/3902
f 1074/4175/3831 1073/4246/3902 1102/4176/3832
f 1102/4176/3832 1073/4246/3902 1101/4247/3903
f 1102/4176/3832 1101/4247/3903 1130/4177/3833
f 1130/4177/3833 1101/4247/3903 1129/4248/3904
f 1130/4177/3833 1129/4248/3904 1158/4178/3834
f 1158/4178/3834 1129/4248/3904 1157/4249/3905
f 1158/4178/3834 1157/4249/3905 1186/1708/1586
f 1186/1708/1586 1157/4249/3905 1185/1706/1584
f 890/4170/3826 889/4099/3755 1519/4250/3906
f 1519/4250/3906 889/4099/3755 1520/4179/3835
f 1519/4250/3906 1520/4179/3835 1436/4251/3907
f 1436/4251/3907 1520/4179/3835 1435/4180/3836
f 1436/4251/3907 1435/4180/3836 4279/4252/3908
f 4279/4252/3908 1435/4180/3836 4280/4181/3837
f 4279/4252/3908 4280/4181/3837 4233/4253/3909
f 4233/4253/3909 4280/4181/3837 4234/4182/3838
f 4233/4253/3909 4234/4182/3838 4187/4254/3910
f 4187/4254/3910 4234/4182/3838 4188/4183/3839
f 4187/4254/3910 4188/4183/3839 4141/4255/3911
f 4141/4255/3911 4188/4183/3839 4142/4184/3840
f 4141/4255/3911 4142/4184/3840 4095/4256/3912
f 4095/4256/3912 4142/4184/3840 4096/4185/3841
f 4095/4256/3912 4096/4185/3841 4049/4257/3913
f 4049/4257/3913 4096/4185/3841 4050/4186/3842
f 4049/4257/3913 4050/4186/3842 4003/4258/3914
f 4003/4258/3914 4050/4186/3842 4004/4187/3843
f 4003/4258/3914 4004/4187/3843 3957/4259/3915
f 3957/4259/3915 4004/4187/3843 3958/4188/3844
f 3957/4259/3915 3958/4188/3844 3911/4260/3916
f 3911/4260/3916 3958/4188/3844 3912/4189/3845
f 3911/4260/3916 3912/4189/3845 3865/4261/3917
f 3865/4261/3917 3912/4189/3845 3866/4190/3846
f 3865/4261/3917 3866/4190/3846 3819/4262/3918
f 3819/4262/3918 3866/4190/3846 3820/4191/3847
f 3819/4262/3918 3820/4191/3847 3773/4263/3919
f 3773/4263/3919 3820/4191/3847 3774/4192/3848
f 3773/4263/3919 3774/4192/3848 3727/4264/3920
f 3727/4264/3920 3774/4192/3848 3728/4193/3849
f 3727/4264/3920 3728/4193/3849 3681/4265/3921
f 3681/4265/3921 3728/4193/3849 3682/4194/3850
f 3681/4265/3921 3682/4194/3850 3635/4266/3922
f 3635/4266/3922 3682/4194/3850 3636/4195/3851
f 3635/4266/3922 3636/4195/3851 3589/4267/3923
f 3589/4267/3923 3636/4195/3851 3590/4196/3852
f 3589/4267/3923 3590/4196/3852 3543/4268/3924
f 3543/4268/3924 3590/4196/3852 3544/4197/3853
f 3543/4268/3924 3544/4197/3853 3497/4269/3925
f 3497/4269/3925 3544/4197/3853 3498/4198/3854
f 3497/4269/3925 3498/4198/3854 3451/4270/3926
f 3451/4270/3926 3498/4198/3854 3452/4199/3855
f 3451/4270/3926 3452/4199/3855 3405/4271/3927
f 3405/4271/3927 3452/4199/3855 3406/4200/3856
f 3405/4271/3927 3406/4200/3856 3359/4272/3928
f 3359/4272/3928 3406/4200/3856 3360/4201/3857
f 3359/4272/3928 3360/4201/3857 3313/4273/3929
f 3313/4273/3929 3360/4201/3857 3314/4202/3858
f 3313/4273/3929 3314/4202/3858 3267/4274/3930
f 3267/4274/3930 3314/4202/3858 3268/4203/3859
f 3267/4274/3930 3268/4203/3859 3221/4275/3931
f 3221/4275/3931 3268/4203/3859 3222/4204/3860
f 3221/4275/3931 3222/4204/3860 3175/4276/3932
f 3175/4276/3932 3222/4204/3860 3176/4205/3861
f 3175/4276/3932 3176/4205/3861 3129/4277/3933
f 3129/4277/3933 3176/4205/3861 3130/4206/3862
f 3129/4277/3933 3130/4206/3862 3083/4278/3934
f 3083/4278/3934 3130/4206/3862 3084/4207/3863
f 3083/4278/3934 3084/4207/3863 3037/4279/3935
f 3037/4279/3935 3084/4207/3863 3038/4208/3864
f 3037/4279/3935 3038/4208/3864 2991/4280/3936
f 2991/4280/3936 3038/4208/3864 2992/4209/3865
f 2991/4280/3936 2992/4209/3865 1611/4281/3937
f 1611/4281/3937 2992/4209/3865 1612/4210/3866
f 1611/4281/3937 1612/4210/3866 1528/4282/3938
f 1528/4282/3938 1612/4210/3866 1527/4211/3867
f 1528/4282/3938 1527/4211/3867 2945/4283/3939
f 2945/4283/3939 1527/4211/3867 2946/4212/3868
f 2945/4283/3939 2946/4212/3868 2899/4284/3940
f 2899/4284/3940 2946/4212/3868 2900/4213/3869
f 2899/4284/3940 2900/4213/3869 2853/4285/3941
f 2853/4285/3941 2900/4213/3869 2854/4214/3870
f 2853/4285/3941 2854/4214/3870 2807/4286/3942
f 2807/4286/3942 2854/4214/3870 2808/4215/3871
f 2807/4286/3942 2808/4215/3871 2761/4287/3943
f 2761/4287/3943 2808/4215/3871 2762/4216/3872
f 2761/4287/3943 2762/4216/3872 2715/4288/3944
f 2715/4288/3944 2762/4216/3872 2716/4217/3873
f 2715/4288/3944 2716/4217/3873 2669/4289/3945
f 2669/4289/3945 2716/4217/3873 2670/4218/3874
f 2669/4289/3945 2670/4218/3874 2623/4290/3946
f 2623/4290/3946 2670/4218/3874 2624/4219/3875
f 2623/4290/3946 2624/4219/3875 2577/4291/3947
f 2577/4291/3947 2624/4219/3875 2578/4220/3876
f 2577/4291/3947 2578/4220/3876 2531/4292/3948
f 2531/4292/3948 2578/4220/3876 2532/4221/3877
f 2531/4292/3948 2532/4221/3877 2485/4293/3949
f 2485/4293/3949 2532/4221/3877 2486/4222/3878
f 2485/4293/3949 2486/4222/3878 2439/4294/3950
f 2439/4294/3950 2486/4222/3878 2440/4223/3879
f 2439/4294/3950 2440/4223/3879 2393/4295/3951
f 2393/4295/3951 2440/4223/3879 2394/4224/3880
f 2393/4295/3951 2394/4224/3880 2347/4296/3952
f 2347/4296/3952 2394/4224/3880 2348/4225/3881
f 2347/4296/3952 2348/4225/3881 2301/4297/3953
f 2301/4297/3953 2348/4225/3881 2302/4226/3882
f 2301/4297/3953 2302/4226/3882 2255/4298/3954
f 2255/4298/3954 2302/4226/3882 2256/4227/3883
f 2255/4298/3954 2256/4227/3883 2209/4299/3955
f 2209/4299/3955 2256/4227/3883 2210/4228/3884
f 2209/4299/3955 2210/4228/3884 2163/4300/3956
f 2163/4300/3956 2210/4228/3884 2164/4229/3885
f 2163/4300/3956 2164/4229/3885 2117/4301/3957
f 2117/4301/3957 2164/4229/3885 2118/4230/3886
f 2117/4301/3957 2118/4230/3886 2071/4302/3958
f 2071/4302/3958 2118/4230/3886 2072/4231/3887
f 2071/4302/3958 2072/4231/3887 2025/4303/3959
f 2025/4303/3959 2072/4231/3887 2026/4232/3888
f 2025/4303/3959 2026/4232/3888 1979/4304/3960
f 1979/4304/3960 2026/4232/3888 1980/4233/3889
f 1979/4304/3960 1980/4233/3889 1933/4305/3961
f 1933/4305/3961 1980/4233/3889 1934/4234/3890
f 1933/4305/3961 1934/4234/3890 1887/4306/3962
f 1887/4306/3962 1934/4234/3890 1888/4235/3891
f 1887/4306/3962 1888/4235/3891 1841/4307/3963
f 1841/4307/3963 1888/4235/3891 1842/4236/3892
f 1841/4307/3963 1842/4236/3892 1795/4308/3964
f 1795/4308/3964 1842/4236/3892 1796/4237/3893
f 1795/4308/3964 1796/4237/3893 1749/4309/3965
f 1749/4309/3965 1796/4237/3893 1750/4238/3894
f 1749/4309/3965 1750/4238/3894 1703/4310/3966
f 1703/4310/3966 1750/4238/3894 1704/4239/3895
f 1703/4310/3966 1704/4239/3895 1657/4311/3967
f 1657/4311/3967 1704/4239/3895 1658/4240/3896
f 1657/4311/3967 1658/4240/3896 1427/895/782
f 1427/895/782 1658/4240/3896 1428/897/784
f 891/4241/3897 892/4312/3968 958/4242/3898
f 958/4242/3898 892/4312/3968 957/4313/3969
f 958/4242/3898 957/4313/3969 988/4243/3899
f 988/4243/3899 957/4313/3969 987/4314/3970
f 988/4243/3899 987/4314/3970 1017/4244/3900
f 1017/4244/3900 987/4314/3970 1016/4315/3971
f 1017/4244/3900 1016/4315/3971 1045/4245/3901
f 1045/4245/3901 1016/4315/3971 1044/4316/3972
f 1045/4245/3901 1044/4316/3972 1073/4246/3902
f 1073/4246/3902 1044/4316/3972 1072/4317/3973
f 1073/4246/3902 1072/4317/3973 1101/4247/3903
f 1101/4247/3903 1072/4317/3973 1100/4318/3974
f 1101/4247/3903 1100/4318/3974 1129/4248/3904
f 1129/4248/3904 1100/4318/3974 1128/4319/3975
f 1129/4248/3904 1128/4319/3975 1157/4249/3905
f 1157/4249/3905 1128/4319/3975 1156/4320/3976
f 1157/4249/3905 1156/4320/3976 1185/1706/1584
f 1185/1706/1584 1156/4320/3976 1184/1704/1582
f 891/4241/3897 890/4170/3826 1518/4321/3977
f 1518/4321/3977 890/4170/3826 1519/4250/3906
f 1518/4321/3977 1519/4250/3906 1437/4322/3978
f 1437/4322/3978 1519/4250/3906 1436/4251/3907
f 1437/4322/3978 1436/4251/3907 4278/4323/3979
f 4278/4323/3979 1436/4251/3907 4279/4252/3908
f 4278/4323/3979 4279/4252/3908 4232/4324/3980
f 4232/4324/3980 4279/4252/3908 4233/4253/3909
f 4232/4324/3980 4233/4253/3909 4186/4325/3981
f 4186/4325/3981 4233/4253/3909 4187/4254/3910
f 4186/4325/3981 4187/4254/3910 4140/4326/3982
f 4140/4326/3982 4187/4254/3910 4141/4255/3911
f 4140/4326/3982 4141/4255/3911 4094/4327/3983
f 4094/4327/3983 4141/4255/3911 4095/4256/3912
f 4094/4327/3983 4095/4256/3912 4048/4328/3984
f 4048/4328/3984 4095/4256/3912 4049/4257/3913
f 4048/4328/3984 4049/4257/3913 4002/4329/3985
f 4002/4329/3985 4049/4257/3913 4003/4258/3914
f 4002/4329/3985 4003/4258/3914 3956/4330/3986
f 3956/4330/3986 4003/4258/3914 3957/4259/3915
f 3956/4330/3986 3957/4259/3915 3910/4331/3987
f 3910/4331/3987 3957/4259/3915 3911/4260/3916
f 3910/4331/3987 3911/4260/3916 3864/4332/3988
f 3864/4332/3988 3911/4260/3916 3865/4261/3917
f 3864/4332/3988 3865/4261/3917 3818/4333/3989
f 3818/4333/3989 3865/4261/3917 3819/4262/3918
f 3818/4333/3989 3819/4262/3918 3772/4334/3990
f 3772/4334/3990 3819/4262/3918 3773/4263/3919
f 3772/4334/3990 3773/4263/3919 3726/4335/3991
f 3726/4335/3991 3773/4263/3919 3727/4264/3920
f 3726/4335/3991 3727/4264/3920 3680/4336/3992
f 3680/4336/3992 3727/4264/3920 3681/4265/3921
f 3680/4336/3992 3681/4265/3921 3634/4337/3993
f 3634/4337/3993 3681/4265/3921 3635/4266/3922
f 3634/4337/3993 3635/4266/3922 3588/4338/3994
f 3588/4338/3994 3635/4266/3922 3589/4267/3923
f 3588/4338/3994 3589/4267/3923 3542/4339/3995
f 3542/4339/3995 3589/4267/3923 3543/4268/3924
f 3542/4339/3995 3543/4268/3924 3496/4340/3996
f 3496/4340/3996 3543/4268/3924 3497/4269/3925
f 3496/4340/3996 3497/4269/3925 3450/4341/3997
f 3450/4341/3997 3497/4269/3925 3451/4270/3926
f 3450/4341/3997 3451/4270/3926 3404/4342/3998
f 3404/4342/3998 3451/4270/3926 3405/4271/3927
f 3404/4342/3998 3405/4271/3927 3358/4343/3999
f 3358/4343/3999 3405/4271/3927 3359/4272/3928
f 3358/4343/3999 3359/4272/3928 3312/4344/4000
f 3312/4344/4000 3359/4272/3928 3313/4273/3929
f 3312/4344/4000 3313/4273/3929 3266/4345/4001
f 3266/4345/4001 3313/4273/3929 3267/4274/3930
f 3266/4345/4001 3267/4274/3930 3220/4346/4002
f 3220/4346/4002 3267/4274/3930 3221/4275/3931
f 3220/4346/4002 3221/4275/3931 3174/4347/4003
f 3174/4347/4003 3221/4275/3931 3175/4276/3932
f 3174/4347/4003 3175/4276/3932 3128/4348/4004
f 3128/4348/4004 3175/4276/3932 3129/4277/3933
f 3128/4348/4004 3129/4277/3933 3082/4349/4005
f 3082/4349/4005 3129/4277/3933 3083/4278/3934
f 3082/4349/4005 3083/4278/3934 3036/4350/4006
f 3036/4350/4006 3083/4278/3934 3037/4279/3935
f 3036/4350/4006 3037/4279/3935 2990/4351/4007
f 2990/4351/4007 3037/4279/3935 2991/4280/3936
f 2990/4351/4007 2991/4280/3936 1610/4352/4008
f 1610/4352/4008 2991/4280/3936 1611/4281/3937
f 1610/4352/4008 1611/4281/3937 1529/4353/4009
f 1529/4353/4009 1611/4281/3937 1528/4282/3938
f 1529/4353/4009 1528/4282/3938 2944/4354/4010
f 2944/4354/4010 1528/4282/3938 2945/4283/3939
f 2944/4354/4010 2945/4283/3939 2898/4355/4011
f 2898/4355/4011 2945/4283/3939 2899/4284/3940
f 2898/4355/4011 2899/4284/3940 2852/4356/4012
f 2852/4356/4012 2899/4284/3940 2853/4285/3941
f 2852/4356/4012 2853/4285/3941 2806/4357/4013
f 2806/4357/4013 2853/4285/3941 2807/4286/3942
f 2806/4357/4013 2807/4286/3942 2760/4358/4014
f 2760/4358/4014 2807/4286/3942 2761/4287/3943
f 2760/4358/4014 2761/4287/3943 2714/4359/4015
f 2714/4359/4015 2761/4287/3943 2715/4288/3944
f 2714/4359/4015 2715/4288/3944 2668/4360/4016
f 2668/4360/4016 2715/4288/3944 2669/4289/3945
f 2668/4360/4016 2669/4289/3945 2622/4361/4017
f 2622/4361/4017 2669/4289/3945 2623/4290/3946
f 2622/4361/4017 2623/4290/3946 2576/4362/4018
f 2576/4362/4018 2623/4290/3946 2577/4291/3947
f 2576/4362/4018 2577/4291/3947 2530/4363/4019
f 2530/4363/4019 2577/4291/3947 2531/4292/3948
f 2530/4363/4019 2531/4292/3948 2484/4364/4020
f 2484/4364/4020 2531/4292/3948 2485/4293/3949
f 2484/4364/4020 2485/4293/3949 2438/4365/4021
f 2438/4365/4021 2485/4293/3949 2439/4294/3950
f 2438/4365/4021 2439/4294/3950 2392/4366/4022
f 2392/4366/4022 2439/4294/3950 2393/4295/3951
f 2392/4366/4022 2393/4295/3951 2346/4367/4023
f 2346/4367/4023 2393/4295/3951 2347/4296/3952
f 2346/4367/4023 2347/4296/3952 2300/4368/4024
f 2300/4368/4024 2347/4296/3952 2301/4297/3953
f 2300/4368/4024 2301/4297/3953 2254/4369/4025
f 2254/4369/4025 2301/4297/3953 2255/4298/3954
f 2254/4369/4025 2255/4298/3954 2208/4370/4026
f 2208/4370/4026 2255/4298/3954 2209/4299/3955
f 2208/4370/4026 2209/4299/3955 2162/4371/4027
f 2162/4371/4027 2209/4299/3955 2163/4300/3956
f 2162/4371/4027 2163/4300/3956 2116/4372/4028
f 2116/4372/4028 2163/4300/3956 2117/4301/3957
f 2116/4372/4028 2117/4301/3957 2070/4373/4029
f 2070/4373/4029 2117/4301/3957 2071/4302/3958
f 2070/4373/4029 2071/4302/3958 2024/4374/4030
f 2024/4374/4030 2071/4302/3958 2025/4303/3959
f 2024/4374/4030 2025/4303/3959 1978/4375/4031
f 1978/4375/4031 2025/4303/3959 1979/4304/3960
f 1978/4375/4031 1979/4304/3960 1932/4376/4032
f 1932/4376/4032 1979/4304/3960 1933/4305/3961
f 1932/4376/4032 1933/4305/3961 1886/4377/4033
f 1886/4377/4033 1933/4305/3961 1887/4306/3962
f 1886/4377/4033 1887/4306/3962 1840/4378/4034
f 1840/4378/4034 1887/4306/3962 1841/4307/3963
f 1840/4378/4034 1841/4307/3963 1794/4379/4035
f 1794/4379/4035 1841/4307/3963 1795/4308/3964
f 1794/4379/4035 1795/4308/3964 1748/4380/4036
f 1748/4380/4036 1795/4308/3964 1749/4309/3965
f 1748/4380/4036 1749/4309/3965 1702/4381/4037
f 1702/4381/4037 1749/4309/3965 1703/4310/3966
f 1702/4381/4037 1703/4310/3966 1656/4382/4038
f 1656/4382/4038 1703/4310/3966 1657/4311/3967
f 1656/4382/4038 1657/4311/3967 1426/893/780
f 1426/893/780 1657/4311/3967 1427/895/782
f 892/4312/3968 893/4383/4039 957/4313/3969
f 957/4313/3969 893/4383/4039 956/4384/4040
f 957/4313/3969 956/4384/4040 987/4314/3970
f 987/4314/3970 956/4384/4040 986/4385/4041
f 987/4314/3970 986/4385/4041 1016/4315/3971
f 1016/4315/3971 986/4385/4041 1015/4386/4042
f 1016/4315/3971 1015/4386/4042 1044/4316/3972
f 1044/4316/3972 1015/4386/4042 1043/4387/4043
f 1044/4316/3972 1043/4387/4043 1072/4317/3973
f 1072/4317/3973 1043/4387/4043 1071/4388/4044
f 1072/4317/3973 1071/4388/4044 1100/4318/3974
f 1100/4318/3974 1071/4388/4044 1099/4389/4045
f 1100/4318/3974 1099/4389/4045 1128/4319/3975
f 1128/4319/3975 1099/4389/4045 1127/4390/4046
f 1128/4319/3975 1127/4390/4046 1156/4320/3976
f 1156/4320/3976 1127/4390/4046 1155/4391/4047
f 1156/4320/3976 1155/4391/4047 1184/1704/1582
f 1184/1704/1582 1155/4391/4047 1183/1702/1580
f 892/4312/3968 891/4241/3897 1517/4392/4048
f 1517/4392/4048 891/4241/3897 1518/4321/3977
f 1517/4392/4048 1518/4321/3977 1438/4393/4049
f 1438/4393/4049 1518/4321/3977 1437/4322/3978
f 1438/4393/4049 1437/4322/3978 4277/4394/4050
f 4277/4394/4050 1437/4322/3978 4278/4323/3979
f 4277/4394/4050 4278/4323/3979 4231/4395/4051
f 4231/4395/4051 4278/4323/3979 4232/4324/3980
f 4231/4395/4051 4232/4324/3980 4185/4396/4052
f 4185/4396/4052 4232/4324/3980 4186/4325/3981
f 4185/4396/4052 4186/4325/3981 4139/4397/4053
f 4139/4397/4053 4186/4325/3981 4140/4326/3982
f 4139/4397/4053 4140/4326/3982 4093/4398/4054
f 4093/4398/4054 4140/4326/3982 4094/4327/3983
f 4093/4398/4054 4094/4327/3983 4047/4399/4055
f 4047/4399/4055 4094/4327/3983 4048/4328/3984
f 4047/4399/4055 4048/4328/3984 4001/4400/4056
f 4001/4400/4056 4048/4328/3984 4002/4329/3985
f 4001/4400/4056 4002/4329/3985 3955/4401/4057
f 3955/4401/4057 4002/4329/3985 3956/4330/3986
f 3955/4401/4057 3956/4330/3986 3909/4402/4058
f 3909/4402/4058 3956/4330/3986 3910/4331/3987
f 3909/4402/4058 3910/4331/3987 3863/4403/4059
f 3863/4403/4059 3910/4331/3987 3864/4332/3988
f 3863/4403/4059 3864/4332/3988 3817/4404/4060
f 3817/4404/4060 3864/4332/3988 3818/4333/3989
f 3817/4404/4060 3818/4333/3989 3771/4405/4061
f 3771/4405/4061 3818/4333/3989 3772/4334/3990
f 3771/4405/4061 3772/4334/3990 3725/4406/4062
f 3725/4406/4062 3772/4334/3990 3726/4335/3991
f 3725/4406/4062 3726/4335/3991 3679/4407/4063
f 3679/4407/4063 3726/4335/3991 3680/4336/3992
f 3679/4407/4063 3680/4336/3992 3633/4408/4064
f 3633/4408/4064 3680/4336/3992 3634/4337/3993
f 3633/4408/4064 3634/4337/3993 3587/4409/4065
f 3587/4409/4065 3634/4337/3993 3588/4338/3994
f 3587/4409/4065 3588/4338/3994 3541/4410/4066
f 3541/4410/4066 3588/4338/3994 3542/4339/3995
f 3541/4410/4066 3542/4339/3995 3495/4411/4067
f 3495/4411/4067 3542/4339/3995 3496/4340/3996
f 3495/4411/4067 3496/4340/3996 3449/4412/4068
f 3449/4412/4068 3496/4340/3996 3450/4341/3997
f 3449/4412/4068 3450/4341/3997 3403/4413/4069
f 3403/4413/4069 3450/4341/3997 3404/4342/3998
f 3403/4413/4069 3404/4342/3998 3357/4414/4070
f 3357/4414/4070 3404/4342/3998 3358/4343/3999
f 3357/4414/4070 3358/4343/3999 3311/4415/4071
f 3311/4415/4071 3358/4343/3999 3312/4344/4000
f 3311/4415/4071 3312/4344/4000 3265/4416/4072
f 3265/4416/4072 3312/4344/4000 3266/4345/4001
f 3265/4416/4072 3266/4345/4001 3219/4417/4073
f 3219/4417/4073 3266/4345/4001 3220/4346/4002
f 3219/4417/4073 3220/4346/4002 3173/4418/4074
f 3173/4418/4074 3220/4346/4002 3174/4347/4003
f 3173/4418/4074 3174/4347/4003 3127/4419/4075
f 3127/4419/4075 3174/4347/4003 3128/4348/4004
f 3127/4419/4075 3128/4348/4004 3081/4420/4076
f 3081/4420/4076 3128/4348/4004 3082/4349/4005
f 3081/4420/4076 3082/4349/4005 3035/4421/4077
f 3035/4421/4077 3082/4349/4005 3036/4350/4006
f 3035/4421/4077 3036/4350/4006 2989/4422/4078
f 2989/4422/4078 3036/4350/4006 2990/4351/4007
f 2989/4422/4078 2990/4351/4007 1609/4423/4079
f 1609/4423/4079 2990/4351/4007 1610/4352/4008
f 1609/4423/4079 1610/4352/4008 1530/4424/4080
f 1530/4424/4080 1610/4352/4008 1529/4353/4009
f 1530/4424/4080 1529/4353/4009 2943/4425/4081
f 2943/4425/4081 1529/4353/4009 2944/4354/4010
f 2943/4425/4081 2944/4354/4010 2897/4426/4082
f 2897/4426/4082 2944/4354/4010 2898/4355/4011
f 2897/4426/4082 2898/4355/4011 2851/4427/4083
f 2851/4427/4083 2898/4355/4011 2852/4356/4012
f 2851/4427/4083 2852/4356/4012 2805/4428/4084
f 2805/4428/4084 2852/4356/4012 2806/4357/4013
f 2805/4428/4084 2806/4357/4013 2759/4429/4085
f 2759/4429/4085 2806/4357/4013 2760/4358/4014
f 2759/4429/4085 2760/4358/4014 2713/4430/4086
f 2713/4430/4086 2760/4358/4014 2714/4359/4015
f 2713/4430/4086 2714/4359/4015 2667/4431/4087
f 2667/4431/4087 2714/4359/4015 2668/4360/4016
f 2667/4431/4087 2668/4360/4016 2621/4432/4088
f 2621/4432/4088 2668/4360/4016 2622/4361/4017
f 2621/4432/4088 2622/4361/4017 2575/4433/4089
f 2575/4433/4089 2622/4361/4017 2576/4362/4018
f 2575/4433/4089 2576/4362/4018 2529/4434/4090
f 2529/4434/4090 2576/4362/4018 2530/4363/4019
f 2529/4434/4090 2530/4363/4019 2483/4435/4091
f 2483/4435/4091 2530/4363/4019 2484/4364/4020
f 2483/4435/4091 2484/4364/4020 2437/4436/4092
f 2437/4436/4092 2484/4364/4020 2438/4365/4021
f 2437/4436/4092 2438/4365/4021 2391/4437/4093
f 2391/4437/4093 2438/4365/4021 2392/4366/4022
f 2391/4437/4093 2392/4366/4022 2345/4438/4094
f 2345/4438/4094 2392/4366/4022 2346/4367/4023
f 2345/4438/4094 2346/4367/4023 2299/4439/4095
f 2299/4439/4095 2346/4367/4023 2300/4368/4024
f 2299/4439/4095 2300/4368/4024 2253/4440/4096
f 2253/4440/4096 2300/4368/4024 2254/4369/4025
f 2253/4440/4096 2254/4369/4025 2207/4441/4097
f 2207/4441/4097 2254/4369/4025 2208/4370/4026
f 2207/4441/4097 2208/4370/4026 2161/4442/4098
f 2161/4442/4098 2208/4370/4026 2162/4371/4027
f 2161/4442/4098 2162/4371/4027 2115/4443/4099
f 2115/4443/4099 2162/4371/4027 2116/4372/4028
f 2115/4443/4099 2116/4372/4028 2069/4444/4100
f 2069/4444/4100 2116/4372/4028 2070/4373/4029
f 2069/4444/4100 2070/4373/4029 2023/4445/4101
f 2023/4445/4101 2070/4373/4029 2024/4374/4030
f 2023/4445/4101 2024/4374/4030 1977/4446/4102
f 1977/4446/4102 2024/4374/4030 1978/4375/4031
f 1977/4446/4102 1978/4375/4031 1931/4447/4103
f 1931/4447/4103 1978/4375/4031 1932/4376/4032
f 1931/4447/4103 1932/4376/4032 1885/4448/4104
f 1885/4448/4104 1932/4376/4032 1886/4377/4033
f 1885/4448/4104 1886/4377/4033 1839/4449/4105
f 1839/4449/4105 1886/4377/4033 1840/4378/4034
f 1839/4449/4105 1840/4378/4034 1793/4450/4106
f 1793/4450/4106 1840/4378/4034 1794/4379/4035
f 1793/4450/4106 1794/4379/4035 1747/4451/4107
f 1747/4451/4107 1794/4379/4035 1748/4380/4036
f 1747/4451/4107 1748/4380/4036 1701/4452/4108
f 1701/4452/4108 1748/4380/4036 1702/4381/4037
f 1701/4452/4108 1702/4381/4037 1655/4453/4109
f 1655/4453/4109 1702/4381/4037 1656/4382/4038
f 1655/4453/4109 1656/4382/4038 1425/891/778
f 1425/891/778 1656/4382/4038 1426/893/780
f 893/4383/4039 894/4454/4110 956/4384/4040
f 956/4384/4040 894/4454/4110 955/4455/4111
f 956/4384/4040 955/4455/4111 986/4385/4041
f 986/4385/4041 955/4455/4111 985/4456/4112
f 986/4385/4041 985/4456/4112 1015/4386/4042
f 1015/4386/4042 985/4456/4112 1014/4457/4113
f 1015/4386/4042 1014/4457/4113 1043/4387/4043
f 1043/4387/4043 1014/4457/4113 1042/4458/4114
f 1043/4387/4043 1042/4458/4114 1071/4388/4044
f 1071/4388/4044 1042/4458/4114 1070/4459/4115
f 1071/4388/4044 1070/4459/4115 1099/4389/4045
f 1099/4389/4045 1070/4459/4115 1098/4460/4116
f 1099/4389/4045 1098/4460/4116 1127/4390/4046
f 1127/4390/4046 1098/4460/4116 1126/4461/4117
f 1127/4390/4046 1126/4461/4117 1155/4391/4047
f 1155/4391/4047 1126/4461/4117 1154/4462/4118
f 1155/4391/4047 1154/4462/4118 1183/1702/1580
f 1183/1702/1580 1154/4462/4118 1182/1700/1578
f 893/4383/4039 892/4312/3968 1516/4463/4119
f 1516/4463/4119 892/4312/3968 1517/4392/4048
f 1516/4463/4119 1517/4392/4048 1439/4464/4120
f 1439/4464/4120 1517/4392/4048 1438/4393/4049
f 1439/4464/4120 1438/4393/4049 4276/4465/4121
f 4276/4465/4121 1438/4393/4049 4277/4394/4050
f 4276/4465/4121 4277/4394/4050 4230/4466/4122
f 4230/4466/4122 4277/4394/4050 4231/4395/4051
f 4230/4466/4122 4231/4395/4051 4184/4467/4123
f 4184/4467/4123 4231/4395/4051 4185/4396/4052
f 4184/4467/4123 4185/4396/4052 4138/4468/4124
f 4138/4468/4124 4185/4396/4052 4139/4397/4053
f 4138/4468/4124 4139/4397/4053 4092/4469/4125
f 4092/4469/4125 4139/4397/4053 4093/4398/4054
f 4092/4469/4125 4093/4398/4054 4046/4470/4126
f 4046/4470/4126 4093/4398/4054 4047/4399/4055
f 4046/4470/4126 4047/4399/4055 4000/4471/4127
f 4000/4471/4127 4047/4399/4055 4001/4400/4056
f 4000/4471/4127 4001/4400/4056 3954/4472/4128
f 3954/4472/4128 4001/4400/4056 3955/4401/4057
f 3954/4472/4128 3955/4401/4057 3908/4473/4129
f 3908/4473/4129 3955/4401/4057 3909/4402/4058
f 3908/4473/4129 3909/4402/4058 3862/4474/4130
f 3862/4474/4130 3909/4402/4058 3863/4403/4059
f 3862/4474/4130 3863/4403/4059 3816/4475/4131
f 3816/4475/4131 3863/4403/4059 3817/4404/4060
f 3816/4475/4131 3817/4404/4060 3770/4476/4132
f 3770/4476/4132 3817/4404/4060 3771/4405/4061
f 3770/4476/4132 3771/4405/4061 3724/4477/4133
f 3724/4477/4133 3771/4405/4061 3725/4406/4062
f 3724/4477/4133 3725/4406/4062 3678/4478/4134
f 3678/4478/4134 3725/4406/4062 3679/4407/4063
f 3678/4478/4134 3679/4407/4063 3632/4479/4135
f 3632/4479/4135 3679/4407/4063 3633/4408/4064
f 3632/4479/4135 3633/4408/4064 3586/4480/4136
f 3586/4480/4136 3633/4408/4064 3587/4409/4065
f 3586/4480/4136 3587/4409/4065 3540/4481/4137
f 3540/4481/4137 3587/4409/4065 3541/4410/4066
f 3540/4481/4137 3541/4410/4066 3494/4482/4138
f 3494/4482/4138 3541/4410/4066 3495/4411/4067
f 3494/4482/4138 3495/4411/4067 3448/4483/4139
f 3448/4483/4139 3495/4411/4067 3449/4412/4068
f 3448/4483/4139 3449/4412/4068 3402/4484/4140
f 3402/4484/4140 3449/4412/4068 3403/4413/4069
f 3402/4484/4140 3403/4413/4069 3356/4485/4141
f 3356/4485/4141 3403/4413/4069 3357/4414/4070
f 3356/4485/4141 3357/4414/4070 3310/4486/4142
f 3310/4486/4142 3357/4414/4070 3311/4415/4071
f 3310/4486/4142 3311/4415/4071 3264/4487/4143
f 3264/4487/4143 3311/4415/4071 3265/4416/4072
f 3264/4487/4143 3265/4416/4072 3218/4488/4144
f 3218/4488/4144 3265/4416/4072 3219/4417/4073
f 3218/4488/4144 3219/4417/4073 3172/4489/4145
f 3172/4489/4145 3219/4417/4073 3173/4418/4074
f 3172/4489/4145 3173/4418/4074 3126/4490/4146
f 3126/4490/4146 3173/4418/4074 3127/4419/4075
f 3126/4490/4146 3127/4419/4075 3080/4491/4147
f 3080/4491/4147 3127/4419/4075 3081/4420/4076
f 3080/4491/4147 3081/4420/4076 3034/4492/4148
f 3034/4492/4148 3081/4420/4076 3035/4421/4077
f 3034/4492/4148 3035/4421/4077 2988/4493/4149
f 2988/4493/4149 3035/4421/4077 2989/4422/4078
f 2988/4493/4149 2989/4422/4078 1608/4494/4150
f 1608/4494/4150 2989/4422/4078 1609/4423/4079
f 1608/4494/4150 1609/4423/4079 1531/4495/4151
f 1531/4495/4151 1609/4423/4079 1530/4424/4080
f 1531/4495/4151 1530/4424/4080 2942/4496/4152
f 2942/4496/4152 1530/4424/4080 2943/4425/4081
f 2942/4496/4152 2943/4425/4081 2896/4497/4153
f 2896/4497/4153 2943/4425/4081 2897/4426/4082
f 2896/4497/4153 2897/4426/4082 2850/4498/4154
f 2850/4498/4154 2897/4426/4082 2851/4427/4083
f 2850/4498/4154 2851/4427/4083 2804/4499/4155
f 2804/4499/4155 2851/4427/4083 2805/4428/4084
f 2804/4499/4155 2805/4428/4084 2758/4500/4156
f 2758/4500/4156 2805/4428/4084 2759/4429/4085
f 2758/4500/4156 2759/4429/4085 2712/4501/4157
f 2712/4501/4157 2759/4429/4085 2713/4430/4086
f 2712/4501/4157 2713/4430/4086 2666/4502/4158
f 2666/4502/4158 2713/4430/4086 2667/4431/4087
f 2666/4502/4158 2667/4431/4087 2620/4503/4159
f 2620/4503/4159 2667/4431/4087 2621/4432/4088
f 2620/4503/4159 2621/4432/4088 2574/4504/4160
f 2574/4504/4160 2621/4432/4088 2575/4433/4089
f 2574/4504/4160 2575/4433/4089 2528/4505/4161
f 2528/4505/4161 2575/4433/4089 2529/4434/4090
f 2528/4505/4161 2529/4434/4090 2482/4506/4162
f 2482/4506/4162 2529/4434/4090 2483/4435/4091
f 2482/4506/4162 2483/4435/4091 2436/4507/4163
f 2436/4507/4163 2483/4435/4091 2437/4436/4092
f 2436/4507/4163 2437/4436/4092 2390/4508/4164
f 2390/4508/4164 2437/4436/4092 2391/4437/4093
f 2390/4508/4164 2391/4437/4093 2344/4509/4165
f 2344/4509/4165 2391/4437/4093 2345/4438/4094
f 2344/4509/4165 2345/4438/4094 2298/4510/4166
f 2298/4510/4166 2345/4438/4094 2299/4439/4095
f 2298/4510/4166 2299/4439/4095 2252/4511/4167
f 2252/4511/4167 2299/4439/4095 2253/4440/4096
f 2252/4511/4167 2253/4440/4096 2206/4512/4168
f 2206/4512/4168 2253/4440/4096 2207/4441/4097
f 2206/4512/4168 2207/4441/4097 2160/4513/4169
f 2160/4513/4169 2207/4441/4097 2161/4442/4098
f 2160/4513/4169 2161/4442/4098 2114/4514/4170
f 2114/4514/4170 2161/4442/4098 2115/4443/4099
f 2114/4514/4170 2115/4443/4099 2068/4515/4171
f 2068/4515/4171 2115/4443/4099 2069/4444/4100
f 2068/4515/4171 2069/4444/4100 2022/4516/4172
f 2022/4516/4172 2069/4444/4100 2023/4445/4101
f 2022/4516/4172 2023/4445/4101 1976/4517/4173
f 1976/4517/4173 2023/4445/4101 1977/4446/4102
f 1976/4517/4173 1977/4446/4102 1930/4518/4174
f 1930/4518/4174 1977/4446/4102 1931/4447/4103
f 1930/4518/4174 1931/4447/4103 1884/4519/4175
f 1884/4519/4175 1931/4447/4103 1885/4448/4104
f 1884/4519/4175 1885/4448/4104 1838/4520/4176
f 1838/4520/4176 1885/4448/4104 1839/4449/4105
f 1838/4520/4176 1839/4449/4105 1792/4521/4177
f 1792/4521/4177 1839/4449/4105 1793/4450/4106
f 1792/4521/4177 1793/4450/4106 1746/4522/4178
f 1746/4522/4178 1793/4450/4106 1747/4451/4107
f 1746/4522/4178 1747/4451/4107 1700/4523/4179
f 1700/4523/4179 1747/4451/4107 1701/4452/4108
f 1700/4523/4179 1701/4452/4108 1654/4524/4180
f 1654/4524/4180 1701/4452/4108 1655/4453/4109
f 1654/4524/4180 1655/4453/4109 1424/889/776
f 1424/889/776 1655/4453/4109 1425/891/778
f 894/4454/4110 895/4525/4181 955/4455/4111
f 955/4455/4111 895/4525/4181 954/4526/4182
f 955/4455/4111 954/4526/4182 985/4456/4112
f 985/4456/4112 954/4526/4182 984/4527/4183
f 985/4456/4112 984/4527/4183 1014/4457/4113
f 1014/4457/4113 984/4527/4183 1013/4528/4184
f 1014/4457/4113 1013/4528/4184 1042/4458/4114
f 1042/4458/4114 1013/4528/4184 1041/4529/4185
f 1042/4458/4114 1041/4529/4185 1070/4459/4115
f 1070/4459/4115 1041/4529/4185 1069/4530/4186
f 1070/4459/4115 1069/4530/4186 1098/4460/4116
f 1098/4460/4116 1069/4530/4186 1097/4531/4187
f 1098/4460/4116 1097/4531/4187 1126/4461/4117
f 1126/4461/4117 1097/4531/4187 1125/4532/4188
f 1126/4461/4117 1125/4532/4188 1154/4462/4118
f 1154/4462/4118 1125/4532/4188 1153/4533/4189
f 1154/4462/4118 1153/4533/4189 1182/1700/1578
f 1182/1700/1578 1153/4533/4189 1181/1698/1576
f 894/4454/4110 893/4383/4039 1515/4534/4190
f 1515/4534/4190 893/4383/4039 1516/4463/4119
f 1515/4534/4190 1516/4463/4119 1440/4535/4191
f 1440/4535/4191 1516/4463/4119 1439/4464/4120
f 1440/4535/4191 1439/4464/4120 4275/4536/4192
f 4275/4536/4192 1439/4464/4120 4276/4465/4121
f 4275/4536/4192 4276/4465/4121 4229/4537/4193
f 4229/4537/4193 4276/4465/4121 4230/4466/4122
f 4229/4537/4193 4230/4466/4122 4183/4538/4194
f 4183/4538/4194 4230/4466/4122 4184/4467/4123
f 4183/4538/4194 4184/4467/4123 4137/4539/4195
f 4137/4539/4195 4184/4467/4123 4138/4468/4124
f 4137/4539/4195 4138/4468/4124 4091/4540/4196
f 4091/4540/4196 4138/4468/4124 4092/4469/4125
f 4091/4540/4196 4092/4469/4125 4045/4541/4197
f 4045/4541/4197 4092/4469/4125 4046/4470/4126
f 4045/4541/4197 4046/4470/4126 3999/4542/4198
f 3999/4542/4198 4046/4470/4126 4000/4471/4127
f 3999/4542/4198 4000/4471/4127 3953/4543/4199
f 3953/4543/4199 4000/4471/4127 3954/4472/4128
f 3953/4543/4199 3954/4472/4128 3907/4544/4200
f 3907/4544/4200 3954/4472/4128 3908/4473/4129
f 3907/4544/4200 3908/4473/4129 3861/4545/4201
f 3861/4545/4201 3908/4473/4129 3862/4474/4130
f 3861/4545/4201 3862/4474/4130 3815/4546/4202
f 3815/4546/4202 3862/4474/4130 3816/4475/4131
f 3815/4546/4202 3816/4475/4131 3769/4547/4203
f 3769/4547/4203 3816/4475/4131 3770/4476/4132
f 3769/4547/4203 3770/4476/4132 3723/4548/4204
f 3723/4548/4204 3770/4476/4132 3724/4477/4133
f 3723/4548/4204 3724/4477/4133 3677/4549/4205
f 3677/4549/4205 3724/4477/4133 3678/4478/4134
f 3677/4549/4205 3678/4478/4134 3631/4550/4206
f 3631/4550/4206 3678/4478/4134 3632/4479/4135
f 3631/4550/4206 3632/4479/4135 3585/4551/4207
f 3585/4551/4207 3632/4479/4135 3586/4480/4136
f 3585/4551/4207 3586/4480/4136 3539/4552/4208
f 3539/4552/4208 3586/4480/4136 3540/4481/4137
f 3539/4552/4208 3540/4481/4137 3493/4553/4209
f 3493/4553/4209 3540/4481/4137 3494/4482/4138
f 3493/4553/4209 3494/4482/4138 3447/4554/4210
f 3447/4554/4210 3494/4482/4138 3448/4483/4139
f 3447/4554/4210 3448/4483/4139 3401/4555/4211
f 3401/4555/4211 3448/4483/4139 3402/4484/4140
f 3401/4555/4211 3402/4484/4140 3355/4556/4212
f 3355/4556/4212 3402/4484/4140 3356/4485/4141
f 3355/4556/4212 3356/4485/4141 3309/4557/4213
f 3309/4557/4213 3356/4485/4141 3310/4486/4142
f 3309/4557/4213 3310/4486/4142 3263/4558/4214
f 3263/4558/4214 3310/4486/4142 3264/4487/4143
f 3263/4558/4214 3264/4487/4143 3217/4559/4215
f 3217/4559/4215 3264/4487/4143 3218/4488/4144
f 3217/4559/4215 3218/4488/4144 3171/4560/4216
f 3171/4560/4216 3218/4488/4144 3172/4489/4145
f 3171/4560/4216 3172/4489/4145 3125/4561/4217
f 3125/4561/4217 3172/4489/4145 3126/4490/4146
f 3125/4561/4217 3126/4490/4146 3079/4562/4218
f 3079/4562/4218 3126/4490/4146 3080/4491/4147
f 3079/4562/4218 3080/4491/4147 3033/4563/4219
f 3033/4563/4219 3080/4491/4147 3034/4492/4148
f 3033/4563/4219 3034/4492/4148 2987/4564/4220
f 2987/4564/4220 3034/4492/4148 2988/4493/4149
f 2987/4564/4220 2988/4493/4149 1607/4565/4221
f 1607/4565/4221 2988/4493/4149 1608/4494/4150
f 1607/4565/4221 1608/4494/4150 1532/4566/4222
f 1532/4566/4222 1608/4494/4150 1531/4495/4151
f 1532/4566/4222 1531/4495/4151 2941/4567/4223
f 2941/4567/4223 1531/4495/4151 2942/4496/4152
f 2941/4567/4223 2942/4496/4152 2895/4568/4224
f 2895/4568/4224 2942/4496/4152 2896/4497/4153
f 2895/4568/4224 2896/4497/4153 2849/4569/4225
f 2849/4569/4225 2896/4497/4153 2850/4498/4154
f 2849/4569/4225 2850/4498/4154 2803/4570/4226
f 2803/4570/4226 2850/4498/4154 2804/4499/4155
f 2803/4570/4226 2804/4499/4155 2757/4571/4227
f 2757/4571/4227 2804/4499/4155 2758/4500/4156
f 2757/4571/4227 2758/4500/4156 2711/4572/4228
f 2711/4572/4228 2758/4500/4156 2712/4501/4157
f 2711/4572/4228 2712/4501/4157 2665/4573/4229
f 2665/4573/4229 2712/4501/4157 2666/4502/4158
f 2665/4573/4229 2666/4502/4158 2619/4574/4230
f 2619/4574/4230 2666/4502/4158 2620/4503/4159
f 2619/4574/4230 2620/4503/4159 2573/4575/4231
f 2573/4575/4231 2620/4503/4159 2574/4504/4160
f 2573/4575/4231 2574/4504/4160 2527/4576/4232
f 2527/4576/4232 2574/4504/4160 2528/4505/4161
f 2527/4576/4232 2528/4505/4161 2481/4577/4233
f 2481/4577/4233 2528/4505/4161 2482/4506/4162
f 2481/4577/4233 2482/4506/4162 2435/4578/4234
f 2435/4578/4234 2482/4506/4162 2436/4507/4163
f 2435/4578/4234 2436/4507/4163 2389/4579/4235
f 2389/4579/4235 2436/4507/4163 2390/4508/4164
f 2389/4579/4235 2390/4508/4164 2343/4580/4236
f 2343/4580/4236 2390/4508/4164 2344/4509/4165
f 2343/4580/4236 2344/4509/4165 2297/4581/4237
f 2297/4581/4237 2344/4509/4165 2298/4510/4166
f 2297/4581/4237 2298/4510/4166 2251/4582/4238
f 2251/4582/4238 2298/4510/4166 2252/4511/4167
f 2251/4582/4238 2252/4511/4167 2205/4583/4239
f 2205/4583/4239 2252/4511/4167 2206/4512/4168
f 2205/4583/4239 2206/4512/4168 2159/4584/4240
f 2159/4584/4240 2206/4512/4168 2160/4513/4169
f 2159/4584/4240 2160/4513/4169 2113/4585/4241
f 2113/4585/4241 2160/4513/4169 2114/4514/4170
f 2113/4585/4241 2114/4514/4170 2067/4586/4242
f 2067/4586/4242 2114/4514/4170 2068/4515/4171
f 2067/4586/4242 2068/4515/4171 2021/4587/4243
f 2021/4587/4243 2068/4515/4171 2022/4516/4172
f 2021/4587/4243 2022/4516/4172 1975/4588/4244
f 1975/4588/4244 2022/4516/4172 1976/4517/4173
f 1975/4588/4244 1976/4517/4173 1929/4589/4245
f 1929/4589/4245 1976/4517/4173 1930/4518/4174
f 1929/4589/4245 1930/4518/4174 1883/4590/4246
f 1883/4590/4246 1930/4518/4174 1884/4519/4175
f 1883/4590/4246 1884/4519/4175 1837/4591/4247
f 1837/4591/4247 1884/4519/4175 1838/4520/4176
f 1837/4591/4247 1838/4520/4176 1791/4592/4248
f 1791/4592/4248 1838/4520/4176 1792/4521/4177
f 1791/4592/4248 1792/4521/4177 1745/4593/4249
f 1745/4593/4249 1792/4521/4177 1746/4522/4178
f 1745/4593/4249 1746/4522/4178 1699/4594/4250
f 1699/4594/4250 1746/4522/4178 1700/4523/4179
f 1699/4594/4250 1700/4523/4179 1653/4595/4251
f 1653/4595/4251 1700/4523/4179 1654/4524/4180
f 1653/4595/4251 1654/4524/4180 1423/887/774
f 1423/887/774 1654/4524/4180 1424/889/776
f 895/4525/4181 896/4596/4252 954/4526/4182
f 954/4526/4182 896/4596/4252 953/4597/4253
f 954/4526/4182 953/4597/4253 984/4527/4183
f 984/4527/4183 953/4597/4253 983/4598/4254
f 984/4527/4183 983/4598/4254 1013/4528/4184
f 1013/4528/4184 983/4598/4254 1012/4599/4255
f 1013/4528/4184 1012/4599/4255 1041/4529/4185
f 1041/4529/4185 1012/4599/4255 1040/4600/4256
f 1041/4529/4185 1040/4600/4256 1069/4530/4186
f 1069/4530/4186 1040/4600/4256 1068/4601/4257
f 1069/4530/4186 1068/4601/4257 1097/4531/4187
f 1097/4531/4187 1068/4601/4257 1096/4602/4258
f 1097/4531/4187 1096/4602/4258 1125/4532/4188
f 1125/4532/4188 1096/4602/4258 1124/4603/4259
f 1125/4532/4188 1124/4603/4259 1153/4533/4189
f 1153/4533/4189 1124/4603/4259 1152/4604/4260
f 1153/4533/4189 1152/4604/4260 1181/1698/1576
f 1181/1698/1576 1152/4604/4260 1180/1696/1574
f 895/4525/4181 894/4454/4110 1514/4605/4261
f 1514/4605/4261 894/4454/4110 1515/4534/4190
f 1514/4605/4261 1515/4534/4190 1441/4606/4262
f 1441/4606/4262 1515/4534/4190 1440/4535/4191
f 1441/4606/4262 1440/4535/4191 4274/4607/4263
f 4274/4607/4263 1440/4535/4191 4275/4536/4192
f 4274/4607/4263 4275/4536/4192 4228/4608/4264
f 4228/4608/4264 4275/4536/4192 4229/4537/4193
f 4228/4608/4264 4229/4537/4193 4182/4609/4265
f 4182/4609/4265 4229/4537/4193 4183/4538/4194
f 4182/4609/4265 4183/4538/4194 4136/4610/4266
f 4136/4610/4266 4183/4538/4194 4137/4539/4195
f 4136/4610/4266 4137/4539/4195 4090/4611/4267
f 4090/4611/4267 4137/4539/4195 4091/4540/4196
f 4090/4611/4267 4091/4540/4196 4044/4612/4268
f 4044/4612/4268 4091/4540/4196 4045/4541/4197
f 4044/4612/4268 4045/4541/4197 3998/4613/4269
f 3998/4613/4269 4045/4541/4197 3999/4542/4198
f 3998/4613/4269 3999/4542/4198 3952/4614/4270
f 3952/4614/4270 3999/4542/4198 3953/4543/4199
f 3952/4614/4270 3953/4543/4199 3906/4615/4271
f 3906/4615/4271 3953/4543/4199 3907/4544/4200
f 3906/4615/4271 3907/4544/4200 3860/4616/4272
f 3860/4616/4272 3907/4544/4200 3861/4545/4201
f 3860/4616/4272 3861/4545/4201 3814/4617/4273
f 3814/4617/4273 3861/4545/4201 3815/4546/4202
f 3814/4617/4273 3815/4546/4202 3768/4618/4274
f 3768/4618/4274 3815/4546/4202 3769/4547/4203
f 3768/4618/4274 3769/4547/4203 3722/4619/4275
f 3722/4619/4275 3769/4547/4203 3723/4548/4204
f 3722/4619/4275 3723/4548/4204 3676/4620/4276
f 3676/4620/4276 3723/4548/4204 3677/4549/4205
f 3676/4620/4276 3677/4549/4205 3630/4621/4277
f 3630/4621/4277 3677/4549/4205 3631/4550/4206
f 3630/4621/4277 3631/4550/4206 3584/4622/4278
f 3584/4622/4278 3631/4550/4206 3585/4551/4207
f 3584/4622/4278 3585/4551/4207 3538/4623/4279
f 3538/4623/4279 3585/4551/4207 3539/4552/4208
f 3538/4623/4279 3539/4552/4208 3492/4624/4280
f 3492/4624/4280 3539/4552/4208 3493/4553/4209
f 3492/4624/4280 3493/4553/4209 3446/4625/4281
f 3446/4625/4281 3493/4553/4209 3447/4554/4210
f 3446/4625/4281 3447/4554/4210 3400/4626/4282
f 3400/4626/4282 3447/4554/4210 3401/4555/4211
f 3400/4626/4282 3401/4555/4211 3354/4627/4283
f 3354/4627/4283 3401/4555/4211 3355/4556/4212
f 3354/4627/4283 3355/4556/4212 3308/4628/4284
f 3308/4628/4284 3355/4556/4212 3309/4557/4213
f 3308/4628/4284 3309/4557/4213 3262/4629/4285
f 3262/4629/4285 3309/4557/4213 3263/4558/4214
f 3262/4629/4285 3263/4558/4214 3216/4630/4286
f 3216/4630/4286 3263/4558/4214 3217/4559/4215
f 3216/4630/4286 3217/4559/4215 3170/4631/4287
f 3170/4631/4287 3217/4559/4215 3171/4560/4216
f 3170/4631/4287 3171/4560/4216 3124/4632/4288
f 3124/4632/4288 3171/4560/4216 3125/4561/4217
f 3124/4632/4288 3125/4561/4217 3078/4633/4289
f 3078/4633/4289 3125/4561/4217 3079/4562/4218
f 3078/4633/4289 3079/4562/4218 3032/4634/4290
f 3032/4634/4290 3079/4562/4218 3033/4563/4219
f 3032/4634/4290 3033/4563/4219 2986/4635/4291
f 2986/4635/4291 3033/4563/4219 2987/4564/4220
f 2986/4635/4291 2987/4564/4220 1606/4636/4292
f 1606/4636/4292 2987/4564/4220 1607/4565/4221
f 1606/4636/4292 1607/4565/4221 1533/4637/4293
f 1533/4637/4293 1607/4565/4221 1532/4566/4222
f 1533/4637/4293 1532/4566/4222 2940/4638/4294
f 2940/4638/4294 1532/4566/4222 2941/4567/4223
f 2940/4638/4294 2941/4567/4223 2894/4639/4295
f 2894/4639/4295 2941/4567/4223 2895/4568/4224
f 2894/4639/4295 2895/4568/4224 2848/4640/4296
f 2848/4640/4296 2895/4568/4224 2849/4569/4225
f 2848/4640/4296 2849/4569/4225 2802/4641/4297
f 2802/4641/4297 2849/4569/4225 2803/4570/4226
f 2802/4641/4297 2803/4570/4226 2756/4642/4298
f 2756/4642/4298 2803/4570/4226 2757/4571/4227
f 2756/4642/4298 2757/4571/4227 2710/4643/4299
f 2710/4643/4299 2757/4571/4227 2711/4572/4228
f 2710/4643/4299 2711/4572/4228 2664/4644/4300
f 2664/4644/4300 2711/4572/4228 2665/4573/4229
f 2664/4644/4300 2665/4573/4229 2618/4645/4301
f 2618/4645/4301 2665/4573/4229 2619/4574/4230
f 2618/4645/4301 2619/4574/4230 2572/4646/4302
f 2572/4646/4302 2619/4574/4230 2573/4575/4231
f 2572/4646/4302 2573/4575/4231 2526/4647/4303
f 2526/4647/4303 2573/4575/4231 2527/4576/4232
f 2526/4647/4303 2527/4576/4232 2480/4648/4304
f 2480/4648/4304 2527/4576/4232 2481/4577/4233
f 2480/4648/4304 2481/4577/4233 2434/4649/4305
f 2434/4649/4305 2481/4577/4233 2435/4578/4234
f 2434/4649/4305 2435/4578/4234 2388/4650/4306
f 2388/4650/4306 2435/4578/4234 2389/4579/4235
f 2388/4650/4306 2389/4579/4235 2342/4651/4307
f 2342/4651/4307 2389/4579/4235 2343/4580/4236
f 2342/4651/4307 2343/4580/4236 2296/4652/4308
f 2296/4652/4308 2343/4580/4236 2297/4581/4237
f 2296/4652/4308 2297/4581/4237 2250/4653/4309
f 2250/4653/4309 2297/4581/4237 2251/4582/4238
f 2250/4653/4309 2251/4582/4238 2204/4654/4310
f 2204/4654/4310 2251/4582/4238 2205/4583/4239
f 2204/4654/4310 2205/4583/4239 2158/4655/4311
f 2158/4655/4311 2205/4583/4239 2159/4584/4240
f 2158/4655/4311 2159/4584/4240 2112/4656/4312
f 2112/4656/4312 2159/4584/4240 2113/4585/4241
f 2112/4656/4312 2113/4585/4241 2066/4657/4313
f 2066/4657/4313 2113/4585/4241 2067/4586/4242
f 2066/4657/4313 2067/4586/4242 2020/4658/4314
f 2020/4658/4314 2067/4586/4242 2021/4587/4243
f 2020/4658/4314 2021/4587/4243 1974/4659/4315
f 1974/4659/4315 2021/4587/4243 1975/4588/4244
f 1974/4659/4315 1975/4588/4244 1928/4660/4316
f 1928/4660/4316 1975/4588/4244 1929/4589/4245
f 1928/4660/4316 1929/4589/4245 1882/4661/4317
f 1882/4661/4317 1929/4589/4245 1883/4590/4246
f 1882/4661/4317 1883/4590/4246 1836/4662/4318
f 1836/4662/4318 1883/4590/4246 1837/4591/4247
f 1836/4662/4318 1837/4591/4247 1790/4663/4319
f 1790/4663/4319 1837/4591/4247 1791/4592/4248
f 1790/4663/4319 1791/4592/4248 1744/4664/4320
f 1744/4664/4320 1791/4592/4248 1745/4593/4249
f 1744/4664/4320 1745/4593/4249 1698/4665/4321
f 1698/4665/4321 1745/4593/4249 1699/4594/4250
f 1698/4665/4321 1699/4594/4250 1652/4666/4322
f 1652/4666/4322 1699/4594/4250 1653/4595/4251
f 1652/4666/4322 1653/4595/4251 1422/885/772
f 1422/885/772 1653/4595/4251 1423/887/774
f 896/4596/4252 897/4667/4323 953/4597/4253
f 953/4597/4253 897/4667/4323 952/4668/4324
f 953/4597/4253 952/4668/4324 983/4598/4254
f 983/4598/4254 952/4668/4324 982/4669/4325
f 983/4598/4254 982/4669/4325 1012/4599/4255
f 1012/4599/4255 982/4669/4325 1011/4670/4326
f 1012/4599/4255 1011/4670/4326 1040/4600/4256
f 1040/4600/4256 1011/4670/4326 1039/4671/4327
f 1040/4600/4256 1039/4671/4327 1068/4601/4257
f 1068/4601/4257 1039/4671/4327 1067/4672/4328
f 1068/4601/4257 1067/4672/4328 1096/4602/4258
f 1096/4602/4258 1067/4672/4328 1095/4673/4329
f 1096/4602/4258 1095/4673/4329 1124/4603/4259
f 1124/4603/4259 1095/4673/4329 1123/4674/4330
f 1124/4603/4259 1123/4674/4330 1152/4604/4260
f 1152/4604/4260 1123/4674/4330 1151/4675/4331
f 1152/4604/4260 1151/4675/4331 1180/1696/1574
f 1180/1696/1574 1151/4675/4331 1179/1694/1572
f 896/4596/4252 895/4525/4181 1513/4676/4332
f 1513/4676/4332 895/4525/4181 1514/4605/4261
f 1513/4676/4332 1514/4605/4261 1442/4677/4333
f 1442/4677/4333 1514/4605/4261 1441/4606/4262
f 1442/4677/4333 1441/4606/4262 4273/4678/4334
f 4273/4678/4334 1441/4606/4262 4274/4607/4263
f 4273/4678/4334 4274/4607/4263 4227/4679/4335
f 4227/4679/4335 4274/4607/4263 4228/4608/4264
f 4227/4679/4335 4228/4608/4264 4181/4680/4336
f 4181/4680/4336 4228/4608/4264 4182/4609/4265
f 4181/4680/4336 4182/4609/4265 4135/4681/4337
f 4135/4681/4337 4182/4609/4265 4136/4610/4266
f 4135/4681/4337 4136/4610/4266 4089/4682/4338
f 4089/4682/4338 4136/4610/4266 4090/4611/4267
f 4089/4682/4338 4090/4611/4267 4043/4683/4339
f 4043/4683/4339 4090/4611/4267 4044/4612/4268
f 4043/4683/4339 4044/4612/4268 3997/4684/4340
f 3997/4684/4340 4044/4612/4268 3998/4613/4269
f 3997/4684/4340 3998/4613/4269 3951/4685/4341
f 3951/4685/4341 3998/4613/4269 3952/4614/4270
f 3951/4685/4341 3952/4614/4270 3905/4686/4342
f 3905/4686/4342 3952/4614/4270 3906/4615/4271
f 3905/4686/4342 3906/4615/4271 3859/4687/4343
f 3859/4687/4343 3906/4615/4271 3860/4616/4272
f 3859/4687/4343 3860/4616/4272 3813/4688/4344
f 3813/4688/4344 3860/4616/4272 3814/4617/4273
f 3813/4688/4344 3814/4617/4273 3767/4689/4345
f 3767/4689/4345 3814/4617/4273 3768/4618/4274
f 3767/4689/4345 3768/4618/4274 3721/4690/4346
f 3721/4690/4346 3768/4618/4274 3722/4619/4275
f 3721/4690/4346 3722/4619/4275 3675/4691/4347
f 3675/4691/4347 3722/4619/4275 3676/4620/4276
f 3675/4691/4347 3676/4620/4276 3629/4692/4348
f 3629/4692/4348 3676/4620/4276 3630/4621/4277
f 3629/4692/4348 3630/4621/4277 3583/4693/4349
f 3583/4693/4349 3630/4621/4277 3584/4622/4278
f 3583/4693/4349 3584/4622/4278 3537/4694/4350
f 3537/4694/4350 3584/4622/4278 3538/4623/4279
f 3537/4694/4350 3538/4623/4279 3491/4695/4351
f 3491/4695/4351 3538/4623/4279 3492/4624/4280
f 3491/4695/4351 3492/4624/4280 3445/4696/4352
f 3445/4696/4352 3492/4624/4280 3446/4625/4281
f 3445/4696/4352 3446/4625/4281 3399/4697/4353
f 3399/4697/4353 3446/4625/4281 3400/4626/4282
f 3399/4697/4353 3400/4626/4282 3353/4698/4354
f 3353/4698/4354 3400/4626/4282 3354/4627/4283
f 3353/4698/4354 3354/4627/4283 3307/4699/4355
f 3307/4699/4355 3354/4627/4283 3308/4628/4284
f 3307/4699/4355 3308/4628/4284 3261/4700/4356
f 3261/4700/4356 3308/4628/4284 3262/4629/4285
f 3261/4700/4356 3262/4629/4285 3215/4701/4357
f 3215/4701/4357 3262/4629/4285 3216/4630/4286
f 3215/4701/4357 3216/4630/4286 3169/4702/4358
f 3169/4702/4358 3216/4630/4286 3170/4631/4287
f 3169/4702/4358 3170/4631/4287 3123/4703/4359
f 3123/4703/4359 3170/4631/4287 3124/4632/4288
f 3123/4703/4359 3124/4632/4288 3077/4704/4360
f 3077/4704/4360 3124/4632/4288 3078/4633/4289
f 3077/4704/4360 3078/4633/4289 3031/4705/4361
f 3031/4705/4361 3078/4633/4289 3032/4634/4290
f 3031/4705/4361 3032/4634/4290 2985/4706/4362
f 2985/4706/4362 3032/4634/4290 2986/4635/4291
f 2985/4706/4362 2986/4635/4291 1605/4707/4363
f 1605/4707/4363 2986/4635/4291 1606/4636/4292
f 1605/4707/4363 1606/4636/4292 1534/4708/4364
f 1534/4708/4364 1606/4636/4292 1533/4637/4293
f 1534/4708/4364 1533/4637/4293 2939/4709/4365
f 2939/4709/4365 1533/4637/4293 2940/4638/4294
f 2939/4709/4365 2940/4638/4294 2893/4710/4366
f 2893/4710/4366 2940/4638/4294 2894/4639/4295
f 2893/4710/4366 2894/4639/4295 2847/4711/4367
f 2847/4711/4367 2894/4639/4295 2848/4640/4296
f 2847/4711/4367 2848/4640/4296 2801/4712/4368
f 2801/4712/4368 2848/4640/4296 2802/4641/4297
f 2801/4712/4368 2802/4641/4297 2755/4713/4369
f 2755/4713/4369 2802/4641/4297 2756/4642/4298
f 2755/4713/4369 2756/4642/4298 2709/4714/4370
f 2709/4714/4370 2756/4642/4298 2710/4643/4299
f 2709/4714/4370 2710/4643/4299 2663/4715/4371
f 2663/4715/4371 2710/4643/4299 2664/4644/4300
f 2663/4715/4371 2664/4644/4300 2617/4716/4372
f 2617/4716/4372 2664/4644/4300 2618/4645/4301
f 2617/4716/4372 2618/4645/4301 2571/4717/4373
f 2571/4717/4373 2618/4645/4301 2572/4646/4302
f 2571/4717/4373 2572/4646/4302 2525/4718/4374
f 2525/4718/4374 2572/4646/4302 2526/4647/4303
f 2525/4718/4374 2526/4647/4303 2479/4719/4375
f 2479/4719/4375 2526/4647/4303 2480/4648/4304
f 2479/4719/4375 2480/4648/4304 2433/4720/4376
f 2433/4720/4376 2480/4648/4304 2434/4649/4305
f 2433/4720/4376 2434/4649/4305 2387/4721/4377
f 2387/4721/4377 2434/4649/4305 2388/4650/4306
f 2387/4721/4377 2388/4650/4306 2341/4722/4378
f 2341/4722/4378 2388/4650/4306 2342/4651/4307
f 2341/4722/4378 2342/4651/4307 2295/4723/4379
f 2295/4723/4379 2342/4651/4307 2296/4652/4308
f 2295/4723/4379 2296/4652/4308 2249/4724/4380
f 2249/4724/4380 2296/4652/4308 2250/4653/4309
f 2249/4724/4380 2250/4653/4309 2203/4725/4381
f 2203/4725/4381 2250/4653/4309 2204/4654/4310
f 2203/4725/4381 2204/4654/4310 2157/4726/4382
f 2157/4726/4382 2204/4654/4310 2158/4655/4311
f 2157/4726/4382 2158/4655/4311 2111/4727/4383
f 2111/4727/4383 2158/4655/4311 2112/4656/4312
f 2111/4727/4383 2112/4656/4312 2065/4728/4384
f 2065/4728/4384 2112/4656/4312 2066/4657/4313
f 2065/4728/4384 2066/4657/4313 2019/4729/4385
f 2019/4729/4385 2066/4657/4313 2020/4658/4314
f 2019/4729/4385 2020/4658/4314 1973/4730/4386
f 1973/4730/4386 2020/4658/4314 1974/4659/4315
f 1973/4730/4386 1974/4659/4315 1927/4731/4387
f 1927/4731/4387 1974/4659/4315 1928/4660/4316
f 1927/4731/4387 1928/4660/4316 1881/4732/4388
f 1881/4732/4388 1928/4660/4316 1882/4661/4317
f 1881/4732/4388 1882/4661/4317 1835/4733/4389
f 1835/4733/4389 1882/4661/4317 1836/4662/4318
f 1835/4733/4389 1836/4662/4318 1789/4734/4390
f 1789/4734/4390 1836/4662/4318 1790/4663/4319
f 1789/4734/4390 1790/4663/4319 1743/4735/4391
f 1743/4735/4391 1790/4663/4319 1744/4664/4320
f 1743/4735/4391 1744/4664/4320 1697/4736/4392
f 1697/4736/4392 1744/4664/4320 1698/4665/4321
f 1697/4736/4392 1698/4665/4321 1651/4737/4393
f 1651/4737/4393 1698/4665/4321 1652/4666/4322
f 1651/4737/4393 1652/4666/4322 1421/883/770
f 1421/883/770 1652/4666/4322 1422/885/772
f 897/4667/4323 898/4738/4394 952/4668/4324
f 952/4668/4324 898/4738/4394 951/4739/4395
f 952/4668/4324 951/4739/4395 982/4669/4325
f 982/4669/4325 951/4739/4395 981/4740/4396
f 982/4669/4325 981/4740/4396 1011/4670/4326
f 1011/4670/4326 981/4740/4396 1010/4741/4397
f 1011/4670/4326 1010/4741/4397 1039/4671/4327
f 1039/4671/4327 1010/4741/4397 1038/4742/4398
f 1039/4671/4327 1038/4742/4398 1067/4672/4328
f 1067/4672/4328 1038/4742/4398 1066/4743/4399
f 1067/4672/4328 1066/4743/4399 1095/4673/4329
f 1095/4673/4329 1066/4743/4399 1094/4744/4400
f 1095/4673/4329 1094/4744/4400 1123/4674/4330
f 1123/4674/4330 1094/4744/4400 1122/4745/4401
f 1123/4674/4330 1122/4745/4401 1151/4675/4331
f 1151/4675/4331 1122/4745/4401 1150/4746/4402
f 1151/4675/4331 1150/4746/4402 1179/1694/1572
f 1179/1694/1572 1150/4746/4402 1178/1692/1570
f 897/4667/4323 896/4596/4252 1512/4747/4403
f 1512/4747/4403 896/4596/4252 1513/4676/4332
f 1512/4747/4403 1513/4676/4332 1443/4748/4404
f 1443/4748/4404 1513/4676/4332 1442/4677/4333
f 1443/4748/4404 1442/4677/4333 4272/4749/4405
f 4272/4749/4405 1442/4677/4333 4273/4678/4334
f 4272/4749/4405 4273/4678/4334 4226/4750/4406
f 4226/4750/4406 4273/4678/4334 4227/4679/4335
f 4226/4750/4406 4227/4679/4335 4180/4751/4407
f 4180/4751/4407 4227/4679/4335 4181/4680/4336
f 4180/4751/4407 4181/4680/4336 4134/4752/4408
f 4134/4752/4408 4181/4680/4336 4135/4681/4337
f 4134/4752/4408 4135/4681/4337 4088/4753/4409
f 4088/4753/4409 4135/4681/4337 4089/4682/4338
f 4088/4753/4409 4089/4682/4338 4042/4754/4410
f 4042/4754/4410 4089/4682/4338 4043/4683/4339
f 4042/4754/4410 4043/4683/4339 3996/4755/4411
f 3996/4755/4411 4043/4683/4339 3997/4684/4340
f 3996/4755/4411 3997/4684/4340 3950/4756/4412
f 3950/4756/4412 3997/4684/4340 3951/4685/4341
f 3950/4756/4412 3951/4685/4341 3904/4757/4413
f 3904/4757/4413 3951/4685/4341 3905/4686/4342
f 3904/4757/4413 3905/4686/4342 3858/4758/4414
f 3858/4758/4414 3905/4686/4342 3859/4687/4343
f 3858/4758/4414 3859/4687/4343 3812/4759/4415
f 3812/4759/4415 3859/4687/4343 3813/4688/4344
f 3812/4759/4415 3813/4688/4344 3766/4760/4416
f 3766/4760/4416 3813/4688/4344 3767/4689/4345
f 3766/4760/4416 3767/4689/4345 3720/4761/4417
f 3720/4761/4417 3767/4689/4345 3721/4690/4346
f 3720/4761/4417 3721/4690/4346 3674/4762/4418
f 3674/4762/4418 3721/4690/4346 3675/4691/4347
f 3674/4762/4418 3675/4691/4347 3628/4763/4419
f 3628/4763/4419 3675/4691/4347 3629/4692/4348
f 3628/4763/4419 3629/4692/4348 3582/4764/4420
f 3582/4764/4420 3629/4692/4348 3583/4693/4349
f 3582/4764/4420 3583/4693/4349 3536/4765/4421
f 3536/4765/4421 3583/4693/4349 3537/4694/4350
f 3536/4765/4421 3537/4694/4350 3490/4766/4422
f 3490/4766/4422 3537/4694/4350 3491/4695/4351
f 3490/4766/4422 3491/4695/4351 3444/4767/4423
f 3444/4767/4423 3491/4695/4351 3445/4696/4352
f 3444/4767/4423 3445/4696/4352 3398/4768/4424
f 3398/4768/4424 3445/4696/4352 3399/4697/4353
f 3398/4768/4424 3399/4697/4353 3352/4769/4425
f 3352/4769/4425 3399/4697/4353 3353/4698/4354
f 3352/4769/4425 3353/4698/4354 3306/4770/4426
f 3306/4770/4426 3353/4698/4354 3307/4699/4355
f 3306/4770/4426 3307/4699/4355 3260/4771/4427
f 3260/4771/4427 3307/4699/4355 3261/4700/4356
f 3260/4771/4427 3261/4700/4356 3214/4772/4428
f 3214/4772/4428 3261/4700/4356 3215/4701/4357
f 3214/4772/4428 3215/4701/4357 3168/4773/4429
f 3168/4773/4429 3215/4701/4357 3169/4702/4358
f 3168/4773/4429 3169/4702/4358 3122/4774/4430
f 3122/4774/4430 3169/4702/4358 3123/4703/4359
f 3122/4774/4430 3123/4703/4359 3076/4775/4431
f 3076/4775/4431 3123/4703/4359 3077/4704/4360
f 3076/4775/4431 3077/4704/4360 3030/4776/4432
f 3030/4776/4432 3077/4704/4360 3031/4705/4361
f 3030/4776/4432 3031/4705/4361 2984/4777/4433
f 2984/4777/4433 3031/4705/4361 2985/4706/4362
f 2984/4777/4433 2985/4706/4362 1604/4778/4434
f 1604/4778/4434 2985/4706/4362 1605/4707/4363
f 1604/4778/4434 1605/4707/4363 1535/4779/4435
f 1535/4779/4435 1605/4707/4363 1534/4708/4364
f 1535/4779/4435 1534/4708/4364 2938/4780/4436
f 2938/4780/4436 1534/4708/4364 2939/4709/4365
f 2938/4780/4436 2939/4709/4365 2892/4781/4437
f 2892/4781/4437 2939/4709/4365 2893/4710/4366
f 2892/4781/4437 2893/4710/4366 2846/4782/4438
f 2846/4782/4438 2893/4710/4366 2847/4711/4367
f 2846/4782/4438 2847/4711/4367 2800/4783/4439
f 2800/4783/4439 2847/4711/4367 2801/4712/4368
f 2800/4783/4439 2801/4712/4368 2754/4784/4440
f 2754/4784/4440 2801/4712/4368 2755/4713/4369
f 2754/4784/4440 2755/4713/4369 2708/4785/4441
f 2708/4785/4441 2755/4713/4369 2709/4714/4370
f 2708/4785/4441 2709/4714/4370 2662/4786/4442
f 2662/4786/4442 2709/4714/4370 2663/4715/4371
f 2662/4786/4442 2663/4715/4371 2616/4787/4443
f 2616/4787/4443 2663/4715/4371 2617/4716/4372
f 2616/4787/4443 2617/4716/4372 2570/4788/4444
f 2570/4788/4444 2617/4716/4372 2571/4717/4373
f 2570/4788/4444 2571/4717/4373 2524/4789/4445
f 2524/4789/4445 2571/4717/4373 2525/4718/4374
f 2524/4789/4445 2525/4718/4374 2478/4790/4446
f 2478/4790/4446 2525/4718/4374 2479/4719/4375
f 2478/4790/4446 2479/4719/4375 2432/4791/4447
f 2432/4791/4447 2479/4719/4375 2433/4720/4376
f 2432/4791/4447 2433/4720/4376 2386/4792/4448
f 2386/4792/4448 2433/4720/4376 2387/4721/4377
f 2386/4792/4448 2387/4721/4377 2340/4793/4449
f 2340/4793/4449 2387/4721/4377 2341/4722/4378
f 2340/4793/4449 2341/4722/4378 2294/4794/4450
f 2294/4794/4450 2341/4722/4378 2295/4723/4379
f 2294/4794/4450 2295/4723/4379 2248/4795/4451
f 2248/4795/4451 2295/4723/4379 2249/4724/4380
f 2248/4795/4451 2249/4724/4380 2202/4796/4452
f 2202/4796/4452 2249/4724/4380 2203/4725/4381
f 2202/4796/4452 2203/4725/4381 2156/4797/4453
f 2156/4797/4453 2203/4725/4381 2157/4726/4382
f 2156/4797/4453 2157/4726/4382 2110/4798/4454
f 2110/4798/4454 2157/4726/4382 2111/4727/4383
f 2110/4798/4454 2111/4727/4383 2064/4799/4455
f 2064/4799/4455 2111/4727/4383 2065/4728/4384
f 2064/4799/4455 2065/4728/4384 2018/4800/4456
f 2018/4800/4456 2065/4728/4384 2019/4729/4385
f 2018/4800/4456 2019/4729/4385 1972/4801/4457
f 1972/4801/4457 2019/4729/4385 1973/4730/4386
f 1972/4801/4457 1973/4730/4386 1926/4802/4458
f 1926/4802/4458 1973/4730/4386 1927/4731/4387
f 1926/4802/4458 1927/4731/4387 1880/4803/4459
f 1880/4803/4459 1927/4731/4387 1881/4732/4388
f 1880/4803/4459 1881/4732/4388 1834/4804/4460
f 1834/4804/4460 1881/4732/4388 1835/4733/4389
f 1834/4804/4460 1835/4733/4389 1788/4805/4461
f 1788/4805/4461 1835/4733/4389 1789/4734/4390
f 1788/4805/4461 1789/4734/4390 1742/4806/4462
f 1742/4806/4462 1789/4734/4390 1743/4735/4391
f 1742/4806/4462 1743/4735/4391 1696/4807/4463
f 1696/4807/4463 1743/4735/4391 1697/4736/4392
f 1696/4807/4463 1697/4736/4392 1650/4808/4464
f 1650/4808/4464 1697/4736/4392 1651/4737/4393
f 1650/4808/4464 1651/4737/4393 1420/881/768
f 1420/881/768 1651/4737/4393 1421/883/770
f 898/4738/4394 899/4809/4465 951/4739/4395
f 951/4739/4395 899/4809/4465 950/4810/4466
f 951/4739/4395 950/4810/4466 981/4740/4396
f 981/4740/4396 950/4810/4466 980/4811/4467
f 981/4740/4396 980/4811/4467 1010/4741/4397
f 1010/4741/4397 980/4811/4467 1009/4812/4468
f 1010/4741/4397 1009/4812/4468 1038/4742/4398
f 1038/4742/4398 1009/4812/4468 1037/4813/4469
f 1038/4742/4398 1037/4813/4469 1066/4743/4399
f 1066/4743/4399 1037/4813/4469 1065/4814/4470
f 1066/4743/4399 1065/4814/4470 1094/4744/4400
f 1094/4744/4400 1065/4814/4470 1093/4815/4471
f 1094/4744/4400 1093/4815/4471 1122/4745/4401
f 1122/4745/4401 1093/4815/4471 1121/4816/4472
f 1122/4745/4401 1121/4816/4472 1150/4746/4402
f 1150/4746/4402 1121/4816/4472 1149/4817/4473
f 1150/4746/4402 1149/4817/4473 1178/1692/1570
f 1178/1692/1570 1149/4817/4473 1177/1690/1568
f 898/4738/4394 897/4667/4323 1511/4818/4474
f 1511/4818/4474 897/4667/4323 1512/4747/4403
f 1511/4818/4474 1512/4747/4403 1444/4819/4475
f 1444/4819/4475 1512/4747/4403 1443/4748/4404
f 1444/4819/4475 1443/4748/4404 4271/4820/4476
f 4271/4820/4476 1443/4748/4404 4272/4749/4405
f 4271/4820/4476 4272/4749/4405 4225/4821/4477
f 4225/4821/4477 4272/4749/4405 4226/4750/4406
f 4225/4821/4477 4226/4750/4406 4179/4822/4478
f 4179/4822/4478 4226/4750/4406 4180/4751/4407
f 4179/4822/4478 4180/4751/4407 4133/4823/4479
f 4133/4823/4479 4180/4751/4407 4134/4752/4408
f 4133/4823/4479 4134/4752/4408 4087/4824/4480
f 4087/4824/4480 4134/4752/4408 4088/4753/4409
f 4087/4824/4480 4088/4753/4409 4041/4825/4481
f 4041/4825/4481 4088/4753/4409 4042/4754/4410
f 4041/4825/4481 4042/4754/4410 3995/4826/4482
f 3995/4826/4482 4042/4754/4410 3996/4755/4411
f 3995/4826/4482 3996/4755/4411 3949/4827/4483
f 3949/4827/4483 3996/4755/4411 3950/4756/4412
f 3949/4827/4483 3950/4756/4412 3903/4828/4484
f 3903/4828/4484 3950/4756/4412 3904/4757/4413
f 3903/4828/4484 3904/4757/4413 3857/4829/4485
f 3857/4829/4485 3904/4757/4413 3858/4758/4414
f 3857/4829/4485 3858/4758/4414 3811/4830/4486
f 3811/4830/4486 3858/4758/4414 3812/4759/4415
f 3811/4830/4486 3812/4759/4415 3765/4831/4487
f 3765/4831/4487 3812/4759/4415 3766/4760/4416
f 3765/4831/4487 3766/4760/4416 3719/4832/4488
f 3719/4832/4488 3766/4760/4416 3720/4761/4417
f 3719/4832/4488 3720/4761/4417 3673/4833/4489
f 3673/4833/4489 3720/4761/4417 3674/4762/4418
f 3673/4833/4489 3674/4762/4418 3627/4834/4490
f 3627/4834/4490 3674/4762/4418 3628/4763/4419
f 3627/4834/4490 3628/4763/4419 3581/4835/4491
f 3581/4835/4491 3628/4763/4419 3582/4764/4420
f 3581/4835/4491 3582/4764/4420 3535/4836/4492
f 3535/4836/4492 3582/4764/4420 3536/4765/4421
f 3535/4836/4492 3536/4765/4421 3489/4837/4493
f 3489/4837/4493 3536/4765/4421 3490/4766/4422
f 3489/4837/4493 3490/4766/4422 3443/4838/4494
f 3443/4838/4494 3490/4766/4422 3444/4767/4423
f 3443/4838/4494 3444/4767/4423 3397/4839/4495
f 3397/4839/4495 3444/4767/4423 3398/4768/4424
f 3397/4839/4495 3398/4768/4424 3351/4840/4496
f 3351/4840/4496 3398/4768/4424 3352/4769/4425
f 3351/4840/4496 3352/4769/4425 3305/4841/4497
f 3305/4841/4497 3352/4769/4425 3306/4770/4426
f 3305/4841/4497 3306/4770/4426 3259/4842/4498
f 3259/4842/4498 3306/4770/4426 3260/4771/4427
f 3259/4842/4498 3260/4771/4427 3213/4843/4499
f 3213/4843/4499 3260/4771/4427 3214/4772/4428
f 3213/4843/4499 3214/4772/4428 3167/4844/4500
f 3167/4844/4500 3214/4772/4428 3168/4773/4429
f 3167/4844/4500 3168/4773/4429 3121/4845/4501
f 3121/4845/4501 3168/4773/4429 3122/4774/4430
f 3121/4845/4501 3122/4774/4430 3075/4846/4502
f 3075/4846/4502 3122/4774/4430 3076/4775/4431
f 3075/4846/4502 3076/4775/4431 3029/4847/4503
f 3029/4847/4503 3076/4775/4431 3030/4776/4432
f 3029/4847/4503 3030/4776/4432 2983/4848/4504
f 2983/4848/4504 3030/4776/4432 2984/4777/4433
f 2983/4848/4504 2984/4777/4433 1603/4849/4505
f 1603/4849/4505 2984/4777/4433 1604/4778/4434
f 1603/4849/4505 1604/4778/4434 1536/4850/4506
f 1536/4850/4506 1604/4778/4434 1535/4779/4435
f 1536/4850/4506 1535/4779/4435 2937/4851/4507
f 2937/4851/4507 1535/4779/4435 2938/4780/4436
f 2937/4851/4507 2938/4780/4436 2891/4852/4508
f 2891/4852/4508 2938/4780/4436 2892/4781/4437
f 2891/4852/4508 2892/4781/4437 2845/4853/4509
f 2845/4853/4509 2892/4781/4437 2846/4782/4438
f 2845/4853/4509 2846/4782/4438 2799/4854/4510
f 2799/4854/4510 2846/4782/4438 2800/4783/4439
f 2799/4854/4510 2800/4783/4439 2753/4855/4511
f 2753/4855/4511 2800/4783/4439 2754/4784/4440
f 2753/4855/4511 2754/4784/4440 2707/4856/4512
f 2707/4856/4512 2754/4784/4440 2708/4785/4441
f 2707/4856/4512 2708/4785/4441 2661/4857/4513
f 2661/4857/4513 2708/4785/4441 2662/4786/4442
f 2661/4857/4513 2662/4786/4442 2615/4858/4514
f 2615/4858/4514 2662/4786/4442 2616/4787/4443
f 2615/4858/4514 2616/4787/4443 2569/4859/4515
f 2569/4859/4515 2616/4787/4443 2570/4788/4444
f 2569/4859/4515 2570/4788/4444 2523/4860/4516
f 2523/4860/4516 2570/4788/4444 2524/4789/4445
f 2523/4860/4516 2524/4789/4445 2477/4861/4517
f 2477/4861/4517 2524/4789/4445 2478/4790/4446
f 2477/4861/4517 2478/4790/4446 2431/4862/4518
f 2431/4862/4518 2478/4790/4446 2432/4791/4447
f 2431/4862/4518 2432/4791/4447 2385/4863/4519
f 2385/4863/4519 2432/4791/4447 2386/4792/4448
f 2385/4863/4519 2386/4792/4448 2339/4864/4520
f 2339/4864/4520 2386/4792/4448 2340/4793/4449
f 2339/4864/4520 2340/4793/4449 2293/4865/4521
f 2293/4865/4521 2340/4793/4449 2294/4794/4450
f 2293/4865/4521 2294/4794/4450 2247/4866/4522
f 2247/4866/4522 2294/4794/4450 2248/4795/4451
f 2247/4866/4522 2248/4795/4451 2201/4867/4523
f 2201/4867/4523 2248/4795/4451 2202/4796/4452
f 2201/4867/4523 2202/4796/4452 2155/4868/4524
f 2155/4868/4524 2202/4796/4452 2156/4797/4453
f 2155/4868/4524 2156/4797/4453 2109/4869/4525
f 2109/4869/4525 2156/4797/4453 2110/4798/4454
f 2109/4869/4525 2110/4798/4454 2063/4870/4526
f 2063/4870/4526 2110/4798/4454 2064/4799/4455
f 2063/4870/4526 2064/4799/4455 2017/4871/4527
f 2017/4871/4527 2064/4799/4455 2018/4800/4456
f 2017/4871/4527 2018/4800/4456 1971/4872/4528
f 1971/4872/4528 2018/4800/4456 1972/4801/4457
f 1971/4872/4528 1972/4801/4457 1925/4873/4529
f 1925/4873/4529 1972/4801/4457 1926/4802/4458
f 1925/4873/4529 1926/4802/4458 1879/4874/4530
f 1879/4874/4530 1926/4802/4458 1880/4803/4459
f 1879/4874/4530 1880/4803/4459 1833/4875/4531
f 1833/4875/4531 1880/4803/4459 1834/4804/4460
f 1833/4875/4531 1834/4804/4460 1787/4876/4532
f 1787/4876/4532 1834/4804/4460 1788/4805/4461
f 1787/4876/4532 1788/4805/4461 1741/4877/4533
f 1741/4877/4533 1788/4805/4461 1742/4806/4462
f 1741/4877/4533 1742/4806/4462 1695/4878/4534
f 1695/4878/4534 1742/4806/4462 1696/4807/4463
f 1695/4878/4534 1696/4807/4463 1649/4879/4535
f 1649/4879/4535 1696/4807/4463 1650/4808/4464
f 1649/4879/4535 1650/4808/4464 1419/879/766
f 1419/879/766 1650/4808/4464 1420/881/768
f 899/4809/4465 900/4880/4536 950/4810/4466
f 950/4810/4466 900/4880/4536 949/4881/4537
f 950/4810/4466 949/4881/4537 980/4811/4467
f 980/4811/4467 949/4881/4537 979/4882/4538
f 980/4811/4467 979/4882/4538 1009/4812/4468
f 1009/4812/4468 979/4882/4538 1008/4883/4539
f 1009/4812/4468 1008/4883/4539 1037/4813/4469
f 1037/4813/4469 1008/4883/4539 1036/4884/4540
f 1037/4813/4469 1036/4884/4540 1065/4814/4470
f 1065/4814/4470 1036/4884/4540 1064/4885/4541
f 1065/4814/4470 1064/4885/4541 1093/4815/4471
f 1093/4815/4471 1064/4885/4541 1092/4886/4542
f 1093/4815/4471 1092/4886/4542 1121/4816/4472
f 1121/4816/4472 1092/4886/4542 1120/4887/4543
f 1121/4816/4472 1120/4887/4543 1149/4817/4473
f 1149/4817/4473 1120/4887/4543 1148/4888/4544
f 1149/4817/4473 1148/4888/4544 1177/1690/1568
f 1177/1690/1568 1148/4888/4544 1176/1688/1566
f 899/4809/4465 898/4738/4394 1510/4889/4545
f 1510/4889/4545 898/4738/4394 1511/4818/4474
f 1510/4889/4545 1511/4818/4474 1445/4890/4546
f 1445/4890/4546 1511/4818/4474 1444/4819/4475
f 1445/4890/4546 1444/4819/4475 4270/4891/4547
f 4270/4891/4547 1444/4819/4475 4271/4820/4476
f 4270/4891/4547 4271/4820/4476 4224/4892/4548
f 4224/4892/4548 4271/4820/4476 4225/4821/4477
f 4224/4892/4548 4225/4821/4477 4178/4893/4549
f 4178/4893/4549 4225/4821/4477 4179/4822/4478
f 4178/4893/4549 4179/4822/4478 4132/4894/4550
f 4132/4894/4550 4179/4822/4478 4133/4823/4479
f 4132/4894/4550 4133/4823/4479 4086/4895/4551
f 4086/4895/4551 4133/4823/4479 4087/4824/4480
f 4086/4895/4551 4087/4824/4480 4040/4896/4552
f 4040/4896/4552 4087/4824/4480 4041/4825/4481
f 4040/4896/4552 4041/4825/4481 3994/4897/4553
f 3994/4897/4553 4041/4825/4481 3995/4826/4482
f 3994/4897/4553 3995/4826/4482 3948/4898/4554
f 3948/4898/4554 3995/4826/4482 3949/4827/4483
f 3948/4898/4554 3949/4827/4483 3902/4899/4555
f 3902/4899/4555 3949/4827/4483 3903/4828/4484
f 3902/4899/4555 3903/4828/4484 3856/4900/4556
f 3856/4900/4556 3903/4828/4484 3857/4829/4485
f 3856/4900/4556 3857/4829/4485 3810/4901/4557
f 3810/4901/4557 3857/4829/4485 3811/4830/4486
f 3810/4901/4557 3811/4830/4486 3764/4902/4558
f 3764/4902/4558 3811/4830/4486 3765/4831/4487
f 3764/4902/4558 3765/4831/4487 3718/4903/4559
f 3718/4903/4559 3765/4831/4487 3719/4832/4488
f 3718/4903/4559 3719/4832/4488 3672/4904/4560
f 3672/4904/4560 3719/4832/4488 3673/4833/4489
f 3672/4904/4560 3673/4833/4489 3626/4905/4561
f 3626/4905/4561 3673/4833/4489 3627/4834/4490
f 3626/4905/4561 3627/4834/4490 3580/4906/4562
f 3580/4906/4562 3627/4834/4490 3581/4835/4491
f 3580/4906/4562 3581/4835/4491 3534/4907/4563
f 3534/4907/4563 3581/4835/4491 3535/4836/4492
f 3534/4907/4563 3535/4836/4492 3488/4908/4564
f 3488/4908/4564 3535/4836/4492 3489/4837/4493
f 3488/4908/4564 3489/4837/4493 3442/4909/4565
f 3442/4909/4565 3489/4837/4493 3443/4838/4494
f 3442/4909/4565 3443/4838/4494 3396/4910/4566
f 3396/4910/4566 3443/4838/4494 3397/4839/4495
f 3396/4910/4566 3397/4839/4495 3350/4911/4567
f 3350/4911/4567 3397/4839/4495 3351/4840/4496
f 3350/4911/4567 3351/4840/4496 3304/4912/4568
f 3304/4912/4568 3351/4840/4496 3305/4841/4497
f 3304/4912/4568 3305/4841/4497 3258/4913/4569
f 3258/4913/4569 3305/4841/4497 3259/4842/4498
f 3258/4913/4569 3259/4842/4498 3212/4914/4570
f 3212/4914/4570 3259/4842/4498 3213/4843/4499
f 3212/4914/4570 3213/4843/4499 3166/4915/4571
f 3166/4915/4571 3213/4843/4499 3167/4844/4500
f 3166/4915/4571 3167/4844/4500 3120/4916/4572
f 3120/4916/4572 3167/4844/4500 3121/4845/4501
f 3120/4916/4572 3121/4845/4501 3074/4917/4573
f 3074/4917/4573 3121/4845/4501 3075/4846/4502
f 3074/4917/4573 3075/4846/4502 3028/4918/4574
f 3028/4918/4574 3075/4846/4502 3029/4847/4503
f 3028/4918/4574 3029/4847/4503 2982/4919/4575
f 2982/4919/4575 3029/4847/4503 2983/4848/4504
f 2982/4919/4575 2983/4848/4504 1602/4920/4576
f 1602/4920/4576 2983/4848/4504 1603/4849/4505
f 1602/4920/4576 1603/4849/4505 1537/4921/4577
f 1537/4921/4577 1603/4849/4505 1536/4850/4506
f 1537/4921/4577 1536/4850/4506 2936/4922/4578
f 2936/4922/4578 1536/4850/4506 2937/4851/4507
f 2936/4922/4578 2937/4851/4507 2890/4923/4579
f 2890/4923/4579 2937/4851/4507 2891/4852/4508
f 2890/4923/4579 2891/4852/4508 2844/4924/4580
f 2844/4924/4580 2891/4852/4508 2845/4853/4509
f 2844/4924/4580 2845/4853/4509 2798/4925/4581
f 2798/4925/4581 2845/4853/4509 2799/4854/4510
f 2798/4925/4581 2799/4854/4510 2752/4926/4582
f 2752/4926/4582 2799/4854/4510 2753/4855/4511
f 2752/4926/4582 2753/4855/4511 2706/4927/4583
f 2706/4927/4583 2753/4855/4511 2707/4856/4512
f 2706/4927/4583 2707/4856/4512 2660/4928/4584
f 2660/4928/4584 2707/4856/4512 2661/4857/4513
f 2660/4928/4584 2661/4857/4513 2614/4929/4585
f 2614/4929/4585 2661/4857/4513 2615/4858/4514
f 2614/4929/4585 2615/4858/4514 2568/4930/4586
f 2568/4930/4586 2615/4858/4514 2569/4859/4515
f 2568/4930/4586 2569/4859/4515 2522/4931/4587
f 2522/4931/4587 2569/4859/4515 2523/4860/4516
f 2522/4931/4587 2523/4860/4516 2476/4932/4588
f 2476/4932/4588 2523/4860/4516 2477/4861/4517
f 2476/4932/4588 2477/4861/4517 2430/4933/4589
f 2430/4933/4589 2477/4861/4517 2431/4862/4518
f 2430/4933/4589 2431/4862/4518 2384/4934/4590
f 2384/4934/4590 2431/4862/4518 2385/4863/4519
f 2384/4934/4590 2385/4863/4519 2338/4935/4591
f 2338/4935/4591 2385/4863/4519 2339/4864/4520
f 2338/4935/4591 2339/4864/4520 2292/4936/4592
f 2292/4936/4592 2339/4864/4520 2293/4865/4521
f 2292/4936/4592 2293/4865/4521 2246/4937/4593
f 2246/4937/4593 2293/4865/4521 2247/4866/4522
f 2246/4937/4593 2247/4866/4522 2200/4938/4594
f 2200/4938/4594 2247/4866/4522 2201/4867/4523
f 2200/4938/4594 2201/4867/4523 2154/4939/4595
f 2154/4939/4595 2201/4867/4523 2155/4868/4524
f 2154/4939/4595 2155/4868/4524 2108/4940/4596
f 2108/4940/4596 2155/4868/4524 2109/4869/4525
f 2108/4940/4596 2109/4869/4525 2062/4941/4597
f 2062/4941/4597 2109/4869/4525 2063/4870/4526
f 2062/4941/4597 2063/4870/4526 2016/4942/4598
f 2016/4942/4598 2063/4870/4526 2017/4871/4527
f 2016/4942/4598 2017/4871/4527 1970/4943/4599
f 1970/4943/4599 2017/4871/4527 1971/4872/4528
f 1970/4943/4599 1971/4872/4528 1924/4944/4600
f 1924/4944/4600 1971/4872/4528 1925/4873/4529
f 1924/4944/4600 1925/4873/4529 1878/4945/4601
f 1878/4945/4601 1925/4873/4529 1879/4874/4530
f 1878/4945/4601 1879/4874/4530 1832/4946/4602
f 1832/4946/4602 1879/4874/4530 1833/4875/4531
f 1832/4946/4602 1833/4875/4531 1786/4947/4603
f 1786/4947/4603 1833/4875/4531 1787/4876/4532
f 1786/4947/4603 1787/4876/4532 1740/4948/4604
f 1740/4948/4604 1787/4876/4532 1741/4877/4533
f 1740/4948/4604 1741/4877/4533 1694/4949/4605
f 1694/4949/4605 1741/4877/4533 1695/4878/4534
f 1694/4949/4605 1695/4878/4534 1648/4950/4606
f 1648/4950/4606 1695/4878/4534 1649/4879/4535
f 1648/4950/4606 1649/4879/4535 1418/877/764
f 1418/877/764 1649/4879/4535 1419/879/766
f 900/4880/4536 901/4951/4607 949/4881/4537
f 949/4881/4537 901/4951/4607 948/4952/4608
f 949/4881/4537 948/4952/4608 979/4882/4538
f 979/4882/4538 948/4952/4608 978/4953/4609
f 979/4882/4538 978/4953/4609 1008/4883/4539
f 1008/4883/4539 978/4953/4609 1007/4954/4610
f 1008/4883/4539 1007/4954/4610 1036/4884/4540
f 1036/4884/4540 1007/4954/4610 1035/4955/4611
f 1036/4884/4540 1035/4955/4611 1064/4885/4541
f 1064/4885/4541 1035/4955/4611 1063/4956/4612
f 1064/4885/4541 1063/4956/4612 1092/4886/4542
f 1092/4886/4542 1063/4956/4612 1091/4957/4613
f 1092/4886/4542 1091/4957/4613 1120/4887/4543
f 1120/4887/4543 1091/4957/4613 1119/4958/4614
f 1120/4887/4543 1119/4958/4614 1148/4888/4544
f 1148/4888/4544 1119/4958/4614 1147/4959/4615
f 1148/4888/4544 1147/4959/4615 1176/1688/1566
f 1176/1688/1566 1147/4959/4615 1175/1686/1564
f 900/4880/4536 899/4809/4465 1509/4960/4616
f 1509/4960/4616 899/4809/4465 1510/4889/4545
f 1509/4960/4616 1510/4889/4545 1446/4961/4617
f 1446/4961/4617 1510/4889/4545 1445/4890/4546
f 1446/4961/4617 1445/4890/4546 4269/4962/4618
f 4269/4962/4618 1445/4890/4546 4270/4891/4547
f 4269/4962/4618 4270/4891/4547 4223/4963/4619
f 4223/4963/4619 4270/4891/4547 4224/4892/4548
f 4223/4963/4619 4224/4892/4548 4177/4964/4620
f 4177/4964/4620 4224/4892/4548 4178/4893/4549
f 4177/4964/4620 4178/4893/4549 4131/4965/4621
f 4131/4965/4621 4178/4893/4549 4132/4894/4550
f 4131/4965/4621 4132/4894/4550 4085/4966/4622
f 4085/4966/4622 4132/4894/4550 4086/4895/4551
f 4085/4966/4622 4086/4895/4551 4039/4967/4623
f 4039/4967/4623 4086/4895/4551 4040/4896/4552
f 4039/4967/4623 4040/4896/4552 3993/4968/4624
f 3993/4968/4624 4040/4896/4552 3994/4897/4553
f 3993/4968/4624 3994/4897/4553 3947/4969/4625
f 3947/4969/4625 3994/4897/4553 3948/4898/4554
f 3947/4969/4625 3948/4898/4554 3901/4970/4626
f 3901/4970/4626 3948/4898/4554 3902/4899/4555
f 3901/4970/4626 3902/4899/4555 3855/4971/4627
f 3855/4971/4627 3902/4899/4555 3856/4900/4556
f 3855/4971/4627 3856/4900/4556 3809/4972/4628
f 3809/4972/4628 3856/4900/4556 3810/4901/4557
f 3809/4972/4628 3810/4901/4557 3763/4973/4629
f 3763/4973/4629 3810/4901/4557 3764/4902/4558
f 3763/4973/4629 3764/4902/4558 3717/4974/4630
f 3717/4974/4630 3764/4902/4558 3718/4903/4559
f 3717/4974/4630 3718/4903/4559 3671/4975/4631
f 3671/4975/4631 3718/4903/4559 3672/4904/4560
f 3671/4975/4631 3672/4904/4560 3625/4976/4632
f 3625/4976/4632 3672/4904/4560 3626/4905/4561
f 3625/4976/4632 3626/4905/4561 3579/4977/4633
f 3579/4977/4633 3626/4905/4561 3580/4906/4562
f 3579/4977/4633 3580/4906/4562 3533/4978/4634
f 3533/4978/4634 3580/4906/4562 3534/4907/4563
f 3533/4978/4634 3534/4907/4563 3487/4979/4635
f 3487/4979/4635 3534/4907/4563 3488/4908/4564
f 3487/4979/4635 3488/4908/4564 3441/4980/4636
f 3441/4980/4636 3488/4908/4564 3442/4909/4565
f 3441/4980/4636 3442/4909/4565 3395/4981/4637
f 3395/4981/4637 3442/4909/4565 3396/4910/4566
f 3395/4981/4637 3396/4910/4566 3349/4982/4638
f 3349/4982/4638 3396/4910/4566 3350/4911/4567
f 3349/4982/4638 3350/4911/4567 3303/4983/4639
f 3303/4983/4639 3350/4911/4567 3304/4912/4568
f 3303/4983/4639 3304/4912/4568 3257/4984/4640
f 3257/4984/4640 3304/4912/4568 3258/4913/4569
f 3257/4984/4640 3258/4913/4569 3211/4985/4641
f 3211/4985/4641 3258/4913/4569 3212/4914/4570
f 3211/4985/4641 3212/4914/4570 3165/4986/4642
f 3165/4986/4642 3212/4914/4570 3166/4915/4571
f 3165/4986/4642 3166/4915/4571 3119/4987/4643
f 3119/4987/4643 3166/4915/4571 3120/4916/4572
f 3119/4987/4643 3120/4916/4572 3073/4988/4644
f 3073/4988/4644 3120/4916/4572 3074/4917/4573
f 3073/4988/4644 3074/4917/4573 3027/4989/4645
f 3027/4989/4645 3074/4917/4573 3028/4918/4574
f 3027/4989/4645 3028/4918/4574 2981/4990/4646
f 2981/4990/4646 3028/4918/4574 2982/4919/4575
f 2981/4990/4646 2982/4919/4575 1601/4991/4647
f 1601/4991/4647 2982/4919/4575 1602/4920/4576
f 1601/4991/4647 1602/4920/4576 1538/4992/4648
f 1538/4992/4648 1602/4920/4576 1537/4921/4577
f 1538/4992/4648 1537/4921/4577 2935/4993/4649
f 2935/4993/4649 1537/4921/4577 2936/4922/4578
f 2935/4993/4649 2936/4922/4578 2889/4994/4650
f 2889/4994/4650 2936/4922/4578 2890/4923/4579
f 2889/4994/4650 2890/4923/4579 2843/4995/4651
f 2843/4995/4651 2890/4923/4579 2844/4924/4580
f 2843/4995/4651 2844/4924/4580 2797/4996/4652
f 2797/4996/4652 2844/4924/4580 2798/4925/4581
f 2797/4996/4652 2798/4925/4581 2751/4997/4653
f 2751/4997/4653 2798/4925/4581 2752/4926/4582
f 2751/4997/4653 2752/4926/4582 2705/4998/4654
f 2705/4998/4654 2752/4926/4582 2706/4927/4583
f 2705/4998/4654 2706/4927/4583 2659/4999/4655
f 2659/4999/4655 2706/4927/4583 2660/4928/4584
f 2659/4999/4655 2660/4928/4584 2613/5000/4656
f 2613/5000/4656 2660/4928/4584 2614/4929/4585
f 2613/5000/4656 2614/4929/4585 2567/5001/4657
f 2567/5001/4657 2614/4929/4585 2568/4930/4586
f 2567/5001/4657 2568/4930/4586 2521/5002/4658
f 2521/5002/4658 2568/4930/4586 2522/4931/4587
f 2521/5002/4658 2522/4931/4587 2475/5003/4659
f 2475/5003/4659 2522/4931/4587 2476/4932/4588
f 2475/5003/4659 2476/4932/4588 2429/5004/4660
f 2429/5004/4660 2476/4932/4588 2430/4933/4589
f 2429/5004/4660 2430/4933/4589 2383/5005/4661
f 2383/5005/4661 2430/4933/4589 2384/4934/4590
f 2383/5005/4661 2384/4934/4590 2337/5006/4662
f 2337/5006/4662 2384/4934/4590 2338/4935/4591
f 2337/5006/4662 2338/4935/4591 2291/5007/4663
f 2291/5007/4663 2338/4935/4591 2292/4936/4592
f 2291/5007/4663 2292/4936/4592 2245/5008/4664
f 2245/5008/4664 2292/4936/4592 2246/4937/4593
f 2245/5008/4664 2246/4937/4593 2199/5009/4665
f 2199/5009/4665 2246/4937/4593 2200/4938/4594
f 2199/5009/4665 2200/4938/4594 2153/5010/4666
f 2153/5010/4666 2200/4938/4594 2154/4939/4595
f 2153/5010/4666 2154/4939/4595 2107/5011/4667
f 2107/5011/4667 2154/4939/4595 2108/4940/4596
f 2107/5011/4667 2108/4940/4596 2061/5012/4668
f 2061/5012/4668 2108/4940/4596 2062/4941/4597
f 2061/5012/4668 2062/4941/4597 2015/5013/4669
f 2015/5013/4669 2062/4941/4597 2016/4942/4598
f 2015/5013/4669 2016/4942/4598 1969/5014/4670
f 1969/5014/4670 2016/4942/4598 1970/4943/4599
f 1969/5014/4670 1970/4943/4599 1923/5015/4671
f 1923/5015/4671 1970/4943/4599 1924/4944/4600
f 1923/5015/4671 1924/4944/4600 1877/5016/4672
f 1877/5016/4672 1924/4944/4600 1878/4945/4601
f 1877/5016/4672 1878/4945/4601 1831/5017/4673
f 1831/5017/4673 1878/4945/4601 1832/4946/4602
f 1831/5017/4673 1832/4946/4602 1785/5018/4674
f 1785/5018/4674 1832/4946/4602 1786/4947/4603
f 1785/5018/4674 1786/4947/4603 1739/5019/4675
f 1739/5019/4675 1786/4947/4603 1740/4948/4604
f 1739/5019/4675 1740/4948/4604 1693/5020/4676
f 1693/5020/4676 1740/4948/4604 1694/4949/4605
f 1693/5020/4676 1694/4949/4605 1647/5021/4677
f 1647/5021/4677 1694/4949/4605 1648/4950/4606
f 1647/5021/4677 1648/4950/4606 1417/875/762
f 1417/875/762 1648/4950/4606 1418/877/764
f 901/4951/4607 902/2449/2130 948/4952/4608
f 948/4952/4608 902/2449/2130 947/2451/2132
f 948/4952/4608 947/2451/2132 978/4953/4609
f 978/4953/4609 947/2451/2132 977/2453/2134
f 978/4953/4609 977/2453/2134 1007/4954/4610
f 1007/4954/4610 977/2453/2134 1006/2455/2136
f 1007/4954/4610 1006/2455/2136 1035/4955/4611
f 1035/4955/4611 1006/2455/2136 1034/2457/2138
f 1035/4955/4611 1034/2457/2138 1063/4956/4612
f 1063/4956/4612 1034/2457/2138 1062/2459/2140
f 1063/4956/4612 1062/2459/2140 1091/4957/4613
f 1091/4957/4613 1062/2459/2140 1090/2461/2142
f 1091/4957/4613 1090/2461/2142 1119/4958/4614
f 1119/4958/4614 1090/2461/2142 1118/2463/2144
f 1119/4958/4614 1118/2463/2144 1147/4959/4615
f 1147/4959/4615 1118/2463/2144 1146/2465/2146
f 1147/4959/4615 1146/2465/2146 1175/1686/1564
f 1175/1686/1564 1146/2465/2146 1174/1684/1562
f 901/4951/4607 900/4880/4536 1508/5022/4678
f 1508/5022/4678 900/4880/4536 1509/4960/4616
f 1508/5022/4678 1509/4960/4616 1447/5023/4679
f 1447/5023/4679 1509/4960/4616 1446/4961/4617
f 1447/5023/4679 1446/4961/4617 4268/5024/4680
f 4268/5024/4680 1446/4961/4617 4269/4962/4618
f 4268/5024/4680 4269/4962/4618 4222/5025/4681
f 4222/5025/4681 4269/4962/4618 4223/4963/4619
f 4222/5025/4681 4223/4963/4619 4176/5026/4682
f 4176/5026/4682 4223/4963/4619 4177/4964/4620
f 4176/5026/4682 4177/4964/4620 4130/5027/4683
f 4130/5027/4683 4177/4964/4620 4131/4965/4621
f 4130/5027/4683 4131/4965/4621 4084/5028/4684
f 4084/5028/4684 4131/4965/4621 4085/4966/4622
f 4084/5028/4684 4085/4966/4622 4038/5029/4685
f 4038/5029/4685 4085/4966/4622 4039/4967/4623
f 4038/5029/4685 4039/4967/4623 3992/5030/4686
f 3992/5030/4686 4039/4967/4623 3993/4968/4624
f 3992/5030/4686 3993/4968/4624 3946/5031/4687
f 3946/5031/4687 3993/4968/4624 3947/4969/4625
f 3946/5031/4687 3947/4969/4625 3900/5032/4688
f 3900/5032/4688 3947/4969/4625 3901/4970/4626
f 3900/5032/4688 3901/4970/4626 3854/5033/4689
f 3854/5033/4689 3901/4970/4626 3855/4971/4627
f 3854/5033/4689 3855/4971/4627 3808/5034/4690
f 3808/5034/4690 3855/4971/4627 3809/4972/4628
f 3808/5034/4690 3809/4972/4628 3762/5035/4691
f 3762/5035/4691 3809/4972/4628 3763/4973/4629
f 3762/5035/4691 3763/4973/4629 3716/5036/4692
f 3716/5036/4692 3763/4973/4629 3717/4974/4630
f 3716/5036/4692 3717/4974/4630 3670/5037/4693
f 3670/5037/4693 3717/4974/4630 3671/4975/4631
f 3670/5037/4693 3671/4975/4631 3624/5038/4694
f 3624/5038/4694 3671/4975/4631 3625/4976/4632
f 3624/5038/4694 3625/4976/4632 3578/5039/4695
f 3578/5039/4695 3625/4976/4632 3579/4977/4633
f 3578/5039/4695 3579/4977/4633 3532/5040/4696
f 3532/5040/4696 3579/4977/4633 3533/4978/4634
f 3532/5040/4696 3533/4978/4634 3486/5041/4697
f 3486/5041/4697 3533/4978/4634 3487/4979/4635
f 3486/5041/4697 3487/4979/4635 3440/5042/4698
f 3440/5042/4698 3487/4979/4635 3441/4980/4636
f 3440/5042/4698 3441/4980/4636 3394/5043/4699
f 3394/5043/4699 3441/4980/4636 3395/4981/4637
f 3394/5043/4699 3395/4981/4637 3348/5044/4700
f 3348/5044/4700 3395/4981/4637 3349/4982/4638
f 3348/5044/4700 3349/4982/4638 3302/5045/4701
f 3302/5045/4701 3349/4982/4638 3303/4983/4639
f 3302/5045/4701 3303/4983/4639 3256/5046/4702
f 3256/5046/4702 3303/4983/4639 3257/4984/4640
f 3256/5046/4702 3257/4984/4640 3210/5047/4703
f 3210/5047/4703 3257/4984/4640 3211/4985/4641
f 3210/5047/4703 3211/4985/4641 3164/5048/4704
f 3164/5048/4704 3211/4985/4641 3165/4986/4642
f 3164/5048/4704 3165/4986/4642 3118/5049/4705
f 3118/5049/4705 3165/4986/4642 3119/4987/4643
f 3118/5049/4705 3119/4987/4643 3072/5050/4706
f 3072/5050/4706 3119/4987/4643 3073/4988/4644
f 3072/5050/4706 3073/4988/4644 3026/5051/4707
f 3026/5051/4707 3073/4988/4644 3027/4989/4645
f 3026/5051/4707 3027/4989/4645 2980/5052/4708
f 2980/5052/4708 3027/4989/4645 2981/4990/4646
f 2980/5052/4708 2981/4990/4646 1600/5053/4709
f 1600/5053/4709 2981/4990/4646 1601/4991/4647
f 1600/5053/4709 1601/4991/4647 1539/5054/4710
f 1539/5054/4710 1601/4991/4647 1538/4992/4648
f 1539/5054/4710 1538/4992/4648 2934/5055/4711
f 2934/5055/4711 1538/4992/4648 2935/4993/4649
f 2934/5055/4711 2935/4993/4649 2888/5056/4712
f 2888/5056/4712 2935/4993/4649 2889/4994/4650
f 2888/5056/4712 2889/4994/4650 2842/5057/4713
f 2842/5057/4713 2889/4994/4650 2843/4995/4651
f 2842/5057/4713 2843/4995/4651 2796/5058/4714
f 2796/5058/4714 2843/4995/4651 2797/4996/4652
f 2796/5058/4714 2797/4996/4652 2750/5059/4715
f 2750/5059/4715 2797/4996/4652 2751/4997/4653
f 2750/5059/4715 2751/4997/4653 2704/5060/4716
f 2704/5060/4716 2751/4997/4653 2705/4998/4654
f 2704/5060/4716 2705/4998/4654 2658/5061/4717
f 2658/5061/4717 2705/4998/4654 2659/4999/4655
f 2658/5061/4717 2659/4999/4655 2612/5062/4718
f 2612/5062/4718 2659/4999/4655 2613/5000/4656
f 2612/5062/4718 2613/5000/4656 2566/5063/4719
f 2566/5063/4719 2613/5000/4656 2567/5001/4657
f 2566/5063/4719 2567/5001/4657 2520/5064/4720
f 2520/5064/4720 2567/5001/4657 2521/5002/4658
f 2520/5064/4720 2521/5002/4658 2474/5065/4721
f 2474/5065/4721 2521/5002/4658 2475/5003/4659
f 2474/5065/4721 2475/5003/4659 2428/5066/4722
f 2428/5066/4722 2475/5003/4659 2429/5004/4660
f 2428/5066/4722 2429/5004/4660 2382/5067/4723
f 2382/5067/4723 2429/5004/4660 2383/5005/4661
f 2382/5067/4723 2383/5005/4661 2336/5068/4724
f 2336/5068/4724 2383/5005/4661 2337/5006/4662
f 2336/5068/4724 2337/5006/4662 2290/5069/4725
f 2290/5069/4725 2337/5006/4662 2291/5007/4663
f 2290/5069/4725 2291/5007/4663 2244/5070/4726
f 2244/5070/4726 2291/5007/4663 2245/5008/4664
f 2244/5070/4726 2245/5008/4664 2198/5071/4727
f 2198/5071/4727 2245/5008/4664 2199/5009/4665
f 2198/5071/4727 2199/5009/4665 2152/5072/4728
f 2152/5072/4728 2199/5009/4665 2153/5010/4666
f 2152/5072/4728 2153/5010/4666 2106/5073/4729
f 2106/5073/4729 2153/5010/4666 2107/5011/4667
f 2106/5073/4729 2107/5011/4667 2060/5074/4730
f 2060/5074/4730 2107/5011/4667 2061/5012/4668
f 2060/5074/4730 2061/5012/4668 2014/5075/4731
f 2014/5075/4731 2061/5012/4668 2015/5013/4669
f 2014/5075/4731 2015/5013/4669 1968/5076/4732
f 1968/5076/4732 2015/5013/4669 1969/5014/4670
f 1968/5076/4732 1969/5014/4670 1922/5077/4733
f 1922/5077/4733 1969/5014/4670 1923/5015/4671
f 1922/5077/4733 1923/5015/4671 1876/5078/4734
f 1876/5078/4734 1923/5015/4671 1877/5016/4672
f 1876/5078/4734 1877/5016/4672 1830/5079/4735
f 1830/5079/4735 1877/5016/4672 1831/5017/4673
f 1830/5079/4735 1831/5017/4673 1784/5080/4736
f 1784/5080/4736 1831/5017/4673 1785/5018/4674
f 1784/5080/4736 1785/5018/4674 1738/5081/4737
f 1738/5081/4737 1785/5018/4674 1739/5019/4675
f 1738/5081/4737 1739/5019/4675 1692/5082/4738
f 1692/5082/4738 1739/5019/4675 1693/5020/4676
f 1692/5082/4738 1693/5020/4676 1646/5083/4739
f 1646/5083/4739 1693/5020/4676 1647/5021/4677
f 1646/5083/4739 1647/5021/4677 1416/873/760
f 1416/873/760 1647/5021/4677 1417/875/762
f 902/2449/2130 901/4951/4607 1507/2447/2128
f 1507/2447/2128 901/4951/4607 1508/5022/4678
f 1507/2447/2128 1508/5022/4678 1448/2445/2126
f 1448/2445/2126 1508/5022/4678 1447/5023/4679
f 1448/2445/2126 1447/5023/4679 4267/2443/2124
f 4267/2443/2124 1447/5023/4679 4268/5024/4680
f 4267/2443/2124 4268/5024/4680 4221/2441/2122
f 4221/2441/2122 4268/5024/4680 4222/5025/4681
f 4221/2441/2122 4222/5025/4681 4175/2439/2120
f 4175/2439/2120 4222/5025/4681 4176/5026/4682
f 4175/2439/2120 4176/5026/4682 4129/2437/2118
f 4129/2437/2118 4176/5026/4682 4130/5027/4683
f 4129/2437/2118 4130/5027/4683 4083/2435/2116
f 4083/2435/2116 4130/5027/4683 4084/5028/4684
f 4083/2435/2116 4084/5028/4684 4037/2433/2114
f 4037/2433/2114 4084/5028/4684 4038/5029/4685
f 4037/2433/2114 4038/5029/4685 3991/2431/2112
f 3991/2431/2112 4038/5029/4685 3992/5030/4686
f 3991/2431/2112 3992/5030/4686 3945/2429/2110
f 3945/2429/2110 3992/5030/4686 3946/5031/4687
f 3945/2429/2110 3946/5031/4687 3899/2427/2108
f 3899/2427/2108 3946/5031/4687 3900/5032/4688
f 3899/2427/2108 3900/5032/4688 3853/2425/2106
f 3853/2425/2106 3900/5032/4688 3854/5033/4689
f 3853/2425/2106 3854/5033/4689 3807/2423/2104
f 3807/2423/2104 3854/5033/4689 3808/5034/4690
f 3807/2423/2104 3808/5034/4690 3761/2421/2102
f 3761/2421/2102 3808/5034/4690 3762/5035/4691
f 3761/2421/2102 3762/5035/4691 3715/2419/2100
f 3715/2419/2100 3762/5035/4691 3716/5036/4692
f 3715/2419/2100 3716/5036/4692 3669/2417/2098
f 3669/2417/2098 3716/5036/4692 3670/5037/4693
f 3669/2417/2098 3670/5037/4693 3623/2415/2096
f 3623/2415/2096 3670/5037/4693 3624/5038/4694
f 3623/2415/2096 3624/5038/4694 3577/2413/2094
f 3577/2413/2094 3624/5038/4694 3578/5039/4695
f 3577/2413/2094 3578/5039/4695 3531/2411/2092
f 3531/2411/2092 3578/5039/4695 3532/5040/4696
f 3531/2411/2092 3532/5040/4696 3485/2409/2090
f 3485/2409/2090 3532/5040/4696 3486/5041/4697
f 3485/2409/2090 3486/5041/4697 3439/2407/2088
f 3439/2407/2088 3486/5041/4697 3440/5042/4698
f 3439/2407/2088 3440/5042/4698 3393/2405/2086
f 3393/2405/2086 3440/5042/4698 3394/5043/4699
f 3393/2405/2086 3394/5043/4699 3347/2403/2084
f 3347/2403/2084 3394/5043/4699 3348/5044/4700
f 3347/2403/2084 3348/5044/4700 3301/2401/2082
f 3301/2401/2082 3348/5044/4700 3302/5045/4701
f 3301/2401/2082 3302/5045/4701 3255/2399/2080
f 3255/2399/2080 3302/5045/4701 3256/5046/4702
f 3255/2399/2080 3256/5046/4702 3209/2397/2078
f 3209/2397/2078 3256/5046/4702 3210/5047/4703
f 3209/2397/2078 3210/5047/4703 3163/2395/2076
f 3163/2395/2076 3210/5047/4703 3164/5048/4704
f 3163/2395/2076 3164/5048/4704 3117/2393/2074
f 3117/2393/2074 3164/5048/4704 3118/5049/4705
f 3117/2393/2074 3118/5049/4705 3071/2391/2072
f 3071/2391/2072 3118/5049/4705 3072/5050/4706
f 3071/2391/2072 3072/5050/4706 3025/2389/2070
f 3025/2389/2070 3072/5050/4706 3026/5051/4707
f 3025/2389/2070 3026/5051/4707 2979/2387/2068
f 2979/2387/2068 3026/5051/4707 2980/5052/4708
f 2979/2387/2068 2980/5052/4708 1599/2385/2066
f 1599/2385/2066 2980/5052/4708 1600/5053/4709
f 1599/2385/2066 1600/5053/4709 1540/2383/2064
f 1540/2383/2064 1600/5053/4709 1539/5054/4710
f 1540/2383/2064 1539/5054/4710 2933/2381/2062
f 2933/2381/2062 1539/5054/4710 2934/5055/4711
f 2933/2381/2062 2934/5055/4711 2887/2379/2060
f 2887/2379/2060 2934/5055/4711 2888/5056/4712
f 2887/2379/2060 2888/5056/4712 2841/2377/2058
f 2841/2377/2058 2888/5056/4712 2842/5057/4713
f 2841/2377/2058 2842/5057/4713 2795/2375/2056
f 2795/2375/2056 2842/5057/4713 2796/5058/4714
f 2795/2375/2056 2796/5058/4714 2749/2373/2054
f 2749/2373/2054 2796/5058/4714 2750/5059/4715
f 2749/2373/2054 2750/5059/4715 2703/2371/2052
f 2703/2371/2052 2750/5059/4715 2704/5060/4716
f 2703/2371/2052 2704/5060/4716 2657/2369/2050
f 2657/2369/2050 2704/5060/4716 2658/5061/4717
f 2657/2369/2050 2658/5061/4717 2611/2367/2048
f 2611/2367/2048 2658/5061/4717 2612/5062/4718
f 2611/2367/2048 2612/5062/4718 2565/2365/2046
f 2565/2365/2046 2612/5062/4718 2566/5063/4719
f 2565/2365/2046 2566/5063/4719 2519/2363/2044
f 2519/2363/2044 2566/5063/4719 2520/5064/4720
f 2519/2363/2044 2520/5064/4720 2473/2361/2042
f 2473/2361/2042 2520/5064/4720 2474/5065/4721
f 2473/2361/2042 2474/5065/4721 2427/2359/2040
f 2427/2359/2040 2474/5065/4721 2428/5066/4722
f 2427/2359/2040 2428/5066/4722 2381/2357/2038
f 2381/2357/2038 2428/5066/4722 2382/5067/4723
f 2381/2357/2038 2382/5067/4723 2335/2355/2036
f 2335/2355/2036 2382/5067/4723 2336/5068/4724
f 2335/2355/2036 2336/5068/4724 2289/2353/2034
f 2289/2353/2034 2336/5068/4724 2290/5069/4725
f 2289/2353/2034 2290/5069/4725 2243/2351/2032
f 2243/2351/2032 2290/5069/4725 2244/5070/4726
f 2243/2351/2032 2244/5070/4726 2197/2349/2030
f 2197/2349/2030 2244/5070/4726 2198/5071/4727
f 2197/2349/2030 2198/5071/4727 2151/2347/2028
f 2151/2347/2028 2198/5071/4727 2152/5072/4728
f 2151/2347/2028 2152/5072/4728 2105/2345/2026
f 2105/2345/2026 2152/5072/4728 2106/5073/4729
f 2105/2345/2026 2106/5073/4729 2059/2343/2024
f 2059/2343/2024 2106/5073/4729 2060/5074/4730
f 2059/2343/2024 2060/5074/4730 2013/2341/2022
f 2013/2341/2022 2060/5074/4730 2014/5075/4731
f 2013/2341/2022 2014/5075/4731 1967/2339/2020
f 1967/2339/2020 2014/5075/4731 1968/5076/4732
f 1967/2339/2020 1968/5076/4732 1921/2337/2018
f 1921/2337/2018 1968/5076/4732 1922/5077/4733
f 1921/2337/2018 1922/5077/4733 1875/2335/2016
f 1875/2335/2016 1922/5077/4733 1876/5078/4734
f 1875/2335/2016 1876/5078/4734 1829/2333/2014
f 1829/2333/2014 1876/5078/4734 1830/5079/4735
f 1829/2333/2014 1830/5079/4735 1783/2331/2012
f 1783/2331/2012 1830/5079/4735 1784/5080/4736
f 1783/2331/2012 1784/5080/4736 1737/2329/2010
f 1737/2329/2010 1784/5080/4736 1738/5081/4737
f 1737/2329/2010 1738/5081/4737 1691/2327/2008
f 1691/2327/2008 1738/5081/4737 1692/5082/4738
f 1691/2327/2008 1692/5082/4738 1645/2325/2006
f 1645/2325/2006 1692/5082/4738 1646/5083/4739
f 1645/2325/2006 1646/5083/4739 1415/2323/2004
f 1415/2323/2004 1646/5083/4739 1416/873/760
f 1415/2323/2004 1416/873/760 733/872/758
f 1491/1389/1270 918/1388/1269 917/1471/1351
f 1491/1389/1270 917/1471/1351 1492/3334/3003
f 1191/1661/1539 1222/1720/1597 1192/1662/1540
f 1192/1662/1540 1222/1720/1597 1223/5084/4740
f 1192/1662/1540 1223/5084/4740 1193/1663/1541
f 1193/1663/1541 1223/5084/4740 1224/5085/4741
f 1193/1663/1541 1224/5085/4741 1194/1665/1543
f 1194/1665/1543 1224/5085/4741 1225/5086/4742
f 1194/1665/1543 1225/5086/4742 1195/1667/1545
f 1195/1667/1545 1225/5086/4742 1226/5087/4743
f 1195/1667/1545 1226/5087/4743 1196/1669/1547
f 1196/1669/1547 1226/5087/4743 1227/5088/4744
f 1196/1669/1547 1227/5088/4744 1197/1671/1549
f 1197/1671/1549 1227/5088/4744 1228/5089/4745
f 1197/1671/1549 1228/5089/4745 1198/1673/1551
f 1198/1673/1551 1228/5089/4745 1229/5090/4746
f 1198/1673/1551 1229/5090/4746 1199/1675/1553
f 1199/1675/1553 1229/5090/4746 1230/5091/4747
f 1199/1675/1553 1230/5091/4747 1200/1677/1555
f 1200/1677/1555 1230/5091/4747 1231/5092/4748
f 1200/1677/1555 1231/5092/4748 1201/1679/1557
f 1201/1679/1557 1231/5092/4748 1232/5093/4749
f 1201/1679/1557 1232/5093/4749 1202/1681/1559
f 1202/1681/1559 1232/5093/4749 1233/5094/4750
f 1202/1681/1559 1233/5094/4750 1203/1683/1561
f 1203/1683/1561 1233/5094/4750 1234/5095/4751
f 1203/1683/1561 1234/5095/4751 1204/1685/1563
f 1204/1685/1563 1234/5095/4751 1235/5096/4752
f 1204/1685/1563 1235/5096/4752 1205/1687/1565
f 1205/1687/1565 1235/5096/4752 1236/5097/4753
f 1205/1687/1565 1236/5097/4753 1206/1689/1567
f 1206/1689/1567 1236/5097/4753 1237/5098/4754
f 1206/1689/1567 1237/5098/4754 1207/1691/1569
f 1207/1691/1569 1237/5098/4754 1238/5099/4755
f 1207/1691/1569 1238/5099/4755 1208/1693/1571
f 1208/1693/1571 1238/5099/4755 1239/5100/4756
f 1208/1693/1571 1239/5100/4756 1209/1695/1573
f 1209/1695/1573 1239/5100/4756 1240/5101/4757
f 1209/1695/1573 1240/5101/4757 1210/1697/1575
f 1210/1697/1575 1240/5101/4757 1241/2313/1994
f 1210/1697/1575 1241/2313/1994 1211/1699/1577
f 1252/1762/1637 1253/1774/1649 1220/1759/1634
f 1220/1759/1634 1253/1774/1649 1221/1719/1596
f 1253/1774/1649 1254/1721/1598 1221/1719/1596
f 1222/1720/1597 1255/1722/1599 1223/5084/4740
f 1223/5084/4740 1255/1722/1599 1256/5102/4758
f 1223/5084/4740 1256/5102/4758 1224/5085/4741
f 1224/5085/4741 1256/5102/4758 1257/5103/4759
f 1224/5085/4741 1257/5103/4759 1225/5086/4742
f 1225/5086/4742 1257/5103/4759 1258/5104/4760
f 1225/5086/4742 1258/5104/4760 1226/5087/4743
f 1226/5087/4743 1258/5104/4760 1259/5105/4761
f 1226/5087/4743 1259/5105/4761 1227/5088/4744
f 1227/5088/4744 1259/5105/4761 1260/5106/4762
f 1227/5088/4744 1260/5106/4762 1228/5089/4745
f 1228/5089/4745 1260/5106/4762 1261/5107/4763
f 1228/5089/4745 1261/5107/4763 1229/5090/4746
f 1229/5090/4746 1261/5107/4763 1262/5108/4764
f 1229/5090/4746 1262/5108/4764 1230/5091/4747
f 1230/5091/4747 1262/5108/4764 1263/5109/4765
f 1230/5091/4747 1263/5109/4765 1231/5092/4748
f 1231/5092/4748 1263/5109/4765 1264/5110/4766
f 1231/5092/4748 1264/5110/4766 1232/5093/4749
f 1232/5093/4749 1264/5110/4766 1265/5111/4767
f 1232/5093/4749 1265/5111/4767 1233/5094/4750
f 1233/5094/4750 1265/5111/4767 1266/5112/4768
f 1233/5094/4750 1266/5112/4768 1234/5095/4751
f 1234/5095/4751 1266/5112/4768 1267/5113/4769
f 1234/5095/4751 1267/5113/4769 1235/5096/4752
f 1235/5096/4752 1267/5113/4769 1268/5114/4770
f 1235/5096/4752 1268/5114/4770 1236/5097/4753
f 1236/5097/4753 1268/5114/4770 1269/5115/4771
f 1236/5097/4753 1269/5115/4771 1237/5098/4754
f 1237/5098/4754 1269/5115/4771 1270/5116/4772
f 1237/5098/4754 1270/5116/4772 1238/5099/4755
f 1238/5099/4755 1270/5116/4772 1271/5117/4773
f 1238/5099/4755 1271/5117/4773 1239/5100/4756
f 1239/5100/4756 1271/5117/4773 1272/5118/4774
f 1239/5100/4756 1272/5118/4774 1240/5101/4757
f 1240/5101/4757 1272/5118/4774 1273/2312/1993
f 1240/5101/4757 1273/2312/1993 1241/2313/1994
f 1255/1722/1599 1301/1724/1601 1256/5102/4758
f 1256/5102/4758 1301/1724/1601 1302/5119/4775
f 1256/5102/4758 1302/5119/4775 1257/5103/4759
f 1257/5103/4759 1302/5119/4775 1303/5120/4776
f 1257/5103/4759 1303/5120/4776 1258/5104/4760
f 1258/5104/4760 1303/5120/4776 1304/5121/4777
f 1258/5104/4760 1304/5121/4777 1259/5105/4761
f 1259/5105/4761 1304/5121/4777 1305/5122/4778
f 1259/5105/4761 1305/5122/4778 1260/5106/4762
f 1260/5106/4762 1305/5122/4778 1306/5123/4779
f 1260/5106/4762 1306/5123/4779 1261/5107/4763
f 1261/5107/4763 1306/5123/4779 1307/5124/4780
f 1261/5107/4763 1307/5124/4780 1262/5108/4764
f 1262/5108/4764 1307/5124/4780 1308/5125/4781
f 1262/5108/4764 1308/5125/4781 1263/5109/4765
f 1263/5109/4765 1308/5125/4781 1309/5126/4782
f 1263/5109/4765 1309/5126/4782 1264/5110/4766
f 1264/5110/4766 1309/5126/4782 1310/5127/4783
f 1264/5110/4766 1310/5127/4783 1265/5111/4767
f 1265/5111/4767 1310/5127/4783 1311/5128/4784
f 1265/5111/4767 1311/5128/4784 1266/5112/4768
f 1266/5112/4768 1311/5128/4784 1312/5129/4785
f 1266/5112/4768 1312/5129/4785 1267/5113/4769
f 1267/5113/4769 1312/5129/4785 1313/5130/4786
f 1267/5113/4769 1313/5130/4786 1268/5114/4770
f 1268/5114/4770 1313/5130/4786 1314/5131/4787
f 1268/5114/4770 1314/5131/4787 1269/5115/4771
f 1269/5115/4771 1314/5131/4787 1315/5132/4788
f 1269/5115/4771 1315/5132/4788 1270/5116/4772
f 1270/5116/4772 1315/5132/4788 1316/5133/4789
f 1270/5116/4772 1316/5133/4789 1271/5117/4773
f 1271/5117/4773 1316/5133/4789 1317/5134/4790
f 1271/5117/4773 1317/5134/4790 1272/5118/4774
f 1272/5118/4774 1317/5134/4790 1318/2311/1992
f 1272/5118/4774 1318/2311/1992 1273/2312/1993
f 763/836/725 4298/838/727 1295/1770/1645
f 1295/1770/1645 4298/838/727 4299/5135/4791
f 1295/1770/1645 4299/5135/4791 1296/1771/1646
f 1296/1771/1646 4299/5135/4791 4300/5136/4792
f 1296/1771/1646 4300/5136/4792 1297/1772/1647
f 1297/1772/1647 4300/5136/4792 4301/5137/4793
f 1297/1772/1647 4301/5137/4793 1298/1773/1648
f 1298/1773/1648 4301/5137/4793 4302/5138/4794
f 1298/1773/1648 4302/5138/4794 1299/1775/1650
f 1299/1775/1650 4302/5138/4794 4303/5139/4795
f 1299/1775/1650 4303/5139/4795 1300/1723/1600
f 1300/1723/1600 4303/5139/4795 4304/1725/1602
f 1301/1724/1601 4305/1726/1603 1302/5119/4775
f 1302/5119/4775 4305/1726/1603 4306/5140/4796
f 1302/5119/4775 4306/5140/4796 1303/5120/4776
f 1303/5120/4776 4306/5140/4796 4307/5141/4797
f 1303/5120/4776 4307/5141/4797 1304/5121/4777
f 1304/5121/4777 4307/5141/4797 4308/5142/4798
f 1304/5121/4777 4308/5142/4798 1305/5122/4778
f 1305/5122/4778 4308/5142/4798 4309/5143/4799
f 1305/5122/4778 4309/5143/4799 1306/5123/4779
f 1306/5123/4779 4309/5143/4799 4310/5144/4800
f 1306/5123/4779 4310/5144/4800 1307/5124/4780
f 1307/5124/4780 4310/5144/4800 4311/5145/4801
f 1307/5124/4780 4311/5145/4801 1308/5125/4781
f 1308/5125/4781 4311/5145/4801 4312/5146/4802
f 1308/5125/4781 4312/5146/4802 1309/5126/4782
f 1309/5126/4782 4312/5146/4802 4313/5147/4803
f 1309/5126/4782 4313/5147/4803 1310/5127/4783
f 1310/5127/4783 4313/5147/4803 4314/5148/4804
f 1310/5127/4783 4314/5148/4804 1311/5128/4784
f 1311/5128/4784 4314/5148/4804 4315/5149/4805
f 1311/5128/4784 4315/5149/4805 1312/5129/4785
f 1312/5129/4785 4315/5149/4805 4316/5150/4806
f 1312/5129/4785 4316/5150/4806 1313/5130/4786
f 1313/5130/4786 4316/5150/4806 4317/5151/4807
f 1313/5130/4786 4317/5151/4807 1314/5131/4787
f 1314/5131/4787 4317/5151/4807 4318/5152/4808
f 1314/5131/4787 4318/5152/4808 1315/5132/4788
f 1315/5132/4788 4318/5152/4808 4319/5153/4809
f 1315/5132/4788 4319/5153/4809 1316/5133/4789
f 1316/5133/4789 4319/5153/4809 4320/5154/4810
f 1316/5133/4789 4320/5154/4810 1317/5134/4790
f 1317/5134/4790 4320/5154/4810 4321/2310/1991
f 1317/5134/4790 4321/2310/1991 1318/2311/1992
f 725/1758/775 1348/2295/1976 1349/1756/1633
f 1349/1756/1633 1348/2295/1976 4964/5155/4811
f 1349/1756/1633 4964/5155/4811 4963/1754/1631
f 4963/1754/1631 4964/5155/4811 4917/5156/4812
f 4963/1754/1631 4917/5156/4812 4916/1752/1629
f 4916/1752/1629 4917/5156/4812 4870/5157/4813
f 4916/1752/1629 4870/5157/4813 4869/1750/1627
f 4869/1750/1627 4870/5157/4813 4823/5158/4814
f 4869/1750/1627 4823/5158/4814 4822/1748/1625
f 4822/1748/1625 4823/5158/4814 4776/5159/4815
f 4822/1748/1625 4776/5159/4815 4775/1746/1623
f 4775/1746/1623 4776/5159/4815 4729/5160/4816
f 4775/1746/1623 4729/5160/4816 4728/1744/1621
f 4728/1744/1621 4729/5160/4816 4682/5161/4817
f 4728/1744/1621 4682/5161/4817 4681/1742/1619
f 4681/1742/1619 4682/5161/4817 4635/5162/4818
f 4681/1742/1619 4635/5162/4818 4634/1740/1617
f 4634/1740/1617 4635/5162/4818 4588/5163/4819
f 4634/1740/1617 4588/5163/4819 4587/1738/1615
f 4587/1738/1615 4588/5163/4819 4541/5164/4820
f 4587/1738/1615 4541/5164/4820 4540/1736/1613
f 4540/1736/1613 4541/5164/4820 4494/5165/4821
f 4540/1736/1613 4494/5165/4821 4493/1734/1611
f 4493/1734/1611 4494/5165/4821 4447/5166/4822
f 4493/1734/1611 4447/5166/4822 4446/1732/1609
f 4446/1732/1609 4447/5166/4822 4400/5167/4823
f 4446/1732/1609 4400/5167/4823 4399/1730/1607
f 4399/1730/1607 4400/5167/4823 4353/5168/4824
f 4399/1730/1607 4353/5168/4824 4352/1728/1605
f 4352/1728/1605 4353/5168/4824 4306/5140/4796
f 4352/1728/1605 4306/5140/4796 4305/1726/1603
f 4964/5155/4811 1348/2295/1976 4965/2296/1977
f 1350/1755/1632 4962/1753/1630 1351/1787/1655
f 1351/1787/1655 4962/1753/1630 4961/5169/4825
f 1351/1787/1655 4961/5169/4825 1352/1785/1654
f 1352/1785/1654 4961/5169/4825 4960/5170/4826
f 1352/1785/1654 4960/5170/4826 1353/1783/1653
f 1353/1783/1653 4960/5170/4826 4959/2316/1997
f 1353/1783/1653 4959/2316/1997 1354/1781/1652
f 732/870/759 1355/2314/1995 1356/868/757
f 1356/868/757 1355/2314/1995 4957/5171/4827
f 1356/868/757 4957/5171/4827 4956/866/755
f 4956/866/755 4957/5171/4827 4910/5172/4828
f 4956/866/755 4910/5172/4828 4909/864/753
f 4909/864/753 4910/5172/4828 4863/5173/4829
f 4909/864/753 4863/5173/4829 4862/862/751
f 4862/862/751 4863/5173/4829 4816/5174/4830
f 4862/862/751 4816/5174/4830 4815/860/749
f 4815/860/749 4816/5174/4830 4769/5175/4831
f 4815/860/749 4769/5175/4831 4768/858/747
f 4768/858/747 4769/5175/4831 4722/5176/4832
f 4768/858/747 4722/5176/4832 4721/856/745
f 4721/856/745 4722/5176/4832 4675/5177/4833
f 4721/856/745 4675/5177/4833 4674/854/743
f 4674/854/743 4675/5177/4833 4628/5178/4834
f 4674/854/743 4628/5178/4834 4627/852/741
f 4627/852/741 4628/5178/4834 4581/5179/4835
f 4627/852/741 4581/5179/4835 4580/850/739
f 4580/850/739 4581/5179/4835 4534/5180/4836
f 4580/850/739 4534/5180/4836 4533/848/737
f 4533/848/737 4534/5180/4836 4487/5181/4837
f 4533/848/737 4487/5181/4837 4486/846/735
f 4486/846/735 4487/5181/4837 4440/5182/4838
f 4486/846/735 4440/5182/4838 4439/844/733
f 4439/844/733 4440/5182/4838 4393/5183/4839
f 4439/844/733 4393/5183/4839 4392/842/731
f 4392/842/731 4393/5183/4839 4346/5184/4840
f 4392/842/731 4346/5184/4840 4345/840/729
f 4345/840/729 4346/5184/4840 4299/5135/4791
f 4345/840/729 4299/5135/4791 4298/838/727
f 4957/5171/4827 1355/2314/1995 4958/2315/1996
f 1357/867/756 4955/865/754 1358/2541/2221
f 1358/2541/2221 4955/865/754 4954/5185/4841
f 1358/2541/2221 4954/5185/4841 1359/2543/2222
f 1359/2543/2222 4954/5185/4841 4953/5186/4842
f 1359/2543/2222 4953/5186/4842 1360/2545/2224
f 1360/2545/2224 4953/5186/4842 4952/5187/4843
f 1360/2545/2224 4952/5187/4843 1361/2547/2226
f 1361/2547/2226 4952/5187/4843 4951/5188/4844
f 1361/2547/2226 4951/5188/4844 1362/2549/2228
f 1362/2549/2228 4951/5188/4844 4950/5189/4845
f 1362/2549/2228 4950/5189/4845 1363/2551/2230
f 1363/2551/2230 4950/5189/4845 4949/5190/4846
f 1363/2551/2230 4949/5190/4846 1364/2553/2232
f 1364/2553/2232 4949/5190/4846 4948/5191/4847
f 1364/2553/2232 4948/5191/4847 1365/2555/2234
f 1365/2555/2234 4948/5191/4847 4947/5192/4848
f 1365/2555/2234 4947/5192/4848 1366/2557/2236
f 1366/2557/2236 4947/5192/4848 4946/1625/1503
f 1366/2557/2236 4946/1625/1503 1367/1623/1501
f 4943/3338/3006 1370/1794/1660 1369/1796/1662
f 1369/1796/1662 1368/1622/1500 4944/5193/4849
f 4944/5193/4849 1368/1622/1500 4945/1624/1502
f 4944/5193/4849 4945/1624/1502 4898/5194/4850
f 4898/5194/4850 4945/1624/1502 4899/1626/1504
f 4898/5194/4850 4899/1626/1504 4852/5195/4851
f 4852/5195/4851 4899/1626/1504 4853/1628/1506
f 4852/5195/4851 4853/1628/1506 4806/5196/4852
f 4806/5196/4852 4853/1628/1506 4807/1630/1508
f 4806/5196/4852 4807/1630/1508 4760/5197/4853
f 4760/5197/4853 4807/1630/1508 4761/1632/1510
f 4760/5197/4853 4761/1632/1510 4714/5198/4854
f 4714/5198/4854 4761/1632/1510 4715/1634/1512
f 4714/5198/4854 4715/1634/1512 4668/5199/4855
f 4668/5199/4855 4715/1634/1512 4669/1636/1514
f 4668/5199/4855 4669/1636/1514 4622/5200/4856
f 4622/5200/4856 4669/1636/1514 4623/1638/1516
f 4622/5200/4856 4623/1638/1516 4576/5201/4857
f 4576/5201/4857 4623/1638/1516 4577/1640/1518
f 4576/5201/4857 4577/1640/1518 4530/5202/4858
f 4530/5202/4858 4577/1640/1518 4531/1642/1520
f 4530/5202/4858 4531/1642/1520 4484/5203/4859
f 4484/5203/4859 4531/1642/1520 4485/845/734
f 4484/5203/4859 4485/845/734 4438/843/732
f 4941/1455/1335 1372/1454/1334 1371/3336/3004
f 1371/3336/3004 1372/1454/1334 748/3335/1657
f 4941/1455/1335 1371/3336/3004 4942/3337/3005
f 1630/3273/2942 1400/1791/1658 1399/1451/1332
f 1630/3273/2942 1399/1451/1332 1629/1450/1331
f 1491/1389/1270 1492/3334/3003 1464/1390/1271
f 1464/1390/1271 1492/3334/3003 1463/3333/3002
f 1464/1390/1271 1463/3333/3002 4251/1391/1272
f 4251/1391/1272 1463/3333/3002 4252/3332/3001
f 4251/1391/1272 4252/3332/3001 4205/1392/1273
f 4205/1392/1273 4252/3332/3001 4206/3331/3000
f 4205/1392/1273 4206/3331/3000 4159/1393/1274
f 4159/1393/1274 4206/3331/3000 4160/3330/2999
f 4159/1393/1274 4160/3330/2999 4113/1394/1275
f 4113/1394/1275 4160/3330/2999 4114/3329/2998
f 4113/1394/1275 4114/3329/2998 4067/1395/1276
f 4067/1395/1276 4114/3329/2998 4068/3328/2997
f 4067/1395/1276 4068/3328/2997 4021/1396/1277
f 4021/1396/1277 4068/3328/2997 4022/3327/2996
f 4021/1396/1277 4022/3327/2996 3975/1397/1278
f 3975/1397/1278 4022/3327/2996 3976/3326/2995
f 3975/1397/1278 3976/3326/2995 3929/1398/1279
f 3929/1398/1279 3976/3326/2995 3930/3325/2994
f 3929/1398/1279 3930/3325/2994 3883/1399/1280
f 3883/1399/1280 3930/3325/2994 3884/3324/2993
f 3883/1399/1280 3884/3324/2993 3837/1400/1281
f 3837/1400/1281 3884/3324/2993 3838/3323/2992
f 3837/1400/1281 3838/3323/2992 3791/1401/1282
f 3791/1401/1282 3838/3323/2992 3792/3322/2991
f 3791/1401/1282 3792/3322/2991 3745/1402/1283
f 3745/1402/1283 3792/3322/2991 3746/3321/2990
f 3745/1402/1283 3746/3321/2990 3699/1403/1284
f 3699/1403/1284 3746/3321/2990 3700/3320/2989
f 3699/1403/1284 3700/3320/2989 3653/1404/1285
f 3653/1404/1285 3700/3320/2989 3654/3319/2988
f 3653/1404/1285 3654/3319/2988 3607/1405/1286
f 3607/1405/1286 3654/3319/2988 3608/3318/2987
f 3607/1405/1286 3608/3318/2987 3561/1406/1287
f 3561/1406/1287 3608/3318/2987 3562/3317/2986
f 3561/1406/1287 3562/3317/2986 3515/1407/1288
f 3515/1407/1288 3562/3317/2986 3516/3316/2985
f 3515/1407/1288 3516/3316/2985 3469/1408/1289
f 3469/1408/1289 3516/3316/2985 3470/3315/2984
f 3469/1408/1289 3470/3315/2984 3423/1409/1290
f 3423/1409/1290 3470/3315/2984 3424/3314/2983
f 3423/1409/1290 3424/3314/2983 3377/1410/1291
f 3377/1410/1291 3424/3314/2983 3378/3313/2982
f 3377/1410/1291 3378/3313/2982 3331/1411/1292
f 3331/1411/1292 3378/3313/2982 3332/3312/2981
f 3331/1411/1292 3332/3312/2981 3285/1412/1293
f 3285/1412/1293 3332/3312/2981 3286/3311/2980
f 3285/1412/1293 3286/3311/2980 3239/1413/1294
f 3239/1413/1294 3286/3311/2980 3240/3310/2979
f 3239/1413/1294 3240/3310/2979 3193/1414/1295
f 3193/1414/1295 3240/3310/2979 3194/3309/2978
f 3193/1414/1295 3194/3309/2978 3147/1415/1296
f 3147/1415/1296 3194/3309/2978 3148/3308/2977
f 3147/1415/1296 3148/3308/2977 3101/1416/1297
f 3101/1416/1297 3148/3308/2977 3102/3307/2976
f 3101/1416/1297 3102/3307/2976 3055/1417/1298
f 3055/1417/1298 3102/3307/2976 3056/3306/2975
f 3055/1417/1298 3056/3306/2975 3009/1418/1299
f 3009/1418/1299 3056/3306/2975 3010/3305/2974
f 3009/1418/1299 3010/3305/2974 2963/1419/1300
f 2963/1419/1300 3010/3305/2974 2964/3304/2973
f 2963/1419/1300 2964/3304/2973 1583/1420/1301
f 1583/1420/1301 2964/3304/2973 1584/3303/2972
f 1583/1420/1301 1584/3303/2972 1556/1421/1302
f 1556/1421/1302 1584/3303/2972 1555/3302/2971
f 1556/1421/1302 1555/3302/2971 2917/1422/1303
f 2917/1422/1303 1555/3302/2971 2918/3301/2970
f 2917/1422/1303 2918/3301/2970 2871/1423/1304
f 2871/1423/1304 2918/3301/2970 2872/3300/2969
f 2871/1423/1304 2872/3300/2969 2825/1424/1305
f 2825/1424/1305 2872/3300/2969 2826/3299/2968
f 2825/1424/1305 2826/3299/2968 2779/1425/1306
f 2779/1425/1306 2826/3299/2968 2780/3298/2967
f 2779/1425/1306 2780/3298/2967 2733/1426/1307
f 2733/1426/1307 2780/3298/2967 2734/3297/2966
f 2733/1426/1307 2734/3297/2966 2687/1427/1308
f 2687/1427/1308 2734/3297/2966 2688/3296/2965
f 2687/1427/1308 2688/3296/2965 2641/1428/1309
f 2641/1428/1309 2688/3296/2965 2642/3295/2964
f 2641/1428/1309 2642/3295/2964 2595/1429/1310
f 2595/1429/1310 2642/3295/2964 2596/3294/2963
f 2595/1429/1310 2596/3294/2963 2549/1430/1311
f 2549/1430/1311 2596/3294/2963 2550/3293/2962
f 2549/1430/1311 2550/3293/2962 2503/1431/1312
f 2503/1431/1312 2550/3293/2962 2504/3292/2961
f 2503/1431/1312 2504/3292/2961 2457/1432/1313
f 2457/1432/1313 2504/3292/2961 2458/3291/2960
f 2457/1432/1313 2458/3291/2960 2411/1433/1314
f 2411/1433/1314 2458/3291/2960 2412/3290/2959
f 2411/1433/1314 2412/3290/2959 2365/1434/1315
f 2365/1434/1315 2412/3290/2959 2366/3289/2958
f 2365/1434/1315 2366/3289/2958 2319/1435/1316
f 2319/1435/1316 2366/3289/2958 2320/3288/2957
f 2319/1435/1316 2320/3288/2957 2273/1436/1317
f 2273/1436/1317 2320/3288/2957 2274/3287/2956
f 2273/1436/1317 2274/3287/2956 2227/1437/1318
f 2227/1437/1318 2274/3287/2956 2228/3286/2955
f 2227/1437/1318 2228/3286/2955 2181/1438/1319
f 2181/1438/1319 2228/3286/2955 2182/3285/2954
f 2181/1438/1319 2182/3285/2954 2135/1439/1320
f 2135/1439/1320 2182/3285/2954 2136/3284/2953
f 2135/1439/1320 2136/3284/2953 2089/1440/1321
f 2089/1440/1321 2136/3284/2953 2090/3283/2952
f 2089/1440/1321 2090/3283/2952 2043/1441/1322
f 2043/1441/1322 2090/3283/2952 2044/3282/2951
f 2043/1441/1322 2044/3282/2951 1997/1442/1323
f 1997/1442/1323 2044/3282/2951 1998/3281/2950
f 1997/1442/1323 1998/3281/2950 1951/1443/1324
f 1951/1443/1324 1998/3281/2950 1952/3280/2949
f 1951/1443/1324 1952/3280/2949 1905/1444/1325
f 1905/1444/1325 1952/3280/2949 1906/3279/2948
f 1905/1444/1325 1906/3279/2948 1859/1445/1326
f 1859/1445/1326 1906/3279/2948 1860/3278/2947
f 1859/1445/1326 1860/3278/2947 1813/1446/1327
f 1813/1446/1327 1860/3278/2947 1814/3277/2946
f 1813/1446/1327 1814/3277/2946 1767/1447/1328
f 1767/1447/1328 1814/3277/2946 1768/3276/2945
f 1767/1447/1328 1768/3276/2945 1721/1448/1329
f 1721/1448/1329 1768/3276/2945 1722/3275/2944
f 1721/1448/1329 1722/3275/2944 1675/1449/1330
f 1675/1449/1330 1722/3275/2944 1676/3274/2943
f 1675/1449/1330 1676/3274/2943 1629/1450/1331
f 1629/1450/1331 1676/3274/2943 1630/3273/2942
f 1570/1859/1694 714/5204/817 2950/1860/1695
f 4344/839/728 4297/837/726 4343/1468/1348
f 4299/5135/4791 4346/5184/4840 4300/5136/4792
f 4300/5136/4792 4346/5184/4840 4347/5205/4860
f 4300/5136/4792 4347/5205/4860 4301/5137/4793
f 4301/5137/4793 4347/5205/4860 4348/5206/4861
f 4301/5137/4793 4348/5206/4861 4302/5138/4794
f 4302/5138/4794 4348/5206/4861 4349/5207/4862
f 4302/5138/4794 4349/5207/4862 4303/5139/4795
f 4303/5139/4795 4349/5207/4862 4350/5208/4863
f 4303/5139/4795 4350/5208/4863 4304/1725/1602
f 4304/1725/1602 4350/5208/4863 4351/1727/1604
f 4306/5140/4796 4353/5168/4824 4307/5141/4797
f 4307/5141/4797 4353/5168/4824 4354/5209/4864
f 4307/5141/4797 4354/5209/4864 4308/5142/4798
f 4308/5142/4798 4354/5209/4864 4355/5210/4865
f 4308/5142/4798 4355/5210/4865 4309/5143/4799
f 4309/5143/4799 4355/5210/4865 4356/5211/4866
f 4309/5143/4799 4356/5211/4866 4310/5144/4800
f 4310/5144/4800 4356/5211/4866 4357/5212/4867
f 4310/5144/4800 4357/5212/4867 4311/5145/4801
f 4311/5145/4801 4357/5212/4867 4358/5213/4868
f 4311/5145/4801 4358/5213/4868 4312/5146/4802
f 4312/5146/4802 4358/5213/4868 4359/5214/4869
f 4312/5146/4802 4359/5214/4869 4313/5147/4803
f 4313/5147/4803 4359/5214/4869 4360/5215/4870
f 4313/5147/4803 4360/5215/4870 4314/5148/4804
f 4314/5148/4804 4360/5215/4870 4361/5216/4871
f 4314/5148/4804 4361/5216/4871 4315/5149/4805
f 4315/5149/4805 4361/5216/4871 4362/5217/4872
f 4315/5149/4805 4362/5217/4872 4316/5150/4806
f 4316/5150/4806 4362/5217/4872 4363/5218/4873
f 4316/5150/4806 4363/5218/4873 4317/5151/4807
f 4317/5151/4807 4363/5218/4873 4364/5219/4874
f 4317/5151/4807 4364/5219/4874 4318/5152/4808
f 4318/5152/4808 4364/5219/4874 4365/5220/4875
f 4318/5152/4808 4365/5220/4875 4319/5153/4809
f 4319/5153/4809 4365/5220/4875 4366/5221/4876
f 4319/5153/4809 4366/5221/4876 4320/5154/4810
f 4320/5154/4810 4366/5221/4876 4367/2309/1990
f 4320/5154/4810 4367/2309/1990 4321/2310/1991
f 4390/3361/3029 4344/839/728 4343/1468/1348
f 4390/3361/3029 4343/1468/1348 4389/1467/1347
f 4346/5184/4840 4393/5183/4839 4347/5205/4860
f 4347/5205/4860 4393/5183/4839 4394/5222/4877
f 4347/5205/4860 4394/5222/4877 4348/5206/4861
f 4348/5206/4861 4394/5222/4877 4395/5223/4878
f 4348/5206/4861 4395/5223/4878 4349/5207/4862
f 4349/5207/4862 4395/5223/4878 4396/5224/4879
f 4349/5207/4862 4396/5224/4879 4350/5208/4863
f 4350/5208/4863 4396/5224/4879 4397/5225/4880
f 4350/5208/4863 4397/5225/4880 4351/1727/1604
f 4351/1727/1604 4397/5225/4880 4398/1729/1606
f 4353/5168/4824 4400/5167/4823 4354/5209/4864
f 4354/5209/4864 4400/5167/4823 4401/5226/4881
f 4354/5209/4864 4401/5226/4881 4355/5210/4865
f 4355/5210/4865 4401/5226/4881 4402/5227/4882
f 4355/5210/4865 4402/5227/4882 4356/5211/4866
f 4356/5211/4866 4402/5227/4882 4403/5228/4883
f 4356/5211/4866 4403/5228/4883 4357/5212/4867
f 4357/5212/4867 4403/5228/4883 4404/5229/4884
f 4357/5212/4867 4404/5229/4884 4358/5213/4868
f 4358/5213/4868 4404/5229/4884 4405/5230/4885
f 4358/5213/4868 4405/5230/4885 4359/5214/4869
f 4359/5214/4869 4405/5230/4885 4406/5231/4886
f 4359/5214/4869 4406/5231/4886 4360/5215/4870
f 4360/5215/4870 4406/5231/4886 4407/5232/4887
f 4360/5215/4870 4407/5232/4887 4361/5216/4871
f 4361/5216/4871 4407/5232/4887 4408/5233/4888
f 4361/5216/4871 4408/5233/4888 4362/5217/4872
f 4362/5217/4872 4408/5233/4888 4409/5234/4889
f 4362/5217/4872 4409/5234/4889 4363/5218/4873
f 4363/5218/4873 4409/5234/4889 4410/5235/4890
f 4363/5218/4873 4410/5235/4890 4364/5219/4874
f 4364/5219/4874 4410/5235/4890 4411/5236/4891
f 4364/5219/4874 4411/5236/4891 4365/5220/4875
f 4365/5220/4875 4411/5236/4891 4412/5237/4892
f 4365/5220/4875 4412/5237/4892 4366/5221/4876
f 4366/5221/4876 4412/5237/4892 4413/2308/1989
f 4366/5221/4876 4413/2308/1989 4367/2309/1990
f 4436/3359/3027 4390/3361/3029 4389/1467/1347
f 4436/3359/3027 4389/1467/1347 4435/1466/1346
f 4438/843/732 4391/841/730 4437/3360/3028
f 4393/5183/4839 4440/5182/4838 4394/5222/4877
f 4394/5222/4877 4440/5182/4838 4441/5238/4893
f 4394/5222/4877 4441/5238/4893 4395/5223/4878
f 4395/5223/4878 4441/5238/4893 4442/5239/4894
f 4395/5223/4878 4442/5239/4894 4396/5224/4879
f 4396/5224/4879 4442/5239/4894 4443/5240/4895
f 4396/5224/4879 4443/5240/4895 4397/5225/4880
f 4397/5225/4880 4443/5240/4895 4444/5241/4896
f 4397/5225/4880 4444/5241/4896 4398/1729/1606
f 4398/1729/1606 4444/5241/4896 4445/1731/1608
f 4400/5167/4823 4447/5166/4822 4401/5226/4881
f 4401/5226/4881 4447/5166/4822 4448/5242/4897
f 4401/5226/4881 4448/5242/4897 4402/5227/4882
f 4402/5227/4882 4448/5242/4897 4449/5243/4898
f 4402/5227/4882 4449/5243/4898 4403/5228/4883
f 4403/5228/4883 4449/5243/4898 4450/5244/4899
f 4403/5228/4883 4450/5244/4899 4404/5229/4884
f 4404/5229/4884 4450/5244/4899 4451/5245/4900
f 4404/5229/4884 4451/5245/4900 4405/5230/4885
f 4405/5230/4885 4451/5245/4900 4452/5246/4901
f 4405/5230/4885 4452/5246/4901 4406/5231/4886
f 4406/5231/4886 4452/5246/4901 4453/5247/4902
f 4406/5231/4886 4453/5247/4902 4407/5232/4887
f 4407/5232/4887 4453/5247/4902 4454/5248/4903
f 4407/5232/4887 4454/5248/4903 4408/5233/4888
f 4408/5233/4888 4454/5248/4903 4455/5249/4904
f 4408/5233/4888 4455/5249/4904 4409/5234/4889
f 4409/5234/4889 4455/5249/4904 4456/5250/4905
f 4409/5234/4889 4456/5250/4905 4410/5235/4890
f 4410/5235/4890 4456/5250/4905 4457/5251/4906
f 4410/5235/4890 4457/5251/4906 4411/5236/4891
f 4411/5236/4891 4457/5251/4906 4458/5252/4907
f 4411/5236/4891 4458/5252/4907 4412/5237/4892
f 4412/5237/4892 4458/5252/4907 4459/2307/1988
f 4412/5237/4892 4459/2307/1988 4413/2308/1989
f 4482/3357/3025 4436/3359/3027 4435/1466/1346
f 4482/3357/3025 4435/1466/1346 4481/1465/1345
f 4484/5203/4859 4438/843/732 4437/3360/3028
f 4484/5203/4859 4437/3360/3028 4483/3358/3026
f 4440/5182/4838 4487/5181/4837 4441/5238/4893
f 4441/5238/4893 4487/5181/4837 4488/5253/4908
f 4441/5238/4893 4488/5253/4908 4442/5239/4894
f 4442/5239/4894 4488/5253/4908 4489/5254/4909
f 4442/5239/4894 4489/5254/4909 4443/5240/4895
f 4443/5240/4895 4489/5254/4909 4490/5255/4910
f 4443/5240/4895 4490/5255/4910 4444/5241/4896
f 4444/5241/4896 4490/5255/4910 4491/5256/4911
f 4444/5241/4896 4491/5256/4911 4445/1731/1608
f 4445/1731/1608 4491/5256/4911 4492/1733/1610
f 4447/5166/4822 4494/5165/4821 4448/5242/4897
f 4448/5242/4897 4494/5165/4821 4495/5257/4912
f 4448/5242/4897 4495/5257/4912 4449/5243/4898
f 4449/5243/4898 4495/5257/4912 4496/5258/4913
f 4449/5243/4898 4496/5258/4913 4450/5244/4899
f 4450/5244/4899 4496/5258/4913 4497/5259/4914
f 4450/5244/4899 4497/5259/4914 4451/5245/4900
f 4451/5245/4900 4497/5259/4914 4498/5260/4915
f 4451/5245/4900 4498/5260/4915 4452/5246/4901
f 4452/5246/4901 4498/5260/4915 4499/5261/4916
f 4452/5246/4901 4499/5261/4916 4453/5247/4902
f 4453/5247/4902 4499/5261/4916 4500/5262/4917
f 4453/5247/4902 4500/5262/4917 4454/5248/4903
f 4454/5248/4903 4500/5262/4917 4501/5263/4918
f 4454/5248/4903 4501/5263/4918 4455/5249/4904
f 4455/5249/4904 4501/5263/4918 4502/5264/4919
f 4455/5249/4904 4502/5264/4919 4456/5250/4905
f 4456/5250/4905 4502/5264/4919 4503/5265/4920
f 4456/5250/4905 4503/5265/4920 4457/5251/4906
f 4457/5251/4906 4503/5265/4920 4504/5266/4921
f 4457/5251/4906 4504/5266/4921 4458/5252/4907
f 4458/5252/4907 4504/5266/4921 4505/2306/1987
f 4458/5252/4907 4505/2306/1987 4459/2307/1988
f 4528/3355/3023 4482/3357/3025 4481/1465/1345
f 4528/3355/3023 4481/1465/1345 4527/1464/1344
f 4530/5202/4858 4484/5203/4859 4483/3358/3026
f 4530/5202/4858 4483/3358/3026 4529/3356/3024
f 4487/5181/4837 4534/5180/4836 4488/5253/4908
f 4488/5253/4908 4534/5180/4836 4535/5267/4922
f 4488/5253/4908 4535/5267/4922 4489/5254/4909
f 4489/5254/4909 4535/5267/4922 4536/5268/4923
f 4489/5254/4909 4536/5268/4923 4490/5255/4910
f 4490/5255/4910 4536/5268/4923 4537/5269/4924
f 4490/5255/4910 4537/5269/4924 4491/5256/4911
f 4491/5256/4911 4537/5269/4924 4538/5270/4925
f 4491/5256/4911 4538/5270/4925 4492/1733/1610
f 4492/1733/1610 4538/5270/4925 4539/1735/1612
f 4494/5165/4821 4541/5164/4820 4495/5257/4912
f 4495/5257/4912 4541/5164/4820 4542/5271/4926
f 4495/5257/4912 4542/5271/4926 4496/5258/4913
f 4496/5258/4913 4542/5271/4926 4543/5272/4927
f 4496/5258/4913 4543/5272/4927 4497/5259/4914
f 4497/5259/4914 4543/5272/4927 4544/5273/4928
f 4497/5259/4914 4544/5273/4928 4498/5260/4915
f 4498/5260/4915 4544/5273/4928 4545/5274/4929
f 4498/5260/4915 4545/5274/4929 4499/5261/4916
f 4499/5261/4916 4545/5274/4929 4546/5275/4930
f 4499/5261/4916 4546/5275/4930 4500/5262/4917
f 4500/5262/4917 4546/5275/4930 4547/5276/4931
f 4500/5262/4917 4547/5276/4931 4501/5263/4918
f 4501/5263/4918 4547/5276/4931 4548/5277/4932
f 4501/5263/4918 4548/5277/4932 4502/5264/4919
f 4502/5264/4919 4548/5277/4932 4549/5278/4933
f 4502/5264/4919 4549/5278/4933 4503/5265/4920
f 4503/5265/4920 4549/5278/4933 4550/5279/4934
f 4503/5265/4920 4550/5279/4934 4504/5266/4921
f 4504/5266/4921 4550/5279/4934 4551/2305/1986
f 4504/5266/4921 4551/2305/1986 4505/2306/1987
f 4574/3353/3021 4528/3355/3023 4527/1464/1344
f 4574/3353/3021 4527/1464/1344 4573/1463/1343
f 4576/5201/4857 4530/5202/4858 4529/3356/3024
f 4576/5201/4857 4529/3356/3024 4575/3354/3022
f 4579/849/738 4532/847/736 4578/1641/1519
f 4534/5180/4836 4581/5179/4835 4535/5267/4922
f 4535/5267/4922 4581/5179/4835 4582/5280/4935
f 4535/5267/4922 4582/5280/4935 4536/5268/4923
f 4536/5268/4923 4582/5280/4935 4583/5281/4936
f 4536/5268/4923 4583/5281/4936 4537/5269/4924
f 4537/5269/4924 4583/5281/4936 4584/5282/4937
f 4537/5269/4924 4584/5282/4937 4538/5270/4925
f 4538/5270/4925 4584/5282/4937 4585/5283/4938
f 4538/5270/4925 4585/5283/4938 4539/1735/1612
f 4539/1735/1612 4585/5283/4938 4586/1737/1614
f 4541/5164/4820 4588/5163/4819 4542/5271/4926
f 4542/5271/4926 4588/5163/4819 4589/5284/4939
f 4542/5271/4926 4589/5284/4939 4543/5272/4927
f 4543/5272/4927 4589/5284/4939 4590/5285/4940
f 4543/5272/4927 4590/5285/4940 4544/5273/4928
f 4544/5273/4928 4590/5285/4940 4591/5286/4941
f 4544/5273/4928 4591/5286/4941 4545/5274/4929
f 4545/5274/4929 4591/5286/4941 4592/5287/4942
f 4545/5274/4929 4592/5287/4942 4546/5275/4930
f 4546/5275/4930 4592/5287/4942 4593/5288/4943
f 4546/5275/4930 4593/5288/4943 4547/5276/4931
f 4547/5276/4931 4593/5288/4943 4594/5289/4944
f 4547/5276/4931 4594/5289/4944 4548/5277/4932
f 4548/5277/4932 4594/5289/4944 4595/5290/4945
f 4548/5277/4932 4595/5290/4945 4549/5278/4933
f 4549/5278/4933 4595/5290/4945 4596/5291/4946
f 4549/5278/4933 4596/5291/4946 4550/5279/4934
f 4550/5279/4934 4596/5291/4946 4597/2304/1985
f 4550/5279/4934 4597/2304/1985 4551/2305/1986
f 4620/3351/3019 4574/3353/3021 4573/1463/1343
f 4620/3351/3019 4573/1463/1343 4619/1462/1342
f 4622/5200/4856 4576/5201/4857 4575/3354/3022
f 4622/5200/4856 4575/3354/3022 4621/3352/3020
f 4579/849/738 4578/1641/1519 4625/5292/4947
f 4625/5292/4947 4578/1641/1519 4624/1639/1517
f 4625/5292/4947 4624/1639/1517 4671/5293/4948
f 4671/5293/4948 4624/1639/1517 4670/1637/1515
f 4671/5293/4948 4670/1637/1515 4717/5294/4949
f 4717/5294/4949 4670/1637/1515 4716/1635/1513
f 4717/5294/4949 4716/1635/1513 4763/5295/4950
f 4763/5295/4950 4716/1635/1513 4762/1633/1511
f 4763/5295/4950 4762/1633/1511 4809/5296/4951
f 4809/5296/4951 4762/1633/1511 4808/1631/1509
f 4809/5296/4951 4808/1631/1509 4855/5297/4952
f 4855/5297/4952 4808/1631/1509 4854/1629/1507
f 4855/5297/4952 4854/1629/1507 4901/5298/4953
f 4901/5298/4953 4854/1629/1507 4900/1627/1505
f 4901/5298/4953 4900/1627/1505 4947/5192/4848
f 4947/5192/4848 4900/1627/1505 4946/1625/1503
f 4581/5179/4835 4628/5178/4834 4582/5280/4935
f 4582/5280/4935 4628/5178/4834 4629/5299/4954
f 4582/5280/4935 4629/5299/4954 4583/5281/4936
f 4583/5281/4936 4629/5299/4954 4630/5300/4955
f 4583/5281/4936 4630/5300/4955 4584/5282/4937
f 4584/5282/4937 4630/5300/4955 4631/5301/4956
f 4584/5282/4937 4631/5301/4956 4585/5283/4938
f 4585/5283/4938 4631/5301/4956 4632/5302/4957
f 4585/5283/4938 4632/5302/4957 4586/1737/1614
f 4586/1737/1614 4632/5302/4957 4633/1739/1616
f 4588/5163/4819 4635/5162/4818 4589/5284/4939
f 4589/5284/4939 4635/5162/4818 4636/5303/4958
f 4589/5284/4939 4636/5303/4958 4590/5285/4940
f 4590/5285/4940 4636/5303/4958 4637/5304/4959
f 4590/5285/4940 4637/5304/4959 4591/5286/4941
f 4591/5286/4941 4637/5304/4959 4638/5305/4960
f 4591/5286/4941 4638/5305/4960 4592/5287/4942
f 4592/5287/4942 4638/5305/4960 4639/5306/4961
f 4592/5287/4942 4639/5306/4961 4593/5288/4943
f 4593/5288/4943 4639/5306/4961 4640/5307/4962
f 4593/5288/4943 4640/5307/4962 4594/5289/4944
f 4594/5289/4944 4640/5307/4962 4641/5308/4963
f 4594/5289/4944 4641/5308/4963 4595/5290/4945
f 4595/5290/4945 4641/5308/4963 4642/5309/4964
f 4595/5290/4945 4642/5309/4964 4596/5291/4946
f 4596/5291/4946 4642/5309/4964 4643/2303/1984
f 4596/5291/4946 4643/2303/1984 4597/2304/1985
f 4666/3349/3017 4620/3351/3019 4619/1462/1342
f 4666/3349/3017 4619/1462/1342 4665/1461/1341
f 4668/5199/4855 4622/5200/4856 4621/3352/3020
f 4668/5199/4855 4621/3352/3020 4667/3350/3018
f 4579/849/738 4625/5292/4947 4626/851/740
f 4626/851/740 4625/5292/4947 4672/5310/4965
f 4626/851/740 4672/5310/4965 4673/853/742
f 4673/853/742 4672/5310/4965 4719/5311/4966
f 4673/853/742 4719/5311/4966 4720/855/744
f 4720/855/744 4719/5311/4966 4766/5312/4967
f 4720/855/744 4766/5312/4967 4767/857/746
f 4767/857/746 4766/5312/4967 4813/5313/4968
f 4767/857/746 4813/5313/4968 4814/859/748
f 4814/859/748 4813/5313/4968 4860/5314/4969
f 4814/859/748 4860/5314/4969 4861/861/750
f 4861/861/750 4860/5314/4969 4907/5315/4970
f 4861/861/750 4907/5315/4970 4908/863/752
f 4908/863/752 4907/5315/4970 4954/5185/4841
f 4908/863/752 4954/5185/4841 4955/865/754
f 4672/5310/4965 4625/5292/4947 4671/5293/4948
f 4628/5178/4834 4675/5177/4833 4629/5299/4954
f 4629/5299/4954 4675/5177/4833 4676/5316/4971
f 4629/5299/4954 4676/5316/4971 4630/5300/4955
f 4630/5300/4955 4676/5316/4971 4677/5317/4972
f 4630/5300/4955 4677/5317/4972 4631/5301/4956
f 4631/5301/4956 4677/5317/4972 4678/5318/4973
f 4631/5301/4956 4678/5318/4973 4632/5302/4957
f 4632/5302/4957 4678/5318/4973 4679/5319/4974
f 4632/5302/4957 4679/5319/4974 4633/1739/1616
f 4633/1739/1616 4679/5319/4974 4680/1741/1618
f 4635/5162/4818 4682/5161/4817 4636/5303/4958
f 4636/5303/4958 4682/5161/4817 4683/5320/4975
f 4636/5303/4958 4683/5320/4975 4637/5304/4959
f 4637/5304/4959 4683/5320/4975 4684/5321/4976
f 4637/5304/4959 4684/5321/4976 4638/5305/4960
f 4638/5305/4960 4684/5321/4976 4685/5322/4977
f 4638/5305/4960 4685/5322/4977 4639/5306/4961
f 4639/5306/4961 4685/5322/4977 4686/5323/4978
f 4639/5306/4961 4686/5323/4978 4640/5307/4962
f 4640/5307/4962 4686/5323/4978 4687/5324/4979
f 4640/5307/4962 4687/5324/4979 4641/5308/4963
f 4641/5308/4963 4687/5324/4979 4688/5325/4980
f 4641/5308/4963 4688/5325/4980 4642/5309/4964
f 4642/5309/4964 4688/5325/4980 4689/2302/1983
f 4642/5309/4964 4689/2302/1983 4643/2303/1984
f 4712/3347/3015 4666/3349/3017 4665/1461/1341
f 4712/3347/3015 4665/1461/1341 4711/1460/1340
f 4714/5198/4854 4668/5199/4855 4667/3350/3018
f 4714/5198/4854 4667/3350/3018 4713/3348/3016
f 4672/5310/4965 4671/5293/4948 4718/5326/4981
f 4718/5326/4981 4671/5293/4948 4717/5294/4949
f 4718/5326/4981 4717/5294/4949 4764/5327/4982
f 4764/5327/4982 4717/5294/4949 4763/5295/4950
f 4764/5327/4982 4763/5295/4950 4810/5328/4983
f 4810/5328/4983 4763/5295/4950 4809/5296/4951
f 4810/5328/4983 4809/5296/4951 4856/5329/4984
f 4856/5329/4984 4809/5296/4951 4855/5297/4952
f 4856/5329/4984 4855/5297/4952 4902/5330/4985
f 4902/5330/4985 4855/5297/4952 4901/5298/4953
f 4902/5330/4985 4901/5298/4953 4948/5191/4847
f 4948/5191/4847 4901/5298/4953 4947/5192/4848
f 4675/5177/4833 4722/5176/4832 4676/5316/4971
f 4676/5316/4971 4722/5176/4832 4723/5331/4986
f 4676/5316/4971 4723/5331/4986 4677/5317/4972
f 4677/5317/4972 4723/5331/4986 4724/5332/4987
f 4677/5317/4972 4724/5332/4987 4678/5318/4973
f 4678/5318/4973 4724/5332/4987 4725/5333/4988
f 4678/5318/4973 4725/5333/4988 4679/5319/4974
f 4679/5319/4974 4725/5333/4988 4726/5334/4989
f 4679/5319/4974 4726/5334/4989 4680/1741/1618
f 4680/1741/1618 4726/5334/4989 4727/1743/1620
f 4682/5161/4817 4729/5160/4816 4683/5320/4975
f 4683/5320/4975 4729/5160/4816 4730/5335/4990
f 4683/5320/4975 4730/5335/4990 4684/5321/4976
f 4684/5321/4976 4730/5335/4990 4731/5336/4991
f 4684/5321/4976 4731/5336/4991 4685/5322/4977
f 4685/5322/4977 4731/5336/4991 4732/5337/4992
f 4685/5322/4977 4732/5337/4992 4686/5323/4978
f 4686/5323/4978 4732/5337/4992 4733/5338/4993
f 4686/5323/4978 4733/5338/4993 4687/5324/4979
f 4687/5324/4979 4733/5338/4993 4734/5339/4994
f 4687/5324/4979 4734/5339/4994 4688/5325/4980
f 4688/5325/4980 4734/5339/4994 4735/2301/1982
f 4688/5325/4980 4735/2301/1982 4689/2302/1983
f 4758/3345/3013 4712/3347/3015 4711/1460/1340
f 4758/3345/3013 4711/1460/1340 4757/1459/1339
f 4760/5197/4853 4714/5198/4854 4713/3348/3016
f 4760/5197/4853 4713/3348/3016 4759/3346/3014
f 4672/5310/4965 4718/5326/4981 4719/5311/4966
f 4719/5311/4966 4718/5326/4981 4765/5340/4995
f 4719/5311/4966 4765/5340/4995 4766/5312/4967
f 4766/5312/4967 4765/5340/4995 4812/5341/4996
f 4766/5312/4967 4812/5341/4996 4813/5313/4968
f 4813/5313/4968 4812/5341/4996 4859/5342/4997
f 4813/5313/4968 4859/5342/4997 4860/5314/4969
f 4860/5314/4969 4859/5342/4997 4906/5343/4998
f 4860/5314/4969 4906/5343/4998 4907/5315/4970
f 4907/5315/4970 4906/5343/4998 4953/5186/4842
f 4907/5315/4970 4953/5186/4842 4954/5185/4841
f 4765/5340/4995 4718/5326/4981 4764/5327/4982
f 4722/5176/4832 4769/5175/4831 4723/5331/4986
f 4723/5331/4986 4769/5175/4831 4770/5344/4999
f 4723/5331/4986 4770/5344/4999 4724/5332/4987
f 4724/5332/4987 4770/5344/4999 4771/5345/5000
f 4724/5332/4987 4771/5345/5000 4725/5333/4988
f 4725/5333/4988 4771/5345/5000 4772/5346/5001
f 4725/5333/4988 4772/5346/5001 4726/5334/4989
f 4726/5334/4989 4772/5346/5001 4773/5347/5002
f 4726/5334/4989 4773/5347/5002 4727/1743/1620
f 4727/1743/1620 4773/5347/5002 4774/1745/1622
f 4729/5160/4816 4776/5159/4815 4730/5335/4990
f 4730/5335/4990 4776/5159/4815 4777/5348/5003
f 4730/5335/4990 4777/5348/5003 4731/5336/4991
f 4731/5336/4991 4777/5348/5003 4778/5349/5004
f 4731/5336/4991 4778/5349/5004 4732/5337/4992
f 4732/5337/4992 4778/5349/5004 4779/5350/5005
f 4732/5337/4992 4779/5350/5005 4733/5338/4993
f 4733/5338/4993 4779/5350/5005 4780/5351/5006
f 4733/5338/4993 4780/5351/5006 4734/5339/4994
f 4734/5339/4994 4780/5351/5006 4781/2300/1981
f 4734/5339/4994 4781/2300/1981 4735/2301/1982
f 4804/3343/3011 4758/3345/3013 4757/1459/1339
f 4804/3343/3011 4757/1459/1339 4803/1458/1338
f 4806/5196/4852 4760/5197/4853 4759/3346/3014
f 4806/5196/4852 4759/3346/3014 4805/3344/3012
f 4765/5340/4995 4764/5327/4982 4811/5352/5007
f 4811/5352/5007 4764/5327/4982 4810/5328/4983
f 4811/5352/5007 4810/5328/4983 4857/5353/5008
f 4857/5353/5008 4810/5328/4983 4856/5329/4984
f 4857/5353/5008 4856/5329/4984 4903/5354/5009
f 4903/5354/5009 4856/5329/4984 4902/5330/4985
f 4903/5354/5009 4902/5330/4985 4949/5190/4846
f 4949/5190/4846 4902/5330/4985 4948/5191/4847
f 4769/5175/4831 4816/5174/4830 4770/5344/4999
f 4770/5344/4999 4816/5174/4830 4817/5355/5010
f 4770/5344/4999 4817/5355/5010 4771/5345/5000
f 4771/5345/5000 4817/5355/5010 4818/5356/5011
f 4771/5345/5000 4818/5356/5011 4772/5346/5001
f 4772/5346/5001 4818/5356/5011 4819/5357/5012
f 4772/5346/5001 4819/5357/5012 4773/5347/5002
f 4773/5347/5002 4819/5357/5012 4820/2321/2002
f 4773/5347/5002 4820/2321/2002 4774/1745/1622
f 4776/5159/4815 4823/5158/4814 4777/5348/5003
f 4777/5348/5003 4823/5158/4814 4824/5358/5013
f 4777/5348/5003 4824/5358/5013 4778/5349/5004
f 4778/5349/5004 4824/5358/5013 4825/5359/5014
f 4778/5349/5004 4825/5359/5014 4779/5350/5005
f 4779/5350/5005 4825/5359/5014 4826/5360/5015
f 4779/5350/5005 4826/5360/5015 4780/5351/5006
f 4780/5351/5006 4826/5360/5015 4827/2299/1980
f 4780/5351/5006 4827/2299/1980 4781/2300/1981
f 4850/3341/3009 4804/3343/3011 4803/1458/1338
f 4850/3341/3009 4803/1458/1338 4849/1457/1337
f 4852/5195/4851 4806/5196/4852 4805/3344/3012
f 4852/5195/4851 4805/3344/3012 4851/3342/3010
f 4765/5340/4995 4811/5352/5007 4812/5341/4996
f 4812/5341/4996 4811/5352/5007 4858/5361/5016
f 4812/5341/4996 4858/5361/5016 4859/5342/4997
f 4859/5342/4997 4858/5361/5016 4905/5362/5017
f 4859/5342/4997 4905/5362/5017 4906/5343/4998
f 4906/5343/4998 4905/5362/5017 4952/5187/4843
f 4906/5343/4998 4952/5187/4843 4953/5186/4842
f 4858/5361/5016 4811/5352/5007 4857/5353/5008
f 4816/5174/4830 4863/5173/4829 4817/5355/5010
f 4817/5355/5010 4863/5173/4829 4864/5363/5018
f 4817/5355/5010 4864/5363/5018 4818/5356/5011
f 4818/5356/5011 4864/5363/5018 4865/5364/5019
f 4818/5356/5011 4865/5364/5019 4819/5357/5012
f 4819/5357/5012 4865/5364/5019 4866/2319/2000
f 4819/5357/5012 4866/2319/2000 4820/2321/2002
f 4868/1749/1626 4821/1747/1624 4867/2320/2001
f 4823/5158/4814 4870/5157/4813 4824/5358/5013
f 4824/5358/5013 4870/5157/4813 4871/5365/5020
f 4824/5358/5013 4871/5365/5020 4825/5359/5014
f 4825/5359/5014 4871/5365/5020 4872/5366/5021
f 4825/5359/5014 4872/5366/5021 4826/5360/5015
f 4826/5360/5015 4872/5366/5021 4873/2298/1979
f 4826/5360/5015 4873/2298/1979 4827/2299/1980
f 4896/3339/3007 4850/3341/3009 4849/1457/1337
f 4896/3339/3007 4849/1457/1337 4895/1456/1336
f 4898/5194/4850 4852/5195/4851 4851/3342/3010
f 4898/5194/4850 4851/3342/3010 4897/3340/3008
f 4858/5361/5016 4857/5353/5008 4904/5367/5022
f 4904/5367/5022 4857/5353/5008 4903/5354/5009
f 4904/5367/5022 4903/5354/5009 4950/5189/4845
f 4950/5189/4845 4903/5354/5009 4949/5190/4846
f 4863/5173/4829 4910/5172/4828 4864/5363/5018
f 4864/5363/5018 4910/5172/4828 4911/5368/5023
f 4864/5363/5018 4911/5368/5023 4865/5364/5019
f 4865/5364/5019 4911/5368/5023 4912/2317/1998
f 4865/5364/5019 4912/2317/1998 4866/2319/2000
f 4868/1749/1626 4867/2320/2001 4914/5369/5024
f 4914/5369/5024 4867/2320/2001 4913/2318/1999
f 4914/5369/5024 4913/2318/1999 4960/5170/4826
f 4960/5170/4826 4913/2318/1999 4959/2316/1997
f 4870/5157/4813 4917/5156/4812 4871/5365/5020
f 4871/5365/5020 4917/5156/4812 4918/5370/5025
f 4871/5365/5020 4918/5370/5025 4872/5366/5021
f 4872/5366/5021 4918/5370/5025 4919/2297/1978
f 4872/5366/5021 4919/2297/1978 4873/2298/1979
f 4942/3337/3005 4896/3339/3007 4895/1456/1336
f 4942/3337/3005 4895/1456/1336 4941/1455/1335
f 4944/5193/4849 4898/5194/4850 4897/3340/3008
f 4944/5193/4849 4897/3340/3008 4943/3338/3006
f 4858/5361/5016 4904/5367/5022 4905/5362/5017
f 4905/5362/5017 4904/5367/5022 4951/5188/4844
f 4905/5362/5017 4951/5188/4844 4952/5187/4843
f 4951/5188/4844 4904/5367/5022 4950/5189/4845
f 4958/2315/1996 4912/2317/1998 4911/5368/5023
f 4958/2315/1996 4911/5368/5023 4957/5171/4827
f 4957/5171/4827 4911/5368/5023 4910/5172/4828
f 4868/1749/1626 4914/5369/5024 4915/1751/1628
f 4915/1751/1628 4914/5369/5024 4961/5169/4825
f 4915/1751/1628 4961/5169/4825 4962/1753/1630
f 4961/5169/4825 4914/5369/5024 4960/5170/4826
f 4965/2296/1977 4919/2297/1978 4918/5370/5025
f 4965/2296/1977 4918/5370/5025 4964/5155/4811
f 4964/5155/4811 4918/5370/5025 4917/5156/4812
f 1369/1796/1662 4944/5193/4849 4943/3338/3006
# 4973 vertices
# 5370 texture params
# 5025 normals
# 9942 facets

# 1 groups
