# WaveFront *.obj file (generated by Autodesk ATF)

mtllib Whole_BTR.mtl

g Whole_BTR

v 0.000000 400.000000 0.000000
v 0.000000 400.000000 -84.999882
v -0.000000 399.711800 -87.926100
v -0.000000 398.858413 -90.739610
v -0.000000 397.472273 -93.333091
v -0.000000 395.607394 -95.605705
v 0.000000 393.333914 -97.471693
v 0.000000 390.740774 -98.857875
v 0.000000 387.926497 -99.711644
v 0.000000 385.000000 -99.999900
v 0.000000 318.087654 -99.999900
v 0.000000 313.050028 -114.801635
v 0.000000 307.324048 -129.350937
v 0.000000 300.922305 -143.615814
v 0.000000 293.858874 -157.564899
v 0.000000 286.149288 -171.167521
v 0.000000 277.810499 -184.393769
v 0.000000 268.860843 -197.214560
v 0.000000 259.319998 -209.601703
v 0.000000 249.208944 -221.527961
v 0.000000 238.549914 -232.967109
v 0.000000 227.366345 -243.893994
v 0.000000 215.682829 -254.284590
v 0.000000 203.525055 -264.116049
v 0.000000 190.919758 -273.366752
v 0.000000 177.894655 -282.016360
v 0.000000 164.478385 -290.045852
v 0.000000 150.700450 -297.437573
v 0.000000 136.591145 -304.175269
v 0.000000 122.181495 -310.244126
v 0.000000 107.503185 -315.630798
v 0.000000 92.588490 -320.323441
v 0.000000 77.470205 -324.311737
v 0.000000 62.181574 -327.586916
v 0.000000 46.756214 -330.141775
v 0.000000 31.228044 -331.970698
v 0.000000 15.631207 -333.069663
v 0.000000 0.000000 -333.436254
v 0.000000 0.000000 0.000000
v 8.721481 318.087654 -99.627607
v 17.377264 318.087654 -98.496123
v 25.901389 318.087654 -96.614069
v 34.228900 318.087654 -93.995788
v 42.296338 318.087654 -90.661232
v 50.042229 318.087654 -86.635811
v 57.407545 318.087654 -81.950200
v 64.336161 318.087654 -76.640105
v 70.775279 318.087654 -70.745989
v 76.675830 318.087654 -64.312769
v 81.992852 318.087654 -57.389467
v 86.685826 318.087654 -50.028840
v 90.718990 318.087654 -42.286979
v 94.061612 318.087654 -34.222878
v 96.688219 318.087654 -25.897990
v 98.578796 318.087654 -17.375751
v 99.718936 318.087654 -8.721104
v 100.099950 318.087654 0.000000
v 114.901683 313.050026 0.000000
v 129.450984 307.324045 0.000000
v 143.715859 300.922300 0.000000
v 157.664942 293.858868 0.000000
v 171.267562 286.149281 0.000000
v 184.493808 277.810491 0.000000
v 197.314597 268.860834 0.000000
v 209.701739 259.319989 0.000000
v 221.627995 249.208934 0.000000
v 233.067141 238.549904 0.000000
v 243.994025 227.366335 0.000000
v 254.384619 215.682818 0.000000
v 264.216076 203.525045 0.000000
v 273.466778 190.919748 0.000000
v 282.116384 177.894645 0.000000
v 290.145875 164.478376 0.000000
v 297.537594 150.700441 0.000000
v 304.275289 136.591137 0.000000
v 310.344145 122.181488 0.000000
v 315.730816 107.503178 0.000000
v 320.423459 92.588484 0.000000
v 324.411754 77.470200 0.000000
v 327.686932 62.181570 0.000000
v 330.241791 46.756211 0.000000
v 332.070714 31.228042 0.000000
v 333.169679 15.631206 0.000000
v 333.536269 0.000000 0.000000
v 333.158454 0.000000 -15.868563
v 332.025867 0.000000 -31.701166
v 330.141075 0.000000 -47.461927
v 327.508347 0.000000 -63.115131
v 324.133651 0.000000 -78.625304
v 320.024634 0.000000 -93.957298
v 315.190609 0.000000 -109.076367
v 309.642529 0.000000 -123.948248
v 303.392968 0.000000 -138.539240
v 296.456089 0.000000 -152.816275
v 288.847611 0.000000 -166.747001
v 280.584778 0.000000 -180.299847
v 271.686314 0.000000 -193.444100
v 262.172384 0.000000 -206.149972
v 252.064550 0.000000 -218.388670
v 241.385716 0.000000 -230.132458
v 230.160085 0.000000 -241.354724
v 218.413094 0.000000 -252.030035
v 206.171365 0.000000 -262.134198
v 193.462640 0.000000 -271.644317
v 180.315719 0.000000 -280.538838
v 166.760396 0.000000 -288.797607
v 152.827389 0.000000 -296.401906
v 138.548274 0.000000 -303.334503
v 123.955408 0.000000 -309.579688
v 109.081864 0.000000 -315.123307
v 93.961346 0.000000 -319.952798
v 78.628121 0.000000 -324.057217
v 63.116936 0.000000 -327.427261
v 47.462943 0.000000 -330.055294
v 31.701617 0.000000 -331.935360
v 15.868676 0.000000 -333.063199
v 113.731721 313.050026 -16.348045
v 111.661608 313.050026 -27.081988
v 110.245679 313.050026 -32.362880
v 106.668123 313.050026 -42.692642
v 102.124274 313.050026 -52.635293
v 90.310885 313.050026 -71.002977
v 83.148462 313.050026 -79.261463
v 79.280530 313.050026 -83.125629
v 71.015072 313.050026 -90.280004
v 62.106599 313.050026 -96.615776
v 42.686722 313.050026 -106.610495
v 32.353237 313.050026 -110.177834
v 27.070851 313.050026 -111.588528
v 16.334673 313.050026 -113.647973
v 5.451285 313.050026 -114.676895
v 6.129475 307.324045 -129.210380
v 6.794408 300.922300 -143.459750
v 7.444621 293.858868 -157.393671
v 8.078684 286.149281 -170.981505
v 8.695203 277.810491 -184.193374
v 9.292822 268.860834 -197.000227
v 9.870228 259.319989 -209.373904
v 10.426150 249.208934 -221.287196
v 10.959366 238.549904 -232.713908
v 11.468704 227.366335 -243.628914
v 11.953044 215.682818 -254.008214
v 12.411320 203.525045 -263.828984
v 12.842526 190.919748 -273.069631
v 13.245713 177.894645 -281.709835
v 13.619994 164.478376 -289.730597
v 13.964546 150.700441 -297.114282
v 14.278612 136.591137 -303.844654
v 14.561502 122.181488 -309.906913
v 14.812592 107.503178 -315.287728
v 15.031332 92.588484 -319.975270
v 15.217239 77.470200 -323.959230
v 15.369906 62.181570 -327.230848
v 15.488996 46.756211 -329.782930
v 15.574249 31.228042 -331.609865
v 15.625475 15.631206 -332.707635
v 10.905233 313.050026 -114.292053
v 12.274626 307.324045 -128.776766
v 13.617248 300.922300 -142.978316
v 14.930148 293.858868 -156.865477
v 16.210438 286.149281 -170.407711
v 17.455304 277.810491 -183.575243
v 18.662008 268.860834 -196.339118
v 19.827896 259.319989 -208.671270
v 20.950406 249.208934 -220.544583
v 22.027068 238.549904 -231.932948
v 23.055515 227.366335 -242.811325
v 24.033487 215.682818 -253.155793
v 24.958832 203.525045 -262.943606
v 25.829516 190.919748 -272.153242
v 26.643625 177.894645 -280.764451
v 27.399367 164.478376 -288.758297
v 28.095082 150.700441 -296.117203
v 28.729240 136.591137 -302.824988
v 29.300446 122.181488 -308.866902
v 29.807444 107.503178 -314.229661
v 30.249120 92.588484 -318.901472
v 30.624501 77.470200 -322.872062
v 30.932764 62.181570 -326.132701
v 31.173229 46.756211 -328.676218
v 31.345369 31.228042 -330.497022
v 31.448805 15.631206 -331.591108
v 21.727290 313.050026 -112.746117
v 24.468207 307.324045 -127.034906
v 27.155542 300.922300 -141.044364
v 29.783386 293.858868 -154.743684
v 32.345960 286.149281 -168.102744
v 34.837629 277.810491 -181.092169
v 37.252916 268.860834 -193.683397
v 39.586508 259.319989 -205.848742
v 41.833274 249.208934 -217.561454
v 43.988275 238.549904 -228.795778
v 46.046772 227.366335 -239.527012
v 48.004238 215.682818 -249.731558
v 49.856369 203.525045 -259.386980
v 51.599093 190.919748 -268.472044
v 53.228577 177.894645 -276.966776
v 54.741239 164.478376 -284.852496
v 56.133752 150.700441 -292.111864
v 57.403055 136.591137 -298.728918
v 58.546356 122.181488 -304.689109
v 59.561141 107.503178 -309.979330
v 60.445180 92.588484 -314.587948
v 61.196528 77.470200 -318.504832
v 61.813533 62.181570 -321.721366
v 62.294839 46.756211 -324.230480
v 62.639386 31.228042 -326.026655
v 62.846418 15.631206 -327.105943
v 47.201029 15.631206 -329.722465
v 47.045619 31.228042 -328.634544
v 46.786982 46.756211 -326.824001
v 46.425687 62.181570 -324.294817
v 45.962528 77.470200 -321.052553
v 45.398523 92.588484 -317.104339
v 44.734913 107.503178 -312.458856
v 43.973158 122.181488 -307.126318
v 43.114931 136.591137 -301.118452
v 42.162120 150.700441 -294.448468
v 41.116820 164.478376 -287.131032
v 39.981330 177.894645 -279.182235
v 38.758147 190.919748 -270.619554
v 37.449959 203.525045 -261.461817
v 36.059644 215.682818 -251.729162
v 34.590259 227.366335 -241.442990
v 33.045035 238.549904 -230.625917
v 31.427368 249.208934 -219.301729
v 29.740818 259.319989 -207.495327
v 27.989091 268.860834 -195.232671
v 26.176040 277.810491 -182.540726
v 24.305651 286.149281 -169.447398
v 22.382037 293.858868 -155.981479
v 20.409428 300.922300 -142.172578
v 18.392162 307.324045 -128.051059
v 36.440825 307.324045 -124.141135
v 40.448505 300.922300 -137.831466
v 44.367464 293.858868 -151.218724
v 48.189085 286.149281 -164.273474
v 51.904965 277.810491 -176.967008
v 55.506933 268.860834 -189.271417
v 58.987068 259.319989 -201.159643
v 62.337719 249.208934 -212.605547
v 65.551518 238.549904 -223.583961
v 68.621398 227.366335 -234.070744
v 71.540608 215.682818 -244.042838
v 74.302731 203.525045 -253.478315
v 76.901692 190.919748 -262.356428
v 79.331776 177.894645 -270.657655
v 81.587641 164.478376 -278.363744
v 83.664325 150.700441 -285.457748
v 85.557264 136.591137 -291.924070
v 87.262293 122.181488 -297.748491
v 88.775664 107.503178 -302.918205
v 90.094050 92.588484 -307.421842
v 91.214551 77.470200 -311.249501
v 92.134704 62.181570 -314.392766
v 92.852485 46.756211 -316.844723
v 93.366316 31.228042 -318.599983
v 93.675068 15.631206 -319.654685
v 78.349486 15.631206 -323.747477
v 78.091302 31.228042 -322.679271
v 77.661625 46.756211 -320.901537
v 77.061401 62.181570 -318.418185
v 76.291949 77.470200 -315.234675
v 75.354962 92.588484 -311.358007
v 74.252499 107.503178 -306.796706
v 72.986986 122.181488 -301.560801
v 71.561203 136.591137 -295.661805
v 69.978288 150.700441 -289.112690
v 68.241720 164.478376 -281.927855
v 66.355317 177.894645 -274.123100
v 64.323228 190.919748 -265.715585
v 62.149921 203.525045 -256.723799
v 59.840174 215.682818 -247.167512
v 57.399068 227.366335 -237.067737
v 54.831968 238.549904 -226.446683
v 52.144521 249.208934 -215.327704
v 49.342634 259.319989 -203.735249
v 46.432470 268.860834 -191.694809
v 43.420427 277.810491 -179.232857
v 40.313128 286.149281 -166.376797
v 37.117407 293.858868 -153.154897
v 33.840289 300.922300 -139.596231
v 30.488981 307.324045 -125.730612
v 48.083917 307.324045 -120.121691
v 53.375601 300.922300 -133.368756
v 58.550140 293.858868 -146.322562
v 63.596154 286.149281 -158.954625
v 68.502550 277.810491 -171.237168
v 73.258538 268.860834 -183.143184
v 77.853660 259.319989 -194.646493
v 82.277812 249.208934 -205.721802
v 86.521267 238.549904 -216.344756
v 90.574693 227.366335 -226.491998
v 94.429178 215.682818 -236.141215
v 98.076246 203.525045 -245.271190
v 101.507877 190.919748 -253.861847
v 104.716527 177.894645 -261.894297
v 107.695139 164.478376 -269.350878
v 110.437164 150.700441 -276.215193
v 112.936573 136.591137 -282.472148
v 115.187870 122.181488 -288.107986
v 117.186104 107.503178 -293.110314
v 118.926883 92.588484 -297.468133
v 120.406377 77.470200 -301.171860
v 121.621334 62.181570 -304.213352
v 122.569082 46.756211 -306.585920
v 123.247537 31.228042 -308.284347
v 123.655208 15.631206 -309.304900
v 108.788402 15.631206 -314.836850
v 108.429784 31.228042 -313.798044
v 107.832964 46.756211 -312.069240
v 106.999254 62.181570 -309.654238
v 105.930487 77.470200 -306.558349
v 104.629013 92.588484 -302.788381
v 103.097694 107.503178 -298.352622
v 101.339898 122.181488 -293.260827
v 99.359489 136.591137 -287.524191
v 97.160822 150.700441 -281.155329
v 94.748731 164.478376 -274.168246
v 92.128521 177.894645 -266.578304
v 89.305953 190.919748 -258.402192
v 86.287233 203.525045 -249.657890
v 83.079000 215.682818 -240.364625
v 79.688307 227.366335 -230.542830
v 76.122610 238.549904 -220.214104
v 72.389750 249.208934 -209.401157
v 68.497934 259.319989 -198.127766
v 64.455721 268.860834 -186.418718
v 60.271999 277.810491 -174.299762
v 55.955966 286.149281 -161.797544
v 51.517114 293.858868 -148.939556
v 46.965203 300.922300 -135.754070
v 42.310242 307.324045 -122.270080
v 37.562466 313.050026 -108.517234
v 52.634045 313.050026 -102.076445
v 59.291905 307.324045 -115.013022
v 65.819611 300.922300 -127.696702
v 72.202808 293.858868 -140.099594
v 78.427461 286.149281 -152.194426
v 84.479882 277.810491 -163.954603
v 90.346764 268.860834 -175.354267
v 96.015206 259.319989 -186.368351
v 101.472743 249.208934 -196.972636
v 106.707376 238.549904 -207.143806
v 111.707593 227.366335 -216.859495
v 116.462401 215.682818 -226.098339
v 120.961344 203.525045 -234.840024
v 125.194529 190.919748 -243.065329
v 129.152648 177.894645 -250.756166
v 132.826999 164.478376 -257.895624
v 136.209501 150.700441 -264.468006
v 139.292717 136.591137 -270.458859
v 142.069867 122.181488 -275.855009
v 144.534845 107.503178 -280.644593
v 146.682231 92.588484 -284.817078
v 148.507302 77.470200 -288.363288
v 150.006046 62.181570 -291.275428
v 151.175168 46.756211 -293.547093
v 152.012095 31.228042 -295.173288
v 152.514989 15.631206 -296.150438
v 138.241766 15.631206 -303.071383
v 137.785966 31.228042 -302.071398
v 137.027414 46.756211 -300.407199
v 135.967778 62.181570 -298.082446
v 134.609387 77.470200 -295.102251
v 132.955228 92.588484 -291.473166
v 131.008939 107.503178 -287.203172
v 128.774799 122.181488 -282.301657
v 126.257721 136.591137 -276.779400
v 123.463239 150.700441 -270.648543
v 120.397499 164.478376 -263.922567
v 117.067241 177.894645 -256.616261
v 113.479787 190.919748 -248.745691
v 109.643028 203.525045 -240.328164
v 105.565398 215.682818 -231.382188
v 101.255864 227.366335 -221.927435
v 96.723903 238.549904 -211.984693
v 91.979478 249.208934 -201.575827
v 87.033024 259.319989 -190.723722
v 81.895415 268.860834 -179.452243
v 76.577950 277.810491 -167.786172
v 71.092320 286.149281 -155.751163
v 65.450588 293.858868 -143.373678
v 59.665159 300.922300 -130.680935
v 53.748754 307.324045 -117.700842
v 47.714383 313.050026 -104.461941
v 69.966753 307.324045 -108.859147
v 77.673679 300.922300 -120.862894
v 85.210423 293.858868 -132.600630
v 92.560403 286.149281 -144.046549
v 99.707448 277.810491 -155.175490
v 106.635832 268.860834 -165.962990
v 113.330308 259.319989 -176.385334
v 119.776144 249.208934 -186.419615
v 125.959153 238.549904 -196.043777
v 131.865725 227.366335 -205.236666
v 137.482858 215.682818 -213.978077
v 142.798186 203.525045 -222.248800
v 147.800006 190.919748 -230.030658
v 152.477302 177.894645 -237.306550
v 156.819772 164.478376 -244.060489
v 160.817852 150.700441 -250.277635
v 164.462731 136.591137 -255.944329
v 167.746376 122.181488 -261.048122
v 170.661550 107.503178 -265.577804
v 173.201821 92.588484 -269.523427
v 175.361587 77.470200 -272.876327
v 177.136076 62.181570 -275.629145
v 178.521369 46.756211 -277.775840
v 179.514398 31.228042 -279.311705
v 180.112961 15.631206 -280.233376
v 166.572178 15.631206 -288.482971
v 166.017932 31.228042 -287.533989
v 165.098899 46.756211 -285.952733
v 163.817121 62.181570 -283.742669
v 162.175440 77.470200 -280.908642
v 160.177485 92.588484 -277.456874
v 157.827672 107.503178 -273.394941
v 155.131189 122.181488 -268.731762
v 152.093984 136.591137 -263.477581
v 148.722758 150.700441 -257.643937
v 145.024941 164.478376 -251.243648
v 141.008686 177.894645 -244.290775
v 136.682842 190.919748 -236.800597
v 132.056938 203.525045 -228.789571
v 127.141165 215.682818 -220.275304
v 121.946349 227.366335 -211.276507
v 116.483929 238.549904 -201.812958
v 110.765931 249.208934 -191.905456
v 104.804944 259.319989 -181.575779
v 98.614089 268.860834 -170.846632
v 92.206992 277.810491 -159.741599
v 85.597755 286.149281 -148.285091
v 78.800922 293.858868 -136.502293
v 71.831449 300.922300 -124.419107
v 64.704671 307.324045 -112.062096
v 57.436267 313.050026 -99.458428
v 66.636292 313.050026 -93.553986
v 75.070373 307.324045 -105.409298
v 83.339973 300.922300 -117.032567
v 91.426901 293.858868 -128.398241
v 99.313366 286.149281 -139.481333
v 106.982019 277.810491 -150.257481
v 114.415986 268.860834 -160.702995
v 121.598911 259.319989 -170.794917
v 128.514987 249.208934 -180.511062
v 135.148996 238.549904 -189.830075
v 141.486337 227.366335 -198.731474
v 147.513062 215.682818 -207.195696
v 153.215905 203.525045 -215.204138
v 158.582311 190.919748 -222.739203
v 163.600465 177.894645 -229.784331
v 168.259318 164.478376 -236.324043
v 172.548609 150.700441 -242.343970
v 176.458890 136.591137 -247.830887
v 179.981546 122.181488 -252.772742
v 183.108814 107.503178 -257.158679
v 185.833799 92.588484 -260.979068
v 188.150492 77.470200 -264.225521
v 190.053782 62.181570 -266.890911
v 191.539463 46.756211 -268.969392
v 192.604252 31.228042 -270.456407
v 193.245787 15.631206 -271.348698
v 75.233007 313.050026 -86.801255
v 84.756312 307.324045 -97.800745
v 94.093778 300.922300 -108.584919
v 103.224866 293.858868 -119.130068
v 112.129491 286.149281 -129.413012
v 120.788065 277.810491 -139.411145
v 129.181542 268.860834 -149.102492
v 137.291455 259.319989 -158.465749
v 145.099963 249.208934 -167.480336
v 152.589886 238.549904 -176.126441
v 159.744744 227.366335 -184.385061
v 166.548793 215.682818 -192.238047
v 172.987060 203.525045 -199.668139
v 179.045376 190.919748 -206.659013
v 184.710407 177.894645 -213.195305
v 189.969684 164.478376 -219.262657
v 194.811627 150.700441 -224.847736
v 199.225578 136.591137 -229.938276
v 203.201816 122.181488 -234.523094
v 206.731583 107.503178 -238.592122
v 209.807104 92.588484 -242.136426
v 212.421600 77.470200 -245.148224
v 214.569308 62.181570 -247.620907
v 216.245489 46.756211 -249.549053
v 217.446443 31.228042 -250.928433
v 218.169513 15.631206 -251.756029
v 205.940895 15.631206 -261.849073
v 205.257826 31.228042 -260.988163
v 204.123677 46.756211 -259.553350
v 202.540959 62.181570 -257.547774
v 200.513171 77.470200 -254.975831
v 198.044786 92.588484 -251.843165
v 195.141249 107.503178 -248.156650
v 191.808962 122.181488 -243.924380
v 188.055268 136.591137 -239.155648
v 183.888436 150.700441 -233.860927
v 179.317645 164.478376 -228.051847
v 174.352959 177.894645 -221.741171
v 169.005311 190.919748 -214.942762
v 163.286473 203.525045 -207.671559
v 157.209035 215.682818 -199.943538
v 150.786373 227.366335 -191.775682
v 144.032622 238.549904 -183.185941
v 136.962646 249.208934 -174.193193
v 129.592001 259.319989 -164.817203
v 121.936908 268.860834 -155.078578
v 114.014207 277.810491 -144.998724
v 105.841330 286.149281 -134.599797
v 97.436258 293.858868 -123.904657
v 88.817480 300.922300 -112.936812
v 80.003956 307.324045 -101.720376
v 93.674665 307.324045 -89.305425
v 103.995361 300.922300 -99.152755
v 114.087850 293.858868 -108.781805
v 123.929935 286.149281 -118.171408
v 133.499967 277.810491 -127.300924
v 142.776897 268.860834 -136.150286
v 151.740319 259.319989 -144.700043
v 160.370516 249.208934 -152.931403
v 168.648503 238.549904 -160.826276
v 176.556069 227.366335 -168.367310
v 184.075817 215.682818 -175.537934
v 191.191203 203.525045 -182.322389
v 197.886571 190.919748 -188.705770
v 204.147189 177.894645 -194.674049
v 209.959280 164.478376 -200.214115
v 215.310053 150.700441 -205.313798
v 220.187731 136.591137 -209.961895
v 224.581578 122.181488 -214.148198
v 228.481919 107.503178 -217.863515
v 231.880168 92.588484 -221.099687
v 234.768839 77.470200 -223.849613
v 237.141569 62.181570 -226.107259
v 238.993127 46.756211 -227.867672
v 240.319430 31.228042 -229.126996
v 241.117549 15.631206 -229.882474
v 229.903929 15.631206 -241.092441
v 229.142480 31.228042 -240.300015
v 227.877427 46.756211 -238.979175
v 226.111564 62.181570 -237.132812
v 223.848790 77.470200 -234.764973
v 221.094092 92.588484 -231.880851
v 217.853543 107.503178 -228.486775
v 214.134282 122.181488 -224.590195
v 209.944499 136.591137 -220.199666
v 205.293420 150.700441 -215.324831
v 200.191286 164.478376 -209.976395
v 194.649328 177.894645 -204.166108
v 188.679744 190.919748 -197.906734
v 182.295671 203.525045 -191.212026
v 175.511161 215.682818 -184.096692
v 168.341140 227.366335 -176.576369
v 160.801387 238.549904 -168.667582
v 152.908489 249.208934 -160.387712
v 144.679812 259.319989 -151.754956
v 136.133460 268.860834 -142.788288
v 127.288232 277.810491 -133.507416
v 118.163587 286.149281 -123.932739
v 108.779596 293.858868 -114.085304
v 99.156899 300.922300 -103.986757
v 89.316663 307.324045 -93.659298
v 101.744570 307.324045 -80.000365
v 112.954948 300.922300 -88.821594
v 123.917366 293.858868 -97.447272
v 134.607714 286.149281 -105.858440
v 145.002480 277.810491 -114.036607
v 155.078803 268.860834 -121.963798
v 164.814520 259.319989 -129.622589
v 174.188218 249.208934 -136.996148
v 183.179279 238.549904 -144.068270
v 191.767926 227.366335 -150.823411
v 199.935266 215.682818 -157.246728
v 207.663334 203.525045 -163.324107
v 214.935128 190.919748 -169.042193
v 221.734651 177.894645 -174.388424
v 228.046943 164.478376 -179.351054
v 233.858116 150.700441 -183.919183
v 239.155383 136.591137 -188.082776
v 243.927087 122.181488 -191.832691
v 248.162726 107.503178 -195.160693
v 251.852978 92.588484 -198.059476
v 254.989720 77.470200 -200.522678
v 257.566042 62.181570 -202.544896
v 259.576272 46.756211 -204.121694
v 261.015980 31.228042 -205.249620
v 261.881988 15.631206 -205.926204
v 251.784961 15.631206 -218.151533
v 250.951962 31.228042 -217.434698
v 249.567398 46.756211 -216.239727
v 247.634322 62.181570 -214.569236
v 245.156998 77.470200 -212.426885
v 242.140882 92.588484 -209.817371
v 238.592620 107.503178 -206.746421
v 234.520022 122.181488 -203.220773
v 229.932055 136.591137 -199.248170
v 224.838818 150.700441 -194.837332
v 219.251521 164.478376 -189.997948
v 213.182458 177.894645 -184.740648
v 206.644985 190.919748 -179.076979
v 199.653485 203.525045 -173.019386
v 192.223343 215.682818 -166.581176
v 184.370904 227.366335 -159.776498
v 176.113443 238.549904 -152.620303
v 167.469125 249.208934 -145.128317
v 158.456966 259.319989 -137.317007
v 149.096789 268.860834 -129.203538
v 139.409183 277.810491 -120.805744
v 129.415457 286.149281 -112.142083
v 119.137591 293.858868 -103.231598
v 108.598191 300.922300 -94.093876
v 97.820435 307.324045 -84.749003
v 86.828029 313.050026 -75.217522
v 96.655331 313.050026 -62.100680
v 108.892854 307.324045 -69.969935
v 120.891304 300.922300 -77.685107
v 132.624293 293.858868 -85.229236
v 144.066021 286.149281 -92.585739
v 155.191324 277.810491 -99.738447
v 165.975735 268.860834 -106.671636
v 176.395537 259.319989 -113.370069
v 186.427813 249.208934 -119.819025
v 196.050498 238.549904 -126.004329
v 205.242430 227.366335 -131.912390
v 213.983390 215.682818 -137.530224
v 222.254154 203.525045 -142.845488
v 230.036528 190.919748 -147.846503
v 237.313394 177.894645 -152.522282
v 244.068746 164.478376 -156.862553
v 250.287722 150.700441 -160.857782
v 255.956642 136.591137 -164.499195
v 261.063034 122.181488 -167.778796
v 265.595662 107.503178 -170.689383
v 269.544554 92.588484 -173.224567
v 272.901017 77.470200 -175.378786
v 275.657666 62.181570 -177.147313
v 277.808431 46.756211 -178.526271
v 279.348576 31.228042 -179.512640
v 280.274706 15.631206 -180.104261
v 271.385749 15.631206 -193.234192
v 270.488673 31.228042 -192.599377
v 268.997067 46.756211 -191.541038
v 266.914220 62.181570 -190.061490
v 264.244718 77.470200 -188.163974
v 260.994442 92.588484 -185.852651
v 257.170547 107.503178 -183.132592
v 252.781448 122.181488 -180.009765
v 247.836805 136.591137 -176.491026
v 242.347499 150.700441 -172.584101
v 236.325607 164.478376 -168.297569
v 229.784379 177.894645 -163.640847
v 222.738206 190.919748 -158.624161
v 215.202588 203.525045 -153.258534
v 207.194102 215.682818 -147.555753
v 198.730364 227.366335 -141.528350
v 189.829991 238.549904 -135.189568
v 180.512561 249.208934 -128.553336
v 170.798567 259.319989 -121.634239
v 160.709375 268.860834 -114.447482
v 150.267173 277.810491 -107.008862
v 139.494930 286.149281 -99.334727
v 128.416334 293.858868 -91.441945
v 117.055753 300.922300 -83.347866
v 105.438168 307.324045 -75.070282
v 93.589131 313.050026 -66.627389
v 115.054705 307.324045 -59.305082
v 127.732470 300.922300 -65.844266
v 140.129691 293.858868 -72.238470
v 152.219105 286.149281 -78.473640
v 163.974127 277.810491 -84.536069
v 175.368906 268.860834 -90.412433
v 186.378383 259.319989 -96.089817
v 196.978347 249.208934 -101.555743
v 207.145487 238.549904 -106.798198
v 216.857443 227.366335 -111.805663
v 226.092856 215.682818 -116.567133
v 234.831414 203.525045 -121.072147
v 243.053899 190.919748 -125.310807
v 250.742226 177.894645 -129.273800
v 257.879485 164.478376 -132.952422
v 264.449978 150.700441 -136.338592
v 270.439253 136.591137 -139.424873
v 275.834134 122.181488 -142.204488
v 280.622756 107.503178 -144.671336
v 284.794583 92.588484 -146.820001
v 288.340437 77.470200 -148.645768
v 291.252515 62.181570 -150.144632
v 293.524410 46.756211 -151.313309
v 295.151122 31.228042 -152.149238
v 296.129066 15.631206 -152.650590
v 288.528713 15.631206 -166.566167
v 287.575607 31.228042 -166.019066
v 285.990393 46.756211 -165.106890
v 283.776565 62.181570 -163.831634
v 280.938996 77.470200 -162.196090
v 277.483932 92.588484 -160.203846
v 273.418977 107.503178 -157.859270
v 268.753074 122.181488 -155.167508
v 263.496489 136.591137 -152.134468
v 257.660787 150.700441 -148.766809
v 251.258805 164.478376 -145.071927
v 244.304626 177.894645 -141.057936
v 236.813547 190.919748 -136.733653
v 228.802044 203.525045 -132.108578
v 220.287740 215.682818 -127.192871
v 211.289360 227.366335 -121.997334
v 201.826696 238.549904 -116.533381
v 191.920560 249.208934 -110.813020
v 181.592737 259.319989 -104.848821
v 170.865942 268.860834 -98.653893
v 159.763765 277.810491 -92.241849
v 148.310621 286.149281 -85.626783
v 136.531700 293.858868 -78.823235
v 124.452902 300.922300 -71.846159
v 112.100792 307.324045 -64.710893
v 99.502531 313.050026 -57.433120
v 104.514611 313.050026 -47.718083
v 117.747894 307.324045 -53.764764
v 130.722571 300.922300 -59.693039
v 143.410109 293.858868 -65.489875
v 155.782608 286.149281 -71.142531
v 167.812862 277.810491 -76.638582
v 179.474415 268.860834 -81.965948
v 190.741622 259.319989 -87.112919
v 201.589706 249.208934 -92.068185
v 211.994811 238.549904 -96.820855
v 221.934053 227.366335 -101.360485
v 231.385576 215.682818 -105.677101
v 240.328592 203.525045 -109.761217
v 248.743435 190.919748 -113.603861
v 256.611598 177.894645 -117.196590
v 263.915776 164.478376 -120.531512
v 270.639905 150.700441 -123.601303
v 276.769195 136.591137 -126.399221
v 282.290165 122.181488 -128.919122
v 287.190672 107.503178 -131.155474
v 291.459934 92.588484 -133.103368
v 295.088562 77.470200 -134.758531
v 298.068572 62.181570 -136.117331
v 300.393407 46.756211 -137.176790
v 302.057951 31.228042 -137.934588
v 303.058540 15.631206 -138.389068
v 108.579924 313.050026 -37.570368
v 122.328274 307.324045 -42.331146
v 135.807913 300.922300 -46.998695
v 148.989199 293.858868 -51.562753
v 161.843148 286.149281 -56.013288
v 174.341494 277.810491 -60.340518
v 186.456754 268.860834 -64.534933
v 198.162287 259.319989 -68.587313
v 209.432351 249.208934 -72.488753
v 220.242164 238.549904 -76.230678
v 230.567956 227.366335 -79.804866
v 240.387018 215.682818 -83.203464
v 249.677758 203.525045 -86.419003
v 258.419745 190.919748 -89.444420
v 266.593755 177.894645 -92.273068
v 274.181812 164.478376 -94.898733
v 281.167229 150.700441 -97.315649
v 287.534642 136.591137 -99.518507
v 293.270049 122.181488 -101.502472
v 298.360836 107.503178 -103.263187
v 302.795807 92.588484 -104.796787
v 306.565206 77.470200 -106.099910
v 309.660744 62.181570 -107.169695
v 312.075611 46.756211 -108.003798
v 313.804494 31.228042 -108.600393
v 314.843589 15.631206 -108.958176
v 309.301430 15.631206 -123.813919
v 308.280443 31.228042 -123.407332
v 306.581816 46.756211 -122.729371
v 304.209288 62.181570 -121.781521
v 301.168079 77.470200 -120.565855
v 297.464879 92.588484 -119.085039
v 293.107836 107.503178 -117.342321
v 288.106532 122.181488 -115.341524
v 282.471967 136.591137 -113.087040
v 276.216536 150.700441 -110.583819
v 269.353995 164.478376 -107.837357
v 261.899438 177.894645 -104.853685
v 253.869258 190.919748 -101.639357
v 245.281117 203.525045 -98.201433
v 236.153900 215.682818 -94.547467
v 226.507681 227.366335 -90.685485
v 216.363672 238.549904 -86.623975
v 205.744181 249.208934 -82.371859
v 194.672562 259.319989 -77.938483
v 183.173161 268.860834 -73.333589
v 171.271266 277.810491 -68.567297
v 158.993050 286.149281 -63.650084
v 146.365512 293.858868 -58.592755
v 133.416421 300.922300 -53.406429
v 120.174252 307.324045 -48.102505
v 125.800400 307.324045 -30.513708
v 139.662820 300.922300 -33.878223
v 153.218388 293.858868 -37.168137
v 166.437294 286.149281 -40.376218
v 179.290472 277.810491 -43.495414
v 191.749660 268.860834 -46.518871
v 203.787459 259.319989 -49.439943
v 215.377400 249.208934 -52.252211
v 226.493997 238.549904 -54.949493
v 237.112806 227.366335 -57.525864
v 247.210476 215.682818 -59.975662
v 256.764802 203.525045 -62.293505
v 265.754776 190.919748 -64.474300
v 274.160627 177.894645 -66.513257
v 281.963873 164.478376 -68.405896
v 289.147352 150.700441 -70.148061
v 295.695270 136.591137 -71.735926
v 301.593226 122.181488 -73.166005
v 306.828250 107.503178 -74.435159
v 311.388830 92.588484 -75.540601
v 315.264937 77.470200 -76.479906
v 318.448046 62.181570 -77.251015
v 320.931157 46.756211 -77.852237
v 322.708808 31.228042 -78.282257
v 323.777090 15.631206 -78.540133
v 319.672457 15.631206 -93.855505
v 318.617585 31.228042 -93.547330
v 316.862341 46.756211 -93.033444
v 314.410585 62.181570 -92.314970
v 311.267712 77.470200 -91.393482
v 307.440633 92.588484 -90.271000
v 302.937766 107.503178 -88.949984
v 297.769013 122.181488 -87.433335
v 291.945743 136.591137 -85.724379
v 285.480760 150.700441 -83.826870
v 278.388284 164.478376 -81.744973
v 270.683910 177.894645 -79.483260
v 262.384581 190.919748 -77.046699
v 253.508548 203.525045 -74.440641
v 244.075330 215.682818 -71.670813
v 234.105671 227.366335 -68.743299
v 223.621494 238.549904 -65.664531
v 212.645853 249.208934 -62.441275
v 201.202884 259.319989 -59.080614
v 189.317750 268.860834 -55.589932
v 177.016585 277.810491 -51.976902
v 164.326440 286.149281 -48.249464
v 151.275219 293.858868 -44.415810
v 137.891621 300.922300 -40.484368
v 124.205076 307.324045 -36.463778
v 128.132790 307.324045 -18.419600
v 142.252342 300.922300 -20.450585
v 156.059331 293.858868 -22.436537
v 169.523395 286.149281 -24.373089
v 182.614930 277.810491 -26.255986
v 195.305148 268.860834 -28.081089
v 207.566145 259.319989 -29.844386
v 219.370961 249.208934 -31.542003
v 230.693638 238.549904 -33.170209
v 241.509279 227.366335 -34.725425
v 251.794101 215.682818 -36.204236
v 261.525489 203.525045 -37.603392
v 270.682045 190.919748 -38.919818
v 279.243634 177.894645 -40.150623
v 287.191430 164.478376 -41.293103
v 294.507956 150.700441 -42.344750
v 301.177125 136.591137 -43.303253
v 307.184270 122.181488 -44.166509
v 312.516183 107.503178 -44.932621
v 317.161140 92.588484 -45.599910
v 321.108925 77.470200 -46.166910
v 324.350858 62.181570 -46.632379
v 326.879810 46.756211 -46.995296
v 328.690220 31.228042 -47.254866
v 329.778105 15.631206 -47.410523
v 327.148186 15.631206 -63.046768
v 326.068891 31.228042 -62.839769
v 324.272838 46.756211 -62.494586
v 321.763975 62.181570 -62.011972
v 318.547822 77.470200 -61.392984
v 314.631449 92.588484 -60.638979
v 310.023470 107.503178 -59.751610
v 304.734018 122.181488 -58.732824
v 298.774724 136.591137 -57.584858
v 292.158693 150.700441 -56.310231
v 284.900474 164.478376 -54.911742
v 277.016026 177.894645 -53.392462
v 268.522689 190.919748 -51.755728
v 259.439137 203.525045 -50.005135
v 249.785345 215.682818 -48.144529
v 239.582542 227.366335 -46.177997
v 228.853162 238.549904 -44.109860
v 217.620798 249.208934 -41.944662
v 205.910151 259.319989 -39.687162
v 193.746969 268.860834 -37.342320
v 181.157999 277.810491 -34.915290
v 168.170923 286.149281 -32.411405
v 154.814298 293.858868 -29.836170
v 141.117494 300.922300 -27.195244
v 127.110629 307.324045 -24.494432
v 112.824501 313.050026 -21.739671
v 114.771491 313.050026 -5.465869
v 129.304296 307.324045 -6.158480
v 143.553000 300.922300 -6.837527
v 157.486271 293.858868 -7.501516
v 171.073472 286.149281 -8.148990
v 184.284728 277.810491 -8.778524
v 197.090987 268.860834 -9.388734
v 209.464091 259.319989 -9.978281
v 221.376834 249.208934 -10.545867
v 232.803019 238.549904 -11.090246
v 243.717524 227.366335 -11.610222
v 254.096348 215.682818 -12.104651
v 263.916669 203.525045 -12.572449
v 273.156895 190.919748 -13.012586
v 281.796706 177.894645 -13.424096
v 289.817106 164.478376 -13.806075
v 297.200458 150.700441 -14.157685
v 303.930528 136.591137 -14.478153
v 309.992517 122.181488 -14.766775
v 315.373094 107.503178 -15.022918
v 320.060430 92.588484 -15.246020
v 324.044217 77.470200 -15.435591
v 327.315696 62.181570 -15.591216
v 329.867672 46.756211 -15.712553
v 331.694535 31.228042 -15.799337
v 332.792267 15.631206 -15.851378
v 331.660888 15.631206 -31.666833
v 330.566852 31.228042 -31.562868
v 328.746165 46.756211 -31.389495
v 326.202831 62.181570 -31.147095
v 322.942442 77.470200 -30.836197
v 318.972168 92.588484 -30.457483
v 314.300740 107.503178 -30.011784
v 308.938428 122.181488 -29.500077
v 302.897026 136.591137 -28.923486
v 296.189815 150.700441 -28.283276
v 288.831546 164.478376 -27.580852
v 280.838399 177.894645 -26.817758
v 272.227948 190.919748 -25.995670
v 263.019129 203.525045 -25.116392
v 253.232189 215.682818 -24.181858
v 242.888649 227.366335 -23.194119
v 232.011253 238.549904 -22.155345
v 220.623920 249.208934 -21.067821
v 208.751689 259.319989 -19.933934
v 196.420664 268.860834 -18.756178
v 183.657961 277.810491 -17.537140
v 170.491644 286.149281 -16.279499
v 156.950662 293.858868 -14.986020
v 143.064792 300.922300 -13.659546
v 128.864566 307.324045 -12.302992
v 114.381208 313.050026 -10.919340
v 8.721481 385.000000 -99.627607
v 17.377264 385.000000 -98.496123
v 25.901389 385.000000 -96.614069
v 34.228900 385.000000 -93.995788
v 42.296338 385.000000 -90.661232
v 50.042229 385.000000 -86.635811
v 57.407545 385.000000 -81.950200
v 64.336161 385.000000 -76.640105
v 70.775279 385.000000 -70.745989
v 76.675830 385.000000 -64.312769
v 81.992852 385.000000 -57.389467
v 86.685826 385.000000 -50.028840
v 90.718990 385.000000 -42.286979
v 94.061612 385.000000 -34.222878
v 96.688219 385.000000 -25.897990
v 98.578796 385.000000 -17.375751
v 99.718936 385.000000 -8.721104
v 100.099950 385.000000 0.000000
v 7.849084 400.000000 -84.645979
v 15.631957 400.000000 -83.568824
v 23.282118 400.000000 -81.777622
v 30.734201 400.000000 -79.287677
v 37.924533 400.000000 -76.120265
v 44.791676 400.000000 -72.302449
v 51.276954 400.000000 -67.866850
v 57.324955 400.000000 -62.851369
v 62.884002 400.000000 -57.298858
v 67.906595 400.000000 -51.256762
v 72.349820 400.000000 -44.776707
v 76.175713 400.000000 -37.914060
v 79.351582 400.000000 -30.727460
v 81.850292 400.000000 -23.278311
v 83.650493 400.000000 -15.630262
v 84.736803 400.000000 -7.848662
v 85.099941 400.000000 0.000000
v 88.026158 399.711800 0.000000
v 90.839667 398.858412 0.000000
v 93.433146 397.472272 0.000000
v 95.705759 395.607392 0.000000
v 97.571746 393.333912 0.000000
v 98.957926 390.740773 0.000000
v 99.811695 387.926496 0.000000
v 87.938881 399.711779 -3.919776
v 87.213032 399.711779 -11.931193
v 99.105387 386.439075 -13.559997
v 97.385807 386.439075 -22.834447
v 83.350825 399.711779 -28.290173
v 94.715926 386.439075 -32.152244
v 80.136968 399.711779 -36.402162
v 93.013444 386.439075 -36.783585
v 76.054561 399.711779 -44.293773
v 73.693916 399.711779 -48.114127
v 83.740691 386.439075 -54.682494
v 68.361861 399.711779 -55.419780
v 80.823593 386.439075 -58.903665
v 55.509219 399.711779 -68.270434
v 48.191536 399.711779 -73.608680
v 58.984994 386.439075 -80.737214
v 44.364801 399.711779 -75.971449
v 54.756819 386.439075 -83.657471
v 36.460088 399.711779 -80.056091
v 36.828304 386.439075 -92.935311
v 28.335052 399.711779 -83.269535
v 32.189599 386.439075 -94.637191
v 11.952305 399.711779 -87.123800
v 22.857676 386.439075 -97.303794
v 3.930993 399.711779 -87.842798
v 13.570338 386.439075 -99.017626
v 3.994496 399.343979 -89.298887
v 4.053596 398.858194 -90.654024
v 4.166587 397.472046 -93.244864
v 4.219124 396.574492 -94.449498
v 4.265625 395.606603 -95.515756
v 4.307797 394.539333 -96.482725
v 4.346903 393.333555 -97.379428
v 4.380475 392.042892 -98.149212
v 4.407299 390.740253 -98.764262
v 4.428465 389.383829 -99.249587
v 4.444490 387.926356 -99.617038
v 4.453986 386.439075 -99.834779
v 12.148769 399.343979 -88.567971
v 12.331613 398.858194 -89.912016
v 12.681186 397.472046 -92.481650
v 12.843722 396.574492 -93.676424
v 12.987588 395.606603 -94.733954
v 13.118058 394.539333 -95.693009
v 13.239047 393.333555 -96.582372
v 13.342911 392.042892 -97.345855
v 13.425897 390.740253 -97.955871
v 13.491381 389.383829 -98.437223
v 13.540959 387.926356 -98.801667
v 8.983619 386.439075 -99.534022
v 8.964244 387.926356 -99.316937
v 8.931547 389.383829 -98.950593
v 8.888361 390.740253 -98.466730
v 8.833632 392.042892 -97.853533
v 8.765134 393.333555 -97.086068
v 8.685343 394.539333 -96.192067
v 8.599298 395.606603 -95.228010
v 8.504419 396.574492 -94.164965
v 8.397227 397.472046 -92.963960
v 8.166686 398.858194 -90.380925
v 8.046102 399.343979 -89.029871
v 7.916534 399.711779 -87.578168
v 20.124064 399.711779 -85.615831
v 20.455984 399.343979 -87.035006
v 20.764892 398.858194 -88.355788
v 21.355483 397.472046 -90.880946
v 21.630083 396.574492 -92.055040
v 21.873140 395.606603 -93.094266
v 22.093564 394.539333 -94.036722
v 22.297971 393.333555 -94.910691
v 22.473445 392.042892 -95.660959
v 22.613648 390.740253 -96.260417
v 22.724280 389.383829 -96.733438
v 22.808042 387.926356 -97.091574
v 18.200111 386.439075 -98.276784
v 18.160635 387.926356 -98.062441
v 18.094015 389.383829 -97.700724
v 18.006026 390.740253 -97.222973
v 17.894517 392.042892 -96.617521
v 17.754954 393.333555 -95.859750
v 17.592382 394.539333 -94.977042
v 17.417069 395.606603 -94.025162
v 17.223756 396.574492 -92.975544
v 17.005355 397.472046 -91.789710
v 16.535634 398.858194 -89.239301
v 16.289947 399.343979 -87.905313
v 16.025957 399.711779 -86.471947
v 24.232199 399.711779 -84.549812
v 24.632216 399.343979 -85.951316
v 25.004500 398.858194 -87.255652
v 25.716256 397.472046 -89.749369
v 26.047193 396.574492 -90.908845
v 26.340116 395.606603 -91.935131
v 26.605762 394.539333 -92.865852
v 26.852105 393.333555 -93.728939
v 27.063580 392.042892 -94.469866
v 27.232546 390.740253 -95.061860
v 27.365875 389.383829 -95.528991
v 27.466821 387.926356 -95.882668
v 27.526639 386.439075 -96.092246
v 32.416564 399.711779 -81.772082
v 32.952246 399.343979 -83.127543
v 33.450788 398.858194 -84.389027
v 34.403934 397.472046 -86.800817
v 34.847108 396.574492 -87.922201
v 35.239375 395.606603 -88.914770
v 35.595114 394.539333 -89.814914
v 35.925003 393.333555 -90.649646
v 36.208199 392.042892 -91.366231
v 36.434470 390.740253 -91.938776
v 36.613017 389.383829 -92.390560
v 36.748199 387.926356 -92.732618
v 32.119611 387.926356 -94.430786
v 32.001502 389.383829 -94.082465
v 31.845506 390.740253 -93.622407
v 31.647812 392.042892 -93.039377
v 31.400383 393.333555 -92.309670
v 31.112158 394.539333 -91.459652
v 30.801348 395.606603 -90.543024
v 30.458624 396.574492 -89.532278
v 30.071422 397.472046 -88.390360
v 29.238656 398.858194 -85.934403
v 28.803079 399.343979 -84.649818
v 40.448581 399.711779 -78.121864
v 41.117402 399.343979 -79.416819
v 41.739853 398.858194 -80.621992
v 42.929896 397.472046 -82.926123
v 43.483217 396.574492 -83.997448
v 43.972978 395.606603 -84.945711
v 44.417134 394.539333 -85.805673
v 44.829014 393.333555 -86.603144
v 45.182596 392.042892 -87.287741
v 45.465105 390.740253 -87.834728
v 45.688028 389.383829 -88.266345
v 45.856809 387.926356 -88.593134
v 45.956823 386.439075 -88.786779
v 41.423836 386.439075 -90.985058
v 41.333708 387.926356 -90.786619
v 41.181612 389.383829 -90.451740
v 40.980725 390.740253 -90.009436
v 40.726142 392.042892 -89.448906
v 40.407512 393.333555 -88.747359
v 40.036346 394.539333 -87.930143
v 39.636096 395.606603 -87.048889
v 39.194748 396.574492 -86.077149
v 38.696124 397.472046 -84.979298
v 37.623717 398.858194 -82.618119
v 37.062796 399.343979 -81.383107
v 48.988706 399.343979 -74.828824
v 49.730606 398.858194 -75.964373
v 51.149020 397.472046 -78.135391
v 51.808525 396.574492 -79.144825
v 52.392271 395.606603 -80.038306
v 52.921661 394.539333 -80.848587
v 53.412581 393.333555 -81.599987
v 53.834017 392.042892 -82.245034
v 54.170740 390.740253 -82.760421
v 54.436442 389.383829 -83.167104
v 54.637612 387.926356 -83.475013
v 50.407672 386.439075 -86.342796
v 50.297950 387.926356 -86.154481
v 50.112788 389.383829 -85.836688
v 49.868228 390.740253 -85.416952
v 49.558299 392.042892 -84.885022
v 49.170398 393.333555 -84.219269
v 48.718541 394.539333 -83.443750
v 48.231276 395.606603 -82.607459
v 47.693979 396.574492 -81.685299
v 47.086953 397.472046 -80.643463
v 45.781404 398.858194 -78.402757
v 45.098538 399.343979 -77.230758
v 56.427687 399.343979 -69.402090
v 57.282476 398.858194 -70.455287
v 58.916719 397.472046 -72.468858
v 59.676574 396.574492 -73.405086
v 60.349145 395.606603 -74.233770
v 60.959087 394.539333 -74.985288
v 61.524706 393.333555 -75.682195
v 62.010268 392.042892 -76.280462
v 62.398228 390.740253 -76.758472
v 62.704360 389.383829 -77.135661
v 62.936140 387.926356 -77.421240
v 63.073485 386.439075 -77.590466
v 58.856565 387.926356 -80.561126
v 58.639833 389.383829 -80.263964
v 58.353576 390.740253 -79.871478
v 57.990805 392.042892 -79.374082
v 57.536768 393.333555 -78.751552
v 57.007871 394.539333 -78.026381
v 56.437528 395.606603 -77.244384
v 55.808623 396.574492 -76.382093
v 55.098101 397.472046 -75.407896
v 53.569960 398.858194 -73.312662
v 52.770667 399.343979 -72.216751
v 51.911830 399.711779 -71.039200
v 62.269395 399.711779 -62.177166
v 63.297944 399.343979 -63.209795
v 64.254986 398.858194 -64.171027
v 66.084374 397.472046 -66.009123
v 66.934739 396.574492 -66.863986
v 67.687135 395.606603 -67.620937
v 68.369230 394.539333 -68.307643
v 69.001564 393.333555 -68.944641
v 69.544059 392.042892 -69.491818
v 69.977044 390.740253 -69.929471
v 70.318222 389.383829 -70.275297
v 70.575986 387.926356 -70.537680
v 70.727822 386.439075 -70.694066
v 67.004407 386.439075 -74.227626
v 66.858488 387.926356 -74.065735
v 66.612240 389.383829 -73.792533
v 66.286999 390.740253 -73.431692
v 65.874822 392.042892 -72.974399
v 65.358951 393.333555 -72.402061
v 64.758024 394.539333 -71.735359
v 64.110008 395.606603 -71.016412
v 63.395455 396.574492 -70.223645
v 62.588168 397.472046 -69.327994
v 60.851913 398.858194 -67.401692
v 59.943766 399.343979 -66.394142
v 58.967966 399.711779 -65.311533
v 65.406970 399.711779 -58.873028
v 66.489503 399.343979 -59.848912
v 67.496983 398.858194 -60.757136
v 69.423151 397.472046 -62.493541
v 70.318739 396.574492 -63.300897
v 71.111451 395.606603 -64.015512
v 71.830347 394.539333 -64.663584
v 72.497003 393.333555 -65.264562
v 73.069301 392.042892 -65.780478
v 73.526562 390.740253 -66.192690
v 73.887378 389.383829 -66.517959
v 74.160561 387.926356 -66.764229
v 74.322441 386.439075 -66.910160
v 71.127215 399.711779 -51.828259
v 72.304568 399.343979 -52.687368
v 73.400293 398.858194 -53.486914
v 75.495174 397.472046 -55.015540
v 76.469207 396.574492 -55.726287
v 77.331353 395.606603 -56.355391
v 78.113217 394.539333 -56.925915
v 78.838266 393.333555 -57.454979
v 79.460691 392.042892 -57.909161
v 79.958003 390.740253 -58.272047
v 80.350423 389.383829 -58.558395
v 80.647534 387.926356 -58.775195
v 77.680723 386.439075 -62.985488
v 77.511519 387.926356 -62.848116
v 77.225975 389.383829 -62.616292
v 76.848834 390.740253 -62.310102
v 76.370884 392.042892 -61.922068
v 75.772691 393.333555 -61.436414
v 75.075872 394.539333 -60.870687
v 74.324448 395.606603 -60.260628
v 73.495869 396.574492 -59.587929
v 72.559759 397.472046 -58.827929
v 70.546440 398.858194 -57.193375
v 69.493375 399.343979 -56.338423
v 77.313590 399.343979 -45.027990
v 78.485329 398.858194 -45.711303
v 80.725537 397.472046 -47.017706
v 81.767141 396.574492 -47.625129
v 82.689096 395.606603 -48.162778
v 83.525201 394.539333 -48.650362
v 84.300548 393.333555 -49.102514
v 84.966153 392.042892 -49.490669
v 85.497965 390.740253 -49.800802
v 85.917608 389.383829 -50.045521
v 86.235330 387.926356 -50.230805
v 86.423603 386.439075 -50.340598
v 83.558269 387.926356 -54.563231
v 83.250422 389.383829 -54.361966
v 82.843821 390.740253 -54.096139
v 82.328537 392.042892 -53.759258
v 81.683619 393.333555 -53.337625
v 80.932370 394.539333 -52.846474
v 80.122251 395.606603 -52.316835
v 79.228950 396.574492 -51.732814
v 78.219719 397.472046 -51.073000
v 76.049136 398.858194 -49.653920
v 74.913815 399.343979 -48.911671
v 81.463667 399.343979 -37.005567
v 82.698385 398.858194 -37.567138
v 85.058999 397.472046 -38.640785
v 86.156588 396.574492 -39.139987
v 87.128096 395.606603 -39.581845
v 88.009140 394.539333 -39.982559
v 88.826160 393.333555 -40.354153
v 89.527540 392.042892 -40.673152
v 90.087936 390.740253 -40.928030
v 90.530134 389.383829 -41.129149
v 90.864933 387.926356 -41.281422
v 91.063325 386.439075 -41.371654
v 88.865933 386.439075 -45.897160
v 88.672334 387.926356 -45.797058
v 88.345622 389.383829 -45.628129
v 87.914106 390.740253 -45.405010
v 87.367248 392.042892 -45.122252
v 86.682811 393.333555 -44.768359
v 85.885528 394.539333 -44.356117
v 85.025767 395.606603 -43.911571
v 84.077728 396.574492 -43.421379
v 83.006654 397.472046 -42.867571
v 80.703064 398.858194 -41.676481
v 79.498174 399.343979 -41.053482
v 78.203523 399.711779 -40.384073
v 84.730797 399.343979 -28.759113
v 86.015094 398.858194 -29.195541
v 88.470498 397.472046 -30.029933
v 89.612160 396.574492 -30.417890
v 90.622679 395.606603 -30.761283
v 91.539101 394.539333 -31.072700
v 92.388928 393.333555 -31.361488
v 93.118471 392.042892 -31.609400
v 93.701370 390.740253 -31.807480
v 94.161325 389.383829 -31.963781
v 94.509568 387.926356 -32.082120
v 92.810799 387.926356 -36.703360
v 92.468822 389.383829 -36.567974
v 92.017144 390.740253 -36.389159
v 91.444734 392.042892 -36.162547
v 90.728318 393.333555 -35.878924
v 89.893782 394.539333 -35.548539
v 88.993850 395.606603 -35.192264
v 88.001514 396.574492 -34.799408
v 86.880394 397.472046 -34.355567
v 84.469172 398.858194 -33.400986
v 83.207984 399.343979 -32.901693
v 81.852842 399.711779 -32.365205
v 85.700005 399.711779 -20.091613
v 87.118917 399.343979 -20.424653
v 88.439454 398.858194 -20.734603
v 90.964146 397.472046 -21.327186
v 92.138023 396.574492 -21.602713
v 93.177057 395.606603 -21.846590
v 94.119338 394.539333 -22.067757
v 94.993146 393.333555 -22.272853
v 95.743276 392.042892 -22.448920
v 96.342622 390.740253 -22.589596
v 96.815556 389.383829 -22.700600
v 97.173626 387.926356 -22.784645
v 96.172287 386.439075 -27.496471
v 95.962752 387.926356 -27.436501
v 95.609149 389.383829 -27.335298
v 95.142115 390.740253 -27.201630
v 94.550244 392.042892 -27.032233
v 93.809471 393.333555 -26.820219
v 92.946563 394.539333 -26.573250
v 92.016036 395.606603 -26.306927
v 90.989962 396.574492 -26.013259
v 89.830728 397.472046 -25.681479
v 87.337529 398.858194 -24.967910
v 86.033464 399.343979 -24.594679
v 84.632250 399.711779 -24.193643
v 86.558400 399.711779 -15.999337
v 87.991541 399.343979 -16.264544
v 89.325321 398.858194 -16.511363
v 91.875330 397.472046 -16.983248
v 93.060979 396.574492 -17.202655
v 94.110432 395.606603 -17.396859
v 95.062162 394.539333 -17.572979
v 95.944733 393.333555 -17.736301
v 96.702385 392.042892 -17.876506
v 97.307742 390.740253 -17.988529
v 97.785418 389.383829 -18.076924
v 98.147078 387.926356 -18.143851
v 98.361387 386.439075 -18.183509
v 87.670627 399.711779 -7.900568
v 89.122205 399.343979 -8.031528
v 90.473142 398.858194 -8.153409
v 93.055955 397.472046 -8.386429
v 94.256857 396.574492 -8.494774
v 95.319811 395.606603 -8.590673
v 96.283784 394.539333 -8.677642
v 97.177709 393.333555 -8.758291
v 97.945107 392.042892 -8.827525
v 98.558252 390.740253 -8.882843
v 99.042073 389.383829 -8.926493
v 99.408386 387.926356 -8.959541
v 99.625452 386.439075 -8.979125
v 98.889456 387.926356 -13.530422
v 98.525057 389.383829 -13.480513
v 98.043764 390.740253 -13.414594
v 97.433823 392.042892 -13.331055
v 96.670435 393.333555 -13.226500
v 95.781182 394.539333 -13.104706
v 94.822245 395.606603 -12.973368
v 93.764846 396.574492 -12.828544
v 92.570220 397.472046 -12.664926
v 90.000903 398.858194 -12.313026
v 88.657024 399.343979 -12.128966
v 99.930327 386.439075 -4.454889
v 99.712596 387.926356 -4.445173
v 99.345161 389.383829 -4.428777
v 98.859858 390.740253 -4.407120
v 98.244835 392.042892 -4.379675
v 97.475086 393.333555 -4.345325
v 96.578423 394.539333 -4.305312
v 95.611497 395.606603 -4.262163
v 94.545287 396.574492 -4.214584
v 93.340706 397.472046 -4.160830
v 90.749982 398.858194 -4.045220
v 89.394906 399.343979 -3.984750
vt -0.000000 -3.328291 0.000000
vt -0.000000 36.671709 0.000000
vt -9.999990 28.480475 0.000000
vt -8.499988 36.671709 0.000000
vt -9.999990 35.171709 0.000000
vt -8.792610 36.642889 0.000000
vt -9.073961 36.557551 0.000000
vt -9.333309 36.418937 0.000000
vt -9.560570 36.232449 0.000000
vt -9.747169 36.005101 0.000000
vt -9.885788 35.745787 0.000000
vt -9.971164 35.464359 0.000000
vt -11.480164 27.976712 0.000000
vt -12.935094 27.404114 0.000000
vt -14.361581 26.763940 0.000000
vt -15.756490 26.057597 0.000000
vt -17.116752 25.286638 0.000000
vt -18.439377 24.452759 0.000000
vt -19.721456 23.557794 0.000000
vt -20.960170 22.603709 0.000000
vt -22.152796 21.592604 0.000000
vt -23.296711 20.526701 0.000000
vt -24.389399 19.408344 0.000000
vt -25.428459 18.239992 0.000000
vt -26.411605 17.024215 0.000000
vt -27.336675 15.763685 0.000000
vt -28.201636 14.461175 0.000000
vt -29.004585 13.119548 0.000000
vt -29.743757 11.741754 0.000000
vt -30.417527 10.330824 0.000000
vt -31.024413 8.889859 0.000000
vt -31.563080 7.422028 0.000000
vt -32.032344 5.930558 0.000000
vt -32.431174 4.418730 0.000000
vt -32.758692 2.889867 0.000000
vt -33.014178 1.347331 0.000000
vt -33.197070 -0.205486 0.000000
vt -33.306966 -1.765170 0.000000
vt -33.343625 -3.328291 0.000000
vt -0.000000 -1.271740 0.000000
vt -0.000000 0.008062 0.000000
vt -1.563694 -1.253491 0.000000
vt -1.563694 0.008071 0.000000
vt -3.127387 -1.253491 0.000000
vt -3.127388 0.008098 0.000000
vt -4.691081 -1.253491 0.000000
vt -4.691082 0.008142 0.000000
vt -6.254775 -1.253491 0.000000
vt -6.254775 0.008206 0.000000
vt -7.818469 -1.253491 0.000000
vt -7.818469 0.008289 0.000000
vt -9.382162 -1.253491 0.000000
vt -9.382163 0.008392 0.000000
vt -10.945856 -1.253491 0.000000
vt -10.945857 0.008517 0.000000
vt -12.509550 -1.253491 0.000000
vt -12.509551 0.008665 0.000000
vt -14.073244 -1.253491 0.000000
vt -14.073245 0.008838 0.000000
vt -15.636937 -1.253491 0.000000
vt -15.636938 0.009038 0.000000
vt -17.200631 -1.253491 0.000000
vt -17.200632 0.009268 0.000000
vt -18.764325 -1.253491 0.000000
vt -18.764326 0.009532 0.000000
vt -20.328019 -1.253491 0.000000
vt -20.328020 0.009834 0.000000
vt -21.891712 -1.253491 0.000000
vt -21.891714 0.010178 0.000000
vt -23.455406 -1.253491 0.000000
vt -23.455407 0.010571 0.000000
vt -25.019100 -1.253491 0.000000
vt -25.019101 0.011022 0.000000
vt -26.582793 -1.253491 0.000000
vt -26.582795 0.011539 0.000000
vt -28.146487 -1.253491 0.000000
vt -28.146489 0.012135 0.000000
vt -29.710181 -1.253491 0.000000
vt -29.710182 0.012825 0.000000
vt -31.273875 -1.253491 0.000000
vt -31.273876 0.013631 0.000000
vt -32.837568 -1.253491 0.000000
vt -32.837570 0.014578 0.000000
vt -34.401262 -1.253491 0.000000
vt -34.401264 0.015705 0.000000
vt -35.964956 -1.253491 0.000000
vt -35.964957 0.017061 0.000000
vt -37.528650 -1.253491 0.000000
vt -37.528651 0.018718 0.000000
vt -39.092343 -1.253491 0.000000
vt -39.092344 0.020782 0.000000
vt -40.656037 -1.253491 0.000000
vt -40.656038 0.023416 0.000000
vt -42.219731 0.026882 0.000000
vt -42.219731 -2.320468 0.000000
vt -40.656037 -2.533864 0.000000
vt -39.092343 -2.533864 0.000000
vt -39.092343 -3.814236 0.000000
vt -37.528650 -3.814236 0.000000
vt -37.528650 -5.094609 0.000000
vt -35.964956 -5.094609 0.000000
vt -35.964956 -6.374981 0.000000
vt -34.401262 -6.374981 0.000000
vt -34.401262 -7.655354 0.000000
vt -32.837568 -7.655354 0.000000
vt -32.837568 -8.935726 0.000000
vt -31.273875 -8.935726 0.000000
vt -31.273875 -10.216099 0.000000
vt -29.710181 -10.216099 0.000000
vt -29.710181 -11.496471 0.000000
vt -28.146487 -11.496471 0.000000
vt -28.146487 -12.776844 0.000000
vt -26.582793 -12.776844 0.000000
vt -28.146487 -14.061398 0.000000
vt -26.582793 -14.061863 0.000000
vt -28.146487 -15.341581 0.000000
vt -26.582793 -15.342024 0.000000
vt -28.146487 -16.621763 0.000000
vt -26.582793 -16.622186 0.000000
vt -28.146487 -17.901946 0.000000
vt -26.582793 -17.902347 0.000000
vt -28.146487 -19.182128 0.000000
vt -26.582793 -19.182508 0.000000
vt -28.146487 -20.462311 0.000000
vt -26.582793 -20.462670 0.000000
vt -28.146487 -21.742493 0.000000
vt -26.582793 -21.742831 0.000000
vt -28.146487 -23.022676 0.000000
vt -26.582793 -23.022992 0.000000
vt -28.146487 -24.302858 0.000000
vt -26.582793 -24.303154 0.000000
vt -28.146487 -25.583040 0.000000
vt -26.582793 -25.583315 0.000000
vt -28.146487 -26.863223 0.000000
vt -26.582793 -26.863476 0.000000
vt -28.146487 -28.143405 0.000000
vt -26.582793 -28.143638 0.000000
vt -28.146487 -29.423588 0.000000
vt -26.582793 -29.423799 0.000000
vt -28.146487 -30.703770 0.000000
vt -26.582793 -30.703960 0.000000
vt -28.146487 -31.983953 0.000000
vt -26.582793 -31.984122 0.000000
vt -28.146487 -33.264135 0.000000
vt -26.582793 -33.264283 0.000000
vt -28.146487 -34.544318 0.000000
vt -26.582793 -34.544444 0.000000
vt -28.146487 -35.824500 0.000000
vt -26.582793 -35.824606 0.000000
vt -28.146487 -37.104682 0.000000
vt -26.582793 -37.104767 0.000000
vt -28.146487 -38.384865 0.000000
vt -26.582793 -38.384928 0.000000
vt -28.146487 -39.665047 0.000000
vt -26.582793 -39.665090 0.000000
vt -28.146487 -40.945230 0.000000
vt -26.582793 -40.945251 0.000000
vt -28.146487 -42.225412 0.000000
vt -26.582793 -42.225412 0.000000
vt -40.656037 -3.814236 0.000000
vt -42.219731 -4.667818 0.000000
vt -40.656037 -5.094609 0.000000
vt -40.656037 -6.374981 0.000000
vt -39.092343 -6.374981 0.000000
vt -39.092343 -7.655354 0.000000
vt -37.528650 -7.655354 0.000000
vt -37.528650 -8.935726 0.000000
vt -35.964956 -8.935726 0.000000
vt -35.964956 -10.216099 0.000000
vt -34.401262 -10.216099 0.000000
vt -34.401262 -11.496471 0.000000
vt -32.837568 -11.496471 0.000000
vt -32.837568 -12.776844 0.000000
vt -31.273875 -12.776844 0.000000
vt -32.837568 -14.060004 0.000000
vt -31.273875 -14.060469 0.000000
vt -32.837568 -15.340250 0.000000
vt -31.273875 -15.340694 0.000000
vt -32.837568 -16.620496 0.000000
vt -31.273875 -16.620918 0.000000
vt -32.837568 -17.900742 0.000000
vt -31.273875 -17.901143 0.000000
vt -32.837568 -19.180988 0.000000
vt -31.273875 -19.181368 0.000000
vt -32.837568 -20.461233 0.000000
vt -31.273875 -20.461593 0.000000
vt -32.837568 -21.741479 0.000000
vt -31.273875 -21.741817 0.000000
vt -32.837568 -23.021725 0.000000
vt -31.273875 -23.022042 0.000000
vt -32.837568 -24.301971 0.000000
vt -31.273875 -24.302267 0.000000
vt -32.837568 -25.582217 0.000000
vt -31.273875 -25.582491 0.000000
vt -32.837568 -26.862462 0.000000
vt -31.273875 -26.862716 0.000000
vt -32.837568 -28.142708 0.000000
vt -31.273875 -28.142941 0.000000
vt -32.837568 -29.422954 0.000000
vt -31.273875 -29.423165 0.000000
vt -32.837568 -30.703200 0.000000
vt -31.273875 -30.703390 0.000000
vt -32.837568 -31.983446 0.000000
vt -31.273875 -31.983615 0.000000
vt -32.837568 -33.263692 0.000000
vt -31.273875 -33.263839 0.000000
vt -32.837568 -34.543937 0.000000
vt -31.273875 -34.544064 0.000000
vt -32.837568 -35.824183 0.000000
vt -31.273875 -35.824289 0.000000
vt -32.837568 -37.104429 0.000000
vt -31.273875 -37.104513 0.000000
vt -32.837568 -38.384675 0.000000
vt -31.273875 -38.384738 0.000000
vt -32.837568 -39.664921 0.000000
vt -31.273875 -39.664963 0.000000
vt -32.837568 -40.945166 0.000000
vt -31.273875 -40.945187 0.000000
vt -32.837568 -42.225412 0.000000
vt -31.273875 -42.225412 0.000000
vt -42.219731 -7.015167 0.000000
vt -40.656037 -7.655354 0.000000
vt -39.092343 -8.935726 0.000000
vt -37.528650 -10.216099 0.000000
vt -35.964956 -11.496471 0.000000
vt -34.401262 -12.776844 0.000000
vt -34.401262 -14.059540 0.000000
vt -34.401262 -15.339807 0.000000
vt -34.401262 -16.620074 0.000000
vt -34.401262 -17.900341 0.000000
vt -34.401262 -19.180607 0.000000
vt -34.401262 -20.460874 0.000000
vt -34.401262 -21.741141 0.000000
vt -34.401262 -23.021408 0.000000
vt -34.401262 -24.301675 0.000000
vt -34.401262 -25.581942 0.000000
vt -34.401262 -26.862209 0.000000
vt -34.401262 -28.142476 0.000000
vt -34.401262 -29.422743 0.000000
vt -34.401262 -30.703010 0.000000
vt -34.401262 -31.983277 0.000000
vt -34.401262 -33.263544 0.000000
vt -34.401262 -34.543811 0.000000
vt -34.401262 -35.824078 0.000000
vt -34.401262 -37.104344 0.000000
vt -34.401262 -38.384611 0.000000
vt -34.401262 -39.664878 0.000000
vt -34.401262 -40.945145 0.000000
vt -34.401262 -42.225412 0.000000
vt -42.219731 -9.362517 0.000000
vt -40.656037 -8.935726 0.000000
vt -39.092343 -10.216099 0.000000
vt -37.528650 -11.496471 0.000000
vt -35.964956 -12.776844 0.000000
vt -35.964956 -14.059075 0.000000
vt -35.964956 -15.339363 0.000000
vt -35.964956 -16.619651 0.000000
vt -35.964956 -17.899939 0.000000
vt -35.964956 -19.180227 0.000000
vt -35.964956 -20.460515 0.000000
vt -35.964956 -21.740803 0.000000
vt -35.964956 -23.021091 0.000000
vt -35.964956 -24.301379 0.000000
vt -35.964956 -25.581668 0.000000
vt -35.964956 -26.861956 0.000000
vt -35.964956 -28.142244 0.000000
vt -35.964956 -29.422532 0.000000
vt -35.964956 -30.702820 0.000000
vt -35.964956 -31.983108 0.000000
vt -35.964956 -33.263396 0.000000
vt -35.964956 -34.543684 0.000000
vt -35.964956 -35.823972 0.000000
vt -35.964956 -37.104260 0.000000
vt -35.964956 -38.384548 0.000000
vt -35.964956 -39.664836 0.000000
vt -35.964956 -40.945124 0.000000
vt -35.964956 -42.225412 0.000000
vt -40.656037 -10.216099 0.000000
vt -42.219731 -11.709867 0.000000
vt -40.656037 -11.496471 0.000000
vt -40.656037 -12.776844 0.000000
vt -39.092343 -12.776844 0.000000
vt -40.656037 -14.057681 0.000000
vt -39.092343 -14.058146 0.000000
vt -40.656037 -15.338032 0.000000
vt -39.092343 -15.338476 0.000000
vt -40.656037 -16.618384 0.000000
vt -39.092343 -16.618806 0.000000
vt -40.656037 -17.898735 0.000000
vt -39.092343 -17.899137 0.000000
vt -40.656037 -19.179087 0.000000
vt -39.092343 -19.179467 0.000000
vt -40.656037 -20.459438 0.000000
vt -39.092343 -20.459797 0.000000
vt -40.656037 -21.739790 0.000000
vt -39.092343 -21.740127 0.000000
vt -40.656037 -23.020141 0.000000
vt -39.092343 -23.020458 0.000000
vt -40.656037 -24.300492 0.000000
vt -39.092343 -24.300788 0.000000
vt -40.656037 -25.580844 0.000000
vt -39.092343 -25.581118 0.000000
vt -40.656037 -26.861195 0.000000
vt -39.092343 -26.861449 0.000000
vt -40.656037 -28.141547 0.000000
vt -39.092343 -28.141779 0.000000
vt -40.656037 -29.421898 0.000000
vt -39.092343 -29.422109 0.000000
vt -40.656037 -30.702249 0.000000
vt -39.092343 -30.702440 0.000000
vt -40.656037 -31.982601 0.000000
vt -39.092343 -31.982770 0.000000
vt -40.656037 -33.262952 0.000000
vt -39.092343 -33.263100 0.000000
vt -40.656037 -34.543304 0.000000
vt -39.092343 -34.543430 0.000000
vt -40.656037 -35.823655 0.000000
vt -39.092343 -35.823761 0.000000
vt -40.656037 -37.104006 0.000000
vt -39.092343 -37.104091 0.000000
vt -40.656037 -38.384358 0.000000
vt -39.092343 -38.384421 0.000000
vt -40.656037 -39.664709 0.000000
vt -39.092343 -39.664752 0.000000
vt -40.656037 -40.945061 0.000000
vt -39.092343 -40.945082 0.000000
vt -40.656037 -42.225412 0.000000
vt -39.092343 -42.225412 0.000000
vt -42.219731 -14.057216 0.000000
vt -42.219731 -16.404566 0.000000
vt -42.219731 -18.751916 0.000000
vt -42.219731 -21.099265 0.000000
vt -42.219731 -23.446615 0.000000
vt -42.219731 -25.793965 0.000000
vt -42.219731 -28.141314 0.000000
vt -42.219731 -30.488664 0.000000
vt -42.219731 -32.836014 0.000000
vt -42.219731 -35.183363 0.000000
vt -42.219731 -37.530713 0.000000
vt -42.219731 -39.878063 0.000000
vt -42.219731 -42.225412 0.000000
vt -37.528650 -40.945103 0.000000
vt -37.528650 -42.225412 0.000000
vt -29.710181 -40.945209 0.000000
vt -29.710181 -42.225412 0.000000
vt -25.019100 -40.945272 0.000000
vt -25.019100 -42.225412 0.000000
vt -23.455406 -40.945293 0.000000
vt -23.455406 -42.225412 0.000000
vt -21.891712 -40.945314 0.000000
vt -21.891712 -42.225412 0.000000
vt -20.328019 -40.945335 0.000000
vt -20.328019 -42.225412 0.000000
vt -18.764325 -40.945356 0.000000
vt -18.764325 -42.225412 0.000000
vt -17.200631 -40.945378 0.000000
vt -17.200631 -42.225412 0.000000
vt -15.636937 -40.945399 0.000000
vt -15.636937 -42.225412 0.000000
vt -14.073244 -40.945420 0.000000
vt -14.073244 -42.225412 0.000000
vt -12.509550 -40.945441 0.000000
vt -12.509550 -42.225412 0.000000
vt -10.945856 -40.945462 0.000000
vt -10.945856 -42.225412 0.000000
vt -9.382162 -40.945483 0.000000
vt -9.382162 -42.225412 0.000000
vt -7.818469 -40.945504 0.000000
vt -7.818469 -42.225412 0.000000
vt -6.254775 -40.945525 0.000000
vt -6.254775 -42.225412 0.000000
vt -4.691081 -40.945547 0.000000
vt -4.691081 -42.225412 0.000000
vt -3.127387 -40.945568 0.000000
vt -3.127387 -42.225412 0.000000
vt -1.563694 -40.945589 0.000000
vt -1.563694 -42.225412 0.000000
vt -0.000000 -40.945610 0.000000
vt -0.000000 -42.225412 0.000000
vt -0.000000 -39.665808 0.000000
vt -1.563694 -39.665765 0.000000
vt -3.127387 -39.665723 0.000000
vt -4.691081 -39.665681 0.000000
vt -6.254775 -39.665639 0.000000
vt -7.818469 -39.665596 0.000000
vt -9.382162 -39.665554 0.000000
vt -10.945856 -39.665512 0.000000
vt -12.509550 -39.665470 0.000000
vt -14.073244 -39.665427 0.000000
vt -15.636937 -39.665385 0.000000
vt -17.200631 -39.665343 0.000000
vt -18.764325 -39.665301 0.000000
vt -20.328019 -39.665258 0.000000
vt -21.891712 -39.665216 0.000000
vt -23.455406 -39.665174 0.000000
vt -25.019100 -39.665132 0.000000
vt -0.000000 -38.386005 0.000000
vt -1.563694 -38.385942 0.000000
vt -3.127387 -38.385879 0.000000
vt -4.691081 -38.385815 0.000000
vt -6.254775 -38.385752 0.000000
vt -7.818469 -38.385689 0.000000
vt -9.382162 -38.385625 0.000000
vt -10.945856 -38.385562 0.000000
vt -12.509550 -38.385498 0.000000
vt -14.073244 -38.385435 0.000000
vt -15.636937 -38.385372 0.000000
vt -17.200631 -38.385308 0.000000
vt -18.764325 -38.385245 0.000000
vt -20.328019 -38.385182 0.000000
vt -21.891712 -38.385118 0.000000
vt -23.455406 -38.385055 0.000000
vt -25.019100 -38.384992 0.000000
vt -0.000000 -37.106203 0.000000
vt -1.563694 -37.106119 0.000000
vt -3.127387 -37.106034 0.000000
vt -4.691081 -37.105950 0.000000
vt -6.254775 -37.105865 0.000000
vt -7.818469 -37.105781 0.000000
vt -9.382162 -37.105696 0.000000
vt -10.945856 -37.105612 0.000000
vt -12.509550 -37.105527 0.000000
vt -14.073244 -37.105443 0.000000
vt -15.636937 -37.105358 0.000000
vt -17.200631 -37.105274 0.000000
vt -18.764325 -37.105189 0.000000
vt -20.328019 -37.105105 0.000000
vt -21.891712 -37.105020 0.000000
vt -23.455406 -37.104936 0.000000
vt -25.019100 -37.104851 0.000000
vt -0.000000 -35.826401 0.000000
vt -1.563694 -35.826295 0.000000
vt -3.127387 -35.826190 0.000000
vt -4.691081 -35.826084 0.000000
vt -6.254775 -35.825978 0.000000
vt -7.818469 -35.825873 0.000000
vt -9.382162 -35.825767 0.000000
vt -10.945856 -35.825662 0.000000
vt -12.509550 -35.825556 0.000000
vt -14.073244 -35.825450 0.000000
vt -15.636937 -35.825345 0.000000
vt -17.200631 -35.825239 0.000000
vt -18.764325 -35.825134 0.000000
vt -20.328019 -35.825028 0.000000
vt -21.891712 -35.824922 0.000000
vt -23.455406 -35.824817 0.000000
vt -25.019100 -35.824711 0.000000
vt -0.000000 -34.546599 0.000000
vt -1.563694 -34.546472 0.000000
vt -3.127387 -34.546345 0.000000
vt -4.691081 -34.546218 0.000000
vt -6.254775 -34.546092 0.000000
vt -7.818469 -34.545965 0.000000
vt -9.382162 -34.545838 0.000000
vt -10.945856 -34.545712 0.000000
vt -12.509550 -34.545585 0.000000
vt -14.073244 -34.545458 0.000000
vt -15.636937 -34.545331 0.000000
vt -17.200631 -34.545205 0.000000
vt -18.764325 -34.545078 0.000000
vt -20.328019 -34.544951 0.000000
vt -21.891712 -34.544824 0.000000
vt -23.455406 -34.544698 0.000000
vt -25.019100 -34.544571 0.000000
vt -0.000000 -33.266796 0.000000
vt -1.563694 -33.266649 0.000000
vt -3.127387 -33.266501 0.000000
vt -4.691081 -33.266353 0.000000
vt -6.254775 -33.266205 0.000000
vt -7.818469 -33.266057 0.000000
vt -9.382162 -33.265909 0.000000
vt -10.945856 -33.265761 0.000000
vt -12.509550 -33.265614 0.000000
vt -14.073244 -33.265466 0.000000
vt -15.636937 -33.265318 0.000000
vt -17.200631 -33.265170 0.000000
vt -18.764325 -33.265022 0.000000
vt -20.328019 -33.264874 0.000000
vt -21.891712 -33.264726 0.000000
vt -23.455406 -33.264579 0.000000
vt -25.019100 -33.264431 0.000000
vt -0.000000 -31.986994 0.000000
vt -1.563694 -31.986825 0.000000
vt -3.127387 -31.986656 0.000000
vt -4.691081 -31.986487 0.000000
vt -6.254775 -31.986318 0.000000
vt -7.818469 -31.986149 0.000000
vt -9.382162 -31.985980 0.000000
vt -10.945856 -31.985811 0.000000
vt -12.509550 -31.985642 0.000000
vt -14.073244 -31.985473 0.000000
vt -15.636937 -31.985304 0.000000
vt -17.200631 -31.985135 0.000000
vt -18.764325 -31.984966 0.000000
vt -20.328019 -31.984798 0.000000
vt -21.891712 -31.984629 0.000000
vt -23.455406 -31.984460 0.000000
vt -25.019100 -31.984291 0.000000
vt -0.000000 -30.707192 0.000000
vt -1.563694 -30.707002 0.000000
vt -3.127387 -30.706812 0.000000
vt -4.691081 -30.706622 0.000000
vt -6.254775 -30.706432 0.000000
vt -7.818469 -30.706241 0.000000
vt -9.382162 -30.706051 0.000000
vt -10.945856 -30.705861 0.000000
vt -12.509550 -30.705671 0.000000
vt -14.073244 -30.705481 0.000000
vt -15.636937 -30.705291 0.000000
vt -17.200631 -30.705101 0.000000
vt -18.764325 -30.704911 0.000000
vt -20.328019 -30.704721 0.000000
vt -21.891712 -30.704531 0.000000
vt -23.455406 -30.704340 0.000000
vt -25.019100 -30.704150 0.000000
vt -0.000000 -29.427390 0.000000
vt -1.563694 -29.427178 0.000000
vt -3.127387 -29.426967 0.000000
vt -4.691081 -29.426756 0.000000
vt -6.254775 -29.426545 0.000000
vt -7.818469 -29.426334 0.000000
vt -9.382162 -29.426122 0.000000
vt -10.945856 -29.425911 0.000000
vt -12.509550 -29.425700 0.000000
vt -14.073244 -29.425489 0.000000
vt -15.636937 -29.425278 0.000000
vt -17.200631 -29.425066 0.000000
vt -18.764325 -29.424855 0.000000
vt -20.328019 -29.424644 0.000000
vt -21.891712 -29.424433 0.000000
vt -23.455406 -29.424221 0.000000
vt -25.019100 -29.424010 0.000000
vt -0.000000 -28.147587 0.000000
vt -1.563694 -28.147355 0.000000
vt -3.127387 -28.147123 0.000000
vt -4.691081 -28.146890 0.000000
vt -6.254775 -28.146658 0.000000
vt -7.818469 -28.146426 0.000000
vt -9.382162 -28.146193 0.000000
vt -10.945856 -28.145961 0.000000
vt -12.509550 -28.145729 0.000000
vt -14.073244 -28.145496 0.000000
vt -15.636937 -28.145264 0.000000
vt -17.200631 -28.145032 0.000000
vt -18.764325 -28.144799 0.000000
vt -20.328019 -28.144567 0.000000
vt -21.891712 -28.144335 0.000000
vt -23.455406 -28.144102 0.000000
vt -25.019100 -28.143870 0.000000
vt -0.000000 -26.867785 0.000000
vt -1.563694 -26.867532 0.000000
vt -3.127387 -26.867278 0.000000
vt -4.691081 -26.867025 0.000000
vt -6.254775 -26.866771 0.000000
vt -7.818469 -26.866518 0.000000
vt -9.382162 -26.866264 0.000000
vt -10.945856 -26.866011 0.000000
vt -12.509550 -26.865758 0.000000
vt -14.073244 -26.865504 0.000000
vt -15.636937 -26.865251 0.000000
vt -17.200631 -26.864997 0.000000
vt -18.764325 -26.864744 0.000000
vt -20.328019 -26.864490 0.000000
vt -21.891712 -26.864237 0.000000
vt -23.455406 -26.863983 0.000000
vt -25.019100 -26.863730 0.000000
vt -0.000000 -25.587983 0.000000
vt -1.563694 -25.587708 0.000000
vt -3.127387 -25.587434 0.000000
vt -4.691081 -25.587159 0.000000
vt -6.254775 -25.586885 0.000000
vt -7.818469 -25.586610 0.000000
vt -9.382162 -25.586335 0.000000
vt -10.945856 -25.586061 0.000000
vt -12.509550 -25.585786 0.000000
vt -14.073244 -25.585512 0.000000
vt -15.636937 -25.585237 0.000000
vt -17.200631 -25.584963 0.000000
vt -18.764325 -25.584688 0.000000
vt -20.328019 -25.584413 0.000000
vt -21.891712 -25.584139 0.000000
vt -23.455406 -25.583864 0.000000
vt -25.019100 -25.583590 0.000000
vt -0.000000 -24.308181 0.000000
vt -1.563694 -24.307885 0.000000
vt -3.127387 -24.307589 0.000000
vt -4.691081 -24.307294 0.000000
vt -6.254775 -24.306998 0.000000
vt -7.818469 -24.306702 0.000000
vt -9.382162 -24.306406 0.000000
vt -10.945856 -24.306111 0.000000
vt -12.509550 -24.305815 0.000000
vt -14.073244 -24.305519 0.000000
vt -15.636937 -24.305224 0.000000
vt -17.200631 -24.304928 0.000000
vt -18.764325 -24.304632 0.000000
vt -20.328019 -24.304337 0.000000
vt -21.891712 -24.304041 0.000000
vt -23.455406 -24.303745 0.000000
vt -25.019100 -24.303449 0.000000
vt -0.000000 -23.028378 0.000000
vt -1.563694 -23.028062 0.000000
vt -3.127387 -23.027745 0.000000
vt -4.691081 -23.027428 0.000000
vt -6.254775 -23.027111 0.000000
vt -7.818469 -23.026794 0.000000
vt -9.382162 -23.026477 0.000000
vt -10.945856 -23.026161 0.000000
vt -12.509550 -23.025844 0.000000
vt -14.073244 -23.025527 0.000000
vt -15.636937 -23.025210 0.000000
vt -17.200631 -23.024893 0.000000
vt -18.764325 -23.024577 0.000000
vt -20.328019 -23.024260 0.000000
vt -21.891712 -23.023943 0.000000
vt -23.455406 -23.023626 0.000000
vt -25.019100 -23.023309 0.000000
vt -0.000000 -21.748576 0.000000
vt -1.563694 -21.748238 0.000000
vt -3.127387 -21.747900 0.000000
vt -4.691081 -21.747562 0.000000
vt -6.254775 -21.747224 0.000000
vt -7.818469 -21.746886 0.000000
vt -9.382162 -21.746549 0.000000
vt -10.945856 -21.746211 0.000000
vt -12.509550 -21.745873 0.000000
vt -14.073244 -21.745535 0.000000
vt -15.636937 -21.745197 0.000000
vt -17.200631 -21.744859 0.000000
vt -18.764325 -21.744521 0.000000
vt -20.328019 -21.744183 0.000000
vt -21.891712 -21.743845 0.000000
vt -23.455406 -21.743507 0.000000
vt -25.019100 -21.743169 0.000000
vt -0.000000 -20.468774 0.000000
vt -1.563694 -20.468415 0.000000
vt -3.127387 -20.468056 0.000000
vt -4.691081 -20.467697 0.000000
vt -6.254775 -20.467338 0.000000
vt -7.818469 -20.466979 0.000000
vt -9.382162 -20.466620 0.000000
vt -10.945856 -20.466260 0.000000
vt -12.509550 -20.465901 0.000000
vt -14.073244 -20.465542 0.000000
vt -15.636937 -20.465183 0.000000
vt -17.200631 -20.464824 0.000000
vt -18.764325 -20.464465 0.000000
vt -20.328019 -20.464106 0.000000
vt -21.891712 -20.463747 0.000000
vt -23.455406 -20.463388 0.000000
vt -25.019100 -20.463029 0.000000
vt -0.000000 -19.188972 0.000000
vt -1.563694 -19.188592 0.000000
vt -3.127387 -19.188211 0.000000
vt -4.691081 -19.187831 0.000000
vt -6.254775 -19.187451 0.000000
vt -7.818469 -19.187071 0.000000
vt -9.382162 -19.186691 0.000000
vt -10.945856 -19.186310 0.000000
vt -12.509550 -19.185930 0.000000
vt -14.073244 -19.185550 0.000000
vt -15.636937 -19.185170 0.000000
vt -17.200631 -19.184790 0.000000
vt -18.764325 -19.184409 0.000000
vt -20.328019 -19.184029 0.000000
vt -21.891712 -19.183649 0.000000
vt -23.455406 -19.183269 0.000000
vt -25.019100 -19.182889 0.000000
vt -0.000000 -17.909169 0.000000
vt -1.563694 -17.908768 0.000000
vt -3.127387 -17.908367 0.000000
vt -4.691081 -17.907966 0.000000
vt -6.254775 -17.907564 0.000000
vt -7.818469 -17.907163 0.000000
vt -9.382162 -17.906762 0.000000
vt -10.945856 -17.906360 0.000000
vt -12.509550 -17.905959 0.000000
vt -14.073244 -17.905558 0.000000
vt -15.636937 -17.905156 0.000000
vt -17.200631 -17.904755 0.000000
vt -18.764325 -17.904354 0.000000
vt -20.328019 -17.903952 0.000000
vt -21.891712 -17.903551 0.000000
vt -23.455406 -17.903150 0.000000
vt -25.019100 -17.902748 0.000000
vt -0.000000 -16.629367 0.000000
vt -1.563694 -16.628945 0.000000
vt -3.127387 -16.628522 0.000000
vt -4.691081 -16.628100 0.000000
vt -6.254775 -16.627677 0.000000
vt -7.818469 -16.627255 0.000000
vt -9.382162 -16.626833 0.000000
vt -10.945856 -16.626410 0.000000
vt -12.509550 -16.625988 0.000000
vt -14.073244 -16.625565 0.000000
vt -15.636937 -16.625143 0.000000
vt -17.200631 -16.624720 0.000000
vt -18.764325 -16.624298 0.000000
vt -20.328019 -16.623876 0.000000
vt -21.891712 -16.623453 0.000000
vt -23.455406 -16.623031 0.000000
vt -25.019100 -16.622608 0.000000
vt -0.000000 -15.349565 0.000000
vt -1.563694 -15.349121 0.000000
vt -3.127387 -15.348678 0.000000
vt -4.691081 -15.348234 0.000000
vt -6.254775 -15.347791 0.000000
vt -7.818469 -15.347347 0.000000
vt -9.382162 -15.346904 0.000000
vt -10.945856 -15.346460 0.000000
vt -12.509550 -15.346017 0.000000
vt -14.073244 -15.345573 0.000000
vt -15.636937 -15.345129 0.000000
vt -17.200631 -15.344686 0.000000
vt -18.764325 -15.344242 0.000000
vt -20.328019 -15.343799 0.000000
vt -21.891712 -15.343355 0.000000
vt -23.455406 -15.342912 0.000000
vt -25.019100 -15.342468 0.000000
vt -0.000000 -14.069763 0.000000
vt -1.563694 -14.069298 0.000000
vt -3.127387 -14.068833 0.000000
vt -4.691081 -14.068369 0.000000
vt -6.254775 -14.067904 0.000000
vt -7.818469 -14.067439 0.000000
vt -9.382162 -14.066975 0.000000
vt -10.945856 -14.066510 0.000000
vt -12.509550 -14.066045 0.000000
vt -14.073244 -14.065581 0.000000
vt -15.636937 -14.065116 0.000000
vt -17.200631 -14.064651 0.000000
vt -18.764325 -14.064187 0.000000
vt -20.328019 -14.063722 0.000000
vt -21.891712 -14.063257 0.000000
vt -23.455406 -14.062793 0.000000
vt -25.019100 -14.062328 0.000000
vt -0.000000 -12.789960 0.000000
vt -1.563694 -12.776844 0.000000
vt -3.127387 -12.776844 0.000000
vt -4.691081 -12.776844 0.000000
vt -6.254775 -12.776844 0.000000
vt -7.818469 -12.776844 0.000000
vt -9.382162 -12.776844 0.000000
vt -10.945856 -12.776844 0.000000
vt -12.509550 -12.776844 0.000000
vt -14.073244 -12.776844 0.000000
vt -15.636937 -12.776844 0.000000
vt -17.200631 -12.776844 0.000000
vt -18.764325 -12.776844 0.000000
vt -20.328019 -12.776844 0.000000
vt -21.891712 -12.776844 0.000000
vt -23.455406 -12.776844 0.000000
vt -25.019100 -12.776844 0.000000
vt -0.000000 -11.510158 0.000000
vt -1.563694 -11.496471 0.000000
vt -3.127387 -11.496471 0.000000
vt -3.127387 -10.216099 0.000000
vt -4.691081 -10.216099 0.000000
vt -4.691081 -8.935726 0.000000
vt -6.254775 -8.935726 0.000000
vt -6.254775 -7.655354 0.000000
vt -7.818469 -7.655354 0.000000
vt -7.818469 -6.374981 0.000000
vt -9.382162 -6.374981 0.000000
vt -9.382162 -5.094609 0.000000
vt -10.945856 -5.094609 0.000000
vt -10.945856 -3.814236 0.000000
vt -12.509550 -3.814236 0.000000
vt -12.509550 -2.533864 0.000000
vt -14.073244 -2.533864 0.000000
vt -0.000000 -10.230356 0.000000
vt -1.563694 -10.216099 0.000000
vt -3.127387 -8.935726 0.000000
vt -4.691081 -7.655354 0.000000
vt -6.254775 -6.374981 0.000000
vt -7.818469 -5.094609 0.000000
vt -9.382162 -3.814236 0.000000
vt -10.945856 -2.533864 0.000000
vt -0.000000 -8.950554 0.000000
vt -1.563694 -8.935726 0.000000
vt -3.127387 -7.655354 0.000000
vt -4.691081 -6.374981 0.000000
vt -6.254775 -5.094609 0.000000
vt -7.818469 -3.814236 0.000000
vt -9.382162 -2.533864 0.000000
vt -0.000000 -7.670752 0.000000
vt -1.563694 -7.655354 0.000000
vt -3.127387 -6.374981 0.000000
vt -4.691081 -5.094609 0.000000
vt -6.254775 -3.814236 0.000000
vt -7.818469 -2.533864 0.000000
vt -0.000000 -6.390949 0.000000
vt -1.563694 -6.374981 0.000000
vt -3.127387 -5.094609 0.000000
vt -4.691081 -3.814236 0.000000
vt -6.254775 -2.533864 0.000000
vt -0.000000 -5.111147 0.000000
vt -1.563694 -5.094609 0.000000
vt -3.127387 -3.814236 0.000000
vt -4.691081 -2.533864 0.000000
vt -0.000000 -3.831345 0.000000
vt -1.563694 -3.814236 0.000000
vt -3.127387 -2.533864 0.000000
vt -0.000000 -2.551543 0.000000
vt -1.563694 -2.533864 0.000000
vt -37.528650 -2.533864 0.000000
vt -35.964956 -2.533864 0.000000
vt -34.401262 -2.533864 0.000000
vt -32.837568 -2.533864 0.000000
vt -31.273875 -2.533864 0.000000
vt -29.710181 -2.533864 0.000000
vt -28.146487 -2.533864 0.000000
vt -26.582793 -2.533864 0.000000
vt -25.019100 -2.533864 0.000000
vt -23.455406 -2.533864 0.000000
vt -21.891712 -2.533864 0.000000
vt -20.328019 -2.533864 0.000000
vt -18.764325 -2.533864 0.000000
vt -17.200631 -2.533864 0.000000
vt -15.636937 -2.533864 0.000000
vt -35.964956 -3.814236 0.000000
vt -34.401262 -3.814236 0.000000
vt -32.837568 -3.814236 0.000000
vt -31.273875 -3.814236 0.000000
vt -29.710181 -3.814236 0.000000
vt -28.146487 -3.814236 0.000000
vt -26.582793 -3.814236 0.000000
vt -25.019100 -3.814236 0.000000
vt -23.455406 -3.814236 0.000000
vt -21.891712 -3.814236 0.000000
vt -20.328019 -3.814236 0.000000
vt -18.764325 -3.814236 0.000000
vt -17.200631 -3.814236 0.000000
vt -15.636937 -3.814236 0.000000
vt -14.073244 -3.814236 0.000000
vt -39.092343 -5.094609 0.000000
vt -37.528650 -6.374981 0.000000
vt -35.964956 -7.655354 0.000000
vt -34.401262 -8.935726 0.000000
vt -32.837568 -10.216099 0.000000
vt -31.273875 -11.496471 0.000000
vt -29.710181 -12.776844 0.000000
vt -29.710181 -14.060934 0.000000
vt -29.710181 -15.341137 0.000000
vt -29.710181 -16.621341 0.000000
vt -29.710181 -17.901544 0.000000
vt -29.710181 -19.181748 0.000000
vt -29.710181 -20.461952 0.000000
vt -29.710181 -21.742155 0.000000
vt -29.710181 -23.022359 0.000000
vt -29.710181 -24.302562 0.000000
vt -29.710181 -25.582766 0.000000
vt -29.710181 -26.862969 0.000000
vt -29.710181 -28.143173 0.000000
vt -29.710181 -29.423377 0.000000
vt -29.710181 -30.703580 0.000000
vt -29.710181 -31.983784 0.000000
vt -29.710181 -33.263987 0.000000
vt -29.710181 -34.544191 0.000000
vt -29.710181 -35.824394 0.000000
vt -29.710181 -37.104598 0.000000
vt -29.710181 -38.384801 0.000000
vt -29.710181 -39.665005 0.000000
vt -34.401262 -5.094609 0.000000
vt -32.837568 -5.094609 0.000000
vt -32.837568 -6.374981 0.000000
vt -31.273875 -5.094609 0.000000
vt -31.273875 -6.374981 0.000000
vt -31.273875 -7.655354 0.000000
vt -29.710181 -5.094609 0.000000
vt -29.710181 -6.374981 0.000000
vt -29.710181 -7.655354 0.000000
vt -29.710181 -8.935726 0.000000
vt -28.146487 -5.094609 0.000000
vt -28.146487 -6.374981 0.000000
vt -28.146487 -7.655354 0.000000
vt -28.146487 -8.935726 0.000000
vt -28.146487 -10.216099 0.000000
vt -26.582793 -5.094609 0.000000
vt -26.582793 -6.374981 0.000000
vt -26.582793 -7.655354 0.000000
vt -26.582793 -8.935726 0.000000
vt -26.582793 -10.216099 0.000000
vt -26.582793 -11.496471 0.000000
vt -25.019100 -5.094609 0.000000
vt -25.019100 -6.374981 0.000000
vt -25.019100 -7.655354 0.000000
vt -25.019100 -8.935726 0.000000
vt -25.019100 -10.216099 0.000000
vt -25.019100 -11.496471 0.000000
vt -23.455406 -5.094609 0.000000
vt -23.455406 -6.374981 0.000000
vt -23.455406 -7.655354 0.000000
vt -23.455406 -8.935726 0.000000
vt -23.455406 -10.216099 0.000000
vt -23.455406 -11.496471 0.000000
vt -21.891712 -5.094609 0.000000
vt -21.891712 -6.374981 0.000000
vt -21.891712 -7.655354 0.000000
vt -21.891712 -8.935726 0.000000
vt -21.891712 -10.216099 0.000000
vt -21.891712 -11.496471 0.000000
vt -20.328019 -5.094609 0.000000
vt -20.328019 -6.374981 0.000000
vt -20.328019 -7.655354 0.000000
vt -20.328019 -8.935726 0.000000
vt -20.328019 -10.216099 0.000000
vt -20.328019 -11.496471 0.000000
vt -18.764325 -5.094609 0.000000
vt -18.764325 -6.374981 0.000000
vt -18.764325 -7.655354 0.000000
vt -18.764325 -8.935726 0.000000
vt -18.764325 -10.216099 0.000000
vt -18.764325 -11.496471 0.000000
vt -17.200631 -5.094609 0.000000
vt -17.200631 -6.374981 0.000000
vt -17.200631 -7.655354 0.000000
vt -17.200631 -8.935726 0.000000
vt -17.200631 -10.216099 0.000000
vt -17.200631 -11.496471 0.000000
vt -15.636937 -5.094609 0.000000
vt -15.636937 -6.374981 0.000000
vt -15.636937 -7.655354 0.000000
vt -15.636937 -8.935726 0.000000
vt -15.636937 -10.216099 0.000000
vt -15.636937 -11.496471 0.000000
vt -14.073244 -5.094609 0.000000
vt -14.073244 -6.374981 0.000000
vt -14.073244 -7.655354 0.000000
vt -14.073244 -8.935726 0.000000
vt -14.073244 -10.216099 0.000000
vt -14.073244 -11.496471 0.000000
vt -12.509550 -5.094609 0.000000
vt -12.509550 -6.374981 0.000000
vt -12.509550 -7.655354 0.000000
vt -12.509550 -8.935726 0.000000
vt -12.509550 -10.216099 0.000000
vt -12.509550 -11.496471 0.000000
vt -10.945856 -6.374981 0.000000
vt -9.382162 -7.655354 0.000000
vt -7.818469 -8.935726 0.000000
vt -6.254775 -10.216099 0.000000
vt -4.691081 -11.496471 0.000000
vt -10.945856 -7.655354 0.000000
vt -10.945856 -8.935726 0.000000
vt -10.945856 -10.216099 0.000000
vt -10.945856 -11.496471 0.000000
vt -9.382162 -8.935726 0.000000
vt -7.818469 -10.216099 0.000000
vt -6.254775 -11.496471 0.000000
vt -39.092343 -11.496471 0.000000
vt -37.528650 -12.776844 0.000000
vt -37.528650 -14.058610 0.000000
vt -37.528650 -15.338920 0.000000
vt -37.528650 -16.619229 0.000000
vt -37.528650 -17.899538 0.000000
vt -37.528650 -19.179847 0.000000
vt -37.528650 -20.460156 0.000000
vt -37.528650 -21.740465 0.000000
vt -37.528650 -23.020775 0.000000
vt -37.528650 -24.301084 0.000000
vt -37.528650 -25.581393 0.000000
vt -37.528650 -26.861702 0.000000
vt -37.528650 -28.142011 0.000000
vt -37.528650 -29.422320 0.000000
vt -37.528650 -30.702630 0.000000
vt -37.528650 -31.982939 0.000000
vt -37.528650 -33.263248 0.000000
vt -37.528650 -34.543557 0.000000
vt -37.528650 -35.823866 0.000000
vt -37.528650 -37.104175 0.000000
vt -37.528650 -38.384485 0.000000
vt -37.528650 -39.664794 0.000000
vt -9.382162 -10.216099 0.000000
vt -9.382162 -11.496471 0.000000
vt -7.818469 -11.496471 0.000000
vt 3.345617 -31.405911 0.000000
vt -3.345617 -31.405911 0.000000
vt 3.345617 -32.279131 0.000000
vt -3.345617 -32.279131 0.000000
vt 3.345617 -33.152350 0.000000
vt -3.345617 -33.152350 0.000000
vt 3.345617 -34.025570 0.000000
vt -3.345617 -34.025570 0.000000
vt 3.345617 -34.898790 0.000000
vt -3.345617 -34.898790 0.000000
vt 3.345617 -35.772010 0.000000
vt -3.345617 -35.772010 0.000000
vt 3.345617 -36.645229 0.000000
vt -3.345617 -36.645229 0.000000
vt 3.345617 -37.518449 0.000000
vt -3.345617 -37.518449 0.000000
vt 3.345617 -38.391669 0.000000
vt -3.345617 -38.391669 0.000000
vt 3.345617 -39.264889 0.000000
vt -3.345617 -39.264889 0.000000
vt 3.345617 -40.138108 0.000000
vt -3.345617 -40.138108 0.000000
vt 3.345617 -41.011328 0.000000
vt -3.345617 -41.011328 0.000000
vt 3.345617 -41.884548 0.000000
vt -3.345617 -41.884548 0.000000
vt 3.345617 -42.757767 0.000000
vt -3.345617 -42.757767 0.000000
vt 3.345617 -43.630987 0.000000
vt -3.345617 -43.630987 0.000000
vt 3.345617 -44.504207 0.000000
vt -3.345617 -44.504207 0.000000
vt 3.345617 -45.377427 0.000000
vt -3.345617 -45.377427 0.000000
vt 3.345617 -46.250646 0.000000
vt -3.345617 -46.250646 0.000000
vt 3.345617 -47.123866 0.000000
vt -3.345617 -47.123866 0.000000
vt 0.000000 29.134561 0.000000
vt 0.000000 30.046300 0.000000
vt -0.138845 29.576920 0.000000
vt -0.277703 30.046331 0.000000
vt -0.277690 29.576920 0.000000
vt -0.416535 29.576920 0.000000
vt -0.277690 29.106910 0.000000
vt -0.416535 29.106910 0.000000
vt -0.277690 28.636899 0.000000
vt -0.416535 28.636899 0.000000
vt -0.277690 28.166889 0.000000
vt -0.416535 28.166889 0.000000
vt -0.277690 27.696878 0.000000
vt -0.416535 27.696878 0.000000
vt -0.277690 27.226867 0.000000
vt -0.416535 27.226867 0.000000
vt -0.277690 26.756857 0.000000
vt -0.416535 26.756857 0.000000
vt -0.277690 26.286846 0.000000
vt -0.416535 26.286846 0.000000
vt -0.277690 25.816836 0.000000
vt -0.416535 25.816836 0.000000
vt -0.277690 25.346825 0.000000
vt -0.416535 25.346825 0.000000
vt -0.277690 24.876815 0.000000
vt -0.416535 24.876815 0.000000
vt -0.277690 24.406804 0.000000
vt -0.416535 24.406804 0.000000
vt -0.277690 23.936794 0.000000
vt -0.416535 23.936794 0.000000
vt -0.277690 23.466783 0.000000
vt -0.416535 23.466783 0.000000
vt -0.277690 22.996773 0.000000
vt -0.416535 22.996773 0.000000
vt -0.277690 22.530728 0.000000
vt -0.416535 22.530444 0.000000
vt -0.277690 22.057455 0.000000
vt -0.416535 22.057455 0.000000
vt -0.277690 21.588147 0.000000
vt -0.416535 21.588147 0.000000
vt -0.277690 21.118839 0.000000
vt -0.416535 21.118839 0.000000
vt -0.277690 20.649532 0.000000
vt -0.416535 20.649532 0.000000
vt -0.277690 20.180224 0.000000
vt -0.416535 20.180224 0.000000
vt -0.277690 19.710917 0.000000
vt -0.416535 19.710917 0.000000
vt -0.277690 19.241609 0.000000
vt -0.416535 19.241609 0.000000
vt -0.277690 18.772302 0.000000
vt -0.416535 18.772302 0.000000
vt -0.277690 18.302994 0.000000
vt -0.416535 18.302994 0.000000
vt -0.277690 17.833687 0.000000
vt -0.416535 17.833687 0.000000
vt -0.277690 17.364379 0.000000
vt -0.416535 17.364379 0.000000
vt -0.277690 16.895072 0.000000
vt -0.416535 16.895072 0.000000
vt -0.277690 16.425764 0.000000
vt -0.416535 16.425764 0.000000
vt -0.277690 15.956457 0.000000
vt -0.416535 15.956457 0.000000
vt -0.277690 15.487149 0.000000
vt -0.416535 15.487149 0.000000
vt -0.277703 15.017841 0.000000
vt -0.555436 15.017841 0.000000
vt -0.555379 15.487149 0.000000
vt -0.694224 15.487149 0.000000
vt -0.694224 15.956457 0.000000
vt -0.833069 15.956457 0.000000
vt -0.833069 16.425764 0.000000
vt -0.971914 16.425764 0.000000
vt -0.971914 16.895072 0.000000
vt -1.110759 16.895072 0.000000
vt -1.110759 17.364379 0.000000
vt -1.249604 17.364379 0.000000
vt -1.249604 17.833687 0.000000
vt -1.388449 17.833687 0.000000
vt -1.388449 18.302994 0.000000
vt -1.666138 18.302994 0.000000
vt -1.666138 18.772302 0.000000
vt -1.804983 18.772302 0.000000
vt -1.804983 19.241609 0.000000
vt -1.943828 19.241609 0.000000
vt -1.943828 19.710917 0.000000
vt -2.221518 19.572851 0.000000
vt -1.943828 20.180224 0.000000
vt -2.221518 20.427421 0.000000
vt -1.943828 20.649532 0.000000
vt -2.221518 21.272882 0.000000
vt -1.943828 21.118839 0.000000
vt -1.943828 21.588147 0.000000
vt -1.804983 21.118839 0.000000
vt -1.804983 21.588147 0.000000
vt -1.666138 21.118839 0.000000
vt -1.666138 21.588147 0.000000
vt -1.388449 21.118839 0.000000
vt -1.388449 21.588147 0.000000
vt -1.249604 21.118839 0.000000
vt -1.249604 21.588147 0.000000
vt -1.110759 21.118839 0.000000
vt -1.110759 21.588147 0.000000
vt -0.971914 21.118839 0.000000
vt -0.971914 21.588147 0.000000
vt -0.833069 21.118839 0.000000
vt -0.833069 21.588147 0.000000
vt -0.694224 21.118839 0.000000
vt -0.694224 21.588147 0.000000
vt -0.555379 21.118839 0.000000
vt -0.555379 21.588147 0.000000
vt -0.555436 30.046422 0.000000
vt -0.555379 29.576920 0.000000
vt -0.555379 29.106910 0.000000
vt -0.555379 28.636899 0.000000
vt -0.555379 28.166889 0.000000
vt -0.555379 27.696878 0.000000
vt -0.555379 27.226867 0.000000
vt -0.555379 26.756857 0.000000
vt -0.555379 26.286846 0.000000
vt -0.555379 25.816836 0.000000
vt -0.555379 25.346825 0.000000
vt -0.555379 24.876815 0.000000
vt -0.555379 24.406804 0.000000
vt -0.555379 23.936794 0.000000
vt -0.555379 23.466783 0.000000
vt -0.555379 22.996773 0.000000
vt -0.555379 22.530161 0.000000
vt -0.555379 22.057455 0.000000
vt -0.694224 29.576920 0.000000
vt -0.833109 30.046575 0.000000
vt -0.833069 29.576920 0.000000
vt -0.971914 29.576920 0.000000
vt -0.833069 29.106910 0.000000
vt -0.971914 29.106910 0.000000
vt -0.833069 28.636899 0.000000
vt -0.971914 28.636899 0.000000
vt -0.833069 28.166889 0.000000
vt -0.971914 28.166889 0.000000
vt -0.833069 27.696878 0.000000
vt -0.971914 27.696878 0.000000
vt -0.833069 27.226867 0.000000
vt -0.971914 27.226867 0.000000
vt -0.833069 26.756857 0.000000
vt -0.971914 26.756857 0.000000
vt -0.833069 26.286846 0.000000
vt -0.971914 26.286846 0.000000
vt -0.833069 25.816836 0.000000
vt -0.971914 25.816836 0.000000
vt -0.833069 25.346825 0.000000
vt -0.971914 25.346825 0.000000
vt -0.833069 24.876815 0.000000
vt -0.971914 24.876815 0.000000
vt -0.833069 24.406804 0.000000
vt -0.971914 24.406804 0.000000
vt -0.833069 23.936794 0.000000
vt -0.971914 23.936794 0.000000
vt -0.833069 23.466783 0.000000
vt -0.971914 23.466783 0.000000
vt -0.833069 22.996773 0.000000
vt -0.971914 22.996773 0.000000
vt -0.833069 22.529595 0.000000
vt -0.971914 22.529311 0.000000
vt -0.833069 22.057455 0.000000
vt -0.971914 22.057455 0.000000
vt -1.110871 30.046788 0.000000
vt -1.110759 29.576920 0.000000
vt -1.110759 29.106910 0.000000
vt -1.110759 28.636899 0.000000
vt -1.110759 28.166889 0.000000
vt -1.110759 27.696878 0.000000
vt -1.110759 27.226867 0.000000
vt -1.110759 26.756857 0.000000
vt -1.110759 26.286846 0.000000
vt -1.110759 25.816836 0.000000
vt -1.110759 25.346825 0.000000
vt -1.110759 24.876815 0.000000
vt -1.110759 24.406804 0.000000
vt -1.110759 23.936794 0.000000
vt -1.110759 23.466783 0.000000
vt -1.110759 22.996773 0.000000
vt -1.110759 22.529028 0.000000
vt -1.110759 22.057455 0.000000
vt -1.249604 29.576920 0.000000
vt -1.388487 30.046931 0.000000
vt -1.388449 29.576920 0.000000
vt -1.666138 29.576920 0.000000
vt -1.388449 29.106910 0.000000
vt -1.666138 29.106910 0.000000
vt -1.388449 28.636899 0.000000
vt -1.666138 28.636899 0.000000
vt -1.388449 28.166889 0.000000
vt -1.666138 28.166889 0.000000
vt -1.388449 27.696878 0.000000
vt -1.666138 27.696878 0.000000
vt -1.388449 27.226867 0.000000
vt -1.666138 27.226867 0.000000
vt -1.388449 26.756857 0.000000
vt -1.666138 26.756857 0.000000
vt -1.388449 26.286846 0.000000
vt -1.666138 26.286846 0.000000
vt -1.388449 25.816836 0.000000
vt -1.666138 25.816836 0.000000
vt -1.388449 25.346825 0.000000
vt -1.666138 25.346825 0.000000
vt -1.388449 24.876815 0.000000
vt -1.666138 24.876815 0.000000
vt -1.388449 24.406804 0.000000
vt -1.666138 24.406804 0.000000
vt -1.388449 23.936794 0.000000
vt -1.666138 23.936794 0.000000
vt -1.388449 23.466783 0.000000
vt -1.666138 23.466783 0.000000
vt -1.388449 22.996773 0.000000
vt -1.666138 22.996773 0.000000
vt -1.388449 22.528462 0.000000
vt -1.666138 22.527895 0.000000
vt -1.388449 22.057455 0.000000
vt -1.666138 22.057455 0.000000
vt -1.666196 30.046931 0.000000
vt -1.804983 29.576920 0.000000
vt -1.804983 29.106910 0.000000
vt -1.804983 28.636899 0.000000
vt -1.804983 28.166889 0.000000
vt -1.804983 27.696878 0.000000
vt -1.804983 27.226867 0.000000
vt -1.804983 26.756857 0.000000
vt -1.804983 26.286846 0.000000
vt -1.804983 25.816836 0.000000
vt -1.804983 25.346825 0.000000
vt -1.804983 24.876815 0.000000
vt -1.804983 24.406804 0.000000
vt -1.804983 23.936794 0.000000
vt -1.804983 23.466783 0.000000
vt -1.804983 22.996773 0.000000
vt -1.804983 22.527612 0.000000
vt -1.804983 22.057455 0.000000
vt -1.943841 30.046931 0.000000
vt -1.943828 29.576920 0.000000
vt -1.943828 29.106910 0.000000
vt -1.943828 28.636899 0.000000
vt -1.943828 28.166889 0.000000
vt -1.943828 27.696878 0.000000
vt -1.943828 27.226867 0.000000
vt -1.943828 26.756857 0.000000
vt -1.943828 26.286846 0.000000
vt -1.943828 25.816836 0.000000
vt -1.943828 25.346825 0.000000
vt -1.943828 24.876815 0.000000
vt -1.943828 24.406804 0.000000
vt -1.943828 23.936794 0.000000
vt -1.943828 23.466783 0.000000
vt -1.943828 22.996773 0.000000
vt -1.943828 22.527329 0.000000
vt -1.943828 22.057455 0.000000
vt -2.221518 30.046931 0.000000
vt -2.221518 29.083568 0.000000
vt -2.221518 28.150711 0.000000
vt -2.221518 27.244254 0.000000
vt -2.221518 26.359366 0.000000
vt -2.221518 25.491621 0.000000
vt -2.221518 24.636911 0.000000
vt -2.221518 23.791357 0.000000
vt -2.221518 22.951244 0.000000
vt -2.221518 22.112949 0.000000
vt -2.221518 18.705297 0.000000
vt -1.943828 18.772302 0.000000
vt -1.804983 18.302994 0.000000
vt -1.666138 17.833687 0.000000
vt -1.388449 17.364379 0.000000
vt -1.249604 16.895072 0.000000
vt -1.110759 16.425764 0.000000
vt -0.971914 15.956457 0.000000
vt -0.833069 15.487149 0.000000
vt -0.833109 15.017841 0.000000
vt -1.943828 18.302994 0.000000
vt -2.221518 17.820654 0.000000
vt -1.943828 17.833687 0.000000
vt -1.943828 17.364379 0.000000
vt -1.804983 17.364379 0.000000
vt -1.804983 16.895072 0.000000
vt -1.666138 16.895072 0.000000
vt -1.666138 16.425764 0.000000
vt -1.388449 16.425764 0.000000
vt -1.388449 15.956457 0.000000
vt -1.249604 15.956457 0.000000
vt -1.249604 15.487149 0.000000
vt -1.110759 15.487149 0.000000
vt -1.110870 15.017841 0.000000
vt -0.971914 15.487149 0.000000
vt -2.221518 16.914501 0.000000
vt -1.943828 16.895072 0.000000
vt -1.804983 16.425764 0.000000
vt -1.666138 15.956457 0.000000
vt -1.388449 15.487149 0.000000
vt -1.388487 15.017841 0.000000
vt -1.943828 16.425764 0.000000
vt -2.221518 15.982012 0.000000
vt -1.943828 15.956457 0.000000
vt -1.943828 15.487149 0.000000
vt -1.804983 15.487149 0.000000
vt -1.943841 15.017841 0.000000
vt -1.666195 15.017841 0.000000
vt -2.221518 15.017841 0.000000
vt -1.666138 15.487149 0.000000
vt -0.138845 15.487149 0.000000
vt 0.000000 15.017841 0.000000
vt 0.000000 15.929230 0.000000
vt 0.000000 16.812089 0.000000
vt -0.138845 16.425764 0.000000
vt -0.138845 15.956457 0.000000
vt 0.000000 17.670961 0.000000
vt -0.138845 17.364379 0.000000
vt -0.138845 16.895072 0.000000
vt 0.000000 18.509964 0.000000
vt -0.138845 18.302994 0.000000
vt -0.138845 17.833687 0.000000
vt -0.138845 18.772302 0.000000
vt 0.000000 19.332878 0.000000
vt -0.138845 19.241609 0.000000
vt -0.138845 19.710917 0.000000
vt 0.000000 20.143221 0.000000
vt -0.138845 20.180224 0.000000
vt -0.138845 20.649532 0.000000
vt 0.000000 20.944307 0.000000
vt -0.138845 21.118839 0.000000
vt 0.000000 21.739307 0.000000
vt -0.138845 21.588147 0.000000
vt -0.138845 22.057455 0.000000
vt 0.000000 22.531294 0.000000
vt -0.138845 22.531011 0.000000
vt -0.138845 22.996773 0.000000
vt -0.000000 23.323299 0.000000
vt -0.138845 23.466783 0.000000
vt -0.138845 23.936794 0.000000
vt 0.000000 24.118350 0.000000
vt -0.138845 24.406804 0.000000
vt 0.000000 24.919525 0.000000
vt -0.138845 24.876815 0.000000
vt -0.138845 25.346825 0.000000
vt 0.000000 25.729992 0.000000
vt -0.138845 25.816836 0.000000
vt -0.138845 26.286846 0.000000
vt 0.000000 26.553071 0.000000
vt -0.138845 26.756857 0.000000
vt 0.000000 27.392279 0.000000
vt -0.138845 27.226867 0.000000
vt -0.138845 27.696878 0.000000
vt 0.000000 28.251401 0.000000
vt -0.138845 28.166889 0.000000
vt -0.138845 28.636899 0.000000
vt -0.138845 29.106910 0.000000
vt -1.249604 29.106910 0.000000
vt -1.249604 28.636899 0.000000
vt -1.249604 28.166889 0.000000
vt -1.249604 27.696878 0.000000
vt -1.249604 27.226867 0.000000
vt -1.249604 26.756857 0.000000
vt -1.249604 26.286846 0.000000
vt -1.249604 25.816836 0.000000
vt -1.249604 25.346825 0.000000
vt -1.249604 24.876815 0.000000
vt -1.249604 24.406804 0.000000
vt -1.249604 23.936794 0.000000
vt -1.249604 23.466783 0.000000
vt -1.249604 22.996773 0.000000
vt -1.249604 22.528745 0.000000
vt -1.249604 22.057455 0.000000
vt -0.694224 29.106910 0.000000
vt -0.694224 28.636899 0.000000
vt -0.694224 28.166889 0.000000
vt -0.694224 27.696878 0.000000
vt -0.694224 27.226867 0.000000
vt -0.694224 26.756857 0.000000
vt -0.694224 26.286846 0.000000
vt -0.694224 25.816836 0.000000
vt -0.694224 25.346825 0.000000
vt -0.694224 24.876815 0.000000
vt -0.694224 24.406804 0.000000
vt -0.694224 23.936794 0.000000
vt -0.694224 23.466783 0.000000
vt -0.694224 22.996773 0.000000
vt -0.694224 22.529878 0.000000
vt -0.694224 22.057455 0.000000
vt -1.804983 20.649532 0.000000
vt -1.804983 20.180224 0.000000
vt -1.804983 19.710917 0.000000
vt -1.666138 20.649532 0.000000
vt -1.666138 20.180224 0.000000
vt -1.666138 19.710917 0.000000
vt -1.666138 19.241609 0.000000
vt -1.388449 20.649532 0.000000
vt -1.388449 20.180224 0.000000
vt -1.388449 19.710917 0.000000
vt -1.388449 19.241609 0.000000
vt -1.388449 18.772302 0.000000
vt -1.249604 20.649532 0.000000
vt -1.249604 20.180224 0.000000
vt -1.249604 19.710917 0.000000
vt -1.249604 19.241609 0.000000
vt -1.249604 18.772302 0.000000
vt -1.249604 18.302994 0.000000
vt -1.110759 20.649532 0.000000
vt -1.110759 20.180224 0.000000
vt -1.110759 19.710917 0.000000
vt -1.110759 19.241609 0.000000
vt -1.110759 18.772302 0.000000
vt -1.110759 18.302994 0.000000
vt -1.110759 17.833687 0.000000
vt -0.971914 20.649532 0.000000
vt -0.971914 20.180224 0.000000
vt -0.971914 19.710917 0.000000
vt -0.971914 19.241609 0.000000
vt -0.971914 18.772302 0.000000
vt -0.971914 18.302994 0.000000
vt -0.971914 17.833687 0.000000
vt -0.971914 17.364379 0.000000
vt -0.833069 20.649532 0.000000
vt -0.833069 20.180224 0.000000
vt -0.833069 19.710917 0.000000
vt -0.833069 19.241609 0.000000
vt -0.833069 18.772302 0.000000
vt -0.833069 18.302994 0.000000
vt -0.833069 17.833687 0.000000
vt -0.833069 17.364379 0.000000
vt -0.833069 16.895072 0.000000
vt -0.694224 20.649532 0.000000
vt -0.694224 20.180224 0.000000
vt -0.694224 19.710917 0.000000
vt -0.694224 19.241609 0.000000
vt -0.694224 18.772302 0.000000
vt -0.694224 18.302994 0.000000
vt -0.694224 17.833687 0.000000
vt -0.694224 17.364379 0.000000
vt -0.694224 16.895072 0.000000
vt -0.694224 16.425764 0.000000
vt -0.555379 20.649532 0.000000
vt -0.555379 20.180224 0.000000
vt -0.555379 19.710917 0.000000
vt -0.555379 19.241609 0.000000
vt -0.555379 18.772302 0.000000
vt -0.555379 18.302994 0.000000
vt -0.555379 17.833687 0.000000
vt -0.555379 17.364379 0.000000
vt -0.555379 16.895072 0.000000
vt -0.555379 16.425764 0.000000
vt -0.555379 15.956457 0.000000
vt -1.804983 17.833687 0.000000
vt -1.666138 17.364379 0.000000
vt -1.388449 16.895072 0.000000
vt -1.249604 16.425764 0.000000
vt -1.110759 15.956457 0.000000
vt -1.804983 15.956457 0.000000
vt 33.343625 -0.010000 0.000000
vt 33.306320 1.576868 0.000000
vt -0.000000 -0.010000 0.000000
vt 33.193536 3.160162 0.000000
vt 33.005529 4.736294 0.000000
vt 32.742726 6.301694 0.000000
vt 32.405722 7.852812 0.000000
vt 31.995280 9.386135 0.000000
vt 31.512331 10.898186 0.000000
vt 30.957969 12.385541 0.000000
vt 30.333450 13.844827 0.000000
vt 29.640191 15.272739 0.000000
vt 28.879761 16.666040 0.000000
vt 28.053884 18.021572 0.000000
vt 27.164432 19.336264 0.000000
vt 26.213420 20.607137 0.000000
vt 25.203003 21.831309 0.000000
vt 24.135472 23.006008 0.000000
vt 23.013246 24.128572 0.000000
vt 21.838867 25.196455 0.000000
vt 20.614997 26.207238 0.000000
vt 19.344410 27.158631 0.000000
vt 18.029985 28.048478 0.000000
vt 16.674700 28.874761 0.000000
vt 15.281628 29.635609 0.000000
vt 13.853924 30.329297 0.000000
vt 12.394825 30.954253 0.000000
vt 10.907637 31.509061 0.000000
vt 9.395730 31.992463 0.000000
vt 7.862530 32.403365 0.000000
vt 6.311513 32.740835 0.000000
vt 4.746193 33.004107 0.000000
vt 3.170117 33.192587 0.000000
vt 1.586856 33.305845 0.000000
vt -0.000000 33.343627 0.000000
vt -8.499988 -0.010000 0.000000
vt 0.000000 -0.010000 0.000000
vt -8.464598 0.774908 0.000000
vt -8.356882 1.553196 0.000000
vt -8.177762 2.318212 0.000000
vt -7.928768 3.063420 0.000000
vt -7.612026 3.782453 0.000000
vt -7.230245 4.469168 0.000000
vt -6.786685 5.117695 0.000000
vt -6.285137 5.722495 0.000000
vt -5.729886 6.278400 0.000000
vt -5.125676 6.780660 0.000000
vt -4.477671 7.224982 0.000000
vt -3.791406 7.607571 0.000000
vt -3.072746 7.925158 0.000000
vt -2.327831 8.175029 0.000000
vt -1.563026 8.355049 0.000000
vt -0.784866 8.463680 0.000000
vt 0.000000 8.499994 0.000000
vt 8.499994 36.671709 0.000000
vt -0.010000 36.671709 0.000000
vt 9.999995 28.480475 0.000000
vt -0.010000 -3.328291 0.000000
vt 11.480168 27.976712 0.000000
vt 12.935098 27.404114 0.000000
vt 14.361586 26.763939 0.000000
vt 15.756494 26.057596 0.000000
vt 17.116756 25.286637 0.000000
vt 18.439381 24.452758 0.000000
vt 19.721460 23.557793 0.000000
vt 20.960174 22.603708 0.000000
vt 22.152799 21.592603 0.000000
vt 23.296714 20.526700 0.000000
vt 24.389402 19.408343 0.000000
vt 25.428462 18.239991 0.000000
vt 26.411608 17.024214 0.000000
vt 27.336678 15.763684 0.000000
vt 28.201638 14.461174 0.000000
vt 29.004587 13.119547 0.000000
vt 29.743759 11.741753 0.000000
vt 30.417529 10.330823 0.000000
vt 31.024414 8.889858 0.000000
vt 31.563082 7.422027 0.000000
vt 32.032346 5.930558 0.000000
vt 32.431175 4.418729 0.000000
vt 32.758693 2.889866 0.000000
vt 33.014179 1.347330 0.000000
vt 33.197071 -0.205487 0.000000
vt 33.306968 -1.765170 0.000000
vt 33.343627 -3.328291 0.000000
vt 9.999995 35.171709 0.000000
vt 8.792616 36.642889 0.000000
vt 9.073967 36.557550 0.000000
vt 9.333315 36.418936 0.000000
vt 9.560576 36.232448 0.000000
vt 9.747175 36.005100 0.000000
vt 9.885793 35.745787 0.000000
vt 9.971169 35.464359 0.000000
vn -0.100000 0.000000 0.000000
vn -0.100000 0.000000 0.000000
vn -0.100000 0.000000 0.000000
vn -0.100000 0.000000 0.000000
vn -0.100000 0.000000 0.000000
vn -0.100000 0.000000 0.000000
vn -0.100000 0.000000 0.000000
vn -0.100000 0.000000 0.000000
vn -0.100000 0.000000 0.000000
vn -0.100000 0.000000 0.000000
vn -0.100000 0.000000 0.000000
vn -0.100000 0.000000 0.000000
vn -0.100000 0.000000 0.000000
vn -0.100000 0.000000 0.000000
vn -0.100000 0.000000 0.000000
vn -0.100000 0.000000 0.000000
vn -0.100000 0.000000 0.000000
vn -0.100000 0.000000 0.000000
vn -0.100000 0.000000 0.000000
vn -0.100000 0.000000 0.000000
vn -0.100000 0.000000 0.000000
vn -0.100000 0.000000 0.000000
vn -0.100000 0.000000 0.000000
vn -0.100000 0.000000 0.000000
vn -0.100000 0.000000 0.000000
vn -0.100000 0.000000 0.000000
vn -0.100000 0.000000 0.000000
vn -0.100000 0.000000 0.000000
vn -0.100000 0.000000 0.000000
vn -0.100000 0.000000 0.000000
vn -0.100000 0.000000 0.000000
vn -0.100000 0.000000 0.000000
vn -0.100000 0.000000 0.000000
vn -0.100000 0.000000 0.000000
vn -0.100000 0.000000 0.000000
vn -0.100000 0.000000 0.000000
vn -0.100000 0.000000 0.000000
vn -0.100000 0.000000 0.000000
vn -0.100000 0.000000 0.000000
vn 0.004729 0.000000 -0.099888
vn -0.000030 0.000000 -0.100000
vn 0.004656 0.004688 -0.099781
vn -0.000030 0.004688 -0.099890
vn 0.004641 0.009366 -0.099452
vn -0.000030 0.009366 -0.099560
vn 0.004615 0.014023 -0.098904
vn -0.000030 0.014023 -0.099012
vn 0.004580 0.018649 -0.098139
vn -0.000030 0.018649 -0.098246
vn 0.004534 0.023234 -0.097158
vn -0.000030 0.023234 -0.097263
vn 0.004478 0.027768 -0.095963
vn -0.000030 0.027768 -0.096067
vn 0.004412 0.032241 -0.094557
vn -0.000030 0.032241 -0.094660
vn 0.004337 0.036643 -0.092943
vn -0.000030 0.036643 -0.093045
vn 0.004252 0.040965 -0.091125
vn -0.000030 0.040965 -0.091224
vn 0.004158 0.045196 -0.089107
vn -0.000030 0.045196 -0.089204
vn 0.004055 0.049328 -0.086892
vn -0.000030 0.049328 -0.086987
vn 0.003942 0.053352 -0.084487
vn -0.000030 0.053352 -0.084579
vn 0.003822 0.057258 -0.081896
vn -0.000030 0.057258 -0.081985
vn 0.003692 0.061039 -0.079124
vn -0.000030 0.061039 -0.079210
vn 0.003555 0.064685 -0.076179
vn -0.000030 0.064685 -0.076262
vn 0.003410 0.068189 -0.073066
vn -0.000030 0.068189 -0.073146
vn 0.003257 0.071543 -0.069793
vn -0.000030 0.071543 -0.069869
vn 0.003097 0.074740 -0.066366
vn -0.000030 0.074740 -0.066438
vn 0.002930 0.077772 -0.062793
vn -0.000030 0.077772 -0.062861
vn 0.002757 0.080633 -0.059082
vn -0.000030 0.080633 -0.059146
vn 0.002578 0.083317 -0.055241
vn -0.000030 0.083317 -0.055301
vn 0.002393 0.085818 -0.051279
vn -0.000030 0.085818 -0.051334
vn 0.002203 0.088130 -0.047204
vn -0.000030 0.088130 -0.047255
vn 0.002008 0.090249 -0.043025
vn -0.000030 0.090249 -0.043071
vn 0.001808 0.092169 -0.038751
vn -0.000030 0.092169 -0.038793
vn 0.001605 0.093886 -0.034392
vn -0.000030 0.093886 -0.034430
vn -0.000030 0.095397 -0.029991
vn 0.002586 0.095397 -0.029879
vn 0.003241 0.093886 -0.034277
vn 0.003651 0.092169 -0.038621
vn 0.005486 0.092169 -0.038403
vn 0.006091 0.090249 -0.042639
vn 0.008114 0.090249 -0.042300
vn 0.008902 0.088130 -0.046409
vn 0.011102 0.088130 -0.045932
vn 0.012060 0.085818 -0.049898
vn 0.014422 0.085818 -0.049267
vn 0.015537 0.083317 -0.053074
vn 0.018046 0.083317 -0.052274
vn 0.019301 0.080633 -0.055908
vn 0.021941 0.080633 -0.054926
vn 0.023319 0.077772 -0.058376
vn 0.026072 0.077772 -0.057199
vn 0.027555 0.074740 -0.060454
vn 0.030402 0.074740 -0.059074
vn 0.031972 0.071543 -0.062124
vn 0.033190 0.074740 -0.057554
vn 0.034904 0.071543 -0.060525
vn 0.035892 0.074740 -0.055909
vn 0.037746 0.071543 -0.058795
vn 0.038513 0.074740 -0.054137
vn 0.040502 0.071543 -0.056931
vn 0.041046 0.074740 -0.052242
vn 0.043166 0.071543 -0.054939
vn 0.043487 0.074740 -0.050229
vn 0.045733 0.071543 -0.052822
vn 0.045828 0.074740 -0.048101
vn 0.048196 0.071543 -0.050585
vn 0.048066 0.074740 -0.045865
vn 0.050549 0.071543 -0.048233
vn 0.050195 0.074740 -0.043525
vn 0.052788 0.071543 -0.045772
vn 0.052210 0.074740 -0.041086
vn 0.054907 0.071543 -0.043207
vn 0.054107 0.074740 -0.038554
vn 0.056901 0.071543 -0.040544
vn 0.055881 0.074740 -0.035935
vn 0.058767 0.071543 -0.037790
vn 0.057528 0.074740 -0.033234
vn 0.060499 0.071543 -0.034949
vn 0.059045 0.074740 -0.030457
vn 0.062094 0.071543 -0.032030
vn 0.060428 0.074740 -0.027612
vn 0.063549 0.071543 -0.029037
vn 0.061674 0.074740 -0.024704
vn 0.064859 0.071543 -0.025979
vn 0.062780 0.074740 -0.021740
vn 0.066022 0.071543 -0.022862
vn 0.063744 0.074740 -0.018727
vn 0.067036 0.071543 -0.019693
vn 0.064563 0.074740 -0.015671
vn 0.067897 0.071543 -0.016480
vn 0.065236 0.074740 -0.012580
vn 0.068605 0.071543 -0.013229
vn 0.065761 0.074740 -0.009460
vn 0.069157 0.071543 -0.009948
vn 0.066137 0.074740 -0.006318
vn 0.069552 0.071543 -0.006645
vn 0.066363 0.074740 -0.003163
vn 0.069789 0.071543 -0.003326
vn 0.066438 0.074740 -0.000000
vn 0.069869 0.071543 -0.000000
vn 0.004869 0.093886 -0.034084
vn 0.005182 0.095397 -0.029540
vn 0.006486 0.093886 -0.033813
vn 0.008089 0.093886 -0.033466
vn 0.009114 0.092169 -0.037708
vn 0.010899 0.092169 -0.037231
vn 0.012101 0.090249 -0.041337
vn 0.014055 0.090249 -0.040714
vn 0.015420 0.088130 -0.044668
vn 0.017530 0.088130 -0.043883
vn 0.019043 0.085818 -0.047672
vn 0.021291 0.085818 -0.046711
vn 0.022936 0.083317 -0.050320
vn 0.025306 0.083317 -0.049171
vn 0.027066 0.080633 -0.052590
vn 0.027624 0.083317 -0.047908
vn 0.029545 0.080633 -0.051238
vn 0.029873 0.083317 -0.046538
vn 0.031951 0.080633 -0.049774
vn 0.032055 0.083317 -0.045063
vn 0.034284 0.080633 -0.048196
vn 0.034164 0.083317 -0.043486
vn 0.036540 0.080633 -0.046509
vn 0.036195 0.083317 -0.041810
vn 0.038713 0.080633 -0.044717
vn 0.038145 0.083317 -0.040040
vn 0.040797 0.080633 -0.042823
vn 0.040008 0.083317 -0.038178
vn 0.042790 0.080633 -0.040832
vn 0.041780 0.083317 -0.036231
vn 0.044685 0.080633 -0.038749
vn 0.043457 0.083317 -0.034200
vn 0.046479 0.080633 -0.036578
vn 0.045036 0.083317 -0.032093
vn 0.048168 0.080633 -0.034324
vn 0.046513 0.083317 -0.029912
vn 0.049747 0.080633 -0.031992
vn 0.047884 0.083317 -0.027664
vn 0.051214 0.080633 -0.029587
vn 0.049147 0.083317 -0.025353
vn 0.052564 0.080633 -0.027115
vn 0.050298 0.083317 -0.022984
vn 0.053796 0.080633 -0.024582
vn 0.051336 0.083317 -0.020564
vn 0.054905 0.080633 -0.021993
vn 0.052256 0.083317 -0.018097
vn 0.055890 0.080633 -0.019355
vn 0.053059 0.083317 -0.015588
vn 0.056748 0.080633 -0.016672
vn 0.053741 0.083317 -0.013045
vn 0.057477 0.080633 -0.013951
vn 0.054301 0.083317 -0.010471
vn 0.058076 0.080633 -0.011199
vn 0.054738 0.083317 -0.007874
vn 0.058543 0.080633 -0.008422
vn 0.055050 0.083317 -0.005260
vn 0.058878 0.080633 -0.005625
vn 0.055238 0.083317 -0.002633
vn 0.059079 0.080633 -0.002816
vn 0.055301 0.083317 -0.000000
vn 0.059146 0.080633 -0.000000
vn 0.007738 0.095397 -0.028975
vn 0.009673 0.093886 -0.033043
vn 0.012659 0.092169 -0.036670
vn 0.015978 0.090249 -0.039998
vn 0.019599 0.088130 -0.042999
vn 0.023491 0.085818 -0.045644
vn 0.025641 0.085818 -0.044472
vn 0.027730 0.085818 -0.043201
vn 0.029755 0.085818 -0.041831
vn 0.031713 0.085818 -0.040367
vn 0.033598 0.085818 -0.038812
vn 0.035408 0.085818 -0.037168
vn 0.037138 0.085818 -0.035440
vn 0.038783 0.085818 -0.033632
vn 0.040340 0.085818 -0.031748
vn 0.041806 0.085818 -0.029791
vn 0.043176 0.085818 -0.027767
vn 0.044449 0.085818 -0.025680
vn 0.045622 0.085818 -0.023535
vn 0.046690 0.085818 -0.021336
vn 0.047653 0.085818 -0.019089
vn 0.048508 0.085818 -0.016799
vn 0.049253 0.085818 -0.014470
vn 0.049886 0.085818 -0.012109
vn 0.050406 0.085818 -0.009720
vn 0.050811 0.085818 -0.007310
vn 0.051102 0.085818 -0.004882
vn 0.051276 0.085818 -0.002444
vn 0.051334 0.085818 -0.000000
vn 0.010236 0.095397 -0.028190
vn 0.011235 0.093886 -0.032545
vn 0.014391 0.092169 -0.036025
vn 0.017864 0.090249 -0.039192
vn 0.021624 0.088130 -0.042017
vn 0.023603 0.088130 -0.040938
vn 0.025525 0.088130 -0.039768
vn 0.027390 0.088130 -0.038508
vn 0.029192 0.088130 -0.037160
vn 0.030928 0.088130 -0.035728
vn 0.032594 0.088130 -0.034215
vn 0.034186 0.088130 -0.032624
vn 0.035700 0.088130 -0.030960
vn 0.037134 0.088130 -0.029225
vn 0.038483 0.088130 -0.027424
vn 0.039745 0.088130 -0.025561
vn 0.040917 0.088130 -0.023640
vn 0.041996 0.088130 -0.021665
vn 0.042980 0.088130 -0.019641
vn 0.043866 0.088130 -0.017572
vn 0.044653 0.088130 -0.015464
vn 0.045339 0.088130 -0.013321
vn 0.045921 0.088130 -0.011147
vn 0.046400 0.088130 -0.008948
vn 0.046773 0.088130 -0.006729
vn 0.047041 0.088130 -0.004494
vn 0.047201 0.088130 -0.002250
vn 0.047255 0.088130 -0.000000
vn 0.012772 0.093886 -0.031973
vn 0.012655 0.095397 -0.027190
vn 0.014280 0.093886 -0.031329
vn 0.015755 0.093886 -0.030613
vn 0.017752 0.092169 -0.034493
vn 0.017196 0.093886 -0.029828
vn 0.019375 0.092169 -0.033608
vn 0.018596 0.093886 -0.028976
vn 0.020954 0.092169 -0.032648
vn 0.019955 0.093886 -0.028058
vn 0.022484 0.092169 -0.031613
vn 0.021268 0.093886 -0.027076
vn 0.023964 0.092169 -0.030507
vn 0.022533 0.093886 -0.026032
vn 0.025389 0.092169 -0.029331
vn 0.023747 0.093886 -0.024930
vn 0.026757 0.092169 -0.028089
vn 0.024907 0.093886 -0.023771
vn 0.028064 0.092169 -0.026783
vn 0.026010 0.093886 -0.022558
vn 0.029307 0.092169 -0.025417
vn 0.027055 0.093886 -0.021294
vn 0.030484 0.092169 -0.023993
vn 0.028038 0.093886 -0.019982
vn 0.031592 0.092169 -0.022514
vn 0.028958 0.093886 -0.018624
vn 0.032628 0.092169 -0.020985
vn 0.029812 0.093886 -0.017225
vn 0.033590 0.092169 -0.019407
vn 0.030598 0.093886 -0.015786
vn 0.034476 0.092169 -0.017786
vn 0.031315 0.093886 -0.014311
vn 0.035283 0.092169 -0.016124
vn 0.031961 0.093886 -0.012804
vn 0.036011 0.092169 -0.014426
vn 0.032534 0.093886 -0.011268
vn 0.036657 0.092169 -0.012695
vn 0.033034 0.093886 -0.009706
vn 0.037220 0.092169 -0.010936
vn 0.033458 0.093886 -0.008122
vn 0.037698 0.092169 -0.009151
vn 0.033807 0.093886 -0.006520
vn 0.038091 0.092169 -0.007346
vn 0.034079 0.093886 -0.004903
vn 0.038398 0.092169 -0.005524
vn 0.034274 0.093886 -0.003275
vn 0.038617 0.092169 -0.003690
vn 0.034391 0.093886 -0.001639
vn 0.038749 0.092169 -0.001847
vn 0.034430 0.093886 -0.000000
vn 0.038793 0.092169 -0.000000
vn 0.014978 0.095397 -0.025983
vn 0.017187 0.095397 -0.024577
vn 0.019265 0.095397 -0.022985
vn 0.021196 0.095397 -0.021217
vn 0.022966 0.095397 -0.019288
vn 0.024560 0.095397 -0.017212
vn 0.025968 0.095397 -0.015004
vn 0.027177 0.095397 -0.012682
vn 0.028180 0.095397 -0.010264
vn 0.028968 0.095397 -0.007767
vn 0.029535 0.095397 -0.005211
vn 0.029876 0.095397 -0.002616
vn 0.029991 0.095397 -0.000000
vn 0.043023 0.090249 -0.002051
vn 0.043071 0.090249 -0.000000
vn 0.062790 0.077772 -0.002993
vn 0.062861 0.077772 -0.000000
vn 0.073063 0.068189 -0.003482
vn 0.073146 0.068189 -0.000000
vn 0.076175 0.064685 -0.003630
vn 0.076262 0.064685 -0.000000
vn 0.079121 0.061039 -0.003771
vn 0.079210 0.061039 -0.000000
vn 0.081892 0.057258 -0.003903
vn 0.081985 0.057258 -0.000000
vn 0.084483 0.053352 -0.004026
vn 0.084579 0.053352 -0.000000
vn 0.086888 0.049328 -0.004141
vn 0.086987 0.049328 -0.000000
vn 0.089103 0.045196 -0.004246
vn 0.089204 0.045196 -0.000000
vn 0.091121 0.040965 -0.004342
vn 0.091224 0.040965 -0.000000
vn 0.092939 0.036643 -0.004429
vn 0.093045 0.036643 -0.000000
vn 0.094553 0.032241 -0.004505
vn 0.094660 0.032241 -0.000000
vn 0.095958 0.027768 -0.004572
vn 0.096067 0.027768 -0.000000
vn 0.097153 0.023234 -0.004629
vn 0.097263 0.023234 -0.000000
vn 0.098134 0.018649 -0.004676
vn 0.098246 0.018649 -0.000000
vn 0.098900 0.014023 -0.004712
vn 0.099012 0.014023 -0.000000
vn 0.099448 0.009366 -0.004738
vn 0.099560 0.009366 -0.000000
vn 0.099777 0.004688 -0.004754
vn 0.099890 0.004688 -0.000000
vn 0.099887 0.000000 -0.004759
vn 0.100000 0.000000 -0.000000
vn 0.099547 0.000000 -0.009507
vn 0.099438 0.004688 -0.009497
vn 0.099109 0.009366 -0.009466
vn 0.098563 0.014023 -0.009414
vn 0.097801 0.018649 -0.009341
vn 0.096823 0.023234 -0.009248
vn 0.095632 0.027768 -0.009134
vn 0.094231 0.032241 -0.009001
vn 0.092623 0.036643 -0.008847
vn 0.090811 0.040965 -0.008674
vn 0.088800 0.045196 -0.008482
vn 0.086593 0.049328 -0.008272
vn 0.084196 0.053352 -0.008043
vn 0.081613 0.057258 -0.007796
vn 0.078851 0.061039 -0.007533
vn 0.075916 0.064685 -0.007252
vn 0.072814 0.068189 -0.006956
vn 0.098982 0.000000 -0.014234
vn 0.098873 0.004688 -0.014219
vn 0.098547 0.009366 -0.014172
vn 0.098004 0.014023 -0.014094
vn 0.097245 0.018649 -0.013985
vn 0.096273 0.023234 -0.013846
vn 0.095089 0.027768 -0.013676
vn 0.093696 0.032241 -0.013476
vn 0.092097 0.036643 -0.013246
vn 0.090295 0.040965 -0.012987
vn 0.088295 0.045196 -0.012700
vn 0.086101 0.049328 -0.012384
vn 0.083717 0.053352 -0.012041
vn 0.081150 0.057258 -0.011672
vn 0.078403 0.061039 -0.011278
vn 0.075485 0.064685 -0.010858
vn 0.072400 0.068189 -0.010414
vn 0.098192 0.000000 -0.018929
vn 0.098084 0.004688 -0.018908
vn 0.097760 0.009366 -0.018846
vn 0.097222 0.014023 -0.018743
vn 0.096469 0.018649 -0.018598
vn 0.095505 0.023234 -0.018412
vn 0.094330 0.027768 -0.018186
vn 0.092948 0.032241 -0.017920
vn 0.091362 0.036643 -0.017614
vn 0.089575 0.040965 -0.017270
vn 0.087591 0.045196 -0.016888
vn 0.085414 0.049328 -0.016468
vn 0.083049 0.053352 -0.016013
vn 0.080502 0.057258 -0.015522
vn 0.077778 0.061039 -0.014997
vn 0.074882 0.064685 -0.014439
vn 0.071823 0.068189 -0.013849
vn 0.097180 0.000000 -0.023580
vn 0.097073 0.004688 -0.023555
vn 0.096753 0.009366 -0.023477
vn 0.096220 0.014023 -0.023348
vn 0.095475 0.018649 -0.023168
vn 0.094520 0.023234 -0.022937
vn 0.093358 0.027768 -0.022655
vn 0.091990 0.032241 -0.022324
vn 0.090420 0.036643 -0.021943
vn 0.088651 0.040965 -0.021514
vn 0.086687 0.045196 -0.021038
vn 0.084533 0.049328 -0.020515
vn 0.082193 0.053352 -0.019948
vn 0.079672 0.057258 -0.019336
vn 0.076976 0.061039 -0.018682
vn 0.074110 0.064685 -0.017987
vn 0.071082 0.068189 -0.017252
vn 0.095948 0.000000 -0.028178
vn 0.095842 0.004688 -0.028148
vn 0.095526 0.009366 -0.028056
vn 0.094999 0.014023 -0.027901
vn 0.094264 0.018649 -0.027686
vn 0.093321 0.023234 -0.027410
vn 0.092174 0.027768 -0.027073
vn 0.090823 0.032241 -0.026677
vn 0.089273 0.036643 -0.026222
vn 0.087527 0.040965 -0.025709
vn 0.085588 0.045196 -0.025140
vn 0.083461 0.049328 -0.024516
vn 0.081150 0.053352 -0.023838
vn 0.078661 0.057258 -0.023107
vn 0.075999 0.061039 -0.022325
vn 0.073170 0.064685 -0.021495
vn 0.070180 0.068189 -0.020617
vn 0.094498 0.000000 -0.032713
vn 0.094394 0.004688 -0.032677
vn 0.094082 0.009366 -0.032570
vn 0.093564 0.014023 -0.032391
vn 0.092840 0.018649 -0.032141
vn 0.091911 0.023234 -0.031820
vn 0.090781 0.027768 -0.031429
vn 0.089451 0.032241 -0.030969
vn 0.087924 0.036643 -0.030441
vn 0.086204 0.040965 -0.029846
vn 0.084294 0.045196 -0.029186
vn 0.082199 0.049328 -0.028461
vn 0.079923 0.053352 -0.027673
vn 0.077472 0.057258 -0.026825
vn 0.074850 0.061039 -0.025918
vn 0.072064 0.064685 -0.024953
vn 0.069119 0.068189 -0.023934
vn 0.092834 0.000000 -0.037173
vn 0.092732 0.004688 -0.037133
vn 0.092426 0.009366 -0.037011
vn 0.091916 0.014023 -0.036807
vn 0.091205 0.018649 -0.036523
vn 0.090293 0.023234 -0.036159
vn 0.089182 0.027768 -0.035714
vn 0.087875 0.032241 -0.035192
vn 0.086375 0.036643 -0.034592
vn 0.084685 0.040965 -0.033916
vn 0.082809 0.045196 -0.033165
vn 0.080751 0.049328 -0.032341
vn 0.078516 0.053352 -0.031446
vn 0.076107 0.057258 -0.030482
vn 0.073532 0.061039 -0.029451
vn 0.070794 0.064685 -0.028355
vn 0.067901 0.068189 -0.027197
vn 0.090960 0.000000 -0.041549
vn 0.090860 0.004688 -0.041504
vn 0.090559 0.009366 -0.041368
vn 0.090060 0.014023 -0.041140
vn 0.089363 0.018649 -0.040823
vn 0.088469 0.023234 -0.040415
vn 0.087381 0.027768 -0.039919
vn 0.086101 0.032241 -0.039334
vn 0.084631 0.036643 -0.038664
vn 0.082975 0.040965 -0.037908
vn 0.081137 0.045196 -0.037069
vn 0.079120 0.049328 -0.036148
vn 0.076930 0.053352 -0.035148
vn 0.074570 0.057258 -0.034071
vn 0.072046 0.061039 -0.032918
vn 0.069364 0.064685 -0.031693
vn 0.066530 0.068189 -0.030399
vn 0.088879 0.000000 -0.045831
vn 0.088781 0.004688 -0.045781
vn 0.088488 0.009366 -0.045631
vn 0.088000 0.014023 -0.045380
vn 0.087319 0.018649 -0.045029
vn 0.086445 0.023234 -0.044580
vn 0.085382 0.027768 -0.044032
vn 0.084131 0.032241 -0.043388
vn 0.082695 0.036643 -0.042648
vn 0.081077 0.040965 -0.041815
vn 0.079281 0.045196 -0.040889
vn 0.077310 0.049328 -0.039873
vn 0.075169 0.053352 -0.038770
vn 0.072864 0.057258 -0.037582
vn 0.070398 0.061039 -0.036310
vn 0.067777 0.064685 -0.034959
vn 0.065007 0.068189 -0.033531
vn 0.086598 0.000000 -0.050009
vn 0.086502 0.004688 -0.049954
vn 0.086216 0.009366 -0.049790
vn 0.085741 0.014023 -0.049517
vn 0.085077 0.018649 -0.049134
vn 0.084226 0.023234 -0.048644
vn 0.083189 0.027768 -0.048046
vn 0.081970 0.032241 -0.047343
vn 0.080571 0.036643 -0.046536
vn 0.078995 0.040965 -0.045626
vn 0.077244 0.045196 -0.044616
vn 0.075324 0.049328 -0.043508
vn 0.073239 0.053352 -0.042304
vn 0.070992 0.057258 -0.041007
vn 0.068589 0.061039 -0.039620
vn 0.066036 0.064685 -0.038146
vn 0.063337 0.068189 -0.036588
vn 0.084119 0.000000 -0.054073
vn 0.084026 0.004688 -0.054015
vn 0.083749 0.009366 -0.053837
vn 0.083287 0.014023 -0.053541
vn 0.082642 0.018649 -0.053128
vn 0.081815 0.023234 -0.052597
vn 0.080808 0.027768 -0.051951
vn 0.079624 0.032241 -0.051191
vn 0.078265 0.036643 -0.050318
vn 0.076733 0.040965 -0.049335
vn 0.075033 0.045196 -0.048242
vn 0.073168 0.049328 -0.047044
vn 0.071142 0.053352 -0.045743
vn 0.068960 0.057258 -0.044340
vn 0.066626 0.061039 -0.042840
vn 0.064145 0.064685 -0.041246
vn 0.061524 0.068189 -0.039562
vn 0.081451 0.000000 -0.058015
vn 0.081361 0.004688 -0.057952
vn 0.081092 0.009366 -0.057762
vn 0.080644 0.014023 -0.057445
vn 0.080020 0.018649 -0.057001
vn 0.079219 0.023234 -0.056432
vn 0.078244 0.027768 -0.055739
vn 0.077097 0.032241 -0.054923
vn 0.075781 0.036643 -0.053986
vn 0.074298 0.040965 -0.052931
vn 0.072652 0.045196 -0.051759
vn 0.070846 0.049328 -0.050474
vn 0.068884 0.053352 -0.049077
vn 0.066771 0.057258 -0.047573
vn 0.064511 0.061039 -0.045963
vn 0.062109 0.064685 -0.044253
vn 0.059571 0.068189 -0.042445
vn 0.078597 0.000000 -0.061826
vn 0.078510 0.004688 -0.061759
vn 0.078251 0.009366 -0.061556
vn 0.077819 0.014023 -0.061218
vn 0.077216 0.018649 -0.060745
vn 0.076443 0.023234 -0.060138
vn 0.075503 0.027768 -0.059399
vn 0.074396 0.032241 -0.058530
vn 0.073126 0.036643 -0.057532
vn 0.071694 0.040965 -0.056407
vn 0.070106 0.045196 -0.055159
vn 0.068363 0.049328 -0.053789
vn 0.066470 0.053352 -0.052300
vn 0.064431 0.057258 -0.050697
vn 0.062250 0.061039 -0.048982
vn 0.059932 0.064685 -0.047159
vn 0.057483 0.068189 -0.045233
vn 0.075566 0.000000 -0.065496
vn 0.075482 0.004688 -0.065425
vn 0.075232 0.009366 -0.065210
vn 0.074817 0.014023 -0.064852
vn 0.074237 0.018649 -0.064351
vn 0.073494 0.023234 -0.063708
vn 0.072590 0.027768 -0.062926
vn 0.071526 0.032241 -0.062005
vn 0.070304 0.036643 -0.060947
vn 0.068928 0.040965 -0.059756
vn 0.067401 0.045196 -0.058433
vn 0.065725 0.049328 -0.056982
vn 0.063905 0.053352 -0.055405
vn 0.061944 0.057258 -0.053707
vn 0.059848 0.061039 -0.051890
vn 0.057619 0.064685 -0.049959
vn 0.055264 0.068189 -0.047918
vn 0.072363 0.000000 -0.069018
vn 0.072283 0.004688 -0.068943
vn 0.072044 0.009366 -0.068717
vn 0.071646 0.014023 -0.068339
vn 0.071091 0.018649 -0.067811
vn 0.070379 0.023234 -0.067134
vn 0.069513 0.027768 -0.066309
vn 0.068493 0.032241 -0.065339
vn 0.067324 0.036643 -0.064225
vn 0.066006 0.040965 -0.062969
vn 0.064543 0.045196 -0.061575
vn 0.062938 0.049328 -0.060046
vn 0.061195 0.053352 -0.058384
vn 0.059318 0.057258 -0.056594
vn 0.057310 0.061039 -0.054680
vn 0.055176 0.064685 -0.052645
vn 0.052920 0.068189 -0.050495
vn 0.068997 0.000000 -0.072384
vn 0.068920 0.004688 -0.072305
vn 0.068692 0.009366 -0.072068
vn 0.068312 0.014023 -0.071672
vn 0.067783 0.018649 -0.071118
vn 0.067104 0.023234 -0.070408
vn 0.066278 0.027768 -0.069543
vn 0.065306 0.032241 -0.068525
vn 0.064190 0.036643 -0.067356
vn 0.062934 0.040965 -0.066040
vn 0.061539 0.045196 -0.064578
vn 0.060009 0.049328 -0.062973
vn 0.058347 0.053352 -0.061231
vn 0.056556 0.057258 -0.059354
vn 0.054642 0.061039 -0.057346
vn 0.052607 0.064685 -0.055212
vn 0.050457 0.068189 -0.052957
vn 0.065474 0.000000 -0.075586
vn 0.065401 0.004688 -0.075503
vn 0.065184 0.009366 -0.075255
vn 0.064824 0.014023 -0.074842
vn 0.064321 0.018649 -0.074263
vn 0.063677 0.023234 -0.073522
vn 0.062893 0.027768 -0.072619
vn 0.061970 0.032241 -0.071556
vn 0.060912 0.036643 -0.070335
vn 0.059719 0.040965 -0.068960
vn 0.058395 0.045196 -0.067433
vn 0.056943 0.049328 -0.065758
vn 0.055366 0.053352 -0.063939
vn 0.053667 0.057258 -0.061979
vn 0.051850 0.061039 -0.059882
vn 0.049919 0.064685 -0.057654
vn 0.047879 0.068189 -0.055298
vn 0.061802 0.000000 -0.078616
vn 0.061733 0.004688 -0.078530
vn 0.061528 0.009366 -0.078272
vn 0.061188 0.014023 -0.077842
vn 0.060714 0.018649 -0.077240
vn 0.060105 0.023234 -0.076469
vn 0.059365 0.027768 -0.075530
vn 0.058494 0.032241 -0.074424
vn 0.057495 0.036643 -0.073155
vn 0.056369 0.040965 -0.071725
vn 0.055120 0.045196 -0.070137
vn 0.053749 0.049328 -0.068394
vn 0.052260 0.053352 -0.066502
vn 0.050656 0.057258 -0.064463
vn 0.048941 0.061039 -0.062282
vn 0.047118 0.064685 -0.059965
vn 0.045192 0.068189 -0.057515
vn 0.057991 0.000000 -0.081468
vn 0.057926 0.004688 -0.081379
vn 0.057733 0.009366 -0.081112
vn 0.057414 0.014023 -0.080666
vn 0.056969 0.018649 -0.080043
vn 0.056398 0.023234 -0.079243
vn 0.055703 0.027768 -0.078270
vn 0.054886 0.032241 -0.077124
vn 0.053948 0.036643 -0.075808
vn 0.052891 0.040965 -0.074326
vn 0.051719 0.045196 -0.072681
vn 0.050432 0.049328 -0.070875
vn 0.049035 0.053352 -0.068914
vn 0.047530 0.057258 -0.066801
vn 0.045921 0.061039 -0.064541
vn 0.044210 0.064685 -0.062140
vn 0.042403 0.068189 -0.059601
vn 0.054048 0.000000 -0.084136
vn 0.053987 0.004688 -0.084044
vn 0.053808 0.009366 -0.083768
vn 0.053510 0.014023 -0.083307
vn 0.053094 0.018649 -0.082663
vn 0.052562 0.023234 -0.081838
vn 0.051915 0.027768 -0.080832
vn 0.051153 0.032241 -0.079649
vn 0.050278 0.036643 -0.078290
vn 0.049294 0.040965 -0.076760
vn 0.048200 0.045196 -0.075060
vn 0.047001 0.049328 -0.073196
vn 0.045699 0.053352 -0.071170
vn 0.044296 0.057258 -0.068988
vn 0.042796 0.061039 -0.066654
vn 0.041202 0.064685 -0.064174
vn 0.039518 0.068189 -0.061552
vn 0.049983 0.000000 -0.086613
vn 0.049926 0.004688 -0.086518
vn 0.049760 0.009366 -0.086234
vn 0.049484 0.014023 -0.085759
vn 0.049100 0.018649 -0.085097
vn 0.048608 0.023234 -0.084247
vn 0.048008 0.027768 -0.083211
vn 0.047304 0.032241 -0.081993
vn 0.046495 0.036643 -0.080595
vn 0.045584 0.040965 -0.079019
vn 0.044573 0.045196 -0.077269
vn 0.043464 0.049328 -0.075350
vn 0.042260 0.053352 -0.073265
vn 0.040962 0.057258 -0.071018
vn 0.039575 0.061039 -0.068616
vn 0.038101 0.064685 -0.066062
vn 0.036543 0.068189 -0.063363
vn 0.045804 0.000000 -0.088893
vn 0.045710 0.004688 -0.088818
vn 0.045560 0.009366 -0.088525
vn 0.045309 0.014023 -0.088037
vn 0.044958 0.018649 -0.087356
vn 0.044508 0.023234 -0.086482
vn 0.043961 0.027768 -0.085419
vn 0.043317 0.032241 -0.084167
vn 0.042578 0.036643 -0.082731
vn 0.041745 0.040965 -0.081113
vn 0.040820 0.045196 -0.079316
vn 0.039806 0.049328 -0.077345
vn 0.038704 0.053352 -0.075204
vn 0.037517 0.057258 -0.072897
vn 0.036247 0.061039 -0.070430
vn 0.034898 0.064685 -0.067809
vn 0.033472 0.068189 -0.065038
vn 0.041522 0.000000 -0.090972
vn 0.041430 0.004688 -0.090893
vn 0.041293 0.009366 -0.090593
vn 0.036933 0.009366 -0.092457
vn 0.036729 0.014023 -0.091947
vn 0.032310 0.014023 -0.093592
vn 0.032060 0.018649 -0.092868
vn 0.027602 0.018649 -0.094289
vn 0.027326 0.023234 -0.093346
vn 0.022851 0.023234 -0.094541
vn 0.022570 0.027768 -0.093379
vn 0.018098 0.027768 -0.094347
vn 0.017833 0.032241 -0.092965
vn 0.013386 0.032241 -0.093709
vn 0.013158 0.036643 -0.092109
vn 0.008757 0.036643 -0.092631
vn 0.008586 0.040965 -0.090819
vn 0.037145 0.000000 -0.092845
vn 0.037055 0.004688 -0.092763
vn 0.032489 0.009366 -0.094110
vn 0.027817 0.014023 -0.095024
vn 0.023081 0.018649 -0.095496
vn 0.018323 0.023234 -0.095522
vn 0.013585 0.027768 -0.095102
vn 0.008909 0.032241 -0.094240
vn 0.032684 0.000000 -0.094508
vn 0.032596 0.004688 -0.094422
vn 0.027971 0.009366 -0.095550
vn 0.023261 0.014023 -0.096241
vn 0.018508 0.018649 -0.096487
vn 0.013755 0.023234 -0.096286
vn 0.009042 0.027768 -0.095641
vn 0.028150 0.000000 -0.095956
vn 0.028064 0.004688 -0.095867
vn 0.023390 0.009366 -0.096774
vn 0.018653 0.014023 -0.097239
vn 0.013893 0.018649 -0.097258
vn 0.009155 0.023234 -0.096832
vn 0.023551 0.000000 -0.097187
vn 0.023468 0.004688 -0.097094
vn 0.018756 0.009366 -0.097778
vn 0.014002 0.014023 -0.098017
vn 0.009247 0.018649 -0.097810
vn 0.018899 0.000000 -0.098198
vn 0.018818 0.004688 -0.098101
vn 0.014079 0.009366 -0.098560
vn 0.009319 0.014023 -0.098572
vn 0.014204 0.000000 -0.098986
vn 0.014126 0.004688 -0.098886
vn 0.009371 0.009366 -0.099118
vn 0.009478 0.000000 -0.099550
vn 0.009402 0.004688 -0.099447
vn 0.004054 0.090249 -0.042880
vn 0.004448 0.088130 -0.047045
vn 0.004832 0.085818 -0.051107
vn 0.005205 0.083317 -0.055056
vn 0.005567 0.080633 -0.058884
vn 0.005917 0.077772 -0.062582
vn 0.006253 0.074740 -0.066143
vn 0.006576 0.071543 -0.069558
vn 0.006885 0.068189 -0.072821
vn 0.007178 0.064685 -0.075923
vn 0.007455 0.061039 -0.078859
vn 0.007716 0.057258 -0.081621
vn 0.007961 0.053352 -0.084203
vn 0.008187 0.049328 -0.086601
vn 0.008396 0.045196 -0.088808
vn 0.006683 0.088130 -0.046780
vn 0.007259 0.085818 -0.050819
vn 0.007820 0.083317 -0.054745
vn 0.008364 0.080633 -0.058552
vn 0.008890 0.077772 -0.062229
vn 0.009395 0.074740 -0.065770
vn 0.009880 0.071543 -0.069166
vn 0.010344 0.068189 -0.072411
vn 0.010785 0.064685 -0.075495
vn 0.011202 0.061039 -0.078414
vn 0.011594 0.057258 -0.081161
vn 0.011961 0.053352 -0.083729
vn 0.012301 0.049328 -0.086113
vn 0.012615 0.045196 -0.088307
vn 0.012900 0.040965 -0.090308
vn 0.007308 0.092169 -0.038099
vn 0.010119 0.090249 -0.041866
vn 0.013276 0.088130 -0.045352
vn 0.016752 0.085818 -0.048524
vn 0.020514 0.083317 -0.051355
vn 0.024531 0.080633 -0.053819
vn 0.028766 0.077772 -0.055893
vn 0.031402 0.077772 -0.054456
vn 0.033959 0.077772 -0.052899
vn 0.036438 0.077772 -0.051223
vn 0.038836 0.077772 -0.049430
vn 0.041145 0.077772 -0.047525
vn 0.043361 0.077772 -0.045512
vn 0.045478 0.077772 -0.043397
vn 0.047492 0.077772 -0.041182
vn 0.049399 0.077772 -0.038875
vn 0.051194 0.077772 -0.036479
vn 0.052872 0.077772 -0.034001
vn 0.054431 0.077772 -0.031445
vn 0.055866 0.077772 -0.028818
vn 0.057175 0.077772 -0.026126
vn 0.058354 0.077772 -0.023374
vn 0.059400 0.077772 -0.020570
vn 0.060312 0.077772 -0.017719
vn 0.061087 0.077772 -0.014827
vn 0.061724 0.077772 -0.011902
vn 0.062221 0.077772 -0.008951
vn 0.062576 0.077772 -0.005978
vn 0.009671 0.085818 -0.050415
vn 0.010418 0.083317 -0.054311
vn 0.012992 0.083317 -0.053753
vn 0.011142 0.080633 -0.058087
vn 0.013895 0.080633 -0.057491
vn 0.016617 0.080633 -0.056764
vn 0.011842 0.077772 -0.061736
vn 0.014768 0.077772 -0.061102
vn 0.017661 0.077772 -0.060329
vn 0.020513 0.077772 -0.059420
vn 0.012516 0.074740 -0.065248
vn 0.015609 0.074740 -0.064578
vn 0.018666 0.074740 -0.063762
vn 0.021680 0.074740 -0.062801
vn 0.024646 0.074740 -0.061697
vn 0.013162 0.071543 -0.068618
vn 0.016415 0.071543 -0.067913
vn 0.019629 0.071543 -0.067054
vn 0.022800 0.071543 -0.066044
vn 0.025918 0.071543 -0.064883
vn 0.028978 0.071543 -0.063576
vn 0.013780 0.068189 -0.071836
vn 0.017184 0.068189 -0.071098
vn 0.020550 0.068189 -0.070200
vn 0.023869 0.068189 -0.069141
vn 0.027134 0.068189 -0.067927
vn 0.030337 0.068189 -0.066558
vn 0.014367 0.064685 -0.074896
vn 0.017917 0.064685 -0.074127
vn 0.021426 0.064685 -0.073190
vn 0.024886 0.064685 -0.072087
vn 0.028290 0.064685 -0.070820
vn 0.031630 0.064685 -0.069393
vn 0.014922 0.061039 -0.077792
vn 0.018609 0.061039 -0.076993
vn 0.022254 0.061039 -0.076020
vn 0.025848 0.061039 -0.074874
vn 0.029384 0.061039 -0.073559
vn 0.032853 0.061039 -0.072076
vn 0.015445 0.057258 -0.080517
vn 0.019261 0.057258 -0.079690
vn 0.023033 0.057258 -0.078683
vn 0.026754 0.057258 -0.077497
vn 0.030413 0.057258 -0.076135
vn 0.034003 0.057258 -0.074601
vn 0.015934 0.053352 -0.083064
vn 0.019870 0.053352 -0.082212
vn 0.023762 0.053352 -0.081172
vn 0.027600 0.053352 -0.079949
vn 0.031375 0.053352 -0.078544
vn 0.035079 0.053352 -0.076961
vn 0.016387 0.049328 -0.085429
vn 0.020436 0.049328 -0.084552
vn 0.024439 0.049328 -0.083483
vn 0.028386 0.049328 -0.082225
vn 0.032269 0.049328 -0.080780
vn 0.036078 0.049328 -0.079152
vn 0.016805 0.045196 -0.087607
vn 0.020957 0.045196 -0.086707
vn 0.025062 0.045196 -0.085611
vn 0.029109 0.045196 -0.084321
vn 0.033091 0.045196 -0.082839
vn 0.036998 0.045196 -0.081169
vn 0.017186 0.040965 -0.089591
vn 0.021432 0.040965 -0.088671
vn 0.025629 0.040965 -0.087550
vn 0.029769 0.040965 -0.086231
vn 0.033841 0.040965 -0.084715
vn 0.037836 0.040965 -0.083008
vn 0.017528 0.036643 -0.091379
vn 0.021859 0.036643 -0.090440
vn 0.026141 0.036643 -0.089297
vn 0.030363 0.036643 -0.087951
vn 0.034516 0.036643 -0.086406
vn 0.038591 0.036643 -0.084664
vn 0.022239 0.032241 -0.092011
vn 0.026990 0.027768 -0.092198
vn 0.031739 0.023234 -0.091939
vn 0.036445 0.018649 -0.091236
vn 0.041066 0.014023 -0.090094
vn 0.026594 0.032241 -0.090847
vn 0.030890 0.032241 -0.089478
vn 0.035115 0.032241 -0.087906
vn 0.039261 0.032241 -0.086134
vn 0.031349 0.027768 -0.090808
vn 0.036081 0.023234 -0.090324
vn 0.040748 0.018649 -0.089397
vn 0.016090 0.092169 -0.035299
vn 0.019710 0.090249 -0.038297
vn 0.021513 0.090249 -0.037314
vn 0.023265 0.090249 -0.036248
vn 0.024964 0.090249 -0.035099
vn 0.026607 0.090249 -0.033871
vn 0.028189 0.090249 -0.032565
vn 0.029708 0.090249 -0.031186
vn 0.031159 0.090249 -0.029737
vn 0.032539 0.090249 -0.028219
vn 0.033846 0.090249 -0.026638
vn 0.035076 0.090249 -0.024997
vn 0.036226 0.090249 -0.023298
vn 0.037294 0.090249 -0.021547
vn 0.038278 0.090249 -0.019747
vn 0.039175 0.090249 -0.017902
vn 0.039983 0.090249 -0.016017
vn 0.040700 0.090249 -0.014095
vn 0.041325 0.090249 -0.012142
vn 0.041856 0.090249 -0.010160
vn 0.042292 0.090249 -0.008156
vn 0.042633 0.090249 -0.006133
vn 0.042876 0.090249 -0.004097
vn 0.035637 0.027768 -0.089213
vn 0.039844 0.027768 -0.087415
vn 0.040340 0.023234 -0.088503
vn -0.000100 -0.000000 -0.100000
vn -0.000100 -0.000000 -0.100000
vn 0.008621 -0.000000 -0.099628
vn 0.008621 -0.000000 -0.099628
vn 0.017277 -0.000000 -0.098496
vn 0.017277 -0.000000 -0.098496
vn 0.025801 -0.000000 -0.096614
vn 0.025801 -0.000000 -0.096614
vn 0.034129 -0.000000 -0.093996
vn 0.034129 -0.000000 -0.093996
vn 0.042196 -0.000000 -0.090661
vn 0.042196 -0.000000 -0.090661
vn 0.049942 -0.000000 -0.086636
vn 0.049942 -0.000000 -0.086636
vn 0.057308 -0.000000 -0.081950
vn 0.057308 -0.000000 -0.081950
vn 0.064236 -0.000000 -0.076640
vn 0.064236 -0.000000 -0.076640
vn 0.070675 -0.000000 -0.070746
vn 0.070675 -0.000000 -0.070746
vn 0.076576 -0.000000 -0.064313
vn 0.076576 -0.000000 -0.064313
vn 0.081893 -0.000000 -0.057389
vn 0.081893 -0.000000 -0.057389
vn 0.086586 -0.000000 -0.050029
vn 0.086586 -0.000000 -0.050029
vn 0.090619 -0.000000 -0.042287
vn 0.090619 -0.000000 -0.042287
vn 0.093962 -0.000000 -0.034223
vn 0.093962 -0.000000 -0.034223
vn 0.096588 -0.000000 -0.025898
vn 0.096588 -0.000000 -0.025898
vn 0.098479 -0.000000 -0.017376
vn 0.098479 -0.000000 -0.017376
vn 0.099619 -0.000000 -0.008721
vn 0.099619 -0.000000 -0.008721
vn 0.100000 -0.000000 -0.000000
vn 0.100000 -0.000000 -0.000000
vn 0.008621 0.000000 -0.099628
vn 0.004337 0.009595 -0.099444
vn -0.000098 0.019510 -0.098078
vn 0.004273 0.019509 -0.097985
vn 0.004167 0.029227 -0.095543
vn 0.008719 0.019509 -0.097690
vn 0.008502 0.029227 -0.095255
vn 0.013221 0.019509 -0.097183
vn 0.012891 0.029227 -0.094761
vn 0.017765 0.019509 -0.096456
vn 0.017322 0.029227 -0.094052
vn 0.022336 0.019509 -0.095501
vn 0.021779 0.029227 -0.093121
vn 0.026919 0.019509 -0.094312
vn 0.026248 0.029227 -0.091961
vn 0.031495 0.019509 -0.092884
vn 0.030710 0.029227 -0.090569
vn 0.036048 0.019509 -0.091214
vn 0.035149 0.029227 -0.088940
vn 0.040558 0.019509 -0.089300
vn 0.039547 0.029227 -0.087074
vn 0.045007 0.019509 -0.087142
vn 0.043885 0.029227 -0.084970
vn 0.049376 0.019509 -0.084743
vn 0.048145 0.029227 -0.082631
vn 0.053644 0.019509 -0.082108
vn 0.052307 0.029227 -0.080061
vn 0.057794 0.019509 -0.079242
vn 0.056353 0.029227 -0.077266
vn 0.061807 0.019509 -0.076153
vn 0.060266 0.029227 -0.074255
vn 0.065665 0.019509 -0.072853
vn 0.064028 0.029227 -0.071037
vn 0.069322 0.019509 -0.069382
vn 0.067596 0.029227 -0.067651
vn 0.072848 0.019509 -0.065671
vn 0.071032 0.029227 -0.064034
vn 0.076144 0.019509 -0.061819
vn 0.074245 0.029227 -0.060278
vn 0.079228 0.019509 -0.057813
vn 0.077253 0.029227 -0.056371
vn 0.082091 0.019509 -0.053670
vn 0.080045 0.029227 -0.052332
vn 0.084724 0.019509 -0.049408
vn 0.082612 0.029227 -0.048176
vn 0.087122 0.019509 -0.045047
vn 0.084950 0.029227 -0.043924
vn 0.089278 0.019509 -0.040605
vn 0.087053 0.029227 -0.039593
vn 0.091192 0.019509 -0.036102
vn 0.088919 0.029227 -0.035202
vn 0.092863 0.019509 -0.031557
vn 0.090548 0.029227 -0.030770
vn 0.094293 0.019509 -0.026987
vn 0.091942 0.029227 -0.026314
vn 0.095484 0.019509 -0.022411
vn 0.093103 0.029227 -0.021853
vn 0.096441 0.019509 -0.017847
vn 0.094037 0.029227 -0.017402
vn 0.097171 0.019509 -0.013309
vn 0.094749 0.029227 -0.012977
vn 0.097682 0.019509 -0.008813
vn 0.095247 0.029227 -0.008593
vn 0.097981 0.019509 -0.004372
vn 0.095539 0.029227 -0.004263
vn 0.098078 0.019510 0.000000
vn 0.092386 0.038272 0.000000
vn 0.092296 0.038268 -0.004119
vn 0.088202 0.046957 -0.003936
vn 0.087933 0.046957 -0.007933
vn 0.082811 0.055557 -0.007471
vn 0.082378 0.055557 -0.011283
vn 0.076456 0.063599 -0.010472
vn 0.075881 0.063599 -0.014042
vn 0.069530 0.070711 -0.012867
vn 0.068840 0.070711 -0.016158
vn 0.061917 0.077169 -0.014533
vn 0.061144 0.077169 -0.017500
vn 0.053412 0.083147 -0.015287
vn 0.052603 0.083147 -0.017875
vn 0.036233 0.092388 -0.012313
vn 0.035581 0.092388 -0.014086
vn 0.027175 0.095634 -0.010758
vn 0.026604 0.095634 -0.012100
vn 0.017759 0.098079 -0.008077
vn 0.017330 0.098079 -0.008960
vn -0.000000 0.100000 -0.000000
vn 0.016853 0.098079 -0.009828
vn -0.000000 0.100000 -0.000000
vn 0.016329 0.098079 -0.010676
vn -0.000000 0.100000 -0.000000
vn 0.015759 0.098079 -0.011500
vn 0.015146 0.098079 -0.012296
vn 0.023610 0.095634 -0.017228
vn 0.022690 0.095634 -0.018422
vn 0.030913 0.092388 -0.022557
vn 0.029710 0.092388 -0.024120
vn 0.044879 0.083147 -0.032748
vn 0.043132 0.083147 -0.035017
vn 0.051376 0.077169 -0.037489
vn 0.049376 0.077169 -0.040087
vn 0.057120 0.070711 -0.041680
vn 0.054896 0.070711 -0.044569
vn 0.062338 0.063599 -0.045488
vn 0.059911 0.063599 -0.048640
vn 0.067166 0.055557 -0.049011
vn 0.064551 0.055557 -0.052407
vn 0.071321 0.046957 -0.052042
vn 0.068544 0.046957 -0.055649
vn 0.074631 0.038268 -0.054458
vn 0.071726 0.038268 -0.058232
vn -0.000093 0.038272 -0.092386
vn 0.004025 0.038268 -0.092300
vn 0.008213 0.038268 -0.092022
vn 0.012454 0.038268 -0.091545
vn 0.016734 0.038268 -0.090860
vn 0.021040 0.038268 -0.089960
vn 0.025357 0.038268 -0.088840
vn 0.029668 0.038268 -0.087495
vn 0.033956 0.038268 -0.085921
vn 0.038205 0.038268 -0.084118
vn 0.042396 0.038268 -0.082086
vn 0.046511 0.038268 -0.079826
vn 0.050532 0.038268 -0.077344
vn 0.054441 0.038268 -0.074644
vn 0.058221 0.038268 -0.071735
vn 0.061855 0.038268 -0.068626
vn 0.065304 0.038268 -0.065353
vn 0.068621 0.038268 -0.061860
vn 0.003847 0.046957 -0.088206
vn -0.000085 0.055560 -0.083145
vn 0.003623 0.055557 -0.083068
vn 0.003362 0.063599 -0.077096
vn 0.007392 0.055557 -0.082818
vn 0.006860 0.063599 -0.076864
vn 0.011208 0.055557 -0.082388
vn 0.010402 0.063599 -0.076465
vn 0.015060 0.055557 -0.081772
vn 0.013978 0.063599 -0.075893
vn 0.018936 0.055557 -0.080962
vn 0.017574 0.063599 -0.075142
vn 0.022820 0.055557 -0.079954
vn 0.021180 0.063599 -0.074206
vn 0.026700 0.055557 -0.078743
vn 0.024781 0.063599 -0.073082
vn 0.030560 0.055557 -0.077327
vn 0.028363 0.063599 -0.071768
vn 0.034384 0.055557 -0.075705
vn 0.031912 0.063599 -0.070262
vn 0.038155 0.055557 -0.073875
vn 0.035412 0.063599 -0.068564
vn 0.041859 0.055557 -0.071842
vn 0.038849 0.063599 -0.066677
vn 0.045477 0.055557 -0.069608
vn 0.042208 0.063599 -0.064603
vn 0.048996 0.055557 -0.067178
vn 0.045473 0.063599 -0.062348
vn 0.052397 0.055557 -0.064559
vn 0.048630 0.063599 -0.059918
vn 0.055668 0.055557 -0.061761
vn 0.051666 0.063599 -0.057321
vn 0.058775 0.055557 -0.058812
vn 0.054552 0.063599 -0.054582
vn 0.061757 0.055557 -0.055673
vn 0.057317 0.063599 -0.051670
vn -0.000074 0.070716 -0.070705
vn 0.003081 0.070711 -0.070643
vn 0.006286 0.070711 -0.070431
vn 0.009532 0.070711 -0.070065
vn 0.012808 0.070711 -0.069541
vn 0.016103 0.070711 -0.068853
vn 0.019407 0.070711 -0.067995
vn 0.022707 0.070711 -0.066966
vn 0.025989 0.070711 -0.065761
vn 0.029241 0.070711 -0.064381
vn 0.032448 0.070711 -0.062826
vn 0.035598 0.070711 -0.061097
vn 0.038675 0.070711 -0.059196
vn 0.041667 0.070711 -0.057130
vn 0.044560 0.070711 -0.054903
vn 0.047342 0.070711 -0.052524
vn 0.049987 0.070711 -0.050012
vn 0.052520 0.070711 -0.047346
vn 0.002771 0.077169 -0.063539
vn -0.000059 0.083149 -0.055554
vn 0.002421 0.083147 -0.055504
vn 0.001667 0.092388 -0.038232
vn 0.004939 0.083147 -0.055337
vn 0.003402 0.092388 -0.038117
vn 0.007489 0.083147 -0.055050
vn 0.005158 0.092388 -0.037919
vn 0.010063 0.083147 -0.054638
vn 0.006931 0.092388 -0.037635
vn 0.012652 0.083147 -0.054097
vn 0.008715 0.092388 -0.037263
vn 0.015248 0.083147 -0.053424
vn 0.010503 0.092388 -0.036799
vn 0.017841 0.083147 -0.052615
vn 0.012289 0.092388 -0.036242
vn 0.020419 0.083147 -0.051668
vn 0.014065 0.092388 -0.035590
vn 0.022974 0.083147 -0.050584
vn 0.015825 0.092388 -0.034843
vn 0.025495 0.083147 -0.049362
vn 0.017561 0.092388 -0.034001
vn 0.027969 0.083147 -0.048003
vn 0.019265 0.092388 -0.033065
vn 0.030387 0.083147 -0.046510
vn 0.020931 0.092388 -0.032037
vn 0.032738 0.083147 -0.044887
vn 0.022550 0.092388 -0.030919
vn 0.035011 0.083147 -0.043137
vn 0.024116 0.092388 -0.029713
vn 0.037196 0.083147 -0.041268
vn 0.025621 0.092388 -0.028426
vn 0.039277 0.083147 -0.039292
vn 0.027056 0.092388 -0.027063
vn 0.041265 0.083147 -0.037199
vn 0.028424 0.092388 -0.025623
vn -0.000041 0.092390 -0.038265
vn 0.001273 0.095634 -0.029199
vn 0.002598 0.095634 -0.029111
vn 0.003940 0.095634 -0.028960
vn 0.005294 0.095634 -0.028743
vn 0.006656 0.095634 -0.028459
vn 0.008022 0.095634 -0.028104
vn 0.009385 0.095634 -0.027679
vn 0.010742 0.095634 -0.027181
vn 0.012086 0.095634 -0.026611
vn 0.013412 0.095634 -0.025968
vn 0.014714 0.095634 -0.025253
vn 0.015986 0.095634 -0.024468
vn 0.017222 0.095634 -0.023613
vn 0.018418 0.095634 -0.022693
vn 0.019568 0.095634 -0.021710
vn 0.020665 0.095634 -0.020668
vn 0.021708 0.095634 -0.019569
vn -0.000021 0.098079 -0.019508
vn 0.000850 0.098079 -0.019490
vn 0.001734 0.098079 -0.019432
vn 0.002630 0.098079 -0.019331
vn 0.003534 0.098079 -0.019186
vn 0.004443 0.098079 -0.018996
vn 0.005354 0.098079 -0.018760
vn 0.006265 0.098079 -0.018476
vn 0.007170 0.098079 -0.018144
vn 0.008068 0.098079 -0.017763
vn 0.008953 0.098079 -0.017334
vn 0.009821 0.098079 -0.016856
vn 0.010671 0.098079 -0.016332
vn 0.011496 0.098079 -0.015762
vn 0.012294 0.098079 -0.015148
vn 0.013062 0.098079 -0.014491
vn 0.013794 0.098079 -0.013796
vn 0.014490 0.098079 -0.013063
vn 0.000000 0.100000 -0.000000
vn 0.000000 0.100000 0.000000
vn 0.000000 0.100000 0.000000
vn 0.000000 0.100000 -0.000000
vn 0.000000 0.100000 0.000000
vn 0.000000 0.100000 0.000000
vn -0.000000 0.100000 -0.000000
vn 0.000000 0.100000 0.000000
vn 0.000000 0.100000 0.000000
vn 0.000000 0.100000 0.000000
vn -0.000000 0.100000 -0.000000
vn 0.018139 0.098079 -0.007181
vn 0.027673 0.095634 -0.009404
vn 0.036791 0.092388 -0.010530
vn 0.054087 0.083147 -0.012695
vn 0.062538 0.077169 -0.011573
vn 0.070057 0.070711 -0.009595
vn 0.076857 0.063599 -0.006934
vn 0.083064 0.055557 -0.003707
vn 0.083145 0.055560 0.000000
vn 0.018472 0.098079 -0.006277
vn 0.000000 0.100000 0.000000
vn 0.018756 0.098079 -0.005368
vn 0.018993 0.098079 -0.004458
vn 0.028454 0.095634 -0.006678
vn 0.028739 0.095634 -0.005318
vn 0.037629 0.092388 -0.006963
vn 0.037914 0.092388 -0.005193
vn 0.055043 0.083147 -0.007539
vn 0.055332 0.083147 -0.004992
vn 0.063342 0.077169 -0.005715
vn 0.063536 0.077169 -0.002835
vn 0.070640 0.070711 -0.003152
vn 0.070705 0.070716 0.000000
vn 0.077093 0.063599 -0.003440
vn -0.000000 0.100000 -0.000000
vn 0.019183 0.098079 -0.003550
vn 0.028956 0.095634 -0.003966
vn 0.038114 0.092388 -0.003439
vn 0.055502 0.083147 -0.002477
vn 0.055555 0.083149 -0.000000
vn 0.019329 0.098079 -0.002647
vn -0.000000 0.100000 -0.000000
vn 0.019430 0.098079 -0.001753
vn 0.019490 0.098079 -0.000870
vn 0.029198 0.095634 -0.001303
vn 0.019508 0.098079 -0.000000
vn 0.038265 0.092390 0.000000
vn 0.000000 0.100000 0.000000
vn 0.038230 0.092388 -0.001706
vn 0.099440 0.009595 -0.004437
vn 0.099619 -0.000000 -0.008721
vn 0.098618 0.009595 -0.013507
vn 0.099136 0.009595 -0.008944
vn 0.096905 0.009595 -0.022745
vn 0.097877 0.009595 -0.018112
vn 0.094246 0.009595 -0.032026
vn 0.095696 0.009595 -0.027389
vn 0.092550 0.009595 -0.036640
vn 0.090619 -0.000000 -0.042287
vn 0.090607 0.009595 -0.041210
vn 0.088419 0.009595 -0.045718
vn 0.086586 -0.000000 -0.050029
vn 0.085986 0.009595 -0.050144
vn 0.083313 0.009595 -0.054468
vn 0.081893 -0.000000 -0.057389
vn 0.080408 0.009595 -0.058673
vn 0.077277 0.009595 -0.062739
vn 0.073932 0.009595 -0.066648
vn 0.070351 0.009595 -0.070417
vn 0.066643 0.009595 -0.073937
vn 0.062727 0.009595 -0.077287
vn 0.058655 0.009595 -0.080421
vn 0.057308 0.000000 -0.081950
vn 0.054443 0.009595 -0.083330
vn 0.049942 -0.000000 -0.086636
vn 0.050111 0.009595 -0.086005
vn 0.045677 0.009595 -0.088439
vn 0.042196 0.000000 -0.090661
vn 0.041162 0.009595 -0.090629
vn 0.036585 0.009595 -0.092572
vn 0.031964 0.009595 -0.094267
vn 0.027319 0.009595 -0.095716
vn 0.022669 0.009595 -0.096923
vn 0.018029 0.009595 -0.097892
vn 0.013418 0.009595 -0.098630
vn 0.008849 0.009595 -0.099144
vn 0.005654 0.077169 -0.063348
vn 0.008573 0.077169 -0.063019
vn 0.011520 0.077169 -0.062547
vn 0.014484 0.077169 -0.061928
vn 0.017455 0.077169 -0.061157
vn 0.020423 0.077169 -0.060231
vn 0.023375 0.077169 -0.059148
vn 0.026300 0.077169 -0.057907
vn 0.029185 0.077169 -0.056508
vn 0.032018 0.077169 -0.054952
vn 0.034786 0.077169 -0.053243
vn 0.037477 0.077169 -0.051385
vn 0.040079 0.077169 -0.049382
vn 0.042581 0.077169 -0.047242
vn 0.044962 0.077169 -0.044981
vn 0.047238 0.077169 -0.042584
vn 0.007849 0.046957 -0.087940
vn 0.011901 0.046957 -0.087484
vn 0.015992 0.046957 -0.086829
vn 0.020107 0.046957 -0.085970
vn 0.024232 0.046957 -0.084899
vn 0.028352 0.046957 -0.083614
vn 0.032450 0.046957 -0.082110
vn 0.036510 0.046957 -0.080387
vn 0.040515 0.046957 -0.078445
vn 0.044448 0.046957 -0.076285
vn 0.048290 0.046957 -0.073913
vn 0.052026 0.046957 -0.071333
vn 0.055638 0.046957 -0.068553
vn 0.059111 0.046957 -0.065581
vn 0.062409 0.046957 -0.062452
vn 0.065577 0.046957 -0.059116
vn 0.024463 0.095634 -0.015993
vn 0.025247 0.095634 -0.014723
vn 0.025962 0.095634 -0.013424
vn 0.032030 0.092388 -0.020941
vn 0.033058 0.092388 -0.019278
vn 0.033993 0.092388 -0.017576
vn 0.034835 0.092388 -0.015843
vn 0.046501 0.083147 -0.030401
vn 0.047993 0.083147 -0.027987
vn 0.049350 0.083147 -0.025517
vn 0.050572 0.083147 -0.023001
vn 0.051656 0.083147 -0.020450
vn 0.053232 0.077169 -0.034802
vn 0.054940 0.077169 -0.032039
vn 0.056494 0.077169 -0.029211
vn 0.057893 0.077169 -0.026331
vn 0.059134 0.077169 -0.023411
vn 0.060218 0.077169 -0.020463
vn 0.059184 0.070711 -0.038694
vn 0.061083 0.070711 -0.035621
vn 0.062811 0.070711 -0.032477
vn 0.064366 0.070711 -0.029275
vn 0.065746 0.070711 -0.026028
vn 0.066951 0.070711 -0.022751
vn 0.067981 0.070711 -0.019457
vn 0.064590 0.063599 -0.042228
vn 0.066662 0.063599 -0.038875
vn 0.068548 0.063599 -0.035443
vn 0.070245 0.063599 -0.031949
vn 0.071751 0.063599 -0.028406
vn 0.073066 0.063599 -0.024829
vn 0.074191 0.063599 -0.021234
vn 0.075128 0.063599 -0.017634
vn 0.069594 0.055557 -0.045499
vn 0.071826 0.055557 -0.041886
vn 0.073858 0.055557 -0.038189
vn 0.075686 0.055557 -0.034423
vn 0.077309 0.055557 -0.030606
vn 0.078726 0.055557 -0.026752
vn 0.079937 0.055557 -0.022879
vn 0.080947 0.055557 -0.019000
vn 0.081759 0.055557 -0.015130
vn 0.073898 0.046957 -0.048313
vn 0.076268 0.046957 -0.044477
vn 0.078426 0.046957 -0.040551
vn 0.080368 0.046957 -0.036553
vn 0.082091 0.046957 -0.032499
vn 0.083595 0.046957 -0.028407
vn 0.084882 0.046957 -0.024294
vn 0.085954 0.046957 -0.020175
vn 0.086816 0.046957 -0.016065
vn 0.087473 0.046957 -0.011980
vn 0.077328 0.038268 -0.050556
vn 0.079809 0.038268 -0.046541
vn 0.082067 0.038268 -0.042433
vn 0.084098 0.038268 -0.038249
vn 0.085901 0.038268 -0.034008
vn 0.087475 0.038268 -0.029726
vn 0.088822 0.038268 -0.025421
vn 0.089944 0.038268 -0.021111
vn 0.090846 0.038268 -0.016811
vn 0.091533 0.038268 -0.012537
vn 0.092014 0.038268 -0.008301
vn 0.028099 0.095634 -0.008042
vn 0.037256 0.092388 -0.008745
vn 0.054629 0.083147 -0.010109
vn 0.063011 0.077169 -0.008630
vn 0.070425 0.070711 -0.006354
vn 0.029109 0.095634 -0.002626
vn 0.000000 -0.100000 0.000000
vn 0.000000 -0.100000 0.000000
vn 0.000000 -0.100000 0.000000
vn 0.000000 -0.100000 0.000000
vn 0.000000 -0.100000 0.000000
vn 0.000000 -0.100000 0.000000
vn 0.000000 -0.100000 0.000000
vn 0.000000 -0.100000 0.000000
vn 0.000000 -0.100000 0.000000
vn 0.000000 -0.100000 0.000000
vn 0.000000 -0.100000 0.000000
vn 0.000000 -0.100000 0.000000
vn 0.000000 -0.100000 0.000000
vn 0.000000 -0.100000 0.000000
vn 0.000000 -0.100000 0.000000
vn 0.000000 -0.100000 0.000000
vn 0.000000 -0.100000 0.000000
vn 0.000000 -0.100000 0.000000
vn 0.000000 -0.100000 0.000000
vn 0.000000 -0.100000 0.000000
vn 0.000000 -0.100000 0.000000
vn 0.000000 -0.100000 0.000000
vn 0.000000 -0.100000 0.000000
vn 0.000000 -0.100000 0.000000
vn 0.000000 -0.100000 0.000000
vn 0.000000 -0.100000 0.000000
vn 0.000000 -0.100000 0.000000
vn 0.000000 -0.100000 0.000000
vn 0.000000 -0.100000 0.000000
vn 0.000000 -0.100000 0.000000
vn 0.000000 -0.100000 0.000000
vn 0.000000 -0.100000 0.000000
vn 0.000000 -0.100000 0.000000
vn 0.000000 -0.100000 0.000000
vn 0.000000 -0.100000 0.000000
vn -0.000000 0.100000 -0.000000
vn 0.000000 0.000000 0.100000
vn 0.000000 0.000000 0.100000
vn 0.000000 0.000000 0.100000
vn 0.000000 0.000000 0.100000
vn 0.000000 0.000000 0.100000
vn 0.000000 0.000000 0.100000
vn 0.000000 0.000000 0.100000
vn 0.000000 0.000000 0.100000
vn 0.000000 0.000000 0.100000
vn 0.000000 0.000000 0.100000
vn 0.000000 0.000000 0.100000
vn 0.000000 0.000000 0.100000
vn 0.000000 0.000000 0.100000
vn 0.000000 0.000000 0.100000
vn 0.000000 0.000000 0.100000
vn 0.000000 0.000000 0.100000
vn 0.000000 0.000000 0.100000
vn 0.000000 0.000000 0.100000
vn 0.000000 0.000000 0.100000
vn 0.000000 0.000000 0.100000
vn 0.000000 0.000000 0.100000
vn 0.000000 0.000000 0.100000
vn 0.000000 0.000000 0.100000
vn 0.000000 0.000000 0.100000
vn 0.000000 0.000000 0.100000
vn 0.000000 0.000000 0.100000
vn 0.000000 0.000000 0.100000
vn 0.000000 0.000000 0.100000
vn 0.000000 0.000000 0.100000
vn 0.000000 0.000000 0.100000
vn 0.000000 0.000000 0.100000
vn 0.000000 0.000000 0.100000
vn 0.000000 0.000000 0.100000
vn 0.000000 0.000000 0.100000
vn 0.000000 0.000000 0.100000
vn 0.000000 0.000000 0.100000
vn 0.000000 0.000000 0.100000
vn 0.000000 0.000000 0.100000
vn 0.000000 0.000000 0.100000
usemtl Steel_-_Satin
f 39/1/1 1/2/2 11/3/3
f 11/3/3 1/2/2 2/4/4
f 11/3/3 2/4/4 10/5/5
f 10/5/5 2/4/4 3/6/6
f 10/5/5 3/6/6 4/7/7
f 4/7/7 5/8/8 10/5/5
f 10/5/5 5/8/8 6/9/9
f 10/5/5 6/9/9 7/10/10
f 7/10/10 8/11/11 10/5/5
f 10/5/5 8/11/11 9/12/12
f 11/3/3 12/13/13 39/1/1
f 39/1/1 12/13/13 13/14/14
f 39/1/1 13/14/14 14/15/15
f 14/15/15 15/16/16 39/1/1
f 39/1/1 15/16/16 16/17/17
f 39/1/1 16/17/17 17/18/18
f 17/18/18 18/19/19 39/1/1
f 39/1/1 18/19/19 19/20/20
f 39/1/1 19/20/20 20/21/21
f 20/21/21 21/22/22 39/1/1
f 39/1/1 21/22/22 22/23/23
f 39/1/1 22/23/23 23/24/24
f 23/24/24 24/25/25 39/1/1
f 39/1/1 24/25/25 25/26/26
f 39/1/1 25/26/26 26/27/27
f 26/27/27 27/28/28 39/1/1
f 39/1/1 27/28/28 28/29/29
f 39/1/1 28/29/29 29/30/30
f 29/30/30 30/31/31 39/1/1
f 39/1/1 30/31/31 31/32/32
f 39/1/1 31/32/32 32/33/33
f 32/33/33 33/34/34 39/1/1
f 39/1/1 33/34/34 34/35/35
f 39/1/1 34/35/35 35/36/36
f 35/36/36 36/37/37 39/1/1
f 39/1/1 36/37/37 37/38/38
f 39/1/1 37/38/38 38/39/39
f 116/40/40 38/41/41 156/42/42
f 156/42/42 38/41/41 37/43/43
f 156/42/42 37/43/43 155/44/44
f 155/44/44 37/43/43 36/45/45
f 155/44/44 36/45/45 154/46/46
f 154/46/46 36/45/45 35/47/47
f 154/46/46 35/47/47 153/48/48
f 153/48/48 35/47/47 34/49/49
f 153/48/48 34/49/49 152/50/50
f 152/50/50 34/49/49 33/51/51
f 152/50/50 33/51/51 151/52/52
f 151/52/52 33/51/51 32/53/53
f 151/52/52 32/53/53 150/54/54
f 150/54/54 32/53/53 31/55/55
f 150/54/54 31/55/55 149/56/56
f 149/56/56 31/55/55 30/57/57
f 149/56/56 30/57/57 148/58/58
f 148/58/58 30/57/57 29/59/59
f 148/58/58 29/59/59 147/60/60
f 147/60/60 29/59/59 28/61/61
f 147/60/60 28/61/61 146/62/62
f 146/62/62 28/61/61 27/63/63
f 146/62/62 27/63/63 145/64/64
f 145/64/64 27/63/63 26/65/65
f 145/64/64 26/65/65 144/66/66
f 144/66/66 26/65/65 25/67/67
f 144/66/66 25/67/67 143/68/68
f 143/68/68 25/67/67 24/69/69
f 143/68/68 24/69/69 142/70/70
f 142/70/70 24/69/69 23/71/71
f 142/70/70 23/71/71 141/72/72
f 141/72/72 23/71/71 22/73/73
f 141/72/72 22/73/73 140/74/74
f 140/74/74 22/73/73 21/75/75
f 140/74/74 21/75/75 139/76/76
f 139/76/76 21/75/75 20/77/77
f 139/76/76 20/77/77 138/78/78
f 138/78/78 20/77/77 19/79/79
f 138/78/78 19/79/79 137/80/80
f 137/80/80 19/79/79 18/81/81
f 137/80/80 18/81/81 136/82/82
f 136/82/82 18/81/81 17/83/83
f 136/82/82 17/83/83 135/84/84
f 135/84/84 17/83/83 16/85/85
f 135/84/84 16/85/85 134/86/86
f 134/86/86 16/85/85 15/87/87
f 134/86/86 15/87/87 133/88/88
f 133/88/88 15/87/87 14/89/89
f 133/88/88 14/89/89 132/90/90
f 132/90/90 14/89/89 13/91/91
f 132/90/90 13/91/91 131/92/92
f 131/92/92 13/91/91 12/93/93
f 131/92/92 12/93/93 11/94/94
f 11/94/94 40/95/95 131/92/92
f 131/92/92 40/95/95 157/96/96
f 131/92/92 157/96/96 158/97/97
f 158/97/97 157/96/96 233/98/98
f 158/97/97 233/98/98 232/99/99
f 232/99/99 233/98/98 185/100/100
f 232/99/99 185/100/100 186/101/101
f 186/101/101 185/100/100 281/102/102
f 186/101/101 281/102/102 280/103/103
f 280/103/103 281/102/102 237/104/104
f 280/103/103 237/104/104 238/105/105
f 238/105/105 237/104/104 329/106/106
f 238/105/105 329/106/106 328/107/107
f 328/107/107 329/106/106 289/108/108
f 328/107/107 289/108/108 290/109/109
f 290/109/109 289/108/108 379/110/110
f 290/109/109 379/110/110 378/111/111
f 378/111/111 379/110/110 343/112/112
f 378/111/111 343/112/112 344/113/113
f 344/113/113 343/112/112 429/114/114
f 344/113/113 429/114/114 428/115/115
f 428/115/115 429/114/114 394/116/116
f 428/115/115 394/116/116 395/117/117
f 395/117/117 394/116/116 446/118/118
f 395/117/117 446/118/118 447/119/119
f 447/119/119 446/118/118 507/120/120
f 447/119/119 507/120/120 506/121/121
f 506/121/121 507/120/120 472/122/122
f 506/121/121 472/122/122 473/123/123
f 473/123/123 472/122/122 557/124/124
f 473/123/123 557/124/124 556/125/125
f 556/125/125 557/124/124 522/126/126
f 556/125/125 522/126/126 523/127/127
f 523/127/127 522/126/126 607/128/128
f 523/127/127 607/128/128 606/129/129
f 606/129/129 607/128/128 572/130/130
f 606/129/129 572/130/130 573/131/131
f 573/131/131 572/130/130 659/132/132
f 573/131/131 659/132/132 658/133/133
f 658/133/133 659/132/132 624/134/134
f 658/133/133 624/134/134 625/135/135
f 625/135/135 624/134/134 710/136/136
f 625/135/135 710/136/136 709/137/137
f 709/137/137 710/136/136 675/138/138
f 709/137/137 675/138/138 676/139/139
f 676/139/139 675/138/138 727/140/140
f 676/139/139 727/140/140 728/141/141
f 728/141/141 727/140/140 788/142/142
f 728/141/141 788/142/142 787/143/143
f 787/143/143 788/142/142 753/144/144
f 787/143/143 753/144/144 754/145/145
f 754/145/145 753/144/144 838/146/146
f 754/145/145 838/146/146 837/147/147
f 837/147/147 838/146/146 803/148/148
f 837/147/147 803/148/148 804/149/149
f 804/149/149 803/148/148 888/150/150
f 804/149/149 888/150/150 887/151/151
f 887/151/151 888/150/150 853/152/152
f 887/151/151 853/152/152 854/153/153
f 854/153/153 853/152/152 940/154/154
f 854/153/153 940/154/154 939/155/155
f 939/155/155 940/154/154 905/156/156
f 939/155/155 905/156/156 906/157/157
f 906/157/157 905/156/156 66/158/158
f 906/157/157 66/158/158 67/159/159
f 157/96/96 40/95/95 130/160/160
f 130/160/160 40/95/95 41/161/161
f 130/160/160 41/161/161 183/162/162
f 183/162/162 41/161/161 129/163/163
f 183/162/162 129/163/163 283/164/164
f 283/164/164 129/163/163 234/165/165
f 283/164/164 234/165/165 235/166/166
f 235/166/166 234/165/165 332/167/167
f 235/166/166 332/167/167 331/168/168
f 331/168/168 332/167/167 286/169/169
f 331/168/168 286/169/169 287/170/170
f 287/170/170 286/169/169 382/171/171
f 287/170/170 382/171/171 381/172/172
f 381/172/172 382/171/171 340/173/173
f 381/172/172 340/173/173 341/174/174
f 341/174/174 340/173/173 432/175/175
f 341/174/174 432/175/175 431/176/176
f 431/176/176 432/175/175 391/177/177
f 431/176/176 391/177/177 392/178/178
f 392/178/178 391/177/177 443/179/179
f 392/178/178 443/179/179 444/180/180
f 444/180/180 443/179/179 510/181/181
f 444/180/180 510/181/181 509/182/182
f 509/182/182 510/181/181 469/183/183
f 509/182/182 469/183/183 470/184/184
f 470/184/184 469/183/183 560/185/185
f 470/184/184 560/185/185 559/186/186
f 559/186/186 560/185/185 519/187/187
f 559/186/186 519/187/187 520/188/188
f 520/188/188 519/187/187 610/189/189
f 520/188/188 610/189/189 609/190/190
f 609/190/190 610/189/189 569/191/191
f 609/190/190 569/191/191 570/192/192
f 570/192/192 569/191/191 662/193/193
f 570/192/192 662/193/193 661/194/194
f 661/194/194 662/193/193 621/195/195
f 661/194/194 621/195/195 622/196/196
f 622/196/196 621/195/195 713/197/197
f 622/196/196 713/197/197 712/198/198
f 712/198/198 713/197/197 672/199/199
f 712/198/198 672/199/199 673/200/200
f 673/200/200 672/199/199 724/201/201
f 673/200/200 724/201/201 725/202/202
f 725/202/202 724/201/201 791/203/203
f 725/202/202 791/203/203 790/204/204
f 790/204/204 791/203/203 750/205/205
f 790/204/204 750/205/205 751/206/206
f 751/206/206 750/205/205 841/207/207
f 751/206/206 841/207/207 840/208/208
f 840/208/208 841/207/207 800/209/209
f 840/208/208 800/209/209 801/210/210
f 801/210/210 800/209/209 891/211/211
f 801/210/210 891/211/211 890/212/212
f 890/212/212 891/211/211 850/213/213
f 890/212/212 850/213/213 851/214/214
f 851/214/214 850/213/213 943/215/215
f 851/214/214 943/215/215 942/216/216
f 942/216/216 943/215/215 902/217/217
f 942/216/216 902/217/217 903/218/218
f 903/218/218 902/217/217 63/219/219
f 903/218/218 63/219/219 64/220/220
f 41/161/161 42/221/221 129/163/163
f 129/163/163 42/221/221 128/222/222
f 129/163/163 128/222/222 234/165/165
f 234/165/165 128/222/222 333/223/223
f 234/165/165 333/223/223 332/167/167
f 332/167/167 333/223/223 285/224/224
f 332/167/167 285/224/224 286/169/169
f 286/169/169 285/224/224 383/225/225
f 286/169/169 383/225/225 382/171/171
f 382/171/171 383/225/225 339/226/226
f 382/171/171 339/226/226 340/173/173
f 340/173/173 339/226/226 433/227/227
f 340/173/173 433/227/227 432/175/175
f 432/175/175 433/227/227 390/228/228
f 432/175/175 390/228/228 391/177/177
f 391/177/177 390/228/228 442/229/229
f 391/177/177 442/229/229 443/179/179
f 443/179/179 442/229/229 511/230/230
f 443/179/179 511/230/230 510/181/181
f 510/181/181 511/230/230 468/231/231
f 510/181/181 468/231/231 469/183/183
f 469/183/183 468/231/231 561/232/232
f 469/183/183 561/232/232 560/185/185
f 560/185/185 561/232/232 518/233/233
f 560/185/185 518/233/233 519/187/187
f 519/187/187 518/233/233 611/234/234
f 519/187/187 611/234/234 610/189/189
f 610/189/189 611/234/234 568/235/235
f 610/189/189 568/235/235 569/191/191
f 569/191/191 568/235/235 663/236/236
f 569/191/191 663/236/236 662/193/193
f 662/193/193 663/236/236 620/237/237
f 662/193/193 620/237/237 621/195/195
f 621/195/195 620/237/237 714/238/238
f 621/195/195 714/238/238 713/197/197
f 713/197/197 714/238/238 671/239/239
f 713/197/197 671/239/239 672/199/199
f 672/199/199 671/239/239 723/240/240
f 672/199/199 723/240/240 724/201/201
f 724/201/201 723/240/240 792/241/241
f 724/201/201 792/241/241 791/203/203
f 791/203/203 792/241/241 749/242/242
f 791/203/203 749/242/242 750/205/205
f 750/205/205 749/242/242 842/243/243
f 750/205/205 842/243/243 841/207/207
f 841/207/207 842/243/243 799/244/244
f 841/207/207 799/244/244 800/209/209
f 800/209/209 799/244/244 892/245/245
f 800/209/209 892/245/245 891/211/211
f 891/211/211 892/245/245 849/246/246
f 891/211/211 849/246/246 850/213/213
f 850/213/213 849/246/246 944/247/247
f 850/213/213 944/247/247 943/215/215
f 943/215/215 944/247/247 901/248/248
f 943/215/215 901/248/248 902/217/217
f 902/217/217 901/248/248 62/249/249
f 902/217/217 62/249/249 63/219/219
f 42/221/221 43/250/250 128/222/222
f 128/222/222 43/250/250 334/251/251
f 128/222/222 334/251/251 333/223/223
f 333/223/223 334/251/251 284/252/252
f 333/223/223 284/252/252 285/224/224
f 285/224/224 284/252/252 384/253/253
f 285/224/224 384/253/253 383/225/225
f 383/225/225 384/253/253 338/254/254
f 383/225/225 338/254/254 339/226/226
f 339/226/226 338/254/254 434/255/255
f 339/226/226 434/255/255 433/227/227
f 433/227/227 434/255/255 389/256/256
f 433/227/227 389/256/256 390/228/228
f 390/228/228 389/256/256 441/257/257
f 390/228/228 441/257/257 442/229/229
f 442/229/229 441/257/257 512/258/258
f 442/229/229 512/258/258 511/230/230
f 511/230/230 512/258/258 467/259/259
f 511/230/230 467/259/259 468/231/231
f 468/231/231 467/259/259 562/260/260
f 468/231/231 562/260/260 561/232/232
f 561/232/232 562/260/260 517/261/261
f 561/232/232 517/261/261 518/233/233
f 518/233/233 517/261/261 612/262/262
f 518/233/233 612/262/262 611/234/234
f 611/234/234 612/262/262 567/263/263
f 611/234/234 567/263/263 568/235/235
f 568/235/235 567/263/263 664/264/264
f 568/235/235 664/264/264 663/236/236
f 663/236/236 664/264/264 619/265/265
f 663/236/236 619/265/265 620/237/237
f 620/237/237 619/265/265 715/266/266
f 620/237/237 715/266/266 714/238/238
f 714/238/238 715/266/266 670/267/267
f 714/238/238 670/267/267 671/239/239
f 671/239/239 670/267/267 722/268/268
f 671/239/239 722/268/268 723/240/240
f 723/240/240 722/268/268 793/269/269
f 723/240/240 793/269/269 792/241/241
f 792/241/241 793/269/269 748/270/270
f 792/241/241 748/270/270 749/242/242
f 749/242/242 748/270/270 843/271/271
f 749/242/242 843/271/271 842/243/243
f 842/243/243 843/271/271 798/272/272
f 842/243/243 798/272/272 799/244/244
f 799/244/244 798/272/272 893/273/273
f 799/244/244 893/273/273 892/245/245
f 892/245/245 893/273/273 848/274/274
f 892/245/245 848/274/274 849/246/246
f 849/246/246 848/274/274 945/275/275
f 849/246/246 945/275/275 944/247/247
f 944/247/247 945/275/275 900/276/276
f 944/247/247 900/276/276 901/248/248
f 901/248/248 900/276/276 61/277/277
f 901/248/248 61/277/277 62/249/249
f 334/251/251 43/250/250 127/278/278
f 127/278/278 43/250/250 44/279/279
f 127/278/278 44/279/279 386/280/280
f 386/280/280 44/279/279 335/281/281
f 386/280/280 335/281/281 336/282/282
f 336/282/282 335/281/281 437/283/283
f 336/282/282 437/283/283 436/284/284
f 436/284/284 437/283/283 126/285/285
f 436/284/284 126/285/285 387/286/286
f 387/286/286 126/285/285 438/287/287
f 387/286/286 438/287/287 439/288/288
f 439/288/288 438/287/287 125/289/289
f 439/288/288 125/289/289 514/290/290
f 514/290/290 125/289/289 464/291/291
f 514/290/290 464/291/291 465/292/292
f 465/292/292 464/291/291 124/293/293
f 465/292/292 124/293/293 564/294/294
f 564/294/294 124/293/293 123/295/295
f 564/294/294 123/295/295 515/296/296
f 515/296/296 123/295/295 615/297/297
f 515/296/296 615/297/297 614/298/298
f 614/298/298 615/297/297 122/299/299
f 614/298/298 122/299/299 565/300/300
f 565/300/300 122/299/299 667/301/301
f 565/300/300 667/301/301 666/302/302
f 666/302/302 667/301/301 616/303/303
f 666/302/302 616/303/303 617/304/304
f 617/304/304 616/303/303 718/305/305
f 617/304/304 718/305/305 717/306/306
f 717/306/306 718/305/305 121/307/307
f 717/306/306 121/307/307 668/308/308
f 668/308/308 121/307/307 719/309/309
f 668/308/308 719/309/309 720/310/310
f 720/310/310 719/309/309 120/311/311
f 720/310/310 120/311/311 795/312/312
f 795/312/312 120/311/311 745/313/313
f 795/312/312 745/313/313 746/314/314
f 746/314/314 745/313/313 119/315/315
f 746/314/314 119/315/315 845/316/316
f 845/316/316 119/315/315 118/317/317
f 845/316/316 118/317/317 796/318/318
f 796/318/318 118/317/317 896/319/319
f 796/318/318 896/319/319 895/320/320
f 895/320/320 896/319/319 117/321/321
f 895/320/320 117/321/321 846/322/322
f 846/322/322 117/321/321 948/323/323
f 846/322/322 948/323/323 947/324/324
f 947/324/324 948/323/323 897/325/325
f 947/324/324 897/325/325 898/326/326
f 898/326/326 897/325/325 58/327/327
f 898/326/326 58/327/327 59/328/328
f 44/279/279 45/329/329 335/281/281
f 335/281/281 45/329/329 437/283/283
f 437/283/283 45/329/329 126/285/285
f 126/285/285 45/329/329 46/330/330
f 126/285/285 46/330/330 438/287/287
f 438/287/287 46/330/330 125/289/289
f 46/330/330 47/331/331 125/289/289
f 125/289/289 47/331/331 464/291/291
f 464/291/291 47/331/331 124/293/293
f 124/293/293 47/331/331 48/332/332
f 124/293/293 48/332/332 123/295/295
f 123/295/295 48/332/332 49/333/333
f 123/295/295 49/333/333 615/297/297
f 615/297/297 49/333/333 122/299/299
f 49/333/333 50/334/334 122/299/299
f 122/299/299 50/334/334 667/301/301
f 667/301/301 50/334/334 616/303/303
f 616/303/303 50/334/334 51/335/335
f 616/303/303 51/335/335 718/305/305
f 718/305/305 51/335/335 121/307/307
f 51/335/335 52/336/336 121/307/307
f 121/307/307 52/336/336 719/309/309
f 719/309/309 52/336/336 120/311/311
f 120/311/311 52/336/336 53/337/337
f 120/311/311 53/337/337 745/313/313
f 745/313/313 53/337/337 119/315/315
f 53/337/337 54/338/338 119/315/315
f 119/315/315 54/338/338 118/317/317
f 54/338/338 55/339/339 118/317/317
f 118/317/317 55/339/339 896/319/319
f 896/319/319 55/339/339 117/321/321
f 117/321/321 55/339/339 56/340/340
f 117/321/321 56/340/340 948/323/323
f 948/323/323 56/340/340 897/325/325
f 56/340/340 57/341/341 897/325/325
f 897/325/325 57/341/341 58/327/327
f 898/326/326 59/328/328 899/342/342
f 899/342/342 59/328/328 60/343/343
f 899/342/342 60/343/343 900/276/276
f 900/276/276 60/343/343 61/277/277
f 903/218/218 64/220/220 904/344/344
f 904/344/344 64/220/220 65/345/345
f 904/344/344 65/345/345 905/156/156
f 905/156/156 65/345/345 66/158/158
f 906/157/157 67/159/159 907/346/346
f 907/346/346 67/159/159 68/347/347
f 907/346/346 68/347/347 908/348/348
f 908/348/348 68/347/347 69/349/349
f 908/348/348 69/349/349 909/350/350
f 909/350/350 69/349/349 70/351/351
f 909/350/350 70/351/351 910/352/352
f 910/352/352 70/351/351 71/353/353
f 910/352/352 71/353/353 911/354/354
f 911/354/354 71/353/353 72/355/355
f 911/354/354 72/355/355 912/356/356
f 912/356/356 72/355/355 73/357/357
f 912/356/356 73/357/357 913/358/358
f 913/358/358 73/357/357 74/359/359
f 913/358/358 74/359/359 914/360/360
f 914/360/360 74/359/359 75/361/361
f 914/360/360 75/361/361 915/362/362
f 915/362/362 75/361/361 76/363/363
f 915/362/362 76/363/363 916/364/364
f 916/364/364 76/363/363 77/365/365
f 916/364/364 77/365/365 917/366/366
f 917/366/366 77/365/365 78/367/367
f 917/366/366 78/367/367 918/368/368
f 918/368/368 78/367/367 79/369/369
f 918/368/368 79/369/369 919/370/370
f 919/370/370 79/369/369 80/371/371
f 919/370/370 80/371/371 920/372/372
f 920/372/372 80/371/371 81/373/373
f 920/372/372 81/373/373 921/374/374
f 921/374/374 81/373/373 82/375/375
f 921/374/374 82/375/375 922/376/376
f 922/376/376 82/375/375 83/377/377
f 922/376/376 83/377/377 85/378/378
f 85/378/378 83/377/377 84/379/379
f 85/378/378 86/380/380 922/376/376
f 922/376/376 86/380/380 923/381/381
f 922/376/376 923/381/381 921/374/374
f 921/374/374 923/381/381 924/382/382
f 921/374/374 924/382/382 920/372/372
f 920/372/372 924/382/382 925/383/383
f 920/372/372 925/383/383 919/370/370
f 919/370/370 925/383/383 926/384/384
f 919/370/370 926/384/384 918/368/368
f 918/368/368 926/384/384 927/385/385
f 918/368/368 927/385/385 917/366/366
f 917/366/366 927/385/385 928/386/386
f 917/366/366 928/386/386 916/364/364
f 916/364/364 928/386/386 929/387/387
f 916/364/364 929/387/387 915/362/362
f 915/362/362 929/387/387 930/388/388
f 915/362/362 930/388/388 914/360/360
f 914/360/360 930/388/388 931/389/389
f 914/360/360 931/389/389 913/358/358
f 913/358/358 931/389/389 932/390/390
f 913/358/358 932/390/390 912/356/356
f 912/356/356 932/390/390 933/391/391
f 912/356/356 933/391/391 911/354/354
f 911/354/354 933/391/391 934/392/392
f 911/354/354 934/392/392 910/352/352
f 910/352/352 934/392/392 935/393/393
f 910/352/352 935/393/393 909/350/350
f 909/350/350 935/393/393 936/394/394
f 909/350/350 936/394/394 908/348/348
f 908/348/348 936/394/394 937/395/395
f 908/348/348 937/395/395 907/346/346
f 907/346/346 937/395/395 938/396/396
f 907/346/346 938/396/396 906/157/157
f 906/157/157 938/396/396 939/155/155
f 86/380/380 87/397/397 923/381/381
f 923/381/381 87/397/397 870/398/398
f 923/381/381 870/398/398 924/382/382
f 924/382/382 870/398/398 869/399/399
f 924/382/382 869/399/399 925/383/383
f 925/383/383 869/399/399 868/400/400
f 925/383/383 868/400/400 926/384/384
f 926/384/384 868/400/400 867/401/401
f 926/384/384 867/401/401 927/385/385
f 927/385/385 867/401/401 866/402/402
f 927/385/385 866/402/402 928/386/386
f 928/386/386 866/402/402 865/403/403
f 928/386/386 865/403/403 929/387/387
f 929/387/387 865/403/403 864/404/404
f 929/387/387 864/404/404 930/388/388
f 930/388/388 864/404/404 863/405/405
f 930/388/388 863/405/405 931/389/389
f 931/389/389 863/405/405 862/406/406
f 931/389/389 862/406/406 932/390/390
f 932/390/390 862/406/406 861/407/407
f 932/390/390 861/407/407 933/391/391
f 933/391/391 861/407/407 860/408/408
f 933/391/391 860/408/408 934/392/392
f 934/392/392 860/408/408 859/409/409
f 934/392/392 859/409/409 935/393/393
f 935/393/393 859/409/409 858/410/410
f 935/393/393 858/410/410 936/394/394
f 936/394/394 858/410/410 857/411/411
f 936/394/394 857/411/411 937/395/395
f 937/395/395 857/411/411 856/412/412
f 937/395/395 856/412/412 938/396/396
f 938/396/396 856/412/412 855/413/413
f 938/396/396 855/413/413 939/155/155
f 939/155/155 855/413/413 854/153/153
f 87/397/397 88/414/414 870/398/398
f 870/398/398 88/414/414 871/415/415
f 870/398/398 871/415/415 869/399/399
f 869/399/399 871/415/415 872/416/416
f 869/399/399 872/416/416 868/400/400
f 868/400/400 872/416/416 873/417/417
f 868/400/400 873/417/417 867/401/401
f 867/401/401 873/417/417 874/418/418
f 867/401/401 874/418/418 866/402/402
f 866/402/402 874/418/418 875/419/419
f 866/402/402 875/419/419 865/403/403
f 865/403/403 875/419/419 876/420/420
f 865/403/403 876/420/420 864/404/404
f 864/404/404 876/420/420 877/421/421
f 864/404/404 877/421/421 863/405/405
f 863/405/405 877/421/421 878/422/422
f 863/405/405 878/422/422 862/406/406
f 862/406/406 878/422/422 879/423/423
f 862/406/406 879/423/423 861/407/407
f 861/407/407 879/423/423 880/424/424
f 861/407/407 880/424/424 860/408/408
f 860/408/408 880/424/424 881/425/425
f 860/408/408 881/425/425 859/409/409
f 859/409/409 881/425/425 882/426/426
f 859/409/409 882/426/426 858/410/410
f 858/410/410 882/426/426 883/427/427
f 858/410/410 883/427/427 857/411/411
f 857/411/411 883/427/427 884/428/428
f 857/411/411 884/428/428 856/412/412
f 856/412/412 884/428/428 885/429/429
f 856/412/412 885/429/429 855/413/413
f 855/413/413 885/429/429 886/430/430
f 855/413/413 886/430/430 854/153/153
f 854/153/153 886/430/430 887/151/151
f 88/414/414 89/431/431 871/415/415
f 871/415/415 89/431/431 820/432/432
f 871/415/415 820/432/432 872/416/416
f 872/416/416 820/432/432 819/433/433
f 872/416/416 819/433/433 873/417/417
f 873/417/417 819/433/433 818/434/434
f 873/417/417 818/434/434 874/418/418
f 874/418/418 818/434/434 817/435/435
f 874/418/418 817/435/435 875/419/419
f 875/419/419 817/435/435 816/436/436
f 875/419/419 816/436/436 876/420/420
f 876/420/420 816/436/436 815/437/437
f 876/420/420 815/437/437 877/421/421
f 877/421/421 815/437/437 814/438/438
f 877/421/421 814/438/438 878/422/422
f 878/422/422 814/438/438 813/439/439
f 878/422/422 813/439/439 879/423/423
f 879/423/423 813/439/439 812/440/440
f 879/423/423 812/440/440 880/424/424
f 880/424/424 812/440/440 811/441/441
f 880/424/424 811/441/441 881/425/425
f 881/425/425 811/441/441 810/442/442
f 881/425/425 810/442/442 882/426/426
f 882/426/426 810/442/442 809/443/443
f 882/426/426 809/443/443 883/427/427
f 883/427/427 809/443/443 808/444/444
f 883/427/427 808/444/444 884/428/428
f 884/428/428 808/444/444 807/445/445
f 884/428/428 807/445/445 885/429/429
f 885/429/429 807/445/445 806/446/446
f 885/429/429 806/446/446 886/430/430
f 886/430/430 806/446/446 805/447/447
f 886/430/430 805/447/447 887/151/151
f 887/151/151 805/447/447 804/149/149
f 89/431/431 90/448/448 820/432/432
f 820/432/432 90/448/448 821/449/449
f 820/432/432 821/449/449 819/433/433
f 819/433/433 821/449/449 822/450/450
f 819/433/433 822/450/450 818/434/434
f 818/434/434 822/450/450 823/451/451
f 818/434/434 823/451/451 817/435/435
f 817/435/435 823/451/451 824/452/452
f 817/435/435 824/452/452 816/436/436
f 816/436/436 824/452/452 825/453/453
f 816/436/436 825/453/453 815/437/437
f 815/437/437 825/453/453 826/454/454
f 815/437/437 826/454/454 814/438/438
f 814/438/438 826/454/454 827/455/455
f 814/438/438 827/455/455 813/439/439
f 813/439/439 827/455/455 828/456/456
f 813/439/439 828/456/456 812/440/440
f 812/440/440 828/456/456 829/457/457
f 812/440/440 829/457/457 811/441/441
f 811/441/441 829/457/457 830/458/458
f 811/441/441 830/458/458 810/442/442
f 810/442/442 830/458/458 831/459/459
f 810/442/442 831/459/459 809/443/443
f 809/443/443 831/459/459 832/460/460
f 809/443/443 832/460/460 808/444/444
f 808/444/444 832/460/460 833/461/461
f 808/444/444 833/461/461 807/445/445
f 807/445/445 833/461/461 834/462/462
f 807/445/445 834/462/462 806/446/446
f 806/446/446 834/462/462 835/463/463
f 806/446/446 835/463/463 805/447/447
f 805/447/447 835/463/463 836/464/464
f 805/447/447 836/464/464 804/149/149
f 804/149/149 836/464/464 837/147/147
f 90/448/448 91/465/465 821/449/449
f 821/449/449 91/465/465 770/466/466
f 821/449/449 770/466/466 822/450/450
f 822/450/450 770/466/466 769/467/467
f 822/450/450 769/467/467 823/451/451
f 823/451/451 769/467/467 768/468/468
f 823/451/451 768/468/468 824/452/452
f 824/452/452 768/468/468 767/469/469
f 824/452/452 767/469/469 825/453/453
f 825/453/453 767/469/469 766/470/470
f 825/453/453 766/470/470 826/454/454
f 826/454/454 766/470/470 765/471/471
f 826/454/454 765/471/471 827/455/455
f 827/455/455 765/471/471 764/472/472
f 827/455/455 764/472/472 828/456/456
f 828/456/456 764/472/472 763/473/473
f 828/456/456 763/473/473 829/457/457
f 829/457/457 763/473/473 762/474/474
f 829/457/457 762/474/474 830/458/458
f 830/458/458 762/474/474 761/475/475
f 830/458/458 761/475/475 831/459/459
f 831/459/459 761/475/475 760/476/476
f 831/459/459 760/476/476 832/460/460
f 832/460/460 760/476/476 759/477/477
f 832/460/460 759/477/477 833/461/461
f 833/461/461 759/477/477 758/478/478
f 833/461/461 758/478/478 834/462/462
f 834/462/462 758/478/478 757/479/479
f 834/462/462 757/479/479 835/463/463
f 835/463/463 757/479/479 756/480/480
f 835/463/463 756/480/480 836/464/464
f 836/464/464 756/480/480 755/481/481
f 836/464/464 755/481/481 837/147/147
f 837/147/147 755/481/481 754/145/145
f 91/465/465 92/482/482 770/466/466
f 770/466/466 92/482/482 771/483/483
f 770/466/466 771/483/483 769/467/467
f 769/467/467 771/483/483 772/484/484
f 769/467/467 772/484/484 768/468/468
f 768/468/468 772/484/484 773/485/485
f 768/468/468 773/485/485 767/469/469
f 767/469/469 773/485/485 774/486/486
f 767/469/469 774/486/486 766/470/470
f 766/470/470 774/486/486 775/487/487
f 766/470/470 775/487/487 765/471/471
f 765/471/471 775/487/487 776/488/488
f 765/471/471 776/488/488 764/472/472
f 764/472/472 776/488/488 777/489/489
f 764/472/472 777/489/489 763/473/473
f 763/473/473 777/489/489 778/490/490
f 763/473/473 778/490/490 762/474/474
f 762/474/474 778/490/490 779/491/491
f 762/474/474 779/491/491 761/475/475
f 761/475/475 779/491/491 780/492/492
f 761/475/475 780/492/492 760/476/476
f 760/476/476 780/492/492 781/493/493
f 760/476/476 781/493/493 759/477/477
f 759/477/477 781/493/493 782/494/494
f 759/477/477 782/494/494 758/478/478
f 758/478/478 782/494/494 783/495/495
f 758/478/478 783/495/495 757/479/479
f 757/479/479 783/495/495 784/496/496
f 757/479/479 784/496/496 756/480/480
f 756/480/480 784/496/496 785/497/497
f 756/480/480 785/497/497 755/481/481
f 755/481/481 785/497/497 786/498/498
f 755/481/481 786/498/498 754/145/145
f 754/145/145 786/498/498 787/143/143
f 92/482/482 93/499/499 771/483/483
f 771/483/483 93/499/499 744/500/500
f 771/483/483 744/500/500 772/484/484
f 772/484/484 744/500/500 743/501/501
f 772/484/484 743/501/501 773/485/485
f 773/485/485 743/501/501 742/502/502
f 773/485/485 742/502/502 774/486/486
f 774/486/486 742/502/502 741/503/503
f 774/486/486 741/503/503 775/487/487
f 775/487/487 741/503/503 740/504/504
f 775/487/487 740/504/504 776/488/488
f 776/488/488 740/504/504 739/505/505
f 776/488/488 739/505/505 777/489/489
f 777/489/489 739/505/505 738/506/506
f 777/489/489 738/506/506 778/490/490
f 778/490/490 738/506/506 737/507/507
f 778/490/490 737/507/507 779/491/491
f 779/491/491 737/507/507 736/508/508
f 779/491/491 736/508/508 780/492/492
f 780/492/492 736/508/508 735/509/509
f 780/492/492 735/509/509 781/493/493
f 781/493/493 735/509/509 734/510/510
f 781/493/493 734/510/510 782/494/494
f 782/494/494 734/510/510 733/511/511
f 782/494/494 733/511/511 783/495/495
f 783/495/495 733/511/511 732/512/512
f 783/495/495 732/512/512 784/496/496
f 784/496/496 732/512/512 731/513/513
f 784/496/496 731/513/513 785/497/497
f 785/497/497 731/513/513 730/514/514
f 785/497/497 730/514/514 786/498/498
f 786/498/498 730/514/514 729/515/515
f 786/498/498 729/515/515 787/143/143
f 787/143/143 729/515/515 728/141/141
f 93/499/499 94/516/516 744/500/500
f 744/500/500 94/516/516 692/517/517
f 744/500/500 692/517/517 743/501/501
f 743/501/501 692/517/517 691/518/518
f 743/501/501 691/518/518 742/502/502
f 742/502/502 691/518/518 690/519/519
f 742/502/502 690/519/519 741/503/503
f 741/503/503 690/519/519 689/520/520
f 741/503/503 689/520/520 740/504/504
f 740/504/504 689/520/520 688/521/521
f 740/504/504 688/521/521 739/505/505
f 739/505/505 688/521/521 687/522/522
f 739/505/505 687/522/522 738/506/506
f 738/506/506 687/522/522 686/523/523
f 738/506/506 686/523/523 737/507/507
f 737/507/507 686/523/523 685/524/524
f 737/507/507 685/524/524 736/508/508
f 736/508/508 685/524/524 684/525/525
f 736/508/508 684/525/525 735/509/509
f 735/509/509 684/525/525 683/526/526
f 735/509/509 683/526/526 734/510/510
f 734/510/510 683/526/526 682/527/527
f 734/510/510 682/527/527 733/511/511
f 733/511/511 682/527/527 681/528/528
f 733/511/511 681/528/528 732/512/512
f 732/512/512 681/528/528 680/529/529
f 732/512/512 680/529/529 731/513/513
f 731/513/513 680/529/529 679/530/530
f 731/513/513 679/530/530 730/514/514
f 730/514/514 679/530/530 678/531/531
f 730/514/514 678/531/531 729/515/515
f 729/515/515 678/531/531 677/532/532
f 729/515/515 677/532/532 728/141/141
f 728/141/141 677/532/532 676/139/139
f 94/516/516 95/533/533 692/517/517
f 692/517/517 95/533/533 693/534/534
f 692/517/517 693/534/534 691/518/518
f 691/518/518 693/534/534 694/535/535
f 691/518/518 694/535/535 690/519/519
f 690/519/519 694/535/535 695/536/536
f 690/519/519 695/536/536 689/520/520
f 689/520/520 695/536/536 696/537/537
f 689/520/520 696/537/537 688/521/521
f 688/521/521 696/537/537 697/538/538
f 688/521/521 697/538/538 687/522/522
f 687/522/522 697/538/538 698/539/539
f 687/522/522 698/539/539 686/523/523
f 686/523/523 698/539/539 699/540/540
f 686/523/523 699/540/540 685/524/524
f 685/524/524 699/540/540 700/541/541
f 685/524/524 700/541/541 684/525/525
f 684/525/525 700/541/541 701/542/542
f 684/525/525 701/542/542 683/526/526
f 683/526/526 701/542/542 702/543/543
f 683/526/526 702/543/543 682/527/527
f 682/527/527 702/543/543 703/544/544
f 682/527/527 703/544/544 681/528/528
f 681/528/528 703/544/544 704/545/545
f 681/528/528 704/545/545 680/529/529
f 680/529/529 704/545/545 705/546/546
f 680/529/529 705/546/546 679/530/530
f 679/530/530 705/546/546 706/547/547
f 679/530/530 706/547/547 678/531/531
f 678/531/531 706/547/547 707/548/548
f 678/531/531 707/548/548 677/532/532
f 677/532/532 707/548/548 708/549/549
f 677/532/532 708/549/549 676/139/139
f 676/139/139 708/549/549 709/137/137
f 95/533/533 96/550/550 693/534/534
f 693/534/534 96/550/550 641/551/551
f 693/534/534 641/551/551 694/535/535
f 694/535/535 641/551/551 640/552/552
f 694/535/535 640/552/552 695/536/536
f 695/536/536 640/552/552 639/553/553
f 695/536/536 639/553/553 696/537/537
f 696/537/537 639/553/553 638/554/554
f 696/537/537 638/554/554 697/538/538
f 697/538/538 638/554/554 637/555/555
f 697/538/538 637/555/555 698/539/539
f 698/539/539 637/555/555 636/556/556
f 698/539/539 636/556/556 699/540/540
f 699/540/540 636/556/556 635/557/557
f 699/540/540 635/557/557 700/541/541
f 700/541/541 635/557/557 634/558/558
f 700/541/541 634/558/558 701/542/542
f 701/542/542 634/558/558 633/559/559
f 701/542/542 633/559/559 702/543/543
f 702/543/543 633/559/559 632/560/560
f 702/543/543 632/560/560 703/544/544
f 703/544/544 632/560/560 631/561/561
f 703/544/544 631/561/561 704/545/545
f 704/545/545 631/561/561 630/562/562
f 704/545/545 630/562/562 705/546/546
f 705/546/546 630/562/562 629/563/563
f 705/546/546 629/563/563 706/547/547
f 706/547/547 629/563/563 628/564/564
f 706/547/547 628/564/564 707/548/548
f 707/548/548 628/564/564 627/565/565
f 707/548/548 627/565/565 708/549/549
f 708/549/549 627/565/565 626/566/566
f 708/549/549 626/566/566 709/137/137
f 709/137/137 626/566/566 625/135/135
f 96/550/550 97/567/567 641/551/551
f 641/551/551 97/567/567 642/568/568
f 641/551/551 642/568/568 640/552/552
f 640/552/552 642/568/568 643/569/569
f 640/552/552 643/569/569 639/553/553
f 639/553/553 643/569/569 644/570/570
f 639/553/553 644/570/570 638/554/554
f 638/554/554 644/570/570 645/571/571
f 638/554/554 645/571/571 637/555/555
f 637/555/555 645/571/571 646/572/572
f 637/555/555 646/572/572 636/556/556
f 636/556/556 646/572/572 647/573/573
f 636/556/556 647/573/573 635/557/557
f 635/557/557 647/573/573 648/574/574
f 635/557/557 648/574/574 634/558/558
f 634/558/558 648/574/574 649/575/575
f 634/558/558 649/575/575 633/559/559
f 633/559/559 649/575/575 650/576/576
f 633/559/559 650/576/576 632/560/560
f 632/560/560 650/576/576 651/577/577
f 632/560/560 651/577/577 631/561/561
f 631/561/561 651/577/577 652/578/578
f 631/561/561 652/578/578 630/562/562
f 630/562/562 652/578/578 653/579/579
f 630/562/562 653/579/579 629/563/563
f 629/563/563 653/579/579 654/580/580
f 629/563/563 654/580/580 628/564/564
f 628/564/564 654/580/580 655/581/581
f 628/564/564 655/581/581 627/565/565
f 627/565/565 655/581/581 656/582/582
f 627/565/565 656/582/582 626/566/566
f 626/566/566 656/582/582 657/583/583
f 626/566/566 657/583/583 625/135/135
f 625/135/135 657/583/583 658/133/133
f 97/567/567 98/584/584 642/568/568
f 642/568/568 98/584/584 589/585/585
f 642/568/568 589/585/585 643/569/569
f 643/569/569 589/585/585 588/586/586
f 643/569/569 588/586/586 644/570/570
f 644/570/570 588/586/586 587/587/587
f 644/570/570 587/587/587 645/571/571
f 645/571/571 587/587/587 586/588/588
f 645/571/571 586/588/588 646/572/572
f 646/572/572 586/588/588 585/589/589
f 646/572/572 585/589/589 647/573/573
f 647/573/573 585/589/589 584/590/590
f 647/573/573 584/590/590 648/574/574
f 648/574/574 584/590/590 583/591/591
f 648/574/574 583/591/591 649/575/575
f 649/575/575 583/591/591 582/592/592
f 649/575/575 582/592/592 650/576/576
f 650/576/576 582/592/592 581/593/593
f 650/576/576 581/593/593 651/577/577
f 651/577/577 581/593/593 580/594/594
f 651/577/577 580/594/594 652/578/578
f 652/578/578 580/594/594 579/595/595
f 652/578/578 579/595/595 653/579/579
f 653/579/579 579/595/595 578/596/596
f 653/579/579 578/596/596 654/580/580
f 654/580/580 578/596/596 577/597/597
f 654/580/580 577/597/597 655/581/581
f 655/581/581 577/597/597 576/598/598
f 655/581/581 576/598/598 656/582/582
f 656/582/582 576/598/598 575/599/599
f 656/582/582 575/599/599 657/583/583
f 657/583/583 575/599/599 574/600/600
f 657/583/583 574/600/600 658/133/133
f 658/133/133 574/600/600 573/131/131
f 98/584/584 99/601/601 589/585/585
f 589/585/585 99/601/601 590/602/602
f 589/585/585 590/602/602 588/586/586
f 588/586/586 590/602/602 591/603/603
f 588/586/586 591/603/603 587/587/587
f 587/587/587 591/603/603 592/604/604
f 587/587/587 592/604/604 586/588/588
f 586/588/588 592/604/604 593/605/605
f 586/588/588 593/605/605 585/589/589
f 585/589/589 593/605/605 594/606/606
f 585/589/589 594/606/606 584/590/590
f 584/590/590 594/606/606 595/607/607
f 584/590/590 595/607/607 583/591/591
f 583/591/591 595/607/607 596/608/608
f 583/591/591 596/608/608 582/592/592
f 582/592/592 596/608/608 597/609/609
f 582/592/592 597/609/609 581/593/593
f 581/593/593 597/609/609 598/610/610
f 581/593/593 598/610/610 580/594/594
f 580/594/594 598/610/610 599/611/611
f 580/594/594 599/611/611 579/595/595
f 579/595/595 599/611/611 600/612/612
f 579/595/595 600/612/612 578/596/596
f 578/596/596 600/612/612 601/613/613
f 578/596/596 601/613/613 577/597/597
f 577/597/597 601/613/613 602/614/614
f 577/597/597 602/614/614 576/598/598
f 576/598/598 602/614/614 603/615/615
f 576/598/598 603/615/615 575/599/599
f 575/599/599 603/615/615 604/616/616
f 575/599/599 604/616/616 574/600/600
f 574/600/600 604/616/616 605/617/617
f 574/600/600 605/617/617 573/131/131
f 573/131/131 605/617/617 606/129/129
f 99/601/601 100/618/618 590/602/602
f 590/602/602 100/618/618 539/619/619
f 590/602/602 539/619/619 591/603/603
f 591/603/603 539/619/619 538/620/620
f 591/603/603 538/620/620 592/604/604
f 592/604/604 538/620/620 537/621/621
f 592/604/604 537/621/621 593/605/605
f 593/605/605 537/621/621 536/622/622
f 593/605/605 536/622/622 594/606/606
f 594/606/606 536/622/622 535/623/623
f 594/606/606 535/623/623 595/607/607
f 595/607/607 535/623/623 534/624/624
f 595/607/607 534/624/624 596/608/608
f 596/608/608 534/624/624 533/625/625
f 596/608/608 533/625/625 597/609/609
f 597/609/609 533/625/625 532/626/626
f 597/609/609 532/626/626 598/610/610
f 598/610/610 532/626/626 531/627/627
f 598/610/610 531/627/627 599/611/611
f 599/611/611 531/627/627 530/628/628
f 599/611/611 530/628/628 600/612/612
f 600/612/612 530/628/628 529/629/629
f 600/612/612 529/629/629 601/613/613
f 601/613/613 529/629/629 528/630/630
f 601/613/613 528/630/630 602/614/614
f 602/614/614 528/630/630 527/631/631
f 602/614/614 527/631/631 603/615/615
f 603/615/615 527/631/631 526/632/632
f 603/615/615 526/632/632 604/616/616
f 604/616/616 526/632/632 525/633/633
f 604/616/616 525/633/633 605/617/617
f 605/617/617 525/633/633 524/634/634
f 605/617/617 524/634/634 606/129/129
f 606/129/129 524/634/634 523/127/127
f 100/618/618 101/635/635 539/619/619
f 539/619/619 101/635/635 540/636/636
f 539/619/619 540/636/636 538/620/620
f 538/620/620 540/636/636 541/637/637
f 538/620/620 541/637/637 537/621/621
f 537/621/621 541/637/637 542/638/638
f 537/621/621 542/638/638 536/622/622
f 536/622/622 542/638/638 543/639/639
f 536/622/622 543/639/639 535/623/623
f 535/623/623 543/639/639 544/640/640
f 535/623/623 544/640/640 534/624/624
f 534/624/624 544/640/640 545/641/641
f 534/624/624 545/641/641 533/625/625
f 533/625/625 545/641/641 546/642/642
f 533/625/625 546/642/642 532/626/626
f 532/626/626 546/642/642 547/643/643
f 532/626/626 547/643/643 531/627/627
f 531/627/627 547/643/643 548/644/644
f 531/627/627 548/644/644 530/628/628
f 530/628/628 548/644/644 549/645/645
f 530/628/628 549/645/645 529/629/629
f 529/629/629 549/645/645 550/646/646
f 529/629/629 550/646/646 528/630/630
f 528/630/630 550/646/646 551/647/647
f 528/630/630 551/647/647 527/631/631
f 527/631/631 551/647/647 552/648/648
f 527/631/631 552/648/648 526/632/632
f 526/632/632 552/648/648 553/649/649
f 526/632/632 553/649/649 525/633/633
f 525/633/633 553/649/649 554/650/650
f 525/633/633 554/650/650 524/634/634
f 524/634/634 554/650/650 555/651/651
f 524/634/634 555/651/651 523/127/127
f 523/127/127 555/651/651 556/125/125
f 101/635/635 102/652/652 540/636/636
f 540/636/636 102/652/652 489/653/653
f 540/636/636 489/653/653 541/637/637
f 541/637/637 489/653/653 488/654/654
f 541/637/637 488/654/654 542/638/638
f 542/638/638 488/654/654 487/655/655
f 542/638/638 487/655/655 543/639/639
f 543/639/639 487/655/655 486/656/656
f 543/639/639 486/656/656 544/640/640
f 544/640/640 486/656/656 485/657/657
f 544/640/640 485/657/657 545/641/641
f 545/641/641 485/657/657 484/658/658
f 545/641/641 484/658/658 546/642/642
f 546/642/642 484/658/658 483/659/659
f 546/642/642 483/659/659 547/643/643
f 547/643/643 483/659/659 482/660/660
f 547/643/643 482/660/660 548/644/644
f 548/644/644 482/660/660 481/661/661
f 548/644/644 481/661/661 549/645/645
f 549/645/645 481/661/661 480/662/662
f 549/645/645 480/662/662 550/646/646
f 550/646/646 480/662/662 479/663/663
f 550/646/646 479/663/663 551/647/647
f 551/647/647 479/663/663 478/664/664
f 551/647/647 478/664/664 552/648/648
f 552/648/648 478/664/664 477/665/665
f 552/648/648 477/665/665 553/649/649
f 553/649/649 477/665/665 476/666/666
f 553/649/649 476/666/666 554/650/650
f 554/650/650 476/666/666 475/667/667
f 554/650/650 475/667/667 555/651/651
f 555/651/651 475/667/667 474/668/668
f 555/651/651 474/668/668 556/125/125
f 556/125/125 474/668/668 473/123/123
f 102/652/652 103/669/669 489/653/653
f 489/653/653 103/669/669 490/670/670
f 489/653/653 490/670/670 488/654/654
f 488/654/654 490/670/670 491/671/671
f 488/654/654 491/671/671 487/655/655
f 487/655/655 491/671/671 492/672/672
f 487/655/655 492/672/672 486/656/656
f 486/656/656 492/672/672 493/673/673
f 486/656/656 493/673/673 485/657/657
f 485/657/657 493/673/673 494/674/674
f 485/657/657 494/674/674 484/658/658
f 484/658/658 494/674/674 495/675/675
f 484/658/658 495/675/675 483/659/659
f 483/659/659 495/675/675 496/676/676
f 483/659/659 496/676/676 482/660/660
f 482/660/660 496/676/676 497/677/677
f 482/660/660 497/677/677 481/661/661
f 481/661/661 497/677/677 498/678/678
f 481/661/661 498/678/678 480/662/662
f 480/662/662 498/678/678 499/679/679
f 480/662/662 499/679/679 479/663/663
f 479/663/663 499/679/679 500/680/680
f 479/663/663 500/680/680 478/664/664
f 478/664/664 500/680/680 501/681/681
f 478/664/664 501/681/681 477/665/665
f 477/665/665 501/681/681 502/682/682
f 477/665/665 502/682/682 476/666/666
f 476/666/666 502/682/682 503/683/683
f 476/666/666 503/683/683 475/667/667
f 475/667/667 503/683/683 504/684/684
f 475/667/667 504/684/684 474/668/668
f 474/668/668 504/684/684 505/685/685
f 474/668/668 505/685/685 473/123/123
f 473/123/123 505/685/685 506/121/121
f 103/669/669 104/686/686 490/670/670
f 490/670/670 104/686/686 463/687/687
f 490/670/670 463/687/687 491/671/671
f 491/671/671 463/687/687 462/688/688
f 491/671/671 462/688/688 492/672/672
f 492/672/672 462/688/688 461/689/689
f 492/672/672 461/689/689 493/673/673
f 493/673/673 461/689/689 460/690/690
f 493/673/673 460/690/690 494/674/674
f 494/674/674 460/690/690 459/691/691
f 494/674/674 459/691/691 495/675/675
f 495/675/675 459/691/691 458/692/692
f 495/675/675 458/692/692 496/676/676
f 496/676/676 458/692/692 457/693/693
f 496/676/676 457/693/693 497/677/677
f 497/677/677 457/693/693 456/694/694
f 497/677/677 456/694/694 498/678/678
f 498/678/678 456/694/694 455/695/695
f 498/678/678 455/695/695 499/679/679
f 499/679/679 455/695/695 454/696/696
f 499/679/679 454/696/696 500/680/680
f 500/680/680 454/696/696 453/697/697
f 500/680/680 453/697/697 501/681/681
f 501/681/681 453/697/697 452/698/698
f 501/681/681 452/698/698 502/682/682
f 502/682/682 452/698/698 451/699/699
f 502/682/682 451/699/699 503/683/683
f 503/683/683 451/699/699 450/700/700
f 503/683/683 450/700/700 504/684/684
f 504/684/684 450/700/700 449/701/701
f 504/684/684 449/701/701 505/685/685
f 505/685/685 449/701/701 448/702/702
f 505/685/685 448/702/702 506/121/121
f 506/121/121 448/702/702 447/119/119
f 104/686/686 105/703/703 463/687/687
f 463/687/687 105/703/703 411/704/704
f 463/687/687 411/704/704 462/688/688
f 462/688/688 411/704/704 410/705/705
f 462/688/688 410/705/705 461/689/689
f 461/689/689 410/705/705 409/706/706
f 461/689/689 409/706/706 460/690/690
f 460/690/690 409/706/706 408/707/707
f 460/690/690 408/707/707 459/691/691
f 459/691/691 408/707/707 407/708/708
f 459/691/691 407/708/708 458/692/692
f 458/692/692 407/708/708 406/709/709
f 458/692/692 406/709/709 457/693/693
f 457/693/693 406/709/709 405/710/710
f 457/693/693 405/710/710 456/694/694
f 456/694/694 405/710/710 404/711/711
f 456/694/694 404/711/711 455/695/695
f 455/695/695 404/711/711 403/712/712
f 455/695/695 403/712/712 454/696/696
f 454/696/696 403/712/712 402/713/713
f 454/696/696 402/713/713 453/697/697
f 453/697/697 402/713/713 401/714/714
f 453/697/697 401/714/714 452/698/698
f 452/698/698 401/714/714 400/715/715
f 452/698/698 400/715/715 451/699/699
f 451/699/699 400/715/715 399/716/716
f 451/699/699 399/716/716 450/700/700
f 450/700/700 399/716/716 398/717/717
f 450/700/700 398/717/717 449/701/701
f 449/701/701 398/717/717 397/718/718
f 449/701/701 397/718/718 448/702/702
f 448/702/702 397/718/718 396/719/719
f 448/702/702 396/719/719 447/119/119
f 447/119/119 396/719/719 395/117/117
f 105/703/703 106/720/720 411/704/704
f 411/704/704 106/720/720 412/721/721
f 411/704/704 412/721/721 410/705/705
f 410/705/705 412/721/721 413/722/722
f 410/705/705 413/722/722 409/706/706
f 409/706/706 413/722/722 414/723/723
f 409/706/706 414/723/723 408/707/707
f 408/707/707 414/723/723 415/724/724
f 408/707/707 415/724/724 407/708/708
f 407/708/708 415/724/724 416/725/725
f 407/708/708 416/725/725 406/709/709
f 406/709/709 416/725/725 417/726/726
f 406/709/709 417/726/726 405/710/710
f 405/710/710 417/726/726 418/727/727
f 405/710/710 418/727/727 404/711/711
f 404/711/711 418/727/727 419/728/728
f 404/711/711 419/728/728 403/712/712
f 403/712/712 419/728/728 420/729/729
f 403/712/712 420/729/729 402/713/713
f 402/713/713 420/729/729 421/730/730
f 402/713/713 421/730/730 401/714/714
f 401/714/714 421/730/730 422/731/731
f 401/714/714 422/731/731 400/715/715
f 400/715/715 422/731/731 423/732/732
f 400/715/715 423/732/732 399/716/716
f 399/716/716 423/732/732 424/733/733
f 399/716/716 424/733/733 398/717/717
f 398/717/717 424/733/733 425/734/734
f 398/717/717 425/734/734 397/718/718
f 397/718/718 425/734/734 426/735/735
f 397/718/718 426/735/735 396/719/719
f 396/719/719 426/735/735 427/736/736
f 396/719/719 427/736/736 395/117/117
f 395/117/117 427/736/736 428/115/115
f 106/720/720 107/737/737 412/721/721
f 412/721/721 107/737/737 360/738/738
f 412/721/721 360/738/738 413/722/722
f 413/722/722 360/738/738 359/739/739
f 413/722/722 359/739/739 414/723/723
f 414/723/723 359/739/739 358/740/740
f 414/723/723 358/740/740 415/724/724
f 415/724/724 358/740/740 357/741/741
f 415/724/724 357/741/741 416/725/725
f 416/725/725 357/741/741 356/742/742
f 416/725/725 356/742/742 417/726/726
f 417/726/726 356/742/742 355/743/743
f 417/726/726 355/743/743 418/727/727
f 418/727/727 355/743/743 354/744/744
f 418/727/727 354/744/744 419/728/728
f 419/728/728 354/744/744 353/745/745
f 419/728/728 353/745/745 420/729/729
f 420/729/729 353/745/745 352/746/746
f 420/729/729 352/746/746 421/730/730
f 421/730/730 352/746/746 351/747/747
f 421/730/730 351/747/747 422/731/731
f 422/731/731 351/747/747 350/748/748
f 422/731/731 350/748/748 423/732/732
f 423/732/732 350/748/748 349/749/749
f 423/732/732 349/749/749 424/733/733
f 424/733/733 349/749/749 348/750/750
f 424/733/733 348/750/750 425/734/734
f 425/734/734 348/750/750 347/751/751
f 425/734/734 347/751/751 426/735/735
f 426/735/735 347/751/751 346/752/752
f 426/735/735 346/752/752 427/736/736
f 427/736/736 346/752/752 345/753/753
f 427/736/736 345/753/753 428/115/115
f 428/115/115 345/753/753 344/113/113
f 107/737/737 108/754/754 360/738/738
f 360/738/738 108/754/754 361/755/755
f 360/738/738 361/755/755 362/756/756
f 362/756/756 361/755/755 307/757/757
f 362/756/756 307/757/757 306/758/758
f 306/758/758 307/757/757 311/759/759
f 306/758/758 311/759/759 312/760/760
f 312/760/760 311/759/759 255/761/761
f 312/760/760 255/761/761 254/762/762
f 254/762/762 255/761/761 263/763/763
f 254/762/762 263/763/763 264/764/764
f 264/764/764 263/763/763 203/765/765
f 264/764/764 203/765/765 202/766/766
f 202/766/766 203/765/765 215/767/767
f 202/766/766 215/767/767 216/768/768
f 216/768/768 215/767/767 175/769/769
f 216/768/768 175/769/769 174/770/770
f 174/770/770 175/769/769 148/58/58
f 174/770/770 148/58/58 147/60/60
f 108/754/754 109/771/771 361/755/755
f 361/755/755 109/771/771 308/772/772
f 361/755/755 308/772/772 307/757/757
f 307/757/757 308/772/772 310/773/773
f 307/757/757 310/773/773 311/759/759
f 311/759/759 310/773/773 256/774/774
f 311/759/759 256/774/774 255/761/761
f 255/761/761 256/774/774 262/775/775
f 255/761/761 262/775/775 263/763/763
f 263/763/763 262/775/775 204/776/776
f 263/763/763 204/776/776 203/765/765
f 203/765/765 204/776/776 214/777/777
f 203/765/765 214/777/777 215/767/767
f 215/767/767 214/777/777 176/778/778
f 215/767/767 176/778/778 175/769/769
f 175/769/769 176/778/778 149/56/56
f 175/769/769 149/56/56 148/58/58
f 109/771/771 110/779/779 308/772/772
f 308/772/772 110/779/779 309/780/780
f 308/772/772 309/780/780 310/773/773
f 310/773/773 309/780/780 257/781/781
f 310/773/773 257/781/781 256/774/774
f 256/774/774 257/781/781 261/782/782
f 256/774/774 261/782/782 262/775/775
f 262/775/775 261/782/782 205/783/783
f 262/775/775 205/783/783 204/776/776
f 204/776/776 205/783/783 213/784/784
f 204/776/776 213/784/784 214/777/777
f 214/777/777 213/784/784 177/785/785
f 214/777/777 177/785/785 176/778/778
f 176/778/778 177/785/785 150/54/54
f 176/778/778 150/54/54 149/56/56
f 110/779/779 111/786/786 309/780/780
f 309/780/780 111/786/786 258/787/787
f 309/780/780 258/787/787 257/781/781
f 257/781/781 258/787/787 260/788/788
f 257/781/781 260/788/788 261/782/782
f 261/782/782 260/788/788 206/789/789
f 261/782/782 206/789/789 205/783/783
f 205/783/783 206/789/789 212/790/790
f 205/783/783 212/790/790 213/784/784
f 213/784/784 212/790/790 178/791/791
f 213/784/784 178/791/791 177/785/785
f 177/785/785 178/791/791 151/52/52
f 177/785/785 151/52/52 150/54/54
f 111/786/786 112/792/792 258/787/787
f 258/787/787 112/792/792 259/793/793
f 258/787/787 259/793/793 260/788/788
f 260/788/788 259/793/793 207/794/794
f 260/788/788 207/794/794 206/789/789
f 206/789/789 207/794/794 211/795/795
f 206/789/789 211/795/795 212/790/790
f 212/790/790 211/795/795 179/796/796
f 212/790/790 179/796/796 178/791/791
f 178/791/791 179/796/796 152/50/50
f 178/791/791 152/50/50 151/52/52
f 112/792/792 113/797/797 259/793/793
f 259/793/793 113/797/797 208/798/798
f 259/793/793 208/798/798 207/794/794
f 207/794/794 208/798/798 210/799/799
f 207/794/794 210/799/799 211/795/795
f 211/795/795 210/799/799 180/800/800
f 211/795/795 180/800/800 179/796/796
f 179/796/796 180/800/800 153/48/48
f 179/796/796 153/48/48 152/50/50
f 113/797/797 114/801/801 208/798/798
f 208/798/798 114/801/801 209/802/802
f 208/798/798 209/802/802 210/799/799
f 210/799/799 209/802/802 181/803/803
f 210/799/799 181/803/803 180/800/800
f 180/800/800 181/803/803 154/46/46
f 180/800/800 154/46/46 153/48/48
f 114/801/801 115/804/804 209/802/802
f 209/802/802 115/804/804 182/805/805
f 209/802/802 182/805/805 181/803/803
f 181/803/803 182/805/805 155/44/44
f 181/803/803 155/44/44 154/46/46
f 115/804/804 116/40/40 182/805/805
f 182/805/805 116/40/40 156/42/42
f 182/805/805 156/42/42 155/44/44
f 131/92/92 158/97/97 132/90/90
f 132/90/90 158/97/97 159/806/806
f 132/90/90 159/806/806 133/88/88
f 133/88/88 159/806/806 160/807/807
f 133/88/88 160/807/807 134/86/86
f 134/86/86 160/807/807 161/808/808
f 134/86/86 161/808/808 135/84/84
f 135/84/84 161/808/808 162/809/809
f 135/84/84 162/809/809 136/82/82
f 136/82/82 162/809/809 163/810/810
f 136/82/82 163/810/810 137/80/80
f 137/80/80 163/810/810 164/811/811
f 137/80/80 164/811/811 138/78/78
f 138/78/78 164/811/811 165/812/812
f 138/78/78 165/812/812 139/76/76
f 139/76/76 165/812/812 166/813/813
f 139/76/76 166/813/813 140/74/74
f 140/74/74 166/813/813 167/814/814
f 140/74/74 167/814/814 141/72/72
f 141/72/72 167/814/814 168/815/815
f 141/72/72 168/815/815 142/70/70
f 142/70/70 168/815/815 169/816/816
f 142/70/70 169/816/816 143/68/68
f 143/68/68 169/816/816 170/817/817
f 143/68/68 170/817/817 144/66/66
f 144/66/66 170/817/817 171/818/818
f 144/66/66 171/818/818 145/64/64
f 145/64/64 171/818/818 172/819/819
f 145/64/64 172/819/819 146/62/62
f 146/62/62 172/819/819 173/820/820
f 146/62/62 173/820/820 147/60/60
f 147/60/60 173/820/820 174/770/770
f 158/97/97 232/99/99 159/806/806
f 159/806/806 232/99/99 231/821/821
f 159/806/806 231/821/821 160/807/807
f 160/807/807 231/821/821 230/822/822
f 160/807/807 230/822/822 161/808/808
f 161/808/808 230/822/822 229/823/823
f 161/808/808 229/823/823 162/809/809
f 162/809/809 229/823/823 228/824/824
f 162/809/809 228/824/824 163/810/810
f 163/810/810 228/824/824 227/825/825
f 163/810/810 227/825/825 164/811/811
f 164/811/811 227/825/825 226/826/826
f 164/811/811 226/826/826 165/812/812
f 165/812/812 226/826/826 225/827/827
f 165/812/812 225/827/827 166/813/813
f 166/813/813 225/827/827 224/828/828
f 166/813/813 224/828/828 167/814/814
f 167/814/814 224/828/828 223/829/829
f 167/814/814 223/829/829 168/815/815
f 168/815/815 223/829/829 222/830/830
f 168/815/815 222/830/830 169/816/816
f 169/816/816 222/830/830 221/831/831
f 169/816/816 221/831/831 170/817/817
f 170/817/817 221/831/831 220/832/832
f 170/817/817 220/832/832 171/818/818
f 171/818/818 220/832/832 219/833/833
f 171/818/818 219/833/833 172/819/819
f 172/819/819 219/833/833 218/834/834
f 172/819/819 218/834/834 173/820/820
f 173/820/820 218/834/834 217/835/835
f 173/820/820 217/835/835 174/770/770
f 174/770/770 217/835/835 216/768/768
f 183/162/162 184/836/836 130/160/160
f 130/160/160 184/836/836 233/98/98
f 130/160/160 233/98/98 157/96/96
f 233/98/98 184/836/836 185/100/100
f 185/100/100 184/836/836 282/837/837
f 185/100/100 282/837/837 281/102/102
f 281/102/102 282/837/837 236/838/838
f 281/102/102 236/838/838 237/104/104
f 237/104/104 236/838/838 330/839/839
f 237/104/104 330/839/839 329/106/106
f 329/106/106 330/839/839 288/840/840
f 329/106/106 288/840/840 289/108/108
f 289/108/108 288/840/840 380/841/841
f 289/108/108 380/841/841 379/110/110
f 379/110/110 380/841/841 342/842/842
f 379/110/110 342/842/842 343/112/112
f 343/112/112 342/842/842 430/843/843
f 343/112/112 430/843/843 429/114/114
f 429/114/114 430/843/843 393/844/844
f 429/114/114 393/844/844 394/116/116
f 394/116/116 393/844/844 445/845/845
f 394/116/116 445/845/845 446/118/118
f 446/118/118 445/845/845 508/846/846
f 446/118/118 508/846/846 507/120/120
f 507/120/120 508/846/846 471/847/847
f 507/120/120 471/847/847 472/122/122
f 472/122/122 471/847/847 558/848/848
f 472/122/122 558/848/848 557/124/124
f 557/124/124 558/848/848 521/849/849
f 557/124/124 521/849/849 522/126/126
f 522/126/126 521/849/849 608/850/850
f 522/126/126 608/850/850 607/128/128
f 607/128/128 608/850/850 571/851/851
f 607/128/128 571/851/851 572/130/130
f 572/130/130 571/851/851 660/852/852
f 572/130/130 660/852/852 659/132/132
f 659/132/132 660/852/852 623/853/853
f 659/132/132 623/853/853 624/134/134
f 624/134/134 623/853/853 711/854/854
f 624/134/134 711/854/854 710/136/136
f 710/136/136 711/854/854 674/855/855
f 710/136/136 674/855/855 675/138/138
f 675/138/138 674/855/855 726/856/856
f 675/138/138 726/856/856 727/140/140
f 727/140/140 726/856/856 789/857/857
f 727/140/140 789/857/857 788/142/142
f 788/142/142 789/857/857 752/858/858
f 788/142/142 752/858/858 753/144/144
f 753/144/144 752/858/858 839/859/859
f 753/144/144 839/859/859 838/146/146
f 838/146/146 839/859/859 802/860/860
f 838/146/146 802/860/860 803/148/148
f 803/148/148 802/860/860 889/861/861
f 803/148/148 889/861/861 888/150/150
f 888/150/150 889/861/861 852/862/862
f 888/150/150 852/862/862 853/152/152
f 853/152/152 852/862/862 941/863/863
f 853/152/152 941/863/863 940/154/154
f 940/154/154 941/863/863 904/344/344
f 940/154/154 904/344/344 905/156/156
f 282/837/837 184/836/836 283/164/164
f 283/164/164 184/836/836 183/162/162
f 231/821/821 232/99/99 186/101/101
f 230/822/822 231/821/821 187/864/864
f 187/864/864 231/821/821 186/101/101
f 187/864/864 186/101/101 280/103/103
f 229/823/823 230/822/822 188/865/865
f 188/865/865 230/822/822 187/864/864
f 188/865/865 187/864/864 279/866/866
f 279/866/866 187/864/864 280/103/103
f 279/866/866 280/103/103 238/105/105
f 228/824/824 229/823/823 189/867/867
f 189/867/867 229/823/823 188/865/865
f 189/867/867 188/865/865 278/868/868
f 278/868/868 188/865/865 279/866/866
f 278/868/868 279/866/866 239/869/869
f 239/869/869 279/866/866 238/105/105
f 239/869/869 238/105/105 328/107/107
f 227/825/825 228/824/824 190/870/870
f 190/870/870 228/824/824 189/867/867
f 190/870/870 189/867/867 277/871/871
f 277/871/871 189/867/867 278/868/868
f 277/871/871 278/868/868 240/872/872
f 240/872/872 278/868/868 239/869/869
f 240/872/872 239/869/869 327/873/873
f 327/873/873 239/869/869 328/107/107
f 327/873/873 328/107/107 290/109/109
f 226/826/826 227/825/825 191/874/874
f 191/874/874 227/825/825 190/870/870
f 191/874/874 190/870/870 276/875/875
f 276/875/875 190/870/870 277/871/871
f 276/875/875 277/871/871 241/876/876
f 241/876/876 277/871/871 240/872/872
f 241/876/876 240/872/872 326/877/877
f 326/877/877 240/872/872 327/873/873
f 326/877/877 327/873/873 291/878/878
f 291/878/878 327/873/873 290/109/109
f 291/878/878 290/109/109 378/111/111
f 225/827/827 226/826/826 192/879/879
f 192/879/879 226/826/826 191/874/874
f 192/879/879 191/874/874 275/880/880
f 275/880/880 191/874/874 276/875/875
f 275/880/880 276/875/875 242/881/881
f 242/881/881 276/875/875 241/876/876
f 242/881/881 241/876/876 325/882/882
f 325/882/882 241/876/876 326/877/877
f 325/882/882 326/877/877 292/883/883
f 292/883/883 326/877/877 291/878/878
f 292/883/883 291/878/878 377/884/884
f 377/884/884 291/878/878 378/111/111
f 377/884/884 378/111/111 344/113/113
f 224/828/828 225/827/827 193/885/885
f 193/885/885 225/827/827 192/879/879
f 193/885/885 192/879/879 274/886/886
f 274/886/886 192/879/879 275/880/880
f 274/886/886 275/880/880 243/887/887
f 243/887/887 275/880/880 242/881/881
f 243/887/887 242/881/881 324/888/888
f 324/888/888 242/881/881 325/882/882
f 324/888/888 325/882/882 293/889/889
f 293/889/889 325/882/882 292/883/883
f 293/889/889 292/883/883 376/890/890
f 376/890/890 292/883/883 377/884/884
f 376/890/890 377/884/884 345/753/753
f 345/753/753 377/884/884 344/113/113
f 223/829/829 224/828/828 194/891/891
f 194/891/891 224/828/828 193/885/885
f 194/891/891 193/885/885 273/892/892
f 273/892/892 193/885/885 274/886/886
f 273/892/892 274/886/886 244/893/893
f 244/893/893 274/886/886 243/887/887
f 244/893/893 243/887/887 323/894/894
f 323/894/894 243/887/887 324/888/888
f 323/894/894 324/888/888 294/895/895
f 294/895/895 324/888/888 293/889/889
f 294/895/895 293/889/889 375/896/896
f 375/896/896 293/889/889 376/890/890
f 375/896/896 376/890/890 346/752/752
f 346/752/752 376/890/890 345/753/753
f 222/830/830 223/829/829 195/897/897
f 195/897/897 223/829/829 194/891/891
f 195/897/897 194/891/891 272/898/898
f 272/898/898 194/891/891 273/892/892
f 272/898/898 273/892/892 245/899/899
f 245/899/899 273/892/892 244/893/893
f 245/899/899 244/893/893 322/900/900
f 322/900/900 244/893/893 323/894/894
f 322/900/900 323/894/894 295/901/901
f 295/901/901 323/894/894 294/895/895
f 295/901/901 294/895/895 374/902/902
f 374/902/902 294/895/895 375/896/896
f 374/902/902 375/896/896 347/751/751
f 347/751/751 375/896/896 346/752/752
f 221/831/831 222/830/830 196/903/903
f 196/903/903 222/830/830 195/897/897
f 196/903/903 195/897/897 271/904/904
f 271/904/904 195/897/897 272/898/898
f 271/904/904 272/898/898 246/905/905
f 246/905/905 272/898/898 245/899/899
f 246/905/905 245/899/899 321/906/906
f 321/906/906 245/899/899 322/900/900
f 321/906/906 322/900/900 296/907/907
f 296/907/907 322/900/900 295/901/901
f 296/907/907 295/901/901 373/908/908
f 373/908/908 295/901/901 374/902/902
f 373/908/908 374/902/902 348/750/750
f 348/750/750 374/902/902 347/751/751
f 220/832/832 221/831/831 197/909/909
f 197/909/909 221/831/831 196/903/903
f 197/909/909 196/903/903 270/910/910
f 270/910/910 196/903/903 271/904/904
f 270/910/910 271/904/904 247/911/911
f 247/911/911 271/904/904 246/905/905
f 247/911/911 246/905/905 320/912/912
f 320/912/912 246/905/905 321/906/906
f 320/912/912 321/906/906 297/913/913
f 297/913/913 321/906/906 296/907/907
f 297/913/913 296/907/907 372/914/914
f 372/914/914 296/907/907 373/908/908
f 372/914/914 373/908/908 349/749/749
f 349/749/749 373/908/908 348/750/750
f 219/833/833 220/832/832 198/915/915
f 198/915/915 220/832/832 197/909/909
f 198/915/915 197/909/909 269/916/916
f 269/916/916 197/909/909 270/910/910
f 269/916/916 270/910/910 248/917/917
f 248/917/917 270/910/910 247/911/911
f 248/917/917 247/911/911 319/918/918
f 319/918/918 247/911/911 320/912/912
f 319/918/918 320/912/912 298/919/919
f 298/919/919 320/912/912 297/913/913
f 298/919/919 297/913/913 371/920/920
f 371/920/920 297/913/913 372/914/914
f 371/920/920 372/914/914 350/748/748
f 350/748/748 372/914/914 349/749/749
f 218/834/834 219/833/833 199/921/921
f 199/921/921 219/833/833 198/915/915
f 199/921/921 198/915/915 268/922/922
f 268/922/922 198/915/915 269/916/916
f 268/922/922 269/916/916 249/923/923
f 249/923/923 269/916/916 248/917/917
f 249/923/923 248/917/917 318/924/924
f 318/924/924 248/917/917 319/918/918
f 318/924/924 319/918/918 299/925/925
f 299/925/925 319/918/918 298/919/919
f 299/925/925 298/919/919 370/926/926
f 370/926/926 298/919/919 371/920/920
f 370/926/926 371/920/920 351/747/747
f 351/747/747 371/920/920 350/748/748
f 217/835/835 218/834/834 200/927/927
f 200/927/927 218/834/834 199/921/921
f 200/927/927 199/921/921 267/928/928
f 267/928/928 199/921/921 268/922/922
f 267/928/928 268/922/922 250/929/929
f 250/929/929 268/922/922 249/923/923
f 250/929/929 249/923/923 317/930/930
f 317/930/930 249/923/923 318/924/924
f 317/930/930 318/924/924 300/931/931
f 300/931/931 318/924/924 299/925/925
f 300/931/931 299/925/925 369/932/932
f 369/932/932 299/925/925 370/926/926
f 369/932/932 370/926/926 352/746/746
f 352/746/746 370/926/926 351/747/747
f 216/768/768 217/835/835 201/933/933
f 201/933/933 217/835/835 200/927/927
f 201/933/933 200/927/927 266/934/934
f 266/934/934 200/927/927 267/928/928
f 266/934/934 267/928/928 251/935/935
f 251/935/935 267/928/928 250/929/929
f 251/935/935 250/929/929 316/936/936
f 316/936/936 250/929/929 317/930/930
f 316/936/936 317/930/930 301/937/937
f 301/937/937 317/930/930 300/931/931
f 301/937/937 300/931/931 368/938/938
f 368/938/938 300/931/931 369/932/932
f 368/938/938 369/932/932 353/745/745
f 353/745/745 369/932/932 352/746/746
f 216/768/768 201/933/933 202/766/766
f 202/766/766 201/933/933 265/939/939
f 202/766/766 265/939/939 264/764/764
f 264/764/764 265/939/939 253/940/940
f 264/764/764 253/940/940 254/762/762
f 254/762/762 253/940/940 313/941/941
f 254/762/762 313/941/941 312/760/760
f 312/760/760 313/941/941 305/942/942
f 312/760/760 305/942/942 306/758/758
f 306/758/758 305/942/942 363/943/943
f 306/758/758 363/943/943 362/756/756
f 362/756/756 363/943/943 359/739/739
f 362/756/756 359/739/739 360/738/738
f 265/939/939 201/933/933 266/934/934
f 282/837/837 283/164/164 235/166/166
f 282/837/837 235/166/166 236/838/838
f 236/838/838 235/166/166 331/168/168
f 236/838/838 331/168/168 330/839/839
f 330/839/839 331/168/168 287/170/170
f 330/839/839 287/170/170 288/840/840
f 288/840/840 287/170/170 381/172/172
f 288/840/840 381/172/172 380/841/841
f 380/841/841 381/172/172 341/174/174
f 380/841/841 341/174/174 342/842/842
f 342/842/842 341/174/174 431/176/176
f 342/842/842 431/176/176 430/843/843
f 430/843/843 431/176/176 392/178/178
f 430/843/843 392/178/178 393/844/844
f 393/844/844 392/178/178 444/180/180
f 393/844/844 444/180/180 445/845/845
f 445/845/845 444/180/180 509/182/182
f 445/845/845 509/182/182 508/846/846
f 508/846/846 509/182/182 470/184/184
f 508/846/846 470/184/184 471/847/847
f 471/847/847 470/184/184 559/186/186
f 471/847/847 559/186/186 558/848/848
f 558/848/848 559/186/186 520/188/188
f 558/848/848 520/188/188 521/849/849
f 521/849/849 520/188/188 609/190/190
f 521/849/849 609/190/190 608/850/850
f 608/850/850 609/190/190 570/192/192
f 608/850/850 570/192/192 571/851/851
f 571/851/851 570/192/192 661/194/194
f 571/851/851 661/194/194 660/852/852
f 660/852/852 661/194/194 622/196/196
f 660/852/852 622/196/196 623/853/853
f 623/853/853 622/196/196 712/198/198
f 623/853/853 712/198/198 711/854/854
f 711/854/854 712/198/198 673/200/200
f 711/854/854 673/200/200 674/855/855
f 674/855/855 673/200/200 725/202/202
f 674/855/855 725/202/202 726/856/856
f 726/856/856 725/202/202 790/204/204
f 726/856/856 790/204/204 789/857/857
f 789/857/857 790/204/204 751/206/206
f 789/857/857 751/206/206 752/858/858
f 752/858/858 751/206/206 840/208/208
f 752/858/858 840/208/208 839/859/859
f 839/859/859 840/208/208 801/210/210
f 839/859/859 801/210/210 802/860/860
f 802/860/860 801/210/210 890/212/212
f 802/860/860 890/212/212 889/861/861
f 889/861/861 890/212/212 851/214/214
f 889/861/861 851/214/214 852/862/862
f 852/862/862 851/214/214 942/216/216
f 852/862/862 942/216/216 941/863/863
f 941/863/863 942/216/216 903/218/218
f 941/863/863 903/218/218 904/344/344
f 265/939/939 266/934/934 252/944/944
f 252/944/944 266/934/934 251/935/935
f 252/944/944 251/935/935 315/945/945
f 315/945/945 251/935/935 316/936/936
f 315/945/945 316/936/936 302/946/946
f 302/946/946 316/936/936 301/937/937
f 302/946/946 301/937/937 367/947/947
f 367/947/947 301/937/937 368/938/938
f 367/947/947 368/938/938 354/744/744
f 354/744/744 368/938/938 353/745/745
f 265/939/939 252/944/944 253/940/940
f 253/940/940 252/944/944 314/948/948
f 253/940/940 314/948/948 313/941/941
f 313/941/941 314/948/948 304/949/949
f 313/941/941 304/949/949 305/942/942
f 305/942/942 304/949/949 364/950/950
f 305/942/942 364/950/950 363/943/943
f 363/943/943 364/950/950 358/740/740
f 363/943/943 358/740/740 359/739/739
f 314/948/948 252/944/944 315/945/945
f 334/251/251 127/278/278 284/252/252
f 284/252/252 127/278/278 385/951/951
f 284/252/252 385/951/951 384/253/253
f 384/253/253 385/951/951 337/952/952
f 384/253/253 337/952/952 338/254/254
f 338/254/254 337/952/952 435/953/953
f 338/254/254 435/953/953 434/255/255
f 434/255/255 435/953/953 388/954/954
f 434/255/255 388/954/954 389/256/256
f 389/256/256 388/954/954 440/955/955
f 389/256/256 440/955/955 441/257/257
f 441/257/257 440/955/955 513/956/956
f 441/257/257 513/956/956 512/258/258
f 512/258/258 513/956/956 466/957/957
f 512/258/258 466/957/957 467/259/259
f 467/259/259 466/957/957 563/958/958
f 467/259/259 563/958/958 562/260/260
f 562/260/260 563/958/958 516/959/959
f 562/260/260 516/959/959 517/261/261
f 517/261/261 516/959/959 613/960/960
f 517/261/261 613/960/960 612/262/262
f 612/262/262 613/960/960 566/961/961
f 612/262/262 566/961/961 567/263/263
f 567/263/263 566/961/961 665/962/962
f 567/263/263 665/962/962 664/264/264
f 664/264/264 665/962/962 618/963/963
f 664/264/264 618/963/963 619/265/265
f 619/265/265 618/963/963 716/964/964
f 619/265/265 716/964/964 715/266/266
f 715/266/266 716/964/964 669/965/965
f 715/266/266 669/965/965 670/267/267
f 670/267/267 669/965/965 721/966/966
f 670/267/267 721/966/966 722/268/268
f 722/268/268 721/966/966 794/967/967
f 722/268/268 794/967/967 793/269/269
f 793/269/269 794/967/967 747/968/968
f 793/269/269 747/968/968 748/270/270
f 748/270/270 747/968/968 844/969/969
f 748/270/270 844/969/969 843/271/271
f 843/271/271 844/969/969 797/970/970
f 843/271/271 797/970/970 798/272/272
f 798/272/272 797/970/970 894/971/971
f 798/272/272 894/971/971 893/273/273
f 893/273/273 894/971/971 847/972/972
f 893/273/273 847/972/972 848/274/274
f 848/274/274 847/972/972 946/973/973
f 848/274/274 946/973/973 945/275/275
f 945/275/275 946/973/973 899/342/342
f 945/275/275 899/342/342 900/276/276
f 314/948/948 315/945/945 303/974/974
f 303/974/974 315/945/945 302/946/946
f 303/974/974 302/946/946 366/975/975
f 366/975/975 302/946/946 367/947/947
f 366/975/975 367/947/947 355/743/743
f 355/743/743 367/947/947 354/744/744
f 314/948/948 303/974/974 304/949/949
f 304/949/949 303/974/974 365/976/976
f 304/949/949 365/976/976 364/950/950
f 364/950/950 365/976/976 357/741/741
f 364/950/950 357/741/741 358/740/740
f 365/976/976 303/974/974 366/975/975
f 386/280/280 336/282/282 385/951/951
f 385/951/951 336/282/282 337/952/952
f 435/953/953 337/952/952 436/284/284
f 436/284/284 337/952/952 336/282/282
f 365/976/976 366/975/975 356/742/742
f 356/742/742 366/975/975 355/743/743
f 356/742/742 357/741/741 365/976/976
f 127/278/278 386/280/280 385/951/951
f 435/953/953 436/284/284 387/286/286
f 435/953/953 387/286/286 388/954/954
f 388/954/954 387/286/286 439/288/288
f 388/954/954 439/288/288 440/955/955
f 440/955/955 439/288/288 514/290/290
f 440/955/955 514/290/290 513/956/956
f 513/956/956 514/290/290 465/292/292
f 513/956/956 465/292/292 466/957/957
f 466/957/957 465/292/292 564/294/294
f 466/957/957 564/294/294 563/958/958
f 563/958/958 564/294/294 515/296/296
f 563/958/958 515/296/296 516/959/959
f 516/959/959 515/296/296 614/298/298
f 516/959/959 614/298/298 613/960/960
f 613/960/960 614/298/298 565/300/300
f 613/960/960 565/300/300 566/961/961
f 566/961/961 565/300/300 666/302/302
f 566/961/961 666/302/302 665/962/962
f 665/962/962 666/302/302 617/304/304
f 665/962/962 617/304/304 618/963/963
f 618/963/963 617/304/304 717/306/306
f 618/963/963 717/306/306 716/964/964
f 716/964/964 717/306/306 668/308/308
f 716/964/964 668/308/308 669/965/965
f 669/965/965 668/308/308 720/310/310
f 669/965/965 720/310/310 721/966/966
f 721/966/966 720/310/310 795/312/312
f 721/966/966 795/312/312 794/967/967
f 794/967/967 795/312/312 746/314/314
f 794/967/967 746/314/314 747/968/968
f 747/968/968 746/314/314 845/316/316
f 747/968/968 845/316/316 844/969/969
f 844/969/969 845/316/316 796/318/318
f 844/969/969 796/318/318 797/970/970
f 797/970/970 796/318/318 895/320/320
f 797/970/970 895/320/320 894/971/971
f 894/971/971 895/320/320 846/322/322
f 894/971/971 846/322/322 847/972/972
f 847/972/972 846/322/322 947/324/324
f 847/972/972 947/324/324 946/973/973
f 946/973/973 947/324/324 898/326/326
f 946/973/973 898/326/326 899/342/342
f 11/977/977 10/978/978 40/979/979
f 40/979/979 10/978/978 949/980/980
f 40/979/979 949/980/980 41/981/981
f 41/981/981 949/980/980 950/982/982
f 41/981/981 950/982/982 42/983/983
f 42/983/983 950/982/982 951/984/984
f 42/983/983 951/984/984 43/985/985
f 43/985/985 951/984/984 952/986/986
f 43/985/985 952/986/986 44/987/987
f 44/987/987 952/986/986 953/988/988
f 44/987/987 953/988/988 45/989/989
f 45/989/989 953/988/988 954/990/990
f 45/989/989 954/990/990 46/991/991
f 46/991/991 954/990/990 955/992/992
f 46/991/991 955/992/992 47/993/993
f 47/993/993 955/992/992 956/994/994
f 47/993/993 956/994/994 48/995/995
f 48/995/995 956/994/994 957/996/996
f 48/995/995 957/996/996 49/997/997
f 49/997/997 957/996/996 958/998/998
f 49/997/997 958/998/998 50/999/999
f 50/999/999 958/998/998 959/1000/1000
f 50/999/999 959/1000/1000 51/1001/1001
f 51/1001/1001 959/1000/1000 960/1002/1002
f 51/1001/1001 960/1002/1002 52/1003/1003
f 52/1003/1003 960/1002/1002 961/1004/1004
f 52/1003/1003 961/1004/1004 53/1005/1005
f 53/1005/1005 961/1004/1004 962/1006/1006
f 53/1005/1005 962/1006/1006 54/1007/1007
f 54/1007/1007 962/1006/1006 963/1008/1008
f 54/1007/1007 963/1008/1008 55/1009/1009
f 55/1009/1009 963/1008/1008 964/1010/1010
f 55/1009/1009 964/1010/1010 56/1011/1011
f 56/1011/1011 964/1010/1010 965/1012/1012
f 56/1011/1011 965/1012/1012 57/1013/1013
f 57/1013/1013 965/1012/1012 966/1014/1014
f 949/1015/1015 10/1016/978 1028/1017/1016
f 1028/1017/1016 10/1016/978 9/1018/1017
f 1028/1017/1016 9/1018/1017 1027/1019/1018
f 1027/1019/1018 9/1018/1017 1026/1020/1019
f 1027/1019/1018 1026/1020/1019 1041/1021/1020
f 1041/1021/1020 1026/1020/1019 1042/1022/1021
f 1041/1021/1020 1042/1022/1021 1039/1023/1022
f 1039/1023/1022 1042/1022/1021 1038/1024/1023
f 1039/1023/1022 1038/1024/1023 1066/1025/1024
f 1066/1025/1024 1038/1024/1023 1067/1026/1025
f 1066/1025/1024 1067/1026/1025 1064/1027/1026
f 1064/1027/1026 1067/1026/1025 1063/1028/1027
f 1064/1027/1026 1063/1028/1027 1089/1029/1028
f 1089/1029/1028 1063/1028/1027 1088/1030/1029
f 1089/1029/1028 1088/1030/1029 1103/1031/1030
f 1103/1031/1030 1088/1030/1029 1104/1032/1031
f 1103/1031/1030 1104/1032/1031 1102/1033/1032
f 1102/1033/1032 1104/1032/1031 1101/1034/1033
f 1102/1033/1032 1101/1034/1033 1128/1035/1034
f 1128/1035/1034 1101/1034/1033 1129/1036/1035
f 1128/1035/1034 1129/1036/1035 1125/1037/1036
f 1125/1037/1036 1129/1036/1035 1124/1038/1037
f 1125/1037/1036 1124/1038/1037 1151/1039/1038
f 1151/1039/1038 1124/1038/1037 1152/1040/1039
f 1151/1039/1038 1152/1040/1039 1149/1041/1040
f 1149/1041/1040 1152/1040/1039 1148/1042/1041
f 1149/1041/1040 1148/1042/1041 1174/1043/1042
f 1174/1043/1042 1148/1042/1041 1175/1044/1043
f 1174/1043/1042 1175/1044/1043 1172/1045/1044
f 1172/1045/1044 1175/1044/1043 1171/1046/1045
f 1172/1045/1044 1171/1046/1045 1200/1047/1046
f 1200/1047/1046 1171/1046/1045 1201/1048/1047
f 1200/1047/1046 1201/1048/1047 1197/1049/1048
f 1197/1049/1048 1201/1048/1047 1196/1050/1049
f 1197/1049/1048 1196/1050/1049 1223/1051/1050
f 1223/1051/1050 1196/1050/1049 1222/1052/1051
f 1223/1051/1050 1222/1052/1051 1238/1053/1052
f 1238/1053/1052 1222/1052/1051 1239/1054/1053
f 1238/1053/1052 1239/1054/1053 1236/1055/1054
f 1236/1055/1054 1239/1054/1053 1235/1056/1055
f 1236/1055/1054 1235/1056/1055 1261/1057/1056
f 1261/1057/1056 1235/1056/1055 1262/1058/1057
f 1261/1057/1056 1262/1058/1057 1259/1059/1058
f 1259/1059/1058 1262/1058/1057 1258/1060/1059
f 1259/1059/1058 1258/1060/1059 1285/1061/1060
f 1285/1061/1060 1258/1060/1059 1286/1062/1061
f 1285/1061/1060 1286/1062/1061 1282/1063/1062
f 1282/1063/1062 1286/1062/1061 1281/1064/1063
f 1282/1063/1062 1281/1064/1063 1308/1065/1064
f 1308/1065/1064 1281/1064/1063 1309/1066/1065
f 1308/1065/1064 1309/1066/1065 1307/1067/1066
f 1307/1067/1066 1309/1066/1065 1306/1068/1067
f 1307/1067/1066 1306/1068/1067 1333/1069/1068
f 1333/1069/1068 1306/1068/1067 1334/1070/1069
f 1333/1069/1068 1334/1070/1069 1331/1071/1070
f 1331/1071/1070 1334/1070/1069 1330/1072/1071
f 1331/1071/1070 1330/1072/1071 1356/1073/1072
f 1356/1073/1072 1330/1072/1071 1355/1074/1073
f 1356/1073/1072 1355/1074/1073 1371/1075/1074
f 1371/1075/1074 1355/1074/1073 1372/1076/1075
f 1371/1075/1074 1372/1076/1075 1369/1077/1076
f 1369/1077/1076 1372/1076/1075 1368/1078/1077
f 1369/1077/1076 1368/1078/1077 1383/1079/1078
f 1383/1079/1078 1368/1078/1077 1384/1080/1079
f 1383/1079/1078 1384/1080/1079 990/1081/1080
f 990/1081/1080 1384/1080/1079 989/1082/1081
f 989/1082/1081 1384/1080/1079 1385/1083/1082
f 989/1082/1081 1385/1083/1082 1386/1084/1083
f 1386/1084/1083 1385/1083/1082 1366/1085/1084
f 1386/1084/1083 1366/1085/1084 1365/1086/1085
f 1365/1086/1085 1366/1085/1084 1375/1087/1086
f 1365/1086/1085 1375/1087/1086 1376/1088/1087
f 1376/1088/1087 1375/1087/1086 1351/1089/1088
f 1376/1088/1087 1351/1089/1088 1350/1090/1089
f 1350/1090/1089 1351/1089/1088 1325/1091/1090
f 1350/1090/1089 1325/1091/1090 1324/1092/1091
f 1324/1092/1091 1325/1091/1090 1340/1093/1092
f 1324/1092/1091 1340/1093/1092 1341/1094/1093
f 1341/1094/1093 1340/1093/1092 1299/1095/1094
f 1341/1094/1093 1299/1095/1094 1298/1096/1095
f 1298/1096/1095 1299/1095/1094 1317/1097/1096
f 1298/1096/1095 1317/1097/1096 1318/1098/1097
f 1318/1098/1097 1317/1097/1096 1272/1099/1098
f 1318/1098/1097 1272/1099/1098 997/1100/1099
f 997/1100/1099 1272/1099/1098 1296/1101/1100
f 997/1100/1099 1296/1101/1100 978/1102/1101
f 978/1102/1101 1296/1101/1100 999/1103/1102
f 978/1102/1101 999/1103/1102 977/1104/1103
f 977/1104/1103 999/1103/1102 1000/1105/1104
f 977/1104/1103 1000/1105/1104 976/1106/1105
f 976/1106/1105 1000/1105/1104 1225/1107/1106
f 976/1106/1105 1225/1107/1106 1002/1108/1107
f 1002/1108/1107 1225/1107/1106 1226/1109/1108
f 1002/1108/1107 1226/1109/1108 1248/1110/1109
f 1248/1110/1109 1226/1109/1108 1227/1111/1110
f 1248/1110/1109 1227/1111/1110 1247/1112/1111
f 1247/1112/1111 1227/1111/1110 1228/1113/1112
f 1247/1112/1111 1228/1113/1112 1246/1114/1113
f 1246/1114/1113 1228/1113/1112 1229/1115/1114
f 1246/1114/1113 1229/1115/1114 1245/1116/1115
f 1245/1116/1115 1229/1115/1114 1230/1117/1116
f 1245/1116/1115 1230/1117/1116 1244/1118/1117
f 1244/1118/1117 1230/1117/1116 1231/1119/1118
f 1244/1118/1117 1231/1119/1118 1243/1120/1119
f 1243/1120/1119 1231/1119/1118 1232/1121/1120
f 1243/1120/1119 1232/1121/1120 1242/1122/1121
f 1242/1122/1121 1232/1121/1120 1233/1123/1122
f 1242/1122/1121 1233/1123/1122 1241/1124/1123
f 1241/1124/1123 1233/1123/1122 1234/1125/1124
f 1241/1124/1123 1234/1125/1124 1240/1126/1125
f 1240/1126/1125 1234/1125/1124 1235/1056/1055
f 1240/1126/1125 1235/1056/1055 1239/1054/1053
f 9/1018/1017 8/1127/1126 1026/1020/1019
f 1026/1020/1019 8/1127/1126 1025/1128/1127
f 1026/1020/1019 1025/1128/1127 1042/1022/1021
f 1042/1022/1021 1025/1128/1127 1043/1129/1128
f 1042/1022/1021 1043/1129/1128 1038/1024/1023
f 1038/1024/1023 1043/1129/1128 1037/1130/1129
f 1038/1024/1023 1037/1130/1129 1067/1026/1025
f 1067/1026/1025 1037/1130/1129 1068/1131/1130
f 1067/1026/1025 1068/1131/1130 1063/1028/1027
f 1063/1028/1027 1068/1131/1130 1062/1132/1131
f 1063/1028/1027 1062/1132/1131 1088/1030/1029
f 1088/1030/1029 1062/1132/1131 1087/1133/1132
f 1088/1030/1029 1087/1133/1132 1104/1032/1031
f 1104/1032/1031 1087/1133/1132 1105/1134/1133
f 1104/1032/1031 1105/1134/1133 1101/1034/1033
f 1101/1034/1033 1105/1134/1133 1100/1135/1134
f 1101/1034/1033 1100/1135/1134 1129/1036/1035
f 1129/1036/1035 1100/1135/1134 1130/1136/1135
f 1129/1036/1035 1130/1136/1135 1124/1038/1037
f 1124/1038/1037 1130/1136/1135 1123/1137/1136
f 1124/1038/1037 1123/1137/1136 1152/1040/1039
f 1152/1040/1039 1123/1137/1136 1153/1138/1137
f 1152/1040/1039 1153/1138/1137 1148/1042/1041
f 1148/1042/1041 1153/1138/1137 1147/1139/1138
f 1148/1042/1041 1147/1139/1138 1175/1044/1043
f 1175/1044/1043 1147/1139/1138 1176/1140/1139
f 1175/1044/1043 1176/1140/1139 1171/1046/1045
f 1171/1046/1045 1176/1140/1139 1170/1141/1140
f 1171/1046/1045 1170/1141/1140 1201/1048/1047
f 1201/1048/1047 1170/1141/1140 1202/1142/1141
f 1201/1048/1047 1202/1142/1141 1196/1050/1049
f 1196/1050/1049 1202/1142/1141 1195/1143/1142
f 1196/1050/1049 1195/1143/1142 1222/1052/1051
f 1222/1052/1051 1195/1143/1142 1221/1144/1143
f 1222/1052/1051 1221/1144/1143 1239/1054/1053
f 1239/1054/1053 1221/1144/1143 1240/1126/1125
f 1025/1128/1127 8/1127/1126 1024/1145/1144
f 1024/1145/1144 8/1127/1126 7/1146/1145
f 1024/1145/1144 7/1146/1145 1023/1147/1146
f 1023/1147/1146 7/1146/1145 1022/1148/1147
f 1023/1147/1146 1022/1148/1147 1045/1149/1148
f 1045/1149/1148 1022/1148/1147 1046/1150/1149
f 1045/1149/1148 1046/1150/1149 1035/1151/1150
f 1035/1151/1150 1046/1150/1149 1034/1152/1151
f 1035/1151/1150 1034/1152/1151 1070/1153/1152
f 1070/1153/1152 1034/1152/1151 1071/1154/1153
f 1070/1153/1152 1071/1154/1153 1060/1155/1154
f 1060/1155/1154 1071/1154/1153 1059/1156/1155
f 1060/1155/1154 1059/1156/1155 1085/1157/1156
f 1085/1157/1156 1059/1156/1155 1084/1158/1157
f 1085/1157/1156 1084/1158/1157 1107/1159/1158
f 1107/1159/1158 1084/1158/1157 1108/1160/1159
f 1107/1159/1158 1108/1160/1159 1098/1161/1160
f 1098/1161/1160 1108/1160/1159 1097/1162/1161
f 1098/1161/1160 1097/1162/1161 1132/1163/1162
f 1132/1163/1162 1097/1162/1161 1133/1164/1163
f 1132/1163/1162 1133/1164/1163 1121/1165/1164
f 1121/1165/1164 1133/1164/1163 1120/1166/1165
f 1121/1165/1164 1120/1166/1165 1155/1167/1166
f 1155/1167/1166 1120/1166/1165 1156/1168/1167
f 1155/1167/1166 1156/1168/1167 1145/1169/1168
f 1145/1169/1168 1156/1168/1167 1144/1170/1169
f 1145/1169/1168 1144/1170/1169 1178/1171/1170
f 1178/1171/1170 1144/1170/1169 1179/1172/1171
f 1178/1171/1170 1179/1172/1171 1168/1173/1172
f 1168/1173/1172 1179/1172/1171 1167/1174/1173
f 1168/1173/1172 1167/1174/1173 1204/1175/1174
f 1204/1175/1174 1167/1174/1173 1205/1176/1175
f 1204/1175/1174 1205/1176/1175 1193/1177/1176
f 1193/1177/1176 1205/1176/1175 1192/1178/1177
f 1193/1177/1176 1192/1178/1177 1219/1179/1178
f 1219/1179/1178 1192/1178/1177 1218/1180/1179
f 1219/1179/1178 1218/1180/1179 1242/1122/1121
f 1242/1122/1121 1218/1180/1179 1243/1120/1119
f 7/1146/1145 6/1181/1180 1022/1148/1147
f 1022/1148/1147 6/1181/1180 1021/1182/1181
f 1022/1148/1147 1021/1182/1181 1046/1150/1149
f 1046/1150/1149 1021/1182/1181 1047/1183/1182
f 1046/1150/1149 1047/1183/1182 1034/1152/1151
f 1034/1152/1151 1047/1183/1182 1033/1184/1183
f 1034/1152/1151 1033/1184/1183 1071/1154/1153
f 1071/1154/1153 1033/1184/1183 1072/1185/1184
f 1071/1154/1153 1072/1185/1184 1059/1156/1155
f 1059/1156/1155 1072/1185/1184 1058/1186/1185
f 1059/1156/1155 1058/1186/1185 1084/1158/1157
f 1084/1158/1157 1058/1186/1185 1083/1187/1186
f 1084/1158/1157 1083/1187/1186 1108/1160/1159
f 1108/1160/1159 1083/1187/1186 1109/1188/1187
f 1108/1160/1159 1109/1188/1187 1097/1162/1161
f 1097/1162/1161 1109/1188/1187 1096/1189/1188
f 1097/1162/1161 1096/1189/1188 1133/1164/1163
f 1133/1164/1163 1096/1189/1188 1134/1190/1189
f 1133/1164/1163 1134/1190/1189 1120/1166/1165
f 1120/1166/1165 1134/1190/1189 1119/1191/1190
f 1120/1166/1165 1119/1191/1190 1156/1168/1167
f 1156/1168/1167 1119/1191/1190 1157/1192/1191
f 1156/1168/1167 1157/1192/1191 1144/1170/1169
f 1144/1170/1169 1157/1192/1191 1143/1193/1192
f 1144/1170/1169 1143/1193/1192 1179/1172/1171
f 1179/1172/1171 1143/1193/1192 1180/1194/1193
f 1179/1172/1171 1180/1194/1193 1167/1174/1173
f 1167/1174/1173 1180/1194/1193 1166/1195/1194
f 1167/1174/1173 1166/1195/1194 1205/1176/1175
f 1205/1176/1175 1166/1195/1194 1206/1196/1195
f 1205/1176/1175 1206/1196/1195 1192/1178/1177
f 1192/1178/1177 1206/1196/1195 1191/1197/1196
f 1192/1178/1177 1191/1197/1196 1218/1180/1179
f 1218/1180/1179 1191/1197/1196 1217/1198/1197
f 1218/1180/1179 1217/1198/1197 1243/1120/1119
f 1243/1120/1119 1217/1198/1197 1244/1118/1117
f 1021/1182/1181 6/1181/1180 1020/1199/1198
f 1020/1199/1198 6/1181/1180 5/1200/1199
f 1020/1199/1198 5/1200/1199 1019/1201/1200
f 1019/1201/1200 5/1200/1199 1018/1202/1201
f 1019/1201/1200 1018/1202/1201 1049/1203/1202
f 1049/1203/1202 1018/1202/1201 1050/1204/1203
f 1049/1203/1202 1050/1204/1203 1031/1205/1204
f 1031/1205/1204 1050/1204/1203 1030/1206/1205
f 1031/1205/1204 1030/1206/1205 1074/1207/1206
f 1074/1207/1206 1030/1206/1205 1075/1208/1207
f 1074/1207/1206 1075/1208/1207 1056/1209/1208
f 1056/1209/1208 1075/1208/1207 1055/1210/1209
f 1056/1209/1208 1055/1210/1209 1081/1211/1210
f 1081/1211/1210 1055/1210/1209 1080/1212/1211
f 1081/1211/1210 1080/1212/1211 1111/1213/1212
f 1111/1213/1212 1080/1212/1211 1112/1214/1213
f 1111/1213/1212 1112/1214/1213 1094/1215/1214
f 1094/1215/1214 1112/1214/1213 1093/1216/1215
f 1094/1215/1214 1093/1216/1215 1136/1217/1216
f 1136/1217/1216 1093/1216/1215 1137/1218/1217
f 1136/1217/1216 1137/1218/1217 1117/1219/1218
f 1117/1219/1218 1137/1218/1217 1116/1220/1219
f 1117/1219/1218 1116/1220/1219 1159/1221/1220
f 1159/1221/1220 1116/1220/1219 1160/1222/1221
f 1159/1221/1220 1160/1222/1221 1141/1223/1222
f 1141/1223/1222 1160/1222/1221 1140/1224/1223
f 1141/1223/1222 1140/1224/1223 1182/1225/1224
f 1182/1225/1224 1140/1224/1223 1183/1226/1225
f 1182/1225/1224 1183/1226/1225 1164/1227/1226
f 1164/1227/1226 1183/1226/1225 1163/1228/1227
f 1164/1227/1226 1163/1228/1227 1208/1229/1228
f 1208/1229/1228 1163/1228/1227 1209/1230/1229
f 1208/1229/1228 1209/1230/1229 1189/1231/1230
f 1189/1231/1230 1209/1230/1229 1188/1232/1231
f 1189/1231/1230 1188/1232/1231 1215/1233/1232
f 1215/1233/1232 1188/1232/1231 1214/1234/1233
f 1215/1233/1232 1214/1234/1233 1246/1114/1113
f 1246/1114/1113 1214/1234/1233 1247/1112/1111
f 5/1200/1199 4/1235/1234 1018/1202/1201
f 1018/1202/1201 4/1235/1234 1017/1236/1235
f 1018/1202/1201 1017/1236/1235 1050/1204/1203
f 1050/1204/1203 1017/1236/1235 1051/1237/1236
f 1050/1204/1203 1051/1237/1236 1030/1206/1205
f 1030/1206/1205 1051/1237/1236 1029/1238/1237
f 1030/1206/1205 1029/1238/1237 1075/1208/1207
f 1075/1208/1207 1029/1238/1237 1076/1239/1238
f 1075/1208/1207 1076/1239/1238 1055/1210/1209
f 1055/1210/1209 1076/1239/1238 1054/1240/1239
f 1055/1210/1209 1054/1240/1239 1080/1212/1211
f 1080/1212/1211 1054/1240/1239 1079/1241/1240
f 1080/1212/1211 1079/1241/1240 1112/1214/1213
f 1112/1214/1213 1079/1241/1240 1113/1242/1241
f 1112/1214/1213 1113/1242/1241 1093/1216/1215
f 1093/1216/1215 1113/1242/1241 1092/1243/1242
f 1093/1216/1215 1092/1243/1242 1137/1218/1217
f 1137/1218/1217 1092/1243/1242 1138/1244/1243
f 1137/1218/1217 1138/1244/1243 1116/1220/1219
f 1116/1220/1219 1138/1244/1243 1115/1245/1244
f 1116/1220/1219 1115/1245/1244 1160/1222/1221
f 1160/1222/1221 1115/1245/1244 1161/1246/1245
f 1160/1222/1221 1161/1246/1245 1140/1224/1223
f 1140/1224/1223 1161/1246/1245 1139/1247/1246
f 1140/1224/1223 1139/1247/1246 1183/1226/1225
f 1183/1226/1225 1139/1247/1246 1184/1248/1247
f 1183/1226/1225 1184/1248/1247 1163/1228/1227
f 1163/1228/1227 1184/1248/1247 1162/1249/1248
f 1163/1228/1227 1162/1249/1248 1209/1230/1229
f 1209/1230/1229 1162/1249/1248 1210/1250/1249
f 1209/1230/1229 1210/1250/1249 1188/1232/1231
f 1188/1232/1231 1210/1250/1249 1187/1251/1250
f 1188/1232/1231 1187/1251/1250 1214/1234/1233
f 1214/1234/1233 1187/1251/1250 1213/1252/1251
f 1214/1234/1233 1213/1252/1251 1247/1112/1111
f 1247/1112/1111 1213/1252/1251 1248/1110/1109
f 4/1235/1234 3/1253/1252 1017/1236/1235
f 1017/1236/1235 3/1253/1252 1015/1254/1253
f 1017/1236/1235 1015/1254/1253 1051/1237/1236
f 1051/1237/1236 1015/1254/1253 1052/1255/1254
f 1051/1237/1236 1052/1255/1254 1029/1238/1237
f 1029/1238/1237 1052/1255/1254 1013/1256/1255
f 1029/1238/1237 1013/1256/1255 1076/1239/1238
f 1076/1239/1238 1013/1256/1255 1077/1257/1256
f 1076/1239/1238 1077/1257/1256 1054/1240/1239
f 1054/1240/1239 1077/1257/1256 1053/1258/1257
f 1054/1240/1239 1053/1258/1257 1079/1241/1240
f 1079/1241/1240 1053/1258/1257 1078/1259/1258
f 1079/1241/1240 1078/1259/1258 1113/1242/1241
f 1113/1242/1241 1078/1259/1258 1011/1260/1259
f 1113/1242/1241 1011/1260/1259 1092/1243/1242
f 1092/1243/1242 1011/1260/1259 1091/1261/1260
f 1092/1243/1242 1091/1261/1260 1138/1244/1243
f 1138/1244/1243 1091/1261/1260 1009/1262/1261
f 1138/1244/1243 1009/1262/1261 1115/1245/1244
f 1115/1245/1244 1009/1262/1261 1114/1263/1262
f 1115/1245/1244 1114/1263/1262 1161/1246/1245
f 1161/1246/1245 1114/1263/1262 1007/1264/1263
f 1161/1246/1245 1007/1264/1263 1139/1247/1246
f 1139/1247/1246 1007/1264/1263 1005/1265/1264
f 1139/1247/1246 1005/1265/1264 1184/1248/1247
f 1184/1248/1247 1005/1265/1264 1185/1266/1265
f 1184/1248/1247 1185/1266/1265 1162/1249/1248
f 1162/1249/1248 1185/1266/1265 1004/1267/1266
f 1162/1249/1248 1004/1267/1266 1210/1250/1249
f 1210/1250/1249 1004/1267/1266 1211/1268/1267
f 1210/1250/1249 1211/1268/1267 1187/1251/1250
f 1187/1251/1250 1211/1268/1267 1186/1269/1268
f 1187/1251/1250 1186/1269/1268 1213/1252/1251
f 1213/1252/1251 1186/1269/1268 1212/1270/1269
f 1213/1252/1251 1212/1270/1269 1248/1110/1109
f 1248/1110/1109 1212/1270/1269 1002/1108/1107
f 3/1253/1252 2/1271/1270 1015/1254/1253
f 1015/1254/1253 2/1271/1270 967/1272/1271
f 1015/1254/1253 967/1272/1271 1052/1255/1254
f 1052/1255/1254 967/1272/1271 1013/1256/1255
f 967/1272/1271 968/1273/1272 1013/1256/1255
f 1013/1256/1255 968/1273/1272 1077/1257/1256
f 1077/1257/1256 968/1273/1272 1053/1258/1257
f 1053/1258/1257 968/1273/1272 969/1274/1273
f 1053/1258/1257 969/1274/1273 1078/1259/1258
f 1078/1259/1258 969/1274/1273 1011/1260/1259
f 969/1274/1273 970/1275/1274 1011/1260/1259
f 1011/1260/1259 970/1275/1274 1091/1261/1260
f 1091/1261/1260 970/1275/1274 1009/1262/1261
f 1009/1262/1261 970/1275/1274 971/1276/1275
f 1009/1262/1261 971/1276/1275 1114/1263/1262
f 1114/1263/1262 971/1276/1275 1007/1264/1263
f 971/1276/1275 972/1277/1276 1007/1264/1263
f 1007/1264/1263 972/1277/1276 1005/1265/1264
f 972/1277/1276 973/1278/1277 1005/1265/1264
f 1005/1265/1264 973/1278/1277 1185/1266/1265
f 1185/1266/1265 973/1278/1277 1004/1267/1266
f 1004/1267/1266 973/1278/1277 974/1279/1278
f 1004/1267/1266 974/1279/1278 1211/1268/1267
f 1211/1268/1267 974/1279/1278 1186/1269/1268
f 974/1279/1278 975/1280/1279 1186/1269/1268
f 1186/1269/1268 975/1280/1279 1212/1270/1269
f 1212/1270/1269 975/1280/1279 1002/1108/1107
f 1002/1108/1107 975/1280/1279 976/1106/1105
f 978/1102/1101 979/1281/1280 997/1100/1099
f 997/1100/1099 979/1281/1280 1319/1282/1281
f 997/1100/1099 1319/1282/1281 1318/1098/1097
f 1318/1098/1097 1319/1282/1281 1297/1283/1282
f 1318/1098/1097 1297/1283/1282 1298/1096/1095
f 1298/1096/1095 1297/1283/1282 1342/1284/1283
f 1298/1096/1095 1342/1284/1283 1341/1094/1093
f 1341/1094/1093 1342/1284/1283 1323/1285/1284
f 1341/1094/1093 1323/1285/1284 1324/1092/1091
f 1324/1092/1091 1323/1285/1284 1349/1286/1285
f 1324/1092/1091 1349/1286/1285 1350/1090/1089
f 1350/1090/1089 1349/1286/1285 1377/1287/1286
f 1350/1090/1089 1377/1287/1286 1376/1088/1087
f 1376/1088/1087 1377/1287/1286 1364/1288/1287
f 1376/1088/1087 1364/1288/1287 1365/1086/1085
f 1365/1086/1085 1364/1288/1287 1387/1289/1288
f 1365/1086/1085 1387/1289/1288 1386/1084/1083
f 1386/1084/1083 1387/1289/1288 988/1290/1289
f 1386/1084/1083 988/1290/1289 989/1082/1081
f 1319/1282/1281 979/1281/1280 995/1291/1290
f 995/1291/1290 979/1281/1280 980/1292/1291
f 995/1291/1290 980/1292/1291 1344/1293/1292
f 1344/1293/1292 980/1292/1291 1320/1294/1293
f 1344/1293/1292 1320/1294/1293 1321/1295/1294
f 1321/1295/1294 1320/1294/1293 1346/1296/1295
f 1321/1295/1294 1346/1296/1295 1347/1297/1296
f 1347/1297/1296 1346/1296/1295 1380/1298/1297
f 1347/1297/1296 1380/1298/1297 1379/1299/1298
f 1379/1299/1298 1380/1298/1297 1361/1300/1299
f 1379/1299/1298 1361/1300/1299 1362/1301/1300
f 1362/1301/1300 1361/1300/1299 1390/1302/1301
f 1362/1301/1300 1390/1302/1301 1389/1303/1302
f 1389/1303/1302 1390/1302/1301 987/1304/1303
f 1389/1303/1302 987/1304/1303 1388/1305/1304
f 1388/1305/1304 987/1304/1303 988/1290/1289
f 1388/1305/1304 988/1290/1289 1387/1289/1288
f 980/1292/1291 981/1306/1305 1320/1294/1293
f 1320/1294/1293 981/1306/1305 1345/1307/1306
f 1320/1294/1293 1345/1307/1306 1346/1296/1295
f 1346/1296/1295 1345/1307/1306 1381/1308/1307
f 1346/1296/1295 1381/1308/1307 1380/1298/1297
f 1380/1298/1297 1381/1308/1307 1360/1309/1308
f 1380/1298/1297 1360/1309/1308 1361/1300/1299
f 1361/1300/1299 1360/1309/1308 1391/1310/1309
f 1361/1300/1299 1391/1310/1309 1390/1302/1301
f 1390/1302/1301 1391/1310/1309 986/1311/1310
f 1390/1302/1301 986/1311/1310 987/1304/1303
f 1345/1307/1306 981/1306/1305 992/1312/1311
f 992/1312/1311 981/1306/1305 982/1313/1312
f 992/1312/1311 982/1313/1312 1358/1314/1313
f 1358/1314/1313 982/1313/1312 991/1315/1314
f 1358/1314/1313 991/1315/1314 1393/1316/1315
f 1393/1316/1315 991/1315/1314 984/1317/1316
f 1393/1316/1315 984/1317/1316 985/1318/1317
f 982/1313/1312 983/1319/1318 991/1315/1314
f 991/1315/1314 983/1319/1318 984/1317/1316
f 1393/1316/1315 985/1318/1317 1392/1320/1319
f 1392/1320/1319 985/1318/1317 986/1311/1310
f 1392/1320/1319 986/1311/1310 1391/1310/1309
f 1383/1079/1078 990/1081/1080 1382/1321/1320
f 1382/1321/1320 990/1081/1080 966/1322/1014
f 1382/1321/1320 966/1322/1014 965/1323/1321
f 964/1324/1010 993/1325/1322 965/1323/1321
f 965/1323/1321 993/1325/1322 1370/1326/1323
f 965/1323/1321 1370/1326/1323 1382/1321/1320
f 1382/1321/1320 1370/1326/1323 1369/1077/1076
f 1382/1321/1320 1369/1077/1076 1383/1079/1078
f 963/1327/1008 994/1328/1324 964/1324/1010
f 964/1324/1010 994/1328/1324 1357/1329/1325
f 964/1324/1010 1357/1329/1325 993/1325/1322
f 993/1325/1322 1357/1329/1325 1356/1073/1072
f 993/1325/1322 1356/1073/1072 1371/1075/1074
f 962/1330/1006 996/1331/1326 963/1327/1008
f 963/1327/1008 996/1331/1326 1332/1332/1327
f 963/1327/1008 1332/1332/1327 994/1328/1324
f 994/1328/1324 1332/1332/1327 1333/1069/1068
f 994/1328/1324 1333/1069/1068 1331/1071/1070
f 996/1331/1326 962/1330/1006 998/1333/1328
f 998/1333/1328 962/1330/1006 961/1334/1329
f 998/1333/1328 961/1334/1329 1283/1335/1330
f 1283/1335/1330 961/1334/1329 1284/1336/1331
f 1283/1335/1330 1284/1336/1331 1285/1061/1060
f 1285/1061/1060 1284/1336/1331 1259/1059/1058
f 961/1334/1329 960/1337/1332 1284/1336/1331
f 1284/1336/1331 960/1337/1332 1260/1338/1333
f 1284/1336/1331 1260/1338/1333 1259/1059/1058
f 1259/1059/1058 1260/1338/1333 1261/1057/1056
f 1260/1338/1333 960/1337/1332 1001/1339/1334
f 1001/1339/1334 960/1337/1332 959/1340/1335
f 1001/1339/1334 959/1340/1335 1003/1341/1336
f 1003/1341/1336 959/1340/1335 958/1342/998
f 1003/1341/1336 958/1342/998 1237/1343/1337
f 1237/1343/1337 958/1342/998 1224/1344/1338
f 1237/1343/1337 1224/1344/1338 1223/1051/1050
f 1223/1051/1050 1224/1344/1338 1197/1049/1048
f 958/1342/998 957/1345/996 1224/1344/1338
f 1224/1344/1338 957/1345/996 1198/1346/1339
f 1224/1344/1338 1198/1346/1339 1197/1049/1048
f 1197/1049/1048 1198/1346/1339 1200/1047/1046
f 1198/1346/1339 957/1345/996 1199/1347/1340
f 1199/1347/1340 957/1345/996 956/1348/994
f 1199/1347/1340 956/1348/994 1173/1349/1341
f 1173/1349/1341 956/1348/994 1006/1350/1342
f 1173/1349/1341 1006/1350/1342 1174/1043/1042
f 1174/1043/1042 1006/1350/1342 1149/1041/1040
f 956/1348/994 955/1351/1343 1006/1350/1342
f 1006/1350/1342 955/1351/1343 1008/1352/1344
f 1006/1350/1342 1008/1352/1344 1149/1041/1040
f 1149/1041/1040 1008/1352/1344 1151/1039/1038
f 955/1351/1343 954/1353/1345 1008/1352/1344
f 1008/1352/1344 954/1353/1345 1150/1354/1346
f 1008/1352/1344 1150/1354/1346 1151/1039/1038
f 1151/1039/1038 1150/1354/1346 1125/1037/1036
f 1150/1354/1346 954/1353/1345 1126/1355/1347
f 1126/1355/1347 954/1353/1345 953/1356/1348
f 1126/1355/1347 953/1356/1348 1127/1357/1349
f 1127/1357/1349 953/1356/1348 1010/1358/1350
f 1127/1357/1349 1010/1358/1350 1102/1033/1032
f 1102/1033/1032 1010/1358/1350 1103/1031/1030
f 953/1356/1348 952/1359/986 1010/1358/1350
f 1010/1358/1350 952/1359/986 1012/1360/1351
f 1010/1358/1350 1012/1360/1351 1103/1031/1030
f 1103/1031/1030 1012/1360/1351 1089/1029/1028
f 952/1359/986 951/1361/984 1012/1360/1351
f 1012/1360/1351 951/1361/984 1090/1362/1352
f 1012/1360/1351 1090/1362/1352 1089/1029/1028
f 1089/1029/1028 1090/1362/1352 1064/1027/1026
f 1090/1362/1352 951/1361/984 1014/1363/1353
f 1014/1363/1353 951/1361/984 950/1364/982
f 1014/1363/1353 950/1364/982 1065/1365/1354
f 1065/1365/1354 950/1364/982 1016/1366/1355
f 1065/1365/1354 1016/1366/1355 1039/1023/1022
f 1039/1023/1022 1016/1366/1355 1041/1021/1020
f 950/1364/982 949/1015/1015 1016/1366/1355
f 1016/1366/1355 949/1015/1015 1040/1367/1356
f 1016/1366/1355 1040/1367/1356 1041/1021/1020
f 1041/1021/1020 1040/1367/1356 1027/1019/1018
f 1040/1367/1356 949/1015/1015 1028/1017/1016
f 1047/1183/1182 1021/1182/1181 1020/1199/1198
f 1020/1199/1198 1019/1201/1200 1048/1368/1357
f 1048/1368/1357 1019/1201/1200 1049/1203/1202
f 1048/1368/1357 1049/1203/1202 1032/1369/1358
f 1032/1369/1358 1049/1203/1202 1031/1205/1204
f 1032/1369/1358 1031/1205/1204 1073/1370/1359
f 1073/1370/1359 1031/1205/1204 1074/1207/1206
f 1073/1370/1359 1074/1207/1206 1057/1371/1360
f 1057/1371/1360 1074/1207/1206 1056/1209/1208
f 1057/1371/1360 1056/1209/1208 1082/1372/1361
f 1082/1372/1361 1056/1209/1208 1081/1211/1210
f 1082/1372/1361 1081/1211/1210 1110/1373/1362
f 1110/1373/1362 1081/1211/1210 1111/1213/1212
f 1110/1373/1362 1111/1213/1212 1095/1374/1363
f 1095/1374/1363 1111/1213/1212 1094/1215/1214
f 1095/1374/1363 1094/1215/1214 1135/1375/1364
f 1135/1375/1364 1094/1215/1214 1136/1217/1216
f 1135/1375/1364 1136/1217/1216 1118/1376/1365
f 1118/1376/1365 1136/1217/1216 1117/1219/1218
f 1118/1376/1365 1117/1219/1218 1158/1377/1366
f 1158/1377/1366 1117/1219/1218 1159/1221/1220
f 1158/1377/1366 1159/1221/1220 1142/1378/1367
f 1142/1378/1367 1159/1221/1220 1141/1223/1222
f 1142/1378/1367 1141/1223/1222 1181/1379/1368
f 1181/1379/1368 1141/1223/1222 1182/1225/1224
f 1181/1379/1368 1182/1225/1224 1165/1380/1369
f 1165/1380/1369 1182/1225/1224 1164/1227/1226
f 1165/1380/1369 1164/1227/1226 1207/1381/1370
f 1207/1381/1370 1164/1227/1226 1208/1229/1228
f 1207/1381/1370 1208/1229/1228 1190/1382/1371
f 1190/1382/1371 1208/1229/1228 1189/1231/1230
f 1190/1382/1371 1189/1231/1230 1216/1383/1372
f 1216/1383/1372 1189/1231/1230 1215/1233/1232
f 1216/1383/1372 1215/1233/1232 1245/1116/1115
f 1245/1116/1115 1215/1233/1232 1246/1114/1113
f 1043/1129/1128 1025/1128/1127 1024/1145/1144
f 1024/1145/1144 1023/1147/1146 1044/1384/1373
f 1044/1384/1373 1023/1147/1146 1045/1149/1148
f 1044/1384/1373 1045/1149/1148 1036/1385/1374
f 1036/1385/1374 1045/1149/1148 1035/1151/1150
f 1036/1385/1374 1035/1151/1150 1069/1386/1375
f 1069/1386/1375 1035/1151/1150 1070/1153/1152
f 1069/1386/1375 1070/1153/1152 1061/1387/1376
f 1061/1387/1376 1070/1153/1152 1060/1155/1154
f 1061/1387/1376 1060/1155/1154 1086/1388/1377
f 1086/1388/1377 1060/1155/1154 1085/1157/1156
f 1086/1388/1377 1085/1157/1156 1106/1389/1378
f 1106/1389/1378 1085/1157/1156 1107/1159/1158
f 1106/1389/1378 1107/1159/1158 1099/1390/1379
f 1099/1390/1379 1107/1159/1158 1098/1161/1160
f 1099/1390/1379 1098/1161/1160 1131/1391/1380
f 1131/1391/1380 1098/1161/1160 1132/1163/1162
f 1131/1391/1380 1132/1163/1162 1122/1392/1381
f 1122/1392/1381 1132/1163/1162 1121/1165/1164
f 1122/1392/1381 1121/1165/1164 1154/1393/1382
f 1154/1393/1382 1121/1165/1164 1155/1167/1166
f 1154/1393/1382 1155/1167/1166 1146/1394/1383
f 1146/1394/1383 1155/1167/1166 1145/1169/1168
f 1146/1394/1383 1145/1169/1168 1177/1395/1384
f 1177/1395/1384 1145/1169/1168 1178/1171/1170
f 1177/1395/1384 1178/1171/1170 1169/1396/1385
f 1169/1396/1385 1178/1171/1170 1168/1173/1172
f 1169/1396/1385 1168/1173/1172 1203/1397/1386
f 1203/1397/1386 1168/1173/1172 1204/1175/1174
f 1203/1397/1386 1204/1175/1174 1194/1398/1387
f 1194/1398/1387 1204/1175/1174 1193/1177/1176
f 1194/1398/1387 1193/1177/1176 1220/1399/1388
f 1220/1399/1388 1193/1177/1176 1219/1179/1178
f 1220/1399/1388 1219/1179/1178 1241/1124/1123
f 1241/1124/1123 1219/1179/1178 1242/1122/1121
f 1040/1367/1356 1028/1017/1016 1027/1019/1018
f 1032/1369/1358 1033/1184/1183 1048/1368/1357
f 1048/1368/1357 1033/1184/1183 1047/1183/1182
f 1048/1368/1357 1047/1183/1182 1020/1199/1198
f 1033/1184/1183 1032/1369/1358 1072/1185/1184
f 1072/1185/1184 1032/1369/1358 1073/1370/1359
f 1072/1185/1184 1073/1370/1359 1058/1186/1185
f 1058/1186/1185 1073/1370/1359 1057/1371/1360
f 1058/1186/1185 1057/1371/1360 1083/1187/1186
f 1083/1187/1186 1057/1371/1360 1082/1372/1361
f 1083/1187/1186 1082/1372/1361 1109/1188/1187
f 1109/1188/1187 1082/1372/1361 1110/1373/1362
f 1109/1188/1187 1110/1373/1362 1096/1189/1188
f 1096/1189/1188 1110/1373/1362 1095/1374/1363
f 1096/1189/1188 1095/1374/1363 1134/1190/1189
f 1134/1190/1189 1095/1374/1363 1135/1375/1364
f 1134/1190/1189 1135/1375/1364 1119/1191/1190
f 1119/1191/1190 1135/1375/1364 1118/1376/1365
f 1119/1191/1190 1118/1376/1365 1157/1192/1191
f 1157/1192/1191 1118/1376/1365 1158/1377/1366
f 1157/1192/1191 1158/1377/1366 1143/1193/1192
f 1143/1193/1192 1158/1377/1366 1142/1378/1367
f 1143/1193/1192 1142/1378/1367 1180/1194/1193
f 1180/1194/1193 1142/1378/1367 1181/1379/1368
f 1180/1194/1193 1181/1379/1368 1166/1195/1194
f 1166/1195/1194 1181/1379/1368 1165/1380/1369
f 1166/1195/1194 1165/1380/1369 1206/1196/1195
f 1206/1196/1195 1165/1380/1369 1207/1381/1370
f 1206/1196/1195 1207/1381/1370 1191/1197/1196
f 1191/1197/1196 1207/1381/1370 1190/1382/1371
f 1191/1197/1196 1190/1382/1371 1217/1198/1197
f 1217/1198/1197 1190/1382/1371 1216/1383/1372
f 1217/1198/1197 1216/1383/1372 1244/1118/1117
f 1244/1118/1117 1216/1383/1372 1245/1116/1115
f 1036/1385/1374 1037/1130/1129 1044/1384/1373
f 1044/1384/1373 1037/1130/1129 1043/1129/1128
f 1044/1384/1373 1043/1129/1128 1024/1145/1144
f 1037/1130/1129 1036/1385/1374 1068/1131/1130
f 1068/1131/1130 1036/1385/1374 1069/1386/1375
f 1068/1131/1130 1069/1386/1375 1062/1132/1131
f 1062/1132/1131 1069/1386/1375 1061/1387/1376
f 1062/1132/1131 1061/1387/1376 1087/1133/1132
f 1087/1133/1132 1061/1387/1376 1086/1388/1377
f 1087/1133/1132 1086/1388/1377 1105/1134/1133
f 1105/1134/1133 1086/1388/1377 1106/1389/1378
f 1105/1134/1133 1106/1389/1378 1100/1135/1134
f 1100/1135/1134 1106/1389/1378 1099/1390/1379
f 1100/1135/1134 1099/1390/1379 1130/1136/1135
f 1130/1136/1135 1099/1390/1379 1131/1391/1380
f 1130/1136/1135 1131/1391/1380 1123/1137/1136
f 1123/1137/1136 1131/1391/1380 1122/1392/1381
f 1123/1137/1136 1122/1392/1381 1153/1138/1137
f 1153/1138/1137 1122/1392/1381 1154/1393/1382
f 1153/1138/1137 1154/1393/1382 1147/1139/1138
f 1147/1139/1138 1154/1393/1382 1146/1394/1383
f 1147/1139/1138 1146/1394/1383 1176/1140/1139
f 1176/1140/1139 1146/1394/1383 1177/1395/1384
f 1176/1140/1139 1177/1395/1384 1170/1141/1140
f 1170/1141/1140 1177/1395/1384 1169/1396/1385
f 1170/1141/1140 1169/1396/1385 1202/1142/1141
f 1202/1142/1141 1169/1396/1385 1203/1397/1386
f 1202/1142/1141 1203/1397/1386 1195/1143/1142
f 1195/1143/1142 1203/1397/1386 1194/1398/1387
f 1195/1143/1142 1194/1398/1387 1221/1144/1143
f 1221/1144/1143 1194/1398/1387 1220/1399/1388
f 1221/1144/1143 1220/1399/1388 1240/1126/1125
f 1240/1126/1125 1220/1399/1388 1241/1124/1123
f 1065/1365/1354 1039/1023/1022 1066/1025/1024
f 1065/1365/1354 1066/1025/1024 1014/1363/1353
f 1014/1363/1353 1066/1025/1024 1064/1027/1026
f 1014/1363/1353 1064/1027/1026 1090/1362/1352
f 1127/1357/1349 1102/1033/1032 1128/1035/1034
f 1127/1357/1349 1128/1035/1034 1126/1355/1347
f 1126/1355/1347 1128/1035/1034 1125/1037/1036
f 1126/1355/1347 1125/1037/1036 1150/1354/1346
f 1199/1347/1340 1173/1349/1341 1172/1045/1044
f 1172/1045/1044 1173/1349/1341 1174/1043/1042
f 1199/1347/1340 1172/1045/1044 1200/1047/1046
f 1199/1347/1340 1200/1047/1046 1198/1346/1339
f 1237/1343/1337 1223/1051/1050 1238/1053/1052
f 1226/1109/1108 1225/1107/1106 1271/1400/1389
f 1271/1400/1389 1225/1107/1106 1000/1105/1104
f 1271/1400/1389 1000/1105/1104 1249/1401/1390
f 1249/1401/1390 1000/1105/1104 999/1103/1102
f 1249/1401/1390 999/1103/1102 1295/1402/1391
f 1295/1402/1391 999/1103/1102 1296/1101/1100
f 1295/1402/1391 1296/1101/1100 1272/1099/1098
f 1227/1111/1110 1226/1109/1108 1270/1403/1392
f 1270/1403/1392 1226/1109/1108 1271/1400/1389
f 1270/1403/1392 1271/1400/1389 1250/1404/1393
f 1250/1404/1393 1271/1400/1389 1249/1401/1390
f 1250/1404/1393 1249/1401/1390 1294/1405/1394
f 1294/1405/1394 1249/1401/1390 1295/1402/1391
f 1294/1405/1394 1295/1402/1391 1273/1406/1395
f 1273/1406/1395 1295/1402/1391 1272/1099/1098
f 1273/1406/1395 1272/1099/1098 1317/1097/1096
f 1228/1113/1112 1227/1111/1110 1269/1407/1396
f 1269/1407/1396 1227/1111/1110 1270/1403/1392
f 1269/1407/1396 1270/1403/1392 1251/1408/1397
f 1251/1408/1397 1270/1403/1392 1250/1404/1393
f 1251/1408/1397 1250/1404/1393 1293/1409/1398
f 1293/1409/1398 1250/1404/1393 1294/1405/1394
f 1293/1409/1398 1294/1405/1394 1274/1410/1399
f 1274/1410/1399 1294/1405/1394 1273/1406/1395
f 1274/1410/1399 1273/1406/1395 1316/1411/1400
f 1316/1411/1400 1273/1406/1395 1317/1097/1096
f 1316/1411/1400 1317/1097/1096 1299/1095/1094
f 1229/1115/1114 1228/1113/1112 1268/1412/1401
f 1268/1412/1401 1228/1113/1112 1269/1407/1396
f 1268/1412/1401 1269/1407/1396 1252/1413/1402
f 1252/1413/1402 1269/1407/1396 1251/1408/1397
f 1252/1413/1402 1251/1408/1397 1292/1414/1403
f 1292/1414/1403 1251/1408/1397 1293/1409/1398
f 1292/1414/1403 1293/1409/1398 1275/1415/1404
f 1275/1415/1404 1293/1409/1398 1274/1410/1399
f 1275/1415/1404 1274/1410/1399 1315/1416/1405
f 1315/1416/1405 1274/1410/1399 1316/1411/1400
f 1315/1416/1405 1316/1411/1400 1300/1417/1406
f 1300/1417/1406 1316/1411/1400 1299/1095/1094
f 1300/1417/1406 1299/1095/1094 1340/1093/1092
f 1230/1117/1116 1229/1115/1114 1267/1418/1407
f 1267/1418/1407 1229/1115/1114 1268/1412/1401
f 1267/1418/1407 1268/1412/1401 1253/1419/1408
f 1253/1419/1408 1268/1412/1401 1252/1413/1402
f 1253/1419/1408 1252/1413/1402 1291/1420/1409
f 1291/1420/1409 1252/1413/1402 1292/1414/1403
f 1291/1420/1409 1292/1414/1403 1276/1421/1410
f 1276/1421/1410 1292/1414/1403 1275/1415/1404
f 1276/1421/1410 1275/1415/1404 1314/1422/1411
f 1314/1422/1411 1275/1415/1404 1315/1416/1405
f 1314/1422/1411 1315/1416/1405 1301/1423/1412
f 1301/1423/1412 1315/1416/1405 1300/1417/1406
f 1301/1423/1412 1300/1417/1406 1339/1424/1413
f 1339/1424/1413 1300/1417/1406 1340/1093/1092
f 1339/1424/1413 1340/1093/1092 1325/1091/1090
f 1231/1119/1118 1230/1117/1116 1266/1425/1414
f 1266/1425/1414 1230/1117/1116 1267/1418/1407
f 1266/1425/1414 1267/1418/1407 1254/1426/1415
f 1254/1426/1415 1267/1418/1407 1253/1419/1408
f 1254/1426/1415 1253/1419/1408 1290/1427/1416
f 1290/1427/1416 1253/1419/1408 1291/1420/1409
f 1290/1427/1416 1291/1420/1409 1277/1428/1417
f 1277/1428/1417 1291/1420/1409 1276/1421/1410
f 1277/1428/1417 1276/1421/1410 1313/1429/1418
f 1313/1429/1418 1276/1421/1410 1314/1422/1411
f 1313/1429/1418 1314/1422/1411 1302/1430/1419
f 1302/1430/1419 1314/1422/1411 1301/1423/1412
f 1302/1430/1419 1301/1423/1412 1338/1431/1420
f 1338/1431/1420 1301/1423/1412 1339/1424/1413
f 1338/1431/1420 1339/1424/1413 1326/1432/1421
f 1326/1432/1421 1339/1424/1413 1325/1091/1090
f 1326/1432/1421 1325/1091/1090 1351/1089/1088
f 1232/1121/1120 1231/1119/1118 1265/1433/1422
f 1265/1433/1422 1231/1119/1118 1266/1425/1414
f 1265/1433/1422 1266/1425/1414 1255/1434/1423
f 1255/1434/1423 1266/1425/1414 1254/1426/1415
f 1255/1434/1423 1254/1426/1415 1289/1435/1424
f 1289/1435/1424 1254/1426/1415 1290/1427/1416
f 1289/1435/1424 1290/1427/1416 1278/1436/1425
f 1278/1436/1425 1290/1427/1416 1277/1428/1417
f 1278/1436/1425 1277/1428/1417 1312/1437/1426
f 1312/1437/1426 1277/1428/1417 1313/1429/1418
f 1312/1437/1426 1313/1429/1418 1303/1438/1427
f 1303/1438/1427 1313/1429/1418 1302/1430/1419
f 1303/1438/1427 1302/1430/1419 1337/1439/1428
f 1337/1439/1428 1302/1430/1419 1338/1431/1420
f 1337/1439/1428 1338/1431/1420 1327/1440/1429
f 1327/1440/1429 1338/1431/1420 1326/1432/1421
f 1327/1440/1429 1326/1432/1421 1352/1441/1430
f 1352/1441/1430 1326/1432/1421 1351/1089/1088
f 1352/1441/1430 1351/1089/1088 1375/1087/1086
f 1233/1123/1122 1232/1121/1120 1264/1442/1431
f 1264/1442/1431 1232/1121/1120 1265/1433/1422
f 1264/1442/1431 1265/1433/1422 1256/1443/1432
f 1256/1443/1432 1265/1433/1422 1255/1434/1423
f 1256/1443/1432 1255/1434/1423 1288/1444/1433
f 1288/1444/1433 1255/1434/1423 1289/1435/1424
f 1288/1444/1433 1289/1435/1424 1279/1445/1434
f 1279/1445/1434 1289/1435/1424 1278/1436/1425
f 1279/1445/1434 1278/1436/1425 1311/1446/1435
f 1311/1446/1435 1278/1436/1425 1312/1437/1426
f 1311/1446/1435 1312/1437/1426 1304/1447/1436
f 1304/1447/1436 1312/1437/1426 1303/1438/1427
f 1304/1447/1436 1303/1438/1427 1336/1448/1437
f 1336/1448/1437 1303/1438/1427 1337/1439/1428
f 1336/1448/1437 1337/1439/1428 1328/1449/1438
f 1328/1449/1438 1337/1439/1428 1327/1440/1429
f 1328/1449/1438 1327/1440/1429 1353/1450/1439
f 1353/1450/1439 1327/1440/1429 1352/1441/1430
f 1353/1450/1439 1352/1441/1430 1374/1451/1440
f 1374/1451/1440 1352/1441/1430 1375/1087/1086
f 1374/1451/1440 1375/1087/1086 1366/1085/1084
f 1262/1058/1057 1235/1056/1055 1234/1125/1124
f 1234/1125/1124 1233/1123/1122 1263/1452/1441
f 1263/1452/1441 1233/1123/1122 1264/1442/1431
f 1263/1452/1441 1264/1442/1431 1257/1453/1442
f 1257/1453/1442 1264/1442/1431 1256/1443/1432
f 1257/1453/1442 1256/1443/1432 1287/1454/1443
f 1287/1454/1443 1256/1443/1432 1288/1444/1433
f 1287/1454/1443 1288/1444/1433 1280/1455/1444
f 1280/1455/1444 1288/1444/1433 1279/1445/1434
f 1280/1455/1444 1279/1445/1434 1310/1456/1445
f 1310/1456/1445 1279/1445/1434 1311/1446/1435
f 1310/1456/1445 1311/1446/1435 1305/1457/1446
f 1305/1457/1446 1311/1446/1435 1304/1447/1436
f 1305/1457/1446 1304/1447/1436 1335/1458/1447
f 1335/1458/1447 1304/1447/1436 1336/1448/1437
f 1335/1458/1447 1336/1448/1437 1329/1459/1448
f 1329/1459/1448 1336/1448/1437 1328/1449/1438
f 1329/1459/1448 1328/1449/1438 1354/1460/1449
f 1354/1460/1449 1328/1449/1438 1353/1450/1439
f 1354/1460/1449 1353/1450/1439 1373/1461/1450
f 1373/1461/1450 1353/1450/1439 1374/1451/1440
f 1373/1461/1450 1374/1451/1440 1367/1462/1451
f 1367/1462/1451 1374/1451/1440 1366/1085/1084
f 1367/1462/1451 1366/1085/1084 1385/1083/1082
f 1237/1343/1337 1238/1053/1052 1003/1341/1336
f 1003/1341/1336 1238/1053/1052 1236/1055/1054
f 1003/1341/1336 1236/1055/1054 1001/1339/1334
f 1001/1339/1334 1236/1055/1054 1261/1057/1056
f 1001/1339/1334 1261/1057/1056 1260/1338/1333
f 1257/1453/1442 1258/1060/1059 1263/1452/1441
f 1263/1452/1441 1258/1060/1059 1262/1058/1057
f 1263/1452/1441 1262/1058/1057 1234/1125/1124
f 1258/1060/1059 1257/1453/1442 1286/1062/1061
f 1286/1062/1061 1257/1453/1442 1287/1454/1443
f 1286/1062/1061 1287/1454/1443 1281/1064/1063
f 1281/1064/1063 1287/1454/1443 1280/1455/1444
f 1281/1064/1063 1280/1455/1444 1309/1066/1065
f 1309/1066/1065 1280/1455/1444 1310/1456/1445
f 1309/1066/1065 1310/1456/1445 1306/1068/1067
f 1306/1068/1067 1310/1456/1445 1305/1457/1446
f 1306/1068/1067 1305/1457/1446 1334/1070/1069
f 1334/1070/1069 1305/1457/1446 1335/1458/1447
f 1334/1070/1069 1335/1458/1447 1330/1072/1071
f 1330/1072/1071 1335/1458/1447 1329/1459/1448
f 1330/1072/1071 1329/1459/1448 1355/1074/1073
f 1355/1074/1073 1329/1459/1448 1354/1460/1449
f 1355/1074/1073 1354/1460/1449 1372/1076/1075
f 1372/1076/1075 1354/1460/1449 1373/1461/1450
f 1372/1076/1075 1373/1461/1450 1368/1078/1077
f 1368/1078/1077 1373/1461/1450 1367/1462/1451
f 1368/1078/1077 1367/1462/1451 1384/1080/1079
f 1384/1080/1079 1367/1462/1451 1385/1083/1082
f 998/1333/1328 1283/1335/1330 1282/1063/1062
f 1282/1063/1062 1283/1335/1330 1285/1061/1060
f 998/1333/1328 1282/1063/1062 1308/1065/1064
f 1319/1282/1281 995/1291/1290 1297/1283/1282
f 1297/1283/1282 995/1291/1290 1343/1463/1452
f 1297/1283/1282 1343/1463/1452 1342/1284/1283
f 1342/1284/1283 1343/1463/1452 1322/1464/1453
f 1342/1284/1283 1322/1464/1453 1323/1285/1284
f 1323/1285/1284 1322/1464/1453 1348/1465/1454
f 1323/1285/1284 1348/1465/1454 1349/1286/1285
f 1349/1286/1285 1348/1465/1454 1378/1466/1455
f 1349/1286/1285 1378/1466/1455 1377/1287/1286
f 1377/1287/1286 1378/1466/1455 1363/1467/1456
f 1377/1287/1286 1363/1467/1456 1364/1288/1287
f 1364/1288/1287 1363/1467/1456 1388/1305/1304
f 1364/1288/1287 1388/1305/1304 1387/1289/1288
f 998/1333/1328 1308/1065/1064 996/1331/1326
f 996/1331/1326 1308/1065/1064 1307/1067/1066
f 996/1331/1326 1307/1067/1066 1332/1332/1327
f 1332/1332/1327 1307/1067/1066 1333/1069/1068
f 1344/1293/1292 1321/1295/1294 1343/1463/1452
f 1343/1463/1452 1321/1295/1294 1322/1464/1453
f 1348/1465/1454 1322/1464/1453 1347/1297/1296
f 1347/1297/1296 1322/1464/1453 1321/1295/1294
f 1357/1329/1325 994/1328/1324 1331/1071/1070
f 1357/1329/1325 1331/1071/1070 1356/1073/1072
f 995/1291/1290 1344/1293/1292 1343/1463/1452
f 1378/1466/1455 1348/1465/1454 1379/1299/1298
f 1379/1299/1298 1348/1465/1454 1347/1297/1296
f 1358/1314/1313 1359/1468/1457 992/1312/1311
f 992/1312/1311 1359/1468/1457 1381/1308/1307
f 992/1312/1311 1381/1308/1307 1345/1307/1306
f 1381/1308/1307 1359/1468/1457 1360/1309/1308
f 1360/1309/1308 1359/1468/1457 1392/1320/1319
f 1360/1309/1308 1392/1320/1319 1391/1310/1309
f 1392/1320/1319 1359/1468/1457 1393/1316/1315
f 1393/1316/1315 1359/1468/1457 1358/1314/1313
f 1378/1466/1455 1379/1299/1298 1362/1301/1300
f 1378/1466/1455 1362/1301/1300 1363/1467/1456
f 1363/1467/1456 1362/1301/1300 1389/1303/1302
f 1363/1467/1456 1389/1303/1302 1388/1305/1304
f 993/1325/1322 1371/1075/1074 1370/1326/1323
f 1370/1326/1323 1371/1075/1074 1369/1077/1076
f 38/1469/1458 116/1470/1459 39/1471/1460
f 39/1471/1460 116/1470/1459 115/1472/1461
f 39/1471/1460 115/1472/1461 114/1473/1462
f 114/1473/1462 113/1474/1463 39/1471/1460
f 39/1471/1460 113/1474/1463 112/1475/1464
f 39/1471/1460 112/1475/1464 111/1476/1465
f 111/1476/1465 110/1477/1466 39/1471/1460
f 39/1471/1460 110/1477/1466 109/1478/1467
f 39/1471/1460 109/1478/1467 108/1479/1468
f 108/1479/1468 107/1480/1469 39/1471/1460
f 39/1471/1460 107/1480/1469 106/1481/1470
f 39/1471/1460 106/1481/1470 105/1482/1471
f 105/1482/1471 104/1483/1472 39/1471/1460
f 39/1471/1460 104/1483/1472 103/1484/1473
f 39/1471/1460 103/1484/1473 102/1485/1474
f 102/1485/1474 101/1486/1475 39/1471/1460
f 39/1471/1460 101/1486/1475 100/1487/1476
f 39/1471/1460 100/1487/1476 99/1488/1477
f 99/1488/1477 98/1489/1478 39/1471/1460
f 39/1471/1460 98/1489/1478 97/1490/1479
f 39/1471/1460 97/1490/1479 96/1491/1480
f 96/1491/1480 95/1492/1481 39/1471/1460
f 39/1471/1460 95/1492/1481 94/1493/1482
f 39/1471/1460 94/1493/1482 93/1494/1483
f 93/1494/1483 92/1495/1484 39/1471/1460
f 39/1471/1460 92/1495/1484 91/1496/1485
f 39/1471/1460 91/1496/1485 90/1497/1486
f 90/1497/1486 89/1498/1487 39/1471/1460
f 39/1471/1460 89/1498/1487 88/1499/1488
f 39/1471/1460 88/1499/1488 87/1500/1489
f 87/1500/1489 86/1501/1490 39/1471/1460
f 39/1471/1460 86/1501/1490 85/1502/1491
f 39/1471/1460 85/1502/1491 84/1503/1492
f 2/1504/1270 1/1505/1493 967/1506/1271
f 967/1506/1271 1/1505/1493 968/1507/1272
f 968/1507/1272 1/1505/1493 969/1508/1273
f 969/1508/1273 1/1505/1493 970/1509/1274
f 970/1509/1274 1/1505/1493 971/1510/1275
f 971/1510/1275 1/1505/1493 972/1511/1276
f 972/1511/1276 1/1505/1493 973/1512/1277
f 973/1512/1277 1/1505/1493 974/1513/1278
f 974/1513/1278 1/1505/1493 975/1514/1279
f 975/1514/1279 1/1505/1493 976/1515/1105
f 976/1515/1105 1/1505/1493 977/1516/1103
f 977/1516/1103 1/1505/1493 978/1517/1101
f 978/1517/1101 1/1505/1493 979/1518/1280
f 979/1518/1280 1/1505/1493 980/1519/1291
f 980/1519/1291 1/1505/1493 981/1520/1305
f 981/1520/1305 1/1505/1493 982/1521/1312
f 982/1521/1312 1/1505/1493 983/1522/1318
f 983/1523/1494 1/1524/1495 57/1525/1496
f 57/1525/1496 1/1524/1495 39/1526/1497
f 57/1525/1496 39/1526/1497 58/1527/1498
f 58/1527/1498 39/1526/1497 59/1528/1499
f 59/1528/1499 39/1526/1497 60/1529/1500
f 60/1529/1500 39/1526/1497 61/1530/1501
f 61/1530/1501 39/1526/1497 62/1531/1502
f 62/1531/1502 39/1526/1497 63/1532/1503
f 63/1532/1503 39/1526/1497 64/1533/1504
f 64/1533/1504 39/1526/1497 65/1534/1505
f 65/1534/1505 39/1526/1497 66/1535/1506
f 66/1535/1506 39/1526/1497 67/1536/1507
f 67/1536/1507 39/1526/1497 68/1537/1508
f 68/1537/1508 39/1526/1497 69/1538/1509
f 69/1538/1509 39/1526/1497 70/1539/1510
f 70/1539/1510 39/1526/1497 71/1540/1511
f 71/1540/1511 39/1526/1497 72/1541/1512
f 72/1541/1512 39/1526/1497 73/1542/1513
f 73/1542/1513 39/1526/1497 74/1543/1514
f 74/1543/1514 39/1526/1497 75/1544/1515
f 75/1544/1515 39/1526/1497 76/1545/1516
f 76/1545/1516 39/1526/1497 77/1546/1517
f 77/1546/1517 39/1526/1497 78/1547/1518
f 78/1547/1518 39/1526/1497 79/1548/1519
f 79/1548/1519 39/1526/1497 80/1549/1520
f 80/1549/1520 39/1526/1497 81/1550/1521
f 81/1550/1521 39/1526/1497 82/1551/1522
f 82/1551/1522 39/1526/1497 83/1552/1523
f 83/1552/1523 39/1526/1497 84/1553/1524
f 57/1525/1496 966/1554/1525 983/1523/1494
f 983/1523/1494 966/1554/1525 984/1555/1526
f 984/1555/1526 966/1554/1525 985/1556/1527
f 985/1556/1527 966/1554/1525 986/1557/1528
f 986/1557/1528 966/1554/1525 987/1558/1529
f 987/1558/1529 966/1554/1525 988/1559/1530
f 988/1559/1530 966/1554/1525 989/1560/1531
f 989/1560/1531 966/1554/1525 990/1561/1532
# 1393 vertices
# 1561 texture params
# 1532 normals
# 2782 facets

# 1 groups
