# WaveFront *.obj file (generated by Autodesk ATF)

mtllib Whole_FBR.mtl

g Whole_FBR

v 0.000000 0.000000 0.000000
v 0.000000 -333.436254 0.000000
v 0.000000 -333.080469 15.399239
v 0.000000 -332.013874 30.765616
v 0.000000 -330.238744 46.066337
v 0.000000 -327.758868 61.268751
v 0.000000 -324.579538 76.340414
v 0.000000 -320.707539 91.249162
v 0.000000 -316.151134 105.963180
v 0.000000 -310.920047 120.451068
v 0.000000 -305.025441 134.681907
v 0.000000 -298.479894 148.625328
v 0.000000 -291.297377 162.251574
v 0.000000 -283.493217 175.531568
v 0.000000 -275.084067 188.436969
v 0.000000 -266.087875 200.940236
v 0.000000 -256.523837 213.014686
v 0.000000 -246.412365 224.634552
v 0.000000 -235.775036 235.775036
v 0.000000 -224.634552 246.412365
v 0.000000 -213.014686 256.523837
v 0.000000 -200.940236 266.087875
v 0.000000 -188.436969 275.084067
v 0.000000 -175.531568 283.493217
v 0.000000 -162.251574 291.297377
v 0.000000 -148.625328 298.479894
v 0.000000 -134.681907 305.025441
v 0.000000 -120.451068 310.920047
v 0.000000 -105.963180 316.151134
v 0.000000 -91.249162 320.707539
v 0.000000 -76.340414 324.579538
v 0.000000 -61.268751 327.758868
v 0.000000 -46.066337 330.238744
v 0.000000 -30.765616 332.013874
v 0.000000 -15.399239 333.080469
v 0.000000 0.000000 333.436254
v 15.402284 -333.084952 0.000000
v 30.771900 -332.022559 0.000000
v 46.076036 -330.251343 0.000000
v 61.282019 -327.775084 0.000000
v 76.357386 -324.599070 0.000000
v 91.269954 -320.730081 0.000000
v 105.987887 -316.176376 0.000000
v 120.479763 -310.947677 0.000000
v 134.714645 -305.055147 0.000000
v 148.662143 -298.511365 0.000000
v 162.292480 -291.330302 0.000000
v 175.576559 -283.527287 0.000000
v 188.486018 -275.118981 0.000000
v 200.993299 -266.123332 0.000000
v 213.071700 -256.559545 0.000000
v 224.695435 -246.448039 0.000000
v 235.839689 -235.810399 0.000000
v 246.480670 -224.669336 0.000000
v 256.595662 -213.048635 0.000000
v 266.163070 -200.973103 0.000000
v 275.162470 -188.468520 0.000000
v 283.574648 -175.561583 0.000000
v 291.381646 -162.279845 0.000000
v 298.566797 -148.651662 0.000000
v 305.114761 -134.706127 0.000000
v 311.011560 -120.473014 0.000000
v 316.244605 -105.982706 0.000000
v 320.802724 -91.266140 0.000000
v 324.676186 -76.354732 0.000000
v 327.856721 -61.280318 0.000000
v 330.337540 -46.075078 0.000000
v 332.113346 -30.771475 0.000000
v 333.180348 -15.402178 0.000000
v 333.536269 0.000000 0.000000
v 333.180348 0.000000 15.402178
v 332.113346 0.000000 30.771475
v 330.337540 0.000000 46.075078
v 327.856721 0.000000 61.280318
v 324.676186 0.000000 76.354732
v 320.802724 0.000000 91.266140
v 316.244605 0.000000 105.982706
v 311.011560 0.000000 120.473014
v 305.114761 0.000000 134.706127
v 298.566797 0.000000 148.651662
v 291.381646 0.000000 162.279845
v 283.574648 0.000000 175.561583
v 275.162470 0.000000 188.468520
v 266.163070 0.000000 200.973103
v 256.595662 0.000000 213.048635
v 246.480670 0.000000 224.669336
v 235.839689 0.000000 235.810399
v 224.695435 0.000000 246.448039
v 213.071700 0.000000 256.559545
v 200.993299 0.000000 266.123332
v 188.486018 0.000000 275.118981
v 175.576559 0.000000 283.527287
v 162.292480 0.000000 291.330302
v 148.662143 0.000000 298.511365
v 134.714645 0.000000 305.055147
v 120.479763 0.000000 310.947677
v 105.987887 0.000000 316.176376
v 91.269954 0.000000 320.730081
v 76.357386 0.000000 324.599070
v 61.282019 0.000000 327.775084
v 46.076036 0.000000 330.251343
v 30.771900 0.000000 332.022559
v 15.402284 0.000000 333.084952
v 69.130542 -12.338617 325.978969
v 144.261604 -5.994830 300.601462
v 196.191137 -9.943592 269.497934
v 203.650372 -11.740363 263.835470
v 232.210264 -15.355511 238.890726
v 238.953620 -15.356522 232.148381
v 263.903187 -11.749396 203.591688
v 269.567039 -9.954592 196.133032
v 304.547565 -1.652469 135.973140
v 2.285118 -15.997940 333.045097
v 12.886058 -4.820508 333.156157
v 1.449971 -36.156011 331.467443
v 11.774958 -24.753816 332.311133
v 22.075023 -13.298780 332.445463
v 32.328180 -1.815357 331.870147
v 1.369233 -56.435163 328.623199
v 11.431724 -44.878255 330.207934
v 21.470025 -33.225548 331.087799
v 31.462709 -21.501917 331.260914
v 41.388445 -9.732388 330.726912
v 1.994012 -76.711200 324.486594
v 11.811080 -65.069579 326.815768
v 21.603149 -53.289058 328.447311
v 31.349317 -41.394784 329.377743
v 41.028779 -29.412149 329.605076
v 50.620874 -17.366729 329.128825
v 60.105125 -5.284238 327.950007
v 3.268090 -96.861210 319.041713
v 12.860175 -85.204329 322.113560
v 22.425021 -73.365568 324.497815
v 31.942212 -61.370199 326.189389
v 41.391432 -49.243827 327.184670
v 50.752510 -37.012339 327.481534
v 60.005464 -24.701842 327.079348
v 86.952807 -6.471767 321.860920
v 5.134220 -116.768596 312.281119
v 14.534964 -105.172122 316.085751
v 23.904494 -93.350859 319.215771
v 33.222767 -81.330009 321.664511
v 42.469849 -69.135201 323.426754
v 51.625961 -56.792437 324.498752
v 60.671517 -44.328037 324.878226
v 69.587170 -31.768579 324.564379
v 78.353849 -19.140846 323.557890
v 7.506277 -136.303585 304.214111
v 16.721719 -124.819932 308.744957
v 25.901680 -113.069836 312.616748
v 35.026564 -101.078377 315.821219
v 44.076893 -88.871154 318.351529
v 53.033348 -76.474224 320.202278
v 61.876810 -63.914050 321.369515
v 70.588401 -51.217443 321.850748
v 79.149526 -38.411507 321.644950
v 87.541910 -25.523576 320.752560
v 95.747638 -12.581162 319.175483
v 1.236163 -166.331957 288.984661
v 10.326968 -155.364957 294.850614
v 19.395942 -144.066311 300.087171
v 28.423726 -132.460137 304.683154
v 37.391050 -120.571210 308.628752
v 46.278772 -108.424908 311.915542
v 55.067919 -96.047160 314.536510
v 63.739730 -83.464387 316.486060
v 72.275694 -70.703449 317.760030
v 80.657590 -57.791586 318.355701
v 88.867526 -44.756359 318.271802
v 96.887976 -31.625593 317.508512
v 104.701820 -18.427319 316.067459
v 112.292378 -5.189710 313.951720
v 4.529676 -184.520103 277.691294
v 13.511584 -173.840071 284.217354
v 22.464864 -162.788956 290.136716
v 31.370403 -151.390346 295.436745
v 40.209192 -139.668575 300.106127
v 48.962362 -127.648664 304.134894
v 57.611229 -115.356270 307.514447
v 66.137332 -102.817634 310.237571
v 74.522469 -90.059520 312.298454
v 82.748743 -77.109164 313.692696
v 90.798592 -63.994207 314.417322
v 98.654833 -50.742648 314.470784
v 106.300697 -37.382771 313.852968
v 113.719862 -23.943096 312.565194
v 120.896491 -10.452312 310.610210
v 8.071235 -201.960944 265.194234
v 16.977301 -191.626100 272.349665
v 25.847340 -180.882205 278.923731
v 34.662419 -169.752194 284.902399
v 43.403720 -158.259826 290.272908
v 52.052583 -146.429632 295.023791
v 60.590547 -134.286865 299.144910
v 68.999387 -121.857446 302.627465
v 77.261152 -109.167907 305.464024
v 85.358207 -96.245336 307.648532
v 93.273267 -83.117316 309.176324
v 100.989437 -69.811872 310.044141
v 108.490246 -56.357406 310.250129
v 115.759682 -42.782638 309.793850
v 122.782228 -29.116544 308.676276
v 129.542894 -15.388298 306.899793
v 136.027247 -1.627204 304.468194
v 2.884632 -228.029902 243.257795
v 11.773929 -218.561578 251.543836
v 20.638307 -208.626707 259.292924
v 29.458843 -198.246495 266.488519
v 38.216708 -187.443102 273.115260
v 46.893209 -176.239587 279.159003
v 55.469824 -164.659867 284.606845
v 63.928245 -152.728660 289.447158
v 72.250417 -140.471434 293.669609
v 80.418574 -127.914353 297.265185
v 88.415281 -115.084224 300.226211
v 96.223468 -102.008432 302.546367
v 103.826468 -88.714891 304.220698
v 111.208050 -75.231977 305.245633
v 118.352458 -61.588470 305.618982
v 125.244441 -47.813495 305.339948
v 131.869287 -33.936456 304.409128
v 138.212856 -19.986975 302.828508
v 6.658631 -243.220539 227.992322
v 15.549136 -234.236653 236.800042
v 24.406662 -224.752758 245.102283
v 33.212303 -214.789101 252.881322
v 41.947262 -204.366949 260.120553
v 50.592892 -193.508550 266.804525
v 59.130739 -182.237082 272.918968
v 67.542577 -170.576607 278.450831
v 75.810451 -158.552014 283.388306
v 83.916711 -146.188971 287.720852
v 91.844054 -133.513870 291.439223
v 99.575557 -120.553767 294.535479
v 107.094717 -107.336326 297.003012
v 114.385484 -93.889763 298.836554
v 121.432293 -80.242779 300.032192
v 128.220104 -66.424508 300.587374
v 134.734426 -52.464445 300.500913
v 140.961354 -38.392390 299.772996
v 146.887595 -24.238381 298.405175
v 152.500500 -10.032633 296.400370
v 1.431905 -265.268975 202.015698
v 10.380626 -257.363665 211.749848
v 19.307403 -248.908980 221.031991
v 28.193179 -239.922966 229.842313
v 37.018986 -230.424807 238.162008
v 45.765986 -220.434777 245.973316
v 54.415505 -209.974201 253.259563
v 62.949081 -199.065409 260.005195
v 71.348498 -187.731686 266.195813
v 79.595826 -175.997227 271.818203
v 87.673460 -163.887079 276.860362
v 95.564157 -151.427093 281.311528
v 103.251074 -138.643867 285.162199
v 110.717802 -125.564688 288.404155
v 117.948403 -112.217475 291.030475
v 124.927441 -98.630720 293.035555
v 131.640019 -84.833426 294.415113
v 138.071808 -70.855043 295.166205
v 144.209079 -56.725412 295.287227
v 150.038731 -42.474693 294.777921
v 155.548319 -28.133306 293.639375
v 160.726084 -13.731865 291.874018
v 4.934232 -277.703374 184.491766
v 13.961581 -270.395320 194.612366
v 22.959341 -262.510073 204.317541
v 31.908305 -254.064465 213.586574
v 40.789370 -245.076525 222.399680
v 49.583579 -235.565437 230.738045
v 58.272158 -225.551506 238.583872
v 66.836562 -215.056106 245.920410
v 75.258508 -204.101641 252.732001
v 83.520018 -192.711496 259.004103
v 91.603458 -180.909984 264.723328
v 99.491573 -168.722297 269.877467
v 107.167523 -156.174450 274.455519
v 114.614924 -143.293230 278.447711
v 121.817879 -130.106132 281.845521
v 128.761012 -116.641305 284.641696
v 135.429501 -102.927494 286.830268
v 141.809112 -88.993970 288.406564
v 147.886228 -74.870478 289.367220
v 153.647875 -60.587165 289.710185
v 159.081754 -46.174521 289.434726
v 164.176267 -31.663312 288.541433
v 168.920539 -17.084514 287.032212
v 173.304441 -2.469246 284.910284
v 8.174408 -288.938736 166.219602
v 17.313835 -282.260938 176.669727
v 26.416516 -274.980617 186.742728
v 35.463022 -267.113316 196.417103
v 44.434041 -258.675828 205.672201
v 53.310423 -249.686163 214.488266
v 62.073220 -240.163512 222.846478
v 70.703729 -230.128201 230.728997
v 79.183524 -219.601653 238.118995
v 87.494506 -208.606337 245.000698
v 95.618933 -197.165724 251.359416
v 103.539463 -185.304237 257.181576
v 111.239188 -173.047194 262.454749
v 118.701673 -160.420759 267.167679
v 125.910987 -147.451887 271.310306
v 132.851742 -134.168260 274.873787
v 139.509121 -120.598233 277.850515
v 145.868914 -106.770775 280.234135
v 151.917545 -92.715400 282.019561
v 157.642102 -78.462113 283.202980
v 163.030366 -64.041339 283.781867
v 168.070834 -49.483860 283.754986
v 172.752747 -34.820752 283.122393
v 177.066111 -20.083315 281.885440
v 181.001719 -5.303007 280.046767
v 1.761394 -304.316720 136.265619
v 11.068391 -298.935263 147.299519
v 20.351975 -292.915691 158.018989
v 29.592329 -286.270853 168.401148
v 38.769727 -279.014934 178.423833
v 47.864580 -271.163422 188.065650
v 56.857474 -262.733077 197.306018
v 65.729211 -253.741896 206.125210
v 74.460855 -244.209070 214.504402
v 83.033766 -234.154950 222.425707
v 91.429645 -223.600996 229.872217
v 99.630568 -212.569737 236.828035
v 107.619032 -201.084721 243.278314
v 115.377982 -189.170465 249.209285
v 122.890857 -176.852400 254.608286
v 130.141619 -164.156821 259.463795
v 137.114791 -151.110829 263.765445
v 143.795487 -137.742272 267.504054
v 150.169448 -124.079687 270.671642
v 156.223066 -110.152237 273.261447
v 161.943419 -95.989654 275.267941
v 167.318298 -81.622169 276.686841
v 172.336227 -67.080451 277.515117
v 176.986497 -52.395541 277.751003
v 181.259181 -37.598786 277.393994
v 185.145157 -22.721772 276.444853
v 188.636130 -7.796256 274.905604
v 4.048909 -312.345055 116.639264
v 13.535644 -307.663279 127.837927
v 22.993699 -302.324756 138.763704
v 32.402885 -296.340883 149.393272
v 41.743115 -289.724433 159.703942
v 50.994454 -282.489530 169.673703
v 60.137152 -274.651617 179.281274
v 69.151692 -266.227425 188.506147
v 78.018834 -257.234937 197.328629
v 86.719647 -247.693349 205.729888
v 95.235560 -237.623028 213.691991
v 103.548395 -227.045470 221.197942
v 111.640405 -215.983255 228.231717
v 119.494319 -204.459997 234.778303
v 127.093370 -192.500293 240.823725
v 134.421337 -180.129673 246.355078
v 141.462579 -167.374543 251.360556
v 148.202065 -154.262131 255.829472
v 154.625408 -140.820427 259.752288
v 160.718897 -127.078124 263.120630
v 166.469524 -113.064557 265.927307
v 171.865015 -98.809639 268.166329
v 176.893852 -84.343799 269.832917
v 181.545300 -69.697917 270.923511
v 185.809430 -54.903256 271.435786
v 189.677139 -39.991397 271.368646
v 193.140172 -24.994171 270.722235
v 5.806379 -319.070612 96.649506
v 15.499945 -315.103367 107.946540
v 25.160638 -310.463493 119.013148
v 34.767836 -305.160896 129.825707
v 44.301030 -299.206894 140.361137
v 53.739872 -292.614197 150.596949
v 63.064213 -285.396879 160.511292
v 72.254149 -277.570344 170.083004
v 81.290063 -269.151301 179.291652
v 90.152666 -260.157720 188.117579
v 98.823041 -250.608799 196.541946
v 107.282678 -240.524923 204.546768
v 115.513521 -229.927615 212.114960
v 123.497999 -218.839498 219.230366
v 131.219068 -207.284240 225.877797
v 138.660247 -195.286508 232.043063
v 145.805652 -182.871912 237.713004
v 152.640029 -170.066953 242.875516
v 159.148791 -156.898965 247.519580
v 165.318043 -143.396056 251.635282
v 171.134616 -129.587049 255.213836
v 176.586094 -115.501423 258.247605
v 181.660840 -101.169245 260.730111
v 186.348021 -86.621108 262.656056
v 190.637633 -71.888067 264.021328
v 194.520518 -57.001572 264.823014
v 197.988387 -41.993400 265.059401
v 201.033839 -26.895588 264.729985
v 6.965331 -324.489558 76.414260
v 16.890162 -321.246417 87.741528
v 26.779152 -317.317534 98.881500
v 36.611192 -312.711296 109.810397
v 46.365294 -307.437537 120.504890
v 56.020637 -301.507514 130.942150
v 65.556611 -294.933885 141.099898
v 74.952859 -287.730682 150.956450
v 84.189324 -279.913281 160.490766
v 93.246290 -271.498370 169.682495
v 102.104423 -262.503912 178.512014
v 110.744815 -252.949106 186.960478
v 119.149022 -242.854348 195.009850
v 127.299103 -232.241186 202.642949
v 135.177662 -221.132277 209.843482
v 142.767881 -209.551332 216.596076
v 150.053557 -197.523074 222.886319
v 157.019138 -185.073178 228.700784
v 163.649755 -172.228220 234.027057
v 169.931255 -159.015619 238.853770
v 175.850228 -145.463578 243.170619
v 181.394040 -131.601028 246.968390
v 186.550858 -117.457558 250.238976
v 191.309672 -103.063361 252.975395
v 195.660325 -88.449161 255.171806
v 199.593530 -73.646156 256.823520
v 203.100891 -58.685944 257.927013
v 206.174920 -43.600459 258.479927
v 208.809057 -28.421903 258.481083
v 210.997678 -13.182678 257.930479
v 7.463432 -328.608297 56.054550
v 17.640978 -326.093588 67.342643
v 27.781081 -322.882791 78.486983
v 37.862094 -318.982760 89.463784
v 47.862500 -314.401820 100.249612
v 57.760951 -309.149749 110.821445
v 67.536317 -303.237759 121.156716
v 77.167732 -296.678470 131.233362
v 86.634636 -289.485883 141.029875
v 95.916821 -281.675352 150.525341
v 104.994472 -273.263550 159.699491
v 113.848213 -264.268431 168.532743
v 122.459145 -254.709199 177.006241
v 130.808885 -244.606257 185.101896
v 138.879610 -233.981172 192.802428
v 146.654093 -222.856625 200.091399
v 154.115738 -211.256362 206.953249
v 161.248617 -199.205146 213.373331
v 168.037503 -186.728701 219.337941
v 174.467906 -173.853661 224.834347
v 180.526098 -160.607507 229.850815
v 186.199148 -147.018517 234.376638
v 191.474946 -133.115697 238.402154
v 196.342230 -118.928724 241.918770
v 200.790610 -104.487884 244.918980
v 204.810590 -89.824000 247.396380
v 208.393590 -74.968376 249.345681
v 211.531961 -59.952723 250.762721
v 214.219003 -44.809092 251.644478
v 216.448982 -29.569812 251.989067
v 218.217136 -14.267410 251.795753
v 7.245142 -331.443299 35.693579
v 17.693572 -329.656184 46.872297
v 28.104447 -327.165375 57.950961
v 38.455543 -323.976190 68.905920
v 48.724764 -320.095438 79.713792
v 58.890189 -315.531401 90.351504
v 68.930119 -310.293822 100.796350
v 78.823123 -304.393882 111.026033
v 88.548082 -297.844175 121.018716
v 98.084238 -290.658681 130.753071
v 107.411234 -282.852740 140.208316
v 116.509160 -274.443014 149.364268
v 125.358596 -265.447455 158.201384
v 133.940652 -255.885265 166.700799
v 142.237009 -245.776855 174.844370
v 150.229955 -235.143803 182.614714
v 157.902431 -224.008807 189.995243
v 165.238057 -212.395636 196.970204
v 172.221175 -200.329080 203.524707
v 178.836879 -187.834896 209.644760
v 185.071046 -174.939754 215.317300
v 190.910369 -161.671182 220.530219
v 196.342384 -148.057502 225.272387
v 201.355494 -134.127774 229.533683
v 205.938998 -119.911734 233.305011
v 210.083114 -105.439727 236.578319
v 213.778994 -90.742646 239.346622
v 217.018749 -75.851863 241.604008
v 219.795463 -60.799164 243.345660
v 222.103210 -45.616682 244.567860
v 223.937063 -30.336826 245.267999
v 225.293107 -14.992212 245.444583
v 6.262297 -333.020856 15.455778
v 16.996234 -331.955442 26.454629
v 27.694104 -330.181427 37.397009
v 38.333071 -327.702598 48.259560
v 48.890424 -324.524246 59.019095
v 59.343628 -320.653156 69.652646
v 69.670369 -316.097592 80.137515
v 79.848604 -310.867277 90.451321
v 89.856604 -304.973377 100.572046
v 99.673008 -298.428473 110.478088
v 109.276861 -291.246535 120.148301
v 118.647662 -283.442895 129.562041
v 127.765408 -275.034210 138.699215
v 136.610637 -266.038429 147.540318
v 145.164465 -256.474756 156.066478
v 153.408636 -246.363606 164.259494
v 161.325550 -235.726561 172.101877
v 168.898307 -224.586327 179.576887
v 176.110743 -212.966686 186.668568
v 182.947462 -200.892441 193.361780
v 189.393870 -188.389365 199.642238
v 195.436206 -175.484148 205.496534
v 201.061573 -162.204339 210.912172
v 206.257961 -148.578283 215.877591
v 211.014279 -134.635069 220.382192
v 215.320374 -120.404458 224.416359
v 219.167054 -105.916830 227.971481
v 222.546108 -91.203108 231.039970
v 225.450322 -76.294702 233.615274
v 227.873498 -61.223435 235.691897
v 229.810462 -46.021479 237.265405
v 231.257080 -30.721284 238.332441
v 15.504920 -333.022241 6.214541
v 26.502321 -331.956867 16.949967
v 37.443363 -330.182888 27.649211
v 48.304690 -327.704093 38.289435
v 59.063119 -324.525771 48.847925
v 69.695684 -320.654708 59.302143
v 80.179687 -316.099168 69.629773
v 90.492751 -310.868873 79.808769
v 100.612859 -304.974990 89.817404
v 110.518411 -298.430099 99.634312
v 120.188260 -291.248171 109.238538
v 129.601766 -283.444537 118.609580
v 138.738833 -275.035855 127.727436
v 147.579959 -266.040074 136.572641
v 156.106270 -256.476397 145.126314
v 164.299566 -246.365238 153.370197
v 172.142357 -235.728182 161.286692
v 179.617902 -224.587935 168.858900
v 186.710243 -212.968275 176.070657
v 193.404241 -200.894009 182.906569
v 199.685607 -188.390908 189.352044
v 205.540932 -175.485663 195.393323
v 210.957718 -162.205822 201.017510
v 215.924401 -148.579732 206.212601
v 220.430379 -134.636480 210.967504
v 224.466035 -120.405829 215.272070
v 228.022752 -105.918157 219.117111
v 231.092940 -91.204389 222.494419
v 233.670044 -76.295934 225.396784
v 235.748564 -61.224616 227.818011
v 237.324061 -46.022605 229.752932
v 238.393174 -30.722354 231.197417
v 35.742810 -331.447572 7.200183
v 46.920229 -329.660565 17.650022
v 57.997705 -327.169856 28.062184
v 68.951591 -323.980762 38.414444
v 79.758504 -320.100090 48.684704
v 90.395377 -315.536124 58.851040
v 100.839502 -310.298606 68.891751
v 111.068586 -304.398716 78.785403
v 121.060794 -297.849049 88.510879
v 130.794796 -290.663585 98.047417
v 140.249813 -282.857664 107.374660
v 149.405662 -274.447946 116.472698
v 158.242800 -265.452385 125.322110
v 166.742362 -255.890182 133.904007
v 174.886205 -245.781750 142.200069
v 182.656944 -235.148665 150.192586
v 190.037993 -224.013625 157.864499
v 197.013595 -212.400400 165.199430
v 203.568860 -200.333780 172.181722
v 209.689795 -187.839521 178.796470
v 215.363334 -174.944296 185.029554
v 220.577366 -161.675630 190.867670
v 225.320761 -148.061846 196.298354
v 229.583395 -134.132006 201.310014
v 233.356166 -119.915845 205.891953
v 236.631024 -105.443707 210.034390
v 239.400975 -90.746487 213.728481
v 241.660109 -75.855557 216.966342
v 243.403602 -60.802704 219.741061
v 244.627732 -45.620059 222.046715
v 245.329888 -30.340033 223.878382
v 245.508569 -14.995242 225.232153
v 56.104173 -328.615589 7.421102
v 67.391116 -326.101046 17.599963
v 78.534418 -322.890400 27.741255
v 89.510291 -318.990503 37.823330
v 100.295307 -314.409680 47.824666
v 110.866444 -309.157711 57.723914
v 121.201135 -303.245805 67.499943
v 131.277321 -296.686582 77.131886
v 141.073492 -289.494045 86.599180
v 150.568737 -281.683546 95.881617
v 159.742788 -273.271757 104.959383
v 168.576061 -264.276636 113.813100
v 177.049701 -254.717383 122.423869
v 185.145619 -244.614403 130.773308
v 192.846534 -233.989263 138.843595
v 200.136007 -222.864643 146.617503
v 206.998478 -211.264290 154.078437
v 213.419298 -199.212968 161.210472
v 219.384761 -186.736399 167.998382
v 224.882133 -173.861219 174.427678
v 229.899679 -160.614909 180.484637
v 234.426688 -147.025747 186.156328
v 238.453498 -133.122740 191.430645
v 241.971511 -118.935565 196.296329
v 244.973220 -104.494507 200.742994
v 247.452216 -89.830393 204.761147
v 249.403207 -74.974524 208.342212
v 250.822028 -59.958613 211.478544
v 251.705652 -44.814712 214.163448
v 252.052192 -29.575149 216.391194
v 251.860908 -14.272454 218.157025
v 76.464574 -324.499978 6.925436
v 87.790840 -321.257046 16.851479
v 98.929919 -317.328351 26.741550
v 109.858032 -312.722278 36.574538
v 120.551854 -307.448659 46.329453
v 130.988555 -301.518753 55.985472
v 141.145858 -294.945217 65.521983
v 151.002081 -287.742083 74.918628
v 160.536185 -279.924727 84.155351
v 169.727817 -271.509836 93.212433
v 178.557357 -262.515374 102.070542
v 187.005958 -252.960539 110.710768
v 195.055584 -242.865728 119.114668
v 202.689052 -232.252489 127.264303
v 209.890069 -221.143478 135.142276
v 216.643262 -209.562408 142.731770
v 222.934216 -197.534000 150.016586
v 228.749503 -185.083932 156.981172
v 234.076708 -172.238778 163.610662
v 238.904460 -159.025959 169.890905
v 243.222454 -145.473679 175.808494
v 247.021472 -131.610867 181.350797
v 250.293406 -117.467115 186.505984
v 253.031269 -103.072614 191.263051
v 255.229219 -88.458092 195.611842
v 256.882564 -73.654745 199.543075
v 257.987773 -58.694172 203.048358
v 258.542489 -43.608310 206.120209
v 258.545526 -28.429360 208.752070
v 257.996879 -13.189724 210.938324
v 96.700806 -319.084239 5.768706
v 107.996981 -315.117234 15.463371
v 119.062836 -310.477571 25.125027
v 129.874750 -305.175154 34.733051
v 140.409644 -299.221303 44.266932
v 150.645029 -292.628725 53.706321
v 160.559056 -285.411495 63.031066
v 170.130563 -277.585018 72.221264
v 179.339119 -269.166000 81.257296
v 188.165065 -260.172414 90.119874
v 196.589564 -250.623456 98.790080
v 204.594630 -240.539512 107.249406
v 212.163177 -229.942105 115.479794
v 219.279048 -218.853857 123.463676
v 225.927054 -207.298439 131.184010
v 232.093003 -195.300516 138.624314
v 237.763734 -182.885699 145.768708
v 242.927141 -170.080489 152.601940
v 247.572204 -156.912221 159.109423
v 251.689005 -143.409004 165.277268
v 255.268759 -129.599663 171.092307
v 258.303822 -115.513674 176.542128
v 260.787716 -101.181107 181.615097
v 262.715140 -86.632557 186.300386
v 264.081978 -71.899078 190.587994
v 264.885313 -57.012121 194.468767
v 265.123431 -42.003465 197.934422
v 264.795822 -26.905147 200.977561
v 116.691836 -312.361943 4.013225
v 127.889778 -307.680423 13.500937
v 138.814938 -302.342120 22.959830
v 149.443992 -296.358430 32.369712
v 159.754253 -289.742126 41.710496
v 169.723712 -282.507330 50.962245
v 179.331087 -274.669486 60.105208
v 188.555871 -266.245326 69.119869
v 197.378373 -257.252832 77.986985
v 205.779758 -247.711198 86.687627
v 213.742094 -237.640794 95.203224
v 221.248384 -227.063116 103.515598
v 228.282605 -216.000742 111.607004
v 234.829741 -204.477288 119.460172
v 240.875817 -192.517351 127.058336
v 246.407926 -180.146462 134.385279
v 251.414260 -167.391027 141.425359
v 255.884132 -154.278275 148.163548
v 259.808001 -140.836196 154.585464
v 263.177489 -127.093484 160.677398
v 265.985406 -113.079476 166.426345
v 268.225757 -98.824085 171.820034
v 269.893759 -84.357742 176.846952
v 270.985852 -69.711326 181.496368
v 271.499706 -54.916102 185.758356
v 271.434222 -40.003654 189.623820
v 270.789541 -25.005812 193.084508
v 136.319737 -304.336893 1.727449
v 147.353048 -298.955695 11.035294
v 158.072029 -292.936338 20.319582
v 168.453799 -286.291671 29.560496
v 178.476196 -279.035879 38.738310
v 188.117826 -271.184449 47.833431
v 197.358109 -262.754141 56.826446
v 206.177320 -253.762952 65.698158
v 214.556632 -244.230074 74.429629
v 222.478159 -234.175855 83.002220
v 229.924992 -223.621759 91.397632
v 236.881235 -212.590313 99.597945
v 243.332038 -201.105067 107.585654
v 249.263632 -189.190537 115.343707
v 254.663354 -176.872155 122.855544
v 259.519679 -164.176218 130.105131
v 263.822239 -151.129825 137.076992
v 267.561852 -137.760827 143.756244
v 270.730532 -124.097761 150.128631
v 273.321518 -110.169793 156.180550
v 275.329278 -96.006653 161.899081
v 276.749527 -81.638575 167.272018
v 277.579231 -67.096229 172.287892
v 277.816622 -52.410658 176.935995
v 277.461191 -37.613209 181.206406
v 276.513697 -22.735470 185.090010
v 274.976164 -7.809200 188.578515
v 166.275063 -288.962439 8.142649
v 176.724819 -282.284836 17.282641
v 186.797547 -275.004662 26.385741
v 196.471746 -267.137455 35.432518
v 205.726764 -258.700009 44.403659
v 214.542845 -249.710335 53.280015
v 222.901172 -240.187623 62.042638
v 230.783901 -230.152200 70.672824
v 238.174206 -219.625489 79.152149
v 245.056311 -208.629958 87.462514
v 251.415527 -197.189081 95.586179
v 257.238277 -185.327279 103.505804
v 262.512134 -173.069872 111.204482
v 267.225838 -160.443026 118.665780
v 271.369329 -147.473694 125.873771
v 274.933761 -134.189560 132.813069
v 277.911525 -120.618982 139.468860
v 280.296266 -106.790928 145.826937
v 282.082892 -92.734915 151.873728
v 283.267591 -78.480947 157.596326
v 283.847832 -64.059452 162.982514
v 283.822377 -49.501214 168.020796
v 283.191281 -34.837309 172.700416
v 281.955892 -20.099040 177.011385
v 280.118845 -5.317866 180.944501
v 184.549397 -277.730302 4.903528
v 194.669739 -270.422412 13.931299
v 204.374747 -262.537271 22.929332
v 213.643705 -254.091711 31.878420
v 222.456827 -245.103760 40.759458
v 230.795300 -235.592604 49.553491
v 238.641325 -225.578546 58.241745
v 245.978153 -215.082963 66.805675
v 252.790124 -204.128257 75.227000
v 259.062695 -192.737814 83.487743
v 264.782477 -180.935947 91.570272
v 269.937262 -168.747850 99.457331
v 274.516044 -156.199539 107.132087
v 278.509051 -143.317801 114.578156
v 281.907758 -130.130132 121.779643
v 284.704912 -116.664685 128.721176
v 286.894540 -102.950201 135.387937
v 288.471968 -89.015958 141.765696
v 289.433831 -74.891699 147.840837
v 289.778074 -60.607574 153.600394
v 289.503962 -46.194074 159.032072
v 288.612081 -31.681967 164.124275
v 287.104334 -17.102232 168.866134
v 284.983940 -2.485989 173.247528
v 202.075718 -265.299056 1.401964
v 211.809712 -257.393863 10.350960
v 221.091784 -248.939231 19.277861
v 229.902121 -239.953207 28.163611
v 238.221917 -230.454972 36.989241
v 246.033411 -220.464801 45.735914
v 253.319930 -210.004021 54.384958
v 260.065918 -199.094961 62.917909
v 266.256977 -187.760907 71.316555
v 271.879889 -176.026054 79.562967
v 276.922653 -163.915451 87.639541
v 281.374504 -151.454950 95.529037
v 285.225939 -138.671148 103.214615
v 288.468737 -125.591336 110.679868
v 291.095975 -112.243434 117.908861
v 293.102045 -98.655933 124.886163
v 294.482666 -84.857839 131.596879
v 295.234889 -70.878605 138.026685
v 295.357110 -56.748072 144.161856
v 294.849067 -42.496403 149.989295
v 293.711845 -28.154020 155.496563
v 291.947871 -13.751538 160.671903
v 228.054865 -243.253731 6.629280
v 236.862599 -234.269832 15.519759
v 245.164933 -224.785855 24.377108
v 252.944146 -214.822043 33.182421
v 260.183630 -204.399667 41.916903
v 266.867933 -193.540974 50.561907
v 272.982787 -182.269143 59.098981
v 278.515137 -170.608236 67.509900
v 283.453175 -158.583144 75.776711
v 287.786360 -146.219536 83.881767
v 291.505442 -133.543804 91.807767
v 294.602483 -120.583005 99.537792
v 297.070870 -107.364807 107.055340
v 298.905336 -93.917426 114.344365
v 300.101963 -80.269566 121.389308
v 300.658199 -66.450360 128.175130
v 300.572855 -52.489307 134.687346
v 299.846114 -38.416210 140.912055
v 298.479527 -24.261108 146.835969
v 296.476011 -10.054218 152.446443
v 243.323181 -228.065948 2.855293
v 251.609308 -218.597534 11.744413
v 259.358557 -208.662496 20.608462
v 266.554386 -198.282041 29.428521
v 273.181434 -187.478328 38.185761
v 279.225555 -176.274419 46.861488
v 284.673848 -164.694229 55.437184
v 289.514681 -152.762480 63.894541
v 293.737723 -140.504639 72.215508
v 297.333957 -127.946873 80.382322
v 300.295708 -115.115989 88.377549
v 302.616654 -102.039375 96.184124
v 304.291839 -88.744945 103.785381
v 305.317688 -75.261078 111.165095
v 305.692012 -61.616556 118.307514
v 305.414010 -47.840506 125.197390
v 304.484278 -33.962334 131.820016
v 302.904799 -20.011666 138.161256
v 300.678944 -6.018280 144.207573
v 265.262750 -201.999503 8.041276
v 272.418396 -191.664395 16.946866
v 278.992743 -180.920156 25.816280
v 284.971758 -169.789720 34.630586
v 290.342679 -158.296847 43.370969
v 295.094040 -146.466068 52.018771
v 299.215699 -134.322640 60.555533
v 302.698857 -121.892482 68.963031
v 305.536080 -109.202130 77.223319
v 307.721311 -96.278672 85.318763
v 309.249886 -83.149695 93.232084
v 310.118541 -69.843225 100.946390
v 310.325422 -56.387665 108.445212
v 309.870088 -42.811739 115.712545
v 308.753510 -29.144425 122.732874
v 306.978073 -15.414899 129.491215
v 277.762956 -184.561067 4.498976
v 284.289271 -173.880666 13.480262
v 290.208948 -162.829096 22.432772
v 295.509351 -151.429946 31.337397
v 300.179165 -139.707550 40.175128
v 304.208422 -127.686930 48.927101
v 307.588521 -115.393747 57.574632
v 310.312247 -102.854241 66.099263
v 312.373786 -90.095179 74.482796
v 313.768736 -77.143798 82.707337
v 314.494122 -64.027744 90.755328
v 314.548393 -50.775014 98.609591
v 313.931435 -37.413899 106.253359
v 312.644563 -23.972919 113.670316
v 310.690526 -10.480766 120.844629
v 289.059544 -166.375108 1.204430
v 294.925778 -155.407624 10.294470
v 300.162670 -144.108403 19.362536
v 304.759039 -132.501565 28.389269
v 308.705075 -120.611885 37.355402
v 311.992355 -108.464744 46.241795
v 314.613861 -96.086071 55.029480
v 316.563997 -83.502291 63.699696
v 317.838601 -70.740264 72.233938
v 318.434952 -57.827233 80.613988
v 318.351776 -44.790763 88.821956
v 317.589252 -31.658681 96.840323
v 316.149007 -18.459019 104.651972
v 314.034115 -5.219955 112.240228
v 304.292556 -136.348080 7.472326
v 308.823742 -124.863724 16.686725
v 312.695919 -113.112832 25.865505
v 315.900820 -101.120486 34.989072
v 318.431604 -88.912285 44.037950
v 320.282869 -76.514290 52.992824
v 321.450663 -63.952965 61.834577
v 321.932494 -51.255125 70.544337
v 321.727332 -38.447874 79.103511
v 320.835617 -25.558551 87.493829
v 319.259250 -12.614671 95.697380
v 312.364468 -116.810574 5.092849
v 316.172306 -105.206015 14.482301
v 319.305448 -93.376881 23.840839
v 321.757205 -81.348422 33.148486
v 323.522344 -69.146314 42.385372
v 324.597098 -56.796605 51.531783
v 324.979171 -44.325656 60.568191
v 324.667749 -31.760089 69.475310
v 323.663495 -19.126726 78.234125
v 321.968555 -6.452534 86.825938
v 319.126707 -96.908564 3.230449
v 322.198864 -85.250705 12.821247
v 324.583461 -73.410867 22.384676
v 326.275406 -61.414325 31.900322
v 327.271089 -49.286686 41.347873
v 327.568383 -37.053839 50.707161
v 327.166655 -24.741895 59.958209
v 326.066762 -12.377137 69.081269
v 324.574801 -76.759562 1.954167
v 326.904248 -65.116817 11.769838
v 328.536090 -53.335073 21.560386
v 329.466844 -41.439478 31.304910
v 329.694522 -29.455426 40.982609
v 329.218639 -17.408497 50.572827
v 328.040211 -5.324407 60.055090
v 328.714539 -56.484239 1.326969
v 330.299499 -44.926060 11.387964
v 331.179605 -33.271980 21.424650
v 331.352981 -21.546877 31.415602
v 330.819255 -9.775779 41.339494
v 331.561812 -36.205502 1.405092
v 332.405664 -24.801885 11.728496
v 332.540167 -13.345325 22.026864
v 331.965035 -1.860278 32.278212
v 333.142363 -16.047542 2.237454
v 333.253510 -4.868538 12.836734
vt -0.000000 -36.671916 0.000000
vt 1.539924 -36.636338 0.000000
vt -0.000000 -3.328291 0.000000
vt 3.076562 -36.529678 0.000000
vt 4.606634 -36.352165 0.000000
vt 6.126875 -36.104178 0.000000
vt 7.634041 -35.786245 0.000000
vt 9.124916 -35.399045 0.000000
vt 10.596318 -34.943404 0.000000
vt 12.045107 -34.420295 0.000000
vt 13.468191 -33.830835 0.000000
vt 14.862533 -33.176280 0.000000
vt 16.225157 -32.458028 0.000000
vt 17.553157 -31.677612 0.000000
vt 18.843697 -30.836697 0.000000
vt 20.094024 -29.937078 0.000000
vt 21.301469 -28.980674 0.000000
vt 22.463455 -27.969527 0.000000
vt 23.577504 -26.905794 0.000000
vt 24.641236 -25.791746 0.000000
vt 25.652384 -24.629759 0.000000
vt 26.608787 -23.422314 0.000000
vt 27.508407 -22.171988 0.000000
vt 28.349322 -20.881448 0.000000
vt 29.129738 -19.553448 0.000000
vt 29.847989 -18.190824 0.000000
vt 30.502544 -16.796481 0.000000
vt 31.092005 -15.373398 0.000000
vt 31.615113 -13.924609 0.000000
vt 32.070754 -12.453207 0.000000
vt 32.457954 -10.962332 0.000000
vt 32.775887 -9.455166 0.000000
vt 33.023874 -7.934924 0.000000
vt 33.201387 -6.404852 0.000000
vt 33.308047 -4.868215 0.000000
vt 33.343625 -3.328291 0.000000
vt -21.591830 18.545100 0.000000
vt -20.515254 17.199031 0.000000
vt -21.068961 18.728782 0.000000
vt -19.414024 18.484488 0.000000
vt -19.528281 18.728782 0.000000
vt -18.290355 19.714663 0.000000
vt -19.528281 20.258533 0.000000
vt -17.987601 20.258533 0.000000
vt -19.528281 21.788284 0.000000
vt -17.987601 21.788284 0.000000
vt -19.528281 23.318035 0.000000
vt -17.987601 23.318035 0.000000
vt -19.528281 24.847785 0.000000
vt -17.987601 24.847785 0.000000
vt -17.987601 26.383820 0.000000
vt -16.446921 26.382438 0.000000
vt -16.446921 27.907287 0.000000
vt -14.906241 27.907287 0.000000
vt -16.446921 29.437038 0.000000
vt -14.906241 29.437038 0.000000
vt -16.446921 30.966789 0.000000
vt -14.906241 30.966789 0.000000
vt -16.446921 32.496540 0.000000
vt -14.906241 32.496540 0.000000
vt -16.446921 34.026291 0.000000
vt -14.906241 34.026291 0.000000
vt -16.446921 35.556042 0.000000
vt -14.906241 35.556042 0.000000
vt -16.446921 37.085793 0.000000
vt -14.906241 37.085793 0.000000
vt -16.446921 38.615544 0.000000
vt -14.906241 38.615544 0.000000
vt -16.446921 40.145295 0.000000
vt -14.906241 40.145295 0.000000
vt -16.446921 41.675046 0.000000
vt -14.906241 41.675046 0.000000
vt -16.446921 43.204797 0.000000
vt -14.906241 43.204797 0.000000
vt -16.446921 44.734548 0.000000
vt -14.906241 44.734548 0.000000
vt -16.446921 46.264299 0.000000
vt -14.906241 46.264299 0.000000
vt -16.446921 47.794050 0.000000
vt -14.906241 47.794050 0.000000
vt -16.446921 49.323801 0.000000
vt -14.906241 49.323801 0.000000
vt -16.446921 50.853552 0.000000
vt -14.906241 50.853552 0.000000
vt -16.446921 52.383303 0.000000
vt -14.906241 52.383303 0.000000
vt -16.446921 53.913054 0.000000
vt -14.906241 53.913054 0.000000
vt -16.446921 55.442805 0.000000
vt -14.906241 55.442805 0.000000
vt -16.446921 56.972556 0.000000
vt -14.906241 56.972556 0.000000
vt -16.446921 58.502307 0.000000
vt -14.906241 58.502307 0.000000
vt -16.446921 60.032058 0.000000
vt -14.906241 60.032058 0.000000
vt -16.446921 61.561809 0.000000
vt -14.906241 61.561809 0.000000
vt -16.446921 63.091560 0.000000
vt -14.906241 63.091560 0.000000
vt -16.446921 64.621311 0.000000
vt -14.906241 64.621311 0.000000
vt -16.446921 66.151062 0.000000
vt -14.906241 66.151062 0.000000
vt -16.446921 67.680813 0.000000
vt -14.906241 67.680813 0.000000
vt -16.446921 69.210564 0.000000
vt -14.906241 69.210564 0.000000
vt -16.446921 70.740315 0.000000
vt -14.906241 70.740315 0.000000
vt -16.446921 72.270066 0.000000
vt -14.906241 72.270066 0.000000
vt -16.446921 73.799817 0.000000
vt -14.906241 73.799817 0.000000
vt -16.446921 75.329568 0.000000
vt -14.906241 75.329568 0.000000
vt -16.446921 76.859319 0.000000
vt -14.906241 76.859319 0.000000
vt -16.446921 78.389070 0.000000
vt -14.906241 78.389070 0.000000
vt -16.446921 79.918821 0.000000
vt -14.906241 79.918821 0.000000
vt -15.990996 81.206528 0.000000
vt -14.813595 80.112212 0.000000
vt -13.622323 79.054293 0.000000
vt -13.365562 78.389070 0.000000
vt -13.365562 76.859319 0.000000
vt -12.418840 78.028772 0.000000
vt -11.824882 76.859319 0.000000
vt -11.204659 77.031903 0.000000
vt -11.824882 75.329568 0.000000
vt -10.284202 75.329568 0.000000
vt -10.284202 73.799817 0.000000
vt -8.749650 75.110287 0.000000
vt -8.743522 73.799817 0.000000
vt -7.511290 74.179118 0.000000
vt -7.202842 73.799817 0.000000
vt -6.267200 73.263706 0.000000
vt -7.202842 72.270066 0.000000
vt -5.662162 72.270066 0.000000
vt -5.662162 70.740315 0.000000
vt -5.018429 72.361224 0.000000
vt -4.121482 70.740315 0.000000
vt -3.765973 71.468954 0.000000
vt -2.510787 70.584266 0.000000
vt -4.121482 69.210564 0.000000
vt -2.580802 69.210564 0.000000
vt -2.580802 67.680813 0.000000
vt -1.040122 67.680813 0.000000
vt -1.040122 66.151062 0.000000
vt 0.500558 66.151062 0.000000
vt 0.500558 64.621311 0.000000
vt 2.041237 64.621311 0.000000
vt 2.041237 63.091560 0.000000
vt 3.581917 63.091560 0.000000
vt 3.581917 61.561809 0.000000
vt 5.122597 61.561809 0.000000
vt 5.122597 60.032058 0.000000
vt 6.663277 60.032058 0.000000
vt 6.663277 58.502307 0.000000
vt 8.203957 58.502307 0.000000
vt 8.203957 56.972556 0.000000
vt 9.744637 56.972556 0.000000
vt 9.744637 55.442805 0.000000
vt 11.285317 55.442805 0.000000
vt 11.285317 53.913054 0.000000
vt 12.825997 53.913054 0.000000
vt 12.825997 52.383303 0.000000
vt 14.366677 52.383303 0.000000
vt 14.366677 50.853552 0.000000
vt 15.907357 50.853552 0.000000
vt 15.907357 49.323801 0.000000
vt 17.448036 49.323801 0.000000
vt 17.159992 47.918578 0.000000
vt 18.303889 49.098586 0.000000
vt -17.146729 20.894735 0.000000
vt -16.446921 21.788284 0.000000
vt -15.985381 22.029577 0.000000
vt -16.446921 23.318035 0.000000
vt -14.906241 23.318035 0.000000
vt -16.446921 24.847785 0.000000
vt -14.906241 24.847785 0.000000
vt -14.906241 26.381056 0.000000
vt -13.365562 26.379675 0.000000
vt -13.365562 27.907287 0.000000
vt -11.824882 27.907287 0.000000
vt -13.365562 29.437038 0.000000
vt -11.824882 29.437038 0.000000
vt -13.365562 30.966789 0.000000
vt -11.824882 30.966789 0.000000
vt -13.365562 32.496540 0.000000
vt -11.824882 32.496540 0.000000
vt -13.365562 34.026291 0.000000
vt -11.824882 34.026291 0.000000
vt -13.365562 35.556042 0.000000
vt -11.824882 35.556042 0.000000
vt -13.365562 37.085793 0.000000
vt -11.824882 37.085793 0.000000
vt -13.365562 38.615544 0.000000
vt -11.824882 38.615544 0.000000
vt -13.365562 40.145295 0.000000
vt -11.824882 40.145295 0.000000
vt -13.365562 41.675046 0.000000
vt -11.824882 41.675046 0.000000
vt -13.365562 43.204797 0.000000
vt -11.824882 43.204797 0.000000
vt -13.365562 44.734548 0.000000
vt -11.824882 44.734548 0.000000
vt -13.365562 46.264299 0.000000
vt -11.824882 46.264299 0.000000
vt -13.365562 47.794050 0.000000
vt -11.824882 47.794050 0.000000
vt -13.365562 49.323801 0.000000
vt -11.824882 49.323801 0.000000
vt -13.365562 50.853552 0.000000
vt -11.824882 50.853552 0.000000
vt -13.365562 52.383303 0.000000
vt -11.824882 52.383303 0.000000
vt -13.365562 53.913054 0.000000
vt -11.824882 53.913054 0.000000
vt -13.365562 55.442805 0.000000
vt -11.824882 55.442805 0.000000
vt -13.365562 56.972556 0.000000
vt -11.824882 56.972556 0.000000
vt -13.365562 58.502307 0.000000
vt -11.824882 58.502307 0.000000
vt -13.365562 60.032058 0.000000
vt -11.824882 60.032058 0.000000
vt -13.365562 61.561809 0.000000
vt -11.824882 61.561809 0.000000
vt -13.365562 63.091560 0.000000
vt -11.824882 63.091560 0.000000
vt -13.365562 64.621311 0.000000
vt -11.824882 64.621311 0.000000
vt -13.365562 66.151062 0.000000
vt -11.824882 66.151062 0.000000
vt -13.365562 67.680813 0.000000
vt -11.824882 67.680813 0.000000
vt -13.365562 69.210564 0.000000
vt -11.824882 69.210564 0.000000
vt -13.365562 70.740315 0.000000
vt -11.824882 70.740315 0.000000
vt -13.365562 72.270066 0.000000
vt -11.824882 72.270066 0.000000
vt -13.365562 73.799817 0.000000
vt -11.824882 73.799817 0.000000
vt -13.365562 75.329568 0.000000
vt -14.808331 23.123760 0.000000
vt -13.617403 24.181556 0.000000
vt -13.365562 24.847785 0.000000
vt -12.414256 25.206965 0.000000
vt -11.824882 26.378293 0.000000
vt -11.200405 26.203725 0.000000
vt -10.284202 27.907287 0.000000
vt -10.284202 29.437038 0.000000
vt -10.284202 30.966789 0.000000
vt -10.284202 32.496540 0.000000
vt -10.284202 34.026291 0.000000
vt -10.284202 35.556042 0.000000
vt -10.284202 37.085793 0.000000
vt -10.284202 38.615544 0.000000
vt -10.284202 40.145295 0.000000
vt -10.284202 41.675046 0.000000
vt -10.284202 43.204797 0.000000
vt -10.284202 44.734548 0.000000
vt -10.284202 46.264299 0.000000
vt -10.284202 47.794050 0.000000
vt -10.284202 49.323801 0.000000
vt -10.284202 50.853552 0.000000
vt -10.284202 52.383303 0.000000
vt -10.284202 53.913054 0.000000
vt -10.284202 55.442805 0.000000
vt -10.284202 56.972556 0.000000
vt -10.284202 58.502307 0.000000
vt -10.284202 60.032058 0.000000
vt -10.284202 61.561809 0.000000
vt -10.284202 63.091560 0.000000
vt -10.284202 64.621311 0.000000
vt -10.284202 66.151062 0.000000
vt -10.284202 67.680813 0.000000
vt -10.284202 69.210564 0.000000
vt -10.284202 70.740315 0.000000
vt -10.284202 72.270066 0.000000
vt -9.977236 27.175346 0.000000
vt -8.746029 28.125127 0.000000
vt -8.743522 29.437038 0.000000
vt -8.743522 30.966789 0.000000
vt -8.743522 32.496540 0.000000
vt -8.743522 34.026291 0.000000
vt -8.743522 35.556042 0.000000
vt -8.743522 37.085793 0.000000
vt -8.743522 38.615544 0.000000
vt -8.743522 40.145295 0.000000
vt -8.743522 41.675046 0.000000
vt -8.743522 43.204797 0.000000
vt -8.743522 44.734548 0.000000
vt -8.743522 46.264299 0.000000
vt -8.743522 47.794050 0.000000
vt -8.743522 49.323801 0.000000
vt -8.743522 50.853552 0.000000
vt -8.743522 52.383303 0.000000
vt -8.743522 53.913054 0.000000
vt -8.743522 55.442805 0.000000
vt -8.743522 56.972556 0.000000
vt -8.743522 58.502307 0.000000
vt -8.743522 60.032058 0.000000
vt -8.743522 61.561809 0.000000
vt -8.743522 63.091560 0.000000
vt -8.743522 64.621311 0.000000
vt -8.743522 66.151062 0.000000
vt -8.743522 67.680813 0.000000
vt -8.743522 69.210564 0.000000
vt -8.743522 70.740315 0.000000
vt -8.743522 72.270066 0.000000
vt -7.507973 29.056187 0.000000
vt -7.202842 29.437038 0.000000
vt -7.202842 30.966789 0.000000
vt -7.202842 32.496540 0.000000
vt -7.202842 34.026291 0.000000
vt -7.202842 35.556042 0.000000
vt -7.202842 37.085793 0.000000
vt -7.202842 38.615544 0.000000
vt -7.202842 40.145295 0.000000
vt -7.202842 41.675046 0.000000
vt -7.202842 43.204797 0.000000
vt -7.202842 44.734548 0.000000
vt -7.202842 46.264299 0.000000
vt -7.202842 47.794050 0.000000
vt -7.202842 49.323801 0.000000
vt -7.202842 50.853552 0.000000
vt -7.202842 52.383303 0.000000
vt -7.202842 53.913054 0.000000
vt -7.202842 55.442805 0.000000
vt -7.202842 56.972556 0.000000
vt -7.202842 58.502307 0.000000
vt -7.202842 60.032058 0.000000
vt -7.202842 61.561809 0.000000
vt -7.202842 63.091560 0.000000
vt -7.202842 64.621311 0.000000
vt -7.202842 66.151062 0.000000
vt -7.202842 67.680813 0.000000
vt -7.202842 69.210564 0.000000
vt -7.202842 70.740315 0.000000
vt -6.264178 29.971485 0.000000
vt -5.662162 30.966789 0.000000
vt -5.015693 30.873848 0.000000
vt -5.662162 32.496540 0.000000
vt -4.121482 32.496540 0.000000
vt -5.662162 34.026291 0.000000
vt -4.121482 34.026291 0.000000
vt -5.662162 35.556042 0.000000
vt -4.121482 35.556042 0.000000
vt -5.662162 37.085793 0.000000
vt -4.121482 37.085793 0.000000
vt -5.662162 38.615544 0.000000
vt -4.121482 38.615544 0.000000
vt -5.662162 40.145295 0.000000
vt -4.121482 40.145295 0.000000
vt -5.662162 41.675046 0.000000
vt -4.121482 41.675046 0.000000
vt -5.662162 43.204797 0.000000
vt -4.121482 43.204797 0.000000
vt -5.662162 44.734548 0.000000
vt -4.121482 44.734548 0.000000
vt -5.662162 46.264299 0.000000
vt -4.121482 46.264299 0.000000
vt -5.662162 47.794050 0.000000
vt -4.121482 47.794050 0.000000
vt -5.662162 49.323801 0.000000
vt -4.121482 49.323801 0.000000
vt -5.662162 50.853552 0.000000
vt -4.121482 50.853552 0.000000
vt -5.662162 52.383303 0.000000
vt -4.121482 52.383303 0.000000
vt -5.662162 53.913054 0.000000
vt -4.121482 53.913054 0.000000
vt -5.662162 55.442805 0.000000
vt -4.121482 55.442805 0.000000
vt -5.662162 56.972556 0.000000
vt -4.121482 56.972556 0.000000
vt -5.662162 58.502307 0.000000
vt -4.121482 58.502307 0.000000
vt -5.662162 60.032058 0.000000
vt -4.121482 60.032058 0.000000
vt -5.662162 61.561809 0.000000
vt -4.121482 61.561809 0.000000
vt -5.662162 63.091560 0.000000
vt -4.121482 63.091560 0.000000
vt -5.662162 64.621311 0.000000
vt -4.121482 64.621311 0.000000
vt -5.662162 66.151062 0.000000
vt -4.121482 66.151062 0.000000
vt -5.662162 67.680813 0.000000
vt -4.121482 67.680813 0.000000
vt -5.662162 69.210564 0.000000
vt -3.763513 31.765990 0.000000
vt -2.508594 32.650541 0.000000
vt -2.580802 34.026291 0.000000
vt -2.580802 35.556042 0.000000
vt -2.580802 37.085793 0.000000
vt -2.580802 38.615544 0.000000
vt -2.580802 40.145295 0.000000
vt -2.580802 41.675046 0.000000
vt -2.580802 43.204797 0.000000
vt -2.580802 44.734548 0.000000
vt -2.580802 46.264299 0.000000
vt -2.580802 47.794050 0.000000
vt -2.580802 49.323801 0.000000
vt -2.580802 50.853552 0.000000
vt -2.580802 52.383303 0.000000
vt -2.580802 53.913054 0.000000
vt -2.580802 55.442805 0.000000
vt -2.580802 56.972556 0.000000
vt -2.580802 58.502307 0.000000
vt -2.580802 60.032058 0.000000
vt -2.580802 61.561809 0.000000
vt -2.580802 63.091560 0.000000
vt -2.580802 64.621311 0.000000
vt -2.580802 66.151062 0.000000
vt -1.251863 33.530064 0.000000
vt -1.040122 34.026291 0.000000
vt -1.040122 35.556042 0.000000
vt -1.040122 37.085793 0.000000
vt -1.040122 38.615544 0.000000
vt -1.040122 40.145295 0.000000
vt -1.040122 41.675046 0.000000
vt -1.040122 43.204797 0.000000
vt -1.040122 44.734548 0.000000
vt -1.040122 46.264299 0.000000
vt -1.040122 47.794050 0.000000
vt -1.040122 49.323801 0.000000
vt -1.040122 50.853552 0.000000
vt -1.040122 52.383303 0.000000
vt -1.040122 53.913054 0.000000
vt -1.040122 55.442805 0.000000
vt -1.040122 56.972556 0.000000
vt -1.040122 58.502307 0.000000
vt -1.040122 60.032058 0.000000
vt -1.040122 61.561809 0.000000
vt -1.040122 63.091560 0.000000
vt -1.040122 64.621311 0.000000
vt 0.005774 34.407082 0.000000
vt 0.500558 35.556042 0.000000
vt 1.263418 35.284095 0.000000
vt 0.500558 37.085793 0.000000
vt 2.041237 37.085793 0.000000
vt 0.500558 38.615544 0.000000
vt 2.041237 38.615544 0.000000
vt 0.500558 40.145295 0.000000
vt 2.041237 40.145295 0.000000
vt 0.500558 41.675046 0.000000
vt 2.041237 41.675046 0.000000
vt 0.500558 43.204797 0.000000
vt 2.041237 43.204797 0.000000
vt 0.500558 44.734548 0.000000
vt 2.041237 44.734548 0.000000
vt 0.500558 46.264299 0.000000
vt 2.041237 46.264299 0.000000
vt 0.500558 47.794050 0.000000
vt 2.041237 47.794050 0.000000
vt 0.500558 49.323801 0.000000
vt 2.041237 49.323801 0.000000
vt 0.500558 50.853552 0.000000
vt 2.041237 50.853552 0.000000
vt 0.500558 52.383303 0.000000
vt 2.041237 52.383303 0.000000
vt 0.500558 53.913054 0.000000
vt 2.041237 53.913054 0.000000
vt 0.500558 55.442805 0.000000
vt 2.041237 55.442805 0.000000
vt 0.500558 56.972556 0.000000
vt 2.041237 56.972556 0.000000
vt 0.500558 58.502307 0.000000
vt 2.041237 58.502307 0.000000
vt 0.500558 60.032058 0.000000
vt 2.041237 60.032058 0.000000
vt 0.500558 61.561809 0.000000
vt 2.041237 61.561809 0.000000
vt 0.500558 63.091560 0.000000
vt 2.520174 36.163602 0.000000
vt 3.581917 37.085793 0.000000
vt 3.581917 38.615544 0.000000
vt 3.581917 40.145295 0.000000
vt 3.581917 41.675046 0.000000
vt 3.581917 43.204797 0.000000
vt 3.581917 44.734548 0.000000
vt 3.581917 46.264299 0.000000
vt 3.581917 47.794050 0.000000
vt 3.581917 49.323801 0.000000
vt 3.581917 50.853552 0.000000
vt 3.581917 52.383303 0.000000
vt 3.581917 53.913054 0.000000
vt 3.581917 55.442805 0.000000
vt 3.581917 56.972556 0.000000
vt 3.581917 58.502307 0.000000
vt 3.581917 60.032058 0.000000
vt 3.775134 37.048124 0.000000
vt 5.027372 37.940227 0.000000
vt 5.122597 38.615544 0.000000
vt 5.122597 40.145295 0.000000
vt 5.122597 41.675046 0.000000
vt 5.122597 43.204797 0.000000
vt 5.122597 44.734548 0.000000
vt 5.122597 46.264299 0.000000
vt 5.122597 47.794050 0.000000
vt 5.122597 49.323801 0.000000
vt 5.122597 50.853552 0.000000
vt 5.122597 52.383303 0.000000
vt 5.122597 53.913054 0.000000
vt 5.122597 55.442805 0.000000
vt 5.122597 56.972556 0.000000
vt 5.122597 58.502307 0.000000
vt 6.275933 38.842540 0.000000
vt 6.663277 40.145295 0.000000
vt 7.519819 39.757778 0.000000
vt 6.663277 41.675046 0.000000
vt 8.203957 41.675046 0.000000
vt 6.663277 43.204797 0.000000
vt 8.203957 43.204797 0.000000
vt 6.663277 44.734548 0.000000
vt 8.203957 44.734548 0.000000
vt 6.663277 46.264299 0.000000
vt 8.203957 46.264299 0.000000
vt 6.663277 47.794050 0.000000
vt 8.203957 47.794050 0.000000
vt 6.663277 49.323801 0.000000
vt 8.203957 49.323801 0.000000
vt 6.663277 50.853552 0.000000
vt 8.203957 50.853552 0.000000
vt 6.663277 52.383303 0.000000
vt 8.203957 52.383303 0.000000
vt 6.663277 53.913054 0.000000
vt 8.203957 53.913054 0.000000
vt 6.663277 55.442805 0.000000
vt 8.203957 55.442805 0.000000
vt 6.663277 56.972556 0.000000
vt 8.757986 40.688770 0.000000
vt 9.744637 41.675046 0.000000
vt 9.744637 43.204797 0.000000
vt 9.744637 44.734548 0.000000
vt 9.744637 46.264299 0.000000
vt 9.744637 47.794050 0.000000
vt 9.744637 49.323801 0.000000
vt 9.744637 50.853552 0.000000
vt 9.744637 52.383303 0.000000
vt 9.744637 53.913054 0.000000
vt 9.989320 41.638476 0.000000
vt 11.212636 42.610014 0.000000
vt 11.285317 43.204797 0.000000
vt 11.285317 44.734548 0.000000
vt 11.285317 46.264299 0.000000
vt 11.285317 47.794050 0.000000
vt 11.285317 49.323801 0.000000
vt 11.285317 50.853552 0.000000
vt 11.285317 52.383303 0.000000
vt 12.426654 43.606688 0.000000
vt 12.825997 44.734548 0.000000
vt 13.629985 44.632007 0.000000
vt 12.825997 46.264299 0.000000
vt 14.366677 46.264299 0.000000
vt 12.825997 47.794050 0.000000
vt 14.366677 47.794050 0.000000
vt 12.825997 49.323801 0.000000
vt 14.366677 49.323801 0.000000
vt 12.825997 50.853552 0.000000
vt 14.821119 45.689715 0.000000
vt 15.998397 46.783812 0.000000
vt 15.907357 47.794050 0.000000
vt 19.427851 50.328717 0.000000
vt 18.988716 50.853552 0.000000
vt 17.448036 50.853552 0.000000
vt 20.529396 51.614158 0.000000
vt 18.988716 52.383303 0.000000
vt 17.448036 52.383303 0.000000
vt 18.304052 54.130939 0.000000
vt 17.448036 53.913054 0.000000
vt 17.160185 55.311491 0.000000
vt 15.907357 53.913054 0.000000
vt 15.907357 55.442805 0.000000
vt 14.366677 55.442805 0.000000
vt 15.998589 56.446762 0.000000
vt 14.366677 56.972556 0.000000
vt 14.821283 57.541327 0.000000
vt 13.630096 58.599469 0.000000
vt 19.427951 52.900224 0.000000
vt 12.426687 59.625188 0.000000
vt 12.825997 58.502307 0.000000
vt 12.825997 56.972556 0.000000
vt 11.212571 60.622232 0.000000
vt 11.285317 60.032058 0.000000
vt 11.285317 58.502307 0.000000
vt 9.744637 60.032058 0.000000
vt 9.989137 61.594111 0.000000
vt 9.744637 61.561809 0.000000
vt 8.757666 62.544131 0.000000
vt 8.203957 61.561809 0.000000
vt 7.519347 63.475412 0.000000
vt 6.663277 61.561809 0.000000
vt 6.663277 63.091560 0.000000
vt 5.122597 63.091560 0.000000
vt 6.275291 64.390917 0.000000
vt 5.122597 64.621311 0.000000
vt 5.026547 65.293474 0.000000
vt 3.581917 64.621311 0.000000
vt 3.774111 66.185802 0.000000
vt 3.581917 66.151062 0.000000
vt 2.518941 67.070531 0.000000
vt 2.041237 66.151062 0.000000
vt 1.261962 67.950228 0.000000
vt 0.500558 67.680813 0.000000
vt 0.004082 68.827415 0.000000
vt -1.040122 69.210564 0.000000
vt -1.253800 69.704594 0.000000
vt -9.981169 76.060176 0.000000
vt -16.446921 81.448572 0.000000
vt -17.152701 82.341520 0.000000
vt -17.987601 81.448572 0.000000
vt -17.987601 82.978323 0.000000
vt -19.528281 82.978323 0.000000
vt -18.296689 83.521763 0.000000
vt -19.528281 84.508074 0.000000
vt -19.420726 84.752136 0.000000
vt -20.522326 86.037825 0.000000
vt -21.068961 84.508074 0.000000
vt -21.598728 84.691343 0.000000
vt -21.068961 82.978323 0.000000
vt -22.646863 83.278336 0.000000
vt -22.609641 82.978323 0.000000
vt -23.663318 81.792885 0.000000
vt -22.609641 81.448572 0.000000
vt -22.609641 79.918821 0.000000
vt -21.068961 79.918821 0.000000
vt -21.068961 78.389070 0.000000
vt -19.528281 78.389070 0.000000
vt -19.528281 76.859319 0.000000
vt -17.987601 76.859319 0.000000
vt -17.987601 75.329568 0.000000
vt -24.150321 79.918821 0.000000
vt -24.644314 80.228983 0.000000
vt -25.585677 78.580695 0.000000
vt -26.482820 76.842372 0.000000
vt -25.691001 76.859319 0.000000
vt -24.150321 78.389070 0.000000
vt -22.609641 78.389070 0.000000
vt -25.691001 75.329568 0.000000
vt -27.330750 75.008941 0.000000
vt -25.691001 73.799817 0.000000
vt -27.231681 73.799817 0.000000
vt -25.691001 72.270066 0.000000
vt -27.231681 72.270066 0.000000
vt -25.691001 70.740315 0.000000
vt -27.231681 70.740315 0.000000
vt -25.691001 69.210564 0.000000
vt -27.231681 69.210564 0.000000
vt -25.691001 67.680813 0.000000
vt -27.231681 67.680813 0.000000
vt -25.691001 66.151062 0.000000
vt -27.231681 66.151062 0.000000
vt -25.691001 64.621311 0.000000
vt -27.231681 64.621311 0.000000
vt -25.691001 63.091560 0.000000
vt -27.231681 63.091560 0.000000
vt -25.691001 61.561809 0.000000
vt -27.231681 61.561809 0.000000
vt -25.691001 60.032058 0.000000
vt -27.231681 60.032058 0.000000
vt -25.691001 58.502307 0.000000
vt -27.231681 58.502307 0.000000
vt -25.691001 56.972556 0.000000
vt -27.231681 56.972556 0.000000
vt -25.691001 55.442805 0.000000
vt -27.231681 55.442805 0.000000
vt -25.691001 53.913054 0.000000
vt -27.231681 53.913054 0.000000
vt -25.691001 52.383303 0.000000
vt -27.231681 52.383303 0.000000
vt -25.691001 50.853552 0.000000
vt -27.231681 50.853552 0.000000
vt -25.691001 49.323801 0.000000
vt -27.231681 49.323801 0.000000
vt -25.691001 47.794050 0.000000
vt -27.231681 47.794050 0.000000
vt -25.691001 46.264299 0.000000
vt -27.231681 46.264299 0.000000
vt -25.691001 44.734548 0.000000
vt -27.231681 44.734548 0.000000
vt -25.691001 43.204797 0.000000
vt -27.231681 43.204797 0.000000
vt -25.691001 41.675046 0.000000
vt -27.231681 41.675046 0.000000
vt -25.691001 40.145295 0.000000
vt -27.231681 40.145295 0.000000
vt -25.691001 38.615544 0.000000
vt -27.231681 38.615544 0.000000
vt -25.691001 37.085793 0.000000
vt -27.231681 37.085793 0.000000
vt -25.691001 35.556042 0.000000
vt -27.231681 35.556042 0.000000
vt -25.691001 34.026291 0.000000
vt -27.231681 34.026291 0.000000
vt -25.691001 32.496540 0.000000
vt -27.231681 32.496540 0.000000
vt -25.691001 30.966789 0.000000
vt -27.231681 30.966789 0.000000
vt -25.691001 29.437038 0.000000
vt -27.231681 29.437038 0.000000
vt -27.325417 28.224233 0.000000
vt -28.119118 30.156245 0.000000
vt -28.772361 32.496540 0.000000
vt -28.772361 34.026291 0.000000
vt -28.772361 35.556042 0.000000
vt -28.772361 37.085793 0.000000
vt -28.772361 38.615544 0.000000
vt -28.772361 40.145295 0.000000
vt -28.772361 41.675046 0.000000
vt -28.772361 43.204797 0.000000
vt -28.772361 44.734548 0.000000
vt -28.772361 46.264299 0.000000
vt -28.772361 47.794050 0.000000
vt -28.772361 49.323801 0.000000
vt -28.772361 50.853552 0.000000
vt -28.772361 52.383303 0.000000
vt -28.772361 53.913054 0.000000
vt -28.772361 55.442805 0.000000
vt -28.772361 56.972556 0.000000
vt -28.772361 58.502307 0.000000
vt -28.772361 60.032058 0.000000
vt -28.772361 61.561809 0.000000
vt -28.772361 63.091560 0.000000
vt -28.772361 64.621311 0.000000
vt -28.772361 66.151062 0.000000
vt -28.772361 67.680813 0.000000
vt -28.772361 69.210564 0.000000
vt -28.772361 70.740315 0.000000
vt -28.857073 71.041642 0.000000
vt -28.124079 73.076275 0.000000
vt -29.523742 68.904224 0.000000
vt -30.117955 66.665667 0.000000
vt -30.313040 64.621311 0.000000
vt -30.633628 64.330612 0.000000
vt -30.313040 63.091560 0.000000
vt -31.064931 61.907123 0.000000
vt -30.313040 61.561809 0.000000
vt -30.313040 60.032058 0.000000
vt -31.406556 59.406916 0.000000
vt -30.313040 58.502307 0.000000
vt -31.653986 56.845302 0.000000
vt -30.313040 56.972556 0.000000
vt -30.313040 55.442805 0.000000
vt -31.803765 54.240762 0.000000
vt -30.313040 53.913054 0.000000
vt -30.313040 52.383303 0.000000
vt -31.853720 51.614159 0.000000
vt -30.313040 50.853552 0.000000
vt -31.803113 48.987629 0.000000
vt -30.313040 49.323801 0.000000
vt -30.313040 47.794050 0.000000
vt -31.652692 46.383303 0.000000
vt -30.313040 46.264299 0.000000
vt -30.313040 44.734548 0.000000
vt -31.404638 43.822031 0.000000
vt -30.313040 43.204797 0.000000
vt -31.062415 41.322276 0.000000
vt -30.313040 41.675046 0.000000
vt -30.313040 40.145295 0.000000
vt -30.630547 38.899327 0.000000
vt -30.313040 38.615544 0.000000
vt -30.114346 36.564876 0.000000
vt -29.519642 34.326964 0.000000
vt -28.852523 32.190211 0.000000
vt -25.691001 27.907287 0.000000
vt -26.477151 26.391434 0.000000
vt -25.691001 26.390729 0.000000
vt -25.579704 24.653713 0.000000
vt -24.150321 24.847785 0.000000
vt -24.150321 23.318035 0.000000
vt -22.609641 23.318035 0.000000
vt -22.609641 21.788284 0.000000
vt -21.068961 21.788284 0.000000
vt -21.068961 20.258533 0.000000
vt -24.638070 23.005991 0.000000
vt -23.656831 21.442618 0.000000
vt -22.609641 20.258533 0.000000
vt -22.640158 19.957656 0.000000
vt -21.068961 23.318035 0.000000
vt -21.068961 24.847785 0.000000
vt -19.528281 26.385202 0.000000
vt -17.987601 27.907287 0.000000
vt -17.987601 29.437038 0.000000
vt -17.987601 30.966789 0.000000
vt -17.987601 32.496540 0.000000
vt -17.987601 34.026291 0.000000
vt -17.987601 35.556042 0.000000
vt -17.987601 37.085793 0.000000
vt -17.987601 38.615544 0.000000
vt -17.987601 40.145295 0.000000
vt -17.987601 41.675046 0.000000
vt -17.987601 43.204797 0.000000
vt -17.987601 44.734548 0.000000
vt -17.987601 46.264299 0.000000
vt -17.987601 47.794050 0.000000
vt -17.987601 49.323801 0.000000
vt -17.987601 50.853552 0.000000
vt -17.987601 52.383303 0.000000
vt -17.987601 53.913054 0.000000
vt -17.987601 55.442805 0.000000
vt -17.987601 56.972556 0.000000
vt -17.987601 58.502307 0.000000
vt -17.987601 60.032058 0.000000
vt -17.987601 61.561809 0.000000
vt -17.987601 63.091560 0.000000
vt -17.987601 64.621311 0.000000
vt -17.987601 66.151062 0.000000
vt -17.987601 67.680813 0.000000
vt -17.987601 69.210564 0.000000
vt -17.987601 70.740315 0.000000
vt -17.987601 72.270066 0.000000
vt -17.987601 73.799817 0.000000
vt -22.609641 24.847785 0.000000
vt -22.609641 26.387965 0.000000
vt -24.150321 26.389347 0.000000
vt -22.609641 27.907287 0.000000
vt -24.150321 27.907287 0.000000
vt -24.150321 29.437038 0.000000
vt -21.068961 26.386584 0.000000
vt -19.528281 27.907287 0.000000
vt -19.528281 29.437038 0.000000
vt -19.528281 30.966789 0.000000
vt -19.528281 32.496540 0.000000
vt -19.528281 34.026291 0.000000
vt -19.528281 35.556042 0.000000
vt -19.528281 37.085793 0.000000
vt -19.528281 38.615544 0.000000
vt -19.528281 40.145295 0.000000
vt -19.528281 41.675046 0.000000
vt -19.528281 43.204797 0.000000
vt -19.528281 44.734548 0.000000
vt -19.528281 46.264299 0.000000
vt -19.528281 47.794050 0.000000
vt -19.528281 49.323801 0.000000
vt -19.528281 50.853552 0.000000
vt -19.528281 52.383303 0.000000
vt -19.528281 53.913054 0.000000
vt -19.528281 55.442805 0.000000
vt -19.528281 56.972556 0.000000
vt -19.528281 58.502307 0.000000
vt -19.528281 60.032058 0.000000
vt -19.528281 61.561809 0.000000
vt -19.528281 63.091560 0.000000
vt -19.528281 64.621311 0.000000
vt -19.528281 66.151062 0.000000
vt -19.528281 67.680813 0.000000
vt -19.528281 69.210564 0.000000
vt -19.528281 70.740315 0.000000
vt -19.528281 72.270066 0.000000
vt -19.528281 73.799817 0.000000
vt -19.528281 75.329568 0.000000
vt -21.068961 27.907287 0.000000
vt -22.609641 29.437038 0.000000
vt -24.150321 30.966789 0.000000
vt -21.068961 29.437038 0.000000
vt -21.068961 30.966789 0.000000
vt -21.068961 32.496540 0.000000
vt -21.068961 34.026291 0.000000
vt -21.068961 35.556042 0.000000
vt -21.068961 37.085793 0.000000
vt -21.068961 38.615544 0.000000
vt -21.068961 40.145295 0.000000
vt -21.068961 41.675046 0.000000
vt -21.068961 43.204797 0.000000
vt -21.068961 44.734548 0.000000
vt -21.068961 46.264299 0.000000
vt -21.068961 47.794050 0.000000
vt -21.068961 49.323801 0.000000
vt -21.068961 50.853552 0.000000
vt -21.068961 52.383303 0.000000
vt -21.068961 53.913054 0.000000
vt -21.068961 55.442805 0.000000
vt -21.068961 56.972556 0.000000
vt -21.068961 58.502307 0.000000
vt -21.068961 60.032058 0.000000
vt -21.068961 61.561809 0.000000
vt -21.068961 63.091560 0.000000
vt -21.068961 64.621311 0.000000
vt -21.068961 66.151062 0.000000
vt -21.068961 67.680813 0.000000
vt -21.068961 69.210564 0.000000
vt -21.068961 70.740315 0.000000
vt -21.068961 72.270066 0.000000
vt -21.068961 73.799817 0.000000
vt -21.068961 75.329568 0.000000
vt -21.068961 76.859319 0.000000
vt -22.609641 30.966789 0.000000
vt -24.150321 32.496540 0.000000
vt -22.609641 32.496540 0.000000
vt -22.609641 34.026291 0.000000
vt -22.609641 35.556042 0.000000
vt -22.609641 37.085793 0.000000
vt -22.609641 38.615544 0.000000
vt -22.609641 40.145295 0.000000
vt -22.609641 41.675046 0.000000
vt -22.609641 43.204797 0.000000
vt -22.609641 44.734548 0.000000
vt -22.609641 46.264299 0.000000
vt -22.609641 47.794050 0.000000
vt -22.609641 49.323801 0.000000
vt -22.609641 50.853552 0.000000
vt -22.609641 52.383303 0.000000
vt -22.609641 53.913054 0.000000
vt -22.609641 55.442805 0.000000
vt -22.609641 56.972556 0.000000
vt -22.609641 58.502307 0.000000
vt -22.609641 60.032058 0.000000
vt -22.609641 61.561809 0.000000
vt -22.609641 63.091560 0.000000
vt -22.609641 64.621311 0.000000
vt -22.609641 66.151062 0.000000
vt -22.609641 67.680813 0.000000
vt -22.609641 69.210564 0.000000
vt -22.609641 70.740315 0.000000
vt -22.609641 72.270066 0.000000
vt -22.609641 73.799817 0.000000
vt -22.609641 75.329568 0.000000
vt -22.609641 76.859319 0.000000
vt -24.150321 34.026291 0.000000
vt -24.150321 35.556042 0.000000
vt -24.150321 37.085793 0.000000
vt -24.150321 38.615544 0.000000
vt -24.150321 40.145295 0.000000
vt -24.150321 41.675046 0.000000
vt -24.150321 43.204797 0.000000
vt -24.150321 44.734548 0.000000
vt -24.150321 46.264299 0.000000
vt -24.150321 47.794050 0.000000
vt -24.150321 49.323801 0.000000
vt -24.150321 50.853552 0.000000
vt -24.150321 52.383303 0.000000
vt -24.150321 53.913054 0.000000
vt -24.150321 55.442805 0.000000
vt -24.150321 56.972556 0.000000
vt -24.150321 58.502307 0.000000
vt -24.150321 60.032058 0.000000
vt -24.150321 61.561809 0.000000
vt -24.150321 63.091560 0.000000
vt -24.150321 64.621311 0.000000
vt -24.150321 66.151062 0.000000
vt -24.150321 67.680813 0.000000
vt -24.150321 69.210564 0.000000
vt -24.150321 70.740315 0.000000
vt -24.150321 72.270066 0.000000
vt -24.150321 73.799817 0.000000
vt -24.150321 75.329568 0.000000
vt -24.150321 76.859319 0.000000
vt 15.907357 52.383303 0.000000
vt 14.366677 53.913054 0.000000
vt 12.825997 55.442805 0.000000
vt 11.285317 56.972556 0.000000
vt 9.744637 58.502307 0.000000
vt 8.203957 60.032058 0.000000
vt -17.987601 78.389070 0.000000
vt -17.987601 79.918821 0.000000
vt -19.528281 79.918821 0.000000
vt -21.068961 81.448572 0.000000
vt -19.528281 81.448572 0.000000
vt 0.010000 -36.671916 0.000000
vt 0.010000 -3.328291 0.000000
vt -1.530228 -36.636786 0.000000
vt -3.067190 -36.530547 0.000000
vt -4.597604 -36.353425 0.000000
vt -6.118202 -36.105799 0.000000
vt -7.625739 -35.788198 0.000000
vt -9.116995 -35.401299 0.000000
vt -10.588789 -34.945928 0.000000
vt -12.037976 -34.423058 0.000000
vt -13.461465 -33.833805 0.000000
vt -14.856214 -33.179427 0.000000
vt -16.219248 -32.461321 0.000000
vt -17.547656 -31.681019 0.000000
vt -18.838602 -30.840189 0.000000
vt -20.089330 -29.940624 0.000000
vt -21.297170 -28.984245 0.000000
vt -22.459543 -27.973095 0.000000
vt -23.573969 -26.909331 0.000000
vt -24.638067 -25.795224 0.000000
vt -25.649566 -24.633154 0.000000
vt -26.606307 -23.425601 0.000000
vt -27.506247 -22.175143 0.000000
vt -28.347465 -20.884449 0.000000
vt -29.128165 -19.556275 0.000000
vt -29.846680 -18.193457 0.000000
vt -30.501476 -16.798904 0.000000
vt -31.091156 -15.375592 0.000000
vt -31.614461 -13.926561 0.000000
vt -32.070272 -12.454905 0.000000
vt -32.457619 -10.963764 0.000000
vt -32.775672 -9.456323 0.000000
vt -33.023754 -7.935799 0.000000
vt -33.201335 -6.405438 0.000000
vt -33.308035 -4.868509 0.000000
vt -33.343627 -3.328291 0.000000
vt 33.343625 -0.010000 0.000000
vt 33.308495 1.530228 0.000000
vt 0.000000 -0.010000 0.000000
vt 33.202256 3.067190 0.000000
vt 33.025134 4.597604 0.000000
vt 32.777508 6.118202 0.000000
vt 32.459907 7.625739 0.000000
vt 32.073008 9.116995 0.000000
vt 31.617638 10.588789 0.000000
vt 31.094768 12.037976 0.000000
vt 30.505515 13.461465 0.000000
vt 29.851137 14.856214 0.000000
vt 29.133030 16.219248 0.000000
vt 28.352729 17.547656 0.000000
vt 27.511898 18.838602 0.000000
vt 26.612333 20.089330 0.000000
vt 25.655955 21.297170 0.000000
vt 24.644804 22.459543 0.000000
vt 23.581040 23.573969 0.000000
vt 22.466934 24.638067 0.000000
vt 21.304863 25.649566 0.000000
vt 20.097310 26.606307 0.000000
vt 18.846852 27.506247 0.000000
vt 17.556158 28.347465 0.000000
vt 16.227985 29.128165 0.000000
vt 14.865166 29.846680 0.000000
vt 13.470613 30.501476 0.000000
vt 12.047301 31.091156 0.000000
vt 10.598271 31.614461 0.000000
vt 9.126614 32.070272 0.000000
vt 7.635473 32.457619 0.000000
vt 6.128032 32.775672 0.000000
vt 4.607508 33.023754 0.000000
vt 3.077147 33.201335 0.000000
vt 1.540218 33.308035 0.000000
vt 0.000000 33.343627 0.000000
vn -0.100000 0.000000 0.000000
vn -0.100000 0.000000 0.000000
vn -0.100000 0.000000 0.000000
vn -0.100000 0.000000 0.000000
vn -0.100000 0.000000 0.000000
vn -0.100000 0.000000 0.000000
vn -0.100000 0.000000 0.000000
vn -0.100000 0.000000 0.000000
vn -0.100000 0.000000 0.000000
vn -0.100000 0.000000 0.000000
vn -0.100000 0.000000 0.000000
vn -0.100000 0.000000 0.000000
vn -0.100000 0.000000 0.000000
vn -0.100000 0.000000 0.000000
vn -0.100000 0.000000 0.000000
vn -0.100000 0.000000 0.000000
vn -0.100000 0.000000 0.000000
vn -0.100000 0.000000 0.000000
vn -0.100000 0.000000 0.000000
vn -0.100000 0.000000 0.000000
vn -0.100000 0.000000 0.000000
vn -0.100000 0.000000 0.000000
vn -0.100000 0.000000 0.000000
vn -0.100000 0.000000 0.000000
vn -0.100000 0.000000 0.000000
vn -0.100000 0.000000 0.000000
vn -0.100000 0.000000 0.000000
vn -0.100000 0.000000 0.000000
vn -0.100000 0.000000 0.000000
vn -0.100000 0.000000 0.000000
vn -0.100000 0.000000 0.000000
vn -0.100000 0.000000 0.000000
vn -0.100000 0.000000 0.000000
vn -0.100000 0.000000 0.000000
vn -0.100000 0.000000 0.000000
vn -0.100000 0.000000 0.000000
vn 0.004589 -0.000000 0.099895
vn -0.000030 0.000000 0.100000
vn 0.003835 -0.001446 0.099916
vn -0.000030 -0.004618 0.099893
vn 0.000655 -0.004798 0.099883
vn -0.000030 -0.009227 0.099573
vn 0.003501 -0.007424 0.099663
vn 0.000405 -0.010843 0.099410
vn 0.006409 -0.009965 0.099296
vn 0.003398 -0.013459 0.099032
vn 0.009372 -0.012415 0.098783
vn 0.006449 -0.015982 0.098504
vn 0.012384 -0.014769 0.098125
vn 0.009550 -0.018405 0.097827
vn 0.012707 -0.020734 0.096998
vn 0.009934 -0.024391 0.096470
vn 0.013189 -0.026653 0.095476
vn 0.010475 -0.030314 0.094717
vn 0.016485 -0.028805 0.094332
vn 0.013849 -0.032517 0.093546
vn 0.019805 -0.030836 0.093043
vn 0.017248 -0.034596 0.092226
vn 0.023141 -0.032740 0.091611
vn 0.020663 -0.036546 0.090760
vn 0.026486 -0.034515 0.090040
vn 0.024088 -0.038362 0.089152
vn 0.029833 -0.036155 0.088333
vn 0.027515 -0.040042 0.087405
vn 0.033175 -0.037658 0.086495
vn 0.030936 -0.041580 0.085522
vn 0.036504 -0.039020 0.084528
vn 0.034344 -0.042975 0.083509
vn 0.039813 -0.040238 0.082437
vn 0.037732 -0.044222 0.081368
vn 0.043095 -0.041310 0.080226
vn 0.041092 -0.045319 0.079105
vn 0.046343 -0.042233 0.077902
vn 0.044417 -0.046264 0.076725
vn 0.049550 -0.043006 0.075467
vn 0.047700 -0.047055 0.074233
vn 0.052709 -0.043626 0.072929
vn 0.050934 -0.047690 0.071634
vn 0.055813 -0.044092 0.070291
vn 0.054111 -0.048167 0.068934
vn 0.058855 -0.044404 0.067561
vn 0.057225 -0.048486 0.066139
vn 0.061828 -0.044560 0.064743
vn 0.060270 -0.048646 0.063254
vn 0.064727 -0.044560 0.061845
vn 0.063238 -0.048647 0.060287
vn 0.067545 -0.044405 0.058871
vn 0.066123 -0.048488 0.057243
vn 0.070276 -0.044094 0.055830
vn 0.068919 -0.048170 0.054129
vn 0.072914 -0.043629 0.052726
vn 0.071619 -0.047693 0.050952
vn 0.075453 -0.043009 0.049568
vn 0.074219 -0.047059 0.047718
vn 0.077888 -0.042238 0.046361
vn 0.076712 -0.046269 0.044435
vn 0.080214 -0.041315 0.043114
vn 0.079092 -0.045325 0.041110
vn 0.082425 -0.040244 0.039832
vn 0.081356 -0.044228 0.037750
vn 0.084516 -0.039027 0.036523
vn 0.083497 -0.042982 0.034363
vn 0.086484 -0.037666 0.033194
vn 0.085511 -0.041589 0.030955
vn 0.088323 -0.036164 0.029852
vn 0.087395 -0.040051 0.027534
vn 0.090031 -0.034524 0.026505
vn 0.089143 -0.038372 0.024107
vn 0.091603 -0.032751 0.023160
vn 0.090752 -0.036556 0.020683
vn 0.093035 -0.030847 0.019824
vn 0.092218 -0.034607 0.017267
vn 0.094325 -0.028817 0.016504
vn 0.093539 -0.032529 0.013868
vn 0.095470 -0.026665 0.013207
vn 0.094711 -0.030327 0.010493
vn 0.096467 -0.024397 0.009941
vn 0.095732 -0.028004 0.007150
vn 0.097315 -0.022016 0.006713
vn 0.096600 -0.025567 0.003845
vn 0.098011 -0.019529 0.003530
vn 0.097312 -0.023021 0.000586
vn 0.098297 -0.018378 0.000000
vn 0.097343 -0.022899 0.000000
vn 0.096181 -0.027371 0.000000
vn 0.095678 -0.029064 0.000969
vn 0.094792 -0.031552 0.004343
vn 0.094814 -0.031785 -0.000000
vn 0.093650 -0.035032 0.001527
vn 0.093245 -0.036131 0.000000
vn 0.092589 -0.037448 0.005004
vn 0.091230 -0.040892 0.002241
vn 0.089991 -0.043219 0.005807
vn 0.089512 -0.044582 0.000000
vn 0.088420 -0.046608 0.003087
vn 0.087358 -0.048669 0.000000
vn 0.086661 -0.049897 0.000361
vn 0.085016 -0.052652 0.000000
vn 0.085230 -0.052148 0.004043
vn 0.083273 -0.055351 0.001349
vn 0.081670 -0.057482 0.005082
vn 0.082493 -0.056523 0.000000
vn 0.079524 -0.060581 0.002412
vn 0.079794 -0.060273 -0.000000
vn 0.076925 -0.063895 0.000000
vn 0.077754 -0.062579 0.006181
vn 0.075429 -0.065559 0.003522
vn 0.073497 -0.067415 0.007311
vn 0.071007 -0.070259 0.004654
vn 0.068919 -0.071964 0.008446
vn 0.066277 -0.074659 0.005782
vn 0.064043 -0.076204 0.009561
vn 0.061264 -0.078737 0.006877
vn 0.058893 -0.080116 0.010626
vn 0.055992 -0.082476 0.007913
vn 0.053496 -0.083685 0.011618
vn 0.050491 -0.085861 0.008865
vn 0.047881 -0.086896 0.012509
vn 0.044789 -0.088880 0.009708
vn 0.042080 -0.089739 0.013276
vn 0.038920 -0.091524 0.010417
vn 0.036124 -0.092206 0.013895
vn 0.032917 -0.093788 0.010969
vn 0.030049 -0.094294 0.014343
vn 0.026815 -0.095668 0.011343
vn 0.023890 -0.096000 0.014601
vn 0.020649 -0.097164 0.011521
vn 0.017683 -0.097328 0.014650
vn 0.014457 -0.098281 0.011483
vn 0.011466 -0.098280 0.014473
vn 0.008276 -0.099024 0.011216
vn 0.005276 -0.098866 0.014057
vn 0.002143 -0.099402 0.010705
vn -0.000030 -0.099041 0.013816
vn -0.000030 -0.099573 0.009227
vn -0.000030 -0.013816 0.099041
vn 0.000381 -0.016925 0.098557
vn -0.000030 -0.018375 0.098297
vn 0.003512 -0.019515 0.098014
vn 0.000568 -0.023006 0.097316
vn 0.006695 -0.022003 0.097319
vn 0.003827 -0.025553 0.096604
vn 0.007139 -0.027997 0.095735
vn 0.004329 -0.031542 0.094796
vn 0.007738 -0.033910 0.093756
vn 0.004985 -0.037434 0.092595
vn 0.011184 -0.036160 0.092560
vn 0.008494 -0.039726 0.091377
vn 0.014654 -0.038283 0.091212
vn 0.012029 -0.041888 0.090004
vn 0.018142 -0.040274 0.089716
vn 0.015581 -0.043915 0.088480
vn 0.021638 -0.042128 0.088074
vn 0.019143 -0.045804 0.086807
vn 0.025137 -0.043843 0.086290
vn 0.022706 -0.047551 0.084990
vn 0.028630 -0.045414 0.084367
vn 0.026264 -0.049151 0.083032
vn 0.032110 -0.046838 0.082311
vn 0.029808 -0.050601 0.080938
vn 0.035570 -0.048111 0.080126
vn 0.033331 -0.051898 0.078712
vn 0.039000 -0.049232 0.077815
vn 0.036826 -0.053039 0.076359
vn 0.042396 -0.050197 0.075385
vn 0.040284 -0.054022 0.073884
vn 0.045748 -0.051004 0.072840
vn 0.043698 -0.054845 0.071292
vn 0.049050 -0.051653 0.070186
vn 0.047061 -0.055505 0.068589
vn 0.052294 -0.052140 0.067429
vn 0.050366 -0.056001 0.065781
vn 0.055474 -0.052466 0.064575
vn 0.053605 -0.056333 0.062874
vn 0.058583 -0.052629 0.061630
vn 0.056771 -0.056499 0.059874
vn 0.061613 -0.052629 0.058600
vn 0.059857 -0.056500 0.056788
vn 0.064559 -0.052467 0.055492
vn 0.062858 -0.056334 0.053622
vn 0.067414 -0.052142 0.052312
vn 0.065765 -0.056004 0.050384
vn 0.070171 -0.051656 0.049068
vn 0.068574 -0.055508 0.047080
vn 0.072826 -0.051008 0.045766
vn 0.071277 -0.054849 0.043717
vn 0.075371 -0.050202 0.042415
vn 0.073870 -0.054027 0.040303
vn 0.077802 -0.049238 0.039019
vn 0.076345 -0.053045 0.036845
vn 0.080113 -0.048118 0.035589
vn 0.078699 -0.051905 0.033351
vn 0.082299 -0.046845 0.032130
vn 0.080926 -0.050609 0.029828
vn 0.084356 -0.045422 0.028650
vn 0.083021 -0.049159 0.026284
vn 0.086279 -0.043852 0.025157
vn 0.084980 -0.047560 0.022726
vn 0.088064 -0.042138 0.021658
vn 0.086798 -0.045815 0.019162
vn 0.089707 -0.040284 0.018161
vn 0.088471 -0.043926 0.015601
vn 0.091204 -0.038294 0.014674
vn 0.089996 -0.041899 0.012049
vn 0.092553 -0.036172 0.011203
vn 0.091369 -0.039738 0.008514
vn 0.093750 -0.033923 0.007757
vn -0.000030 -0.022895 0.097344
vn -0.000030 -0.027366 0.096183
vn 0.000950 -0.029049 0.095683
vn -0.000030 -0.031779 0.094816
vn 0.001510 -0.035020 0.093655
vn -0.000030 -0.036124 0.093247
vn 0.002221 -0.040878 0.091236
vn 0.005787 -0.043207 0.089998
vn 0.009378 -0.045403 0.088604
vn 0.012987 -0.047463 0.087055
vn 0.016606 -0.049383 0.085356
vn 0.020227 -0.051157 0.083509
vn 0.023841 -0.052783 0.081520
vn 0.027443 -0.054256 0.079392
vn 0.031022 -0.055574 0.077131
vn 0.034573 -0.056734 0.074740
vn 0.038086 -0.057732 0.072225
vn 0.041555 -0.058568 0.069591
vn 0.044972 -0.059239 0.066845
vn 0.048330 -0.059743 0.063992
vn 0.051620 -0.060080 0.061039
vn 0.054837 -0.060249 0.057991
vn 0.057973 -0.060250 0.054855
vn 0.061022 -0.060082 0.051639
vn 0.063976 -0.059745 0.048348
vn 0.066830 -0.059242 0.044991
vn 0.069576 -0.058572 0.041574
vn 0.072210 -0.057737 0.038106
vn 0.074726 -0.056740 0.034592
vn 0.077118 -0.055581 0.031042
vn 0.079380 -0.054264 0.027463
vn 0.081509 -0.052792 0.023862
vn 0.083499 -0.051167 0.020247
vn 0.085346 -0.049393 0.016626
vn 0.087046 -0.047474 0.013007
vn 0.088595 -0.045415 0.009398
vn -0.000030 -0.040392 0.091479
vn -0.000030 -0.044574 0.089516
vn 0.003067 -0.046595 0.088428
vn 0.006707 -0.048822 0.087014
vn 0.010366 -0.050910 0.085444
vn 0.014034 -0.052856 0.083722
vn 0.017704 -0.054654 0.081850
vn 0.021368 -0.056302 0.079834
vn 0.025018 -0.057796 0.077677
vn 0.028647 -0.059131 0.075385
vn 0.032246 -0.060307 0.072961
vn 0.035807 -0.061319 0.070412
vn 0.039324 -0.062166 0.067742
vn 0.042787 -0.062846 0.064959
vn 0.046190 -0.063357 0.062067
vn 0.049526 -0.063699 0.059073
vn 0.052787 -0.063870 0.055983
vn 0.055966 -0.063871 0.052805
vn 0.059056 -0.063700 0.049545
vn 0.062050 -0.063360 0.046209
vn 0.064943 -0.062849 0.042806
vn 0.067727 -0.062170 0.039343
vn 0.070397 -0.061324 0.035827
vn 0.072947 -0.060313 0.032266
vn 0.075371 -0.059138 0.028667
vn 0.077665 -0.057803 0.025039
vn 0.079822 -0.056311 0.021388
vn 0.081840 -0.054664 0.017724
vn 0.083712 -0.052866 0.014054
vn 0.085435 -0.050921 0.010386
vn 0.087006 -0.048834 0.006728
vn -0.000030 -0.048660 0.087362
vn 0.000341 -0.049884 0.086669
vn 0.004022 -0.052136 0.085239
vn 0.007722 -0.054248 0.083651
vn 0.011431 -0.056216 0.081909
vn 0.015143 -0.058035 0.080017
vn 0.018849 -0.059701 0.077977
vn 0.022541 -0.061212 0.075796
vn 0.026210 -0.062563 0.073478
vn 0.029850 -0.063751 0.071026
vn 0.033452 -0.064775 0.068448
vn 0.037008 -0.065632 0.065749
vn 0.040511 -0.066319 0.062934
vn 0.043953 -0.066836 0.060009
vn 0.047326 -0.067182 0.056981
vn 0.050624 -0.067355 0.053856
vn 0.053839 -0.067356 0.050642
vn 0.056964 -0.067183 0.047345
vn 0.059992 -0.066839 0.043972
vn 0.062918 -0.066323 0.040530
vn 0.065733 -0.065636 0.037028
vn 0.068434 -0.064780 0.033472
vn 0.071012 -0.063757 0.029870
vn 0.073464 -0.062570 0.026231
vn 0.075784 -0.061220 0.022561
vn 0.077966 -0.059710 0.018870
vn 0.080006 -0.058044 0.015164
vn 0.081899 -0.056226 0.011452
vn 0.083642 -0.054259 0.007742
vn -0.000030 -0.052643 0.085022
vn 0.001328 -0.055339 0.083282
vn -0.000030 -0.056514 0.082500
vn 0.005062 -0.057470 0.081680
vn 0.002391 -0.060570 0.079534
vn 0.008805 -0.059456 0.079922
vn 0.006160 -0.062569 0.077764
vn 0.012550 -0.061291 0.078012
vn 0.009931 -0.064417 0.075841
vn 0.016290 -0.062973 0.075954
vn 0.013696 -0.066110 0.073769
vn 0.020015 -0.064497 0.073753
vn 0.017446 -0.067645 0.071553
vn 0.023718 -0.065860 0.071414
vn 0.021175 -0.069017 0.069197
vn 0.027390 -0.067060 0.068940
vn 0.024872 -0.070225 0.066707
vn 0.031025 -0.068093 0.066339
vn 0.028532 -0.071265 0.064088
vn 0.034613 -0.068957 0.063615
vn 0.032145 -0.072135 0.061345
vn 0.038148 -0.069651 0.060774
vn 0.035704 -0.072834 0.058485
vn 0.041621 -0.070173 0.057823
vn 0.039201 -0.073359 0.055513
vn 0.045025 -0.070521 0.054768
vn 0.042628 -0.073710 0.052437
vn 0.048353 -0.070696 0.051615
vn 0.045978 -0.073886 0.049263
vn 0.051597 -0.070697 0.048371
vn 0.049245 -0.073887 0.045997
vn 0.054750 -0.070523 0.045044
vn 0.052420 -0.073712 0.042647
vn 0.057806 -0.070175 0.041640
vn 0.055497 -0.073362 0.039220
vn 0.060758 -0.069654 0.038168
vn 0.058469 -0.072837 0.035723
vn 0.063599 -0.068961 0.034633
vn 0.061329 -0.072140 0.032165
vn 0.066324 -0.068098 0.031045
vn 0.064073 -0.071270 0.028552
vn 0.068926 -0.067066 0.027411
vn 0.066693 -0.070231 0.024893
vn 0.071400 -0.065867 0.023738
vn 0.069184 -0.069024 0.021195
vn 0.073741 -0.064505 0.020036
vn 0.071540 -0.067653 0.017467
vn 0.075943 -0.062982 0.016310
vn 0.073757 -0.066119 0.013717
vn 0.078001 -0.061301 0.012571
vn 0.075830 -0.064427 0.009952
vn 0.079912 -0.059466 0.008826
vn -0.000030 -0.060263 0.079802
vn -0.000030 -0.063885 0.076933
vn 0.003501 -0.065548 0.075440
vn 0.007290 -0.067405 0.073508
vn 0.011072 -0.069106 0.071427
vn 0.014840 -0.070648 0.069200
vn 0.018586 -0.072027 0.066833
vn 0.022301 -0.073240 0.064331
vn 0.025978 -0.074285 0.061700
vn 0.029608 -0.075159 0.058944
vn 0.033183 -0.075861 0.056071
vn 0.036696 -0.076389 0.053085
vn 0.040140 -0.076742 0.049995
vn 0.043506 -0.076919 0.046805
vn 0.046787 -0.076919 0.043524
vn 0.049977 -0.076743 0.040159
vn 0.053069 -0.076392 0.036716
vn 0.056054 -0.075865 0.033203
vn 0.058929 -0.075164 0.029628
vn 0.061685 -0.074290 0.025998
vn 0.064317 -0.073246 0.022322
vn 0.066820 -0.072034 0.018607
vn 0.069187 -0.070656 0.014861
vn 0.071415 -0.069115 0.011093
vn -0.000030 -0.067370 0.073901
vn 0.000835 -0.068388 0.072955
vn 0.004633 -0.070249 0.071018
vn 0.008425 -0.071955 0.068931
vn 0.012203 -0.073500 0.066699
vn 0.015958 -0.074883 0.064327
vn 0.019683 -0.076099 0.061818
vn 0.023368 -0.077147 0.059180
vn 0.027007 -0.078023 0.056418
vn 0.030592 -0.078727 0.053537
vn 0.034114 -0.079256 0.050544
vn 0.037566 -0.079610 0.047446
vn 0.040941 -0.079787 0.044248
vn 0.044230 -0.079787 0.040959
vn 0.047428 -0.079611 0.037585
vn 0.050527 -0.079259 0.034133
vn 0.053521 -0.078730 0.030612
vn 0.056402 -0.078028 0.027028
vn 0.059165 -0.077152 0.023389
vn 0.061804 -0.076105 0.019703
vn 0.064313 -0.074890 0.015979
vn 0.066686 -0.073508 0.012224
vn -0.000030 -0.070711 0.070711
vn 0.001967 -0.072944 0.068377
vn -0.000030 -0.073901 0.067370
vn 0.005760 -0.074650 0.066289
vn 0.003083 -0.077185 0.063505
vn 0.009540 -0.076196 0.064056
vn 0.006856 -0.078729 0.061276
vn 0.013296 -0.077579 0.061683
vn 0.010606 -0.080109 0.058907
vn 0.017022 -0.078796 0.059174
vn 0.014325 -0.081324 0.056402
vn 0.020709 -0.079844 0.056534
vn 0.018006 -0.082370 0.053768
vn 0.024349 -0.080720 0.053771
vn 0.021640 -0.083245 0.051009
vn 0.027935 -0.081424 0.050889
vn 0.025219 -0.083948 0.048132
vn 0.031459 -0.081954 0.047895
vn 0.028736 -0.084477 0.045144
vn 0.034912 -0.082307 0.044795
vn 0.032183 -0.084830 0.042050
vn 0.038288 -0.082485 0.041597
vn 0.035553 -0.085007 0.038857
vn 0.041579 -0.082485 0.038306
vn 0.038839 -0.085007 0.035572
vn 0.044778 -0.082309 0.034931
vn 0.042032 -0.084831 0.032202
vn 0.047878 -0.081956 0.031478
vn 0.045127 -0.084479 0.028756
vn 0.050873 -0.081428 0.027955
vn 0.048116 -0.083951 0.025239
vn 0.053755 -0.080725 0.024370
vn 0.050993 -0.083250 0.021660
vn 0.056519 -0.079849 0.020730
vn 0.053753 -0.082375 0.018026
vn 0.059159 -0.078802 0.017043
vn 0.056388 -0.081330 0.014346
vn 0.061669 -0.077586 0.013317
vn -0.000030 -0.076933 0.063885
vn 0.000399 -0.079556 0.060586
vn 0.004157 -0.081094 0.058366
vn 0.007893 -0.082469 0.056006
vn 0.011597 -0.083679 0.053511
vn 0.015264 -0.084721 0.050886
vn 0.018883 -0.085593 0.048139
vn 0.022449 -0.086293 0.045273
vn 0.025952 -0.086819 0.042296
vn 0.029386 -0.087171 0.039214
vn 0.032743 -0.087347 0.036033
vn 0.036015 -0.087347 0.032761
vn 0.039196 -0.087172 0.029405
vn 0.042279 -0.086821 0.025972
vn 0.045257 -0.086296 0.022469
vn 0.048123 -0.085597 0.018903
vn 0.050871 -0.084726 0.015284
vn -0.000030 -0.079802 0.060263
vn -0.000030 -0.082500 0.056514
vn 0.001450 -0.083285 0.055330
vn 0.005163 -0.084652 0.052985
vn 0.008845 -0.085855 0.050505
vn 0.012489 -0.086890 0.047896
vn 0.016087 -0.087757 0.045165
vn 0.019631 -0.088453 0.042317
vn 0.023113 -0.088976 0.039358
vn 0.026526 -0.089326 0.036294
vn 0.029863 -0.089501 0.033133
vn 0.033115 -0.089501 0.029881
vn 0.036277 -0.089327 0.026545
vn 0.039341 -0.088978 0.023132
vn 0.042301 -0.088456 0.019651
vn 0.045150 -0.087762 0.016107
vn -0.000030 -0.085022 0.052643
vn 0.002422 -0.086655 0.049850
vn -0.000030 -0.087362 0.048660
vn 0.006074 -0.087848 0.047391
vn 0.003290 -0.089653 0.044176
vn 0.009688 -0.088875 0.044804
vn 0.006866 -0.090669 0.041616
vn 0.013256 -0.089734 0.042095
vn 0.010397 -0.091520 0.038936
vn 0.016771 -0.090424 0.039271
vn 0.013875 -0.092203 0.036140
vn 0.020225 -0.090943 0.036336
vn 0.017293 -0.092716 0.033236
vn 0.023610 -0.091290 0.033298
vn 0.020643 -0.093059 0.030230
vn 0.026919 -0.091464 0.030162
vn 0.023917 -0.093231 0.027127
vn 0.030145 -0.091464 0.026937
vn 0.027109 -0.093232 0.023935
vn 0.033280 -0.091291 0.023628
vn 0.030213 -0.093061 0.020661
vn 0.036319 -0.090946 0.020244
vn 0.033220 -0.092719 0.017312
vn 0.039254 -0.090428 0.016790
vn -0.000030 -0.089516 0.044574
vn 0.000498 -0.091267 0.040867
vn 0.004029 -0.092270 0.038340
vn 0.007516 -0.093110 0.035693
vn 0.010950 -0.093784 0.032933
vn 0.014324 -0.094291 0.030066
vn 0.017632 -0.094630 0.027097
vn 0.020865 -0.094800 0.024034
vn 0.024016 -0.094800 0.020882
vn 0.027080 -0.094632 0.017650
vn -0.000030 -0.091479 0.040392
vn -0.000030 -0.093247 0.036124
vn 0.001184 -0.093675 0.034981
vn 0.004619 -0.094502 0.032374
vn 0.008001 -0.095166 0.029655
vn 0.011325 -0.095665 0.026831
vn 0.014583 -0.095999 0.023907
vn 0.017768 -0.096166 0.020889
vn 0.020872 -0.096167 0.017785
vn -0.000030 -0.094816 0.031779
vn 0.001711 -0.095692 0.028986
vn -0.000030 -0.096183 0.027366
vn 0.005035 -0.096344 0.026314
vn 0.002059 -0.097317 0.022917
vn 0.008302 -0.096835 0.023539
vn 0.005261 -0.097798 0.020197
vn 0.011503 -0.097163 0.020665
vn 0.008399 -0.098119 0.017380
vn 0.014633 -0.097327 0.017700
vn -0.000030 -0.097344 0.022895
vn -0.000030 -0.098297 0.018375
vn 0.002208 -0.098552 0.016811
vn -0.000030 -0.099893 0.004618
vn 0.001848 -0.099875 0.004635
vn 0.005067 -0.099556 0.007934
vn -0.000030 -0.100000 0.000000
vn 0.004620 -0.099876 0.001864
vn 0.007918 -0.099556 0.005083
vn 0.009199 -0.099576 0.000000
vn 0.010690 -0.099404 0.002159
vn 0.013789 -0.099045 -0.000000
vn 0.014042 -0.098868 0.005293
vn 0.016796 -0.098554 0.002226
vn 0.020181 -0.097800 0.005278
vn 0.018349 -0.098302 0.000000
vn 0.022902 -0.097320 0.002077
vn 0.022870 -0.097350 0.000000
vn 0.027343 -0.096189 -0.000000
vn 0.004589 -0.099895 -0.000000
vn 0.031757 -0.094824 0.000000
vn 0.028971 -0.095696 0.001730
vn 0.026299 -0.096347 0.005054
vn 0.036103 -0.093256 0.000000
vn 0.034967 -0.093680 0.001204
vn 0.032359 -0.094506 0.004638
vn 0.038325 -0.092276 0.004049
vn 0.040372 -0.091488 -0.000000
vn 0.040853 -0.091273 0.000518
vn 0.044555 -0.089526 0.000000
vn 0.044162 -0.089659 0.003310
vn 0.048643 -0.087372 0.000000
vn 0.047377 -0.087854 0.006094
vn 0.049837 -0.086662 0.002442
vn 0.052971 -0.084659 0.005183
vn 0.052627 -0.085032 0.000000
vn 0.055318 -0.083293 0.001471
vn 0.056498 -0.082510 0.000000
vn 0.058353 -0.081102 0.004178
vn 0.060249 -0.079812 -0.000000
vn 0.060574 -0.079565 0.000420
vn 0.063872 -0.076944 0.000000
vn 0.063493 -0.077194 0.003104
vn 0.067358 -0.073912 0.000000
vn 0.068365 -0.072954 0.001988
vn 0.070700 -0.070721 0.000000
vn 0.072944 -0.068399 0.000856
vn 0.073891 -0.067380 0.000000
vn 0.091476 -0.040399 -0.000000
vn 0.098554 -0.016940 0.000398
vn 0.099041 -0.013818 0.000000
vn 0.099029 -0.013474 0.003415
vn 0.099408 -0.010858 0.000421
vn 0.099661 -0.007438 0.003517
vn 0.099573 -0.009229 0.000000
vn 0.099882 -0.004813 0.000671
vn 0.099893 -0.004619 0.000000
vn 0.100000 0.000000 -0.000000
vn 0.099915 -0.001460 0.003850
vn 0.099893 0.000000 0.004619
vn 0.099701 -0.004002 0.006606
vn 0.099573 0.000000 0.009229
vn 0.099529 -0.000558 0.009680
vn 0.099041 0.000000 0.013818
vn 0.099185 -0.002932 0.012398
vn 0.098705 -0.005221 0.015167
vn 0.098848 -0.008834 0.012291
vn 0.098210 -0.011113 0.015207
vn 0.098121 -0.014781 0.012401
vn 0.097319 -0.017034 0.015455
vn 0.096997 -0.020737 0.012712
vn 0.096025 -0.022947 0.015893
vn 0.098352 -0.001597 0.018011
vn 0.098297 -0.000000 0.018378
vn 0.097343 0.000000 0.022899
vn 0.096181 -0.000000 0.027371
vn 0.096531 -0.001935 0.026040
vn 0.097760 -0.003712 0.020718
vn 0.098090 -0.007420 0.017982
vn 0.095718 -0.003783 0.028700
vn 0.094814 -0.000000 0.031785
vn 0.094785 -0.005536 0.031386
vn 0.094151 -0.001566 0.033662
vn 0.093734 -0.007190 0.034091
vn 0.093148 -0.003143 0.036242
vn 0.092567 -0.008741 0.036808
vn 0.092035 -0.004623 0.038835
vn 0.091287 -0.010186 0.039534
vn 0.090813 -0.006002 0.041436
vn 0.089896 -0.011521 0.042261
vn 0.089486 -0.007276 0.044037
vn 0.088397 -0.012745 0.044983
vn 0.088056 -0.008444 0.046635
vn 0.086794 -0.013854 0.047695
vn 0.086527 -0.009502 0.049222
vn 0.085090 -0.014846 0.050391
vn 0.084901 -0.010448 0.051794
vn 0.083289 -0.015718 0.053064
vn 0.083183 -0.011280 0.054345
vn 0.081395 -0.016470 0.055710
vn 0.081375 -0.011997 0.056870
vn 0.079411 -0.017098 0.058323
vn 0.079482 -0.012597 0.059362
vn 0.077342 -0.017603 0.060896
vn 0.077509 -0.013078 0.061817
vn 0.075193 -0.017982 0.063424
vn 0.075458 -0.013440 0.064229
vn 0.072969 -0.018235 0.065902
vn 0.073336 -0.013682 0.066593
vn 0.070673 -0.018362 0.068324
vn 0.071145 -0.013803 0.068905
vn 0.068311 -0.018361 0.070686
vn 0.068892 -0.013802 0.071158
vn 0.065888 -0.018234 0.072981
vn 0.066580 -0.013681 0.073348
vn 0.063410 -0.017980 0.075206
vn 0.064216 -0.013439 0.075470
vn 0.060881 -0.017600 0.077354
vn 0.061803 -0.013076 0.077520
vn 0.058308 -0.017095 0.079422
vn 0.059348 -0.012594 0.079493
vn 0.055696 -0.016466 0.081406
vn 0.056856 -0.011994 0.081385
vn 0.053050 -0.015714 0.083300
vn 0.054331 -0.011276 0.083193
vn 0.050376 -0.014841 0.085100
vn 0.051780 -0.010443 0.084910
vn 0.047680 -0.013848 0.086804
vn 0.049208 -0.009496 0.086536
vn 0.044968 -0.012738 0.088406
vn 0.046620 -0.008437 0.088065
vn 0.042245 -0.011514 0.089904
vn 0.044023 -0.007269 0.089494
vn 0.039519 -0.010178 0.091295
vn 0.041421 -0.005994 0.090821
vn 0.036793 -0.008732 0.092574
vn 0.038821 -0.004615 0.092042
vn 0.034075 -0.007181 0.093741
vn 0.036228 -0.003135 0.093154
vn 0.031371 -0.005526 0.094791
vn 0.033647 -0.001556 0.094156
vn 0.031757 0.000000 0.094824
vn 0.036103 0.000000 0.093256
vn 0.040766 -0.000488 0.091312
vn 0.043235 -0.001798 0.090153
vn 0.045706 -0.003009 0.088893
vn 0.048173 -0.004118 0.087535
vn 0.050631 -0.005124 0.086083
vn 0.053073 -0.006023 0.084540
vn 0.055496 -0.006814 0.082908
vn 0.057894 -0.007496 0.081192
vn 0.060262 -0.008066 0.079394
vn 0.062593 -0.008524 0.077520
vn 0.064885 -0.008868 0.075573
vn 0.067130 -0.009098 0.073558
vn 0.069326 -0.009214 0.071478
vn 0.071466 -0.009214 0.069338
vn 0.073546 -0.009099 0.067143
vn 0.075562 -0.008870 0.064897
vn 0.077510 -0.008526 0.062606
vn 0.079384 -0.008069 0.060275
vn 0.081182 -0.007499 0.057907
vn 0.082899 -0.006819 0.055510
vn 0.084531 -0.006028 0.053087
vn 0.086075 -0.005129 0.050644
vn 0.087527 -0.004124 0.048187
vn 0.088885 -0.003015 0.045720
vn 0.090146 -0.001805 0.043249
vn 0.091306 -0.000496 0.040779
vn 0.091476 0.000000 0.040399
vn 0.093245 0.000000 0.036131
vn 0.089512 0.000000 0.044582
vn 0.087358 0.000000 0.048669
vn 0.085439 -0.000746 0.051958
vn 0.085016 0.000000 0.052652
vn 0.083980 -0.001595 0.054267
vn 0.082493 0.000000 0.056523
vn 0.082437 -0.002342 0.056556
vn 0.080815 -0.002985 0.058822
vn 0.079794 0.000000 0.060273
vn 0.079117 -0.003524 0.061059
vn 0.076925 0.000000 0.063895
vn 0.077345 -0.003956 0.063262
vn 0.075505 -0.004280 0.065427
vn 0.073891 0.000000 0.067380
vn 0.073600 -0.004497 0.067549
vn 0.071634 -0.004606 0.069623
vn 0.070700 0.000000 0.070721
vn 0.069612 -0.004605 0.071645
vn 0.067358 0.000000 0.073912
vn 0.067537 -0.004496 0.073611
vn 0.065415 -0.004279 0.075515
vn 0.063872 0.000000 0.076944
vn 0.063250 -0.003954 0.077355
vn 0.061046 -0.003521 0.079126
vn 0.060249 0.000000 0.079812
vn 0.058809 -0.002982 0.080824
vn 0.056498 0.000000 0.082510
vn 0.056543 -0.002338 0.082446
vn 0.054254 -0.001590 0.083988
vn 0.052627 0.000000 0.085032
vn 0.051945 -0.000741 0.085447
vn 0.048643 0.000000 0.087372
vn 0.044555 0.000000 0.089526
vn 0.040372 0.000000 0.091488
vn 0.028685 -0.003773 0.095723
vn 0.027343 0.000000 0.096189
vn 0.026048 -0.001941 0.096528
vn 0.022870 0.000000 0.097350
vn 0.020703 -0.003700 0.097764
vn 0.017996 -0.001585 0.098355
vn 0.015152 -0.005208 0.098708
vn 0.012383 -0.002919 0.099187
vn 0.009406 -0.006449 0.099348
vn 0.006590 -0.003988 0.099703
vn 0.018349 -0.000000 0.098302
vn 0.013789 0.000000 0.099045
vn 0.009665 -0.000544 0.099530
vn 0.009199 0.000000 0.099576
vn 0.012275 -0.008821 0.098851
vn 0.015191 -0.011100 0.098214
vn 0.015453 -0.017032 0.097320
vn 0.015875 -0.022935 0.096031
vn 0.019086 -0.025032 0.094917
vn 0.022320 -0.027010 0.093661
vn 0.025570 -0.028865 0.092266
vn 0.028828 -0.030593 0.090736
vn 0.032089 -0.032191 0.089073
vn 0.035344 -0.033655 0.087282
vn 0.038586 -0.034982 0.085366
vn 0.041810 -0.036168 0.083329
vn 0.045007 -0.037212 0.081176
vn 0.048171 -0.038112 0.078912
vn 0.051295 -0.038864 0.076541
vn 0.054371 -0.039468 0.074068
vn 0.057395 -0.039922 0.071499
vn 0.060358 -0.040226 0.068839
vn 0.063255 -0.040378 0.066094
vn 0.066079 -0.040378 0.063271
vn 0.068824 -0.040227 0.060374
vn 0.071484 -0.039924 0.057411
vn 0.074054 -0.039471 0.054388
vn 0.076527 -0.038868 0.051312
vn 0.078899 -0.038116 0.048188
vn 0.081164 -0.037218 0.045025
vn 0.083318 -0.036175 0.041828
vn 0.085355 -0.034989 0.038604
vn 0.087272 -0.033663 0.035362
vn 0.089064 -0.032199 0.032107
vn 0.090727 -0.030602 0.028846
vn 0.092258 -0.028875 0.025588
vn 0.093653 -0.027020 0.022338
vn 0.094910 -0.025043 0.019104
vn 0.017966 -0.007408 0.098094
vn 0.020840 -0.009528 0.097339
vn 0.023469 -0.005740 0.097037
vn 0.023708 -0.011520 0.096464
vn 0.026224 -0.007655 0.096196
vn 0.029027 -0.009485 0.095223
vn 0.018166 -0.013294 0.097433
vn 0.018527 -0.019168 0.096381
vn 0.021646 -0.021204 0.095299
vn 0.024787 -0.023126 0.094079
vn 0.027943 -0.024927 0.092724
vn 0.031108 -0.026606 0.091238
vn 0.034275 -0.028158 0.089623
vn 0.037437 -0.029580 0.087884
vn 0.040586 -0.030869 0.086023
vn 0.043717 -0.032021 0.084044
vn 0.046822 -0.033035 0.081953
vn 0.049895 -0.033909 0.079754
vn 0.052929 -0.034640 0.077450
vn 0.055918 -0.035226 0.075049
vn 0.058854 -0.035668 0.072553
vn 0.061733 -0.035962 0.069970
vn 0.064546 -0.036110 0.067304
vn 0.067289 -0.036111 0.064562
vn 0.069955 -0.035964 0.061749
vn 0.072539 -0.035670 0.058871
vn 0.075035 -0.035229 0.055935
vn 0.077437 -0.034643 0.052946
vn 0.079741 -0.033913 0.049912
vn 0.081941 -0.033041 0.046840
vn 0.084033 -0.032027 0.043735
vn 0.086012 -0.030876 0.040604
vn 0.087873 -0.029588 0.037454
vn 0.089614 -0.028167 0.034293
vn 0.091229 -0.026615 0.031126
vn 0.092716 -0.024937 0.027961
vn 0.094072 -0.023136 0.024805
vn 0.095292 -0.021216 0.021663
vn 0.096375 -0.019180 0.018545
vn 0.021140 -0.015360 0.096525
vn 0.026622 -0.013423 0.095452
vn 0.031850 -0.011211 0.094127
vn 0.024160 -0.017332 0.095477
vn 0.027201 -0.019192 0.094296
vn 0.030257 -0.020937 0.092985
vn 0.033322 -0.022563 0.091545
vn 0.036388 -0.024065 0.089982
vn 0.039450 -0.025442 0.088297
vn 0.042500 -0.026690 0.086495
vn 0.045531 -0.027806 0.084580
vn 0.048538 -0.028788 0.082555
vn 0.051514 -0.029634 0.080425
vn 0.054451 -0.030341 0.078195
vn 0.057345 -0.030909 0.075869
vn 0.060189 -0.031337 0.073453
vn 0.062975 -0.031622 0.070952
vn 0.065700 -0.031765 0.068370
vn 0.068356 -0.031766 0.065715
vn 0.070937 -0.031623 0.062991
vn 0.073439 -0.031339 0.060204
vn 0.075856 -0.030912 0.057361
vn 0.078182 -0.030345 0.054468
vn 0.080413 -0.029638 0.051530
vn 0.082543 -0.028793 0.048555
vn 0.084569 -0.027812 0.045548
vn 0.086485 -0.026697 0.042517
vn 0.088288 -0.025449 0.039467
vn 0.089973 -0.024073 0.036406
vn 0.091537 -0.022571 0.033339
vn 0.092977 -0.020946 0.030275
vn 0.094289 -0.019202 0.027218
vn 0.095471 -0.017343 0.024177
vn 0.096520 -0.015372 0.021157
vn 0.097434 -0.013294 0.018165
vn 0.029557 -0.015218 0.094312
vn 0.034687 -0.012831 0.092909
vn 0.032507 -0.016902 0.093046
vn 0.035465 -0.018471 0.091657
vn 0.038424 -0.019921 0.090148
vn 0.041379 -0.021250 0.088523
vn 0.044322 -0.022454 0.086783
vn 0.047248 -0.023531 0.084935
vn 0.050150 -0.024479 0.082980
vn 0.053022 -0.025295 0.080925
vn 0.055857 -0.025978 0.078772
vn 0.058650 -0.026527 0.076528
vn 0.061394 -0.026939 0.074196
vn 0.064084 -0.027214 0.071782
vn 0.066713 -0.027352 0.069291
vn 0.069276 -0.027353 0.066728
vn 0.071768 -0.027216 0.064099
vn 0.074183 -0.026941 0.061409
vn 0.076515 -0.026529 0.058665
vn 0.078760 -0.025982 0.055873
vn 0.080913 -0.025300 0.053038
vn 0.082969 -0.024484 0.050166
vn 0.084924 -0.023537 0.047264
vn 0.086773 -0.022461 0.044339
vn 0.088513 -0.021257 0.041395
vn 0.090140 -0.019929 0.038441
vn 0.091649 -0.018479 0.035481
vn 0.093039 -0.016911 0.032524
vn 0.094305 -0.015228 0.029574
vn 0.095446 -0.013433 0.026638
vn 0.096458 -0.011531 0.023724
vn 0.097340 -0.009525 0.020836
vn 0.037532 -0.014340 0.091574
vn 0.040378 -0.015734 0.090122
vn 0.043219 -0.017012 0.088559
vn 0.046050 -0.018171 0.086886
vn 0.048864 -0.019206 0.085108
vn 0.051655 -0.020118 0.083229
vn 0.054417 -0.020903 0.081252
vn 0.057144 -0.021560 0.079182
vn 0.059830 -0.022087 0.077023
vn 0.062469 -0.022484 0.074781
vn 0.065056 -0.022749 0.072459
vn 0.067584 -0.022881 0.070063
vn 0.070049 -0.022882 0.067598
vn 0.072446 -0.022750 0.065070
vn 0.074768 -0.022485 0.062483
vn 0.077011 -0.022090 0.059844
vn 0.079170 -0.021563 0.057159
vn 0.081241 -0.020907 0.054432
vn 0.083218 -0.020123 0.051670
vn 0.085098 -0.019212 0.048880
vn 0.086877 -0.018177 0.046066
vn 0.088550 -0.017019 0.043235
vn 0.090114 -0.015742 0.040394
vn 0.091566 -0.014348 0.037548
vn 0.092902 -0.012840 0.034703
vn 0.094120 -0.011221 0.031866
vn 0.095217 -0.009495 0.029043
vn 0.096191 -0.007665 0.026240
vn 0.097039 -0.005736 0.023463
vn 0.011200 -0.099024 0.008292
vn 0.017364 -0.098121 0.008416
vn 0.023523 -0.096837 0.008320
vn 0.029640 -0.095169 0.008020
vn 0.035678 -0.093115 0.007535
vn 0.041602 -0.090675 0.006886
vn 0.097822 -0.018419 0.009567
vn 0.098500 -0.015996 0.006466
vn 0.098780 -0.012428 0.009389
vn 0.099345 -0.006462 0.009422
vn 0.099293 -0.009979 0.006425
vn 0.000000 0.000000 -0.100000
vn 0.000000 0.000000 -0.100000
vn 0.000000 0.000000 -0.100000
vn 0.000000 0.000000 -0.100000
vn 0.000000 0.000000 -0.100000
vn 0.000000 0.000000 -0.100000
vn 0.000000 0.000000 -0.100000
vn 0.000000 0.000000 -0.100000
vn 0.000000 0.000000 -0.100000
vn 0.000000 0.000000 -0.100000
vn 0.000000 0.000000 -0.100000
vn 0.000000 0.000000 -0.100000
vn 0.000000 0.000000 -0.100000
vn 0.000000 0.000000 -0.100000
vn 0.000000 0.000000 -0.100000
vn 0.000000 0.000000 -0.100000
vn 0.000000 0.000000 -0.100000
vn 0.000000 0.000000 -0.100000
vn 0.000000 0.000000 -0.100000
vn 0.000000 0.000000 -0.100000
vn 0.000000 0.000000 -0.100000
vn 0.000000 0.000000 -0.100000
vn 0.000000 0.000000 -0.100000
vn 0.000000 0.000000 -0.100000
vn 0.000000 0.000000 -0.100000
vn 0.000000 0.000000 -0.100000
vn 0.000000 0.000000 -0.100000
vn 0.000000 0.000000 -0.100000
vn 0.000000 0.000000 -0.100000
vn 0.000000 0.000000 -0.100000
vn 0.000000 0.000000 -0.100000
vn 0.000000 0.000000 -0.100000
vn 0.000000 0.000000 -0.100000
vn 0.000000 0.000000 -0.100000
vn 0.000000 0.000000 -0.100000
vn 0.000000 0.000000 -0.100000
vn 0.000000 0.100000 0.000000
vn 0.000000 0.100000 0.000000
vn 0.000000 0.100000 0.000000
vn 0.000000 0.100000 0.000000
vn 0.000000 0.100000 0.000000
vn 0.000000 0.100000 0.000000
vn 0.000000 0.100000 0.000000
vn 0.000000 0.100000 0.000000
vn 0.000000 0.100000 0.000000
vn 0.000000 0.100000 0.000000
vn 0.000000 0.100000 0.000000
vn 0.000000 0.100000 0.000000
vn 0.000000 0.100000 0.000000
vn 0.000000 0.100000 0.000000
vn 0.000000 0.100000 0.000000
vn 0.000000 0.100000 0.000000
vn 0.000000 0.100000 0.000000
vn 0.000000 0.100000 0.000000
vn 0.000000 0.100000 0.000000
vn 0.000000 0.100000 0.000000
vn 0.000000 0.100000 0.000000
vn 0.000000 0.100000 0.000000
vn 0.000000 0.100000 0.000000
vn 0.000000 0.100000 0.000000
vn 0.000000 0.100000 0.000000
vn 0.000000 0.100000 0.000000
vn 0.000000 0.100000 0.000000
vn 0.000000 0.100000 0.000000
vn 0.000000 0.100000 0.000000
vn 0.000000 0.100000 0.000000
vn 0.000000 0.100000 0.000000
vn 0.000000 0.100000 0.000000
vn 0.000000 0.100000 0.000000
vn 0.000000 0.100000 0.000000
vn 0.000000 0.100000 0.000000
vn 0.000000 0.100000 0.000000
usemtl Steel_-_Satin
f 2/1/1 3/2/2 1/3/3
f 1/3/3 3/2/2 4/4/4
f 1/3/3 4/4/4 5/5/5
f 5/5/5 6/6/6 1/3/3
f 1/3/3 6/6/6 7/7/7
f 1/3/3 7/7/7 8/8/8
f 8/8/8 9/9/9 1/3/3
f 1/3/3 9/9/9 10/10/10
f 1/3/3 10/10/10 11/11/11
f 11/11/11 12/12/12 1/3/3
f 1/3/3 12/12/12 13/13/13
f 1/3/3 13/13/13 14/14/14
f 14/14/14 15/15/15 1/3/3
f 1/3/3 15/15/15 16/16/16
f 1/3/3 16/16/16 17/17/17
f 17/17/17 18/18/18 1/3/3
f 1/3/3 18/18/18 19/19/19
f 1/3/3 19/19/19 20/20/20
f 20/20/20 21/21/21 1/3/3
f 1/3/3 21/21/21 22/22/22
f 1/3/3 22/22/22 23/23/23
f 23/23/23 24/24/24 1/3/3
f 1/3/3 24/24/24 25/25/25
f 1/3/3 25/25/25 26/26/26
f 26/26/26 27/27/27 1/3/3
f 1/3/3 27/27/27 28/28/28
f 1/3/3 28/28/28 29/29/29
f 29/29/29 30/30/30 1/3/3
f 1/3/3 30/30/30 31/31/31
f 1/3/3 31/31/31 32/32/32
f 32/32/32 33/33/33 1/3/3
f 1/3/3 33/33/33 34/34/34
f 1/3/3 34/34/34 35/35/35
f 35/35/35 36/36/36 1/3/3
f 103/37/37 36/38/38 114/39/39
f 114/39/39 36/38/38 35/40/40
f 114/39/39 35/40/40 113/41/41
f 113/41/41 35/40/40 34/42/42
f 113/41/41 34/42/42 116/43/43
f 116/43/43 34/42/42 115/44/44
f 116/43/43 115/44/44 121/45/45
f 121/45/45 115/44/44 120/46/46
f 121/45/45 120/46/46 127/47/47
f 127/47/47 120/46/46 126/48/48
f 127/47/47 126/48/48 135/49/49
f 135/49/49 126/48/48 134/50/50
f 135/49/49 134/50/50 143/51/51
f 143/51/51 134/50/50 142/52/52
f 143/51/51 142/52/52 152/53/53
f 152/53/53 142/52/52 151/54/54
f 152/53/53 151/54/54 165/55/55
f 165/55/55 151/54/54 164/56/56
f 165/55/55 164/56/56 180/57/57
f 180/57/57 164/56/56 179/58/58
f 180/57/57 179/58/58 196/59/59
f 196/59/59 179/58/58 195/60/60
f 196/59/59 195/60/60 215/61/61
f 215/61/61 195/60/60 214/62/62
f 215/61/61 214/62/62 234/63/63
f 234/63/63 214/62/62 233/64/64
f 234/63/63 233/64/64 256/65/65
f 256/65/65 233/64/64 255/66/66
f 256/65/65 255/66/66 279/67/67
f 279/67/67 255/66/66 278/68/68
f 279/67/67 278/68/68 304/69/69
f 304/69/69 278/68/68 303/70/70
f 304/69/69 303/70/70 331/71/71
f 331/71/71 303/70/70 330/72/72
f 331/71/71 330/72/72 359/73/73
f 359/73/73 330/72/72 358/74/74
f 359/73/73 358/74/74 387/75/75
f 387/75/75 358/74/74 386/76/76
f 387/75/75 386/76/76 416/77/77
f 416/77/77 386/76/76 415/78/78
f 416/77/77 415/78/78 447/79/79
f 447/79/79 415/78/78 446/80/80
f 447/79/79 446/80/80 479/81/81
f 479/81/81 446/80/80 478/82/82
f 479/81/81 478/82/82 512/83/83
f 512/83/83 478/82/82 511/84/84
f 512/83/83 511/84/84 544/85/85
f 544/85/85 511/84/84 543/86/86
f 544/85/85 543/86/86 575/87/87
f 575/87/87 543/86/86 574/88/88
f 575/87/87 574/88/88 606/89/89
f 606/89/89 574/88/88 605/90/90
f 606/89/89 605/90/90 636/91/91
f 636/91/91 605/90/90 635/92/92
f 636/91/91 635/92/92 665/93/93
f 665/93/93 635/92/92 664/94/94
f 665/93/93 664/94/94 692/95/95
f 692/95/95 664/94/94 691/96/96
f 692/95/95 691/96/96 718/97/97
f 718/97/97 691/96/96 717/98/98
f 718/97/97 717/98/98 743/99/99
f 743/99/99 717/98/98 742/100/100
f 743/99/99 742/100/100 767/101/101
f 767/101/101 742/100/100 766/102/102
f 767/101/101 766/102/102 790/103/103
f 790/103/103 766/102/102 789/104/104
f 790/103/103 789/104/104 810/105/105
f 810/105/105 789/104/104 809/106/106
f 810/105/105 809/106/106 829/107/107
f 829/107/107 809/106/106 828/108/108
f 829/107/107 828/108/108 846/109/109
f 846/109/109 828/108/108 845/110/110
f 846/109/109 845/110/110 861/111/111
f 861/111/111 845/110/110 860/112/112
f 861/111/111 860/112/112 875/113/113
f 875/113/113 860/112/112 874/114/114
f 875/113/113 874/114/114 887/115/115
f 887/115/115 874/114/114 886/116/116
f 887/115/115 886/116/116 897/117/117
f 897/117/117 886/116/116 896/118/118
f 897/117/117 896/118/118 906/119/119
f 906/119/119 896/118/118 905/120/120
f 906/119/119 905/120/120 913/121/121
f 913/121/121 905/120/120 912/122/122
f 913/121/121 912/122/122 66/123/123
f 66/123/123 912/122/122 65/124/124
f 65/124/124 912/122/122 64/125/125
f 64/125/125 912/122/122 905/120/120
f 64/125/125 905/120/120 904/126/126
f 904/126/126 905/120/120 895/127/127
f 904/126/126 895/127/127 63/128/128
f 63/128/128 895/127/127 894/129/129
f 63/128/128 894/129/129 62/130/130
f 62/130/130 894/129/129 884/131/131
f 62/130/130 884/131/131 883/132/132
f 883/132/132 884/131/131 871/133/133
f 883/132/132 871/133/133 60/134/134
f 60/134/134 871/133/133 870/135/135
f 60/134/134 870/135/135 59/136/136
f 59/136/136 870/135/135 869/137/137
f 59/136/136 869/137/137 58/138/138
f 58/138/138 869/137/137 855/139/139
f 58/138/138 855/139/139 854/140/140
f 854/140/140 855/139/139 839/141/141
f 854/140/140 839/141/141 57/142/142
f 57/142/142 839/141/141 838/143/143
f 57/142/142 838/143/143 56/144/144
f 56/144/144 838/143/143 55/145/145
f 55/145/145 838/143/143 821/146/146
f 55/145/145 821/146/146 820/147/147
f 820/147/147 821/146/146 801/148/148
f 820/147/147 801/148/148 800/149/149
f 800/149/149 801/148/148 780/150/150
f 800/149/149 780/150/150 779/151/151
f 779/151/151 780/150/150 756/152/152
f 779/151/151 756/152/152 755/153/153
f 755/153/153 756/152/152 731/154/154
f 755/153/153 731/154/154 730/155/155
f 730/155/155 731/154/154 705/156/156
f 730/155/155 705/156/156 704/157/157
f 704/157/157 705/156/156 678/158/158
f 704/157/157 678/158/158 677/159/159
f 677/159/159 678/158/158 650/160/160
f 677/159/159 650/160/160 649/161/161
f 649/161/161 650/160/160 620/162/162
f 649/161/161 620/162/162 619/163/163
f 619/163/163 620/162/162 589/164/164
f 619/163/163 589/164/164 588/165/165
f 588/165/165 589/164/164 557/166/166
f 588/165/165 557/166/166 556/167/167
f 556/167/167 557/166/166 525/168/168
f 556/167/167 525/168/168 524/169/169
f 524/169/169 525/168/168 492/170/170
f 524/169/169 492/170/170 491/171/171
f 491/171/171 492/170/170 458/172/172
f 491/171/171 458/172/172 457/173/173
f 457/173/173 458/172/172 5/174/174
f 457/173/173 5/174/174 4/175/175
f 34/42/42 33/176/176 115/44/44
f 115/44/44 33/176/176 120/46/46
f 120/46/46 33/176/176 119/177/177
f 119/177/177 33/176/176 32/178/178
f 119/177/177 32/178/178 125/179/179
f 125/179/179 32/178/178 124/180/180
f 125/179/179 124/180/180 133/181/181
f 133/181/181 124/180/180 132/182/182
f 133/181/181 132/182/182 141/183/183
f 141/183/183 132/182/182 140/184/184
f 141/183/183 140/184/184 150/185/185
f 150/185/185 140/184/184 149/186/186
f 150/185/185 149/186/186 163/187/187
f 163/187/187 149/186/186 162/188/188
f 163/187/187 162/188/188 178/189/189
f 178/189/189 162/188/188 177/190/190
f 178/189/189 177/190/190 194/191/191
f 194/191/191 177/190/190 193/192/192
f 194/191/191 193/192/192 213/193/193
f 213/193/193 193/192/192 212/194/194
f 213/193/193 212/194/194 232/195/195
f 232/195/195 212/194/194 231/196/196
f 232/195/195 231/196/196 254/197/197
f 254/197/197 231/196/196 253/198/198
f 254/197/197 253/198/198 277/199/199
f 277/199/199 253/198/198 276/200/200
f 277/199/199 276/200/200 302/201/201
f 302/201/201 276/200/200 301/202/202
f 302/201/201 301/202/202 329/203/203
f 329/203/203 301/202/202 328/204/204
f 329/203/203 328/204/204 357/205/205
f 357/205/205 328/204/204 356/206/206
f 357/205/205 356/206/206 385/207/207
f 385/207/207 356/206/206 384/208/208
f 385/207/207 384/208/208 414/209/209
f 414/209/209 384/208/208 413/210/210
f 414/209/209 413/210/210 445/211/211
f 445/211/211 413/210/210 444/212/212
f 445/211/211 444/212/212 477/213/213
f 477/213/213 444/212/212 476/214/214
f 477/213/213 476/214/214 510/215/215
f 510/215/215 476/214/214 509/216/216
f 510/215/215 509/216/216 542/217/217
f 542/217/217 509/216/216 541/218/218
f 542/217/217 541/218/218 573/219/219
f 573/219/219 541/218/218 572/220/220
f 573/219/219 572/220/220 604/221/221
f 604/221/221 572/220/220 603/222/222
f 604/221/221 603/222/222 634/223/223
f 634/223/223 603/222/222 633/224/224
f 634/223/223 633/224/224 663/225/225
f 663/225/225 633/224/224 662/226/226
f 663/225/225 662/226/226 690/227/227
f 690/227/227 662/226/226 689/228/228
f 690/227/227 689/228/228 716/229/229
f 716/229/229 689/228/228 715/230/230
f 716/229/229 715/230/230 741/231/231
f 741/231/231 715/230/230 740/232/232
f 741/231/231 740/232/232 765/233/233
f 765/233/233 740/232/232 764/234/234
f 765/233/233 764/234/234 788/235/235
f 788/235/235 764/234/234 787/236/236
f 788/235/235 787/236/236 808/237/237
f 808/237/237 787/236/236 807/238/238
f 808/237/237 807/238/238 827/239/239
f 827/239/239 807/238/238 826/240/240
f 827/239/239 826/240/240 844/241/241
f 844/241/241 826/240/240 843/242/242
f 844/241/241 843/242/242 859/243/243
f 859/243/243 843/242/242 858/244/244
f 859/243/243 858/244/244 873/245/245
f 873/245/245 858/244/244 872/246/246
f 873/245/245 872/246/246 885/247/247
f 885/247/247 872/246/246 884/131/131
f 885/247/247 884/131/131 895/127/127
f 895/127/127 884/131/131 894/129/129
f 32/178/178 31/248/248 124/180/180
f 124/180/180 31/248/248 30/249/249
f 124/180/180 30/249/249 132/182/182
f 132/182/182 30/249/249 131/250/250
f 132/182/182 131/250/250 140/184/184
f 140/184/184 131/250/250 29/251/251
f 140/184/184 29/251/251 139/252/252
f 139/252/252 29/251/251 28/253/253
f 139/252/252 28/253/253 149/186/186
f 149/186/186 28/253/253 148/254/254
f 149/186/186 148/254/254 162/188/188
f 162/188/188 148/254/254 161/255/255
f 162/188/188 161/255/255 177/190/190
f 177/190/190 161/255/255 176/256/256
f 177/190/190 176/256/256 193/192/192
f 193/192/192 176/256/256 192/257/257
f 193/192/192 192/257/257 212/194/194
f 212/194/194 192/257/257 211/258/258
f 212/194/194 211/258/258 231/196/196
f 231/196/196 211/258/258 230/259/259
f 231/196/196 230/259/259 253/198/198
f 253/198/198 230/259/259 252/260/260
f 253/198/198 252/260/260 276/200/200
f 276/200/200 252/260/260 275/261/261
f 276/200/200 275/261/261 301/202/202
f 301/202/202 275/261/261 300/262/262
f 301/202/202 300/262/262 328/204/204
f 328/204/204 300/262/262 327/263/263
f 328/204/204 327/263/263 356/206/206
f 356/206/206 327/263/263 355/264/264
f 356/206/206 355/264/264 384/208/208
f 384/208/208 355/264/264 383/265/265
f 384/208/208 383/265/265 413/210/210
f 413/210/210 383/265/265 412/266/266
f 413/210/210 412/266/266 444/212/212
f 444/212/212 412/266/266 443/267/267
f 444/212/212 443/267/267 476/214/214
f 476/214/214 443/267/267 475/268/268
f 476/214/214 475/268/268 509/216/216
f 509/216/216 475/268/268 508/269/269
f 509/216/216 508/269/269 541/218/218
f 541/218/218 508/269/269 540/270/270
f 541/218/218 540/270/270 572/220/220
f 572/220/220 540/270/270 571/271/271
f 572/220/220 571/271/271 603/222/222
f 603/222/222 571/271/271 602/272/272
f 603/222/222 602/272/272 633/224/224
f 633/224/224 602/272/272 632/273/273
f 633/224/224 632/273/273 662/226/226
f 662/226/226 632/273/273 661/274/274
f 662/226/226 661/274/274 689/228/228
f 689/228/228 661/274/274 688/275/275
f 689/228/228 688/275/275 715/230/230
f 715/230/230 688/275/275 714/276/276
f 715/230/230 714/276/276 740/232/232
f 740/232/232 714/276/276 739/277/277
f 740/232/232 739/277/277 764/234/234
f 764/234/234 739/277/277 763/278/278
f 764/234/234 763/278/278 787/236/236
f 787/236/236 763/278/278 786/279/279
f 787/236/236 786/279/279 807/238/238
f 807/238/238 786/279/279 806/280/280
f 807/238/238 806/280/280 826/240/240
f 826/240/240 806/280/280 825/281/281
f 826/240/240 825/281/281 843/242/242
f 843/242/242 825/281/281 842/282/282
f 843/242/242 842/282/282 858/244/244
f 858/244/244 842/282/282 857/283/283
f 858/244/244 857/283/283 872/246/246
f 872/246/246 857/283/283 871/133/133
f 872/246/246 871/133/133 884/131/131
f 30/249/249 29/251/251 131/250/250
f 28/253/253 27/284/284 148/254/254
f 148/254/254 27/284/284 26/285/285
f 148/254/254 26/285/285 161/255/255
f 161/255/255 26/285/285 160/286/286
f 161/255/255 160/286/286 176/256/256
f 176/256/256 160/286/286 175/287/287
f 176/256/256 175/287/287 192/257/257
f 192/257/257 175/287/287 191/288/288
f 192/257/257 191/288/288 211/258/258
f 211/258/258 191/288/288 210/289/289
f 211/258/258 210/289/289 230/259/259
f 230/259/259 210/289/289 229/290/290
f 230/259/259 229/290/290 252/260/260
f 252/260/260 229/290/290 251/291/291
f 252/260/260 251/291/291 275/261/261
f 275/261/261 251/291/291 274/292/292
f 275/261/261 274/292/292 300/262/262
f 300/262/262 274/292/292 299/293/293
f 300/262/262 299/293/293 327/263/263
f 327/263/263 299/293/293 326/294/294
f 327/263/263 326/294/294 355/264/264
f 355/264/264 326/294/294 354/295/295
f 355/264/264 354/295/295 383/265/265
f 383/265/265 354/295/295 382/296/296
f 383/265/265 382/296/296 412/266/266
f 412/266/266 382/296/296 411/297/297
f 412/266/266 411/297/297 443/267/267
f 443/267/267 411/297/297 442/298/298
f 443/267/267 442/298/298 475/268/268
f 475/268/268 442/298/298 474/299/299
f 475/268/268 474/299/299 508/269/269
f 508/269/269 474/299/299 507/300/300
f 508/269/269 507/300/300 540/270/270
f 540/270/270 507/300/300 539/301/301
f 540/270/270 539/301/301 571/271/271
f 571/271/271 539/301/301 570/302/302
f 571/271/271 570/302/302 602/272/272
f 602/272/272 570/302/302 601/303/303
f 602/272/272 601/303/303 632/273/273
f 632/273/273 601/303/303 631/304/304
f 632/273/273 631/304/304 661/274/274
f 661/274/274 631/304/304 660/305/305
f 661/274/274 660/305/305 688/275/275
f 688/275/275 660/305/305 687/306/306
f 688/275/275 687/306/306 714/276/276
f 714/276/276 687/306/306 713/307/307
f 714/276/276 713/307/307 739/277/277
f 739/277/277 713/307/307 738/308/308
f 739/277/277 738/308/308 763/278/278
f 763/278/278 738/308/308 762/309/309
f 763/278/278 762/309/309 786/279/279
f 786/279/279 762/309/309 785/310/310
f 786/279/279 785/310/310 806/280/280
f 806/280/280 785/310/310 805/311/311
f 806/280/280 805/311/311 825/281/281
f 825/281/281 805/311/311 824/312/312
f 825/281/281 824/312/312 842/282/282
f 842/282/282 824/312/312 841/313/313
f 842/282/282 841/313/313 857/283/283
f 857/283/283 841/313/313 856/314/314
f 857/283/283 856/314/314 871/133/133
f 871/133/133 856/314/314 870/135/135
f 26/285/285 25/315/315 160/286/286
f 160/286/286 25/315/315 159/316/316
f 160/286/286 159/316/316 175/287/287
f 175/287/287 159/316/316 174/317/317
f 175/287/287 174/317/317 191/288/288
f 191/288/288 174/317/317 190/318/318
f 191/288/288 190/318/318 210/289/289
f 210/289/289 190/318/318 209/319/319
f 210/289/289 209/319/319 229/290/290
f 229/290/290 209/319/319 228/320/320
f 229/290/290 228/320/320 251/291/291
f 251/291/291 228/320/320 250/321/321
f 251/291/291 250/321/321 274/292/292
f 274/292/292 250/321/321 273/322/322
f 274/292/292 273/322/322 299/293/293
f 299/293/293 273/322/322 298/323/323
f 299/293/293 298/323/323 326/294/294
f 326/294/294 298/323/323 325/324/324
f 326/294/294 325/324/324 354/295/295
f 354/295/295 325/324/324 353/325/325
f 354/295/295 353/325/325 382/296/296
f 382/296/296 353/325/325 381/326/326
f 382/296/296 381/326/326 411/297/297
f 411/297/297 381/326/326 410/327/327
f 411/297/297 410/327/327 442/298/298
f 442/298/298 410/327/327 441/328/328
f 442/298/298 441/328/328 474/299/299
f 474/299/299 441/328/328 473/329/329
f 474/299/299 473/329/329 507/300/300
f 507/300/300 473/329/329 506/330/330
f 507/300/300 506/330/330 539/301/301
f 539/301/301 506/330/330 538/331/331
f 539/301/301 538/331/331 570/302/302
f 570/302/302 538/331/331 569/332/332
f 570/302/302 569/332/332 601/303/303
f 601/303/303 569/332/332 600/333/333
f 601/303/303 600/333/333 631/304/304
f 631/304/304 600/333/333 630/334/334
f 631/304/304 630/334/334 660/305/305
f 660/305/305 630/334/334 659/335/335
f 660/305/305 659/335/335 687/306/306
f 687/306/306 659/335/335 686/336/336
f 687/306/306 686/336/336 713/307/307
f 713/307/307 686/336/336 712/337/337
f 713/307/307 712/337/337 738/308/308
f 738/308/308 712/337/337 737/338/338
f 738/308/308 737/338/338 762/309/309
f 762/309/309 737/338/338 761/339/339
f 762/309/309 761/339/339 785/310/310
f 785/310/310 761/339/339 784/340/340
f 785/310/310 784/340/340 805/311/311
f 805/311/311 784/340/340 804/341/341
f 805/311/311 804/341/341 824/312/312
f 824/312/312 804/341/341 823/342/342
f 824/312/312 823/342/342 841/313/313
f 841/313/313 823/342/342 840/343/343
f 841/313/313 840/343/343 856/314/314
f 856/314/314 840/343/343 855/139/139
f 856/314/314 855/139/139 870/135/135
f 870/135/135 855/139/139 869/137/137
f 25/315/315 24/344/344 159/316/316
f 159/316/316 24/344/344 174/317/317
f 174/317/317 24/344/344 173/345/345
f 173/345/345 24/344/344 23/346/346
f 173/345/345 23/346/346 189/347/347
f 189/347/347 23/346/346 188/348/348
f 189/347/347 188/348/348 208/349/349
f 208/349/349 188/348/348 207/350/350
f 208/349/349 207/350/350 227/351/351
f 227/351/351 207/350/350 226/352/352
f 227/351/351 226/352/352 249/353/353
f 249/353/353 226/352/352 248/354/354
f 249/353/353 248/354/354 272/355/355
f 272/355/355 248/354/354 271/356/356
f 272/355/355 271/356/356 297/357/357
f 297/357/357 271/356/356 296/358/358
f 297/357/357 296/358/358 324/359/359
f 324/359/359 296/358/358 323/360/360
f 324/359/359 323/360/360 352/361/361
f 352/361/361 323/360/360 351/362/362
f 352/361/361 351/362/362 380/363/363
f 380/363/363 351/362/362 379/364/364
f 380/363/363 379/364/364 409/365/365
f 409/365/365 379/364/364 408/366/366
f 409/365/365 408/366/366 440/367/367
f 440/367/367 408/366/366 439/368/368
f 440/367/367 439/368/368 472/369/369
f 472/369/369 439/368/368 471/370/370
f 472/369/369 471/370/370 505/371/371
f 505/371/371 471/370/370 504/372/372
f 505/371/371 504/372/372 537/373/373
f 537/373/373 504/372/372 536/374/374
f 537/373/373 536/374/374 568/375/375
f 568/375/375 536/374/374 567/376/376
f 568/375/375 567/376/376 599/377/377
f 599/377/377 567/376/376 598/378/378
f 599/377/377 598/378/378 629/379/379
f 629/379/379 598/378/378 628/380/380
f 629/379/379 628/380/380 658/381/381
f 658/381/381 628/380/380 657/382/382
f 658/381/381 657/382/382 685/383/383
f 685/383/383 657/382/382 684/384/384
f 685/383/383 684/384/384 711/385/385
f 711/385/385 684/384/384 710/386/386
f 711/385/385 710/386/386 736/387/387
f 736/387/387 710/386/386 735/388/388
f 736/387/387 735/388/388 760/389/389
f 760/389/389 735/388/388 759/390/390
f 760/389/389 759/390/390 783/391/391
f 783/391/391 759/390/390 782/392/392
f 783/391/391 782/392/392 803/393/393
f 803/393/393 782/392/392 802/394/394
f 803/393/393 802/394/394 822/395/395
f 822/395/395 802/394/394 821/146/146
f 822/395/395 821/146/146 839/141/141
f 839/141/141 821/146/146 838/143/143
f 23/346/346 22/396/396 188/348/348
f 188/348/348 22/396/396 21/397/397
f 188/348/348 21/397/397 207/350/350
f 207/350/350 21/397/397 206/398/398
f 207/350/350 206/398/398 226/352/352
f 226/352/352 206/398/398 225/399/399
f 226/352/352 225/399/399 248/354/354
f 248/354/354 225/399/399 247/400/400
f 248/354/354 247/400/400 271/356/356
f 271/356/356 247/400/400 270/401/401
f 271/356/356 270/401/401 296/358/358
f 296/358/358 270/401/401 295/402/402
f 296/358/358 295/402/402 323/360/360
f 323/360/360 295/402/402 322/403/403
f 323/360/360 322/403/403 351/362/362
f 351/362/362 322/403/403 350/404/404
f 351/362/362 350/404/404 379/364/364
f 379/364/364 350/404/404 378/405/405
f 379/364/364 378/405/405 408/366/366
f 408/366/366 378/405/405 407/406/406
f 408/366/366 407/406/406 439/368/368
f 439/368/368 407/406/406 438/407/407
f 439/368/368 438/407/407 471/370/370
f 471/370/370 438/407/407 470/408/408
f 471/370/370 470/408/408 504/372/372
f 504/372/372 470/408/408 503/409/409
f 504/372/372 503/409/409 536/374/374
f 536/374/374 503/409/409 535/410/410
f 536/374/374 535/410/410 567/376/376
f 567/376/376 535/410/410 566/411/411
f 567/376/376 566/411/411 598/378/378
f 598/378/378 566/411/411 597/412/412
f 598/378/378 597/412/412 628/380/380
f 628/380/380 597/412/412 627/413/413
f 628/380/380 627/413/413 657/382/382
f 657/382/382 627/413/413 656/414/414
f 657/382/382 656/414/414 684/384/384
f 684/384/384 656/414/414 683/415/415
f 684/384/384 683/415/415 710/386/386
f 710/386/386 683/415/415 709/416/416
f 710/386/386 709/416/416 735/388/388
f 735/388/388 709/416/416 734/417/417
f 735/388/388 734/417/417 759/390/390
f 759/390/390 734/417/417 758/418/418
f 759/390/390 758/418/418 782/392/392
f 782/392/392 758/418/418 781/419/419
f 782/392/392 781/419/419 802/394/394
f 802/394/394 781/419/419 801/148/148
f 802/394/394 801/148/148 821/146/146
f 21/397/397 20/420/420 206/398/398
f 206/398/398 20/420/420 205/421/421
f 206/398/398 205/421/421 225/399/399
f 225/399/399 205/421/421 224/422/422
f 225/399/399 224/422/422 247/400/400
f 247/400/400 224/422/422 246/423/423
f 247/400/400 246/423/423 270/401/401
f 270/401/401 246/423/423 269/424/424
f 270/401/401 269/424/424 295/402/402
f 295/402/402 269/424/424 294/425/425
f 295/402/402 294/425/425 322/403/403
f 322/403/403 294/425/425 321/426/426
f 322/403/403 321/426/426 350/404/404
f 350/404/404 321/426/426 349/427/427
f 350/404/404 349/427/427 378/405/405
f 378/405/405 349/427/427 377/428/428
f 378/405/405 377/428/428 407/406/406
f 407/406/406 377/428/428 406/429/429
f 407/406/406 406/429/429 438/407/407
f 438/407/407 406/429/429 437/430/430
f 438/407/407 437/430/430 470/408/408
f 470/408/408 437/430/430 469/431/431
f 470/408/408 469/431/431 503/409/409
f 503/409/409 469/431/431 502/432/432
f 503/409/409 502/432/432 535/410/410
f 535/410/410 502/432/432 534/433/433
f 535/410/410 534/433/433 566/411/411
f 566/411/411 534/433/433 565/434/434
f 566/411/411 565/434/434 597/412/412
f 597/412/412 565/434/434 596/435/435
f 597/412/412 596/435/435 627/413/413
f 627/413/413 596/435/435 626/436/436
f 627/413/413 626/436/436 656/414/414
f 656/414/414 626/436/436 655/437/437
f 656/414/414 655/437/437 683/415/415
f 683/415/415 655/437/437 682/438/438
f 683/415/415 682/438/438 709/416/416
f 709/416/416 682/438/438 708/439/439
f 709/416/416 708/439/439 734/417/417
f 734/417/417 708/439/439 733/440/440
f 734/417/417 733/440/440 758/418/418
f 758/418/418 733/440/440 757/441/441
f 758/418/418 757/441/441 781/419/419
f 781/419/419 757/441/441 780/150/150
f 781/419/419 780/150/150 801/148/148
f 20/420/420 19/442/442 205/421/421
f 205/421/421 19/442/442 224/422/422
f 224/422/422 19/442/442 223/443/443
f 223/443/443 19/442/442 18/444/444
f 223/443/443 18/444/444 245/445/445
f 245/445/445 18/444/444 244/446/446
f 245/445/445 244/446/446 268/447/447
f 268/447/447 244/446/446 267/448/448
f 268/447/447 267/448/448 293/449/449
f 293/449/449 267/448/448 292/450/450
f 293/449/449 292/450/450 320/451/451
f 320/451/451 292/450/450 319/452/452
f 320/451/451 319/452/452 348/453/453
f 348/453/453 319/452/452 347/454/454
f 348/453/453 347/454/454 376/455/455
f 376/455/455 347/454/454 375/456/456
f 376/455/455 375/456/456 405/457/457
f 405/457/457 375/456/456 404/458/458
f 405/457/457 404/458/458 436/459/459
f 436/459/459 404/458/458 435/460/460
f 436/459/459 435/460/460 468/461/461
f 468/461/461 435/460/460 467/462/462
f 468/461/461 467/462/462 501/463/463
f 501/463/463 467/462/462 500/464/464
f 501/463/463 500/464/464 533/465/465
f 533/465/465 500/464/464 532/466/466
f 533/465/465 532/466/466 564/467/467
f 564/467/467 532/466/466 563/468/468
f 564/467/467 563/468/468 595/469/469
f 595/469/469 563/468/468 594/470/470
f 595/469/469 594/470/470 625/471/471
f 625/471/471 594/470/470 624/472/472
f 625/471/471 624/472/472 654/473/473
f 654/473/473 624/472/472 653/474/474
f 654/473/473 653/474/474 681/475/475
f 681/475/475 653/474/474 680/476/476
f 681/475/475 680/476/476 707/477/477
f 707/477/477 680/476/476 706/478/478
f 707/477/477 706/478/478 732/479/479
f 732/479/479 706/478/478 731/154/154
f 732/479/479 731/154/154 756/152/152
f 18/444/444 17/480/480 244/446/446
f 244/446/446 17/480/480 243/481/481
f 244/446/446 243/481/481 267/448/448
f 267/448/448 243/481/481 266/482/482
f 267/448/448 266/482/482 292/450/450
f 292/450/450 266/482/482 291/483/483
f 292/450/450 291/483/483 319/452/452
f 319/452/452 291/483/483 318/484/484
f 319/452/452 318/484/484 347/454/454
f 347/454/454 318/484/484 346/485/485
f 347/454/454 346/485/485 375/456/456
f 375/456/456 346/485/485 374/486/486
f 375/456/456 374/486/486 404/458/458
f 404/458/458 374/486/486 403/487/487
f 404/458/458 403/487/487 435/460/460
f 435/460/460 403/487/487 434/488/488
f 435/460/460 434/488/488 467/462/462
f 467/462/462 434/488/488 466/489/489
f 467/462/462 466/489/489 500/464/464
f 500/464/464 466/489/489 499/490/490
f 500/464/464 499/490/490 532/466/466
f 532/466/466 499/490/490 531/491/491
f 532/466/466 531/491/491 563/468/468
f 563/468/468 531/491/491 562/492/492
f 563/468/468 562/492/492 594/470/470
f 594/470/470 562/492/492 593/493/493
f 594/470/470 593/493/493 624/472/472
f 624/472/472 593/493/493 623/494/494
f 624/472/472 623/494/494 653/474/474
f 653/474/474 623/494/494 652/495/495
f 653/474/474 652/495/495 680/476/476
f 680/476/476 652/495/495 679/496/496
f 680/476/476 679/496/496 706/478/478
f 706/478/478 679/496/496 705/156/156
f 706/478/478 705/156/156 731/154/154
f 17/480/480 16/497/497 243/481/481
f 243/481/481 16/497/497 266/482/482
f 16/497/497 15/498/498 266/482/482
f 266/482/482 15/498/498 265/499/499
f 266/482/482 265/499/499 291/483/483
f 291/483/483 265/499/499 290/500/500
f 291/483/483 290/500/500 318/484/484
f 318/484/484 290/500/500 317/501/501
f 318/484/484 317/501/501 346/485/485
f 346/485/485 317/501/501 345/502/502
f 346/485/485 345/502/502 374/486/486
f 374/486/486 345/502/502 373/503/503
f 374/486/486 373/503/503 403/487/487
f 403/487/487 373/503/503 402/504/504
f 403/487/487 402/504/504 434/488/488
f 434/488/488 402/504/504 433/505/505
f 434/488/488 433/505/505 466/489/489
f 466/489/489 433/505/505 465/506/506
f 466/489/489 465/506/506 499/490/490
f 499/490/490 465/506/506 498/507/507
f 499/490/490 498/507/507 531/491/491
f 531/491/491 498/507/507 530/508/508
f 531/491/491 530/508/508 562/492/492
f 562/492/492 530/508/508 561/509/509
f 562/492/492 561/509/509 593/493/493
f 593/493/493 561/509/509 592/510/510
f 593/493/493 592/510/510 623/494/494
f 623/494/494 592/510/510 622/511/511
f 623/494/494 622/511/511 652/495/495
f 652/495/495 622/511/511 651/512/512
f 652/495/495 651/512/512 679/496/496
f 679/496/496 651/512/512 678/158/158
f 679/496/496 678/158/158 705/156/156
f 15/498/498 14/513/513 265/499/499
f 265/499/499 14/513/513 290/500/500
f 290/500/500 14/513/513 289/514/514
f 289/514/514 14/513/513 13/515/515
f 289/514/514 13/515/515 316/516/516
f 316/516/516 13/515/515 315/517/517
f 316/516/516 315/517/517 344/518/518
f 344/518/518 315/517/517 343/519/519
f 344/518/518 343/519/519 372/520/520
f 372/520/520 343/519/519 371/521/521
f 372/520/520 371/521/521 401/522/522
f 401/522/522 371/521/521 400/523/523
f 401/522/522 400/523/523 432/524/524
f 432/524/524 400/523/523 431/525/525
f 432/524/524 431/525/525 464/526/526
f 464/526/526 431/525/525 463/527/527
f 464/526/526 463/527/527 497/528/528
f 497/528/528 463/527/527 496/529/529
f 497/528/528 496/529/529 529/530/530
f 529/530/530 496/529/529 528/531/531
f 529/530/530 528/531/531 560/532/532
f 560/532/532 528/531/531 559/533/533
f 560/532/532 559/533/533 591/534/534
f 591/534/534 559/533/533 590/535/535
f 591/534/534 590/535/535 621/536/536
f 621/536/536 590/535/535 620/162/162
f 621/536/536 620/162/162 650/160/160
f 13/515/515 12/537/537 315/517/517
f 315/517/517 12/537/537 314/538/538
f 315/517/517 314/538/538 343/519/519
f 343/519/519 314/538/538 342/539/539
f 343/519/519 342/539/539 371/521/521
f 371/521/521 342/539/539 370/540/540
f 371/521/521 370/540/540 400/523/523
f 400/523/523 370/540/540 399/541/541
f 400/523/523 399/541/541 431/525/525
f 431/525/525 399/541/541 430/542/542
f 431/525/525 430/542/542 463/527/527
f 463/527/527 430/542/542 462/543/543
f 463/527/527 462/543/543 496/529/529
f 496/529/529 462/543/543 495/544/544
f 496/529/529 495/544/544 528/531/531
f 528/531/531 495/544/544 527/545/545
f 528/531/531 527/545/545 559/533/533
f 559/533/533 527/545/545 558/546/546
f 559/533/533 558/546/546 590/535/535
f 590/535/535 558/546/546 589/164/164
f 590/535/535 589/164/164 620/162/162
f 12/537/537 11/547/547 314/538/538
f 314/538/538 11/547/547 342/539/539
f 11/547/547 10/548/548 342/539/539
f 342/539/539 10/548/548 341/549/549
f 342/539/539 341/549/549 370/540/540
f 370/540/540 341/549/549 369/550/550
f 370/540/540 369/550/550 399/541/541
f 399/541/541 369/550/550 398/551/551
f 399/541/541 398/551/551 430/542/542
f 430/542/542 398/551/551 429/552/552
f 430/542/542 429/552/552 462/543/543
f 462/543/543 429/552/552 461/553/553
f 462/543/543 461/553/553 495/544/544
f 495/544/544 461/553/553 494/554/554
f 495/544/544 494/554/554 527/545/545
f 527/545/545 494/554/554 526/555/555
f 527/545/545 526/555/555 558/546/546
f 558/546/546 526/555/555 557/166/166
f 558/546/546 557/166/166 589/164/164
f 10/548/548 9/556/556 341/549/549
f 341/549/549 9/556/556 369/550/550
f 369/550/550 9/556/556 368/557/557
f 368/557/557 9/556/556 8/558/558
f 368/557/557 8/558/558 397/559/559
f 397/559/559 8/558/558 396/560/560
f 397/559/559 396/560/560 428/561/561
f 428/561/561 396/560/560 427/562/562
f 428/561/561 427/562/562 460/563/563
f 460/563/563 427/562/562 459/564/564
f 460/563/563 459/564/564 493/565/565
f 493/565/565 459/564/564 492/170/170
f 493/565/565 492/170/170 525/168/168
f 8/558/558 7/566/566 396/560/560
f 396/560/560 7/566/566 6/567/567
f 396/560/560 6/567/567 427/562/562
f 427/562/562 6/567/567 426/568/568
f 427/562/562 426/568/568 459/564/564
f 459/564/564 426/568/568 458/172/172
f 459/564/564 458/172/172 492/170/170
f 6/567/567 5/174/174 426/568/568
f 426/568/568 5/174/174 458/172/172
f 3/569/569 489/570/570 4/175/175
f 4/175/175 489/570/570 490/571/571
f 4/175/175 490/571/571 457/173/173
f 457/173/173 490/571/571 491/171/171
f 3/569/569 2/572/572 489/570/570
f 489/570/570 2/572/572 521/573/573
f 489/570/570 521/573/573 522/574/574
f 522/574/574 521/573/573 38/575/575
f 522/574/574 38/575/575 553/576/576
f 553/576/576 38/575/575 39/577/577
f 553/576/576 39/577/577 554/578/578
f 554/578/578 39/577/577 585/579/579
f 554/578/578 585/579/579 586/580/580
f 586/580/580 585/579/579 40/581/581
f 586/580/580 40/581/581 616/582/582
f 616/582/582 40/581/581 41/583/583
f 616/582/582 41/583/583 42/584/584
f 2/572/572 37/585/585 521/573/573
f 521/573/573 37/585/585 38/575/575
f 39/577/577 40/581/581 585/579/579
f 43/586/586 646/587/587 42/584/584
f 42/584/584 646/587/587 617/588/588
f 42/584/584 617/588/588 616/582/582
f 616/582/582 617/588/588 586/580/580
f 44/589/589 674/590/590 43/586/586
f 43/586/586 674/590/590 647/591/591
f 43/586/586 647/591/591 646/587/587
f 646/587/587 647/591/591 617/588/588
f 674/590/590 44/589/589 675/592/592
f 675/592/592 44/589/589 45/593/593
f 675/592/592 45/593/593 701/594/594
f 701/594/594 45/593/593 46/595/595
f 701/594/594 46/595/595 702/596/596
f 702/596/596 46/595/595 47/597/597
f 702/596/596 47/597/597 703/598/598
f 703/598/598 47/597/597 728/599/599
f 703/598/598 728/599/599 729/600/600
f 729/600/600 728/599/599 48/601/601
f 729/600/600 48/601/601 753/602/602
f 753/602/602 48/601/601 49/603/603
f 753/602/602 49/603/603 754/604/604
f 754/604/604 49/603/603 50/605/605
f 754/604/604 50/605/605 777/606/606
f 777/606/606 50/605/605 51/607/607
f 777/606/606 51/607/607 778/608/608
f 778/608/608 51/607/607 52/609/609
f 778/608/608 52/609/609 779/151/151
f 779/151/151 52/609/609 799/610/610
f 779/151/151 799/610/610 800/149/149
f 800/149/149 799/610/610 53/611/611
f 800/149/149 53/611/611 819/612/612
f 819/612/612 53/611/611 54/613/613
f 819/612/612 54/613/613 820/147/147
f 820/147/147 54/613/613 55/145/145
f 47/597/597 48/601/601 728/599/599
f 52/609/609 53/611/611 799/610/610
f 57/142/142 58/138/138 854/140/140
f 60/134/134 61/614/614 883/132/132
f 883/132/132 61/614/614 62/130/130
f 63/128/128 64/125/125 904/126/126
f 913/121/121 66/123/123 919/615/615
f 919/615/615 66/123/123 67/616/616
f 919/615/615 67/616/616 920/617/617
f 920/617/617 67/616/616 924/618/618
f 920/617/617 924/618/618 925/619/619
f 925/619/619 924/618/618 68/620/620
f 925/619/619 68/620/620 928/621/621
f 928/621/621 68/620/620 69/622/622
f 928/621/621 69/622/622 70/623/623
f 67/616/616 68/620/620 924/618/618
f 928/621/621 70/623/623 929/624/624
f 929/624/624 70/623/623 71/625/625
f 929/624/624 71/625/625 926/626/626
f 926/626/626 71/625/625 72/627/627
f 926/626/626 72/627/627 927/628/628
f 927/628/628 72/627/627 73/629/629
f 927/628/628 73/629/629 923/630/630
f 923/630/630 73/629/629 917/631/631
f 923/630/630 917/631/631 916/632/632
f 916/632/632 917/631/631 909/633/633
f 916/632/632 909/633/633 908/634/634
f 908/634/634 909/633/633 899/635/635
f 908/634/634 899/635/635 898/636/636
f 898/636/636 899/635/635 888/637/637
f 898/636/636 888/637/637 887/115/115
f 887/115/115 888/637/637 875/113/113
f 917/631/631 73/629/629 918/638/638
f 918/638/638 73/629/629 74/639/639
f 918/638/638 74/639/639 75/640/640
f 76/641/641 903/642/642 75/640/640
f 75/640/640 903/642/642 911/643/643
f 75/640/640 911/643/643 918/638/638
f 918/638/638 911/643/643 910/644/644
f 918/638/638 910/644/644 917/631/631
f 917/631/631 910/644/644 909/633/633
f 903/642/642 76/641/641 893/645/645
f 893/645/645 76/641/641 77/646/646
f 893/645/645 77/646/646 881/647/647
f 881/647/647 77/646/646 882/648/648
f 881/647/647 882/648/648 867/649/649
f 867/649/649 882/648/648 868/650/650
f 867/649/649 868/650/650 852/651/651
f 852/651/651 868/650/650 853/652/652
f 852/651/651 853/652/652 835/653/653
f 835/653/653 853/652/652 836/654/654
f 835/653/653 836/654/654 816/655/655
f 816/655/655 836/654/654 817/656/656
f 816/655/655 817/656/656 796/657/657
f 796/657/657 817/656/656 797/658/658
f 796/657/657 797/658/658 773/659/659
f 773/659/659 797/658/658 774/660/660
f 773/659/659 774/660/660 749/661/661
f 749/661/661 774/660/660 750/662/662
f 749/661/661 750/662/662 724/663/663
f 724/663/663 750/662/662 725/664/664
f 724/663/663 725/664/664 698/665/665
f 698/665/665 725/664/664 699/666/666
f 698/665/665 699/666/666 671/667/667
f 671/667/667 699/666/666 672/668/668
f 671/667/667 672/668/668 642/669/669
f 642/669/669 672/668/668 643/670/670
f 642/669/669 643/670/670 612/671/671
f 612/671/671 643/670/670 613/672/672
f 612/671/671 613/672/672 581/673/673
f 581/673/673 613/672/672 582/674/674
f 581/673/673 582/674/674 550/675/675
f 550/675/675 582/674/674 551/676/676
f 550/675/675 551/676/676 518/677/677
f 518/677/677 551/676/676 519/678/678
f 518/677/677 519/678/678 485/679/679
f 485/679/679 519/678/678 486/680/680
f 485/679/679 486/680/680 453/681/681
f 453/681/681 486/680/680 454/682/682
f 453/681/681 454/682/682 422/683/683
f 422/683/683 454/682/682 423/684/684
f 422/683/683 423/684/684 393/685/685
f 393/685/685 423/684/684 394/686/686
f 393/685/685 394/686/686 365/687/687
f 365/687/687 394/686/686 366/688/688
f 365/687/687 366/688/688 337/689/689
f 337/689/689 366/688/688 338/690/690
f 337/689/689 338/690/690 310/691/691
f 310/691/691 338/690/690 311/692/692
f 310/691/691 311/692/692 285/693/693
f 285/693/693 311/692/692 286/694/694
f 285/693/693 286/694/694 262/695/695
f 262/695/695 286/694/694 263/696/696
f 262/695/695 263/696/696 240/697/697
f 240/697/697 263/696/696 241/698/698
f 240/697/697 241/698/698 221/699/699
f 221/699/699 241/698/698 222/700/700
f 221/699/699 222/700/700 202/701/701
f 202/701/701 222/700/700 203/702/702
f 202/701/701 203/702/702 186/703/703
f 186/703/703 203/702/702 187/704/704
f 186/703/703 187/704/704 171/705/705
f 171/705/705 187/704/704 172/706/706
f 171/705/705 172/706/706 97/707/707
f 97/707/707 172/706/706 96/708/708
f 96/708/708 172/706/706 187/704/704
f 96/708/708 187/704/704 204/709/709
f 204/709/709 187/704/704 203/702/702
f 204/709/709 203/702/702 105/710/710
f 105/710/710 203/702/702 222/700/700
f 105/710/710 222/700/700 242/711/711
f 242/711/711 222/700/700 241/698/698
f 242/711/711 241/698/698 264/712/712
f 264/712/712 241/698/698 263/696/696
f 264/712/712 263/696/696 287/713/713
f 287/713/713 263/696/696 286/694/694
f 287/713/713 286/694/694 312/714/714
f 312/714/714 286/694/694 311/692/692
f 312/714/714 311/692/692 339/715/715
f 339/715/715 311/692/692 338/690/690
f 339/715/715 338/690/690 367/716/716
f 367/716/716 338/690/690 366/688/688
f 367/716/716 366/688/688 395/717/717
f 395/717/717 366/688/688 394/686/686
f 395/717/717 394/686/686 424/718/718
f 424/718/718 394/686/686 423/684/684
f 424/718/718 423/684/684 455/719/719
f 455/719/719 423/684/684 454/682/682
f 455/719/719 454/682/682 487/720/720
f 487/720/720 454/682/682 486/680/680
f 487/720/720 486/680/680 520/721/721
f 520/721/721 486/680/680 519/678/678
f 520/721/721 519/678/678 552/722/722
f 552/722/722 519/678/678 551/676/676
f 552/722/722 551/676/676 583/723/723
f 583/723/723 551/676/676 582/674/674
f 583/723/723 582/674/674 614/724/724
f 614/724/724 582/674/674 613/672/672
f 614/724/724 613/672/672 644/725/725
f 644/725/725 613/672/672 643/670/670
f 644/725/725 643/670/670 673/726/726
f 673/726/726 643/670/670 672/668/668
f 673/726/726 672/668/668 700/727/727
f 700/727/727 672/668/668 699/666/666
f 700/727/727 699/666/666 726/728/728
f 726/728/728 699/666/666 725/664/664
f 726/728/728 725/664/664 751/729/729
f 751/729/729 725/664/664 750/662/662
f 751/729/729 750/662/662 775/730/730
f 775/730/730 750/662/662 774/660/660
f 775/730/730 774/660/660 798/731/731
f 798/731/731 774/660/660 797/658/658
f 798/731/731 797/658/658 818/732/732
f 818/732/732 797/658/658 817/656/656
f 818/732/732 817/656/656 837/733/733
f 837/733/733 817/656/656 836/654/654
f 837/733/733 836/654/654 112/734/734
f 112/734/734 836/654/654 853/652/652
f 112/734/734 853/652/652 79/735/735
f 79/735/735 853/652/652 868/650/650
f 79/735/735 868/650/650 78/736/736
f 78/736/736 868/650/650 882/648/648
f 78/736/736 882/648/648 77/646/646
f 79/735/735 80/737/737 112/734/734
f 112/734/734 80/737/737 837/733/733
f 837/733/733 80/737/737 818/732/732
f 818/732/732 80/737/737 81/738/738
f 818/732/732 81/738/738 798/731/731
f 798/731/731 81/738/738 776/739/739
f 798/731/731 776/739/739 775/730/730
f 775/730/730 776/739/739 751/729/729
f 81/738/738 82/740/740 776/739/739
f 776/739/739 82/740/740 752/741/741
f 776/739/739 752/741/741 751/729/729
f 751/729/729 752/741/741 726/728/728
f 82/740/740 83/742/742 752/741/741
f 752/741/741 83/742/742 727/743/743
f 752/741/741 727/743/743 726/728/728
f 726/728/728 727/743/743 700/727/727
f 727/743/743 83/742/742 111/744/744
f 111/744/744 83/742/742 84/745/745
f 111/744/744 84/745/745 110/746/746
f 110/746/746 84/745/745 85/747/747
f 110/746/746 85/747/747 645/748/748
f 645/748/748 85/747/747 615/749/749
f 645/748/748 615/749/749 614/724/724
f 614/724/724 615/749/749 583/723/723
f 85/747/747 86/750/750 615/749/749
f 615/749/749 86/750/750 584/751/751
f 615/749/749 584/751/751 583/723/723
f 583/723/723 584/751/751 552/722/722
f 584/751/751 86/750/750 109/752/752
f 109/752/752 86/750/750 87/753/753
f 109/752/752 87/753/753 108/754/754
f 108/754/754 87/753/753 88/755/755
f 108/754/754 88/755/755 488/756/756
f 488/756/756 88/755/755 456/757/757
f 488/756/756 456/757/757 455/719/719
f 455/719/719 456/757/757 424/718/718
f 88/755/755 89/758/758 456/757/757
f 456/757/757 89/758/758 425/759/759
f 456/757/757 425/759/759 424/718/718
f 424/718/718 425/759/759 395/717/717
f 425/759/759 89/758/758 107/760/760
f 107/760/760 89/758/758 90/761/761
f 107/760/760 90/761/761 106/762/762
f 106/762/762 90/761/761 91/763/763
f 106/762/762 91/763/763 340/764/764
f 340/764/764 91/763/763 313/765/765
f 340/764/764 313/765/765 312/714/714
f 312/714/714 313/765/765 287/713/713
f 91/763/763 92/766/766 313/765/765
f 313/765/765 92/766/766 288/767/767
f 313/765/765 288/767/767 287/713/713
f 287/713/713 288/767/767 264/712/712
f 92/766/766 93/768/768 288/767/767
f 288/767/767 93/768/768 264/712/712
f 264/712/712 93/768/768 242/711/711
f 242/711/711 93/768/768 94/769/769
f 242/711/711 94/769/769 105/710/710
f 105/710/710 94/769/769 95/770/770
f 105/710/710 95/770/770 204/709/709
f 204/709/709 95/770/770 96/708/708
f 171/705/705 97/707/707 158/771/771
f 158/771/771 97/707/707 98/772/772
f 158/771/771 98/772/772 138/773/773
f 138/773/773 98/772/772 99/774/774
f 138/773/773 99/774/774 104/775/775
f 104/775/775 99/774/774 130/776/776
f 104/775/775 130/776/776 129/777/777
f 129/777/777 130/776/776 123/778/778
f 129/777/777 123/778/778 122/779/779
f 122/779/779 123/778/778 117/780/780
f 122/779/779 117/780/780 116/43/43
f 116/43/43 117/780/780 113/41/41
f 99/774/774 100/781/781 130/776/776
f 130/776/776 100/781/781 101/782/782
f 130/776/776 101/782/782 123/778/778
f 123/778/778 101/782/782 118/783/783
f 123/778/778 118/783/783 117/780/780
f 117/780/780 118/783/783 102/784/784
f 117/780/780 102/784/784 103/37/37
f 101/782/782 102/784/784 118/783/783
f 117/780/780 103/37/37 114/39/39
f 117/780/780 114/39/39 113/41/41
f 122/779/779 116/43/43 121/45/45
f 126/48/48 120/46/46 119/177/177
f 122/779/779 121/45/45 128/785/785
f 128/785/785 121/45/45 127/47/47
f 128/785/785 127/47/47 136/786/786
f 136/786/786 127/47/47 135/49/49
f 136/786/786 135/49/49 144/787/787
f 144/787/787 135/49/49 143/51/51
f 144/787/787 143/51/51 153/788/788
f 153/788/788 143/51/51 152/53/53
f 153/788/788 152/53/53 166/789/789
f 166/789/789 152/53/53 165/55/55
f 166/789/789 165/55/55 181/790/790
f 181/790/790 165/55/55 180/57/57
f 181/790/790 180/57/57 197/791/791
f 197/791/791 180/57/57 196/59/59
f 197/791/791 196/59/59 216/792/792
f 216/792/792 196/59/59 215/61/61
f 216/792/792 215/61/61 235/793/793
f 235/793/793 215/61/61 234/63/63
f 235/793/793 234/63/63 257/794/794
f 257/794/794 234/63/63 256/65/65
f 257/794/794 256/65/65 280/795/795
f 280/795/795 256/65/65 279/67/67
f 280/795/795 279/67/67 305/796/796
f 305/796/796 279/67/67 304/69/69
f 305/796/796 304/69/69 332/797/797
f 332/797/797 304/69/69 331/71/71
f 332/797/797 331/71/71 360/798/798
f 360/798/798 331/71/71 359/73/73
f 360/798/798 359/73/73 388/799/799
f 388/799/799 359/73/73 387/75/75
f 388/799/799 387/75/75 417/800/800
f 417/800/800 387/75/75 416/77/77
f 417/800/800 416/77/77 448/801/801
f 448/801/801 416/77/77 447/79/79
f 448/801/801 447/79/79 480/802/802
f 480/802/802 447/79/79 479/81/81
f 480/802/802 479/81/81 513/803/803
f 513/803/803 479/81/81 512/83/83
f 513/803/803 512/83/83 545/804/804
f 545/804/804 512/83/83 544/85/85
f 545/804/804 544/85/85 576/805/805
f 576/805/805 544/85/85 575/87/87
f 576/805/805 575/87/87 607/806/806
f 607/806/806 575/87/87 606/89/89
f 607/806/806 606/89/89 637/807/807
f 637/807/807 606/89/89 636/91/91
f 637/807/807 636/91/91 666/808/808
f 666/808/808 636/91/91 665/93/93
f 666/808/808 665/93/93 693/809/809
f 693/809/809 665/93/93 692/95/95
f 693/809/809 692/95/95 719/810/810
f 719/810/810 692/95/95 718/97/97
f 719/810/810 718/97/97 744/811/811
f 744/811/811 718/97/97 743/99/99
f 744/811/811 743/99/99 768/812/812
f 768/812/812 743/99/99 767/101/101
f 768/812/812 767/101/101 791/813/813
f 791/813/813 767/101/101 790/103/103
f 791/813/813 790/103/103 811/814/814
f 811/814/814 790/103/103 810/105/105
f 811/814/814 810/105/105 830/815/815
f 830/815/815 810/105/105 829/107/107
f 830/815/815 829/107/107 847/816/816
f 847/816/816 829/107/107 846/109/109
f 847/816/816 846/109/109 862/817/817
f 862/817/817 846/109/109 861/111/111
f 862/817/817 861/111/111 876/818/818
f 876/818/818 861/111/111 875/113/113
f 876/818/818 875/113/113 888/637/637
f 134/50/50 126/48/48 125/179/179
f 125/179/179 126/48/48 119/177/177
f 134/50/50 125/179/179 133/181/181
f 122/779/779 128/785/785 129/777/777
f 129/777/777 128/785/785 137/819/819
f 129/777/777 137/819/819 104/775/775
f 104/775/775 137/819/819 146/820/820
f 104/775/775 146/820/820 147/821/821
f 147/821/821 146/820/820 156/822/822
f 147/821/821 156/822/822 157/823/823
f 157/823/823 156/822/822 170/824/824
f 157/823/823 170/824/824 171/705/705
f 171/705/705 170/824/824 186/703/703
f 137/819/819 128/785/785 136/786/786
f 142/52/52 134/50/50 133/181/181
f 142/52/52 133/181/181 141/183/183
f 137/819/819 136/786/786 145/825/825
f 145/825/825 136/786/786 144/787/787
f 145/825/825 144/787/787 154/826/826
f 154/826/826 144/787/787 153/788/788
f 154/826/826 153/788/788 167/827/827
f 167/827/827 153/788/788 166/789/789
f 167/827/827 166/789/789 182/828/828
f 182/828/828 166/789/789 181/790/790
f 182/828/828 181/790/790 198/829/829
f 198/829/829 181/790/790 197/791/791
f 198/829/829 197/791/791 217/830/830
f 217/830/830 197/791/791 216/792/792
f 217/830/830 216/792/792 236/831/831
f 236/831/831 216/792/792 235/793/793
f 236/831/831 235/793/793 258/832/832
f 258/832/832 235/793/793 257/794/794
f 258/832/832 257/794/794 281/833/833
f 281/833/833 257/794/794 280/795/795
f 281/833/833 280/795/795 306/834/834
f 306/834/834 280/795/795 305/796/796
f 306/834/834 305/796/796 333/835/835
f 333/835/835 305/796/796 332/797/797
f 333/835/835 332/797/797 361/836/836
f 361/836/836 332/797/797 360/798/798
f 361/836/836 360/798/798 389/837/837
f 389/837/837 360/798/798 388/799/799
f 389/837/837 388/799/799 418/838/838
f 418/838/838 388/799/799 417/800/800
f 418/838/838 417/800/800 449/839/839
f 449/839/839 417/800/800 448/801/801
f 449/839/839 448/801/801 481/840/840
f 481/840/840 448/801/801 480/802/802
f 481/840/840 480/802/802 514/841/841
f 514/841/841 480/802/802 513/803/803
f 514/841/841 513/803/803 546/842/842
f 546/842/842 513/803/803 545/804/804
f 546/842/842 545/804/804 577/843/843
f 577/843/843 545/804/804 576/805/805
f 577/843/843 576/805/805 608/844/844
f 608/844/844 576/805/805 607/806/806
f 608/844/844 607/806/806 638/845/845
f 638/845/845 607/806/806 637/807/807
f 638/845/845 637/807/807 667/846/846
f 667/846/846 637/807/807 666/808/808
f 667/846/846 666/808/808 694/847/847
f 694/847/847 666/808/808 693/809/809
f 694/847/847 693/809/809 720/848/848
f 720/848/848 693/809/809 719/810/810
f 720/848/848 719/810/810 745/849/849
f 745/849/849 719/810/810 744/811/811
f 745/849/849 744/811/811 769/850/850
f 769/850/850 744/811/811 768/812/812
f 769/850/850 768/812/812 792/851/851
f 792/851/851 768/812/812 791/813/813
f 792/851/851 791/813/813 812/852/852
f 812/852/852 791/813/813 811/814/814
f 812/852/852 811/814/814 831/853/853
f 831/853/853 811/814/814 830/815/815
f 831/853/853 830/815/815 848/854/854
f 848/854/854 830/815/815 847/816/816
f 848/854/854 847/816/816 863/855/855
f 863/855/855 847/816/816 862/817/817
f 863/855/855 862/817/817 877/856/856
f 877/856/856 862/817/817 876/818/818
f 877/856/856 876/818/818 889/857/857
f 889/857/857 876/818/818 888/637/637
f 889/857/857 888/637/637 899/635/635
f 104/775/775 147/821/821 138/773/773
f 138/773/773 147/821/821 157/823/823
f 138/773/773 157/823/823 158/771/771
f 158/771/771 157/823/823 171/705/705
f 149/186/186 140/184/184 139/252/252
f 151/54/54 142/52/52 141/183/183
f 151/54/54 141/183/183 150/185/185
f 137/819/819 145/825/825 146/820/820
f 146/820/820 145/825/825 155/858/858
f 146/820/820 155/858/858 156/822/822
f 156/822/822 155/858/858 169/859/859
f 156/822/822 169/859/859 170/824/824
f 170/824/824 169/859/859 185/860/860
f 170/824/824 185/860/860 186/703/703
f 186/703/703 185/860/860 202/701/701
f 155/858/858 145/825/825 154/826/826
f 164/56/56 151/54/54 150/185/185
f 164/56/56 150/185/185 163/187/187
f 155/858/858 154/826/826 168/861/861
f 168/861/861 154/826/826 167/827/827
f 168/861/861 167/827/827 183/862/862
f 183/862/862 167/827/827 182/828/828
f 183/862/862 182/828/828 199/863/863
f 199/863/863 182/828/828 198/829/829
f 199/863/863 198/829/829 218/864/864
f 218/864/864 198/829/829 217/830/830
f 218/864/864 217/830/830 237/865/865
f 237/865/865 217/830/830 236/831/831
f 237/865/865 236/831/831 259/866/866
f 259/866/866 236/831/831 258/832/832
f 259/866/866 258/832/832 282/867/867
f 282/867/867 258/832/832 281/833/833
f 282/867/867 281/833/833 307/868/868
f 307/868/868 281/833/833 306/834/834
f 307/868/868 306/834/834 334/869/869
f 334/869/869 306/834/834 333/835/835
f 334/869/869 333/835/835 362/870/870
f 362/870/870 333/835/835 361/836/836
f 362/870/870 361/836/836 390/871/871
f 390/871/871 361/836/836 389/837/837
f 390/871/871 389/837/837 419/872/872
f 419/872/872 389/837/837 418/838/838
f 419/872/872 418/838/838 450/873/873
f 450/873/873 418/838/838 449/839/839
f 450/873/873 449/839/839 482/874/874
f 482/874/874 449/839/839 481/840/840
f 482/874/874 481/840/840 515/875/875
f 515/875/875 481/840/840 514/841/841
f 515/875/875 514/841/841 547/876/876
f 547/876/876 514/841/841 546/842/842
f 547/876/876 546/842/842 578/877/877
f 578/877/877 546/842/842 577/843/843
f 578/877/877 577/843/843 609/878/878
f 609/878/878 577/843/843 608/844/844
f 609/878/878 608/844/844 639/879/879
f 639/879/879 608/844/844 638/845/845
f 639/879/879 638/845/845 668/880/880
f 668/880/880 638/845/845 667/846/846
f 668/880/880 667/846/846 695/881/881
f 695/881/881 667/846/846 694/847/847
f 695/881/881 694/847/847 721/882/882
f 721/882/882 694/847/847 720/848/848
f 721/882/882 720/848/848 746/883/883
f 746/883/883 720/848/848 745/849/849
f 746/883/883 745/849/849 770/884/884
f 770/884/884 745/849/849 769/850/850
f 770/884/884 769/850/850 793/885/885
f 793/885/885 769/850/850 792/851/851
f 793/885/885 792/851/851 813/886/886
f 813/886/886 792/851/851 812/852/852
f 813/886/886 812/852/852 832/887/887
f 832/887/887 812/852/852 831/853/853
f 832/887/887 831/853/853 849/888/888
f 849/888/888 831/853/853 848/854/854
f 849/888/888 848/854/854 864/889/889
f 864/889/889 848/854/854 863/855/855
f 864/889/889 863/855/855 878/890/890
f 878/890/890 863/855/855 877/856/856
f 878/890/890 877/856/856 890/891/891
f 890/891/891 877/856/856 889/857/857
f 890/891/891 889/857/857 900/892/892
f 900/892/892 889/857/857 899/635/635
f 900/892/892 899/635/635 909/633/633
f 179/58/58 164/56/56 163/187/187
f 179/58/58 163/187/187 178/189/189
f 155/858/858 168/861/861 169/859/859
f 169/859/859 168/861/861 184/893/893
f 169/859/859 184/893/893 185/860/860
f 185/860/860 184/893/893 201/894/894
f 185/860/860 201/894/894 202/701/701
f 202/701/701 201/894/894 221/699/699
f 184/893/893 168/861/861 183/862/862
f 190/318/318 174/317/317 173/345/345
f 195/60/60 179/58/58 178/189/189
f 195/60/60 178/189/189 194/191/191
f 184/893/893 183/862/862 200/895/895
f 200/895/895 183/862/862 199/863/863
f 200/895/895 199/863/863 219/896/896
f 219/896/896 199/863/863 218/864/864
f 219/896/896 218/864/864 238/897/897
f 238/897/897 218/864/864 237/865/865
f 238/897/897 237/865/865 260/898/898
f 260/898/898 237/865/865 259/866/866
f 260/898/898 259/866/866 283/899/899
f 283/899/899 259/866/866 282/867/867
f 283/899/899 282/867/867 308/900/900
f 308/900/900 282/867/867 307/868/868
f 308/900/900 307/868/868 335/901/901
f 335/901/901 307/868/868 334/869/869
f 335/901/901 334/869/869 363/902/902
f 363/902/902 334/869/869 362/870/870
f 363/902/902 362/870/870 391/903/903
f 391/903/903 362/870/870 390/871/871
f 391/903/903 390/871/871 420/904/904
f 420/904/904 390/871/871 419/872/872
f 420/904/904 419/872/872 451/905/905
f 451/905/905 419/872/872 450/873/873
f 451/905/905 450/873/873 483/906/906
f 483/906/906 450/873/873 482/874/874
f 483/906/906 482/874/874 516/907/907
f 516/907/907 482/874/874 515/875/875
f 516/907/907 515/875/875 548/908/908
f 548/908/908 515/875/875 547/876/876
f 548/908/908 547/876/876 579/909/909
f 579/909/909 547/876/876 578/877/877
f 579/909/909 578/877/877 610/910/910
f 610/910/910 578/877/877 609/878/878
f 610/910/910 609/878/878 640/911/911
f 640/911/911 609/878/878 639/879/879
f 640/911/911 639/879/879 669/912/912
f 669/912/912 639/879/879 668/880/880
f 669/912/912 668/880/880 696/913/913
f 696/913/913 668/880/880 695/881/881
f 696/913/913 695/881/881 722/914/914
f 722/914/914 695/881/881 721/882/882
f 722/914/914 721/882/882 747/915/915
f 747/915/915 721/882/882 746/883/883
f 747/915/915 746/883/883 771/916/916
f 771/916/916 746/883/883 770/884/884
f 771/916/916 770/884/884 794/917/917
f 794/917/917 770/884/884 793/885/885
f 794/917/917 793/885/885 814/918/918
f 814/918/918 793/885/885 813/886/886
f 814/918/918 813/886/886 833/919/919
f 833/919/919 813/886/886 832/887/887
f 833/919/919 832/887/887 850/920/920
f 850/920/920 832/887/887 849/888/888
f 850/920/920 849/888/888 865/921/921
f 865/921/921 849/888/888 864/889/889
f 865/921/921 864/889/889 879/922/922
f 879/922/922 864/889/889 878/890/890
f 879/922/922 878/890/890 891/923/923
f 891/923/923 878/890/890 890/891/891
f 891/923/923 890/891/891 901/924/924
f 901/924/924 890/891/891 900/892/892
f 901/924/924 900/892/892 910/644/644
f 910/644/644 900/892/892 909/633/633
f 209/319/319 190/318/318 189/347/347
f 189/347/347 190/318/318 173/345/345
f 209/319/319 189/347/347 208/349/349
f 214/62/62 195/60/60 194/191/191
f 214/62/62 194/191/191 213/193/193
f 184/893/893 200/895/895 201/894/894
f 201/894/894 200/895/895 220/925/925
f 201/894/894 220/925/925 221/699/699
f 221/699/699 220/925/925 240/697/697
f 220/925/925 200/895/895 219/896/896
f 228/320/320 209/319/319 208/349/349
f 228/320/320 208/349/349 227/351/351
f 233/64/64 214/62/62 213/193/193
f 233/64/64 213/193/193 232/195/195
f 220/925/925 219/896/896 239/926/926
f 239/926/926 219/896/896 238/897/897
f 239/926/926 238/897/897 261/927/927
f 261/927/927 238/897/897 260/898/898
f 261/927/927 260/898/898 284/928/928
f 284/928/928 260/898/898 283/899/899
f 284/928/928 283/899/899 309/929/929
f 309/929/929 283/899/899 308/900/900
f 309/929/929 308/900/900 336/930/930
f 336/930/930 308/900/900 335/901/901
f 336/930/930 335/901/901 364/931/931
f 364/931/931 335/901/901 363/902/902
f 364/931/931 363/902/902 392/932/932
f 392/932/932 363/902/902 391/903/903
f 392/932/932 391/903/903 421/933/933
f 421/933/933 391/903/903 420/904/904
f 421/933/933 420/904/904 452/934/934
f 452/934/934 420/904/904 451/905/905
f 452/934/934 451/905/905 484/935/935
f 484/935/935 451/905/905 483/906/906
f 484/935/935 483/906/906 517/936/936
f 517/936/936 483/906/906 516/907/907
f 517/936/936 516/907/907 549/937/937
f 549/937/937 516/907/907 548/908/908
f 549/937/937 548/908/908 580/938/938
f 580/938/938 548/908/908 579/909/909
f 580/938/938 579/909/909 611/939/939
f 611/939/939 579/909/909 610/910/910
f 611/939/939 610/910/910 641/940/940
f 641/940/940 610/910/910 640/911/911
f 641/940/940 640/911/911 670/941/941
f 670/941/941 640/911/911 669/912/912
f 670/941/941 669/912/912 697/942/942
f 697/942/942 669/912/912 696/913/913
f 697/942/942 696/913/913 723/943/943
f 723/943/943 696/913/913 722/914/914
f 723/943/943 722/914/914 748/944/944
f 748/944/944 722/914/914 747/915/915
f 748/944/944 747/915/915 772/945/945
f 772/945/945 747/915/915 771/916/916
f 772/945/945 771/916/916 795/946/946
f 795/946/946 771/916/916 794/917/917
f 795/946/946 794/917/917 815/947/947
f 815/947/947 794/917/917 814/918/918
f 815/947/947 814/918/918 834/948/948
f 834/948/948 814/918/918 833/919/919
f 834/948/948 833/919/919 851/949/949
f 851/949/949 833/919/919 850/920/920
f 851/949/949 850/920/920 866/950/950
f 866/950/950 850/920/920 865/921/921
f 866/950/950 865/921/921 880/951/951
f 880/951/951 865/921/921 879/922/922
f 880/951/951 879/922/922 892/952/952
f 892/952/952 879/922/922 891/923/923
f 892/952/952 891/923/923 902/953/953
f 902/953/953 891/923/923 901/924/924
f 902/953/953 901/924/924 911/643/643
f 911/643/643 901/924/924 910/644/644
f 246/423/423 224/422/422 223/443/443
f 250/321/321 228/320/320 227/351/351
f 250/321/321 227/351/351 249/353/353
f 255/66/66 233/64/64 232/195/195
f 255/66/66 232/195/195 254/197/197
f 262/695/695 240/697/697 239/926/926
f 239/926/926 240/697/697 220/925/925
f 262/695/695 239/926/926 261/927/927
f 269/424/424 246/423/423 245/445/445
f 245/445/445 246/423/423 223/443/443
f 269/424/424 245/445/445 268/447/447
f 273/322/322 250/321/321 249/353/353
f 273/322/322 249/353/353 272/355/355
f 278/68/68 255/66/66 254/197/197
f 278/68/68 254/197/197 277/199/199
f 285/693/693 262/695/695 261/927/927
f 285/693/693 261/927/927 284/928/928
f 294/425/425 269/424/424 268/447/447
f 294/425/425 268/447/447 293/449/449
f 298/323/323 273/322/322 272/355/355
f 298/323/323 272/355/355 297/357/357
f 303/70/70 278/68/68 277/199/199
f 303/70/70 277/199/199 302/201/201
f 310/691/691 285/693/693 284/928/928
f 310/691/691 284/928/928 309/929/929
f 317/501/501 290/500/500 289/514/514
f 321/426/426 294/425/425 293/449/449
f 321/426/426 293/449/449 320/451/451
f 325/324/324 298/323/323 297/357/357
f 325/324/324 297/357/357 324/359/359
f 330/72/72 303/70/70 302/201/201
f 330/72/72 302/201/201 329/203/203
f 337/689/689 310/691/691 309/929/929
f 337/689/689 309/929/929 336/930/930
f 340/764/764 312/714/714 339/715/715
f 345/502/502 317/501/501 316/516/516
f 316/516/516 317/501/501 289/514/514
f 345/502/502 316/516/516 344/518/518
f 349/427/427 321/426/426 320/451/451
f 349/427/427 320/451/451 348/453/453
f 353/325/325 325/324/324 324/359/359
f 353/325/325 324/359/359 352/361/361
f 358/74/74 330/72/72 329/203/203
f 358/74/74 329/203/203 357/205/205
f 365/687/687 337/689/689 336/930/930
f 365/687/687 336/930/930 364/931/931
f 106/762/762 340/764/764 339/715/715
f 106/762/762 339/715/715 367/716/716
f 373/503/503 345/502/502 344/518/518
f 373/503/503 344/518/518 372/520/520
f 377/428/428 349/427/427 348/453/453
f 377/428/428 348/453/453 376/455/455
f 381/326/326 353/325/325 352/361/361
f 381/326/326 352/361/361 380/363/363
f 386/76/76 358/74/74 357/205/205
f 386/76/76 357/205/205 385/207/207
f 393/685/685 365/687/687 364/931/931
f 393/685/685 364/931/931 392/932/932
f 107/760/760 106/762/762 367/716/716
f 107/760/760 367/716/716 395/717/717
f 398/551/551 369/550/550 368/557/557
f 402/504/504 373/503/503 372/520/520
f 402/504/504 372/520/520 401/522/522
f 406/429/429 377/428/428 376/455/455
f 406/429/429 376/455/455 405/457/457
f 410/327/327 381/326/326 380/363/363
f 410/327/327 380/363/363 409/365/365
f 415/78/78 386/76/76 385/207/207
f 415/78/78 385/207/207 414/209/209
f 422/683/683 393/685/685 392/932/932
f 422/683/683 392/932/932 421/933/933
f 425/759/759 107/760/760 395/717/717
f 429/552/552 398/551/551 397/559/559
f 397/559/559 398/551/551 368/557/557
f 429/552/552 397/559/559 428/561/561
f 433/505/505 402/504/504 401/522/522
f 433/505/505 401/522/522 432/524/524
f 437/430/430 406/429/429 405/457/457
f 437/430/430 405/457/457 436/459/459
f 441/328/328 410/327/327 409/365/365
f 441/328/328 409/365/365 440/367/367
f 446/80/80 415/78/78 414/209/209
f 446/80/80 414/209/209 445/211/211
f 453/681/681 422/683/683 421/933/933
f 453/681/681 421/933/933 452/934/934
f 461/553/553 429/552/552 428/561/561
f 461/553/553 428/561/561 460/563/563
f 465/506/506 433/505/505 432/524/524
f 465/506/506 432/524/524 464/526/526
f 469/431/431 437/430/430 436/459/459
f 469/431/431 436/459/459 468/461/461
f 473/329/329 441/328/328 440/367/367
f 473/329/329 440/367/367 472/369/369
f 478/82/82 446/80/80 445/211/211
f 478/82/82 445/211/211 477/213/213
f 485/679/679 453/681/681 452/934/934
f 485/679/679 452/934/934 484/935/935
f 488/756/756 455/719/719 487/720/720
f 494/554/554 461/553/553 460/563/563
f 494/554/554 460/563/563 493/565/565
f 498/507/507 465/506/506 464/526/526
f 498/507/507 464/526/526 497/528/528
f 502/432/432 469/431/431 468/461/461
f 502/432/432 468/461/461 501/463/463
f 506/330/330 473/329/329 472/369/369
f 506/330/330 472/369/369 505/371/371
f 511/84/84 478/82/82 477/213/213
f 511/84/84 477/213/213 510/215/215
f 518/677/677 485/679/679 484/935/935
f 518/677/677 484/935/935 517/936/936
f 108/754/754 488/756/756 487/720/720
f 108/754/754 487/720/720 520/721/721
f 489/570/570 522/574/574 490/571/571
f 490/571/571 522/574/574 523/954/954
f 490/571/571 523/954/954 491/171/171
f 491/171/171 523/954/954 524/169/169
f 526/555/555 494/554/554 493/565/565
f 526/555/555 493/565/565 525/168/168
f 530/508/508 498/507/507 497/528/528
f 530/508/508 497/528/528 529/530/530
f 534/433/433 502/432/432 501/463/463
f 534/433/433 501/463/463 533/465/465
f 538/331/331 506/330/330 505/371/371
f 538/331/331 505/371/371 537/373/373
f 543/86/86 511/84/84 510/215/215
f 543/86/86 510/215/215 542/217/217
f 550/675/675 518/677/677 517/936/936
f 550/675/675 517/936/936 549/937/937
f 109/752/752 108/754/754 520/721/721
f 109/752/752 520/721/721 552/722/722
f 553/576/576 554/578/578 522/574/574
f 522/574/574 554/578/578 523/954/954
f 524/169/169 523/954/954 555/955/955
f 555/955/955 523/954/954 554/578/578
f 555/955/955 554/578/578 586/580/580
f 557/166/166 526/555/555 525/168/168
f 561/509/509 530/508/508 529/530/530
f 561/509/509 529/530/530 560/532/532
f 565/434/434 534/433/433 533/465/465
f 565/434/434 533/465/465 564/467/467
f 569/332/332 538/331/331 537/373/373
f 569/332/332 537/373/373 568/375/375
f 574/88/88 543/86/86 542/217/217
f 574/88/88 542/217/217 573/219/219
f 581/673/673 550/675/675 549/937/937
f 581/673/673 549/937/937 580/938/938
f 584/751/751 109/752/752 552/722/722
f 524/169/169 555/955/955 556/167/167
f 556/167/167 555/955/955 587/956/956
f 556/167/167 587/956/956 588/165/165
f 588/165/165 587/956/956 618/957/957
f 588/165/165 618/957/957 619/163/163
f 619/163/163 618/957/957 648/958/958
f 619/163/163 648/958/958 649/161/161
f 649/161/161 648/958/958 676/959/959
f 649/161/161 676/959/959 677/159/159
f 677/159/159 676/959/959 703/598/598
f 677/159/159 703/598/598 704/157/157
f 704/157/157 703/598/598 729/600/600
f 704/157/157 729/600/600 730/155/155
f 730/155/155 729/600/600 754/604/604
f 730/155/155 754/604/604 755/153/153
f 755/153/153 754/604/604 778/608/608
f 755/153/153 778/608/608 779/151/151
f 587/956/956 555/955/955 586/580/580
f 592/510/510 561/509/509 560/532/532
f 592/510/510 560/532/532 591/534/534
f 596/435/435 565/434/434 564/467/467
f 596/435/435 564/467/467 595/469/469
f 600/333/333 569/332/332 568/375/375
f 600/333/333 568/375/375 599/377/377
f 605/90/90 574/88/88 573/219/219
f 605/90/90 573/219/219 604/221/221
f 612/671/671 581/673/673 580/938/938
f 612/671/671 580/938/938 611/939/939
f 618/957/957 587/956/956 617/588/588
f 617/588/588 587/956/956 586/580/580
f 622/511/511 592/510/510 591/534/534
f 622/511/511 591/534/534 621/536/536
f 626/436/436 596/435/435 595/469/469
f 626/436/436 595/469/469 625/471/471
f 630/334/334 600/333/333 599/377/377
f 630/334/334 599/377/377 629/379/379
f 635/92/92 605/90/90 604/221/221
f 635/92/92 604/221/221 634/223/223
f 642/669/669 612/671/671 611/939/939
f 642/669/669 611/939/939 641/940/940
f 645/748/748 614/724/724 644/725/725
f 648/958/958 618/957/957 647/591/591
f 647/591/591 618/957/957 617/588/588
f 651/512/512 622/511/511 621/536/536
f 651/512/512 621/536/536 650/160/160
f 655/437/437 626/436/436 625/471/471
f 655/437/437 625/471/471 654/473/473
f 659/335/335 630/334/334 629/379/379
f 659/335/335 629/379/379 658/381/381
f 664/94/94 635/92/92 634/223/223
f 664/94/94 634/223/223 663/225/225
f 671/667/667 642/669/669 641/940/940
f 671/667/667 641/940/940 670/941/941
f 110/746/746 645/748/748 644/725/725
f 110/746/746 644/725/725 673/726/726
f 674/590/590 675/592/592 647/591/591
f 647/591/591 675/592/592 648/958/958
f 678/158/158 651/512/512 650/160/160
f 682/438/438 655/437/437 654/473/473
f 682/438/438 654/473/473 681/475/475
f 686/336/336 659/335/335 658/381/381
f 686/336/336 658/381/381 685/383/383
f 691/96/96 664/94/94 663/225/225
f 691/96/96 663/225/225 690/227/227
f 698/665/665 671/667/667 670/941/941
f 698/665/665 670/941/941 697/942/942
f 111/744/744 110/746/746 673/726/726
f 111/744/744 673/726/726 700/727/727
f 648/958/958 675/592/592 676/959/959
f 676/959/959 675/592/592 702/596/596
f 676/959/959 702/596/596 703/598/598
f 701/594/594 702/596/596 675/592/592
f 708/439/439 682/438/438 681/475/475
f 708/439/439 681/475/475 707/477/477
f 712/337/337 686/336/336 685/383/383
f 712/337/337 685/383/383 711/385/385
f 717/98/98 691/96/96 690/227/227
f 717/98/98 690/227/227 716/229/229
f 724/663/663 698/665/665 697/942/942
f 724/663/663 697/942/942 723/943/943
f 727/743/743 111/744/744 700/727/727
f 733/440/440 708/439/439 707/477/477
f 733/440/440 707/477/477 732/479/479
f 737/338/338 712/337/337 711/385/385
f 737/338/338 711/385/385 736/387/387
f 742/100/100 717/98/98 716/229/229
f 742/100/100 716/229/229 741/231/231
f 749/661/661 724/663/663 723/943/943
f 749/661/661 723/943/943 748/944/944
f 753/602/602 754/604/604 729/600/600
f 757/441/441 733/440/440 732/479/479
f 757/441/441 732/479/479 756/152/152
f 761/339/339 737/338/338 736/387/387
f 761/339/339 736/387/387 760/389/389
f 766/102/102 742/100/100 741/231/231
f 766/102/102 741/231/231 765/233/233
f 773/659/659 749/661/661 748/944/944
f 773/659/659 748/944/944 772/945/945
f 777/606/606 778/608/608 754/604/604
f 780/150/150 757/441/441 756/152/152
f 784/340/340 761/339/339 760/389/389
f 784/340/340 760/389/389 783/391/391
f 789/104/104 766/102/102 765/233/233
f 789/104/104 765/233/233 788/235/235
f 796/657/657 773/659/659 772/945/945
f 796/657/657 772/945/945 795/946/946
f 804/341/341 784/340/340 783/391/391
f 804/341/341 783/391/391 803/393/393
f 809/106/106 789/104/104 788/235/235
f 809/106/106 788/235/235 808/237/237
f 816/655/655 796/657/657 795/946/946
f 816/655/655 795/946/946 815/947/947
f 819/612/612 820/147/147 800/149/149
f 823/342/342 804/341/341 803/393/393
f 823/342/342 803/393/393 822/395/395
f 828/108/108 809/106/106 808/237/237
f 828/108/108 808/237/237 827/239/239
f 835/653/653 816/655/655 815/947/947
f 835/653/653 815/947/947 834/948/948
f 840/343/343 823/342/342 822/395/395
f 840/343/343 822/395/395 839/141/141
f 845/110/110 828/108/108 827/239/239
f 845/110/110 827/239/239 844/241/241
f 852/651/651 835/653/653 834/948/948
f 852/651/651 834/948/948 851/949/949
f 855/139/139 840/343/343 839/141/141
f 860/112/112 845/110/110 844/241/241
f 860/112/112 844/241/241 859/243/243
f 867/649/649 852/651/651 851/949/949
f 867/649/649 851/949/949 866/950/950
f 874/114/114 860/112/112 859/243/243
f 874/114/114 859/243/243 873/245/245
f 881/647/647 867/649/649 866/950/950
f 881/647/647 866/950/950 880/951/951
f 886/116/116 874/114/114 873/245/245
f 886/116/116 873/245/245 885/247/247
f 893/645/645 881/647/647 880/951/951
f 893/645/645 880/951/951 892/952/952
f 896/118/118 886/116/116 885/247/247
f 896/118/118 885/247/247 895/127/127
f 898/636/636 887/115/115 897/117/117
f 903/642/642 893/645/645 892/952/952
f 903/642/642 892/952/952 902/953/953
f 905/120/120 896/118/118 895/127/127
f 898/636/636 897/117/117 907/960/960
f 907/960/960 897/117/117 906/119/119
f 907/960/960 906/119/119 914/961/961
f 914/961/961 906/119/119 913/121/121
f 914/961/961 913/121/121 920/617/617
f 920/617/617 913/121/121 919/615/615
f 911/643/643 903/642/642 902/953/953
f 898/636/636 907/960/960 908/634/634
f 908/634/634 907/960/960 915/962/962
f 908/634/634 915/962/962 916/632/632
f 916/632/632 915/962/962 922/963/963
f 916/632/632 922/963/963 923/630/630
f 923/630/630 922/963/963 927/628/628
f 915/962/962 907/960/960 914/961/961
f 915/962/962 914/961/961 921/964/964
f 921/964/964 914/961/961 920/617/617
f 921/964/964 920/617/617 925/619/619
f 915/962/962 921/964/964 922/963/963
f 922/963/963 921/964/964 926/626/626
f 922/963/963 926/626/626 927/628/628
f 926/626/626 921/964/964 925/619/619
f 929/624/624 926/626/626 925/619/619
f 928/621/621 929/624/624 925/619/619
f 2/965/965 1/966/966 37/967/967
f 37/967/967 1/966/966 38/968/968
f 38/968/968 1/966/966 39/969/969
f 39/969/969 1/966/966 40/970/970
f 40/970/970 1/966/966 41/971/971
f 41/971/971 1/966/966 42/972/972
f 42/972/972 1/966/966 43/973/973
f 43/973/973 1/966/966 44/974/974
f 44/974/974 1/966/966 45/975/975
f 45/975/975 1/966/966 46/976/976
f 46/976/976 1/966/966 47/977/977
f 47/977/977 1/966/966 48/978/978
f 48/978/978 1/966/966 49/979/979
f 49/979/979 1/966/966 50/980/980
f 50/980/980 1/966/966 51/981/981
f 51/981/981 1/966/966 52/982/982
f 52/982/982 1/966/966 53/983/983
f 53/983/983 1/966/966 54/984/984
f 54/984/984 1/966/966 55/985/985
f 55/985/985 1/966/966 56/986/986
f 56/986/986 1/966/966 57/987/987
f 57/987/987 1/966/966 58/988/988
f 58/988/988 1/966/966 59/989/989
f 59/989/989 1/966/966 60/990/990
f 60/990/990 1/966/966 61/991/991
f 61/991/991 1/966/966 62/992/992
f 62/992/992 1/966/966 63/993/993
f 63/993/993 1/966/966 64/994/994
f 64/994/994 1/966/966 65/995/995
f 65/995/995 1/966/966 66/996/996
f 66/996/996 1/966/966 67/997/997
f 67/997/997 1/966/966 68/998/998
f 68/998/998 1/966/966 69/999/999
f 69/999/999 1/966/966 70/1000/1000
f 36/1001/1001 103/1002/1002 1/1003/1003
f 1/1003/1003 103/1002/1002 102/1004/1004
f 1/1003/1003 102/1004/1004 101/1005/1005
f 101/1005/1005 100/1006/1006 1/1003/1003
f 1/1003/1003 100/1006/1006 99/1007/1007
f 1/1003/1003 99/1007/1007 98/1008/1008
f 98/1008/1008 97/1009/1009 1/1003/1003
f 1/1003/1003 97/1009/1009 96/1010/1010
f 1/1003/1003 96/1010/1010 95/1011/1011
f 95/1011/1011 94/1012/1012 1/1003/1003
f 1/1003/1003 94/1012/1012 93/1013/1013
f 1/1003/1003 93/1013/1013 92/1014/1014
f 92/1014/1014 91/1015/1015 1/1003/1003
f 1/1003/1003 91/1015/1015 90/1016/1016
f 1/1003/1003 90/1016/1016 89/1017/1017
f 89/1017/1017 88/1018/1018 1/1003/1003
f 1/1003/1003 88/1018/1018 87/1019/1019
f 1/1003/1003 87/1019/1019 86/1020/1020
f 86/1020/1020 85/1021/1021 1/1003/1003
f 1/1003/1003 85/1021/1021 84/1022/1022
f 1/1003/1003 84/1022/1022 83/1023/1023
f 83/1023/1023 82/1024/1024 1/1003/1003
f 1/1003/1003 82/1024/1024 81/1025/1025
f 1/1003/1003 81/1025/1025 80/1026/1026
f 80/1026/1026 79/1027/1027 1/1003/1003
f 1/1003/1003 79/1027/1027 78/1028/1028
f 1/1003/1003 78/1028/1028 77/1029/1029
f 77/1029/1029 76/1030/1030 1/1003/1003
f 1/1003/1003 76/1030/1030 75/1031/1031
f 1/1003/1003 75/1031/1031 74/1032/1032
f 74/1032/1032 73/1033/1033 1/1003/1003
f 1/1003/1003 73/1033/1033 72/1034/1034
f 1/1003/1003 72/1034/1034 71/1035/1035
f 71/1035/1035 70/1036/1036 1/1003/1003
# 929 vertices
# 1036 texture params
# 1036 normals
# 1854 facets

# 1 groups
