# WaveFront *.obj file (generated by Autodesk ATF)

mtllib Whole_FTL.mtl

g Whole_FTL

v 0.000000 318.087654 99.999900
v 0.000000 385.000000 99.999900
v -8.709651 385.000000 99.611144
v -17.352341 385.000000 98.465252
v -25.862376 385.000000 96.570933
v -34.175074 385.000000 93.942585
v -42.227250 385.000000 90.600187
v -49.957699 385.000000 86.569144
v -57.307664 385.000000 81.880096
v -64.221277 385.000000 76.568684
v -70.645989 385.000000 70.675279
v -76.532967 385.000000 64.244676
v -81.837463 385.000000 57.325755
v -86.519159 385.000000 49.971105
v -90.542469 385.000000 42.236628
v -93.876813 385.000000 34.181114
v -96.496847 385.000000 25.865792
v -98.382655 385.000000 17.353867
v -99.519904 385.000000 8.710035
v -99.899950 385.000000 0.000000
v -99.899950 318.087654 0.000000
v -99.519904 318.087654 8.710035
v -98.382655 318.087654 17.353867
v -96.496847 318.087654 25.865792
v -93.876813 318.087654 34.181114
v -90.542469 318.087654 42.236628
v -86.519159 318.087654 49.971105
v -81.837463 318.087654 57.325755
v -76.532967 318.087654 64.244676
v -70.645989 318.087654 70.675279
v -64.221277 318.087654 76.568684
v -57.307664 318.087654 81.880096
v -49.957699 318.087654 86.569144
v -42.227250 318.087654 90.600187
v -34.175074 318.087654 93.942585
v -25.862376 318.087654 96.570933
v -17.352341 318.087654 98.465252
v -8.709651 318.087654 99.611144
v 0.000000 0.000000 333.436254
v 0.000000 15.631207 333.069663
v 0.000000 31.228044 331.970698
v 0.000000 46.756214 330.141775
v 0.000000 62.181574 327.586916
v 0.000000 77.470205 324.311737
v 0.000000 92.588490 320.323441
v 0.000000 107.503185 315.630798
v 0.000000 122.181495 310.244126
v 0.000000 136.591145 304.175269
v 0.000000 150.700450 297.437573
v 0.000000 164.478385 290.045852
v 0.000000 177.894655 282.016360
v 0.000000 190.919758 273.366752
v 0.000000 203.525055 264.116049
v 0.000000 215.682829 254.284590
v 0.000000 227.366345 243.893994
v 0.000000 238.549914 232.967109
v 0.000000 249.208944 221.527961
v 0.000000 259.319998 209.601703
v 0.000000 268.860843 197.214560
v 0.000000 277.810499 184.393769
v 0.000000 286.149288 171.167521
v 0.000000 293.858874 157.564899
v 0.000000 300.922305 143.615814
v 0.000000 307.324048 129.350937
v 0.000000 313.050028 114.801635
v -114.701683 313.050026 0.000000
v -129.250984 307.324045 0.000000
v -143.515859 300.922300 0.000000
v -157.464942 293.858868 0.000000
v -171.067562 286.149281 0.000000
v -184.293808 277.810491 0.000000
v -197.114597 268.860834 0.000000
v -209.501739 259.319989 0.000000
v -221.427995 249.208934 0.000000
v -232.867141 238.549904 0.000000
v -243.794025 227.366335 0.000000
v -254.184619 215.682818 0.000000
v -264.016076 203.525045 0.000000
v -273.266778 190.919748 0.000000
v -281.916384 177.894645 0.000000
v -289.945875 164.478376 0.000000
v -297.337594 150.700441 0.000000
v -304.075289 136.591137 0.000000
v -310.144145 122.181488 0.000000
v -315.530816 107.503178 0.000000
v -320.223459 92.588484 0.000000
v -324.211754 77.470200 0.000000
v -327.486932 62.181570 0.000000
v -330.041791 46.756211 0.000000
v -331.870714 31.228042 0.000000
v -332.969679 15.631206 0.000000
v -333.336269 0.000000 0.000000
v -332.958743 0.000000 15.862510
v -331.827020 0.000000 31.689099
v -329.943662 0.000000 47.443930
v -327.312935 0.000000 63.091327
v -323.940795 0.000000 78.595855
v -319.834879 0.000000 93.922407
v -315.004484 0.000000 109.036276
v -309.460549 0.000000 123.903236
v -303.215627 0.000000 138.489623
v -296.283860 0.000000 152.762407
v -288.680945 0.000000 166.689266
v -280.424097 0.000000 180.238665
v -271.532015 0.000000 193.379921
v -262.024834 0.000000 206.083277
v -251.924082 0.000000 218.319965
v -241.252633 0.000000 230.062278
v -230.034651 0.000000 241.283625
v -218.295540 0.000000 251.958595
v -206.061880 0.000000 262.063016
v -193.361377 0.000000 271.574007
v -180.222788 0.000000 280.470030
v -166.675866 0.000000 288.730940
v -152.751287 0.000000 296.338032
v -138.480584 0.000000 303.274079
v -123.896070 0.000000 309.523375
v -109.030773 0.000000 315.071769
v -93.918354 0.000000 319.906697
v -78.593034 0.000000 324.017209
v -63.089517 0.000000 327.393999
v -47.442911 0.000000 330.029418
v -31.688645 0.000000 331.917501
v -15.862396 0.000000 333.053971
v -113.533613 313.050026 16.334885
v -111.466834 313.050026 27.060453
v -110.053172 313.050026 32.337365
v -106.481303 313.050026 42.659727
v -90.149247 313.050026 70.954210
v -82.997405 313.050026 79.210150
v -79.135068 313.050026 83.073645
v -70.881273 313.050026 90.227963
v -42.591689 313.050026 106.568505
v -32.270400 313.050026 110.143469
v -26.993912 313.050026 111.558713
v -16.268964 313.050026 113.628709
v -5.395833 313.050026 114.670059
v -6.092343 307.324045 129.202677
v -6.775236 300.922300 143.451197
v -7.443013 293.858868 157.384288
v -8.094203 286.149281 170.971312
v -8.727375 277.810491 184.182393
v -9.341137 268.860834 196.988483
v -9.934139 259.319989 209.361422
v -10.505078 249.208934 221.274004
v -11.052697 238.549904 232.700035
v -11.575793 227.366335 243.614390
v -12.073216 215.682818 253.993071
v -12.543871 203.525045 263.813256
v -12.986725 190.919748 273.053352
v -13.400802 177.894645 281.693040
v -13.785193 164.478376 289.713325
v -14.139053 150.700441 297.096570
v -14.461602 136.591137 303.826540
v -14.752133 122.181488 309.888437
v -15.010006 107.503178 315.268933
v -15.234654 92.588484 319.956195
v -15.425583 77.470200 323.939917
v -15.582374 62.181570 327.211340
v -15.704681 46.756211 329.763270
v -15.792236 31.228042 331.590096
v -15.844846 15.631206 332.687801
v -10.844790 313.050026 114.278773
v -12.231869 307.324045 128.761803
v -13.591833 300.922300 142.961703
v -14.921689 293.858868 156.847250
v -16.218515 286.149281 170.387911
v -17.479459 277.810491 183.553913
v -18.701748 268.860834 196.316305
v -19.882695 259.319989 208.647024
v -21.019703 249.208934 220.518957
v -22.110271 238.549904 231.906000
v -23.152001 227.366335 242.783112
v -24.142604 215.682818 253.126378
v -25.079901 203.525045 262.913054
v -25.961830 190.919748 272.121620
v -26.786454 177.894645 280.731828
v -27.551957 164.478376 288.724745
v -28.256658 150.700441 296.082797
v -28.899006 136.591137 302.789802
v -29.477589 122.181488 308.831015
v -29.991136 107.503178 314.193150
v -30.438516 92.588484 318.864418
v -30.818746 77.470200 322.834547
v -31.130990 62.181570 326.094807
v -31.374561 46.756211 328.638029
v -31.548924 31.228042 330.458621
v -31.653696 15.631206 331.552580
v -21.656070 313.050026 112.721337
v -24.413309 307.324045 127.006987
v -27.116646 300.922300 141.013365
v -29.760137 293.858868 154.709674
v -32.337970 286.149281 168.065798
v -34.844476 277.810491 181.052368
v -37.274144 268.860834 193.640829
v -39.621632 259.319989 205.803501
v -41.881777 249.208934 217.513638
v -44.049610 238.549904 228.745493
v -46.120364 227.366335 239.474368
v -48.089486 215.682818 249.676672
v -49.952645 203.525045 259.329971
v -51.705746 190.919748 268.413040
v -53.344933 177.894645 276.905904
v -54.866602 164.478376 284.789891
v -56.267407 150.700441 292.047664
v -57.544268 136.591137 298.663264
v -58.694377 122.181488 304.622144
v -59.715205 107.503178 309.911202
v -60.604508 92.588484 314.518808
v -61.360330 77.470200 318.434831
v -61.981009 62.181570 321.650658
v -62.465181 46.756211 324.159221
v -62.811780 31.228042 325.955001
v -63.020045 15.631206 327.034051
v -47.390641 15.631206 329.666574
v -47.233945 31.228042 328.578837
v -46.973169 46.756211 326.768601
v -46.608885 62.181570 324.239846
v -46.141894 77.470200 320.998132
v -45.573225 92.588484 317.050587
v -44.904126 107.503178 312.405891
v -44.136069 122.181488 307.074258
v -43.270743 136.591137 301.067410
v -42.310050 150.700441 294.398556
v -41.256104 164.478376 287.082361
v -40.111222 177.894645 279.134911
v -38.877920 190.919748 270.573681
v -37.558912 203.525045 261.417497
v -36.157096 215.682818 251.686492
v -34.675557 227.366335 241.402063
v -33.117550 238.549904 230.586823
v -31.486503 249.208934 219.264555
v -29.786001 259.319989 207.460155
v -28.019784 268.860834 195.199578
v -26.191736 277.810491 182.509783
v -24.305876 286.149281 169.418675
v -22.366350 293.858868 155.955039
v -20.377424 300.922300 142.148479
v -18.343471 307.324045 128.029353
v -36.372837 307.324045 124.102414
v -40.395075 300.922300 137.788475
v -44.328270 293.858868 151.171558
v -48.163773 286.149281 164.222235
v -51.893151 277.810491 176.911811
v -55.508203 268.860834 189.212381
v -59.000980 259.319989 201.096899
v -62.363803 249.208934 212.539233
v -65.589276 238.549904 223.514223
v -68.670307 227.366335 233.997735
v -71.600122 215.682818 243.966718
v -74.372278 203.525045 253.399253
v -76.980680 190.919748 262.274596
v -79.419592 177.894645 270.573234
v -81.683652 164.478376 278.276919
v -83.767880 150.700441 285.368711
v -85.667694 136.591137 291.833016
v -87.378917 122.181488 297.655621
v -88.897786 107.503178 302.823721
v -90.220961 92.588484 307.325954
v -91.345532 77.470200 311.152419
v -92.269028 62.181570 314.294703
v -92.989416 46.756211 316.745896
v -93.505114 31.228042 318.500608
v -93.814987 15.631206 319.554981
v -78.506516 15.631206 323.660974
v -78.247154 31.228042 322.593054
v -77.815517 46.756211 320.815795
v -77.212554 62.181570 318.333107
v -76.439592 77.470200 315.150447
v -75.498329 92.588484 311.274815
v -74.390836 107.503178 306.714733
v -73.119548 122.181488 301.480227
v -71.687261 136.591137 295.582807
v -70.097123 150.700441 289.035441
v -68.352631 164.478376 281.852526
v -66.457621 177.894645 274.049856
v -64.416260 190.919748 265.644588
v -62.233037 203.525045 256.655204
v -59.912752 215.682818 247.101471
v -57.460507 227.366335 237.004395
v -54.881695 238.549904 226.386179
v -52.181985 249.208934 215.270171
v -49.367314 259.319989 203.680813
v -46.443872 268.860834 191.643589
v -43.418086 277.810491 179.184968
v -40.296610 286.149281 166.332343
v -37.086307 293.858868 153.113976
v -33.794236 300.922300 139.558932
v -30.427637 307.324045 125.697018
v -48.002187 307.324045 120.074379
v -53.306914 300.922300 133.316227
v -58.494207 293.858868 146.264931
v -63.552659 286.149281 158.892018
v -68.471147 277.810491 171.169723
v -73.238858 268.860834 183.071050
v -77.845306 259.319989 194.569829
v -82.280363 249.208934 205.640775
v -86.534277 238.549904 216.259545
v -90.597694 227.366335 226.402791
v -94.461679 215.682818 236.048207
v -98.117736 203.525045 245.174586
v -101.557826 190.919748 253.761860
v -104.774384 177.894645 261.791146
v -107.760338 164.478376 269.244790
v -110.509122 150.700441 276.106401
v -113.014691 136.591137 282.360892
v -115.271537 122.181488 287.994510
v -117.274696 107.503178 292.994868
v -119.019765 92.588484 297.350970
v -120.502906 77.470200 301.053239
v -121.720857 62.181570 304.093532
v -122.670942 46.756211 306.465166
v -123.351069 31.228042 308.162925
v -123.759745 15.631206 309.183076
v -108.910791 15.631206 314.725369
v -108.551110 31.228042 313.686932
v -107.952519 46.756211 311.958740
v -107.116336 62.181570 309.544593
v -106.044399 77.470200 306.449800
v -104.739065 92.588484 302.681167
v -103.203204 107.503178 298.246978
v -101.440194 122.181488 293.156986
v -99.453910 136.591137 287.422382
v -97.248722 150.700441 281.055775
v -94.829477 164.478376 274.071166
v -92.201495 177.894645 266.483911
v -89.370554 190.919748 258.310695
v -86.342880 203.525045 249.569489
v -83.125130 215.682818 240.279514
v -79.724380 227.366335 230.461198
v -76.148107 238.549904 220.136128
v -72.404174 249.208934 209.327010
v -68.500815 259.319989 198.057610
v -64.446612 268.860834 186.352709
v -60.250480 277.810491 174.238044
v -55.921645 286.149281 161.740253
v -51.469627 293.858868 148.886818
v -46.904214 300.922300 135.706001
v -42.235445 307.324045 122.226785
v -37.473586 313.050026 108.478809
v -52.526504 313.050026 102.028808
v -59.196082 307.324045 114.959348
v -65.735276 300.922300 127.637108
v -72.129708 293.858868 140.034211
v -78.365316 286.149281 152.123399
v -84.428390 277.810491 163.878088
v -90.305597 268.860834 175.272432
v -95.984015 259.319989 186.281375
v -101.451158 249.208934 196.880712
v -106.695003 238.549904 207.047135
v -111.704021 227.366335 216.758289
v -116.467197 215.682818 225.992822
v -120.974058 203.525045 234.730428
v -125.214694 190.919748 242.951894
v -129.179780 177.894645 250.639142
v -132.860597 164.478376 257.775268
v -136.249052 150.700441 264.344583
v -139.337695 136.591137 270.332640
v -142.119733 122.181488 275.726272
v -144.589049 107.503178 280.513620
v -146.740214 92.588484 284.684158
v -148.568497 77.470200 288.228714
v -150.069879 62.181570 291.139494
v -151.241058 46.756211 293.410099
v -152.079459 31.228042 295.035535
v -152.583238 15.631206 296.012229
v -138.328224 15.631206 302.940650
v -137.871479 31.228042 301.941096
v -137.111355 46.756211 300.277615
v -136.049521 62.181570 297.953865
v -134.688313 77.470200 294.974955
v -133.030724 92.588484 291.347436
v -131.080399 107.503178 287.079284
v -128.841626 122.181488 282.179883
v -126.319328 136.591137 276.660008
v -123.519052 150.700441 270.531796
v -120.446954 164.478376 263.808721
v -117.109790 177.894645 256.505567
v -113.514898 190.919748 248.638392
v -109.670182 203.525045 240.224496
v -105.584097 215.682818 231.282379
v -101.265626 227.366335 221.831704
v -96.724267 238.549904 211.893252
v -91.970005 249.208934 201.488875
v -87.013293 259.319989 190.641452
v -81.865031 268.860834 179.374834
v -76.536539 277.810491 167.713796
v -71.039534 286.149281 155.683978
v -65.386102 293.858868 143.311833
v -59.588676 300.922300 130.624564
v -53.660003 307.324045 117.650070
v -47.613119 313.050026 104.416880
v -61.984907 313.050026 96.565475
v -69.853188 307.324045 108.803623
v -77.567652 300.922300 120.802528
v -85.111335 293.858868 132.535804
v -92.467651 286.149281 143.977652
v -99.620422 277.810491 155.102914
v -106.553923 268.860834 165.887125
v -113.252906 259.319989 176.306573
v -119.702641 249.208934 186.338347
v -125.888947 238.549904 195.960389
v -131.798220 227.366335 205.151541
v -137.417468 215.682818 213.891592
v -142.734333 203.525045 222.161326
v -147.737125 190.919748 229.942557
v -152.414844 177.894645 237.218176
v -156.757204 164.478376 243.972185
v -160.754656 150.700441 250.189732
v -164.398410 136.591137 255.857147
v -167.680456 122.181488 260.961967
v -170.593575 107.503178 265.492967
v -173.131362 92.588484 269.440185
v -175.288238 77.470200 272.794941
v -177.059458 62.181570 275.549858
v -178.441130 46.756211 277.698878
v -179.430214 31.228042 279.237277
v -180.024535 15.631206 280.161672
v -166.497493 15.631206 288.410621
v -165.952773 31.228042 287.456138
v -165.042882 46.756211 285.869604
v -163.769798 62.181570 283.654520
v -162.136301 77.470200 280.815769
v -160.145958 92.588484 277.359606
v -157.803128 107.503178 273.293641
v -155.112939 122.181488 268.626829
v -152.081286 136.591137 263.369442
v -148.714816 150.700441 257.533052
v -145.020911 164.478376 251.130505
v -141.007674 177.894645 244.175889
v -136.683912 190.919748 236.684509
v -132.059112 203.525045 228.672846
v -127.143427 215.682818 220.158528
v -121.947648 227.366335 211.160287
v -116.483184 238.549904 201.697918
v -110.762035 249.208934 191.792236
v -104.796766 259.319989 181.465031
v -98.600479 268.860834 170.739019
v -92.186787 277.810491 159.637795
v -85.569778 286.149281 148.185773
v -78.763992 293.858868 136.408144
v -71.784383 300.922300 124.330810
v -64.646287 307.324045 111.980334
v -57.365392 313.050026 99.383878
v -66.508506 313.050026 93.502585
v -74.950082 307.324045 105.352561
v -83.226633 300.922300 116.970881
v -91.319961 293.858868 128.331998
v -99.212268 286.149281 139.410931
v -106.886202 277.810491 150.183318
v -114.324887 268.860834 160.625473
v -121.511968 259.319989 170.714434
v -128.431641 249.208934 180.428018
v -135.068690 238.549904 189.744865
v -141.408522 227.366335 198.644490
v -147.437197 215.682818 207.107322
v -153.141457 203.525045 215.114754
v -158.508760 190.919748 222.649178
v -163.527304 177.894645 229.694027
v -168.186055 164.478376 236.233810
v -172.474767 150.700441 242.254148
v -176.384011 136.591137 247.741802
v -179.905191 122.181488 252.684706
v -183.030565 107.503178 257.071991
v -185.753259 92.588484 260.894009
v -188.067288 77.470200 264.142358
v -189.967562 62.181570 266.809894
v -191.449904 46.756211 268.890752
v -192.511054 31.228042 270.380355
v -193.148679 15.631206 271.275430
v -75.093307 313.050026 86.749024
v -84.622871 307.324045 97.743093
v -93.966141 300.922300 108.522238
v -103.102572 293.858868 119.062757
v -112.012075 286.149281 129.341474
v -120.675059 277.810491 139.335787
v -129.072476 268.860834 149.023719
v -137.185860 259.319989 158.383969
v -144.997371 249.208934 167.395954
v -152.489833 238.549904 176.039858
v -159.646770 227.366335 184.296675
v -166.452447 215.682818 192.148249
v -172.891897 203.525045 199.577315
v -178.950963 190.919748 206.567538
v -184.616319 177.894645 213.103548
v -189.875510 164.478376 219.170972
v -194.716971 150.700441 224.756469
v -199.130056 136.591137 229.847757
v -203.105061 122.181488 234.433642
v -206.633247 107.503178 238.504040
v -209.706854 92.588484 242.049999
v -212.319125 77.470200 245.063724
v -214.464315 62.181570 247.538588
v -216.137708 46.756211 249.469148
v -217.335624 31.228042 250.851160
v -218.055429 15.631206 251.681584
v -205.835220 15.631206 261.774896
v -205.155735 31.228042 260.911168
v -204.024922 46.756211 259.473733
v -202.445266 62.181570 257.465751
v -200.420241 77.470200 254.891637
v -197.954299 92.588484 251.757051
v -195.052863 107.503178 248.068886
v -191.722313 122.181488 243.835251
v -187.969972 136.591137 239.065456
v -183.804090 150.700441 233.769989
v -179.233829 164.478376 227.960494
v -174.269238 177.894645 221.649746
v -168.921232 190.919748 214.851619
v -163.201572 203.525045 207.581064
v -157.122834 215.682818 199.854066
v -150.698385 227.366335 191.687617
v -143.942350 238.549904 183.099673
v -136.869587 249.208934 174.109117
v -129.495646 259.319989 164.735720
v -121.836742 268.860834 155.000092
v -113.909716 277.810491 144.923639
v -105.731998 286.149281 134.528520
v -97.321570 293.858868 123.837590
v -88.696925 300.922300 112.874359
v -79.877029 307.324045 101.662932
v -93.528688 307.324045 89.248785
v -103.854095 300.922300 99.091175
v -113.950921 293.858868 108.715677
v -123.796965 286.149281 118.101128
v -133.370577 277.810491 127.226890
v -142.650705 268.860834 136.072898
v -151.616943 259.319989 144.619701
v -160.249577 249.208934 152.848505
v -168.529625 238.549904 160.741216
v -176.438879 227.366335 168.280479
v -183.959948 215.682818 175.449716
v -191.076294 203.525045 182.233163
v -197.772271 190.919748 188.615905
v -204.033153 177.894645 194.583906
v -209.845174 164.478376 200.124044
v -215.195555 150.700441 205.224137
v -220.072530 136.591137 209.872970
v -224.465377 122.181488 214.060321
v -228.364434 107.503178 217.776983
v -231.761130 92.588484 221.014783
v -234.647995 77.470200 223.766602
v -237.018682 62.181570 226.026389
v -238.867977 46.756211 227.789175
v -240.191814 31.228042 229.051084
v -240.987282 15.631206 229.809341
v -229.781634 15.631206 241.018350
v -229.023139 31.228042 240.223109
v -227.760833 46.756211 238.899650
v -225.997492 62.181570 237.050884
v -223.736995 77.470200 234.680876
v -220.984310 92.588484 231.794836
v -217.745491 107.503178 228.399111
v -214.027660 122.181488 224.501168
v -209.838992 136.591137 220.109578
v -205.188697 150.700441 215.233997
v -200.087000 164.478376 209.885146
v -194.545119 177.894645 204.074786
v -188.575240 190.919748 197.815694
v -182.190490 203.525045 191.121633
v -175.404909 215.682818 184.007321
v -168.233416 227.366335 176.488402
v -160.691782 238.549904 168.581410
v -152.796588 249.208934 160.303730
v -144.565196 259.319989 151.673564
v -136.015704 268.860834 142.709889
v -127.166913 277.810491 133.432414
v -118.038280 286.149281 123.861540
v -108.649876 293.858868 114.018312
v -99.022347 300.922300 103.924372
v -89.176861 307.324045 93.601918
v -101.586914 307.324045 79.946536
v -112.800985 300.922300 88.763070
v -123.766802 293.858868 97.384426
v -134.460253 286.149281 105.791647
v -144.857825 277.810491 113.966247
v -154.936654 268.860834 121.890251
v -164.674579 259.319989 129.546235
v -174.050188 249.208934 136.917364
v -183.042864 238.549904 143.987431
v -191.632834 227.366335 150.740889
v -199.801209 215.682818 157.162889
v -207.530030 203.525045 163.239309
v -214.802300 190.919748 168.956789
v -221.602030 177.894645 174.302755
v -227.914268 164.478376 179.265454
v -233.725133 150.700441 183.833973
v -239.021849 136.591137 187.998266
v -243.792769 122.181488 191.749176
v -248.027402 107.503178 195.078457
v -251.716437 92.588484 197.978787
v -254.851763 77.470200 200.443788
v -257.426484 62.181570 202.468041
v -259.434940 46.756211 204.047095
v -260.872714 31.228042 205.177477
v -261.736646 15.631206 205.856702
v -251.646999 15.631206 218.079938
v -250.816359 31.228042 217.360382
v -249.433988 46.756211 216.162881
v -247.502926 62.181570 214.490067
v -245.027419 77.470200 212.345619
v -242.012911 92.588484 209.734252
v -238.466030 107.503178 206.661708
v -234.394574 122.181488 203.134744
v -229.807498 136.591137 199.161114
v -224.714886 150.700441 194.749556
v -219.127937 164.478376 189.909771
v -213.058936 177.894645 184.652400
v -206.521228 190.919748 178.989003
v -199.529188 203.525045 172.932035
v -192.098191 215.682818 166.494813
v -184.244576 227.366335 159.691491
v -175.985613 238.549904 152.537030
v -167.339462 249.208934 145.047161
v -158.325135 259.319989 137.238353
v -148.962452 268.860834 129.127777
v -139.272002 277.810491 120.733266
v -129.275091 286.149281 112.073280
v -118.993703 293.858868 103.166860
v -108.450444 300.922300 94.033590
v -97.668497 307.324045 84.693553
v -86.671571 313.050026 75.167286
v -96.484090 313.050026 62.055943
v -108.724598 307.324045 69.920554
v -120.725815 300.922300 77.631419
v -132.461354 293.858868 85.171583
v -143.905408 286.149281 92.524466
v -155.032814 277.810491 99.673901
v -165.819104 268.860834 106.604167
v -176.240560 259.319989 113.300025
v -186.274269 249.208934 119.746751
v -195.898165 238.549904 125.930171
v -205.091089 227.366335 131.836688
v -213.832825 215.682818 137.453314
v -222.104153 203.525045 142.767699
v -229.886884 190.919748 147.768157
v -237.163906 177.894645 152.443694
v -243.919217 164.478376 156.784028
v -250.137963 150.700441 160.779615
v -255.806470 136.591137 164.421670
v -260.912274 122.181488 167.702184
v -265.444147 107.503178 170.613944
v -269.392126 92.588484 173.150547
v -272.747528 77.470200 175.306417
v -275.502977 62.181570 177.076811
v -277.652412 46.756211 178.457838
v -279.191107 31.228042 179.446460
v -280.115680 15.631206 180.040505
v -271.233374 15.631206 193.167313
v -270.338109 31.228042 192.529957
v -268.848187 46.756211 191.469253
v -266.766885 62.181570 189.987535
v -264.098779 77.470200 188.088061
v -260.849736 92.588484 185.775007
v -257.026901 107.503178 183.053459
v -252.638679 122.181488 179.929401
v -247.694720 136.591137 176.409704
v -242.205893 150.700441 172.502106
v -236.184270 164.478376 168.215199
v -229.643090 177.894645 163.558410
v -222.596736 190.919748 158.541979
v -215.060702 203.525045 153.176935
v -207.051560 215.682818 147.475077
v -198.586920 227.366335 141.448941
v -189.685395 238.549904 135.111779
v -180.366557 249.208934 128.477524
v -170.650899 259.319989 121.560764
v -160.559783 268.860834 114.376709
v -150.115397 277.810491 106.941156
v -139.340709 286.149281 99.270454
v -128.259410 293.858868 91.381469
v -116.895866 300.922300 83.291549
v -105.275064 307.324045 75.018483
v -93.422557 313.050026 66.580461
v -101.944586 313.050026 52.595902
v -114.877126 307.324045 59.261602
v -127.556846 300.922300 65.796994
v -139.955867 293.858868 72.187707
v -152.046924 286.149281 78.419690
v -163.803431 277.810491 84.479238
v -175.199537 268.860834 90.353028
v -186.210183 259.319989 96.028144
v -196.811159 249.208934 101.492107
v -206.979154 238.549904 106.732904
v -216.691811 227.366335 111.739009
v -225.927772 215.682818 116.499415
v -234.666729 203.525045 121.003655
v -242.889466 190.919748 125.241825
v -250.577902 177.894645 129.204605
v -257.715133 164.478376 132.883282
v -264.285463 150.700441 136.269767
v -270.274446 136.591137 139.356614
v -275.668912 122.181488 142.137034
v -280.457001 107.503178 144.604914
v -284.628183 92.588484 146.754828
v -288.173287 77.470200 148.582049
v -291.084518 62.181570 150.082558
v -293.355474 46.756211 151.253056
v -294.981162 31.228042 152.090969
v -295.958006 15.631206 152.594455
v -288.364889 15.631206 166.503509
v -287.414532 31.228042 165.951645
v -285.831958 46.756211 165.034898
v -283.620639 62.181570 163.755295
v -280.785433 77.470200 162.115660
v -277.332566 92.588484 160.119609
v -273.269626 107.503178 157.771542
v -268.605540 122.181488 155.076633
v -263.350558 136.591137 152.040817
v -257.516229 150.700441 148.670780
v -251.115377 164.478376 144.973942
v -244.162069 177.894645 140.958442
v -236.671591 190.919748 136.633118
v -228.660407 203.525045 132.007491
v -220.146128 215.682818 127.091741
v -211.147470 227.366335 121.896684
v -201.684216 238.549904 116.433753
v -191.777170 249.208934 110.714968
v -181.448111 259.319989 104.752910
v -170.719748 268.860834 98.560697
v -159.615667 277.810491 92.151952
v -148.160280 286.149281 85.540772
v -136.378774 293.858868 78.741700
v -124.297050 300.922300 71.769693
v -111.941673 307.324045 64.640085
v -99.339806 313.050026 57.368558
v -104.331185 313.050026 47.681801
v -117.566188 307.324045 53.724716
v -130.542459 300.922300 59.649498
v -143.231466 293.858868 65.443119
v -155.605307 286.149281 71.092840
v -167.636772 277.810491 76.586237
v -179.299408 268.860834 81.911231
v -190.567569 259.319989 87.056114
v -201.416478 249.208934 92.009572
v -211.822280 238.549904 96.760714
v -221.762094 227.366335 101.299093
v -231.214064 215.682818 105.614729
v -240.157406 203.525045 109.698132
v -248.572455 190.919748 113.540324
v -256.440707 177.894645 117.132857
v -263.744862 164.478376 120.467830
v -270.468858 150.700441 123.537912
v -276.597910 136.591137 126.336350
v -282.118541 122.181488 128.856992
v -287.018613 107.503178 131.094296
v -291.287350 92.588484 133.043341
v -294.915366 77.470200 134.699842
v -297.894684 62.181570 136.060156
v -300.218753 46.756211 137.121293
v -301.882461 31.228042 137.880919
v -302.882152 15.631206 138.337364
v -108.390073 313.050026 37.541051
v -122.139477 307.324045 42.298786
v -135.620092 300.922300 46.963512
v -148.802278 293.858868 51.524972
v -161.657048 286.149281 55.973136
v -174.156136 277.810491 60.298222
v -186.272059 268.860834 64.490720
v -197.978175 259.319989 68.541413
v -209.248745 249.208934 72.441392
v -220.058986 238.549904 76.182083
v -230.385127 227.366335 79.755259
v -240.204463 215.682818 83.153065
v -249.495403 203.525045 86.368029
v -258.237516 190.919748 89.393081
v -266.411581 177.894645 92.221570
v -273.999623 164.478376 94.847276
v -280.984958 150.700441 97.264427
v -287.352226 136.591137 99.467706
v -293.087426 122.181488 101.452269
v -298.177946 107.503178 103.213753
v -302.612595 92.588484 104.748284
v -306.381620 77.470200 106.052488
v -309.476734 62.181570 107.123496
v -311.891131 46.756211 107.958956
v -313.619503 31.228042 108.557028
v -314.658048 15.631206 108.916398
v -309.120208 15.631206 123.767013
v -308.099935 31.228042 123.358643
v -306.401972 46.756211 122.679025
v -304.030054 62.181570 121.729652
v -300.989395 77.470200 120.512612
v -297.286682 92.588484 119.030582
v -292.930056 107.503178 117.286820
v -287.929098 122.181488 115.285160
v -282.294803 136.591137 113.030004
v -276.039561 150.700441 110.526310
v -269.177126 164.478376 107.779585
v -261.722587 177.894645 104.795866
v -253.692337 190.919748 101.581716
v -245.104031 203.525045 98.144202
v -235.976556 215.682818 94.490882
v -226.329981 227.366335 90.629790
v -216.185518 238.549904 86.569415
v -205.565472 249.208934 82.318686
v -194.493196 259.319989 77.886949
v -182.993037 268.860834 73.283950
v -171.090281 277.810491 68.519809
v -158.811101 286.149281 63.605003
v -146.182497 293.858868 58.550338
v -133.232238 300.922300 53.366929
v -119.988800 307.324045 48.066173
v -125.606168 307.324045 30.489938
v -139.469091 300.922300 33.852380
v -153.025121 293.858868 37.140385
v -166.244451 286.149281 40.346724
v -179.098011 277.810491 43.464345
v -191.557540 268.860834 46.486395
v -203.595640 259.319989 49.406227
v -215.185841 249.208934 52.217422
v -226.302658 238.549904 54.913797
v -236.921647 227.366335 57.489425
v -247.019458 215.682818 59.938642
v -256.573887 203.525045 62.256062
v -265.563925 190.919748 64.436589
v -273.969805 177.894645 66.475429
v -281.773043 164.478376 68.368098
v -288.956481 150.700441 70.110436
v -295.504323 136.591137 71.698610
v -301.402172 122.181488 73.129129
v -306.637059 107.503178 74.398847
v -311.197474 92.588484 75.504972
v -315.073388 77.470200 76.445072
v -318.256279 62.181570 77.217080
v -320.739148 46.756211 77.819298
v -322.516536 31.228042 78.250402
v -323.584535 15.631206 78.509445
v -319.483133 15.631206 93.819146
v -318.428667 31.228042 93.509589
v -316.673800 46.756211 92.994418
v -314.222391 62.181570 92.274764
v -311.079831 77.470200 91.352211
v -307.253028 92.588484 90.228788
v -302.750399 107.503178 88.906963
v -297.581843 122.181488 87.389644
v -291.758725 136.591137 85.680167
v -285.293851 150.700441 83.782292
v -278.201434 164.478376 81.700191
v -270.497071 177.894645 79.438442
v -262.197702 190.919748 77.002019
v -253.321576 203.525045 74.396279
v -243.888211 215.682818 71.626952
v -233.918349 227.366335 68.700127
v -223.433913 238.549904 65.622239
v -212.457957 249.208934 62.400058
v -201.014615 259.319989 59.040667
v -189.129050 268.860834 55.551454
v -176.827396 277.810491 51.940091
v -164.136703 286.149281 48.214519
v -151.084875 293.858868 44.382930
v -137.700613 300.922300 40.453749
v -124.013347 307.324045 36.435616
v -127.934879 307.324045 18.405074
v -142.054614 300.922300 20.434792
v -155.861770 293.858868 22.419577
v -169.325987 286.149281 24.355065
v -182.417660 277.810491 26.236999
v -195.108002 268.860834 28.061241
v -207.369108 259.319989 29.823781
v -219.174019 249.208934 31.520742
v -230.496775 238.549904 33.148394
v -241.312481 227.366335 34.703157
v -251.597354 215.682818 36.181612
v -261.328780 203.525045 37.580509
v -270.485359 190.919748 38.896771
v -279.046958 177.894645 40.127505
v -286.994751 164.478376 41.270004
v -294.311262 150.700441 42.321756
v -300.980404 136.591137 43.280448
v -306.987511 122.181488 44.143973
v -312.319374 107.503178 44.910431
v -316.964270 92.588484 45.578137
v -320.911986 77.470200 46.145623
v -324.153840 62.181570 46.611641
v -326.682704 46.756211 46.975166
v -328.493019 31.228042 47.235400
v -329.580802 15.631206 47.391769
v -326.952967 15.631206 63.021962
v -325.873854 31.228042 62.814021
v -324.077970 46.756211 62.467960
v -321.569262 62.181570 61.984541
v -318.353249 77.470200 61.364826
v -314.437000 92.588484 60.610179
v -309.829127 107.503178 59.722258
v -304.539763 122.181488 58.703016
v -298.580538 136.591137 57.554694
v -291.964555 150.700441 56.279818
v -284.706363 164.478376 54.881189
v -276.821920 177.894645 53.361885
v -268.328564 190.919748 51.725245
v -259.244971 203.525045 49.974868
v -249.591113 215.682818 48.114604
v -239.388220 227.366335 46.148542
v -228.658724 238.549904 44.081005
v -217.426219 249.208934 41.916541
v -205.715404 259.319989 39.659908
v -193.552029 268.860834 37.316068
v -180.962840 277.810491 34.890176
v -167.975519 286.149281 32.387564
v -154.618622 293.858868 29.813737
v -140.921521 300.922300 27.174354
v -126.914333 307.324045 24.475217
v -112.627857 313.050026 21.722264
v -114.571702 313.050026 5.461442
v -129.104529 307.324045 6.153593
v -143.353253 300.922300 6.832214
v -157.286543 293.858868 7.495811
v -170.873761 286.149281 8.142927
v -184.085032 277.810491 8.772137
v -196.891305 268.860834 9.382058
v -209.264422 259.319989 9.971350
v -221.177174 249.208934 10.538715
v -232.603369 238.549904 11.082908
v -243.517881 227.366335 11.602731
v -253.896710 215.682818 12.097041
v -263.717036 203.525045 12.564751
v -272.957264 190.919748 13.004833
v -281.597077 177.894645 13.416320
v -289.617476 164.478376 13.798305
v -297.000827 150.700441 14.149950
v -303.730893 136.591137 14.470482
v -309.792878 122.181488 14.759194
v -315.173450 107.503178 15.015454
v -319.860779 92.588484 15.238696
v -323.844559 77.470200 15.428431
v -327.116028 62.181570 15.584240
v -329.667995 46.756211 15.705782
v -331.494847 31.228042 15.792789
v -332.592568 15.631206 15.845070
v -331.462089 15.631206 31.654259
v -330.368098 31.228042 31.549816
v -328.547454 46.756211 31.375999
v -326.004159 62.181570 31.133190
v -322.743805 77.470200 30.821924
v -318.773562 92.588484 30.442885
v -314.102161 107.503178 29.996906
v -308.739871 122.181488 29.484967
v -302.698486 136.591137 28.908196
v -295.991288 150.700441 28.267859
v -288.633025 164.478376 27.565365
v -280.639879 177.894645 26.802259
v -272.029424 190.919748 25.980218
v -262.820594 203.525045 25.101050
v -253.033637 215.682818 24.166689
v -242.690075 227.366335 23.179188
v -231.812650 238.549904 22.140719
v -220.425281 249.208934 21.053566
v -208.553008 259.319989 19.920119
v -196.221935 268.860834 18.742871
v -183.459177 277.810491 17.524409
v -170.292798 286.149281 16.267414
v -156.751748 293.858868 14.974649
v -142.865803 300.922300 13.648957
v -128.665496 307.324045 12.293252
v -114.182051 313.050026 10.910517
v 0.000000 0.000000 0.000000
v 0.000000 400.000000 0.000000
v -99.611749 387.926216 -0.000000
v -98.758360 390.739725 -0.000000
v -97.372218 393.333203 -0.000000
v -95.507337 395.605814 -0.000000
v -93.233855 397.471799 -0.000000
v -90.640715 398.857978 -0.000000
v -87.826437 399.711745 -0.000000
v -84.899941 400.000000 0.000000
v 0.000000 400.000000 84.999882
v -84.537889 400.000000 7.836948
v -83.454817 400.000000 15.607134
v -81.659951 400.000000 23.244364
v -79.168581 400.000000 30.683579
v -76.001933 400.000000 37.861403
v -72.186980 400.000000 44.716691
v -67.756224 400.000000 51.191043
v -62.747408 400.000000 57.229304
v -57.203203 400.000000 62.780036
v -51.170839 400.000000 67.795952
v -44.701704 400.000000 72.234322
v -37.850909 400.000000 76.057337
v -30.676815 400.000000 79.232428
v -23.240536 400.000000 81.732548
v -15.605423 400.000000 83.536397
v -7.836516 400.000000 84.628610
v -0.000000 387.926217 99.711699
v -0.000000 390.739727 98.858309
v 0.000000 393.333205 97.472166
v 0.000000 395.605816 95.607283
v -0.000000 397.471800 93.333800
v -0.000000 398.857979 90.740658
v -0.000000 399.711745 87.926379
v -87.187095 399.711779 10.582852
v -96.808012 386.439075 24.388060
v -58.806465 399.711779 65.276811
v -60.223924 386.439075 79.667838
v -6.552168 399.711779 87.674297
v -6.662434 399.343979 89.127593
v -6.765056 398.858194 90.480130
v -6.863609 398.242560 91.779036
v -6.961256 397.472046 93.066001
v -7.052480 396.574492 94.268324
v -7.133226 395.606603 95.332536
v -7.206453 394.539333 96.297651
v -7.274358 393.333555 97.192633
v -7.332653 392.042892 97.960941
v -7.379229 390.740253 98.574811
v -7.415982 389.383829 99.059205
v -7.443808 387.926356 99.425952
v -7.460297 386.439075 99.643274
v -13.264152 399.711779 86.904736
v -13.485678 399.343979 88.345276
v -13.691844 398.858194 89.685941
v -13.889836 398.242560 90.973446
v -14.086007 397.472046 92.249114
v -14.269277 396.574492 93.440884
v -14.431494 395.606603 94.495755
v -14.578606 394.539333 95.452399
v -14.715028 393.333555 96.339525
v -14.832141 392.042892 97.101088
v -14.925713 390.740253 97.709571
v -14.999548 389.383829 98.189713
v -15.055452 387.926356 98.553240
v -15.088578 386.439075 98.768656
v -20.066970 399.711779 85.582282
v -20.401259 399.343979 87.000901
v -20.712371 398.858194 88.321165
v -21.011148 398.242560 89.589077
v -21.307177 397.472046 90.845333
v -21.583737 396.574492 92.018968
v -21.828529 395.606603 93.057786
v -22.050526 394.539333 93.999873
v -22.256391 393.333555 94.873500
v -22.433118 392.042892 95.623474
v -22.574322 390.740253 96.222697
v -22.685743 389.383829 96.695532
v -22.770102 387.926356 97.053528
v -22.820091 386.439075 97.265665
v -26.895721 399.711779 83.679536
v -27.343204 399.343979 85.066615
v -27.759663 398.858194 86.357525
v -28.159608 398.242560 87.597248
v -28.555876 397.472046 88.825574
v -28.926083 396.574492 89.973115
v -29.253763 395.606603 90.988838
v -29.550931 394.539333 91.909978
v -29.826504 393.333555 92.764182
v -30.063073 392.042892 93.497482
v -30.252090 390.740253 94.083383
v -30.401239 389.383829 94.545706
v -30.514164 387.926356 94.895742
v -30.581079 386.439075 95.103163
v -33.678830 399.711779 81.178965
v -34.238750 399.343979 82.524594
v -34.759851 398.858194 83.776929
v -35.260288 398.242560 84.979605
v -35.756125 397.472046 86.171226
v -36.219352 396.574492 87.284475
v -36.629368 395.606603 88.269845
v -37.001204 394.539333 89.163460
v -37.346019 393.333555 89.992137
v -37.642030 392.042892 90.703525
v -37.878539 390.740253 91.271917
v -38.065165 389.383829 91.720424
v -38.206464 387.926356 92.060001
v -38.290193 386.439075 92.261223
v -40.339897 399.711779 78.074634
v -41.010232 399.343979 79.368805
v -41.634091 398.858194 80.573250
v -42.233214 398.242560 81.729935
v -42.826828 397.472046 82.875987
v -43.381401 396.574492 83.946665
v -43.872271 395.606603 84.894354
v -44.317431 394.539333 85.753797
v -44.730243 393.333555 86.550785
v -45.084626 392.042892 87.234969
v -45.367774 390.740253 87.781625
v -45.591202 389.383829 88.212982
v -45.760364 387.926356 88.539572
v -45.860605 386.439075 88.733100
v -46.800058 399.711779 74.373505
v -47.577477 399.343979 75.606326
v -48.300997 398.858194 76.753674
v -48.995827 398.242560 77.855527
v -49.684270 397.472046 78.947250
v -50.327435 396.574492 79.967173
v -50.896719 395.606603 80.869937
v -51.412993 394.539333 81.688637
v -51.891750 393.333555 82.447844
v -52.302745 392.042892 83.099594
v -52.631126 390.740253 83.620336
v -52.890245 389.383829 84.031244
v -53.086431 387.926356 84.342353
v -53.202684 386.439075 84.526706
v -59.782903 399.343979 66.358845
v -60.691644 398.858194 67.365860
v -61.564350 398.242560 68.332944
v -62.429034 397.472046 69.291137
v -63.236849 396.574492 70.186312
v -63.951870 395.606603 70.978658
v -64.600310 394.539333 71.697223
v -65.201629 393.333555 72.363571
v -65.717838 392.042892 72.935604
v -66.130285 390.740253 73.392654
v -66.455738 389.383829 73.753303
v -66.702147 387.926356 74.026360
v -66.848162 386.439075 74.188165
v -60.089187 387.926356 79.496482
v -59.864012 389.383829 79.205640
v -59.567648 390.740253 78.820708
v -59.192946 392.042892 78.332220
v -58.724813 393.333555 77.720207
v -58.180063 394.539333 77.006857
v -57.592928 395.606603 76.237380
v -56.945886 396.574492 75.388605
v -56.215340 397.472046 74.429324
v -55.433655 398.242560 73.402292
v -54.644828 398.858194 72.365647
v -53.823635 399.343979 71.286043
v -52.941571 399.711779 70.125783
v -64.208035 399.711779 59.962574
v -65.274010 399.343979 60.956519
v -66.266080 398.858194 61.881551
v -67.218812 398.242560 62.769905
v -68.162785 397.472046 63.650091
v -69.044674 396.574492 64.472389
v -69.825261 395.606603 65.200229
v -70.533161 394.539333 65.860295
v -71.189620 393.333555 66.472395
v -71.753164 392.042892 66.997859
v -72.203430 390.740253 67.417700
v -72.558727 389.383829 67.748988
v -72.827731 387.926356 67.999815
v -72.987135 386.439075 68.148448
v -69.124966 399.711779 54.211971
v -70.272445 399.343979 55.110593
v -71.340367 398.858194 55.946912
v -72.365944 398.242560 56.750069
v -73.382092 397.472046 57.545843
v -74.331410 396.574492 58.289280
v -75.171679 395.606603 58.947318
v -75.933705 394.539333 59.544081
v -76.640356 393.333555 60.097479
v -77.246988 392.042892 60.572549
v -77.731681 390.740253 60.952126
v -78.114144 389.383829 61.251643
v -78.403716 387.926356 61.478415
v -78.575308 386.439075 61.612793
v -73.507852 399.711779 48.092803
v -74.727982 399.343979 48.889994
v -75.863518 398.858194 49.631913
v -76.954028 398.242560 50.344414
v -78.034512 397.472046 51.050365
v -79.043935 396.574492 51.709887
v -79.937405 395.606603 52.293649
v -80.747678 394.539333 52.823053
v -81.499069 393.333555 53.313986
v -82.144109 392.042892 53.735432
v -82.659490 390.740253 54.072164
v -83.066168 389.383829 54.337874
v -83.374074 387.926356 54.539049
v -83.556530 386.439075 54.658259
v -77.319959 399.711779 41.679535
v -78.603279 399.343979 42.370418
v -79.797624 398.858194 43.013401
v -80.944610 398.242560 43.630889
v -82.081052 397.472046 44.242700
v -83.142752 396.574492 44.814273
v -84.082495 395.606603 45.320189
v -84.934731 394.539333 45.778996
v -85.725036 393.333555 46.204462
v -86.403483 392.042892 46.569708
v -86.945555 390.740253 46.861536
v -87.373294 389.383829 47.091812
v -87.697147 387.926356 47.266160
v -87.889052 386.439075 47.369474
v -80.538106 399.711779 35.050386
v -81.874769 399.343979 35.631384
v -83.118760 398.858194 36.172101
v -84.313424 398.242560 36.691377
v -85.497105 397.472046 37.205879
v -86.602937 396.574492 37.686543
v -87.581742 395.606603 38.111993
v -88.469403 394.539333 38.497827
v -89.292560 393.333555 38.855622
v -89.999208 392.042892 39.162776
v -90.563812 390.740253 39.408188
v -91.009332 389.383829 39.601839
v -91.346646 387.926356 39.748457
v -91.546528 386.439075 39.835338
v -83.152789 399.711779 28.284392
v -84.532794 399.343979 28.753236
v -85.817121 398.858194 29.189575
v -87.050522 398.242560 29.608612
v -88.272583 397.472046 30.023796
v -89.414272 396.574492 30.411675
v -90.424815 395.606603 30.754998
v -91.341258 394.539333 31.066351
v -92.191106 393.333555 31.355079
v -92.920666 392.042892 31.602941
v -93.503578 390.740253 31.800980
v -93.963544 389.383829 31.957249
v -94.311795 387.926356 32.075564
v -94.518158 386.439075 32.145674
v -85.167589 399.711779 21.458609
v -86.580992 399.343979 21.814308
v -87.896401 398.858194 22.145347
v -89.159651 398.242560 22.463259
v -90.411288 397.472046 22.778248
v -91.580607 396.574492 23.072521
v -92.615606 395.606603 23.332991
v -93.554228 394.539333 23.569207
v -94.424642 393.333555 23.788257
v -95.171859 392.042892 23.976303
v -95.768878 390.740253 24.126550
v -96.239975 389.383829 24.245107
v -96.596655 387.926356 24.334870
v -86.358400 399.711779 15.999337
v -87.791541 399.343979 16.264544
v -89.125321 398.858194 16.511363
v -90.406213 398.242560 16.748395
v -91.675330 397.472046 16.983248
v -92.860979 396.574492 17.202655
v -93.910432 395.606603 17.396859
v -94.862162 394.539333 17.572979
v -95.744733 393.333555 17.736301
v -96.502385 392.042892 17.876506
v -97.107742 390.740253 17.988529
v -97.585418 389.383829 18.076924
v -97.947078 387.926356 18.143851
v -98.161387 386.439075 18.183509
v -87.669991 399.711779 5.240455
v -89.124873 399.343979 5.327322
v -90.478887 398.858194 5.408165
v -91.779210 398.242560 5.485803
v -93.067580 397.472046 5.562728
v -94.271215 396.574492 5.634593
v -95.336589 395.606603 5.698203
v -96.302757 394.539333 5.755889
v -97.198716 393.333555 5.809384
v -97.967862 392.042892 5.855307
v -98.582402 390.740253 5.891999
v -99.067325 389.383829 5.920953
v -99.434472 387.926356 5.942874
v -99.652032 386.439075 5.955863
v -99.103213 386.439075 12.027585
v -98.886850 387.926356 12.001352
v -98.521723 389.383829 11.957084
v -98.039468 390.740253 11.898614
v -97.428309 392.042892 11.824516
v -96.663395 393.333555 11.731776
v -95.772365 394.539333 11.623746
v -94.811512 395.606603 11.507251
v -93.752000 396.574492 11.378793
v -92.554987 397.472046 11.233665
v -91.273706 398.242560 11.078320
v -89.980537 398.858194 10.921534
v -88.633973 399.343979 10.758274
vt 3.345617 -0.010000 0.000000
vt -3.345617 -0.010000 0.000000
vt 3.345617 -0.882109 0.000000
vt -3.345617 -0.882109 0.000000
vt 3.345617 -1.754217 0.000000
vt -3.345617 -1.754217 0.000000
vt 3.345617 -2.626326 0.000000
vt -3.345617 -2.626326 0.000000
vt 3.345617 -3.498435 0.000000
vt -3.345617 -3.498435 0.000000
vt 3.345617 -4.370543 0.000000
vt -3.345617 -4.370543 0.000000
vt 3.345617 -5.242652 0.000000
vt -3.345617 -5.242652 0.000000
vt 3.345617 -6.114760 0.000000
vt -3.345617 -6.114760 0.000000
vt 3.345617 -6.986869 0.000000
vt -3.345617 -6.986869 0.000000
vt 3.345617 -7.858978 0.000000
vt -3.345617 -7.858978 0.000000
vt 3.345617 -8.731086 0.000000
vt -3.345617 -8.731086 0.000000
vt 3.345617 -9.603195 0.000000
vt -3.345617 -9.603195 0.000000
vt 3.345617 -10.475304 0.000000
vt -3.345617 -10.475304 0.000000
vt 3.345617 -11.347412 0.000000
vt -3.345617 -11.347412 0.000000
vt 3.345617 -12.219521 0.000000
vt -3.345617 -12.219521 0.000000
vt 3.345617 -13.091630 0.000000
vt -3.345617 -13.091630 0.000000
vt 3.345617 -13.963738 0.000000
vt -3.345617 -13.963738 0.000000
vt 3.345617 -14.835847 0.000000
vt -3.345617 -14.835847 0.000000
vt 3.345617 -15.707955 0.000000
vt -3.345617 -15.707955 0.000000
vt -0.000000 84.442762 0.000000
vt -1.563694 84.442753 0.000000
vt -0.000000 83.163449 0.000000
vt -1.563694 83.163449 0.000000
vt -0.000000 81.884135 0.000000
vt -1.563694 81.884135 0.000000
vt -0.000000 80.604821 0.000000
vt -1.563694 80.604821 0.000000
vt -0.000000 79.325508 0.000000
vt -1.563694 79.325508 0.000000
vt -0.000000 78.046194 0.000000
vt -1.563694 78.046194 0.000000
vt -0.000000 76.766880 0.000000
vt -1.563694 76.766880 0.000000
vt -0.000000 75.487567 0.000000
vt -1.563694 75.487567 0.000000
vt -0.000000 74.208253 0.000000
vt -1.563694 74.208253 0.000000
vt -0.000000 72.928940 0.000000
vt -1.563694 72.928940 0.000000
vt -0.000000 71.649626 0.000000
vt -1.563694 71.649626 0.000000
vt -0.000000 70.370312 0.000000
vt -1.563694 70.369848 0.000000
vt -0.000000 69.090999 0.000000
vt -1.563694 69.090999 0.000000
vt -0.000000 67.811685 0.000000
vt -1.563694 67.811685 0.000000
vt -0.000000 66.532371 0.000000
vt -1.563694 66.532371 0.000000
vt -0.000000 65.253058 0.000000
vt -1.563694 65.253058 0.000000
vt -0.000000 63.973744 0.000000
vt -1.563694 63.973744 0.000000
vt -0.000000 62.694430 0.000000
vt -1.563694 62.694430 0.000000
vt -0.000000 61.415117 0.000000
vt -1.563694 61.415117 0.000000
vt -0.000000 60.135803 0.000000
vt -1.563694 60.135803 0.000000
vt -0.000000 58.856489 0.000000
vt -1.563694 58.856489 0.000000
vt -0.000000 57.577176 0.000000
vt -1.563694 57.577176 0.000000
vt -0.000000 56.297862 0.000000
vt -1.563694 56.297630 0.000000
vt -0.000000 55.018549 0.000000
vt -1.563694 55.018549 0.000000
vt -0.000000 53.739235 0.000000
vt -1.563694 53.739235 0.000000
vt -0.000000 52.459921 0.000000
vt -1.563694 52.459921 0.000000
vt -0.000000 51.180608 0.000000
vt -1.563694 51.180608 0.000000
vt -0.000000 49.901294 0.000000
vt -1.563694 49.901294 0.000000
vt -0.000000 48.621980 0.000000
vt -1.563694 48.621980 0.000000
vt -0.000000 47.342667 0.000000
vt -1.563694 47.342667 0.000000
vt -0.000000 46.063353 0.000000
vt -1.563694 46.063353 0.000000
vt -0.000000 44.784039 0.000000
vt -1.563694 44.784039 0.000000
vt -0.000000 43.504726 0.000000
vt -1.563694 43.504726 0.000000
vt -0.000000 42.225412 0.000000
vt -1.563694 42.225412 0.000000
vt -3.127387 43.504726 0.000000
vt -3.127387 42.225412 0.000000
vt -4.691081 43.504726 0.000000
vt -4.691081 42.225412 0.000000
vt -6.254775 43.504726 0.000000
vt -6.254775 42.225412 0.000000
vt -7.818469 43.504726 0.000000
vt -7.818469 42.225412 0.000000
vt -9.382162 43.504726 0.000000
vt -9.382162 42.225412 0.000000
vt -10.945856 43.504726 0.000000
vt -10.945856 42.225412 0.000000
vt -12.509550 43.504726 0.000000
vt -12.509550 42.225412 0.000000
vt -14.073244 43.504726 0.000000
vt -14.073244 42.225412 0.000000
vt -15.636937 43.504726 0.000000
vt -15.636937 42.225412 0.000000
vt -17.200631 43.504726 0.000000
vt -17.200631 42.225412 0.000000
vt -18.764325 43.504726 0.000000
vt -18.764325 42.225412 0.000000
vt -20.328019 43.504726 0.000000
vt -20.328019 42.225412 0.000000
vt -21.891712 43.504726 0.000000
vt -21.891712 42.225412 0.000000
vt -23.455406 43.504726 0.000000
vt -23.455406 42.225412 0.000000
vt -25.019100 43.504726 0.000000
vt -25.019100 42.225412 0.000000
vt -26.582793 43.504726 0.000000
vt -26.582793 42.225412 0.000000
vt -28.146487 43.504726 0.000000
vt -28.146487 42.225412 0.000000
vt -29.710181 43.504726 0.000000
vt -29.710181 42.225412 0.000000
vt -31.273875 43.504726 0.000000
vt -31.273875 42.225412 0.000000
vt -32.837568 43.504726 0.000000
vt -32.837568 42.225412 0.000000
vt -34.401262 43.504726 0.000000
vt -34.401262 42.225412 0.000000
vt -35.964956 43.504726 0.000000
vt -35.964956 42.225412 0.000000
vt -37.528650 43.504726 0.000000
vt -37.528650 42.225412 0.000000
vt -39.092343 43.504726 0.000000
vt -39.092343 42.225412 0.000000
vt -40.656037 43.504726 0.000000
vt -40.656037 42.225412 0.000000
vt -42.219731 42.225412 0.000000
vt -42.219731 44.569775 0.000000
vt -40.656037 44.784039 0.000000
vt -40.656037 46.063353 0.000000
vt -39.092343 44.784039 0.000000
vt -39.092343 46.063353 0.000000
vt -37.528650 44.784039 0.000000
vt -37.528650 46.063353 0.000000
vt -35.964956 44.784039 0.000000
vt -35.964956 46.063353 0.000000
vt -34.401262 44.784039 0.000000
vt -34.401262 46.063353 0.000000
vt -32.837568 44.784039 0.000000
vt -32.837568 46.063353 0.000000
vt -31.273875 44.784039 0.000000
vt -31.273875 46.063353 0.000000
vt -29.710181 44.784039 0.000000
vt -29.710181 46.063353 0.000000
vt -28.146487 44.784039 0.000000
vt -28.146487 46.063353 0.000000
vt -26.582793 44.784039 0.000000
vt -26.582793 46.063353 0.000000
vt -25.019100 44.784039 0.000000
vt -25.019100 46.063353 0.000000
vt -23.455406 44.784039 0.000000
vt -23.455406 46.063353 0.000000
vt -21.891712 44.784039 0.000000
vt -21.891712 46.063353 0.000000
vt -20.328019 44.784039 0.000000
vt -20.328019 46.063353 0.000000
vt -18.764325 44.784039 0.000000
vt -18.764325 46.063353 0.000000
vt -17.200631 44.784039 0.000000
vt -17.200631 46.063353 0.000000
vt -15.636937 44.784039 0.000000
vt -15.636937 46.063353 0.000000
vt -14.073244 44.784039 0.000000
vt -14.073244 46.063353 0.000000
vt -12.509550 44.784039 0.000000
vt -12.509550 46.063353 0.000000
vt -10.945856 44.784039 0.000000
vt -10.945856 46.063353 0.000000
vt -9.382162 44.784039 0.000000
vt -9.382162 46.063353 0.000000
vt -7.818469 44.784039 0.000000
vt -7.818469 46.063353 0.000000
vt -6.254775 44.784039 0.000000
vt -6.254775 46.063353 0.000000
vt -4.691081 44.784039 0.000000
vt -4.691081 46.063353 0.000000
vt -3.127387 44.784039 0.000000
vt -3.127387 46.063353 0.000000
vt -3.127388 84.442727 0.000000
vt -3.127387 83.163449 0.000000
vt -3.127387 81.884135 0.000000
vt -3.127387 80.604821 0.000000
vt -3.127387 79.325508 0.000000
vt -3.127387 78.046194 0.000000
vt -3.127387 76.766880 0.000000
vt -3.127387 75.487567 0.000000
vt -3.127387 74.208253 0.000000
vt -3.127387 72.928940 0.000000
vt -3.127387 71.649626 0.000000
vt -3.127387 70.369383 0.000000
vt -3.127387 69.090999 0.000000
vt -3.127387 67.811685 0.000000
vt -3.127387 66.532371 0.000000
vt -3.127387 65.253058 0.000000
vt -3.127387 63.973744 0.000000
vt -3.127387 62.694430 0.000000
vt -3.127387 61.415117 0.000000
vt -3.127387 60.135803 0.000000
vt -3.127387 58.856489 0.000000
vt -3.127387 57.577176 0.000000
vt -3.127387 56.297398 0.000000
vt -3.127387 55.018549 0.000000
vt -3.127387 53.739235 0.000000
vt -3.127387 52.459921 0.000000
vt -3.127387 51.180608 0.000000
vt -3.127387 49.901294 0.000000
vt -3.127387 48.621980 0.000000
vt -3.127387 47.342667 0.000000
vt -4.691082 84.442682 0.000000
vt -4.691081 83.163449 0.000000
vt -4.691081 81.884135 0.000000
vt -4.691081 80.604821 0.000000
vt -4.691081 79.325508 0.000000
vt -4.691081 78.046194 0.000000
vt -4.691081 76.766880 0.000000
vt -4.691081 75.487567 0.000000
vt -4.691081 74.208253 0.000000
vt -4.691081 72.928940 0.000000
vt -4.691081 71.649626 0.000000
vt -4.691081 70.368918 0.000000
vt -4.691081 69.090999 0.000000
vt -4.691081 67.811685 0.000000
vt -4.691081 66.532371 0.000000
vt -4.691081 65.253058 0.000000
vt -4.691081 63.973744 0.000000
vt -4.691081 62.694430 0.000000
vt -4.691081 61.415117 0.000000
vt -4.691081 60.135803 0.000000
vt -4.691081 58.856489 0.000000
vt -4.691081 57.577176 0.000000
vt -4.691081 56.297165 0.000000
vt -4.691081 55.018549 0.000000
vt -4.691081 53.739235 0.000000
vt -4.691081 52.459921 0.000000
vt -4.691081 51.180608 0.000000
vt -4.691081 49.901294 0.000000
vt -4.691081 48.621980 0.000000
vt -4.691081 47.342667 0.000000
vt -6.254775 84.442618 0.000000
vt -6.254775 83.163449 0.000000
vt -6.254775 81.884135 0.000000
vt -6.254775 80.604821 0.000000
vt -6.254775 79.325508 0.000000
vt -6.254775 78.046194 0.000000
vt -6.254775 76.766880 0.000000
vt -6.254775 75.487567 0.000000
vt -6.254775 74.208253 0.000000
vt -6.254775 72.928940 0.000000
vt -6.254775 71.649626 0.000000
vt -6.254775 70.368454 0.000000
vt -6.254775 69.090999 0.000000
vt -6.254775 67.811685 0.000000
vt -6.254775 66.532371 0.000000
vt -6.254775 65.253058 0.000000
vt -6.254775 63.973744 0.000000
vt -6.254775 62.694430 0.000000
vt -6.254775 61.415117 0.000000
vt -6.254775 60.135803 0.000000
vt -6.254775 58.856489 0.000000
vt -6.254775 57.577176 0.000000
vt -6.254775 56.296933 0.000000
vt -6.254775 55.018549 0.000000
vt -6.254775 53.739235 0.000000
vt -6.254775 52.459921 0.000000
vt -6.254775 51.180608 0.000000
vt -6.254775 49.901294 0.000000
vt -6.254775 48.621980 0.000000
vt -6.254775 47.342667 0.000000
vt -7.818469 84.442536 0.000000
vt -7.818469 83.163449 0.000000
vt -7.818469 81.884135 0.000000
vt -7.818469 80.604821 0.000000
vt -7.818469 79.325508 0.000000
vt -7.818469 78.046194 0.000000
vt -7.818469 76.766880 0.000000
vt -7.818469 75.487567 0.000000
vt -7.818469 74.208253 0.000000
vt -7.818469 72.928940 0.000000
vt -7.818469 71.649626 0.000000
vt -7.818469 70.367989 0.000000
vt -7.818469 69.090999 0.000000
vt -7.818469 67.811685 0.000000
vt -7.818469 66.532371 0.000000
vt -7.818469 65.253058 0.000000
vt -7.818469 63.973744 0.000000
vt -7.818469 62.694430 0.000000
vt -7.818469 61.415117 0.000000
vt -7.818469 60.135803 0.000000
vt -7.818469 58.856489 0.000000
vt -7.818469 57.577176 0.000000
vt -7.818469 56.296701 0.000000
vt -7.818469 55.018549 0.000000
vt -7.818469 53.739235 0.000000
vt -7.818469 52.459921 0.000000
vt -7.818469 51.180608 0.000000
vt -7.818469 49.901294 0.000000
vt -7.818469 48.621980 0.000000
vt -7.818469 47.342667 0.000000
vt -9.382163 84.442432 0.000000
vt -9.382162 83.163449 0.000000
vt -9.382162 81.884135 0.000000
vt -9.382162 80.604821 0.000000
vt -9.382162 79.325508 0.000000
vt -9.382162 78.046194 0.000000
vt -9.382162 76.766880 0.000000
vt -9.382162 75.487567 0.000000
vt -9.382162 74.208253 0.000000
vt -9.382162 72.928940 0.000000
vt -9.382162 71.649626 0.000000
vt -9.382162 70.367524 0.000000
vt -9.382162 69.090999 0.000000
vt -9.382162 67.811685 0.000000
vt -9.382162 66.532371 0.000000
vt -9.382162 65.253058 0.000000
vt -9.382162 63.973744 0.000000
vt -9.382162 62.694430 0.000000
vt -9.382162 61.415117 0.000000
vt -9.382162 60.135803 0.000000
vt -9.382162 58.856489 0.000000
vt -9.382162 57.577176 0.000000
vt -9.382162 56.296468 0.000000
vt -9.382162 55.018549 0.000000
vt -9.382162 53.739235 0.000000
vt -9.382162 52.459921 0.000000
vt -9.382162 51.180608 0.000000
vt -9.382162 49.901294 0.000000
vt -9.382162 48.621980 0.000000
vt -9.382162 47.342667 0.000000
vt -10.945857 84.442308 0.000000
vt -10.945856 83.163449 0.000000
vt -10.945856 81.884135 0.000000
vt -10.945856 80.604821 0.000000
vt -10.945856 79.325508 0.000000
vt -10.945856 78.046194 0.000000
vt -10.945856 76.766880 0.000000
vt -10.945856 75.487567 0.000000
vt -10.945856 74.208253 0.000000
vt -10.945856 72.928940 0.000000
vt -10.945856 71.649626 0.000000
vt -10.945856 70.367060 0.000000
vt -10.945856 69.090999 0.000000
vt -10.945856 67.811685 0.000000
vt -10.945856 66.532371 0.000000
vt -10.945856 65.253058 0.000000
vt -10.945856 63.973744 0.000000
vt -10.945856 62.694430 0.000000
vt -10.945856 61.415117 0.000000
vt -10.945856 60.135803 0.000000
vt -10.945856 58.856489 0.000000
vt -10.945856 57.577176 0.000000
vt -10.945856 56.296236 0.000000
vt -10.945856 55.018549 0.000000
vt -10.945856 53.739235 0.000000
vt -10.945856 52.459921 0.000000
vt -10.945856 51.180608 0.000000
vt -10.945856 49.901294 0.000000
vt -10.945856 48.621980 0.000000
vt -10.945856 47.342667 0.000000
vt -12.509551 84.442160 0.000000
vt -12.509550 83.163449 0.000000
vt -12.509550 81.884135 0.000000
vt -12.509550 80.604821 0.000000
vt -12.509550 79.325508 0.000000
vt -12.509550 78.046194 0.000000
vt -12.509550 76.766880 0.000000
vt -12.509550 75.487567 0.000000
vt -12.509550 74.208253 0.000000
vt -12.509550 72.928940 0.000000
vt -12.509550 71.649626 0.000000
vt -12.509550 70.366595 0.000000
vt -12.509550 69.090999 0.000000
vt -12.509550 67.811685 0.000000
vt -12.509550 66.532371 0.000000
vt -12.509550 65.253058 0.000000
vt -12.509550 63.973744 0.000000
vt -12.509550 62.694430 0.000000
vt -12.509550 61.415117 0.000000
vt -12.509550 60.135803 0.000000
vt -12.509550 58.856489 0.000000
vt -12.509550 57.577176 0.000000
vt -12.509550 56.296003 0.000000
vt -12.509550 55.018549 0.000000
vt -12.509550 53.739235 0.000000
vt -12.509550 52.459921 0.000000
vt -12.509550 51.180608 0.000000
vt -12.509550 49.901294 0.000000
vt -12.509550 48.621980 0.000000
vt -12.509550 47.342667 0.000000
vt -14.073245 84.441987 0.000000
vt -14.073244 83.163449 0.000000
vt -14.073244 81.884135 0.000000
vt -14.073244 80.604821 0.000000
vt -14.073244 79.325508 0.000000
vt -14.073244 78.046194 0.000000
vt -14.073244 76.766880 0.000000
vt -14.073244 75.487567 0.000000
vt -14.073244 74.208253 0.000000
vt -14.073244 72.928940 0.000000
vt -14.073244 71.649626 0.000000
vt -14.073244 70.366130 0.000000
vt -14.073244 69.090999 0.000000
vt -14.073244 67.811685 0.000000
vt -14.073244 66.532371 0.000000
vt -14.073244 65.253058 0.000000
vt -14.073244 63.973744 0.000000
vt -14.073244 62.694430 0.000000
vt -14.073244 61.415117 0.000000
vt -14.073244 60.135803 0.000000
vt -14.073244 58.856489 0.000000
vt -14.073244 57.577176 0.000000
vt -14.073244 56.295771 0.000000
vt -14.073244 55.018549 0.000000
vt -14.073244 53.739235 0.000000
vt -14.073244 52.459921 0.000000
vt -14.073244 51.180608 0.000000
vt -14.073244 49.901294 0.000000
vt -14.073244 48.621980 0.000000
vt -14.073244 47.342667 0.000000
vt -15.636938 84.441787 0.000000
vt -15.636937 83.163449 0.000000
vt -15.636937 81.884135 0.000000
vt -15.636937 80.604821 0.000000
vt -15.636937 79.325508 0.000000
vt -15.636937 78.046194 0.000000
vt -15.636937 76.766880 0.000000
vt -15.636937 75.487567 0.000000
vt -15.636937 74.208253 0.000000
vt -15.636937 72.928940 0.000000
vt -15.636937 71.649626 0.000000
vt -15.636937 70.365665 0.000000
vt -15.636937 69.090999 0.000000
vt -15.636937 67.811685 0.000000
vt -15.636937 66.532371 0.000000
vt -15.636937 65.253058 0.000000
vt -15.636937 63.973744 0.000000
vt -15.636937 62.694430 0.000000
vt -15.636937 61.415117 0.000000
vt -15.636937 60.135803 0.000000
vt -15.636937 58.856489 0.000000
vt -15.636937 57.577176 0.000000
vt -15.636937 56.295539 0.000000
vt -15.636937 55.018549 0.000000
vt -15.636937 53.739235 0.000000
vt -15.636937 52.459921 0.000000
vt -15.636937 51.180608 0.000000
vt -15.636937 49.901294 0.000000
vt -15.636937 48.621980 0.000000
vt -15.636937 47.342667 0.000000
vt -17.200632 84.441556 0.000000
vt -17.200631 83.163449 0.000000
vt -17.200631 81.884135 0.000000
vt -17.200631 80.604821 0.000000
vt -17.200631 79.325508 0.000000
vt -17.200631 78.046194 0.000000
vt -17.200631 76.766880 0.000000
vt -17.200631 75.487567 0.000000
vt -17.200631 74.208253 0.000000
vt -17.200631 72.928940 0.000000
vt -17.200631 71.649626 0.000000
vt -17.200631 70.365201 0.000000
vt -17.200631 69.090999 0.000000
vt -17.200631 67.811685 0.000000
vt -17.200631 66.532371 0.000000
vt -17.200631 65.253058 0.000000
vt -17.200631 63.973744 0.000000
vt -17.200631 62.694430 0.000000
vt -17.200631 61.415117 0.000000
vt -17.200631 60.135803 0.000000
vt -17.200631 58.856489 0.000000
vt -17.200631 57.577176 0.000000
vt -17.200631 56.295306 0.000000
vt -17.200631 55.018549 0.000000
vt -17.200631 53.739235 0.000000
vt -17.200631 52.459921 0.000000
vt -17.200631 51.180608 0.000000
vt -17.200631 49.901294 0.000000
vt -17.200631 48.621980 0.000000
vt -17.200631 47.342667 0.000000
vt -18.764326 84.441292 0.000000
vt -18.764325 83.163449 0.000000
vt -18.764325 81.884135 0.000000
vt -18.764325 80.604821 0.000000
vt -18.764325 79.325508 0.000000
vt -18.764325 78.046194 0.000000
vt -18.764325 76.766880 0.000000
vt -18.764325 75.487567 0.000000
vt -18.764325 74.208253 0.000000
vt -18.764325 72.928940 0.000000
vt -18.764325 71.649626 0.000000
vt -18.764325 70.364736 0.000000
vt -18.764325 69.090999 0.000000
vt -18.764325 67.811685 0.000000
vt -18.764325 66.532371 0.000000
vt -18.764325 65.253058 0.000000
vt -18.764325 63.973744 0.000000
vt -18.764325 62.694430 0.000000
vt -18.764325 61.415117 0.000000
vt -18.764325 60.135803 0.000000
vt -18.764325 58.856489 0.000000
vt -18.764325 57.577176 0.000000
vt -18.764325 56.295074 0.000000
vt -18.764325 55.018549 0.000000
vt -18.764325 53.739235 0.000000
vt -18.764325 52.459921 0.000000
vt -18.764325 51.180608 0.000000
vt -18.764325 49.901294 0.000000
vt -18.764325 48.621980 0.000000
vt -18.764325 47.342667 0.000000
vt -20.328020 84.440991 0.000000
vt -20.328019 83.163449 0.000000
vt -20.328019 81.884135 0.000000
vt -20.328019 80.604821 0.000000
vt -20.328019 79.325508 0.000000
vt -20.328019 78.046194 0.000000
vt -20.328019 76.766880 0.000000
vt -20.328019 75.487567 0.000000
vt -20.328019 74.208253 0.000000
vt -20.328019 72.928940 0.000000
vt -20.328019 71.649626 0.000000
vt -20.328019 70.364271 0.000000
vt -20.328019 69.090999 0.000000
vt -20.328019 67.811685 0.000000
vt -20.328019 66.532371 0.000000
vt -20.328019 65.253058 0.000000
vt -20.328019 63.973744 0.000000
vt -20.328019 62.694430 0.000000
vt -20.328019 61.415117 0.000000
vt -20.328019 60.135803 0.000000
vt -20.328019 58.856489 0.000000
vt -20.328019 57.577176 0.000000
vt -20.328019 56.294842 0.000000
vt -20.328019 55.018549 0.000000
vt -20.328019 53.739235 0.000000
vt -20.328019 52.459921 0.000000
vt -20.328019 51.180608 0.000000
vt -20.328019 49.901294 0.000000
vt -20.328019 48.621980 0.000000
vt -20.328019 47.342667 0.000000
vt -21.891714 84.440646 0.000000
vt -21.891712 83.163449 0.000000
vt -21.891712 81.884135 0.000000
vt -21.891712 80.604821 0.000000
vt -21.891712 79.325508 0.000000
vt -21.891712 78.046194 0.000000
vt -21.891712 76.766880 0.000000
vt -21.891712 75.487567 0.000000
vt -21.891712 74.208253 0.000000
vt -21.891712 72.928940 0.000000
vt -21.891712 71.649626 0.000000
vt -21.891712 70.363807 0.000000
vt -21.891712 69.090999 0.000000
vt -21.891712 67.811685 0.000000
vt -21.891712 66.532371 0.000000
vt -21.891712 65.253058 0.000000
vt -21.891712 63.973744 0.000000
vt -21.891712 62.694430 0.000000
vt -21.891712 61.415117 0.000000
vt -21.891712 60.135803 0.000000
vt -21.891712 58.856489 0.000000
vt -21.891712 57.577176 0.000000
vt -21.891712 56.294609 0.000000
vt -21.891712 55.018549 0.000000
vt -21.891712 53.739235 0.000000
vt -21.891712 52.459921 0.000000
vt -21.891712 51.180608 0.000000
vt -21.891712 49.901294 0.000000
vt -21.891712 48.621980 0.000000
vt -21.891712 47.342667 0.000000
vt -23.455407 84.440253 0.000000
vt -23.455406 83.163449 0.000000
vt -23.455406 81.884135 0.000000
vt -23.455406 80.604821 0.000000
vt -23.455406 79.325508 0.000000
vt -23.455406 78.046194 0.000000
vt -23.455406 76.766880 0.000000
vt -23.455406 75.487567 0.000000
vt -23.455406 74.208253 0.000000
vt -23.455406 72.928940 0.000000
vt -23.455406 71.649626 0.000000
vt -23.455406 70.363342 0.000000
vt -23.455406 69.090999 0.000000
vt -23.455406 67.811685 0.000000
vt -23.455406 66.532371 0.000000
vt -23.455406 65.253058 0.000000
vt -23.455406 63.973744 0.000000
vt -23.455406 62.694430 0.000000
vt -23.455406 61.415117 0.000000
vt -23.455406 60.135803 0.000000
vt -23.455406 58.856489 0.000000
vt -23.455406 57.577176 0.000000
vt -23.455406 56.294377 0.000000
vt -23.455406 55.018549 0.000000
vt -23.455406 53.739235 0.000000
vt -23.455406 52.459921 0.000000
vt -23.455406 51.180608 0.000000
vt -23.455406 49.901294 0.000000
vt -23.455406 48.621980 0.000000
vt -23.455406 47.342667 0.000000
vt -25.019101 84.439802 0.000000
vt -25.019100 83.163449 0.000000
vt -25.019100 81.884135 0.000000
vt -25.019100 80.604821 0.000000
vt -25.019100 79.325508 0.000000
vt -25.019100 78.046194 0.000000
vt -25.019100 76.766880 0.000000
vt -25.019100 75.487567 0.000000
vt -25.019100 74.208253 0.000000
vt -25.019100 72.928940 0.000000
vt -25.019100 71.649626 0.000000
vt -25.019100 70.362877 0.000000
vt -25.019100 69.090999 0.000000
vt -25.019100 67.811685 0.000000
vt -25.019100 66.532371 0.000000
vt -25.019100 65.253058 0.000000
vt -25.019100 63.973744 0.000000
vt -25.019100 62.694430 0.000000
vt -25.019100 61.415117 0.000000
vt -25.019100 60.135803 0.000000
vt -25.019100 58.856489 0.000000
vt -25.019100 57.577176 0.000000
vt -25.019100 56.294145 0.000000
vt -25.019100 55.018549 0.000000
vt -25.019100 53.739235 0.000000
vt -25.019100 52.459921 0.000000
vt -25.019100 51.180608 0.000000
vt -25.019100 49.901294 0.000000
vt -25.019100 48.621980 0.000000
vt -25.019100 47.342667 0.000000
vt -26.582795 84.439286 0.000000
vt -26.582793 83.163449 0.000000
vt -26.582793 81.884135 0.000000
vt -26.582793 80.604821 0.000000
vt -26.582793 79.325508 0.000000
vt -26.582793 78.046194 0.000000
vt -26.582793 76.766880 0.000000
vt -26.582793 75.487567 0.000000
vt -26.582793 74.208253 0.000000
vt -26.582793 72.928940 0.000000
vt -26.582793 71.649626 0.000000
vt -26.582793 70.362413 0.000000
vt -26.582793 69.090999 0.000000
vt -26.582793 67.811685 0.000000
vt -26.582793 66.532371 0.000000
vt -26.582793 65.253058 0.000000
vt -26.582793 63.973744 0.000000
vt -26.582793 62.694430 0.000000
vt -26.582793 61.415117 0.000000
vt -26.582793 60.135803 0.000000
vt -26.582793 58.856489 0.000000
vt -26.582793 57.577176 0.000000
vt -26.582793 56.293912 0.000000
vt -26.582793 55.018549 0.000000
vt -26.582793 53.739235 0.000000
vt -26.582793 52.459921 0.000000
vt -26.582793 51.180608 0.000000
vt -26.582793 49.901294 0.000000
vt -26.582793 48.621980 0.000000
vt -26.582793 47.342667 0.000000
vt -28.146489 84.438690 0.000000
vt -28.146487 83.163449 0.000000
vt -28.146487 81.884135 0.000000
vt -28.146487 80.604821 0.000000
vt -28.146487 79.325508 0.000000
vt -28.146487 78.046194 0.000000
vt -28.146487 76.766880 0.000000
vt -28.146487 75.487567 0.000000
vt -28.146487 74.208253 0.000000
vt -28.146487 72.928940 0.000000
vt -28.146487 71.649626 0.000000
vt -28.146487 70.361948 0.000000
vt -28.146487 69.090999 0.000000
vt -28.146487 67.811685 0.000000
vt -28.146487 66.532371 0.000000
vt -28.146487 65.253058 0.000000
vt -28.146487 63.973744 0.000000
vt -28.146487 62.694430 0.000000
vt -28.146487 61.415117 0.000000
vt -28.146487 60.135803 0.000000
vt -28.146487 58.856489 0.000000
vt -28.146487 57.577176 0.000000
vt -28.146487 56.293680 0.000000
vt -28.146487 55.018549 0.000000
vt -28.146487 53.739235 0.000000
vt -28.146487 52.459921 0.000000
vt -28.146487 51.180608 0.000000
vt -28.146487 49.901294 0.000000
vt -28.146487 48.621980 0.000000
vt -28.146487 47.342667 0.000000
vt -29.710182 84.437999 0.000000
vt -29.710181 83.163449 0.000000
vt -29.710181 81.884135 0.000000
vt -29.710181 80.604821 0.000000
vt -29.710181 79.325508 0.000000
vt -29.710181 78.046194 0.000000
vt -29.710181 76.766880 0.000000
vt -29.710181 75.487567 0.000000
vt -29.710181 74.208253 0.000000
vt -29.710181 72.928940 0.000000
vt -29.710181 71.649626 0.000000
vt -29.710181 70.361483 0.000000
vt -29.710181 69.090999 0.000000
vt -29.710181 67.811685 0.000000
vt -29.710181 66.532371 0.000000
vt -29.710181 65.253058 0.000000
vt -29.710181 63.973744 0.000000
vt -29.710181 62.694430 0.000000
vt -29.710181 61.415117 0.000000
vt -29.710181 60.135803 0.000000
vt -29.710181 58.856489 0.000000
vt -29.710181 57.577176 0.000000
vt -29.710181 56.293448 0.000000
vt -29.710181 55.018549 0.000000
vt -29.710181 53.739235 0.000000
vt -29.710181 52.459921 0.000000
vt -29.710181 51.180608 0.000000
vt -29.710181 49.901294 0.000000
vt -29.710181 48.621980 0.000000
vt -29.710181 47.342667 0.000000
vt -31.273876 84.437194 0.000000
vt -31.273875 83.163449 0.000000
vt -31.273875 81.884135 0.000000
vt -31.273875 80.604821 0.000000
vt -31.273875 79.325508 0.000000
vt -31.273875 78.046194 0.000000
vt -31.273875 76.766880 0.000000
vt -31.273875 75.487567 0.000000
vt -31.273875 74.208253 0.000000
vt -31.273875 72.928940 0.000000
vt -31.273875 71.649626 0.000000
vt -31.273875 70.361019 0.000000
vt -31.273875 69.090999 0.000000
vt -31.273875 67.811685 0.000000
vt -31.273875 66.532371 0.000000
vt -31.273875 65.253058 0.000000
vt -31.273875 63.973744 0.000000
vt -31.273875 62.694430 0.000000
vt -31.273875 61.415117 0.000000
vt -31.273875 60.135803 0.000000
vt -31.273875 58.856489 0.000000
vt -31.273875 57.577176 0.000000
vt -31.273875 56.293215 0.000000
vt -31.273875 55.018549 0.000000
vt -31.273875 53.739235 0.000000
vt -31.273875 52.459921 0.000000
vt -31.273875 51.180608 0.000000
vt -31.273875 49.901294 0.000000
vt -31.273875 48.621980 0.000000
vt -31.273875 47.342667 0.000000
vt -32.837570 84.436246 0.000000
vt -32.837568 83.163449 0.000000
vt -32.837568 81.884135 0.000000
vt -32.837568 80.604821 0.000000
vt -32.837568 79.325508 0.000000
vt -32.837568 78.046194 0.000000
vt -32.837568 76.766880 0.000000
vt -32.837568 75.487567 0.000000
vt -32.837568 74.208253 0.000000
vt -32.837568 72.928940 0.000000
vt -32.837568 71.649626 0.000000
vt -32.837568 70.360554 0.000000
vt -32.837568 69.090999 0.000000
vt -32.837568 67.811685 0.000000
vt -32.837568 66.532371 0.000000
vt -32.837568 65.253058 0.000000
vt -32.837568 63.973744 0.000000
vt -32.837568 62.694430 0.000000
vt -32.837568 61.415117 0.000000
vt -32.837568 60.135803 0.000000
vt -32.837568 58.856489 0.000000
vt -32.837568 57.577176 0.000000
vt -32.837568 56.292983 0.000000
vt -32.837568 55.018549 0.000000
vt -32.837568 53.739235 0.000000
vt -32.837568 52.459921 0.000000
vt -32.837568 51.180608 0.000000
vt -32.837568 49.901294 0.000000
vt -32.837568 48.621980 0.000000
vt -32.837568 47.342667 0.000000
vt -34.401264 84.435120 0.000000
vt -34.401262 83.163449 0.000000
vt -34.401262 81.884135 0.000000
vt -34.401262 80.604821 0.000000
vt -34.401262 79.325508 0.000000
vt -34.401262 78.046194 0.000000
vt -34.401262 76.766880 0.000000
vt -34.401262 75.487567 0.000000
vt -34.401262 74.208253 0.000000
vt -34.401262 72.928940 0.000000
vt -34.401262 71.649626 0.000000
vt -34.401262 70.360089 0.000000
vt -34.401262 69.090999 0.000000
vt -34.401262 67.811685 0.000000
vt -34.401262 66.532371 0.000000
vt -34.401262 65.253058 0.000000
vt -34.401262 63.973744 0.000000
vt -34.401262 62.694430 0.000000
vt -34.401262 61.415117 0.000000
vt -34.401262 60.135803 0.000000
vt -34.401262 58.856489 0.000000
vt -34.401262 57.577176 0.000000
vt -34.401262 56.292751 0.000000
vt -34.401262 55.018549 0.000000
vt -34.401262 53.739235 0.000000
vt -34.401262 52.459921 0.000000
vt -34.401262 51.180608 0.000000
vt -34.401262 49.901294 0.000000
vt -34.401262 48.621980 0.000000
vt -34.401262 47.342667 0.000000
vt -35.964957 84.433764 0.000000
vt -35.964956 83.163449 0.000000
vt -35.964956 81.884135 0.000000
vt -35.964956 80.604821 0.000000
vt -35.964956 79.325508 0.000000
vt -35.964956 78.046194 0.000000
vt -35.964956 76.766880 0.000000
vt -35.964956 75.487567 0.000000
vt -35.964956 74.208253 0.000000
vt -35.964956 72.928940 0.000000
vt -35.964956 71.649626 0.000000
vt -35.964956 70.359625 0.000000
vt -35.964956 69.090999 0.000000
vt -35.964956 67.811685 0.000000
vt -35.964956 66.532371 0.000000
vt -35.964956 65.253058 0.000000
vt -35.964956 63.973744 0.000000
vt -35.964956 62.694430 0.000000
vt -35.964956 61.415117 0.000000
vt -35.964956 60.135803 0.000000
vt -35.964956 58.856489 0.000000
vt -35.964956 57.577176 0.000000
vt -35.964956 56.292518 0.000000
vt -35.964956 55.018549 0.000000
vt -35.964956 53.739235 0.000000
vt -35.964956 52.459921 0.000000
vt -35.964956 51.180608 0.000000
vt -35.964956 49.901294 0.000000
vt -35.964956 48.621980 0.000000
vt -35.964956 47.342667 0.000000
vt -37.528651 84.432107 0.000000
vt -37.528650 83.163449 0.000000
vt -37.528650 81.884135 0.000000
vt -37.528650 80.604821 0.000000
vt -37.528650 79.325508 0.000000
vt -37.528650 78.046194 0.000000
vt -37.528650 76.766880 0.000000
vt -37.528650 75.487567 0.000000
vt -37.528650 74.208253 0.000000
vt -37.528650 72.928940 0.000000
vt -37.528650 71.649626 0.000000
vt -37.528650 70.359160 0.000000
vt -37.528650 69.090999 0.000000
vt -37.528650 67.811685 0.000000
vt -37.528650 66.532371 0.000000
vt -37.528650 65.253058 0.000000
vt -37.528650 63.973744 0.000000
vt -37.528650 62.694430 0.000000
vt -37.528650 61.415117 0.000000
vt -37.528650 60.135803 0.000000
vt -37.528650 58.856489 0.000000
vt -37.528650 57.577176 0.000000
vt -37.528650 56.292286 0.000000
vt -37.528650 55.018549 0.000000
vt -37.528650 53.739235 0.000000
vt -37.528650 52.459921 0.000000
vt -37.528650 51.180608 0.000000
vt -37.528650 49.901294 0.000000
vt -37.528650 48.621980 0.000000
vt -37.528650 47.342667 0.000000
vt -39.092344 84.430042 0.000000
vt -39.092343 83.163449 0.000000
vt -39.092343 81.884135 0.000000
vt -39.092343 80.604821 0.000000
vt -39.092343 79.325508 0.000000
vt -39.092343 78.046194 0.000000
vt -39.092343 76.766880 0.000000
vt -39.092343 75.487567 0.000000
vt -39.092343 74.208253 0.000000
vt -39.092343 72.928940 0.000000
vt -39.092343 71.649626 0.000000
vt -39.092343 70.358695 0.000000
vt -39.092343 69.090999 0.000000
vt -39.092343 67.811685 0.000000
vt -39.092343 66.532371 0.000000
vt -39.092343 65.253058 0.000000
vt -39.092343 63.973744 0.000000
vt -39.092343 62.694430 0.000000
vt -39.092343 61.415117 0.000000
vt -39.092343 60.135803 0.000000
vt -39.092343 58.856489 0.000000
vt -39.092343 57.577176 0.000000
vt -39.092343 56.292054 0.000000
vt -39.092343 55.018549 0.000000
vt -39.092343 53.739235 0.000000
vt -39.092343 52.459921 0.000000
vt -39.092343 51.180608 0.000000
vt -39.092343 49.901294 0.000000
vt -39.092343 48.621980 0.000000
vt -39.092343 47.342667 0.000000
vt -40.656038 84.427409 0.000000
vt -40.656037 83.163449 0.000000
vt -40.656037 81.884135 0.000000
vt -40.656037 80.604821 0.000000
vt -40.656037 79.325508 0.000000
vt -40.656037 78.046194 0.000000
vt -40.656037 76.766880 0.000000
vt -40.656037 75.487567 0.000000
vt -40.656037 74.208253 0.000000
vt -40.656037 72.928940 0.000000
vt -40.656037 71.649626 0.000000
vt -40.656037 70.358231 0.000000
vt -40.656037 69.090999 0.000000
vt -40.656037 67.811685 0.000000
vt -40.656037 66.532371 0.000000
vt -40.656037 65.253058 0.000000
vt -40.656037 63.973744 0.000000
vt -40.656037 62.694430 0.000000
vt -40.656037 61.415117 0.000000
vt -40.656037 60.135803 0.000000
vt -40.656037 58.856489 0.000000
vt -40.656037 57.577176 0.000000
vt -40.656037 56.291821 0.000000
vt -40.656037 55.018549 0.000000
vt -40.656037 53.739235 0.000000
vt -40.656037 52.459921 0.000000
vt -40.656037 51.180608 0.000000
vt -40.656037 49.901294 0.000000
vt -40.656037 48.621980 0.000000
vt -40.656037 47.342667 0.000000
vt -42.219731 84.423943 0.000000
vt -42.219731 82.079580 0.000000
vt -42.219731 79.735217 0.000000
vt -42.219731 77.390854 0.000000
vt -42.219731 75.046492 0.000000
vt -42.219731 72.702129 0.000000
vt -42.219731 70.357766 0.000000
vt -42.219731 68.013403 0.000000
vt -42.219731 65.669040 0.000000
vt -42.219731 63.324677 0.000000
vt -42.219731 60.980315 0.000000
vt -42.219731 58.635952 0.000000
vt -42.219731 56.291589 0.000000
vt -42.219731 53.947226 0.000000
vt -42.219731 51.602863 0.000000
vt -42.219731 49.258501 0.000000
vt -42.219731 46.914138 0.000000
vt -33.343625 -0.010000 0.000000
vt -33.305397 -1.596240 0.000000
vt -0.000000 -0.010000 0.000000
vt -33.191750 -3.178865 0.000000
vt -33.002942 -4.754291 0.000000
vt -32.739400 -6.318952 0.000000
vt -32.401721 -7.869303 0.000000
vt -31.990670 -9.401835 0.000000
vt -31.507177 -10.913077 0.000000
vt -30.952338 -12.399607 0.000000
vt -30.327408 -13.858058 0.000000
vt -29.633803 -15.285129 0.000000
vt -28.873094 -16.677587 0.000000
vt -28.047003 -18.032279 0.000000
vt -27.157401 -19.346138 0.000000
vt -26.206302 -20.616188 0.000000
vt -25.195860 -21.839554 0.000000
vt -24.128362 -23.013465 0.000000
vt -23.006228 -24.135263 0.000000
vt -21.831997 -25.202408 0.000000
vt -20.608328 -26.212483 0.000000
vt -19.337992 -27.163201 0.000000
vt -18.023866 -28.052410 0.000000
vt -16.668927 -28.878094 0.000000
vt -15.276241 -29.638386 0.000000
vt -13.848962 -30.331563 0.000000
vt -12.390324 -30.956055 0.000000
vt -10.903628 -31.510448 0.000000
vt -9.392241 -31.993488 0.000000
vt -7.859586 -32.404080 0.000000
vt -6.309133 -32.741293 0.000000
vt -4.744393 -33.004366 0.000000
vt -3.168910 -33.192702 0.000000
vt -1.586251 -33.305874 0.000000
vt -0.000000 -33.343627 0.000000
vt 8.499994 36.671709 0.000000
vt 0.010000 36.671709 0.000000
vt 9.999995 28.480475 0.000000
vt 0.010000 -3.328291 0.000000
vt 11.480168 27.976712 0.000000
vt 12.935098 27.404114 0.000000
vt 14.361586 26.763939 0.000000
vt 15.756494 26.057596 0.000000
vt 17.116756 25.286637 0.000000
vt 18.439381 24.452758 0.000000
vt 19.721460 23.557793 0.000000
vt 20.960174 22.603708 0.000000
vt 22.152799 21.592603 0.000000
vt 23.296714 20.526700 0.000000
vt 24.389402 19.408343 0.000000
vt 25.428462 18.239991 0.000000
vt 26.411608 17.024214 0.000000
vt 27.336678 15.763684 0.000000
vt 28.201638 14.461174 0.000000
vt 29.004587 13.119547 0.000000
vt 29.743759 11.741753 0.000000
vt 30.417529 10.330823 0.000000
vt 31.024414 8.889858 0.000000
vt 31.563082 7.422027 0.000000
vt 32.032346 5.930558 0.000000
vt 32.431175 4.418729 0.000000
vt 32.758693 2.889866 0.000000
vt 33.014179 1.347330 0.000000
vt 33.197071 -0.205487 0.000000
vt 33.306968 -1.765170 0.000000
vt 33.343627 -3.328291 0.000000
vt 9.999995 35.171709 0.000000
vt 8.792644 36.642884 0.000000
vt 9.074071 36.557507 0.000000
vt 9.333386 36.418889 0.000000
vt 9.560734 36.232291 0.000000
vt 9.747222 36.005030 0.000000
vt 9.885836 35.745682 0.000000
vt 9.971175 35.464331 0.000000
vt 8.499988 -0.010000 0.000000
vt 0.000000 -0.010000 0.000000
vt 8.462861 -0.793652 0.000000
vt 8.353640 -1.570542 0.000000
vt 8.173255 -2.334054 0.000000
vt 7.923243 -3.077681 0.000000
vt 7.605734 -3.795091 0.000000
vt 7.223432 -4.480170 0.000000
vt 6.779595 -5.127084 0.000000
vt 6.278004 -5.730320 0.000000
vt 5.722930 -6.284741 0.000000
vt 5.119104 -6.785622 0.000000
vt 4.471669 -7.228698 0.000000
vt 3.786140 -7.610193 0.000000
vt 3.068358 -7.926858 0.000000
vt 2.324436 -8.175995 0.000000
vt 1.560713 -8.355482 0.000000
vt 0.783695 -8.463789 0.000000
vt 0.000000 -8.499994 0.000000
vt -0.000000 59.150855 0.000000
vt 0.000000 60.060749 0.000000
vt -0.138845 59.279233 0.000000
vt -0.277677 60.060718 0.000000
vt -0.277690 59.279233 0.000000
vt -0.416535 59.279233 0.000000
vt -0.277690 58.497717 0.000000
vt -0.416535 58.497717 0.000000
vt -0.277690 57.716202 0.000000
vt -0.416535 57.716202 0.000000
vt -0.277690 56.934686 0.000000
vt -0.416535 56.934686 0.000000
vt -0.277690 56.153170 0.000000
vt -0.416535 56.153170 0.000000
vt -0.277690 55.371655 0.000000
vt -0.416535 55.371655 0.000000
vt -0.277690 54.590139 0.000000
vt -0.416535 54.590139 0.000000
vt -0.416535 53.809713 0.000000
vt -0.555379 53.810076 0.000000
vt -0.555379 53.027108 0.000000
vt -0.694224 53.027108 0.000000
vt -0.555379 52.245592 0.000000
vt -0.694224 52.245592 0.000000
vt -0.555379 51.464076 0.000000
vt -0.694224 51.464076 0.000000
vt -0.555379 50.682561 0.000000
vt -0.694224 50.682561 0.000000
vt -0.555379 49.901045 0.000000
vt -0.694224 49.901045 0.000000
vt -0.555379 49.119529 0.000000
vt -0.694224 49.119529 0.000000
vt -0.555379 48.338014 0.000000
vt -0.694224 48.338014 0.000000
vt -0.555379 47.556498 0.000000
vt -0.694224 47.556498 0.000000
vt -0.555379 46.930754 0.000000
vt -0.694224 46.930754 0.000000
vt -0.555379 46.305011 0.000000
vt -0.694224 46.305011 0.000000
vt -0.555379 45.679268 0.000000
vt -0.694224 45.679268 0.000000
vt -0.555322 45.053524 0.000000
vt -0.833031 45.053524 0.000000
vt -0.833069 45.679268 0.000000
vt -0.971914 45.679268 0.000000
vt -0.971914 46.305011 0.000000
vt -1.110759 46.305011 0.000000
vt -1.110759 46.930754 0.000000
vt -1.249604 46.930754 0.000000
vt -1.249604 47.556498 0.000000
vt -1.388449 47.556498 0.000000
vt -1.388449 48.338014 0.000000
vt -1.527293 48.338014 0.000000
vt -1.527293 49.119529 0.000000
vt -1.666138 49.119529 0.000000
vt -1.666138 49.901045 0.000000
vt -1.804983 49.901045 0.000000
vt -1.804983 50.682561 0.000000
vt -1.943828 50.682561 0.000000
vt -1.943828 51.464076 0.000000
vt -2.221518 51.299741 0.000000
vt -2.221518 52.138591 0.000000
vt -1.943828 52.245592 0.000000
vt -2.221518 52.975630 0.000000
vt -1.943828 53.027108 0.000000
vt -2.221518 53.814434 0.000000
vt -1.943828 53.813708 0.000000
vt -1.943828 54.590139 0.000000
vt -1.804983 54.590139 0.000000
vt -1.943828 55.371655 0.000000
vt -1.804983 55.371655 0.000000
vt -1.943828 56.153170 0.000000
vt -1.804983 56.153170 0.000000
vt -1.943828 56.934686 0.000000
vt -1.804983 56.934686 0.000000
vt -1.943828 57.716202 0.000000
vt -1.804983 57.716202 0.000000
vt -1.943828 58.497717 0.000000
vt -1.804983 58.497717 0.000000
vt -1.943828 59.279233 0.000000
vt -1.804983 59.279233 0.000000
vt -1.943815 60.059291 0.000000
vt -1.666082 60.059666 0.000000
vt -1.666138 59.279233 0.000000
vt -1.527293 59.279233 0.000000
vt -1.527293 58.497717 0.000000
vt -1.388449 58.497717 0.000000
vt -1.388449 57.716202 0.000000
vt -1.249604 57.716202 0.000000
vt -1.249604 56.934686 0.000000
vt -1.110759 56.934686 0.000000
vt -1.110759 56.153170 0.000000
vt -0.971914 56.153170 0.000000
vt -0.971914 55.371655 0.000000
vt -0.833069 55.371655 0.000000
vt -0.833069 54.590139 0.000000
vt -0.694224 54.590139 0.000000
vt -0.833069 53.810802 0.000000
vt -0.694224 53.810439 0.000000
vt -0.833069 53.027108 0.000000
vt -0.555322 60.060626 0.000000
vt -0.555379 59.279233 0.000000
vt -0.555379 58.497717 0.000000
vt -0.555379 57.716202 0.000000
vt -0.555379 56.934686 0.000000
vt -0.555379 56.153170 0.000000
vt -0.555379 55.371655 0.000000
vt -0.555379 54.590139 0.000000
vt -0.694224 59.279233 0.000000
vt -0.833031 60.060473 0.000000
vt -0.833069 59.279233 0.000000
vt -0.971914 59.279233 0.000000
vt -0.833069 58.497717 0.000000
vt -0.971914 58.497717 0.000000
vt -0.833069 57.716202 0.000000
vt -0.971914 57.716202 0.000000
vt -0.833069 56.934686 0.000000
vt -0.971914 56.934686 0.000000
vt -0.833069 56.153170 0.000000
vt -1.110648 60.060261 0.000000
vt -1.110759 59.279233 0.000000
vt -1.110759 58.497717 0.000000
vt -1.110759 57.716202 0.000000
vt -1.249604 59.279233 0.000000
vt -1.388409 60.059991 0.000000
vt -1.388449 59.279233 0.000000
vt -2.221518 60.058876 0.000000
vt -2.221518 59.096562 0.000000
vt -2.221518 58.165771 0.000000
vt -2.221518 57.261189 0.000000
vt -2.221518 56.378014 0.000000
vt -2.221518 55.511849 0.000000
vt -2.221518 54.658608 0.000000
vt -2.221518 50.455475 0.000000
vt -1.943828 49.901045 0.000000
vt -1.804983 49.119529 0.000000
vt -1.666138 48.338014 0.000000
vt -1.527293 47.556498 0.000000
vt -1.388449 46.930754 0.000000
vt -1.249604 46.305011 0.000000
vt -1.110759 45.679268 0.000000
vt -1.110647 45.053524 0.000000
vt -2.221518 49.602094 0.000000
vt -1.943828 49.119529 0.000000
vt -1.804983 48.338014 0.000000
vt -1.666138 47.556498 0.000000
vt -1.527293 46.930754 0.000000
vt -1.388449 46.305011 0.000000
vt -1.249604 45.679268 0.000000
vt -2.221518 48.735738 0.000000
vt -1.943828 48.338014 0.000000
vt -1.804983 47.556498 0.000000
vt -1.666138 46.930754 0.000000
vt -1.527293 46.305011 0.000000
vt -1.388449 45.679268 0.000000
vt -1.388409 45.053524 0.000000
vt -2.221518 47.852319 0.000000
vt -1.943828 47.556498 0.000000
vt -1.804983 46.930754 0.000000
vt -1.666138 46.305011 0.000000
vt -1.527293 45.679268 0.000000
vt -2.221518 46.947434 0.000000
vt -1.943828 46.930754 0.000000
vt -1.804983 46.305011 0.000000
vt -1.666138 45.679268 0.000000
vt -1.666082 45.053524 0.000000
vt -1.943828 46.305011 0.000000
vt -2.221518 46.016277 0.000000
vt -1.943828 45.679268 0.000000
vt -2.221518 45.053524 0.000000
vt -1.943815 45.053524 0.000000
vt -1.804983 45.679268 0.000000
vt -0.416535 45.679268 0.000000
vt -0.277677 45.053524 0.000000
vt -0.277690 45.679268 0.000000
vt -0.138845 45.679268 0.000000
vt -0.277690 46.305011 0.000000
vt -0.138845 46.305011 0.000000
vt -0.277690 46.930754 0.000000
vt -0.138845 46.930754 0.000000
vt -0.277690 47.556498 0.000000
vt -0.138845 47.556498 0.000000
vt -0.277690 48.338014 0.000000
vt -0.138845 48.338014 0.000000
vt -0.277690 49.119529 0.000000
vt -0.138845 49.119529 0.000000
vt -0.277690 49.901045 0.000000
vt -0.138845 49.901045 0.000000
vt -0.277690 50.682561 0.000000
vt -0.138845 50.682561 0.000000
vt -0.277690 51.464076 0.000000
vt -0.138845 51.464076 0.000000
vt -0.277690 52.245592 0.000000
vt -0.138845 52.245592 0.000000
vt -0.277690 53.027108 0.000000
vt -0.138845 53.027108 0.000000
vt -0.138845 53.808986 0.000000
vt 0.000000 53.348891 0.000000
vt 0.000000 54.142870 0.000000
vt 0.000000 45.053524 0.000000
vt 0.000000 45.963772 0.000000
vt -0.000000 46.845558 0.000000
vt 0.000000 47.703406 0.000000
vt 0.000000 48.541420 0.000000
vt 0.000000 49.363369 0.000000
vt 0.000000 50.172757 0.000000
vt 0.000000 50.972886 0.000000
vt 0.000000 51.766917 0.000000
vt 0.000000 52.557913 0.000000
vt -0.138845 54.590139 0.000000
vt 0.000000 54.942912 0.000000
vt -0.138845 55.371655 0.000000
vt 0.000000 55.752175 0.000000
vt -0.138845 56.153170 0.000000
vt 0.000000 56.573961 0.000000
vt -0.138845 56.934686 0.000000
vt 0.000000 57.411770 0.000000
vt -0.138845 57.716202 0.000000
vt 0.000000 58.269368 0.000000
vt -0.138845 58.497717 0.000000
vt -1.666138 58.497717 0.000000
vt -1.666138 57.716202 0.000000
vt -1.666138 56.934686 0.000000
vt -1.666138 56.153170 0.000000
vt -1.666138 55.371655 0.000000
vt -1.666138 54.590139 0.000000
vt -1.804983 53.813345 0.000000
vt -1.249604 58.497717 0.000000
vt -0.694224 58.497717 0.000000
vt -0.694224 57.716202 0.000000
vt -0.694224 56.934686 0.000000
vt -0.694224 56.153170 0.000000
vt -0.694224 55.371655 0.000000
vt -1.527293 57.716202 0.000000
vt -1.388449 56.934686 0.000000
vt -1.249604 56.153170 0.000000
vt -1.110759 55.371655 0.000000
vt -0.971914 54.590139 0.000000
vt -0.971914 53.811166 0.000000
vt -0.971914 53.027108 0.000000
vt -0.833069 52.245592 0.000000
vt -1.527293 56.934686 0.000000
vt -1.527293 56.153170 0.000000
vt -1.527293 55.371655 0.000000
vt -1.527293 54.590139 0.000000
vt -1.666138 53.812981 0.000000
vt -1.804983 53.027108 0.000000
vt -1.804983 52.245592 0.000000
vt -1.804983 51.464076 0.000000
vt -1.388449 56.153170 0.000000
vt -1.249604 55.371655 0.000000
vt -1.110759 54.590139 0.000000
vt -1.110759 53.811529 0.000000
vt -1.110759 53.027108 0.000000
vt -0.971914 52.245592 0.000000
vt -0.833069 51.464076 0.000000
vt -1.388449 55.371655 0.000000
vt -1.388449 54.590139 0.000000
vt -1.527293 53.812618 0.000000
vt -1.666138 53.027108 0.000000
vt -1.666138 52.245592 0.000000
vt -1.666138 51.464076 0.000000
vt -1.666138 50.682561 0.000000
vt -1.249604 54.590139 0.000000
vt -1.249604 53.811892 0.000000
vt -1.249604 53.027108 0.000000
vt -1.110759 52.245592 0.000000
vt -0.971914 51.464076 0.000000
vt -0.833069 50.682561 0.000000
vt -1.388449 53.812255 0.000000
vt -1.527293 53.027108 0.000000
vt -1.527293 52.245592 0.000000
vt -1.527293 51.464076 0.000000
vt -1.527293 50.682561 0.000000
vt -1.527293 49.901045 0.000000
vt -0.277690 53.809350 0.000000
vt -0.416535 53.027108 0.000000
vt -0.416535 52.245592 0.000000
vt -0.416535 51.464076 0.000000
vt -0.416535 50.682561 0.000000
vt -0.416535 49.901045 0.000000
vt -0.416535 49.119529 0.000000
vt -0.416535 48.338014 0.000000
vt -0.416535 47.556498 0.000000
vt -0.416535 46.930754 0.000000
vt -0.416535 46.305011 0.000000
vt -1.388449 53.027108 0.000000
vt -1.249604 52.245592 0.000000
vt -1.110759 51.464076 0.000000
vt -0.971914 50.682561 0.000000
vt -0.833069 49.901045 0.000000
vt -1.388449 52.245592 0.000000
vt -1.388449 51.464076 0.000000
vt -1.388449 50.682561 0.000000
vt -1.388449 49.901045 0.000000
vt -1.388449 49.119529 0.000000
vt -1.249604 51.464076 0.000000
vt -1.110759 50.682561 0.000000
vt -0.971914 49.901045 0.000000
vt -0.833069 49.119529 0.000000
vt -1.249604 50.682561 0.000000
vt -1.249604 49.901045 0.000000
vt -1.249604 49.119529 0.000000
vt -1.249604 48.338014 0.000000
vt -1.110759 49.901045 0.000000
vt -0.971914 49.119529 0.000000
vt -0.833069 48.338014 0.000000
vt -1.110759 49.119529 0.000000
vt -1.110759 48.338014 0.000000
vt -1.110759 47.556498 0.000000
vt -0.971914 48.338014 0.000000
vt -0.833069 47.556498 0.000000
vt -0.971914 47.556498 0.000000
vt -0.971914 46.930754 0.000000
vt -0.833069 46.930754 0.000000
vt -0.833069 46.305011 0.000000
vt 0.000000 36.671709 0.000000
vt -9.999990 28.480475 0.000000
vt 0.000000 -3.328291 0.000000
vt -11.480164 27.976712 0.000000
vt -12.935094 27.404114 0.000000
vt -8.499988 36.671709 0.000000
vt -9.999990 35.171709 0.000000
vt -8.792638 36.642884 0.000000
vt -9.074066 36.557507 0.000000
vt -9.333380 36.418889 0.000000
vt -9.560728 36.232291 0.000000
vt -9.747217 36.005030 0.000000
vt -9.885831 35.745682 0.000000
vt -9.971170 35.464331 0.000000
vt -14.361581 26.763940 0.000000
vt -15.756490 26.057597 0.000000
vt -17.116752 25.286638 0.000000
vt -18.439377 24.452759 0.000000
vt -19.721456 23.557794 0.000000
vt -20.960170 22.603709 0.000000
vt -22.152796 21.592604 0.000000
vt -23.296711 20.526701 0.000000
vt -24.389399 19.408344 0.000000
vt -25.428459 18.239992 0.000000
vt -26.411605 17.024215 0.000000
vt -27.336675 15.763685 0.000000
vt -28.201636 14.461175 0.000000
vt -29.004585 13.119548 0.000000
vt -29.743757 11.741754 0.000000
vt -30.417527 10.330824 0.000000
vt -31.024413 8.889859 0.000000
vt -31.563080 7.422028 0.000000
vt -32.032344 5.930558 0.000000
vt -32.431174 4.418730 0.000000
vt -32.758692 2.889867 0.000000
vt -33.014178 1.347331 0.000000
vt -33.197070 -0.205486 0.000000
vt -33.306966 -1.765170 0.000000
vt -33.343625 -3.328291 0.000000
vn -0.000100 0.000000 0.100000
vn -0.000100 0.000000 0.100000
vn -0.008810 0.000000 0.099611
vn -0.008810 0.000000 0.099611
vn -0.017452 0.000000 0.098465
vn -0.017452 0.000000 0.098465
vn -0.025962 0.000000 0.096571
vn -0.025962 0.000000 0.096571
vn -0.034275 0.000000 0.093943
vn -0.034275 0.000000 0.093943
vn -0.042327 0.000000 0.090600
vn -0.042327 0.000000 0.090600
vn -0.050058 0.000000 0.086569
vn -0.050058 0.000000 0.086569
vn -0.057408 0.000000 0.081880
vn -0.057408 0.000000 0.081880
vn -0.064321 0.000000 0.076569
vn -0.064321 0.000000 0.076569
vn -0.070746 0.000000 0.070675
vn -0.070746 0.000000 0.070675
vn -0.076633 0.000000 0.064245
vn -0.076633 0.000000 0.064245
vn -0.081938 0.000000 0.057326
vn -0.081938 0.000000 0.057326
vn -0.086619 0.000000 0.049971
vn -0.086619 0.000000 0.049971
vn -0.090643 0.000000 0.042237
vn -0.090643 0.000000 0.042237
vn -0.093977 0.000000 0.034181
vn -0.093977 0.000000 0.034181
vn -0.096597 0.000000 0.025866
vn -0.096597 0.000000 0.025866
vn -0.098483 0.000000 0.017354
vn -0.098483 0.000000 0.017354
vn -0.099620 0.000000 0.008710
vn -0.099620 0.000000 0.008710
vn -0.100000 0.000000 0.000000
vn -0.100000 0.000000 0.000000
vn -0.000030 0.000000 0.100000
vn -0.000030 0.004688 0.099890
vn -0.004787 0.000000 0.099885
vn -0.004782 0.004688 0.099776
vn -0.009534 0.000000 0.099545
vn -0.009523 0.004688 0.099435
vn -0.014258 0.000000 0.098978
vn -0.014243 0.004688 0.098869
vn -0.018951 0.000000 0.098188
vn -0.018930 0.004688 0.098080
vn -0.023601 0.000000 0.097175
vn -0.023575 0.004688 0.097068
vn -0.028197 0.000000 0.095942
vn -0.028166 0.004688 0.095837
vn -0.032729 0.000000 0.094492
vn -0.032693 0.004688 0.094388
vn -0.037187 0.000000 0.092828
vn -0.037146 0.004688 0.092726
vn -0.041561 0.000000 0.090954
vn -0.041516 0.004688 0.090854
vn -0.045841 0.000000 0.088874
vn -0.045791 0.004688 0.088776
vn -0.050017 0.000000 0.086593
vn -0.049964 0.004688 0.086496
vn -0.054080 0.000000 0.084115
vn -0.054021 0.004688 0.084023
vn -0.058020 0.000000 0.081447
vn -0.057957 0.004688 0.081358
vn -0.061829 0.000000 0.078595
vn -0.061761 0.004688 0.078508
vn -0.065498 0.000000 0.075564
vn -0.065426 0.004688 0.075481
vn -0.069019 0.000000 0.072363
vn -0.068943 0.004688 0.072283
vn -0.072383 0.000000 0.068997
vn -0.072304 0.004688 0.068922
vn -0.075584 0.000000 0.065476
vn -0.075501 0.004688 0.065404
vn -0.078613 0.000000 0.061806
vn -0.078527 0.004688 0.061738
vn -0.081464 0.000000 0.057996
vn -0.081375 0.004688 0.057932
vn -0.084131 0.000000 0.054055
vn -0.084039 0.004688 0.053995
vn -0.086608 0.000000 0.049991
vn -0.086513 0.004688 0.049936
vn -0.088888 0.000000 0.045815
vn -0.088790 0.004688 0.045764
vn -0.090967 0.000000 0.041534
vn -0.090867 0.004688 0.041488
vn -0.092839 0.000000 0.037159
vn -0.092737 0.004688 0.037119
vn -0.094502 0.000000 0.032701
vn -0.094398 0.004688 0.032665
vn -0.095951 0.000000 0.028168
vn -0.095845 0.004688 0.028137
vn -0.097182 0.000000 0.023571
vn -0.097075 0.004688 0.023546
vn -0.098194 0.000000 0.018922
vn -0.098086 0.004688 0.018901
vn -0.098983 0.000000 0.014229
vn -0.098874 0.004688 0.014213
vn -0.099547 0.000000 0.009504
vn -0.099438 0.004688 0.009493
vn -0.099887 0.000000 0.004757
vn -0.099777 0.004688 0.004752
vn -0.100000 0.000000 -0.000000
vn -0.099890 0.004688 -0.000000
vn -0.099448 0.009366 0.004736
vn -0.099560 0.009366 -0.000000
vn -0.098900 0.014023 0.004710
vn -0.099012 0.014023 -0.000000
vn -0.098135 0.018649 0.004674
vn -0.098246 0.018649 -0.000000
vn -0.097153 0.023234 0.004627
vn -0.097263 0.023234 -0.000000
vn -0.095959 0.027768 0.004570
vn -0.096067 0.027768 -0.000000
vn -0.094553 0.032241 0.004503
vn -0.094660 0.032241 -0.000000
vn -0.092939 0.036643 0.004426
vn -0.093045 0.036643 -0.000000
vn -0.091121 0.040965 0.004340
vn -0.091224 0.040965 -0.000000
vn -0.089103 0.045196 0.004244
vn -0.089204 0.045196 -0.000000
vn -0.086888 0.049328 0.004138
vn -0.086987 0.049328 -0.000000
vn -0.084483 0.053352 0.004024
vn -0.084579 0.053352 -0.000000
vn -0.081892 0.057258 0.003900
vn -0.081985 0.057258 -0.000000
vn -0.079121 0.061039 0.003768
vn -0.079210 0.061039 -0.000000
vn -0.076175 0.064685 0.003628
vn -0.076262 0.064685 -0.000000
vn -0.073063 0.068189 0.003480
vn -0.073146 0.068189 -0.000000
vn -0.069789 0.071543 0.003324
vn -0.069869 0.071543 -0.000000
vn -0.066363 0.074740 0.003161
vn -0.066438 0.074740 -0.000000
vn -0.062790 0.077772 0.002990
vn -0.062861 0.077772 -0.000000
vn -0.059079 0.080633 0.002814
vn -0.059146 0.080633 -0.000000
vn -0.055238 0.083317 0.002631
vn -0.055301 0.083317 -0.000000
vn -0.051276 0.085818 0.002442
vn -0.051334 0.085818 -0.000000
vn -0.047201 0.088130 0.002248
vn -0.047255 0.088130 -0.000000
vn -0.043023 0.090249 0.002049
vn -0.043071 0.090249 -0.000000
vn -0.038749 0.092169 0.001846
vn -0.038793 0.092169 -0.000000
vn -0.034391 0.093886 0.001638
vn -0.034430 0.093886 -0.000000
vn -0.029991 0.095397 -0.000000
vn -0.029877 0.095397 0.002612
vn -0.034274 0.093886 0.003272
vn -0.034080 0.093886 0.004899
vn -0.038618 0.092169 0.003687
vn -0.038399 0.092169 0.005520
vn -0.042877 0.090249 0.004093
vn -0.042633 0.090249 0.006129
vn -0.047041 0.088130 0.004491
vn -0.046774 0.088130 0.006724
vn -0.051102 0.085818 0.004879
vn -0.050812 0.085818 0.007304
vn -0.055051 0.083317 0.005256
vn -0.054738 0.083317 0.007869
vn -0.058878 0.080633 0.005621
vn -0.058544 0.080633 0.008416
vn -0.062577 0.077772 0.005974
vn -0.062222 0.077772 0.008944
vn -0.066137 0.074740 0.006314
vn -0.065762 0.074740 0.009453
vn -0.069552 0.071543 0.006640
vn -0.069158 0.071543 0.009941
vn -0.072815 0.068189 0.006952
vn -0.072401 0.068189 0.010408
vn -0.075917 0.064685 0.007248
vn -0.075486 0.064685 0.010851
vn -0.078852 0.061039 0.007528
vn -0.078404 0.061039 0.011271
vn -0.081614 0.057258 0.007792
vn -0.081151 0.057258 0.011665
vn -0.084196 0.053352 0.008038
vn -0.083718 0.053352 0.012035
vn -0.086593 0.049328 0.008267
vn -0.086102 0.049328 0.012377
vn -0.088800 0.045196 0.008478
vn -0.088296 0.045196 0.012693
vn -0.090812 0.040965 0.008670
vn -0.090296 0.040965 0.012980
vn -0.092623 0.036643 0.008843
vn -0.092098 0.036643 0.013239
vn -0.094232 0.032241 0.008996
vn -0.093697 0.032241 0.013469
vn -0.095633 0.027768 0.009130
vn -0.095090 0.027768 0.013669
vn -0.096823 0.023234 0.009244
vn -0.096274 0.023234 0.013839
vn -0.097801 0.018649 0.009337
vn -0.097246 0.018649 0.013979
vn -0.098564 0.014023 0.009410
vn -0.098005 0.014023 0.014088
vn -0.099110 0.009366 0.009462
vn -0.098547 0.009366 0.014166
vn -0.000030 0.009366 0.099560
vn -0.004766 0.009366 0.099446
vn -0.009492 0.009366 0.099107
vn -0.014196 0.009366 0.098543
vn -0.018868 0.009366 0.097756
vn -0.023497 0.009366 0.096748
vn -0.028073 0.009366 0.095521
vn -0.032585 0.009366 0.094077
vn -0.037024 0.009366 0.092420
vn -0.041379 0.009366 0.090554
vn -0.045640 0.009366 0.088483
vn -0.049800 0.009366 0.086210
vn -0.053842 0.009366 0.083745
vn -0.057765 0.009366 0.081089
vn -0.061558 0.009366 0.078249
vn -0.065211 0.009366 0.075232
vn -0.068716 0.009366 0.072045
vn -0.072065 0.009366 0.068694
vn -0.075252 0.009366 0.065188
vn -0.078268 0.009366 0.061534
vn -0.081106 0.009366 0.057741
vn -0.083761 0.009366 0.053817
vn -0.086228 0.009366 0.049770
vn -0.088497 0.009366 0.045613
vn -0.090567 0.009366 0.041352
vn -0.092431 0.009366 0.036996
vn -0.094087 0.009366 0.032557
vn -0.095529 0.009366 0.028044
vn -0.096755 0.009366 0.023468
vn -0.097762 0.009366 0.018838
vn -0.000030 0.014023 0.099012
vn -0.004740 0.014023 0.098898
vn -0.009439 0.014023 0.098561
vn -0.014118 0.014023 0.098000
vn -0.018764 0.014023 0.097218
vn -0.023367 0.014023 0.096215
vn -0.027918 0.014023 0.094994
vn -0.032406 0.014023 0.093559
vn -0.036820 0.014023 0.091911
vn -0.041151 0.014023 0.090055
vn -0.045388 0.014023 0.087996
vn -0.049528 0.014023 0.085734
vn -0.053546 0.014023 0.083284
vn -0.057447 0.014023 0.080642
vn -0.061219 0.014023 0.077818
vn -0.064851 0.014023 0.074818
vn -0.068337 0.014023 0.071648
vn -0.071668 0.014023 0.068316
vn -0.074837 0.014023 0.064829
vn -0.077836 0.014023 0.061195
vn -0.080660 0.014023 0.057423
vn -0.083300 0.014023 0.053521
vn -0.085753 0.014023 0.049495
vn -0.088009 0.014023 0.045362
vn -0.090068 0.014023 0.041124
vn -0.091922 0.014023 0.036792
vn -0.093568 0.014023 0.032378
vn -0.095003 0.014023 0.027890
vn -0.096222 0.014023 0.023339
vn -0.097223 0.014023 0.018735
vn -0.000030 0.018649 0.098246
vn -0.004703 0.018649 0.098133
vn -0.009366 0.018649 0.097798
vn -0.014008 0.018649 0.097242
vn -0.018619 0.018649 0.096465
vn -0.023187 0.018649 0.095470
vn -0.027702 0.018649 0.094259
vn -0.032155 0.018649 0.092835
vn -0.036535 0.018649 0.091200
vn -0.040832 0.018649 0.089359
vn -0.045037 0.018649 0.087315
vn -0.049146 0.018649 0.085070
vn -0.053131 0.018649 0.082639
vn -0.057003 0.018649 0.080018
vn -0.060745 0.018649 0.077216
vn -0.064349 0.018649 0.074239
vn -0.067808 0.018649 0.071093
vn -0.071114 0.018649 0.067787
vn -0.074258 0.018649 0.064327
vn -0.077234 0.018649 0.060722
vn -0.080035 0.018649 0.056979
vn -0.082655 0.018649 0.053107
vn -0.085090 0.018649 0.049111
vn -0.087328 0.018649 0.045011
vn -0.089371 0.018649 0.040805
vn -0.091211 0.018649 0.036508
vn -0.092844 0.018649 0.032127
vn -0.094268 0.018649 0.027674
vn -0.095477 0.018649 0.023158
vn -0.096471 0.018649 0.018590
vn -0.000030 0.023234 0.097263
vn -0.004656 0.023234 0.097152
vn -0.009273 0.023234 0.096820
vn -0.013868 0.023234 0.096270
vn -0.018432 0.023234 0.095501
vn -0.022955 0.023234 0.094516
vn -0.027425 0.023234 0.093317
vn -0.031833 0.023234 0.091907
vn -0.036170 0.023234 0.090288
vn -0.040424 0.023234 0.088465
vn -0.044587 0.023234 0.086442
vn -0.048656 0.023234 0.084219
vn -0.052600 0.023234 0.081813
vn -0.056433 0.023234 0.079218
vn -0.060138 0.023234 0.076444
vn -0.063706 0.023234 0.073496
vn -0.067130 0.023234 0.070383
vn -0.070403 0.023234 0.067109
vn -0.073516 0.023234 0.063684
vn -0.076462 0.023234 0.060115
vn -0.079235 0.023234 0.056409
vn -0.081829 0.023234 0.052576
vn -0.084240 0.023234 0.048620
vn -0.086455 0.023234 0.044561
vn -0.088477 0.023234 0.040397
vn -0.090299 0.023234 0.036143
vn -0.091916 0.023234 0.031806
vn -0.093325 0.023234 0.027397
vn -0.094523 0.023234 0.022926
vn -0.095506 0.023234 0.018404
vn -0.000030 0.027768 0.096067
vn -0.004599 0.027768 0.095957
vn -0.009159 0.027768 0.095630
vn -0.013698 0.027768 0.095086
vn -0.018206 0.027768 0.094327
vn -0.022672 0.027768 0.093354
vn -0.027088 0.027768 0.092169
vn -0.031442 0.027768 0.090776
vn -0.035725 0.027768 0.089178
vn -0.039927 0.027768 0.087377
vn -0.044038 0.027768 0.085379
vn -0.048059 0.027768 0.083182
vn -0.051953 0.027768 0.080807
vn -0.055739 0.027768 0.078244
vn -0.059398 0.027768 0.075504
vn -0.062923 0.027768 0.072593
vn -0.066305 0.027768 0.069517
vn -0.069537 0.027768 0.066284
vn -0.072611 0.027768 0.062901
vn -0.075522 0.027768 0.059375
vn -0.078261 0.027768 0.055715
vn -0.080823 0.027768 0.051929
vn -0.083204 0.027768 0.048021
vn -0.085392 0.027768 0.044013
vn -0.087389 0.027768 0.039901
vn -0.089188 0.027768 0.035698
vn -0.090786 0.027768 0.031415
vn -0.092177 0.027768 0.027060
vn -0.093360 0.027768 0.022644
vn -0.094332 0.027768 0.018177
vn -0.000030 0.032241 0.094660
vn -0.004532 0.032241 0.094551
vn -0.009025 0.032241 0.094229
vn -0.013497 0.032241 0.093693
vn -0.017939 0.032241 0.092945
vn -0.022340 0.032241 0.091986
vn -0.026691 0.032241 0.090819
vn -0.030981 0.032241 0.089446
vn -0.035202 0.032241 0.087871
vn -0.039342 0.032241 0.086097
vn -0.043393 0.032241 0.084128
vn -0.047356 0.032241 0.081963
vn -0.051192 0.032241 0.079623
vn -0.054922 0.032241 0.077098
vn -0.058528 0.032241 0.074398
vn -0.062001 0.032241 0.071529
vn -0.065333 0.032241 0.068499
vn -0.068518 0.032241 0.065313
vn -0.071548 0.032241 0.061979
vn -0.074415 0.032241 0.058505
vn -0.077114 0.032241 0.054899
vn -0.079639 0.032241 0.051168
vn -0.081986 0.032241 0.047317
vn -0.084141 0.032241 0.043368
vn -0.086109 0.032241 0.039316
vn -0.087882 0.032241 0.035175
vn -0.089456 0.032241 0.030955
vn -0.090827 0.032241 0.026664
vn -0.091993 0.032241 0.022313
vn -0.092950 0.032241 0.017911
vn -0.000030 0.036643 0.093045
vn -0.004454 0.036643 0.092938
vn -0.008871 0.036643 0.092621
vn -0.013267 0.036643 0.092094
vn -0.017633 0.036643 0.091358
vn -0.021959 0.036643 0.090416
vn -0.026236 0.036643 0.089269
vn -0.030453 0.036643 0.087920
vn -0.034601 0.036643 0.086372
vn -0.038671 0.036643 0.084628
vn -0.042653 0.036643 0.082692
vn -0.046550 0.036643 0.080563
vn -0.050319 0.036643 0.078264
vn -0.053985 0.036643 0.075782
vn -0.057529 0.036643 0.073128
vn -0.060943 0.036643 0.070308
vn -0.064218 0.036643 0.067330
vn -0.067349 0.036643 0.064198
vn -0.070327 0.036643 0.060922
vn -0.073145 0.036643 0.057507
vn -0.075798 0.036643 0.053962
vn -0.078280 0.036643 0.050295
vn -0.080587 0.036643 0.046509
vn -0.082705 0.036643 0.042628
vn -0.084639 0.036643 0.038645
vn -0.086382 0.036643 0.034575
vn -0.087929 0.036643 0.030426
vn -0.089277 0.036643 0.026209
vn -0.090423 0.036643 0.021932
vn -0.091364 0.036643 0.017605
vn -0.000030 0.040965 0.091224
vn -0.004367 0.040965 0.091120
vn -0.008697 0.040965 0.090809
vn -0.013007 0.040965 0.090292
vn -0.017288 0.040965 0.089571
vn -0.021530 0.040965 0.088647
vn -0.025722 0.040965 0.087523
vn -0.029857 0.040965 0.086200
vn -0.033924 0.040965 0.084682
vn -0.037914 0.040965 0.082972
vn -0.041818 0.040965 0.081075
vn -0.045640 0.040965 0.078986
vn -0.049334 0.040965 0.076733
vn -0.052929 0.040965 0.074300
vn -0.056404 0.040965 0.071697
vn -0.059751 0.040965 0.068933
vn -0.062962 0.040965 0.066012
vn -0.066031 0.040965 0.062942
vn -0.068951 0.040965 0.059730
vn -0.071714 0.040965 0.056382
vn -0.074315 0.040965 0.052907
vn -0.076748 0.040965 0.049311
vn -0.079011 0.040965 0.045598
vn -0.081087 0.040965 0.041794
vn -0.082984 0.040965 0.037889
vn -0.084692 0.040965 0.033899
vn -0.086209 0.040965 0.029831
vn -0.087531 0.040965 0.025696
vn -0.088654 0.040965 0.021503
vn -0.089576 0.040965 0.017261
vn -0.000030 0.045196 0.089204
vn -0.004270 0.045196 0.089101
vn -0.008504 0.045196 0.088797
vn -0.012719 0.045196 0.088292
vn -0.016905 0.045196 0.087587
vn -0.021053 0.045196 0.086684
vn -0.025153 0.045196 0.085584
vn -0.029196 0.045196 0.084291
vn -0.033172 0.045196 0.082806
vn -0.037074 0.045196 0.081134
vn -0.040892 0.045196 0.079279
vn -0.044631 0.045196 0.077236
vn -0.048241 0.045196 0.075034
vn -0.051756 0.045196 0.072654
vn -0.055154 0.045196 0.070109
vn -0.058427 0.045196 0.067406
vn -0.061568 0.045196 0.064550
vn -0.064569 0.045196 0.061548
vn -0.067424 0.045196 0.058407
vn -0.070126 0.045196 0.055133
vn -0.072669 0.045196 0.051735
vn -0.075048 0.045196 0.048219
vn -0.077261 0.045196 0.044587
vn -0.079291 0.045196 0.040868
vn -0.081146 0.045196 0.037050
vn -0.082816 0.045196 0.033148
vn -0.084299 0.045196 0.029170
vn -0.085592 0.045196 0.025127
vn -0.086690 0.045196 0.021027
vn -0.087592 0.045196 0.016879
vn -0.000030 0.049328 0.086987
vn -0.004164 0.049328 0.086887
vn -0.008293 0.049328 0.086591
vn -0.012403 0.049328 0.086098
vn -0.016485 0.049328 0.085411
vn -0.020529 0.049328 0.084530
vn -0.024528 0.049328 0.083457
vn -0.028470 0.049328 0.082196
vn -0.032348 0.049328 0.080749
vn -0.036153 0.049328 0.079118
vn -0.039876 0.049328 0.077309
vn -0.043523 0.049328 0.075316
vn -0.047043 0.049328 0.073169
vn -0.050470 0.049328 0.070848
vn -0.053784 0.049328 0.068367
vn -0.056975 0.049328 0.065731
vn -0.060038 0.049328 0.062946
vn -0.062964 0.049328 0.060019
vn -0.065748 0.049328 0.056955
vn -0.068383 0.049328 0.053763
vn -0.070863 0.049328 0.050449
vn -0.073183 0.049328 0.047021
vn -0.075341 0.049328 0.043479
vn -0.077321 0.049328 0.039853
vn -0.079129 0.049328 0.036129
vn -0.080758 0.049328 0.032324
vn -0.082205 0.049328 0.028445
vn -0.083465 0.049328 0.024502
vn -0.084536 0.049328 0.020504
vn -0.085416 0.049328 0.016459
vn -0.000030 0.053352 0.084579
vn -0.004049 0.053352 0.084482
vn -0.008063 0.053352 0.084194
vn -0.012060 0.053352 0.083715
vn -0.016029 0.053352 0.083046
vn -0.019961 0.053352 0.082190
vn -0.023849 0.053352 0.081147
vn -0.027682 0.053352 0.079920
vn -0.031453 0.053352 0.078513
vn -0.035152 0.053352 0.076928
vn -0.038772 0.053352 0.075169
vn -0.042319 0.053352 0.073230
vn -0.045740 0.053352 0.071143
vn -0.049073 0.053352 0.068887
vn -0.052295 0.053352 0.066474
vn -0.055398 0.053352 0.063911
vn -0.058376 0.053352 0.061204
vn -0.061221 0.053352 0.058357
vn -0.063928 0.053352 0.055379
vn -0.066490 0.053352 0.052275
vn -0.068902 0.053352 0.049052
vn -0.071157 0.053352 0.045719
vn -0.073256 0.053352 0.042274
vn -0.075180 0.053352 0.038749
vn -0.076938 0.053352 0.035129
vn -0.078523 0.053352 0.031429
vn -0.079929 0.053352 0.027658
vn -0.081154 0.053352 0.023824
vn -0.082196 0.053352 0.019936
vn -0.083051 0.053352 0.016004
vn -0.000030 0.057258 0.081985
vn -0.003925 0.057258 0.081891
vn -0.007816 0.057258 0.081611
vn -0.011690 0.057258 0.081147
vn -0.015537 0.057258 0.080499
vn -0.019349 0.057258 0.079669
vn -0.023117 0.057258 0.078658
vn -0.026833 0.057258 0.077469
vn -0.030488 0.057258 0.076105
vn -0.034074 0.057258 0.074568
vn -0.037583 0.057258 0.072863
vn -0.041023 0.057258 0.070983
vn -0.044337 0.057258 0.068961
vn -0.047568 0.057258 0.066774
vn -0.050691 0.057258 0.064436
vn -0.053699 0.057258 0.061951
vn -0.056585 0.057258 0.059326
vn -0.059343 0.057258 0.056567
vn -0.061967 0.057258 0.053680
vn -0.064451 0.057258 0.050671
vn -0.066788 0.057258 0.047548
vn -0.068975 0.057258 0.044317
vn -0.071010 0.057258 0.040977
vn -0.072874 0.057258 0.037561
vn -0.074579 0.057258 0.034052
vn -0.076114 0.057258 0.030465
vn -0.077477 0.057258 0.026810
vn -0.078665 0.057258 0.023093
vn -0.079675 0.057258 0.019325
vn -0.080504 0.057258 0.015513
vn -0.000030 0.061039 0.079210
vn -0.003792 0.061039 0.079120
vn -0.007552 0.061039 0.078850
vn -0.011294 0.061039 0.078401
vn -0.015011 0.061039 0.077775
vn -0.018694 0.061039 0.076973
vn -0.022335 0.061039 0.075996
vn -0.025925 0.061039 0.074848
vn -0.029456 0.061039 0.073530
vn -0.032921 0.061039 0.072045
vn -0.036311 0.061039 0.070397
vn -0.039635 0.061039 0.068581
vn -0.042837 0.061039 0.066628
vn -0.045958 0.061039 0.064515
vn -0.048975 0.061039 0.062255
vn -0.051882 0.061039 0.059855
vn -0.054670 0.061039 0.057319
vn -0.057335 0.061039 0.054653
vn -0.059870 0.061039 0.051864
vn -0.062270 0.061039 0.048957
vn -0.064528 0.061039 0.045939
vn -0.066641 0.061039 0.042817
vn -0.068607 0.061039 0.039590
vn -0.070408 0.061039 0.036290
vn -0.072055 0.061039 0.032899
vn -0.073539 0.061039 0.029434
vn -0.074856 0.061039 0.025902
vn -0.076003 0.061039 0.022312
vn -0.076978 0.061039 0.018671
vn -0.077779 0.061039 0.014988
vn -0.000030 0.064685 0.076262
vn -0.003651 0.064685 0.076174
vn -0.007271 0.064685 0.075914
vn -0.010874 0.064685 0.075483
vn -0.014452 0.064685 0.074880
vn -0.017998 0.064685 0.074108
vn -0.021503 0.064685 0.073167
vn -0.024960 0.064685 0.072062
vn -0.028360 0.064685 0.070793
vn -0.031695 0.064685 0.069363
vn -0.034959 0.064685 0.067777
vn -0.038161 0.064685 0.066027
vn -0.041243 0.064685 0.064148
vn -0.044247 0.064685 0.062113
vn -0.047152 0.064685 0.059938
vn -0.049950 0.064685 0.057627
vn -0.052635 0.064685 0.055185
vn -0.055201 0.064685 0.052619
vn -0.057642 0.064685 0.049933
vn -0.059952 0.064685 0.047134
vn -0.062126 0.064685 0.044229
vn -0.064160 0.064685 0.041223
vn -0.066053 0.064685 0.038116
vn -0.067787 0.064685 0.034939
vn -0.069373 0.064685 0.031675
vn -0.070801 0.064685 0.028339
vn -0.072069 0.064685 0.024938
vn -0.073174 0.064685 0.021481
vn -0.074113 0.064685 0.017976
vn -0.074884 0.064685 0.014430
vn -0.000030 0.068189 0.073146
vn -0.003502 0.068189 0.073062
vn -0.006973 0.068189 0.072812
vn -0.010429 0.068189 0.072398
vn -0.013862 0.068189 0.071820
vn -0.017263 0.068189 0.071079
vn -0.020625 0.068189 0.070178
vn -0.023940 0.068189 0.069117
vn -0.027201 0.068189 0.067900
vn -0.030400 0.068189 0.066529
vn -0.033531 0.068189 0.065007
vn -0.036603 0.068189 0.063329
vn -0.039557 0.068189 0.061526
vn -0.042439 0.068189 0.059575
vn -0.045226 0.068189 0.057489
vn -0.047909 0.068189 0.055272
vn -0.050484 0.068189 0.052930
vn -0.052945 0.068189 0.050469
vn -0.055286 0.068189 0.047893
vn -0.057502 0.068189 0.045208
vn -0.059588 0.068189 0.042422
vn -0.061538 0.068189 0.039539
vn -0.063355 0.068189 0.036558
vn -0.065017 0.068189 0.033511
vn -0.066538 0.068189 0.030380
vn -0.067908 0.068189 0.027181
vn -0.069124 0.068189 0.023919
vn -0.070184 0.068189 0.020604
vn -0.071085 0.068189 0.017242
vn -0.071824 0.068189 0.013840
vn -0.000030 0.071543 0.069869
vn -0.003345 0.071543 0.069788
vn -0.006661 0.071543 0.069550
vn -0.009962 0.071543 0.069155
vn -0.013241 0.071543 0.068602
vn -0.016489 0.071543 0.067895
vn -0.019701 0.071543 0.067034
vn -0.022867 0.071543 0.066020
vn -0.025982 0.071543 0.064858
vn -0.029038 0.071543 0.063548
vn -0.032029 0.071543 0.062095
vn -0.034964 0.071543 0.060491
vn -0.037785 0.071543 0.058770
vn -0.040538 0.071543 0.056906
vn -0.043199 0.071543 0.054913
vn -0.045763 0.071543 0.052796
vn -0.048223 0.071543 0.050559
vn -0.050573 0.071543 0.048207
vn -0.052809 0.071543 0.045747
vn -0.054926 0.071543 0.043183
vn -0.056918 0.071543 0.040521
vn -0.058781 0.071543 0.037767
vn -0.060517 0.071543 0.034919
vn -0.062105 0.071543 0.032010
vn -0.063557 0.071543 0.029019
vn -0.064866 0.071543 0.025963
vn -0.066027 0.071543 0.022848
vn -0.067039 0.071543 0.019681
vn -0.067900 0.071543 0.016469
vn -0.068606 0.071543 0.013220
vn -0.000030 0.074740 0.066438
vn -0.003181 0.074740 0.066362
vn -0.006334 0.074740 0.066135
vn -0.009473 0.074740 0.065759
vn -0.012591 0.074740 0.065234
vn -0.015680 0.074740 0.064561
vn -0.018733 0.074740 0.063742
vn -0.021745 0.074740 0.062779
vn -0.024706 0.074740 0.061673
vn -0.027612 0.074740 0.060428
vn -0.030456 0.074740 0.059046
vn -0.033248 0.074740 0.057520
vn -0.035930 0.074740 0.055884
vn -0.038548 0.074740 0.054112
vn -0.041078 0.074740 0.052217
vn -0.043516 0.074740 0.050203
vn -0.045855 0.074740 0.048076
vn -0.048090 0.074740 0.045840
vn -0.050216 0.074740 0.043501
vn -0.052229 0.074740 0.041063
vn -0.054123 0.074740 0.038531
vn -0.055895 0.074740 0.035913
vn -0.057545 0.074740 0.033204
vn -0.059055 0.074740 0.030438
vn -0.060436 0.074740 0.027594
vn -0.061681 0.074740 0.024688
vn -0.062785 0.074740 0.021726
vn -0.063748 0.074740 0.018714
vn -0.064566 0.074740 0.015660
vn -0.065238 0.074740 0.012571
vn -0.000030 0.077772 0.062861
vn -0.003009 0.077772 0.062789
vn -0.005993 0.077772 0.062575
vn -0.008963 0.077772 0.062219
vn -0.011913 0.077772 0.061722
vn -0.014836 0.077772 0.061085
vn -0.017725 0.077772 0.060310
vn -0.020574 0.077772 0.059399
vn -0.023376 0.077772 0.058353
vn -0.026126 0.077772 0.057175
vn -0.028816 0.077772 0.055867
vn -0.031459 0.077772 0.054423
vn -0.033995 0.077772 0.052876
vn -0.036472 0.077772 0.051199
vn -0.038867 0.077772 0.049405
vn -0.041173 0.077772 0.047501
vn -0.043386 0.077772 0.045488
vn -0.045501 0.077772 0.043373
vn -0.047513 0.077772 0.041159
vn -0.049417 0.077772 0.038852
vn -0.051209 0.077772 0.036457
vn -0.052886 0.077772 0.033980
vn -0.054448 0.077772 0.031416
vn -0.055876 0.077772 0.028800
vn -0.057183 0.077772 0.026109
vn -0.058360 0.077772 0.023359
vn -0.059405 0.077772 0.020556
vn -0.060316 0.077772 0.017707
vn -0.061090 0.077772 0.014817
vn -0.061726 0.077772 0.011894
vn -0.000030 0.080633 0.059146
vn -0.002831 0.080633 0.059078
vn -0.005639 0.080633 0.058877
vn -0.008433 0.080633 0.058542
vn -0.011209 0.080633 0.058074
vn -0.013959 0.080633 0.057475
vn -0.016677 0.080633 0.056746
vn -0.019358 0.080633 0.055889
vn -0.021995 0.080633 0.054904
vn -0.024582 0.080633 0.053796
vn -0.027113 0.080633 0.052565
vn -0.029601 0.080633 0.051206
vn -0.031986 0.080633 0.049751
vn -0.034317 0.080633 0.048173
vn -0.036570 0.080633 0.046486
vn -0.038740 0.080633 0.044693
vn -0.040822 0.080633 0.042800
vn -0.042812 0.080633 0.040809
vn -0.044705 0.080633 0.038726
vn -0.046497 0.080633 0.036556
vn -0.048183 0.080633 0.034302
vn -0.049760 0.080633 0.031971
vn -0.051230 0.080633 0.029559
vn -0.052574 0.080633 0.027098
vn -0.053803 0.080633 0.024566
vn -0.054911 0.080633 0.021978
vn -0.055894 0.080633 0.019341
vn -0.056751 0.080633 0.016660
vn -0.057480 0.080633 0.013942
vn -0.058078 0.080633 0.011191
vn -0.000030 0.083317 0.055301
vn -0.002647 0.083317 0.055238
vn -0.005272 0.083317 0.055049
vn -0.007885 0.083317 0.054736
vn -0.010480 0.083317 0.054299
vn -0.013051 0.083317 0.053739
vn -0.015593 0.083317 0.053057
vn -0.018100 0.083317 0.052255
vn -0.020565 0.083317 0.051335
vn -0.022984 0.083317 0.050299
vn -0.025351 0.083317 0.049148
vn -0.027677 0.083317 0.047877
vn -0.029907 0.083317 0.046517
vn -0.032086 0.083317 0.045041
vn -0.034192 0.083317 0.043464
vn -0.036221 0.083317 0.041788
vn -0.038168 0.083317 0.040017
vn -0.040029 0.083317 0.038156
vn -0.041799 0.083317 0.036209
vn -0.043474 0.083317 0.034179
vn -0.045051 0.083317 0.032072
vn -0.046525 0.083317 0.029893
vn -0.047900 0.083317 0.027637
vn -0.049156 0.083317 0.025336
vn -0.050305 0.083317 0.022969
vn -0.051341 0.083317 0.020550
vn -0.052261 0.083317 0.018084
vn -0.053062 0.083317 0.015577
vn -0.053743 0.083317 0.013035
vn -0.054302 0.083317 0.010464
vn -0.000030 0.085818 0.051334
vn -0.002458 0.085818 0.051276
vn -0.004894 0.085818 0.051101
vn -0.007320 0.085818 0.050810
vn -0.009728 0.085818 0.050404
vn -0.012115 0.085818 0.049884
vn -0.014475 0.085818 0.049251
vn -0.016801 0.085818 0.048507
vn -0.019090 0.085818 0.047653
vn -0.021335 0.085818 0.046691
vn -0.023532 0.085818 0.045623
vn -0.025693 0.085818 0.044442
vn -0.027762 0.085818 0.043180
vn -0.029784 0.085818 0.041810
vn -0.031740 0.085818 0.040346
vn -0.033623 0.085818 0.038790
vn -0.035431 0.085818 0.037147
vn -0.037158 0.085818 0.035419
vn -0.038801 0.085818 0.033612
vn -0.040356 0.085818 0.031728
vn -0.041819 0.085818 0.029772
vn -0.043188 0.085818 0.027749
vn -0.044464 0.085818 0.025654
vn -0.045630 0.085818 0.023519
vn -0.046697 0.085818 0.021321
vn -0.047659 0.085818 0.019076
vn -0.048512 0.085818 0.016787
vn -0.049256 0.085818 0.014460
vn -0.049888 0.085818 0.012100
vn -0.050407 0.085818 0.009713
vn -0.000030 0.088130 0.047255
vn -0.002262 0.088130 0.047201
vn -0.004505 0.088130 0.047040
vn -0.006738 0.088130 0.046772
vn -0.008955 0.088130 0.046399
vn -0.011152 0.088130 0.045920
vn -0.013324 0.088130 0.045337
vn -0.015466 0.088130 0.044652
vn -0.017573 0.088130 0.043866
vn -0.019640 0.088130 0.042980
vn -0.021662 0.088130 0.041997
vn -0.023652 0.088130 0.040910
vn -0.025556 0.088130 0.039748
vn -0.027418 0.088130 0.038488
vn -0.029217 0.088130 0.037140
vn -0.030951 0.088130 0.035708
vn -0.032615 0.088130 0.034195
vn -0.034205 0.088130 0.032605
vn -0.035717 0.088130 0.030941
vn -0.037149 0.088130 0.029206
vn -0.038496 0.088130 0.027406
vn -0.039756 0.088130 0.025544
vn -0.040931 0.088130 0.023615
vn -0.042004 0.088130 0.021650
vn -0.042986 0.088130 0.019627
vn -0.043871 0.088130 0.017560
vn -0.044657 0.088130 0.015453
vn -0.045341 0.088130 0.013311
vn -0.045923 0.088130 0.011139
vn -0.046401 0.088130 0.008941
vn -0.000030 0.090249 0.043071
vn -0.002062 0.090249 0.043022
vn -0.004106 0.090249 0.042875
vn -0.006141 0.090249 0.042631
vn -0.008162 0.090249 0.042291
vn -0.010165 0.090249 0.041855
vn -0.012145 0.090249 0.041324
vn -0.014097 0.090249 0.040699
vn -0.016017 0.090249 0.039983
vn -0.017901 0.090249 0.039175
vn -0.019744 0.090249 0.038279
vn -0.021559 0.090249 0.037288
vn -0.023293 0.090249 0.036230
vn -0.024990 0.090249 0.035080
vn -0.026631 0.090249 0.033852
vn -0.028211 0.090249 0.032547
vn -0.029728 0.090249 0.031168
vn -0.031177 0.090249 0.029718
vn -0.032555 0.090249 0.028201
vn -0.033860 0.090249 0.026621
vn -0.035088 0.090249 0.024980
vn -0.036237 0.090249 0.023282
vn -0.037308 0.090249 0.021524
vn -0.038285 0.090249 0.019733
vn -0.039181 0.090249 0.017889
vn -0.039987 0.090249 0.016005
vn -0.040703 0.090249 0.014085
vn -0.041327 0.090249 0.012132
vn -0.041858 0.090249 0.010153
vn -0.042293 0.090249 0.008150
vn -0.000030 0.092169 0.038793
vn -0.001857 0.092169 0.038749
vn -0.003698 0.092169 0.038617
vn -0.005531 0.092169 0.038397
vn -0.007352 0.092169 0.038090
vn -0.009155 0.092169 0.037697
vn -0.010938 0.092169 0.037219
vn -0.012697 0.092169 0.036657
vn -0.014426 0.092169 0.036011
vn -0.016123 0.092169 0.035284
vn -0.017783 0.092169 0.034477
vn -0.019418 0.092169 0.033584
vn -0.020979 0.092169 0.032631
vn -0.022508 0.092169 0.031596
vn -0.023986 0.092169 0.030489
vn -0.025409 0.092169 0.029314
vn -0.026775 0.092169 0.028072
vn -0.028080 0.092169 0.026766
vn -0.029321 0.092169 0.025400
vn -0.030497 0.092169 0.023977
vn -0.031603 0.092169 0.022499
vn -0.032637 0.092169 0.020970
vn -0.033602 0.092169 0.019386
vn -0.034482 0.092169 0.017773
vn -0.035289 0.092169 0.016112
vn -0.036016 0.092169 0.014415
vn -0.036661 0.092169 0.012686
vn -0.037223 0.092169 0.010927
vn -0.037700 0.092169 0.009144
vn -0.038093 0.092169 0.007340
vn -0.000030 0.093886 0.034430
vn -0.001648 0.093886 0.034390
vn -0.003282 0.093886 0.034273
vn -0.004909 0.093886 0.034078
vn -0.006525 0.093886 0.033806
vn -0.008126 0.093886 0.033457
vn -0.009708 0.093886 0.033033
vn -0.011269 0.093886 0.032534
vn -0.012804 0.093886 0.031961
vn -0.014310 0.093886 0.031315
vn -0.015783 0.093886 0.030599
vn -0.017234 0.093886 0.029806
vn -0.018620 0.093886 0.028961
vn -0.019976 0.093886 0.028042
vn -0.021288 0.093886 0.027060
vn -0.022551 0.093886 0.026017
vn -0.023763 0.093886 0.024914
vn -0.024922 0.093886 0.023756
vn -0.026023 0.093886 0.022543
vn -0.027066 0.093886 0.021280
vn -0.028048 0.093886 0.019968
vn -0.028966 0.093886 0.018611
vn -0.029823 0.093886 0.017205
vn -0.030604 0.093886 0.015774
vn -0.031320 0.093886 0.014300
vn -0.031965 0.093886 0.012794
vn -0.032537 0.093886 0.011259
vn -0.033036 0.093886 0.009698
vn -0.033460 0.093886 0.008116
vn -0.033808 0.093886 0.006515
vn -0.000030 0.095397 0.029991
vn -0.002642 0.095397 0.029874
vn -0.005234 0.095397 0.029530
vn -0.007786 0.095397 0.028962
vn -0.010279 0.095397 0.028174
vn -0.012694 0.095397 0.027172
vn -0.015013 0.095397 0.025963
vn -0.017217 0.095397 0.024556
vn -0.019290 0.095397 0.022964
vn -0.021217 0.095397 0.021196
vn -0.022983 0.095397 0.019267
vn -0.024574 0.095397 0.017192
vn -0.025978 0.095397 0.014987
vn -0.027184 0.095397 0.012667
vn -0.028184 0.095397 0.010251
vn -0.028970 0.095397 0.007757
vn -0.029536 0.095397 0.005205
vn 0.000000 -0.100000 0.000000
vn 0.000000 -0.100000 0.000000
vn 0.000000 -0.100000 0.000000
vn 0.000000 -0.100000 0.000000
vn 0.000000 -0.100000 0.000000
vn 0.000000 -0.100000 0.000000
vn 0.000000 -0.100000 0.000000
vn 0.000000 -0.100000 0.000000
vn 0.000000 -0.100000 0.000000
vn 0.000000 -0.100000 0.000000
vn 0.000000 -0.100000 0.000000
vn 0.000000 -0.100000 0.000000
vn 0.000000 -0.100000 0.000000
vn 0.000000 -0.100000 0.000000
vn 0.000000 -0.100000 0.000000
vn 0.000000 -0.100000 0.000000
vn 0.000000 -0.100000 0.000000
vn 0.000000 -0.100000 0.000000
vn 0.000000 -0.100000 0.000000
vn 0.000000 -0.100000 0.000000
vn 0.000000 -0.100000 0.000000
vn 0.000000 -0.100000 0.000000
vn 0.000000 -0.100000 0.000000
vn 0.000000 -0.100000 0.000000
vn 0.000000 -0.100000 0.000000
vn 0.000000 -0.100000 0.000000
vn 0.000000 -0.100000 0.000000
vn 0.000000 -0.100000 0.000000
vn 0.000000 -0.100000 0.000000
vn 0.000000 -0.100000 0.000000
vn 0.000000 -0.100000 0.000000
vn 0.000000 -0.100000 0.000000
vn 0.000000 -0.100000 0.000000
vn 0.000000 -0.100000 0.000000
vn 0.000000 -0.100000 0.000000
vn 0.000000 0.000000 -0.100000
vn 0.000000 0.000000 -0.100000
vn 0.000000 0.000000 -0.100000
vn 0.000000 0.000000 -0.100000
vn 0.000000 0.000000 -0.100000
vn 0.000000 0.000000 -0.100000
vn 0.000000 0.000000 -0.100000
vn 0.000000 0.000000 -0.100000
vn 0.000000 0.000000 -0.100000
vn 0.000000 0.000000 -0.100000
vn 0.000000 0.000000 -0.100000
vn 0.000000 0.000000 -0.100000
vn 0.000000 0.000000 -0.100000
vn 0.000000 0.000000 -0.100000
vn 0.000000 0.000000 -0.100000
vn 0.000000 0.000000 -0.100000
vn 0.000000 0.000000 -0.100000
vn 0.000000 0.000000 -0.100000
vn 0.000000 0.000000 -0.100000
vn 0.000000 0.000000 -0.100000
vn 0.000000 0.000000 -0.100000
vn 0.000000 0.000000 -0.100000
vn 0.000000 0.000000 -0.100000
vn 0.000000 0.000000 -0.100000
vn 0.000000 0.000000 -0.100000
vn 0.000000 0.000000 -0.100000
vn 0.000000 0.000000 -0.100000
vn 0.000000 0.000000 -0.100000
vn 0.000000 0.000000 -0.100000
vn 0.000000 0.000000 -0.100000
vn 0.000000 0.000000 -0.100000
vn 0.000000 0.000000 -0.100000
vn 0.000000 0.000000 -0.100000
vn 0.000000 0.000000 -0.100000
vn 0.000000 0.000000 -0.100000
vn 0.000000 0.000000 -0.100000
vn 0.000000 0.000000 -0.100000
vn 0.000000 0.000000 -0.100000
vn 0.000000 0.000000 -0.100000
vn -0.000000 0.100000 -0.000000
vn -0.000000 0.100000 -0.000000
vn -0.000000 0.100000 -0.000000
vn -0.000000 0.100000 -0.000000
vn -0.000000 0.100000 -0.000000
vn -0.000000 0.100000 -0.000000
vn -0.000000 0.100000 -0.000000
vn -0.000000 0.100000 -0.000000
vn -0.000000 0.100000 -0.000000
vn -0.000000 0.100000 -0.000000
vn -0.000000 0.100000 -0.000000
vn -0.000000 0.100000 -0.000000
vn -0.000000 0.100000 -0.000000
vn -0.000000 0.100000 -0.000000
vn -0.000000 0.100000 -0.000000
vn -0.000000 0.100000 -0.000000
vn -0.000000 0.100000 -0.000000
vn -0.000000 0.100000 -0.000000
vn -0.000000 0.100000 -0.000000
vn -0.008810 -0.000000 0.099611
vn -0.007531 0.009595 0.099253
vn -0.000098 0.019508 0.098079
vn -0.007420 0.019509 0.097797
vn -0.007235 0.029227 0.095360
vn -0.014907 0.019509 0.096939
vn -0.014536 0.029227 0.094523
vn -0.022496 0.019509 0.095464
vn -0.021935 0.029227 0.093084
vn -0.030113 0.019509 0.093341
vn -0.029362 0.029227 0.091015
vn -0.037679 0.019509 0.090552
vn -0.036740 0.029227 0.088295
vn -0.045109 0.019509 0.087089
vn -0.043985 0.029227 0.084918
vn -0.052315 0.019509 0.082961
vn -0.051011 0.029227 0.080893
vn -0.057724 0.029227 0.076247
vn -0.055762 0.038268 0.073662
vn -0.061896 0.038268 0.068589
vn -0.059150 0.046957 0.065547
vn -0.067571 0.038268 0.063005
vn -0.064574 0.046957 0.060210
vn -0.072738 0.038268 0.056963
vn -0.069511 0.046957 0.054436
vn -0.077343 0.038268 0.050533
vn -0.073912 0.046957 0.048292
vn -0.081348 0.038268 0.043794
vn -0.077740 0.046957 0.041852
vn -0.084730 0.038268 0.036829
vn -0.080971 0.046957 0.035195
vn -0.087477 0.038268 0.029720
vn -0.083597 0.046957 0.028401
vn -0.089594 0.038268 0.022547
vn -0.085620 0.046957 0.021547
vn -0.090846 0.038268 0.016811
vn -0.086816 0.046957 0.016065
vn -0.091716 0.038268 0.011120
vn -0.087648 0.046957 0.010627
vn -0.092224 0.038268 0.005506
vn -0.088133 0.046957 0.005262
vn -0.092389 0.038265 -0.000000
vn -0.083149 0.055555 -0.000000
vn -0.082999 0.055557 0.004956
vn -0.077032 0.063599 0.004599
vn -0.076608 0.063599 0.009288
vn -0.070197 0.070711 0.008511
vn -0.069530 0.070711 0.012867
vn -0.062538 0.077169 0.011573
vn -0.061676 0.077169 0.015522
vn -0.053877 0.083147 0.013559
vn -0.052604 0.083147 0.017872
vn -0.044461 0.088290 0.015105
vn -0.043064 0.088290 0.018719
vn -0.035096 0.092388 0.015255
vn -0.033696 0.092388 0.018140
vn -0.025734 0.095634 0.013854
vn -0.024467 0.095634 0.015986
vn -0.016332 0.098079 0.010671
vn -0.015360 0.098079 0.012029
vn -0.014269 0.098079 0.013304
vn -0.013070 0.098079 0.014484
vn -0.011769 0.098079 0.015559
vn -0.010406 0.098079 0.016502
vn -0.015590 0.095634 0.024722
vn -0.008973 0.098079 0.017323
vn -0.013442 0.095634 0.025952
vn -0.007495 0.098079 0.018012
vn -0.011228 0.095634 0.026984
vn -0.005990 0.098079 0.018567
vn -0.008973 0.095634 0.027815
vn -0.004475 0.098079 0.018989
vn -0.006704 0.095634 0.028448
vn -0.002965 0.098079 0.019282
vn -0.004442 0.095634 0.028887
vn -0.001476 0.098079 0.019453
vn -0.002211 0.095634 0.029143
vn -0.000022 0.098078 0.019510
vn -0.000042 0.092386 0.038272
vn -0.002895 0.092388 0.038159
vn -0.003553 0.088290 0.046822
vn -0.007137 0.088290 0.046411
vn -0.008444 0.083147 0.054912
vn -0.012743 0.083147 0.054076
vn -0.014587 0.077169 0.061904
vn -0.019527 0.077169 0.060528
vn -0.021710 0.070711 0.067295
vn -0.027165 0.070711 0.065284
vn -0.029646 0.063599 0.071247
vn -0.035492 0.063599 0.068523
vn -0.038242 0.055557 0.073831
vn -0.044351 0.055557 0.070331
vn -0.047094 0.046957 0.074681
vn -0.050180 0.055557 0.066298
vn -0.053286 0.046957 0.070396
vn -0.055705 0.055557 0.061729
vn -0.000093 0.038265 0.092389
vn -0.006990 0.038268 0.092123
vn -0.014042 0.038268 0.091315
vn -0.021190 0.038268 0.089925
vn -0.028366 0.038268 0.087926
vn -0.035493 0.038268 0.085298
vn -0.042492 0.038268 0.082036
vn -0.049280 0.038268 0.078147
vn -0.006680 0.046957 0.088037
vn -0.000085 0.055555 0.083149
vn -0.006291 0.055557 0.082909
vn -0.005838 0.063599 0.076948
vn -0.012638 0.055557 0.082181
vn -0.011729 0.063599 0.076273
vn -0.019071 0.055557 0.080930
vn -0.017700 0.063599 0.075112
vn -0.025528 0.055557 0.079131
vn -0.023693 0.063599 0.073442
vn -0.031943 0.055557 0.076766
vn -0.000074 0.070705 0.070716
vn -0.005350 0.070711 0.070508
vn -0.010747 0.070711 0.069889
vn -0.016218 0.070711 0.068826
vn -0.004812 0.077169 0.063417
vn -0.000060 0.083145 0.055559
vn -0.004203 0.083147 0.055398
vn -0.017178 0.098079 0.009248
vn -0.026804 0.095634 0.011651
vn -0.036234 0.092388 0.012310
vn -0.045537 0.088290 0.011460
vn -0.054629 0.083147 0.010109
vn -0.063137 0.077169 0.007655
vn -0.070585 0.070711 0.004214
vn -0.070716 0.070705 -0.000000
vn -0.017892 0.098079 0.007777
vn -0.027673 0.095634 0.009402
vn -0.037111 0.092388 0.009339
vn -0.046173 0.088290 0.008544
vn -0.055153 0.083147 0.006687
vn -0.063486 0.077169 0.003791
vn -0.018472 0.098079 0.006276
vn -0.028343 0.095634 0.007133
vn -0.037629 0.092388 0.006963
vn -0.046615 0.088290 0.005652
vn -0.055458 0.083147 0.003311
vn -0.055560 0.083145 -0.000000
vn -0.018919 0.098079 0.004761
vn -0.028739 0.095634 0.005318
vn -0.037990 0.092388 0.004606
vn -0.046873 0.088290 0.002799
vn -0.019183 0.098079 0.003550
vn -0.029014 0.095634 0.003518
vn -0.038200 0.092388 0.002281
vn -0.038272 0.092386 -0.000000
vn -0.019367 0.098079 0.002348
vn -0.019474 0.098079 0.001163
vn -0.019510 0.098078 -0.000000
vn -0.029175 0.095634 0.001742
vn -0.095464 0.029227 0.005700
vn -0.098079 0.019508 -0.000000
vn -0.097904 0.019509 0.005846
vn -0.099362 0.009595 0.005933
vn -0.097366 0.019509 0.011805
vn -0.098815 0.009595 0.011981
vn -0.096441 0.019509 0.017847
vn -0.097877 0.009595 0.018112
vn -0.095113 0.019509 0.023936
vn -0.096529 0.009595 0.024293
vn -0.092865 0.019509 0.031550
vn -0.094248 0.009595 0.032020
vn -0.089949 0.019509 0.039097
vn -0.091288 0.009595 0.039679
vn -0.086359 0.019509 0.046492
vn -0.087645 0.009595 0.047184
vn -0.082107 0.019509 0.053646
vn -0.083329 0.009595 0.054444
vn -0.077218 0.019509 0.060471
vn -0.078367 0.009595 0.061372
vn -0.071733 0.019509 0.066886
vn -0.072801 0.009595 0.067882
vn -0.065708 0.019509 0.072814
vn -0.066686 0.009595 0.073898
vn -0.060088 0.009595 0.079356
vn -0.057408 -0.000000 0.081880
vn -0.099620 0.000000 0.008710
vn -0.090643 0.000000 0.042237
vn -0.086619 0.000000 0.049971
vn -0.081938 0.000000 0.057326
vn -0.053094 0.009595 0.084196
vn -0.050058 0.000000 0.086569
vn -0.045781 0.009595 0.088386
vn -0.042327 -0.000000 0.090600
vn -0.038240 0.009595 0.091900
vn -0.030561 0.009595 0.094731
vn -0.022830 0.009595 0.096885
vn -0.015129 0.009595 0.098382
vn -0.005817 0.092388 0.037824
vn -0.008777 0.092388 0.037248
vn -0.011749 0.092388 0.036420
vn -0.014702 0.092388 0.035332
vn -0.017601 0.092388 0.033981
vn -0.020412 0.092388 0.032370
vn -0.017632 0.095634 0.023309
vn -0.009667 0.077169 0.062861
vn -0.013419 0.046957 0.087264
vn -0.020250 0.046957 0.085936
vn -0.027107 0.046957 0.084025
vn -0.033918 0.046957 0.081514
vn -0.040607 0.046957 0.078397
vn -0.010770 0.088290 0.045705
vn -0.017057 0.083147 0.052874
vn -0.024433 0.077169 0.058719
vn -0.032522 0.070711 0.062788
vn -0.041162 0.063599 0.065275
vn -0.046570 0.063599 0.061534
vn -0.051700 0.063599 0.057291
vn -0.060812 0.055557 0.056703
vn -0.014417 0.088290 0.044689
vn -0.018039 0.088290 0.043353
vn -0.021597 0.088290 0.041695
vn -0.025047 0.088290 0.039719
vn -0.023088 0.092388 0.030519
vn -0.019581 0.095634 0.021698
vn -0.021376 0.095634 0.019932
vn -0.023010 0.095634 0.018020
vn -0.021343 0.083147 0.051294
vn -0.029251 0.077169 0.056473
vn -0.037717 0.070711 0.059811
vn -0.042670 0.070711 0.056385
vn -0.047373 0.070711 0.052496
vn -0.056441 0.063599 0.052627
vn -0.065462 0.055557 0.051265
vn -0.025552 0.083147 0.049332
vn -0.029634 0.083147 0.046994
vn -0.028331 0.088290 0.037447
vn -0.025638 0.092388 0.028411
vn -0.027989 0.092388 0.026098
vn -0.030129 0.092388 0.023595
vn -0.032036 0.092388 0.020932
vn -0.033924 0.077169 0.053796
vn -0.038376 0.077169 0.050716
vn -0.042609 0.077169 0.047216
vn -0.051717 0.070711 0.048222
vn -0.060756 0.063599 0.047580
vn -0.069607 0.055557 0.045479
vn -0.033522 0.083147 0.044304
vn -0.031459 0.088290 0.034861
vn -0.034343 0.088290 0.032023
vn -0.036969 0.088290 0.028952
vn -0.039310 0.088290 0.025684
vn -0.041346 0.088290 0.022259
vn -0.059203 0.019509 0.078194
vn -0.064070 0.029227 0.070999
vn -0.069945 0.029227 0.065219
vn -0.075293 0.029227 0.058964
vn -0.080060 0.029227 0.052308
vn -0.084206 0.029227 0.045333
vn -0.087707 0.029227 0.038123
vn -0.090550 0.029227 0.030764
vn -0.092742 0.029227 0.023340
vn -0.094037 0.029227 0.017402
vn -0.094938 0.029227 0.011511
vn -0.037221 0.083147 0.041246
vn -0.046516 0.077169 0.043373
vn -0.055671 0.070711 0.043597
vn -0.064603 0.063599 0.042209
vn -0.073212 0.055557 0.039414
vn -0.040634 0.083147 0.037888
vn -0.043740 0.083147 0.034254
vn -0.046510 0.083147 0.030388
vn -0.048918 0.083147 0.026336
vn -0.050952 0.083147 0.022147
vn -0.050072 0.077169 0.039213
vn -0.059196 0.070711 0.038676
vn -0.067948 0.063599 0.036580
vn -0.076255 0.055557 0.033145
vn -0.053243 0.077169 0.034787
vn -0.056000 0.077169 0.030148
vn -0.058328 0.077169 0.025353
vn -0.060219 0.077169 0.020459
vn -0.062261 0.070711 0.033519
vn -0.070773 0.063599 0.030762
vn -0.078727 0.055557 0.026747
vn -0.064849 0.070711 0.028188
vn -0.066952 0.070711 0.022746
vn -0.068573 0.070711 0.017257
vn -0.073068 0.063599 0.024824
vn -0.080633 0.055557 0.020292
vn -0.074836 0.063599 0.018833
vn -0.075881 0.063599 0.014042
vn -0.081759 0.055557 0.015130
vn -0.082542 0.055557 0.010008
vn 0.100000 0.000000 0.000000
vn 0.100000 0.000000 0.000000
vn 0.100000 0.000000 0.000000
vn 0.100000 0.000000 0.000000
vn 0.100000 0.000000 0.000000
vn 0.100000 0.000000 0.000000
vn 0.100000 0.000000 0.000000
vn 0.100000 0.000000 0.000000
vn 0.100000 0.000000 0.000000
vn 0.100000 0.000000 0.000000
vn 0.100000 0.000000 0.000000
vn 0.100000 0.000000 0.000000
vn 0.100000 0.000000 0.000000
vn 0.100000 0.000000 0.000000
vn 0.100000 0.000000 0.000000
vn 0.100000 0.000000 0.000000
vn 0.100000 0.000000 0.000000
vn 0.100000 0.000000 0.000000
vn 0.100000 0.000000 0.000000
vn 0.100000 0.000000 0.000000
vn 0.100000 0.000000 0.000000
vn 0.100000 0.000000 0.000000
vn 0.100000 0.000000 0.000000
vn 0.100000 0.000000 0.000000
vn 0.100000 0.000000 0.000000
vn 0.100000 0.000000 0.000000
vn 0.100000 0.000000 0.000000
vn 0.100000 0.000000 0.000000
vn 0.100000 0.000000 0.000000
vn 0.100000 0.000000 0.000000
vn 0.100000 0.000000 0.000000
vn 0.100000 0.000000 0.000000
vn 0.100000 0.000000 0.000000
vn 0.100000 0.000000 0.000000
vn 0.100000 0.000000 0.000000
vn 0.100000 0.000000 0.000000
vn 0.100000 0.000000 0.000000
vn 0.100000 0.000000 0.000000
vn 0.100000 0.000000 0.000000
usemtl Steel_-_Satin
f 1/1/1 2/2/2 38/3/3
f 38/3/3 2/2/2 3/4/4
f 38/3/3 3/4/4 37/5/5
f 37/5/5 3/4/4 4/6/6
f 37/5/5 4/6/6 36/7/7
f 36/7/7 4/6/6 5/8/8
f 36/7/7 5/8/8 35/9/9
f 35/9/9 5/8/8 6/10/10
f 35/9/9 6/10/10 34/11/11
f 34/11/11 6/10/10 7/12/12
f 34/11/11 7/12/12 33/13/13
f 33/13/13 7/12/12 8/14/14
f 33/13/13 8/14/14 32/15/15
f 32/15/15 8/14/14 9/16/16
f 32/15/15 9/16/16 31/17/17
f 31/17/17 9/16/16 10/18/18
f 31/17/17 10/18/18 30/19/19
f 30/19/19 10/18/18 11/20/20
f 30/19/19 11/20/20 29/21/21
f 29/21/21 11/20/20 12/22/22
f 29/21/21 12/22/22 28/23/23
f 28/23/23 12/22/22 13/24/24
f 28/23/23 13/24/24 27/25/25
f 27/25/25 13/24/24 14/26/26
f 27/25/25 14/26/26 26/27/27
f 26/27/27 14/26/26 15/28/28
f 26/27/27 15/28/28 25/29/29
f 25/29/29 15/28/28 16/30/30
f 25/29/29 16/30/30 24/31/31
f 24/31/31 16/30/30 17/32/32
f 24/31/31 17/32/32 23/33/33
f 23/33/33 17/32/32 18/34/34
f 23/33/33 18/34/34 22/35/35
f 22/35/35 18/34/34 19/36/36
f 22/35/35 19/36/36 21/37/37
f 21/37/37 19/36/36 20/38/38
f 39/39/39 40/40/40 124/41/41
f 124/41/41 40/40/40 162/42/42
f 124/41/41 162/42/42 123/43/43
f 123/43/43 162/42/42 188/44/44
f 123/43/43 188/44/44 122/45/45
f 122/45/45 188/44/44 215/46/46
f 122/45/45 215/46/46 121/47/47
f 121/47/47 215/46/46 214/48/48
f 121/47/47 214/48/48 120/49/49
f 120/49/49 214/48/48 265/50/50
f 120/49/49 265/50/50 119/51/51
f 119/51/51 265/50/50 264/52/52
f 119/51/51 264/52/52 118/53/53
f 118/53/53 264/52/52 315/54/54
f 118/53/53 315/54/54 117/55/55
f 117/55/55 315/54/54 314/56/56
f 117/55/55 314/56/56 116/57/57
f 116/57/57 314/56/56 367/58/58
f 116/57/57 367/58/58 115/59/59
f 115/59/59 367/58/58 366/60/60
f 115/59/59 366/60/60 114/61/61
f 114/61/61 366/60/60 419/62/62
f 114/61/61 419/62/62 113/63/63
f 113/63/63 419/62/62 418/64/64
f 113/63/63 418/64/64 112/65/65
f 112/65/65 418/64/64 470/66/66
f 112/65/65 470/66/66 111/67/67
f 111/67/67 470/66/66 497/68/68
f 111/67/67 497/68/68 110/69/69
f 110/69/69 497/68/68 496/70/70
f 110/69/69 496/70/70 109/71/71
f 109/71/71 496/70/70 547/72/72
f 109/71/71 547/72/72 108/73/73
f 108/73/73 547/72/72 546/74/74
f 108/73/73 546/74/74 107/75/75
f 107/75/75 546/74/74 597/76/76
f 107/75/75 597/76/76 106/77/77
f 106/77/77 597/76/76 596/78/78
f 106/77/77 596/78/78 105/79/79
f 105/79/79 596/78/78 649/80/80
f 105/79/79 649/80/80 104/81/81
f 104/81/81 649/80/80 648/82/82
f 104/81/81 648/82/82 103/83/83
f 103/83/83 648/82/82 701/84/84
f 103/83/83 701/84/84 102/85/85
f 102/85/85 701/84/84 700/86/86
f 102/85/85 700/86/86 101/87/87
f 101/87/87 700/86/86 752/88/88
f 101/87/87 752/88/88 100/89/89
f 100/89/89 752/88/88 779/90/90
f 100/89/89 779/90/90 99/91/91
f 99/91/91 779/90/90 778/92/92
f 99/91/91 778/92/92 98/93/93
f 98/93/93 778/92/92 829/94/94
f 98/93/93 829/94/94 97/95/95
f 97/95/95 829/94/94 828/96/96
f 97/95/95 828/96/96 96/97/97
f 96/97/97 828/96/96 879/98/98
f 96/97/97 879/98/98 95/99/99
f 95/99/99 879/98/98 878/100/100
f 95/99/99 878/100/100 94/101/101
f 94/101/101 878/100/100 931/102/102
f 94/101/101 931/102/102 93/103/103
f 93/103/103 931/102/102 930/104/104
f 93/103/103 930/104/104 92/105/105
f 92/105/105 930/104/104 91/106/106
f 91/106/106 930/104/104 929/107/107
f 91/106/106 929/107/107 90/108/108
f 90/108/108 929/107/107 928/109/109
f 90/108/108 928/109/109 89/110/110
f 89/110/110 928/109/109 927/111/111
f 89/110/110 927/111/111 88/112/112
f 88/112/112 927/111/111 926/113/113
f 88/112/112 926/113/113 87/114/114
f 87/114/114 926/113/113 925/115/115
f 87/114/114 925/115/115 86/116/116
f 86/116/116 925/115/115 924/117/117
f 86/116/116 924/117/117 85/118/118
f 85/118/118 924/117/117 923/119/119
f 85/118/118 923/119/119 84/120/120
f 84/120/120 923/119/119 922/121/121
f 84/120/120 922/121/121 83/122/122
f 83/122/122 922/121/121 921/123/123
f 83/122/122 921/123/123 82/124/124
f 82/124/124 921/123/123 920/125/125
f 82/124/124 920/125/125 81/126/126
f 81/126/126 920/125/125 919/127/127
f 81/126/126 919/127/127 80/128/128
f 80/128/128 919/127/127 918/129/129
f 80/128/128 918/129/129 79/130/130
f 79/130/130 918/129/129 917/131/131
f 79/130/130 917/131/131 78/132/132
f 78/132/132 917/131/131 916/133/133
f 78/132/132 916/133/133 77/134/134
f 77/134/134 916/133/133 915/135/135
f 77/134/134 915/135/135 76/136/136
f 76/136/136 915/135/135 914/137/137
f 76/136/136 914/137/137 75/138/138
f 75/138/138 914/137/137 913/139/139
f 75/138/138 913/139/139 74/140/140
f 74/140/140 913/139/139 912/141/141
f 74/140/140 912/141/141 73/142/142
f 73/142/142 912/141/141 911/143/143
f 73/142/142 911/143/143 72/144/144
f 72/144/144 911/143/143 910/145/145
f 72/144/144 910/145/145 71/146/146
f 71/146/146 910/145/145 909/147/147
f 71/146/146 909/147/147 70/148/148
f 70/148/148 909/147/147 908/149/149
f 70/148/148 908/149/149 69/150/150
f 69/150/150 908/149/149 907/151/151
f 69/150/150 907/151/151 68/152/152
f 68/152/152 907/151/151 906/153/153
f 68/152/152 906/153/153 67/154/154
f 67/154/154 906/153/153 905/155/155
f 67/154/154 905/155/155 66/156/156
f 66/156/156 905/155/155 21/157/157
f 21/157/157 905/155/155 22/158/158
f 22/158/158 905/155/155 956/159/159
f 22/158/158 956/159/159 125/160/160
f 125/160/160 956/159/159 955/161/161
f 125/160/160 955/161/161 854/162/162
f 854/162/162 955/161/161 954/163/163
f 854/162/162 954/163/163 855/164/164
f 855/164/164 954/163/163 953/165/165
f 855/164/164 953/165/165 856/166/166
f 856/166/166 953/165/165 952/167/167
f 856/166/166 952/167/167 857/168/168
f 857/168/168 952/167/167 951/169/169
f 857/168/168 951/169/169 858/170/170
f 858/170/170 951/169/169 950/171/171
f 858/170/170 950/171/171 859/172/172
f 859/172/172 950/171/171 949/173/173
f 859/172/172 949/173/173 860/174/174
f 860/174/174 949/173/173 948/175/175
f 860/174/174 948/175/175 861/176/176
f 861/176/176 948/175/175 947/177/177
f 861/176/176 947/177/177 862/178/178
f 862/178/178 947/177/177 946/179/179
f 862/178/178 946/179/179 863/180/180
f 863/180/180 946/179/179 945/181/181
f 863/180/180 945/181/181 864/182/182
f 864/182/182 945/181/181 944/183/183
f 864/182/182 944/183/183 865/184/184
f 865/184/184 944/183/183 943/185/185
f 865/184/184 943/185/185 866/186/186
f 866/186/186 943/185/185 942/187/187
f 866/186/186 942/187/187 867/188/188
f 867/188/188 942/187/187 941/189/189
f 867/188/188 941/189/189 868/190/190
f 868/190/190 941/189/189 940/191/191
f 868/190/190 940/191/191 869/192/192
f 869/192/192 940/191/191 939/193/193
f 869/192/192 939/193/193 870/194/194
f 870/194/194 939/193/193 938/195/195
f 870/194/194 938/195/195 871/196/196
f 871/196/196 938/195/195 937/197/197
f 871/196/196 937/197/197 872/198/198
f 872/198/198 937/197/197 936/199/199
f 872/198/198 936/199/199 873/200/200
f 873/200/200 936/199/199 935/201/201
f 873/200/200 935/201/201 874/202/202
f 874/202/202 935/201/201 934/203/203
f 874/202/202 934/203/203 875/204/204
f 875/204/204 934/203/203 933/205/205
f 875/204/204 933/205/205 876/206/206
f 876/206/206 933/205/205 932/207/207
f 876/206/206 932/207/207 877/208/208
f 877/208/208 932/207/207 931/102/102
f 877/208/208 931/102/102 878/100/100
f 40/40/40 41/209/209 162/42/42
f 162/42/42 41/209/209 161/210/210
f 162/42/42 161/210/210 188/44/44
f 188/44/44 161/210/210 187/211/211
f 188/44/44 187/211/211 215/46/46
f 215/46/46 187/211/211 216/212/212
f 215/46/46 216/212/212 214/48/48
f 214/48/48 216/212/212 213/213/213
f 214/48/48 213/213/213 265/50/50
f 265/50/50 213/213/213 266/214/214
f 265/50/50 266/214/214 264/52/52
f 264/52/52 266/214/214 263/215/215
f 264/52/52 263/215/215 315/54/54
f 315/54/54 263/215/215 316/216/216
f 315/54/54 316/216/216 314/56/56
f 314/56/56 316/216/216 313/217/217
f 314/56/56 313/217/217 367/58/58
f 367/58/58 313/217/217 368/218/218
f 367/58/58 368/218/218 366/60/60
f 366/60/60 368/218/218 365/219/219
f 366/60/60 365/219/219 419/62/62
f 419/62/62 365/219/219 420/220/220
f 419/62/62 420/220/220 418/64/64
f 418/64/64 420/220/220 417/221/221
f 418/64/64 417/221/221 470/66/66
f 470/66/66 417/221/221 469/222/222
f 470/66/66 469/222/222 497/68/68
f 497/68/68 469/222/222 498/223/223
f 497/68/68 498/223/223 496/70/70
f 496/70/70 498/223/223 495/224/224
f 496/70/70 495/224/224 547/72/72
f 547/72/72 495/224/224 548/225/225
f 547/72/72 548/225/225 546/74/74
f 546/74/74 548/225/225 545/226/226
f 546/74/74 545/226/226 597/76/76
f 597/76/76 545/226/226 598/227/227
f 597/76/76 598/227/227 596/78/78
f 596/78/78 598/227/227 595/228/228
f 596/78/78 595/228/228 649/80/80
f 649/80/80 595/228/228 650/229/229
f 649/80/80 650/229/229 648/82/82
f 648/82/82 650/229/229 647/230/230
f 648/82/82 647/230/230 701/84/84
f 701/84/84 647/230/230 702/231/231
f 701/84/84 702/231/231 700/86/86
f 700/86/86 702/231/231 699/232/232
f 700/86/86 699/232/232 752/88/88
f 752/88/88 699/232/232 751/233/233
f 752/88/88 751/233/233 779/90/90
f 779/90/90 751/233/233 780/234/234
f 779/90/90 780/234/234 778/92/92
f 778/92/92 780/234/234 777/235/235
f 778/92/92 777/235/235 829/94/94
f 829/94/94 777/235/235 830/236/236
f 829/94/94 830/236/236 828/96/96
f 828/96/96 830/236/236 827/237/237
f 828/96/96 827/237/237 879/98/98
f 879/98/98 827/237/237 880/238/238
f 879/98/98 880/238/238 878/100/100
f 878/100/100 880/238/238 877/208/208
f 41/209/209 42/239/239 161/210/210
f 161/210/210 42/239/239 160/240/240
f 161/210/210 160/240/240 187/211/211
f 187/211/211 160/240/240 186/241/241
f 187/211/211 186/241/241 216/212/212
f 216/212/212 186/241/241 217/242/242
f 216/212/212 217/242/242 213/213/213
f 213/213/213 217/242/242 212/243/243
f 213/213/213 212/243/243 266/214/214
f 266/214/214 212/243/243 267/244/244
f 266/214/214 267/244/244 263/215/215
f 263/215/215 267/244/244 262/245/245
f 263/215/215 262/245/245 316/216/216
f 316/216/216 262/245/245 317/246/246
f 316/216/216 317/246/246 313/217/217
f 313/217/217 317/246/246 312/247/247
f 313/217/217 312/247/247 368/218/218
f 368/218/218 312/247/247 369/248/248
f 368/218/218 369/248/248 365/219/219
f 365/219/219 369/248/248 364/249/249
f 365/219/219 364/249/249 420/220/220
f 420/220/220 364/249/249 421/250/250
f 420/220/220 421/250/250 417/221/221
f 417/221/221 421/250/250 416/251/251
f 417/221/221 416/251/251 469/222/222
f 469/222/222 416/251/251 468/252/252
f 469/222/222 468/252/252 498/223/223
f 498/223/223 468/252/252 499/253/253
f 498/223/223 499/253/253 495/224/224
f 495/224/224 499/253/253 494/254/254
f 495/224/224 494/254/254 548/225/225
f 548/225/225 494/254/254 549/255/255
f 548/225/225 549/255/255 545/226/226
f 545/226/226 549/255/255 544/256/256
f 545/226/226 544/256/256 598/227/227
f 598/227/227 544/256/256 599/257/257
f 598/227/227 599/257/257 595/228/228
f 595/228/228 599/257/257 594/258/258
f 595/228/228 594/258/258 650/229/229
f 650/229/229 594/258/258 651/259/259
f 650/229/229 651/259/259 647/230/230
f 647/230/230 651/259/259 646/260/260
f 647/230/230 646/260/260 702/231/231
f 702/231/231 646/260/260 703/261/261
f 702/231/231 703/261/261 699/232/232
f 699/232/232 703/261/261 698/262/262
f 699/232/232 698/262/262 751/233/233
f 751/233/233 698/262/262 750/263/263
f 751/233/233 750/263/263 780/234/234
f 780/234/234 750/263/263 781/264/264
f 780/234/234 781/264/264 777/235/235
f 777/235/235 781/264/264 776/265/265
f 777/235/235 776/265/265 830/236/236
f 830/236/236 776/265/265 831/266/266
f 830/236/236 831/266/266 827/237/237
f 827/237/237 831/266/266 826/267/267
f 827/237/237 826/267/267 880/238/238
f 880/238/238 826/267/267 881/268/268
f 880/238/238 881/268/268 877/208/208
f 877/208/208 881/268/268 876/206/206
f 42/239/239 43/269/269 160/240/240
f 160/240/240 43/269/269 159/270/270
f 160/240/240 159/270/270 186/241/241
f 186/241/241 159/270/270 185/271/271
f 186/241/241 185/271/271 217/242/242
f 217/242/242 185/271/271 218/272/272
f 217/242/242 218/272/272 212/243/243
f 212/243/243 218/272/272 211/273/273
f 212/243/243 211/273/273 267/244/244
f 267/244/244 211/273/273 268/274/274
f 267/244/244 268/274/274 262/245/245
f 262/245/245 268/274/274 261/275/275
f 262/245/245 261/275/275 317/246/246
f 317/246/246 261/275/275 318/276/276
f 317/246/246 318/276/276 312/247/247
f 312/247/247 318/276/276 311/277/277
f 312/247/247 311/277/277 369/248/248
f 369/248/248 311/277/277 370/278/278
f 369/248/248 370/278/278 364/249/249
f 364/249/249 370/278/278 363/279/279
f 364/249/249 363/279/279 421/250/250
f 421/250/250 363/279/279 422/280/280
f 421/250/250 422/280/280 416/251/251
f 416/251/251 422/280/280 415/281/281
f 416/251/251 415/281/281 468/252/252
f 468/252/252 415/281/281 467/282/282
f 468/252/252 467/282/282 499/253/253
f 499/253/253 467/282/282 500/283/283
f 499/253/253 500/283/283 494/254/254
f 494/254/254 500/283/283 493/284/284
f 494/254/254 493/284/284 549/255/255
f 549/255/255 493/284/284 550/285/285
f 549/255/255 550/285/285 544/256/256
f 544/256/256 550/285/285 543/286/286
f 544/256/256 543/286/286 599/257/257
f 599/257/257 543/286/286 600/287/287
f 599/257/257 600/287/287 594/258/258
f 594/258/258 600/287/287 593/288/288
f 594/258/258 593/288/288 651/259/259
f 651/259/259 593/288/288 652/289/289
f 651/259/259 652/289/289 646/260/260
f 646/260/260 652/289/289 645/290/290
f 646/260/260 645/290/290 703/261/261
f 703/261/261 645/290/290 704/291/291
f 703/261/261 704/291/291 698/262/262
f 698/262/262 704/291/291 697/292/292
f 698/262/262 697/292/292 750/263/263
f 750/263/263 697/292/292 749/293/293
f 750/263/263 749/293/293 781/264/264
f 781/264/264 749/293/293 782/294/294
f 781/264/264 782/294/294 776/265/265
f 776/265/265 782/294/294 775/295/295
f 776/265/265 775/295/295 831/266/266
f 831/266/266 775/295/295 832/296/296
f 831/266/266 832/296/296 826/267/267
f 826/267/267 832/296/296 825/297/297
f 826/267/267 825/297/297 881/268/268
f 881/268/268 825/297/297 882/298/298
f 881/268/268 882/298/298 876/206/206
f 876/206/206 882/298/298 875/204/204
f 43/269/269 44/299/299 159/270/270
f 159/270/270 44/299/299 158/300/300
f 159/270/270 158/300/300 185/271/271
f 185/271/271 158/300/300 184/301/301
f 185/271/271 184/301/301 218/272/272
f 218/272/272 184/301/301 219/302/302
f 218/272/272 219/302/302 211/273/273
f 211/273/273 219/302/302 210/303/303
f 211/273/273 210/303/303 268/274/274
f 268/274/274 210/303/303 269/304/304
f 268/274/274 269/304/304 261/275/275
f 261/275/275 269/304/304 260/305/305
f 261/275/275 260/305/305 318/276/276
f 318/276/276 260/305/305 319/306/306
f 318/276/276 319/306/306 311/277/277
f 311/277/277 319/306/306 310/307/307
f 311/277/277 310/307/307 370/278/278
f 370/278/278 310/307/307 371/308/308
f 370/278/278 371/308/308 363/279/279
f 363/279/279 371/308/308 362/309/309
f 363/279/279 362/309/309 422/280/280
f 422/280/280 362/309/309 423/310/310
f 422/280/280 423/310/310 415/281/281
f 415/281/281 423/310/310 414/311/311
f 415/281/281 414/311/311 467/282/282
f 467/282/282 414/311/311 466/312/312
f 467/282/282 466/312/312 500/283/283
f 500/283/283 466/312/312 501/313/313
f 500/283/283 501/313/313 493/284/284
f 493/284/284 501/313/313 492/314/314
f 493/284/284 492/314/314 550/285/285
f 550/285/285 492/314/314 551/315/315
f 550/285/285 551/315/315 543/286/286
f 543/286/286 551/315/315 542/316/316
f 543/286/286 542/316/316 600/287/287
f 600/287/287 542/316/316 601/317/317
f 600/287/287 601/317/317 593/288/288
f 593/288/288 601/317/317 592/318/318
f 593/288/288 592/318/318 652/289/289
f 652/289/289 592/318/318 653/319/319
f 652/289/289 653/319/319 645/290/290
f 645/290/290 653/319/319 644/320/320
f 645/290/290 644/320/320 704/291/291
f 704/291/291 644/320/320 705/321/321
f 704/291/291 705/321/321 697/292/292
f 697/292/292 705/321/321 696/322/322
f 697/292/292 696/322/322 749/293/293
f 749/293/293 696/322/322 748/323/323
f 749/293/293 748/323/323 782/294/294
f 782/294/294 748/323/323 783/324/324
f 782/294/294 783/324/324 775/295/295
f 775/295/295 783/324/324 774/325/325
f 775/295/295 774/325/325 832/296/296
f 832/296/296 774/325/325 833/326/326
f 832/296/296 833/326/326 825/297/297
f 825/297/297 833/326/326 824/327/327
f 825/297/297 824/327/327 882/298/298
f 882/298/298 824/327/327 883/328/328
f 882/298/298 883/328/328 875/204/204
f 875/204/204 883/328/328 874/202/202
f 44/299/299 45/329/329 158/300/300
f 158/300/300 45/329/329 157/330/330
f 158/300/300 157/330/330 184/301/301
f 184/301/301 157/330/330 183/331/331
f 184/301/301 183/331/331 219/302/302
f 219/302/302 183/331/331 220/332/332
f 219/302/302 220/332/332 210/303/303
f 210/303/303 220/332/332 209/333/333
f 210/303/303 209/333/333 269/304/304
f 269/304/304 209/333/333 270/334/334
f 269/304/304 270/334/334 260/305/305
f 260/305/305 270/334/334 259/335/335
f 260/305/305 259/335/335 319/306/306
f 319/306/306 259/335/335 320/336/336
f 319/306/306 320/336/336 310/307/307
f 310/307/307 320/336/336 309/337/337
f 310/307/307 309/337/337 371/308/308
f 371/308/308 309/337/337 372/338/338
f 371/308/308 372/338/338 362/309/309
f 362/309/309 372/338/338 361/339/339
f 362/309/309 361/339/339 423/310/310
f 423/310/310 361/339/339 424/340/340
f 423/310/310 424/340/340 414/311/311
f 414/311/311 424/340/340 413/341/341
f 414/311/311 413/341/341 466/312/312
f 466/312/312 413/341/341 465/342/342
f 466/312/312 465/342/342 501/313/313
f 501/313/313 465/342/342 502/343/343
f 501/313/313 502/343/343 492/314/314
f 492/314/314 502/343/343 491/344/344
f 492/314/314 491/344/344 551/315/315
f 551/315/315 491/344/344 552/345/345
f 551/315/315 552/345/345 542/316/316
f 542/316/316 552/345/345 541/346/346
f 542/316/316 541/346/346 601/317/317
f 601/317/317 541/346/346 602/347/347
f 601/317/317 602/347/347 592/318/318
f 592/318/318 602/347/347 591/348/348
f 592/318/318 591/348/348 653/319/319
f 653/319/319 591/348/348 654/349/349
f 653/319/319 654/349/349 644/320/320
f 644/320/320 654/349/349 643/350/350
f 644/320/320 643/350/350 705/321/321
f 705/321/321 643/350/350 706/351/351
f 705/321/321 706/351/351 696/322/322
f 696/322/322 706/351/351 695/352/352
f 696/322/322 695/352/352 748/323/323
f 748/323/323 695/352/352 747/353/353
f 748/323/323 747/353/353 783/324/324
f 783/324/324 747/353/353 784/354/354
f 783/324/324 784/354/354 774/325/325
f 774/325/325 784/354/354 773/355/355
f 774/325/325 773/355/355 833/326/326
f 833/326/326 773/355/355 834/356/356
f 833/326/326 834/356/356 824/327/327
f 824/327/327 834/356/356 823/357/357
f 824/327/327 823/357/357 883/328/328
f 883/328/328 823/357/357 884/358/358
f 883/328/328 884/358/358 874/202/202
f 874/202/202 884/358/358 873/200/200
f 45/329/329 46/359/359 157/330/330
f 157/330/330 46/359/359 156/360/360
f 157/330/330 156/360/360 183/331/331
f 183/331/331 156/360/360 182/361/361
f 183/331/331 182/361/361 220/332/332
f 220/332/332 182/361/361 221/362/362
f 220/332/332 221/362/362 209/333/333
f 209/333/333 221/362/362 208/363/363
f 209/333/333 208/363/363 270/334/334
f 270/334/334 208/363/363 271/364/364
f 270/334/334 271/364/364 259/335/335
f 259/335/335 271/364/364 258/365/365
f 259/335/335 258/365/365 320/336/336
f 320/336/336 258/365/365 321/366/366
f 320/336/336 321/366/366 309/337/337
f 309/337/337 321/366/366 308/367/367
f 309/337/337 308/367/367 372/338/338
f 372/338/338 308/367/367 373/368/368
f 372/338/338 373/368/368 361/339/339
f 361/339/339 373/368/368 360/369/369
f 361/339/339 360/369/369 424/340/340
f 424/340/340 360/369/369 425/370/370
f 424/340/340 425/370/370 413/341/341
f 413/341/341 425/370/370 412/371/371
f 413/341/341 412/371/371 465/342/342
f 465/342/342 412/371/371 464/372/372
f 465/342/342 464/372/372 502/343/343
f 502/343/343 464/372/372 503/373/373
f 502/343/343 503/373/373 491/344/344
f 491/344/344 503/373/373 490/374/374
f 491/344/344 490/374/374 552/345/345
f 552/345/345 490/374/374 553/375/375
f 552/345/345 553/375/375 541/346/346
f 541/346/346 553/375/375 540/376/376
f 541/346/346 540/376/376 602/347/347
f 602/347/347 540/376/376 603/377/377
f 602/347/347 603/377/377 591/348/348
f 591/348/348 603/377/377 590/378/378
f 591/348/348 590/378/378 654/349/349
f 654/349/349 590/378/378 655/379/379
f 654/349/349 655/379/379 643/350/350
f 643/350/350 655/379/379 642/380/380
f 643/350/350 642/380/380 706/351/351
f 706/351/351 642/380/380 707/381/381
f 706/351/351 707/381/381 695/352/352
f 695/352/352 707/381/381 694/382/382
f 695/352/352 694/382/382 747/353/353
f 747/353/353 694/382/382 746/383/383
f 747/353/353 746/383/383 784/354/354
f 784/354/354 746/383/383 785/384/384
f 784/354/354 785/384/384 773/355/355
f 773/355/355 785/384/384 772/385/385
f 773/355/355 772/385/385 834/356/356
f 834/356/356 772/385/385 835/386/386
f 834/356/356 835/386/386 823/357/357
f 823/357/357 835/386/386 822/387/387
f 823/357/357 822/387/387 884/358/358
f 884/358/358 822/387/387 885/388/388
f 884/358/358 885/388/388 873/200/200
f 873/200/200 885/388/388 872/198/198
f 46/359/359 47/389/389 156/360/360
f 156/360/360 47/389/389 155/390/390
f 156/360/360 155/390/390 182/361/361
f 182/361/361 155/390/390 181/391/391
f 182/361/361 181/391/391 221/362/362
f 221/362/362 181/391/391 222/392/392
f 221/362/362 222/392/392 208/363/363
f 208/363/363 222/392/392 207/393/393
f 208/363/363 207/393/393 271/364/364
f 271/364/364 207/393/393 272/394/394
f 271/364/364 272/394/394 258/365/365
f 258/365/365 272/394/394 257/395/395
f 258/365/365 257/395/395 321/366/366
f 321/366/366 257/395/395 322/396/396
f 321/366/366 322/396/396 308/367/367
f 308/367/367 322/396/396 307/397/397
f 308/367/367 307/397/397 373/368/368
f 373/368/368 307/397/397 374/398/398
f 373/368/368 374/398/398 360/369/369
f 360/369/369 374/398/398 359/399/399
f 360/369/369 359/399/399 425/370/370
f 425/370/370 359/399/399 426/400/400
f 425/370/370 426/400/400 412/371/371
f 412/371/371 426/400/400 411/401/401
f 412/371/371 411/401/401 464/372/372
f 464/372/372 411/401/401 463/402/402
f 464/372/372 463/402/402 503/373/373
f 503/373/373 463/402/402 504/403/403
f 503/373/373 504/403/403 490/374/374
f 490/374/374 504/403/403 489/404/404
f 490/374/374 489/404/404 553/375/375
f 553/375/375 489/404/404 554/405/405
f 553/375/375 554/405/405 540/376/376
f 540/376/376 554/405/405 539/406/406
f 540/376/376 539/406/406 603/377/377
f 603/377/377 539/406/406 604/407/407
f 603/377/377 604/407/407 590/378/378
f 590/378/378 604/407/407 589/408/408
f 590/378/378 589/408/408 655/379/379
f 655/379/379 589/408/408 656/409/409
f 655/379/379 656/409/409 642/380/380
f 642/380/380 656/409/409 641/410/410
f 642/380/380 641/410/410 707/381/381
f 707/381/381 641/410/410 708/411/411
f 707/381/381 708/411/411 694/382/382
f 694/382/382 708/411/411 693/412/412
f 694/382/382 693/412/412 746/383/383
f 746/383/383 693/412/412 745/413/413
f 746/383/383 745/413/413 785/384/384
f 785/384/384 745/413/413 786/414/414
f 785/384/384 786/414/414 772/385/385
f 772/385/385 786/414/414 771/415/415
f 772/385/385 771/415/415 835/386/386
f 835/386/386 771/415/415 836/416/416
f 835/386/386 836/416/416 822/387/387
f 822/387/387 836/416/416 821/417/417
f 822/387/387 821/417/417 885/388/388
f 885/388/388 821/417/417 886/418/418
f 885/388/388 886/418/418 872/198/198
f 872/198/198 886/418/418 871/196/196
f 47/389/389 48/419/419 155/390/390
f 155/390/390 48/419/419 154/420/420
f 155/390/390 154/420/420 181/391/391
f 181/391/391 154/420/420 180/421/421
f 181/391/391 180/421/421 222/392/392
f 222/392/392 180/421/421 223/422/422
f 222/392/392 223/422/422 207/393/393
f 207/393/393 223/422/422 206/423/423
f 207/393/393 206/423/423 272/394/394
f 272/394/394 206/423/423 273/424/424
f 272/394/394 273/424/424 257/395/395
f 257/395/395 273/424/424 256/425/425
f 257/395/395 256/425/425 322/396/396
f 322/396/396 256/425/425 323/426/426
f 322/396/396 323/426/426 307/397/397
f 307/397/397 323/426/426 306/427/427
f 307/397/397 306/427/427 374/398/398
f 374/398/398 306/427/427 375/428/428
f 374/398/398 375/428/428 359/399/399
f 359/399/399 375/428/428 358/429/429
f 359/399/399 358/429/429 426/400/400
f 426/400/400 358/429/429 427/430/430
f 426/400/400 427/430/430 411/401/401
f 411/401/401 427/430/430 410/431/431
f 411/401/401 410/431/431 463/402/402
f 463/402/402 410/431/431 462/432/432
f 463/402/402 462/432/432 504/403/403
f 504/403/403 462/432/432 505/433/433
f 504/403/403 505/433/433 489/404/404
f 489/404/404 505/433/433 488/434/434
f 489/404/404 488/434/434 554/405/405
f 554/405/405 488/434/434 555/435/435
f 554/405/405 555/435/435 539/406/406
f 539/406/406 555/435/435 538/436/436
f 539/406/406 538/436/436 604/407/407
f 604/407/407 538/436/436 605/437/437
f 604/407/407 605/437/437 589/408/408
f 589/408/408 605/437/437 588/438/438
f 589/408/408 588/438/438 656/409/409
f 656/409/409 588/438/438 657/439/439
f 656/409/409 657/439/439 641/410/410
f 641/410/410 657/439/439 640/440/440
f 641/410/410 640/440/440 708/411/411
f 708/411/411 640/440/440 709/441/441
f 708/411/411 709/441/441 693/412/412
f 693/412/412 709/441/441 692/442/442
f 693/412/412 692/442/442 745/413/413
f 745/413/413 692/442/442 744/443/443
f 745/413/413 744/443/443 786/414/414
f 786/414/414 744/443/443 787/444/444
f 786/414/414 787/444/444 771/415/415
f 771/415/415 787/444/444 770/445/445
f 771/415/415 770/445/445 836/416/416
f 836/416/416 770/445/445 837/446/446
f 836/416/416 837/446/446 821/417/417
f 821/417/417 837/446/446 820/447/447
f 821/417/417 820/447/447 886/418/418
f 886/418/418 820/447/447 887/448/448
f 886/418/418 887/448/448 871/196/196
f 871/196/196 887/448/448 870/194/194
f 48/419/419 49/449/449 154/420/420
f 154/420/420 49/449/449 153/450/450
f 154/420/420 153/450/450 180/421/421
f 180/421/421 153/450/450 179/451/451
f 180/421/421 179/451/451 223/422/422
f 223/422/422 179/451/451 224/452/452
f 223/422/422 224/452/452 206/423/423
f 206/423/423 224/452/452 205/453/453
f 206/423/423 205/453/453 273/424/424
f 273/424/424 205/453/453 274/454/454
f 273/424/424 274/454/454 256/425/425
f 256/425/425 274/454/454 255/455/455
f 256/425/425 255/455/455 323/426/426
f 323/426/426 255/455/455 324/456/456
f 323/426/426 324/456/456 306/427/427
f 306/427/427 324/456/456 305/457/457
f 306/427/427 305/457/457 375/428/428
f 375/428/428 305/457/457 376/458/458
f 375/428/428 376/458/458 358/429/429
f 358/429/429 376/458/458 357/459/459
f 358/429/429 357/459/459 427/430/430
f 427/430/430 357/459/459 428/460/460
f 427/430/430 428/460/460 410/431/431
f 410/431/431 428/460/460 409/461/461
f 410/431/431 409/461/461 462/432/432
f 462/432/432 409/461/461 461/462/462
f 462/432/432 461/462/462 505/433/433
f 505/433/433 461/462/462 506/463/463
f 505/433/433 506/463/463 488/434/434
f 488/434/434 506/463/463 487/464/464
f 488/434/434 487/464/464 555/435/435
f 555/435/435 487/464/464 556/465/465
f 555/435/435 556/465/465 538/436/436
f 538/436/436 556/465/465 537/466/466
f 538/436/436 537/466/466 605/437/437
f 605/437/437 537/466/466 606/467/467
f 605/437/437 606/467/467 588/438/438
f 588/438/438 606/467/467 587/468/468
f 588/438/438 587/468/468 657/439/439
f 657/439/439 587/468/468 658/469/469
f 657/439/439 658/469/469 640/440/440
f 640/440/440 658/469/469 639/470/470
f 640/440/440 639/470/470 709/441/441
f 709/441/441 639/470/470 710/471/471
f 709/441/441 710/471/471 692/442/442
f 692/442/442 710/471/471 691/472/472
f 692/442/442 691/472/472 744/443/443
f 744/443/443 691/472/472 743/473/473
f 744/443/443 743/473/473 787/444/444
f 787/444/444 743/473/473 788/474/474
f 787/444/444 788/474/474 770/445/445
f 770/445/445 788/474/474 769/475/475
f 770/445/445 769/475/475 837/446/446
f 837/446/446 769/475/475 838/476/476
f 837/446/446 838/476/476 820/447/447
f 820/447/447 838/476/476 819/477/477
f 820/447/447 819/477/477 887/448/448
f 887/448/448 819/477/477 888/478/478
f 887/448/448 888/478/478 870/194/194
f 870/194/194 888/478/478 869/192/192
f 49/449/449 50/479/479 153/450/450
f 153/450/450 50/479/479 152/480/480
f 153/450/450 152/480/480 179/451/451
f 179/451/451 152/480/480 178/481/481
f 179/451/451 178/481/481 224/452/452
f 224/452/452 178/481/481 225/482/482
f 224/452/452 225/482/482 205/453/453
f 205/453/453 225/482/482 204/483/483
f 205/453/453 204/483/483 274/454/454
f 274/454/454 204/483/483 275/484/484
f 274/454/454 275/484/484 255/455/455
f 255/455/455 275/484/484 254/485/485
f 255/455/455 254/485/485 324/456/456
f 324/456/456 254/485/485 325/486/486
f 324/456/456 325/486/486 305/457/457
f 305/457/457 325/486/486 304/487/487
f 305/457/457 304/487/487 376/458/458
f 376/458/458 304/487/487 377/488/488
f 376/458/458 377/488/488 357/459/459
f 357/459/459 377/488/488 356/489/489
f 357/459/459 356/489/489 428/460/460
f 428/460/460 356/489/489 429/490/490
f 428/460/460 429/490/490 409/461/461
f 409/461/461 429/490/490 408/491/491
f 409/461/461 408/491/491 461/462/462
f 461/462/462 408/491/491 460/492/492
f 461/462/462 460/492/492 506/463/463
f 506/463/463 460/492/492 507/493/493
f 506/463/463 507/493/493 487/464/464
f 487/464/464 507/493/493 486/494/494
f 487/464/464 486/494/494 556/465/465
f 556/465/465 486/494/494 557/495/495
f 556/465/465 557/495/495 537/466/466
f 537/466/466 557/495/495 536/496/496
f 537/466/466 536/496/496 606/467/467
f 606/467/467 536/496/496 607/497/497
f 606/467/467 607/497/497 587/468/468
f 587/468/468 607/497/497 586/498/498
f 587/468/468 586/498/498 658/469/469
f 658/469/469 586/498/498 659/499/499
f 658/469/469 659/499/499 639/470/470
f 639/470/470 659/499/499 638/500/500
f 639/470/470 638/500/500 710/471/471
f 710/471/471 638/500/500 711/501/501
f 710/471/471 711/501/501 691/472/472
f 691/472/472 711/501/501 690/502/502
f 691/472/472 690/502/502 743/473/473
f 743/473/473 690/502/502 742/503/503
f 743/473/473 742/503/503 788/474/474
f 788/474/474 742/503/503 789/504/504
f 788/474/474 789/504/504 769/475/475
f 769/475/475 789/504/504 768/505/505
f 769/475/475 768/505/505 838/476/476
f 838/476/476 768/505/505 839/506/506
f 838/476/476 839/506/506 819/477/477
f 819/477/477 839/506/506 818/507/507
f 819/477/477 818/507/507 888/478/478
f 888/478/478 818/507/507 889/508/508
f 888/478/478 889/508/508 869/192/192
f 869/192/192 889/508/508 868/190/190
f 50/479/479 51/509/509 152/480/480
f 152/480/480 51/509/509 151/510/510
f 152/480/480 151/510/510 178/481/481
f 178/481/481 151/510/510 177/511/511
f 178/481/481 177/511/511 225/482/482
f 225/482/482 177/511/511 226/512/512
f 225/482/482 226/512/512 204/483/483
f 204/483/483 226/512/512 203/513/513
f 204/483/483 203/513/513 275/484/484
f 275/484/484 203/513/513 276/514/514
f 275/484/484 276/514/514 254/485/485
f 254/485/485 276/514/514 253/515/515
f 254/485/485 253/515/515 325/486/486
f 325/486/486 253/515/515 326/516/516
f 325/486/486 326/516/516 304/487/487
f 304/487/487 326/516/516 303/517/517
f 304/487/487 303/517/517 377/488/488
f 377/488/488 303/517/517 378/518/518
f 377/488/488 378/518/518 356/489/489
f 356/489/489 378/518/518 355/519/519
f 356/489/489 355/519/519 429/490/490
f 429/490/490 355/519/519 430/520/520
f 429/490/490 430/520/520 408/491/491
f 408/491/491 430/520/520 407/521/521
f 408/491/491 407/521/521 460/492/492
f 460/492/492 407/521/521 459/522/522
f 460/492/492 459/522/522 507/493/493
f 507/493/493 459/522/522 508/523/523
f 507/493/493 508/523/523 486/494/494
f 486/494/494 508/523/523 485/524/524
f 486/494/494 485/524/524 557/495/495
f 557/495/495 485/524/524 558/525/525
f 557/495/495 558/525/525 536/496/496
f 536/496/496 558/525/525 535/526/526
f 536/496/496 535/526/526 607/497/497
f 607/497/497 535/526/526 608/527/527
f 607/497/497 608/527/527 586/498/498
f 586/498/498 608/527/527 585/528/528
f 586/498/498 585/528/528 659/499/499
f 659/499/499 585/528/528 660/529/529
f 659/499/499 660/529/529 638/500/500
f 638/500/500 660/529/529 637/530/530
f 638/500/500 637/530/530 711/501/501
f 711/501/501 637/530/530 712/531/531
f 711/501/501 712/531/531 690/502/502
f 690/502/502 712/531/531 689/532/532
f 690/502/502 689/532/532 742/503/503
f 742/503/503 689/532/532 741/533/533
f 742/503/503 741/533/533 789/504/504
f 789/504/504 741/533/533 790/534/534
f 789/504/504 790/534/534 768/505/505
f 768/505/505 790/534/534 767/535/535
f 768/505/505 767/535/535 839/506/506
f 839/506/506 767/535/535 840/536/536
f 839/506/506 840/536/536 818/507/507
f 818/507/507 840/536/536 817/537/537
f 818/507/507 817/537/537 889/508/508
f 889/508/508 817/537/537 890/538/538
f 889/508/508 890/538/538 868/190/190
f 868/190/190 890/538/538 867/188/188
f 51/509/509 52/539/539 151/510/510
f 151/510/510 52/539/539 150/540/540
f 151/510/510 150/540/540 177/511/511
f 177/511/511 150/540/540 176/541/541
f 177/511/511 176/541/541 226/512/512
f 226/512/512 176/541/541 227/542/542
f 226/512/512 227/542/542 203/513/513
f 203/513/513 227/542/542 202/543/543
f 203/513/513 202/543/543 276/514/514
f 276/514/514 202/543/543 277/544/544
f 276/514/514 277/544/544 253/515/515
f 253/515/515 277/544/544 252/545/545
f 253/515/515 252/545/545 326/516/516
f 326/516/516 252/545/545 327/546/546
f 326/516/516 327/546/546 303/517/517
f 303/517/517 327/546/546 302/547/547
f 303/517/517 302/547/547 378/518/518
f 378/518/518 302/547/547 379/548/548
f 378/518/518 379/548/548 355/519/519
f 355/519/519 379/548/548 354/549/549
f 355/519/519 354/549/549 430/520/520
f 430/520/520 354/549/549 431/550/550
f 430/520/520 431/550/550 407/521/521
f 407/521/521 431/550/550 406/551/551
f 407/521/521 406/551/551 459/522/522
f 459/522/522 406/551/551 458/552/552
f 459/522/522 458/552/552 508/523/523
f 508/523/523 458/552/552 509/553/553
f 508/523/523 509/553/553 485/524/524
f 485/524/524 509/553/553 484/554/554
f 485/524/524 484/554/554 558/525/525
f 558/525/525 484/554/554 559/555/555
f 558/525/525 559/555/555 535/526/526
f 535/526/526 559/555/555 534/556/556
f 535/526/526 534/556/556 608/527/527
f 608/527/527 534/556/556 609/557/557
f 608/527/527 609/557/557 585/528/528
f 585/528/528 609/557/557 584/558/558
f 585/528/528 584/558/558 660/529/529
f 660/529/529 584/558/558 661/559/559
f 660/529/529 661/559/559 637/530/530
f 637/530/530 661/559/559 636/560/560
f 637/530/530 636/560/560 712/531/531
f 712/531/531 636/560/560 713/561/561
f 712/531/531 713/561/561 689/532/532
f 689/532/532 713/561/561 688/562/562
f 689/532/532 688/562/562 741/533/533
f 741/533/533 688/562/562 740/563/563
f 741/533/533 740/563/563 790/534/534
f 790/534/534 740/563/563 791/564/564
f 790/534/534 791/564/564 767/535/535
f 767/535/535 791/564/564 766/565/565
f 767/535/535 766/565/565 840/536/536
f 840/536/536 766/565/565 841/566/566
f 840/536/536 841/566/566 817/537/537
f 817/537/537 841/566/566 816/567/567
f 817/537/537 816/567/567 890/538/538
f 890/538/538 816/567/567 891/568/568
f 890/538/538 891/568/568 867/188/188
f 867/188/188 891/568/568 866/186/186
f 52/539/539 53/569/569 150/540/540
f 150/540/540 53/569/569 149/570/570
f 150/540/540 149/570/570 176/541/541
f 176/541/541 149/570/570 175/571/571
f 176/541/541 175/571/571 227/542/542
f 227/542/542 175/571/571 228/572/572
f 227/542/542 228/572/572 202/543/543
f 202/543/543 228/572/572 201/573/573
f 202/543/543 201/573/573 277/544/544
f 277/544/544 201/573/573 278/574/574
f 277/544/544 278/574/574 252/545/545
f 252/545/545 278/574/574 251/575/575
f 252/545/545 251/575/575 327/546/546
f 327/546/546 251/575/575 328/576/576
f 327/546/546 328/576/576 302/547/547
f 302/547/547 328/576/576 301/577/577
f 302/547/547 301/577/577 379/548/548
f 379/548/548 301/577/577 380/578/578
f 379/548/548 380/578/578 354/549/549
f 354/549/549 380/578/578 353/579/579
f 354/549/549 353/579/579 431/550/550
f 431/550/550 353/579/579 432/580/580
f 431/550/550 432/580/580 406/551/551
f 406/551/551 432/580/580 405/581/581
f 406/551/551 405/581/581 458/552/552
f 458/552/552 405/581/581 457/582/582
f 458/552/552 457/582/582 509/553/553
f 509/553/553 457/582/582 510/583/583
f 509/553/553 510/583/583 484/554/554
f 484/554/554 510/583/583 483/584/584
f 484/554/554 483/584/584 559/555/555
f 559/555/555 483/584/584 560/585/585
f 559/555/555 560/585/585 534/556/556
f 534/556/556 560/585/585 533/586/586
f 534/556/556 533/586/586 609/557/557
f 609/557/557 533/586/586 610/587/587
f 609/557/557 610/587/587 584/558/558
f 584/558/558 610/587/587 583/588/588
f 584/558/558 583/588/588 661/559/559
f 661/559/559 583/588/588 662/589/589
f 661/559/559 662/589/589 636/560/560
f 636/560/560 662/589/589 635/590/590
f 636/560/560 635/590/590 713/561/561
f 713/561/561 635/590/590 714/591/591
f 713/561/561 714/591/591 688/562/562
f 688/562/562 714/591/591 687/592/592
f 688/562/562 687/592/592 740/563/563
f 740/563/563 687/592/592 739/593/593
f 740/563/563 739/593/593 791/564/564
f 791/564/564 739/593/593 792/594/594
f 791/564/564 792/594/594 766/565/565
f 766/565/565 792/594/594 765/595/595
f 766/565/565 765/595/595 841/566/566
f 841/566/566 765/595/595 842/596/596
f 841/566/566 842/596/596 816/567/567
f 816/567/567 842/596/596 815/597/597
f 816/567/567 815/597/597 891/568/568
f 891/568/568 815/597/597 892/598/598
f 891/568/568 892/598/598 866/186/186
f 866/186/186 892/598/598 865/184/184
f 53/569/569 54/599/599 149/570/570
f 149/570/570 54/599/599 148/600/600
f 149/570/570 148/600/600 175/571/571
f 175/571/571 148/600/600 174/601/601
f 175/571/571 174/601/601 228/572/572
f 228/572/572 174/601/601 229/602/602
f 228/572/572 229/602/602 201/573/573
f 201/573/573 229/602/602 200/603/603
f 201/573/573 200/603/603 278/574/574
f 278/574/574 200/603/603 279/604/604
f 278/574/574 279/604/604 251/575/575
f 251/575/575 279/604/604 250/605/605
f 251/575/575 250/605/605 328/576/576
f 328/576/576 250/605/605 329/606/606
f 328/576/576 329/606/606 301/577/577
f 301/577/577 329/606/606 300/607/607
f 301/577/577 300/607/607 380/578/578
f 380/578/578 300/607/607 381/608/608
f 380/578/578 381/608/608 353/579/579
f 353/579/579 381/608/608 352/609/609
f 353/579/579 352/609/609 432/580/580
f 432/580/580 352/609/609 433/610/610
f 432/580/580 433/610/610 405/581/581
f 405/581/581 433/610/610 404/611/611
f 405/581/581 404/611/611 457/582/582
f 457/582/582 404/611/611 456/612/612
f 457/582/582 456/612/612 510/583/583
f 510/583/583 456/612/612 511/613/613
f 510/583/583 511/613/613 483/584/584
f 483/584/584 511/613/613 482/614/614
f 483/584/584 482/614/614 560/585/585
f 560/585/585 482/614/614 561/615/615
f 560/585/585 561/615/615 533/586/586
f 533/586/586 561/615/615 532/616/616
f 533/586/586 532/616/616 610/587/587
f 610/587/587 532/616/616 611/617/617
f 610/587/587 611/617/617 583/588/588
f 583/588/588 611/617/617 582/618/618
f 583/588/588 582/618/618 662/589/589
f 662/589/589 582/618/618 663/619/619
f 662/589/589 663/619/619 635/590/590
f 635/590/590 663/619/619 634/620/620
f 635/590/590 634/620/620 714/591/591
f 714/591/591 634/620/620 715/621/621
f 714/591/591 715/621/621 687/592/592
f 687/592/592 715/621/621 686/622/622
f 687/592/592 686/622/622 739/593/593
f 739/593/593 686/622/622 738/623/623
f 739/593/593 738/623/623 792/594/594
f 792/594/594 738/623/623 793/624/624
f 792/594/594 793/624/624 765/595/595
f 765/595/595 793/624/624 764/625/625
f 765/595/595 764/625/625 842/596/596
f 842/596/596 764/625/625 843/626/626
f 842/596/596 843/626/626 815/597/597
f 815/597/597 843/626/626 814/627/627
f 815/597/597 814/627/627 892/598/598
f 892/598/598 814/627/627 893/628/628
f 892/598/598 893/628/628 865/184/184
f 865/184/184 893/628/628 864/182/182
f 54/599/599 55/629/629 148/600/600
f 148/600/600 55/629/629 147/630/630
f 148/600/600 147/630/630 174/601/601
f 174/601/601 147/630/630 173/631/631
f 174/601/601 173/631/631 229/602/602
f 229/602/602 173/631/631 230/632/632
f 229/602/602 230/632/632 200/603/603
f 200/603/603 230/632/632 199/633/633
f 200/603/603 199/633/633 279/604/604
f 279/604/604 199/633/633 280/634/634
f 279/604/604 280/634/634 250/605/605
f 250/605/605 280/634/634 249/635/635
f 250/605/605 249/635/635 329/606/606
f 329/606/606 249/635/635 330/636/636
f 329/606/606 330/636/636 300/607/607
f 300/607/607 330/636/636 299/637/637
f 300/607/607 299/637/637 381/608/608
f 381/608/608 299/637/637 382/638/638
f 381/608/608 382/638/638 352/609/609
f 352/609/609 382/638/638 351/639/639
f 352/609/609 351/639/639 433/610/610
f 433/610/610 351/639/639 434/640/640
f 433/610/610 434/640/640 404/611/611
f 404/611/611 434/640/640 403/641/641
f 404/611/611 403/641/641 456/612/612
f 456/612/612 403/641/641 455/642/642
f 456/612/612 455/642/642 511/613/613
f 511/613/613 455/642/642 512/643/643
f 511/613/613 512/643/643 482/614/614
f 482/614/614 512/643/643 481/644/644
f 482/614/614 481/644/644 561/615/615
f 561/615/615 481/644/644 562/645/645
f 561/615/615 562/645/645 532/616/616
f 532/616/616 562/645/645 531/646/646
f 532/616/616 531/646/646 611/617/617
f 611/617/617 531/646/646 612/647/647
f 611/617/617 612/647/647 582/618/618
f 582/618/618 612/647/647 581/648/648
f 582/618/618 581/648/648 663/619/619
f 663/619/619 581/648/648 664/649/649
f 663/619/619 664/649/649 634/620/620
f 634/620/620 664/649/649 633/650/650
f 634/620/620 633/650/650 715/621/621
f 715/621/621 633/650/650 716/651/651
f 715/621/621 716/651/651 686/622/622
f 686/622/622 716/651/651 685/652/652
f 686/622/622 685/652/652 738/623/623
f 738/623/623 685/652/652 737/653/653
f 738/623/623 737/653/653 793/624/624
f 793/624/624 737/653/653 794/654/654
f 793/624/624 794/654/654 764/625/625
f 764/625/625 794/654/654 763/655/655
f 764/625/625 763/655/655 843/626/626
f 843/626/626 763/655/655 844/656/656
f 843/626/626 844/656/656 814/627/627
f 814/627/627 844/656/656 813/657/657
f 814/627/627 813/657/657 893/628/628
f 893/628/628 813/657/657 894/658/658
f 893/628/628 894/658/658 864/182/182
f 864/182/182 894/658/658 863/180/180
f 55/629/629 56/659/659 147/630/630
f 147/630/630 56/659/659 146/660/660
f 147/630/630 146/660/660 173/631/631
f 173/631/631 146/660/660 172/661/661
f 173/631/631 172/661/661 230/632/632
f 230/632/632 172/661/661 231/662/662
f 230/632/632 231/662/662 199/633/633
f 199/633/633 231/662/662 198/663/663
f 199/633/633 198/663/663 280/634/634
f 280/634/634 198/663/663 281/664/664
f 280/634/634 281/664/664 249/635/635
f 249/635/635 281/664/664 248/665/665
f 249/635/635 248/665/665 330/636/636
f 330/636/636 248/665/665 331/666/666
f 330/636/636 331/666/666 299/637/637
f 299/637/637 331/666/666 298/667/667
f 299/637/637 298/667/667 382/638/638
f 382/638/638 298/667/667 383/668/668
f 382/638/638 383/668/668 351/639/639
f 351/639/639 383/668/668 350/669/669
f 351/639/639 350/669/669 434/640/640
f 434/640/640 350/669/669 435/670/670
f 434/640/640 435/670/670 403/641/641
f 403/641/641 435/670/670 402/671/671
f 403/641/641 402/671/671 455/642/642
f 455/642/642 402/671/671 454/672/672
f 455/642/642 454/672/672 512/643/643
f 512/643/643 454/672/672 513/673/673
f 512/643/643 513/673/673 481/644/644
f 481/644/644 513/673/673 480/674/674
f 481/644/644 480/674/674 562/645/645
f 562/645/645 480/674/674 563/675/675
f 562/645/645 563/675/675 531/646/646
f 531/646/646 563/675/675 530/676/676
f 531/646/646 530/676/676 612/647/647
f 612/647/647 530/676/676 613/677/677
f 612/647/647 613/677/677 581/648/648
f 581/648/648 613/677/677 580/678/678
f 581/648/648 580/678/678 664/649/649
f 664/649/649 580/678/678 665/679/679
f 664/649/649 665/679/679 633/650/650
f 633/650/650 665/679/679 632/680/680
f 633/650/650 632/680/680 716/651/651
f 716/651/651 632/680/680 717/681/681
f 716/651/651 717/681/681 685/652/652
f 685/652/652 717/681/681 684/682/682
f 685/652/652 684/682/682 737/653/653
f 737/653/653 684/682/682 736/683/683
f 737/653/653 736/683/683 794/654/654
f 794/654/654 736/683/683 795/684/684
f 794/654/654 795/684/684 763/655/655
f 763/655/655 795/684/684 762/685/685
f 763/655/655 762/685/685 844/656/656
f 844/656/656 762/685/685 845/686/686
f 844/656/656 845/686/686 813/657/657
f 813/657/657 845/686/686 812/687/687
f 813/657/657 812/687/687 894/658/658
f 894/658/658 812/687/687 895/688/688
f 894/658/658 895/688/688 863/180/180
f 863/180/180 895/688/688 862/178/178
f 56/659/659 57/689/689 146/660/660
f 146/660/660 57/689/689 145/690/690
f 146/660/660 145/690/690 172/661/661
f 172/661/661 145/690/690 171/691/691
f 172/661/661 171/691/691 231/662/662
f 231/662/662 171/691/691 232/692/692
f 231/662/662 232/692/692 198/663/663
f 198/663/663 232/692/692 197/693/693
f 198/663/663 197/693/693 281/664/664
f 281/664/664 197/693/693 282/694/694
f 281/664/664 282/694/694 248/665/665
f 248/665/665 282/694/694 247/695/695
f 248/665/665 247/695/695 331/666/666
f 331/666/666 247/695/695 332/696/696
f 331/666/666 332/696/696 298/667/667
f 298/667/667 332/696/696 297/697/697
f 298/667/667 297/697/697 383/668/668
f 383/668/668 297/697/697 384/698/698
f 383/668/668 384/698/698 350/669/669
f 350/669/669 384/698/698 349/699/699
f 350/669/669 349/699/699 435/670/670
f 435/670/670 349/699/699 436/700/700
f 435/670/670 436/700/700 402/671/671
f 402/671/671 436/700/700 401/701/701
f 402/671/671 401/701/701 454/672/672
f 454/672/672 401/701/701 453/702/702
f 454/672/672 453/702/702 513/673/673
f 513/673/673 453/702/702 514/703/703
f 513/673/673 514/703/703 480/674/674
f 480/674/674 514/703/703 479/704/704
f 480/674/674 479/704/704 563/675/675
f 563/675/675 479/704/704 564/705/705
f 563/675/675 564/705/705 530/676/676
f 530/676/676 564/705/705 529/706/706
f 530/676/676 529/706/706 613/677/677
f 613/677/677 529/706/706 614/707/707
f 613/677/677 614/707/707 580/678/678
f 580/678/678 614/707/707 579/708/708
f 580/678/678 579/708/708 665/679/679
f 665/679/679 579/708/708 666/709/709
f 665/679/679 666/709/709 632/680/680
f 632/680/680 666/709/709 631/710/710
f 632/680/680 631/710/710 717/681/681
f 717/681/681 631/710/710 718/711/711
f 717/681/681 718/711/711 684/682/682
f 684/682/682 718/711/711 683/712/712
f 684/682/682 683/712/712 736/683/683
f 736/683/683 683/712/712 735/713/713
f 736/683/683 735/713/713 795/684/684
f 795/684/684 735/713/713 796/714/714
f 795/684/684 796/714/714 762/685/685
f 762/685/685 796/714/714 761/715/715
f 762/685/685 761/715/715 845/686/686
f 845/686/686 761/715/715 846/716/716
f 845/686/686 846/716/716 812/687/687
f 812/687/687 846/716/716 811/717/717
f 812/687/687 811/717/717 895/688/688
f 895/688/688 811/717/717 896/718/718
f 895/688/688 896/718/718 862/178/178
f 862/178/178 896/718/718 861/176/176
f 57/689/689 58/719/719 145/690/690
f 145/690/690 58/719/719 144/720/720
f 145/690/690 144/720/720 171/691/691
f 171/691/691 144/720/720 170/721/721
f 171/691/691 170/721/721 232/692/692
f 232/692/692 170/721/721 233/722/722
f 232/692/692 233/722/722 197/693/693
f 197/693/693 233/722/722 196/723/723
f 197/693/693 196/723/723 282/694/694
f 282/694/694 196/723/723 283/724/724
f 282/694/694 283/724/724 247/695/695
f 247/695/695 283/724/724 246/725/725
f 247/695/695 246/725/725 332/696/696
f 332/696/696 246/725/725 333/726/726
f 332/696/696 333/726/726 297/697/697
f 297/697/697 333/726/726 296/727/727
f 297/697/697 296/727/727 384/698/698
f 384/698/698 296/727/727 385/728/728
f 384/698/698 385/728/728 349/699/699
f 349/699/699 385/728/728 348/729/729
f 349/699/699 348/729/729 436/700/700
f 436/700/700 348/729/729 437/730/730
f 436/700/700 437/730/730 401/701/701
f 401/701/701 437/730/730 400/731/731
f 401/701/701 400/731/731 453/702/702
f 453/702/702 400/731/731 452/732/732
f 453/702/702 452/732/732 514/703/703
f 514/703/703 452/732/732 515/733/733
f 514/703/703 515/733/733 479/704/704
f 479/704/704 515/733/733 478/734/734
f 479/704/704 478/734/734 564/705/705
f 564/705/705 478/734/734 565/735/735
f 564/705/705 565/735/735 529/706/706
f 529/706/706 565/735/735 528/736/736
f 529/706/706 528/736/736 614/707/707
f 614/707/707 528/736/736 615/737/737
f 614/707/707 615/737/737 579/708/708
f 579/708/708 615/737/737 578/738/738
f 579/708/708 578/738/738 666/709/709
f 666/709/709 578/738/738 667/739/739
f 666/709/709 667/739/739 631/710/710
f 631/710/710 667/739/739 630/740/740
f 631/710/710 630/740/740 718/711/711
f 718/711/711 630/740/740 719/741/741
f 718/711/711 719/741/741 683/712/712
f 683/712/712 719/741/741 682/742/742
f 683/712/712 682/742/742 735/713/713
f 735/713/713 682/742/742 734/743/743
f 735/713/713 734/743/743 796/714/714
f 796/714/714 734/743/743 797/744/744
f 796/714/714 797/744/744 761/715/715
f 761/715/715 797/744/744 760/745/745
f 761/715/715 760/745/745 846/716/716
f 846/716/716 760/745/745 847/746/746
f 846/716/716 847/746/746 811/717/717
f 811/717/717 847/746/746 810/747/747
f 811/717/717 810/747/747 896/718/718
f 896/718/718 810/747/747 897/748/748
f 896/718/718 897/748/748 861/176/176
f 861/176/176 897/748/748 860/174/174
f 58/719/719 59/749/749 144/720/720
f 144/720/720 59/749/749 143/750/750
f 144/720/720 143/750/750 170/721/721
f 170/721/721 143/750/750 169/751/751
f 170/721/721 169/751/751 233/722/722
f 233/722/722 169/751/751 234/752/752
f 233/722/722 234/752/752 196/723/723
f 196/723/723 234/752/752 195/753/753
f 196/723/723 195/753/753 283/724/724
f 283/724/724 195/753/753 284/754/754
f 283/724/724 284/754/754 246/725/725
f 246/725/725 284/754/754 245/755/755
f 246/725/725 245/755/755 333/726/726
f 333/726/726 245/755/755 334/756/756
f 333/726/726 334/756/756 296/727/727
f 296/727/727 334/756/756 295/757/757
f 296/727/727 295/757/757 385/728/728
f 385/728/728 295/757/757 386/758/758
f 385/728/728 386/758/758 348/729/729
f 348/729/729 386/758/758 347/759/759
f 348/729/729 347/759/759 437/730/730
f 437/730/730 347/759/759 438/760/760
f 437/730/730 438/760/760 400/731/731
f 400/731/731 438/760/760 399/761/761
f 400/731/731 399/761/761 452/732/732
f 452/732/732 399/761/761 451/762/762
f 452/732/732 451/762/762 515/733/733
f 515/733/733 451/762/762 516/763/763
f 515/733/733 516/763/763 478/734/734
f 478/734/734 516/763/763 477/764/764
f 478/734/734 477/764/764 565/735/735
f 565/735/735 477/764/764 566/765/765
f 565/735/735 566/765/765 528/736/736
f 528/736/736 566/765/765 527/766/766
f 528/736/736 527/766/766 615/737/737
f 615/737/737 527/766/766 616/767/767
f 615/737/737 616/767/767 578/738/738
f 578/738/738 616/767/767 577/768/768
f 578/738/738 577/768/768 667/739/739
f 667/739/739 577/768/768 668/769/769
f 667/739/739 668/769/769 630/740/740
f 630/740/740 668/769/769 629/770/770
f 630/740/740 629/770/770 719/741/741
f 719/741/741 629/770/770 720/771/771
f 719/741/741 720/771/771 682/742/742
f 682/742/742 720/771/771 681/772/772
f 682/742/742 681/772/772 734/743/743
f 734/743/743 681/772/772 733/773/773
f 734/743/743 733/773/773 797/744/744
f 797/744/744 733/773/773 798/774/774
f 797/744/744 798/774/774 760/745/745
f 760/745/745 798/774/774 759/775/775
f 760/745/745 759/775/775 847/746/746
f 847/746/746 759/775/775 848/776/776
f 847/746/746 848/776/776 810/747/747
f 810/747/747 848/776/776 809/777/777
f 810/747/747 809/777/777 897/748/748
f 897/748/748 809/777/777 898/778/778
f 897/748/748 898/778/778 860/174/174
f 860/174/174 898/778/778 859/172/172
f 59/749/749 60/779/779 143/750/750
f 143/750/750 60/779/779 142/780/780
f 143/750/750 142/780/780 169/751/751
f 169/751/751 142/780/780 168/781/781
f 169/751/751 168/781/781 234/752/752
f 234/752/752 168/781/781 235/782/782
f 234/752/752 235/782/782 195/753/753
f 195/753/753 235/782/782 194/783/783
f 195/753/753 194/783/783 284/754/754
f 284/754/754 194/783/783 285/784/784
f 284/754/754 285/784/784 245/755/755
f 245/755/755 285/784/784 244/785/785
f 245/755/755 244/785/785 334/756/756
f 334/756/756 244/785/785 335/786/786
f 334/756/756 335/786/786 295/757/757
f 295/757/757 335/786/786 294/787/787
f 295/757/757 294/787/787 386/758/758
f 386/758/758 294/787/787 387/788/788
f 386/758/758 387/788/788 347/759/759
f 347/759/759 387/788/788 346/789/789
f 347/759/759 346/789/789 438/760/760
f 438/760/760 346/789/789 439/790/790
f 438/760/760 439/790/790 399/761/761
f 399/761/761 439/790/790 398/791/791
f 399/761/761 398/791/791 451/762/762
f 451/762/762 398/791/791 450/792/792
f 451/762/762 450/792/792 516/763/763
f 516/763/763 450/792/792 517/793/793
f 516/763/763 517/793/793 477/764/764
f 477/764/764 517/793/793 476/794/794
f 477/764/764 476/794/794 566/765/765
f 566/765/765 476/794/794 567/795/795
f 566/765/765 567/795/795 527/766/766
f 527/766/766 567/795/795 526/796/796
f 527/766/766 526/796/796 616/767/767
f 616/767/767 526/796/796 617/797/797
f 616/767/767 617/797/797 577/768/768
f 577/768/768 617/797/797 576/798/798
f 577/768/768 576/798/798 668/769/769
f 668/769/769 576/798/798 669/799/799
f 668/769/769 669/799/799 629/770/770
f 629/770/770 669/799/799 628/800/800
f 629/770/770 628/800/800 720/771/771
f 720/771/771 628/800/800 721/801/801
f 720/771/771 721/801/801 681/772/772
f 681/772/772 721/801/801 680/802/802
f 681/772/772 680/802/802 733/773/773
f 733/773/773 680/802/802 732/803/803
f 733/773/773 732/803/803 798/774/774
f 798/774/774 732/803/803 799/804/804
f 798/774/774 799/804/804 759/775/775
f 759/775/775 799/804/804 758/805/805
f 759/775/775 758/805/805 848/776/776
f 848/776/776 758/805/805 849/806/806
f 848/776/776 849/806/806 809/777/777
f 809/777/777 849/806/806 808/807/807
f 809/777/777 808/807/807 898/778/778
f 898/778/778 808/807/807 899/808/808
f 898/778/778 899/808/808 859/172/172
f 859/172/172 899/808/808 858/170/170
f 60/779/779 61/809/809 142/780/780
f 142/780/780 61/809/809 141/810/810
f 142/780/780 141/810/810 168/781/781
f 168/781/781 141/810/810 167/811/811
f 168/781/781 167/811/811 235/782/782
f 235/782/782 167/811/811 236/812/812
f 235/782/782 236/812/812 194/783/783
f 194/783/783 236/812/812 193/813/813
f 194/783/783 193/813/813 285/784/784
f 285/784/784 193/813/813 286/814/814
f 285/784/784 286/814/814 244/785/785
f 244/785/785 286/814/814 243/815/815
f 244/785/785 243/815/815 335/786/786
f 335/786/786 243/815/815 336/816/816
f 335/786/786 336/816/816 294/787/787
f 294/787/787 336/816/816 293/817/817
f 294/787/787 293/817/817 387/788/788
f 387/788/788 293/817/817 388/818/818
f 387/788/788 388/818/818 346/789/789
f 346/789/789 388/818/818 345/819/819
f 346/789/789 345/819/819 439/790/790
f 439/790/790 345/819/819 440/820/820
f 439/790/790 440/820/820 398/791/791
f 398/791/791 440/820/820 397/821/821
f 398/791/791 397/821/821 450/792/792
f 450/792/792 397/821/821 449/822/822
f 450/792/792 449/822/822 517/793/793
f 517/793/793 449/822/822 518/823/823
f 517/793/793 518/823/823 476/794/794
f 476/794/794 518/823/823 475/824/824
f 476/794/794 475/824/824 567/795/795
f 567/795/795 475/824/824 568/825/825
f 567/795/795 568/825/825 526/796/796
f 526/796/796 568/825/825 525/826/826
f 526/796/796 525/826/826 617/797/797
f 617/797/797 525/826/826 618/827/827
f 617/797/797 618/827/827 576/798/798
f 576/798/798 618/827/827 575/828/828
f 576/798/798 575/828/828 669/799/799
f 669/799/799 575/828/828 670/829/829
f 669/799/799 670/829/829 628/800/800
f 628/800/800 670/829/829 627/830/830
f 628/800/800 627/830/830 721/801/801
f 721/801/801 627/830/830 722/831/831
f 721/801/801 722/831/831 680/802/802
f 680/802/802 722/831/831 679/832/832
f 680/802/802 679/832/832 732/803/803
f 732/803/803 679/832/832 731/833/833
f 732/803/803 731/833/833 799/804/804
f 799/804/804 731/833/833 800/834/834
f 799/804/804 800/834/834 758/805/805
f 758/805/805 800/834/834 757/835/835
f 758/805/805 757/835/835 849/806/806
f 849/806/806 757/835/835 850/836/836
f 849/806/806 850/836/836 808/807/807
f 808/807/807 850/836/836 807/837/837
f 808/807/807 807/837/837 899/808/808
f 899/808/808 807/837/837 900/838/838
f 899/808/808 900/838/838 858/170/170
f 858/170/170 900/838/838 857/168/168
f 61/809/809 62/839/839 141/810/810
f 141/810/810 62/839/839 140/840/840
f 141/810/810 140/840/840 167/811/811
f 167/811/811 140/840/840 166/841/841
f 167/811/811 166/841/841 236/812/812
f 236/812/812 166/841/841 237/842/842
f 236/812/812 237/842/842 193/813/813
f 193/813/813 237/842/842 192/843/843
f 193/813/813 192/843/843 286/814/814
f 286/814/814 192/843/843 287/844/844
f 286/814/814 287/844/844 243/815/815
f 243/815/815 287/844/844 242/845/845
f 243/815/815 242/845/845 336/816/816
f 336/816/816 242/845/845 337/846/846
f 336/816/816 337/846/846 293/817/817
f 293/817/817 337/846/846 292/847/847
f 293/817/817 292/847/847 388/818/818
f 388/818/818 292/847/847 389/848/848
f 388/818/818 389/848/848 345/819/819
f 345/819/819 389/848/848 344/849/849
f 345/819/819 344/849/849 440/820/820
f 440/820/820 344/849/849 441/850/850
f 440/820/820 441/850/850 397/821/821
f 397/821/821 441/850/850 396/851/851
f 397/821/821 396/851/851 449/822/822
f 449/822/822 396/851/851 448/852/852
f 449/822/822 448/852/852 518/823/823
f 518/823/823 448/852/852 519/853/853
f 518/823/823 519/853/853 475/824/824
f 475/824/824 519/853/853 474/854/854
f 475/824/824 474/854/854 568/825/825
f 568/825/825 474/854/854 569/855/855
f 568/825/825 569/855/855 525/826/826
f 525/826/826 569/855/855 524/856/856
f 525/826/826 524/856/856 618/827/827
f 618/827/827 524/856/856 619/857/857
f 618/827/827 619/857/857 575/828/828
f 575/828/828 619/857/857 574/858/858
f 575/828/828 574/858/858 670/829/829
f 670/829/829 574/858/858 671/859/859
f 670/829/829 671/859/859 627/830/830
f 627/830/830 671/859/859 626/860/860
f 627/830/830 626/860/860 722/831/831
f 722/831/831 626/860/860 723/861/861
f 722/831/831 723/861/861 679/832/832
f 679/832/832 723/861/861 678/862/862
f 679/832/832 678/862/862 731/833/833
f 731/833/833 678/862/862 730/863/863
f 731/833/833 730/863/863 800/834/834
f 800/834/834 730/863/863 801/864/864
f 800/834/834 801/864/864 757/835/835
f 757/835/835 801/864/864 756/865/865
f 757/835/835 756/865/865 850/836/836
f 850/836/836 756/865/865 851/866/866
f 850/836/836 851/866/866 807/837/837
f 807/837/837 851/866/866 806/867/867
f 807/837/837 806/867/867 900/838/838
f 900/838/838 806/867/867 901/868/868
f 900/838/838 901/868/868 857/168/168
f 857/168/168 901/868/868 856/166/166
f 62/839/839 63/869/869 140/840/840
f 140/840/840 63/869/869 139/870/870
f 140/840/840 139/870/870 166/841/841
f 166/841/841 139/870/870 165/871/871
f 166/841/841 165/871/871 237/842/842
f 237/842/842 165/871/871 238/872/872
f 237/842/842 238/872/872 192/843/843
f 192/843/843 238/872/872 191/873/873
f 192/843/843 191/873/873 287/844/844
f 287/844/844 191/873/873 288/874/874
f 287/844/844 288/874/874 242/845/845
f 242/845/845 288/874/874 241/875/875
f 242/845/845 241/875/875 337/846/846
f 337/846/846 241/875/875 338/876/876
f 337/846/846 338/876/876 292/847/847
f 292/847/847 338/876/876 291/877/877
f 292/847/847 291/877/877 389/848/848
f 389/848/848 291/877/877 390/878/878
f 389/848/848 390/878/878 344/849/849
f 344/849/849 390/878/878 343/879/879
f 344/849/849 343/879/879 441/850/850
f 441/850/850 343/879/879 442/880/880
f 441/850/850 442/880/880 396/851/851
f 396/851/851 442/880/880 395/881/881
f 396/851/851 395/881/881 448/852/852
f 448/852/852 395/881/881 447/882/882
f 448/852/852 447/882/882 519/853/853
f 519/853/853 447/882/882 520/883/883
f 519/853/853 520/883/883 474/854/854
f 474/854/854 520/883/883 473/884/884
f 474/854/854 473/884/884 569/855/855
f 569/855/855 473/884/884 570/885/885
f 569/855/855 570/885/885 524/856/856
f 524/856/856 570/885/885 523/886/886
f 524/856/856 523/886/886 619/857/857
f 619/857/857 523/886/886 620/887/887
f 619/857/857 620/887/887 574/858/858
f 574/858/858 620/887/887 573/888/888
f 574/858/858 573/888/888 671/859/859
f 671/859/859 573/888/888 672/889/889
f 671/859/859 672/889/889 626/860/860
f 626/860/860 672/889/889 625/890/890
f 626/860/860 625/890/890 723/861/861
f 723/861/861 625/890/890 724/891/891
f 723/861/861 724/891/891 678/862/862
f 678/862/862 724/891/891 677/892/892
f 678/862/862 677/892/892 730/863/863
f 730/863/863 677/892/892 729/893/893
f 730/863/863 729/893/893 801/864/864
f 801/864/864 729/893/893 802/894/894
f 801/864/864 802/894/894 756/865/865
f 756/865/865 802/894/894 755/895/895
f 756/865/865 755/895/895 851/866/866
f 851/866/866 755/895/895 852/896/896
f 851/866/866 852/896/896 806/867/867
f 806/867/867 852/896/896 805/897/897
f 806/867/867 805/897/897 901/868/868
f 901/868/868 805/897/897 902/898/898
f 901/868/868 902/898/898 856/166/166
f 856/166/166 902/898/898 855/164/164
f 63/869/869 64/899/899 139/870/870
f 139/870/870 64/899/899 138/900/900
f 139/870/870 138/900/900 165/871/871
f 165/871/871 138/900/900 164/901/901
f 165/871/871 164/901/901 238/872/872
f 238/872/872 164/901/901 239/902/902
f 238/872/872 239/902/902 191/873/873
f 191/873/873 239/902/902 190/903/903
f 191/873/873 190/903/903 288/874/874
f 288/874/874 190/903/903 289/904/904
f 288/874/874 289/904/904 241/875/875
f 241/875/875 289/904/904 240/905/905
f 241/875/875 240/905/905 338/876/876
f 338/876/876 240/905/905 339/906/906
f 338/876/876 339/906/906 291/877/877
f 291/877/877 339/906/906 290/907/907
f 291/877/877 290/907/907 390/878/878
f 390/878/878 290/907/907 391/908/908
f 390/878/878 391/908/908 343/879/879
f 343/879/879 391/908/908 342/909/909
f 343/879/879 342/909/909 442/880/880
f 442/880/880 342/909/909 443/910/910
f 442/880/880 443/910/910 395/881/881
f 395/881/881 443/910/910 394/911/911
f 395/881/881 394/911/911 447/882/882
f 447/882/882 394/911/911 446/912/912
f 447/882/882 446/912/912 520/883/883
f 520/883/883 446/912/912 521/913/913
f 520/883/883 521/913/913 473/884/884
f 473/884/884 521/913/913 472/914/914
f 473/884/884 472/914/914 570/885/885
f 570/885/885 472/914/914 571/915/915
f 570/885/885 571/915/915 523/886/886
f 523/886/886 571/915/915 522/916/916
f 523/886/886 522/916/916 620/887/887
f 620/887/887 522/916/916 621/917/917
f 620/887/887 621/917/917 573/888/888
f 573/888/888 621/917/917 572/918/918
f 573/888/888 572/918/918 672/889/889
f 672/889/889 572/918/918 673/919/919
f 672/889/889 673/919/919 625/890/890
f 625/890/890 673/919/919 624/920/920
f 625/890/890 624/920/920 724/891/891
f 724/891/891 624/920/920 725/921/921
f 724/891/891 725/921/921 677/892/892
f 677/892/892 725/921/921 676/922/922
f 677/892/892 676/922/922 729/893/893
f 729/893/893 676/922/922 728/923/923
f 729/893/893 728/923/923 802/894/894
f 802/894/894 728/923/923 803/924/924
f 802/894/894 803/924/924 755/895/895
f 755/895/895 803/924/924 754/925/925
f 755/895/895 754/925/925 852/896/896
f 852/896/896 754/925/925 853/926/926
f 852/896/896 853/926/926 805/897/897
f 805/897/897 853/926/926 804/927/927
f 805/897/897 804/927/927 902/898/898
f 902/898/898 804/927/927 903/928/928
f 902/898/898 903/928/928 855/164/164
f 855/164/164 903/928/928 854/162/162
f 64/899/899 65/929/929 138/900/900
f 138/900/900 65/929/929 137/930/930
f 138/900/900 137/930/930 164/901/901
f 164/901/901 137/930/930 163/931/931
f 164/901/901 163/931/931 239/902/902
f 239/902/902 163/931/931 136/932/932
f 239/902/902 136/932/932 190/903/903
f 190/903/903 136/932/932 189/933/933
f 190/903/903 189/933/933 289/904/904
f 289/904/904 189/933/933 135/934/934
f 289/904/904 135/934/934 240/905/905
f 240/905/905 135/934/934 134/935/935
f 240/905/905 134/935/935 339/906/906
f 339/906/906 134/935/935 340/936/936
f 339/906/906 340/936/936 290/907/907
f 290/907/907 340/936/936 133/937/937
f 290/907/907 133/937/937 391/908/908
f 391/908/908 133/937/937 392/938/938
f 391/908/908 392/938/938 342/909/909
f 342/909/909 392/938/938 341/939/939
f 342/909/909 341/939/939 443/910/910
f 443/910/910 341/939/939 444/940/940
f 443/910/910 444/940/940 394/911/911
f 394/911/911 444/940/940 393/941/941
f 394/911/911 393/941/941 446/912/912
f 446/912/912 393/941/941 445/942/942
f 446/912/912 445/942/942 521/913/913
f 521/913/913 445/942/942 132/943/943
f 521/913/913 132/943/943 472/914/914
f 472/914/914 132/943/943 471/944/944
f 472/914/914 471/944/944 571/915/915
f 571/915/915 471/944/944 131/945/945
f 571/915/915 131/945/945 522/916/916
f 522/916/916 131/945/945 130/946/946
f 522/916/916 130/946/946 621/917/917
f 621/917/917 130/946/946 622/947/947
f 621/917/917 622/947/947 572/918/918
f 572/918/918 622/947/947 129/948/948
f 572/918/918 129/948/948 673/919/919
f 673/919/919 129/948/948 674/949/949
f 673/919/919 674/949/949 624/920/920
f 624/920/920 674/949/949 623/950/950
f 624/920/920 623/950/950 725/921/921
f 725/921/921 623/950/950 726/951/951
f 725/921/921 726/951/951 676/922/922
f 676/922/922 726/951/951 675/952/952
f 676/922/922 675/952/952 728/923/923
f 728/923/923 675/952/952 727/953/953
f 728/923/923 727/953/953 803/924/924
f 803/924/924 727/953/953 128/954/954
f 803/924/924 128/954/954 754/925/925
f 754/925/925 128/954/954 753/955/955
f 754/925/925 753/955/955 853/926/926
f 853/926/926 753/955/955 127/956/956
f 853/926/926 127/956/956 804/927/927
f 804/927/927 127/956/956 126/957/957
f 804/927/927 126/957/957 903/928/928
f 903/928/928 126/957/957 904/958/958
f 903/928/928 904/958/958 854/162/162
f 854/162/162 904/958/958 125/160/160
f 65/929/929 1/959/959 137/930/930
f 137/930/930 1/959/959 38/960/960
f 137/930/930 38/960/960 163/931/931
f 163/931/931 38/960/960 136/932/932
f 38/960/960 37/961/961 136/932/932
f 136/932/932 37/961/961 189/933/933
f 189/933/933 37/961/961 135/934/934
f 135/934/934 37/961/961 36/962/962
f 135/934/934 36/962/962 134/935/935
f 134/935/935 36/962/962 35/963/963
f 134/935/935 35/963/963 340/936/936
f 340/936/936 35/963/963 133/937/937
f 35/963/963 34/964/964 133/937/937
f 133/937/937 34/964/964 392/938/938
f 392/938/938 34/964/964 341/939/939
f 341/939/939 34/964/964 33/965/965
f 341/939/939 33/965/965 444/940/940
f 444/940/940 33/965/965 393/941/941
f 33/965/965 32/966/966 393/941/941
f 393/941/941 32/966/966 445/942/942
f 445/942/942 32/966/966 132/943/943
f 132/943/943 32/966/966 31/967/967
f 132/943/943 31/967/967 471/944/944
f 471/944/944 31/967/967 131/945/945
f 31/967/967 30/968/968 131/945/945
f 131/945/945 30/968/968 130/946/946
f 30/968/968 29/969/969 130/946/946
f 130/946/946 29/969/969 622/947/947
f 622/947/947 29/969/969 129/948/948
f 129/948/948 29/969/969 28/970/970
f 129/948/948 28/970/970 674/949/949
f 674/949/949 28/970/970 623/950/950
f 28/970/970 27/971/971 623/950/950
f 623/950/950 27/971/971 726/951/951
f 726/951/951 27/971/971 675/952/952
f 675/952/952 27/971/971 26/972/972
f 675/952/952 26/972/972 727/953/953
f 727/953/953 26/972/972 128/954/954
f 26/972/972 25/973/973 128/954/954
f 128/954/954 25/973/973 753/955/955
f 753/955/955 25/973/973 127/956/956
f 127/956/956 25/973/973 24/974/974
f 127/956/956 24/974/974 126/957/957
f 126/957/957 24/974/974 23/975/975
f 126/957/957 23/975/975 904/958/958
f 904/958/958 23/975/975 125/160/160
f 23/975/975 22/158/158 125/160/160
f 955/161/161 956/159/159 906/153/153
f 906/153/153 956/159/159 905/155/155
f 954/163/163 955/161/161 907/151/151
f 907/151/151 955/161/161 906/153/153
f 953/165/165 954/163/163 908/149/149
f 908/149/149 954/163/163 907/151/151
f 952/167/167 953/165/165 909/147/147
f 909/147/147 953/165/165 908/149/149
f 951/169/169 952/167/167 910/145/145
f 910/145/145 952/167/167 909/147/147
f 950/171/171 951/169/169 911/143/143
f 911/143/143 951/169/169 910/145/145
f 949/173/173 950/171/171 912/141/141
f 912/141/141 950/171/171 911/143/143
f 948/175/175 949/173/173 913/139/139
f 913/139/139 949/173/173 912/141/141
f 947/177/177 948/175/175 914/137/137
f 914/137/137 948/175/175 913/139/139
f 946/179/179 947/177/177 915/135/135
f 915/135/135 947/177/177 914/137/137
f 945/181/181 946/179/179 916/133/133
f 916/133/133 946/179/179 915/135/135
f 944/183/183 945/181/181 917/131/131
f 917/131/131 945/181/181 916/133/133
f 943/185/185 944/183/183 918/129/129
f 918/129/129 944/183/183 917/131/131
f 942/187/187 943/185/185 919/127/127
f 919/127/127 943/185/185 918/129/129
f 941/189/189 942/187/187 920/125/125
f 920/125/125 942/187/187 919/127/127
f 940/191/191 941/189/189 921/123/123
f 921/123/123 941/189/189 920/125/125
f 939/193/193 940/191/191 922/121/121
f 922/121/121 940/191/191 921/123/123
f 938/195/195 939/193/193 923/119/119
f 923/119/119 939/193/193 922/121/121
f 937/197/197 938/195/195 924/117/117
f 924/117/117 938/195/195 923/119/119
f 936/199/199 937/197/197 925/115/115
f 925/115/115 937/197/197 924/117/117
f 935/201/201 936/199/199 926/113/113
f 926/113/113 936/199/199 925/115/115
f 934/203/203 935/201/201 927/111/111
f 927/111/111 935/201/201 926/113/113
f 933/205/205 934/203/203 928/109/109
f 928/109/109 934/203/203 927/111/111
f 932/207/207 933/205/205 929/107/107
f 929/107/107 933/205/205 928/109/109
f 931/102/102 932/207/207 930/104/104
f 930/104/104 932/207/207 929/107/107
f 39/976/976 124/977/977 957/978/978
f 957/978/978 124/977/977 123/979/979
f 957/978/978 123/979/979 122/980/980
f 122/980/980 121/981/981 957/978/978
f 957/978/978 121/981/981 120/982/982
f 957/978/978 120/982/982 119/983/983
f 119/983/983 118/984/984 957/978/978
f 957/978/978 118/984/984 117/985/985
f 957/978/978 117/985/985 116/986/986
f 116/986/986 115/987/987 957/978/978
f 957/978/978 115/987/987 114/988/988
f 957/978/978 114/988/988 113/989/989
f 113/989/989 112/990/990 957/978/978
f 957/978/978 112/990/990 111/991/991
f 957/978/978 111/991/991 110/992/992
f 110/992/992 109/993/993 957/978/978
f 957/978/978 109/993/993 108/994/994
f 957/978/978 108/994/994 107/995/995
f 107/995/995 106/996/996 957/978/978
f 957/978/978 106/996/996 105/997/997
f 957/978/978 105/997/997 104/998/998
f 104/998/998 103/999/999 957/978/978
f 957/978/978 103/999/999 102/1000/1000
f 957/978/978 102/1000/1000 101/1001/1001
f 101/1001/1001 100/1002/1002 957/978/978
f 957/978/978 100/1002/1002 99/1003/1003
f 957/978/978 99/1003/1003 98/1004/1004
f 98/1004/1004 97/1005/1005 957/978/978
f 957/978/978 97/1005/1005 96/1006/1006
f 957/978/978 96/1006/1006 95/1007/1007
f 95/1007/1007 94/1008/1008 957/978/978
f 957/978/978 94/1008/1008 93/1009/1009
f 957/978/978 93/1009/1009 92/1010/1010
f 966/1011/1011 958/1012/1012 21/1013/1013
f 21/1013/1013 958/1012/1012 957/1014/1014
f 21/1013/1013 957/1014/1014 66/1015/1015
f 66/1015/1015 957/1014/1014 67/1016/1016
f 67/1016/1016 957/1014/1014 68/1017/1017
f 68/1017/1017 957/1014/1014 69/1018/1018
f 69/1018/1018 957/1014/1014 70/1019/1019
f 70/1019/1019 957/1014/1014 71/1020/1020
f 71/1020/1020 957/1014/1014 72/1021/1021
f 72/1021/1021 957/1014/1014 73/1022/1022
f 73/1022/1022 957/1014/1014 74/1023/1023
f 74/1023/1023 957/1014/1014 75/1024/1024
f 75/1024/1024 957/1014/1014 76/1025/1025
f 76/1025/1025 957/1014/1014 77/1026/1026
f 77/1026/1026 957/1014/1014 78/1027/1027
f 78/1027/1027 957/1014/1014 79/1028/1028
f 79/1028/1028 957/1014/1014 80/1029/1029
f 80/1029/1029 957/1014/1014 81/1030/1030
f 81/1030/1030 957/1014/1014 82/1031/1031
f 82/1031/1031 957/1014/1014 83/1032/1032
f 83/1032/1032 957/1014/1014 84/1033/1033
f 84/1033/1033 957/1014/1014 85/1034/1034
f 85/1034/1034 957/1014/1014 86/1035/1035
f 86/1035/1035 957/1014/1014 87/1036/1036
f 87/1036/1036 957/1014/1014 88/1037/1037
f 88/1037/1037 957/1014/1014 89/1038/1038
f 89/1038/1038 957/1014/1014 90/1039/1039
f 90/1039/1039 957/1014/1014 91/1040/1040
f 91/1040/1040 957/1014/1014 92/1041/1041
f 21/1013/1013 20/1042/1042 966/1011/1011
f 966/1011/1011 20/1042/1042 965/1043/1043
f 965/1043/1043 20/1042/1042 964/1044/1044
f 964/1044/1044 20/1042/1042 963/1045/1045
f 963/1045/1045 20/1042/1042 962/1046/1046
f 962/1046/1046 20/1042/1042 961/1047/1047
f 961/1047/1047 20/1042/1042 960/1048/1048
f 960/1048/1048 20/1042/1042 959/1049/1049
f 967/1050/1050 958/1051/1051 983/1052/1052
f 983/1052/1052 958/1051/1051 982/1053/1053
f 982/1053/1053 958/1051/1051 981/1054/1054
f 981/1054/1054 958/1051/1051 980/1055/1055
f 980/1055/1055 958/1051/1051 979/1056/1056
f 979/1056/1056 958/1051/1051 978/1057/1057
f 978/1057/1057 958/1051/1051 977/1058/1058
f 977/1058/1058 958/1051/1051 976/1059/1059
f 976/1059/1059 958/1051/1051 975/1060/1060
f 975/1060/1060 958/1051/1051 974/1061/1061
f 974/1061/1061 958/1051/1051 973/1062/1062
f 973/1062/1062 958/1051/1051 972/1063/1063
f 972/1063/1063 958/1051/1051 971/1064/1064
f 971/1064/1064 958/1051/1051 970/1065/1065
f 970/1065/1065 958/1051/1051 969/1066/1066
f 969/1066/1066 958/1051/1051 968/1067/1067
f 968/1067/1067 958/1051/1051 966/1068/1068
f 3/1069/1069 2/1070/2 1008/1071/1070
f 1008/1071/1070 2/1070/2 984/1072/1071
f 1008/1071/1070 984/1072/1071 1007/1073/1072
f 1007/1073/1072 984/1072/1071 1006/1074/1073
f 1007/1073/1072 1006/1074/1073 1021/1075/1074
f 1021/1075/1074 1006/1074/1073 1020/1076/1075
f 1021/1075/1074 1020/1076/1075 1035/1077/1076
f 1035/1077/1076 1020/1076/1075 1034/1078/1077
f 1035/1077/1076 1034/1078/1077 1049/1079/1078
f 1049/1079/1078 1034/1078/1077 1048/1080/1079
f 1049/1079/1078 1048/1080/1079 1063/1081/1080
f 1063/1081/1080 1048/1080/1079 1062/1082/1081
f 1063/1081/1080 1062/1082/1081 1077/1083/1082
f 1077/1083/1082 1062/1082/1081 1076/1084/1083
f 1077/1083/1082 1076/1084/1083 1091/1085/1084
f 1091/1085/1084 1076/1084/1083 1090/1086/1085
f 1091/1085/1084 1090/1086/1085 1107/1087/1086
f 1107/1087/1086 1090/1086/1085 1108/1088/1087
f 1107/1087/1086 1108/1088/1087 1102/1089/1088
f 1102/1089/1088 1108/1088/1087 1101/1090/1089
f 1102/1089/1088 1101/1090/1089 1129/1091/1090
f 1129/1091/1090 1101/1090/1089 1128/1092/1091
f 1129/1091/1090 1128/1092/1091 1143/1093/1092
f 1143/1093/1092 1128/1092/1091 1142/1094/1093
f 1143/1093/1092 1142/1094/1093 1157/1095/1094
f 1157/1095/1094 1142/1094/1093 1156/1096/1095
f 1157/1095/1094 1156/1096/1095 1171/1097/1096
f 1171/1097/1096 1156/1096/1095 1170/1098/1097
f 1171/1097/1096 1170/1098/1097 1185/1099/1098
f 1185/1099/1098 1170/1098/1097 1184/1100/1099
f 1185/1099/1098 1184/1100/1099 1199/1101/1100
f 1199/1101/1100 1184/1100/1099 1198/1102/1101
f 1199/1101/1100 1198/1102/1101 1213/1103/1102
f 1213/1103/1102 1198/1102/1101 1212/1104/1103
f 1213/1103/1102 1212/1104/1103 1226/1105/1104
f 1226/1105/1104 1212/1104/1103 1225/1106/1105
f 1226/1105/1104 1225/1106/1105 1247/1107/1106
f 1247/1107/1106 1225/1106/1105 1248/1108/1107
f 1247/1107/1106 1248/1108/1107 1240/1109/1108
f 1240/1109/1108 1248/1108/1107 1239/1110/1109
f 1240/1109/1108 1239/1110/1109 960/1111/1110
f 960/1111/1110 1239/1110/1109 961/1112/1111
f 961/1112/1111 1239/1110/1109 1238/1113/1112
f 961/1112/1111 1238/1113/1112 1237/1114/1113
f 1237/1114/1113 1238/1113/1112 1250/1115/1114
f 1237/1114/1113 1250/1115/1114 1251/1116/1115
f 1251/1116/1115 1250/1115/1114 1222/1117/1116
f 1251/1116/1115 1222/1117/1116 1221/1118/1117
f 1221/1118/1117 1222/1117/1116 1208/1119/1118
f 1221/1118/1117 1208/1119/1118 1207/1120/1119
f 1207/1120/1119 1208/1119/1118 1193/1121/1120
f 1207/1120/1119 1193/1121/1120 1192/1122/1121
f 1192/1122/1121 1193/1121/1120 1178/1123/1122
f 1192/1122/1121 1178/1123/1122 1177/1124/1123
f 1177/1124/1123 1178/1123/1122 1163/1125/1124
f 1177/1124/1123 1163/1125/1124 1162/1126/1125
f 1162/1126/1125 1163/1125/1124 1148/1127/1126
f 1162/1126/1125 1148/1127/1126 1147/1128/1127
f 1147/1128/1127 1148/1127/1126 1133/1129/1128
f 1147/1128/1127 1133/1129/1128 974/1130/1061
f 974/1130/1061 1133/1129/1128 975/1131/1060
f 975/1131/1060 1133/1129/1128 1119/1132/1129
f 975/1131/1060 1119/1132/1129 976/1133/1059
f 976/1133/1059 1119/1132/1129 993/1134/1130
f 976/1133/1059 993/1134/1130 977/1135/1058
f 977/1135/1058 993/1134/1130 1118/1136/1131
f 977/1135/1058 1118/1136/1131 1079/1137/1132
f 1079/1137/1132 1118/1136/1131 1080/1138/1133
f 1079/1137/1132 1080/1138/1133 1065/1139/1134
f 1065/1139/1134 1080/1138/1133 1066/1140/1135
f 1065/1139/1134 1066/1140/1135 1051/1141/1136
f 1051/1141/1136 1066/1140/1135 1052/1142/1137
f 1051/1141/1136 1052/1142/1137 1037/1143/1138
f 1037/1143/1138 1052/1142/1137 1038/1144/1139
f 1037/1143/1138 1038/1144/1139 1023/1145/1140
f 1023/1145/1140 1038/1144/1139 1024/1146/1141
f 1023/1145/1140 1024/1146/1141 1009/1147/1142
f 1009/1147/1142 1024/1146/1141 1010/1148/1143
f 1009/1147/1142 1010/1148/1143 995/1149/1144
f 995/1149/1144 1010/1148/1143 996/1150/1145
f 995/1149/1144 996/1150/1145 990/1151/1146
f 990/1151/1146 996/1150/1145 989/1152/1147
f 989/1152/1147 996/1150/1145 997/1153/1148
f 989/1152/1147 997/1153/1148 998/1154/1149
f 998/1154/1149 997/1153/1148 1012/1155/1150
f 998/1154/1149 1012/1155/1150 1013/1156/1151
f 1013/1156/1151 1012/1155/1150 1027/1157/1152
f 1013/1156/1151 1027/1157/1152 1028/1158/1153
f 1028/1158/1153 1027/1157/1152 1042/1159/1154
f 1028/1158/1153 1042/1159/1154 1043/1160/1155
f 1043/1160/1155 1042/1159/1154 1057/1161/1156
f 1043/1160/1155 1057/1161/1156 1058/1162/1157
f 1058/1162/1157 1057/1161/1156 1072/1163/1158
f 1058/1162/1157 1072/1163/1158 1073/1164/1159
f 1073/1164/1159 1072/1163/1158 1087/1165/1160
f 1073/1164/1159 1087/1165/1160 1088/1166/1161
f 1088/1166/1161 1087/1165/1160 1110/1167/1162
f 1088/1166/1161 1110/1167/1162 1109/1168/1163
f 1109/1168/1163 1110/1167/1162 1100/1169/1164
f 1109/1168/1163 1100/1169/1164 1101/1090/1089
f 1101/1090/1089 1100/1169/1164 1128/1092/1091
f 984/1072/1071 985/1170/1165 1006/1074/1073
f 1006/1074/1073 985/1170/1165 1005/1171/1166
f 1006/1074/1073 1005/1171/1166 1020/1076/1075
f 1020/1076/1075 1005/1171/1166 1019/1172/1167
f 1020/1076/1075 1019/1172/1167 1034/1078/1077
f 1034/1078/1077 1019/1172/1167 1033/1173/1168
f 1034/1078/1077 1033/1173/1168 1048/1080/1079
f 1048/1080/1079 1033/1173/1168 1047/1174/1169
f 1048/1080/1079 1047/1174/1169 1062/1082/1081
f 1062/1082/1081 1047/1174/1169 1061/1175/1170
f 1062/1082/1081 1061/1175/1170 1076/1084/1083
f 1076/1084/1083 1061/1175/1170 1075/1176/1171
f 1076/1084/1083 1075/1176/1171 1090/1086/1085
f 1090/1086/1085 1075/1176/1171 1089/1177/1172
f 1090/1086/1085 1089/1177/1172 1108/1088/1087
f 1108/1088/1087 1089/1177/1172 1109/1168/1163
f 1108/1088/1087 1109/1168/1163 1101/1090/1089
f 1005/1171/1166 985/1170/1165 1004/1178/1173
f 1004/1178/1173 985/1170/1165 986/1179/1174
f 1004/1178/1173 986/1179/1174 1003/1180/1175
f 1003/1180/1175 986/1179/1174 1002/1181/1176
f 1003/1180/1175 1002/1181/1176 1017/1182/1177
f 1017/1182/1177 1002/1181/1176 1016/1183/1178
f 1017/1182/1177 1016/1183/1178 1031/1184/1179
f 1031/1184/1179 1016/1183/1178 1030/1185/1180
f 1031/1184/1179 1030/1185/1180 1045/1186/1181
f 1045/1186/1181 1030/1185/1180 1044/1187/1182
f 1045/1186/1181 1044/1187/1182 1059/1188/1183
f 1059/1188/1183 1044/1187/1182 1058/1162/1157
f 1059/1188/1183 1058/1162/1157 1073/1164/1159
f 986/1179/1174 987/1189/1184 1002/1181/1176
f 1002/1181/1176 987/1189/1184 1001/1190/1185
f 1002/1181/1176 1001/1190/1185 1016/1183/1178
f 1016/1183/1178 1001/1190/1185 1015/1191/1186
f 1016/1183/1178 1015/1191/1186 1030/1185/1180
f 1030/1185/1180 1015/1191/1186 1029/1192/1187
f 1030/1185/1180 1029/1192/1187 1044/1187/1182
f 1044/1187/1182 1029/1192/1187 1043/1160/1155
f 1044/1187/1182 1043/1160/1155 1058/1162/1157
f 1001/1190/1185 987/1189/1184 1000/1193/1188
f 1000/1193/1188 987/1189/1184 988/1194/1189
f 1000/1193/1188 988/1194/1189 999/1195/1190
f 999/1195/1190 988/1194/1189 998/1154/1149
f 999/1195/1190 998/1154/1149 1013/1156/1151
f 988/1194/1189 989/1152/1147 998/1154/1149
f 990/1151/1146 967/1196/1050 995/1149/1144
f 995/1149/1144 967/1196/1050 983/1197/1052
f 995/1149/1144 983/1197/1052 1009/1147/1142
f 1009/1147/1142 983/1197/1052 982/1198/1053
f 1009/1147/1142 982/1198/1053 1023/1145/1140
f 1023/1145/1140 982/1198/1053 981/1199/1054
f 1023/1145/1140 981/1199/1054 1037/1143/1138
f 1037/1143/1138 981/1199/1054 980/1200/1055
f 1037/1143/1138 980/1200/1055 1051/1141/1136
f 1051/1141/1136 980/1200/1055 979/1201/1056
f 1051/1141/1136 979/1201/1056 1065/1139/1134
f 1065/1139/1134 979/1201/1056 978/1202/1057
f 1065/1139/1134 978/1202/1057 1079/1137/1132
f 1079/1137/1132 978/1202/1057 977/1135/1058
f 974/1130/1061 973/1203/1062 1147/1128/1127
f 1147/1128/1127 973/1203/1062 1161/1204/1191
f 1147/1128/1127 1161/1204/1191 1162/1126/1125
f 1162/1126/1125 1161/1204/1191 1176/1205/1192
f 1162/1126/1125 1176/1205/1192 1177/1124/1123
f 1177/1124/1123 1176/1205/1192 1191/1206/1193
f 1177/1124/1123 1191/1206/1193 1192/1122/1121
f 1192/1122/1121 1191/1206/1193 1206/1207/1194
f 1192/1122/1121 1206/1207/1194 1207/1120/1119
f 1207/1120/1119 1206/1207/1194 1220/1208/1195
f 1207/1120/1119 1220/1208/1195 1221/1118/1117
f 1221/1118/1117 1220/1208/1195 1252/1209/1196
f 1221/1118/1117 1252/1209/1196 1251/1116/1115
f 1251/1116/1115 1252/1209/1196 1236/1210/1197
f 1251/1116/1115 1236/1210/1197 1237/1114/1113
f 1237/1114/1113 1236/1210/1197 962/1211/1198
f 1237/1114/1113 962/1211/1198 961/1112/1111
f 973/1203/1062 972/1212/1063 1161/1204/1191
f 1161/1204/1191 972/1212/1063 1175/1213/1199
f 1161/1204/1191 1175/1213/1199 1176/1205/1192
f 1176/1205/1192 1175/1213/1199 1190/1214/1200
f 1176/1205/1192 1190/1214/1200 1191/1206/1193
f 1191/1206/1193 1190/1214/1200 1205/1215/1201
f 1191/1206/1193 1205/1215/1201 1206/1207/1194
f 1206/1207/1194 1205/1215/1201 1219/1216/1202
f 1206/1207/1194 1219/1216/1202 1220/1208/1195
f 1220/1208/1195 1219/1216/1202 1253/1217/1203
f 1220/1208/1195 1253/1217/1203 1252/1209/1196
f 1252/1209/1196 1253/1217/1203 1235/1218/1204
f 1252/1209/1196 1235/1218/1204 1236/1210/1197
f 1236/1210/1197 1235/1218/1204 962/1211/1198
f 972/1212/1063 971/1219/1064 1175/1213/1199
f 1175/1213/1199 971/1219/1064 1189/1220/1205
f 1175/1213/1199 1189/1220/1205 1190/1214/1200
f 1190/1214/1200 1189/1220/1205 1204/1221/1206
f 1190/1214/1200 1204/1221/1206 1205/1215/1201
f 1205/1215/1201 1204/1221/1206 1218/1222/1207
f 1205/1215/1201 1218/1222/1207 1219/1216/1202
f 1219/1216/1202 1218/1222/1207 1254/1223/1208
f 1219/1216/1202 1254/1223/1208 1253/1217/1203
f 1253/1217/1203 1254/1223/1208 1234/1224/1209
f 1253/1217/1203 1234/1224/1209 1235/1218/1204
f 1235/1218/1204 1234/1224/1209 963/1225/1210
f 1235/1218/1204 963/1225/1210 962/1211/1198
f 971/1219/1064 970/1226/1065 1189/1220/1205
f 1189/1220/1205 970/1226/1065 1203/1227/1211
f 1189/1220/1205 1203/1227/1211 1204/1221/1206
f 1204/1221/1206 1203/1227/1211 1217/1228/1212
f 1204/1221/1206 1217/1228/1212 1218/1222/1207
f 1218/1222/1207 1217/1228/1212 1255/1229/1213
f 1218/1222/1207 1255/1229/1213 1254/1223/1208
f 1254/1223/1208 1255/1229/1213 1233/1230/1214
f 1254/1223/1208 1233/1230/1214 1234/1224/1209
f 1234/1224/1209 1233/1230/1214 963/1225/1210
f 970/1226/1065 969/1231/1066 1203/1227/1211
f 1203/1227/1211 969/1231/1066 1216/1232/1215
f 1203/1227/1211 1216/1232/1215 1217/1228/1212
f 1217/1228/1212 1216/1232/1215 1256/1233/1216
f 1217/1228/1212 1256/1233/1216 1255/1229/1213
f 1255/1229/1213 1256/1233/1216 1232/1234/1217
f 1255/1229/1213 1232/1234/1217 1233/1230/1214
f 1233/1230/1214 1232/1234/1217 964/1235/1218
f 1233/1230/1214 964/1235/1218 963/1225/1210
f 1216/1232/1215 969/1231/1066 991/1236/1219
f 991/1236/1219 969/1231/1066 968/1237/1067
f 991/1236/1219 968/1237/1067 1230/1238/1220
f 1230/1238/1220 968/1237/1067 966/1239/1068
f 1230/1238/1220 966/1239/1068 965/1240/1221
f 1230/1238/1220 965/1240/1221 1231/1241/1222
f 1231/1241/1222 965/1240/1221 964/1235/1218
f 1231/1241/1222 964/1235/1218 1232/1234/1217
f 1240/1109/1108 960/1111/1110 1241/1242/1223
f 1241/1242/1223 960/1111/1110 959/1243/1224
f 1241/1242/1223 959/1243/1224 1242/1244/1225
f 1242/1244/1225 959/1243/1224 1243/1245/1226
f 1242/1244/1225 1243/1245/1226 1245/1246/1227
f 1245/1246/1227 1243/1245/1226 1244/1247/1228
f 1245/1246/1227 1244/1247/1228 1228/1248/1229
f 1228/1248/1229 1244/1247/1228 1229/1249/1230
f 1228/1248/1229 1229/1249/1230 1215/1250/1231
f 1215/1250/1231 1229/1249/1230 992/1251/1232
f 1215/1250/1231 992/1251/1232 1201/1252/1233
f 1201/1252/1233 992/1251/1232 1202/1253/1234
f 1201/1252/1233 1202/1253/1234 1187/1254/1235
f 1187/1254/1235 1202/1253/1234 1188/1255/1236
f 1187/1254/1235 1188/1255/1236 1173/1256/1237
f 1173/1256/1237 1188/1255/1236 1174/1257/1238
f 1173/1256/1237 1174/1257/1238 1159/1258/1239
f 1159/1258/1239 1174/1257/1238 1160/1259/1240
f 1159/1258/1239 1160/1259/1240 1145/1260/1241
f 1145/1260/1241 1160/1259/1240 1146/1261/1242
f 1145/1260/1241 1146/1261/1242 1131/1262/1243
f 1131/1262/1243 1146/1261/1242 1132/1263/1244
f 1131/1262/1243 1132/1263/1244 1104/1264/1245
f 1104/1264/1245 1132/1263/1244 1105/1265/1246
f 1104/1264/1245 1105/1265/1246 994/1266/1247
f 994/1266/1247 1105/1265/1246 10/1267/18
f 994/1266/1247 10/1267/18 9/1268/1248
f 959/1243/1224 20/1269/38 1243/1245/1226
f 1243/1245/1226 20/1269/38 19/1270/1249
f 1243/1245/1226 19/1270/1249 1244/1247/1228
f 1244/1247/1228 19/1270/1249 18/1271/34
f 1244/1247/1228 18/1271/34 1229/1249/1230
f 1229/1249/1230 18/1271/34 992/1251/1232
f 18/1271/34 17/1272/32 992/1251/1232
f 992/1251/1232 17/1272/32 1202/1253/1234
f 17/1272/32 16/1273/30 1202/1253/1234
f 1202/1253/1234 16/1273/30 1188/1255/1236
f 16/1273/30 15/1274/1250 1188/1255/1236
f 1188/1255/1236 15/1274/1250 1174/1257/1238
f 15/1274/1250 14/1275/1251 1174/1257/1238
f 1174/1257/1238 14/1275/1251 1160/1259/1240
f 14/1275/1251 13/1276/1252 1160/1259/1240
f 1160/1259/1240 13/1276/1252 1146/1261/1242
f 13/1276/1252 12/1277/22 1146/1261/1242
f 1146/1261/1242 12/1277/22 1132/1263/1244
f 12/1277/22 11/1278/20 1132/1263/1244
f 1132/1263/1244 11/1278/20 1105/1265/1246
f 11/1278/20 10/1267/18 1105/1265/1246
f 994/1266/1247 9/1268/1248 1092/1279/1253
f 1092/1279/1253 9/1268/1248 8/1280/1254
f 1092/1279/1253 8/1280/1254 1078/1281/1255
f 1078/1281/1255 8/1280/1254 7/1282/1256
f 1078/1281/1255 7/1282/1256 1064/1283/1257
f 1064/1283/1257 7/1282/1256 6/1284/10
f 1064/1283/1257 6/1284/10 1050/1285/1258
f 1050/1285/1258 6/1284/10 5/1286/8
f 1050/1285/1258 5/1286/8 1036/1287/1259
f 1036/1287/1259 5/1286/8 4/1288/6
f 1036/1287/1259 4/1288/6 1022/1289/1260
f 1022/1289/1260 4/1288/6 3/1069/1069
f 1022/1289/1260 3/1069/1069 1008/1071/1070
f 997/1153/1148 996/1150/1145 1011/1290/1261
f 1011/1290/1261 996/1150/1145 1010/1148/1143
f 1011/1290/1261 1010/1148/1143 1025/1291/1262
f 1025/1291/1262 1010/1148/1143 1024/1146/1141
f 1025/1291/1262 1024/1146/1141 1039/1292/1263
f 1039/1292/1263 1024/1146/1141 1038/1144/1139
f 1039/1292/1263 1038/1144/1139 1053/1293/1264
f 1053/1293/1264 1038/1144/1139 1052/1142/1137
f 1053/1293/1264 1052/1142/1137 1067/1294/1265
f 1067/1294/1265 1052/1142/1137 1066/1140/1135
f 1067/1294/1265 1066/1140/1135 1081/1295/1266
f 1081/1295/1266 1066/1140/1135 1080/1138/1133
f 1081/1295/1266 1080/1138/1133 1117/1296/1267
f 1117/1296/1267 1080/1138/1133 1118/1136/1131
f 1117/1296/1267 1118/1136/1131 993/1134/1130
f 1015/1191/1186 1001/1190/1185 1000/1193/1188
f 1000/1193/1188 999/1195/1190 1014/1297/1268
f 1014/1297/1268 999/1195/1190 1013/1156/1151
f 1014/1297/1268 1013/1156/1151 1028/1158/1153
f 1019/1172/1167 1005/1171/1166 1004/1178/1173
f 1004/1178/1173 1003/1180/1175 1018/1298/1269
f 1018/1298/1269 1003/1180/1175 1017/1182/1177
f 1018/1298/1269 1017/1182/1177 1032/1299/1270
f 1032/1299/1270 1017/1182/1177 1031/1184/1179
f 1032/1299/1270 1031/1184/1179 1046/1300/1271
f 1046/1300/1271 1031/1184/1179 1045/1186/1181
f 1046/1300/1271 1045/1186/1181 1060/1301/1272
f 1060/1301/1272 1045/1186/1181 1059/1188/1183
f 1060/1301/1272 1059/1188/1183 1074/1302/1273
f 1074/1302/1273 1059/1188/1183 1073/1164/1159
f 1074/1302/1273 1073/1164/1159 1088/1166/1161
f 1022/1289/1260 1008/1071/1070 1007/1073/1072
f 1022/1289/1260 1007/1073/1072 1021/1075/1074
f 997/1153/1148 1011/1290/1261 1012/1155/1150
f 1012/1155/1150 1011/1290/1261 1026/1303/1274
f 1012/1155/1150 1026/1303/1274 1027/1157/1152
f 1027/1157/1152 1026/1303/1274 1041/1304/1275
f 1027/1157/1152 1041/1304/1275 1042/1159/1154
f 1042/1159/1154 1041/1304/1275 1056/1305/1276
f 1042/1159/1154 1056/1305/1276 1057/1161/1156
f 1057/1161/1156 1056/1305/1276 1071/1306/1277
f 1057/1161/1156 1071/1306/1277 1072/1163/1158
f 1072/1163/1158 1071/1306/1277 1086/1307/1278
f 1072/1163/1158 1086/1307/1278 1087/1165/1160
f 1087/1165/1160 1086/1307/1278 1111/1308/1279
f 1087/1165/1160 1111/1308/1279 1110/1167/1162
f 1110/1167/1162 1111/1308/1279 1099/1309/1280
f 1110/1167/1162 1099/1309/1280 1100/1169/1164
f 1100/1169/1164 1099/1309/1280 1127/1310/1281
f 1100/1169/1164 1127/1310/1281 1128/1092/1091
f 1128/1092/1091 1127/1310/1281 1142/1094/1093
f 1026/1303/1274 1011/1290/1261 1025/1291/1262
f 1029/1192/1187 1015/1191/1186 1014/1297/1268
f 1014/1297/1268 1015/1191/1186 1000/1193/1188
f 1029/1192/1187 1014/1297/1268 1028/1158/1153
f 1033/1173/1168 1019/1172/1167 1018/1298/1269
f 1018/1298/1269 1019/1172/1167 1004/1178/1173
f 1033/1173/1168 1018/1298/1269 1032/1299/1270
f 1036/1287/1259 1022/1289/1260 1021/1075/1074
f 1036/1287/1259 1021/1075/1074 1035/1077/1076
f 1026/1303/1274 1025/1291/1262 1040/1311/1282
f 1040/1311/1282 1025/1291/1262 1039/1292/1263
f 1040/1311/1282 1039/1292/1263 1054/1312/1283
f 1054/1312/1283 1039/1292/1263 1053/1293/1264
f 1054/1312/1283 1053/1293/1264 1068/1313/1284
f 1068/1313/1284 1053/1293/1264 1067/1294/1265
f 1068/1313/1284 1067/1294/1265 1082/1314/1285
f 1082/1314/1285 1067/1294/1265 1081/1295/1266
f 1082/1314/1285 1081/1295/1266 1116/1315/1286
f 1116/1315/1286 1081/1295/1266 1117/1296/1267
f 1116/1315/1286 1117/1296/1267 1093/1316/1287
f 1093/1316/1287 1117/1296/1267 993/1134/1130
f 1093/1316/1287 993/1134/1130 1120/1317/1288
f 1120/1317/1288 993/1134/1130 1119/1132/1129
f 1120/1317/1288 1119/1132/1129 1134/1318/1289
f 1134/1318/1289 1119/1132/1129 1133/1129/1128
f 1134/1318/1289 1133/1129/1128 1148/1127/1126
f 1043/1160/1155 1029/1192/1187 1028/1158/1153
f 1047/1174/1169 1033/1173/1168 1032/1299/1270
f 1047/1174/1169 1032/1299/1270 1046/1300/1271
f 1050/1285/1258 1036/1287/1259 1035/1077/1076
f 1050/1285/1258 1035/1077/1076 1049/1079/1078
f 1026/1303/1274 1040/1311/1282 1041/1304/1275
f 1041/1304/1275 1040/1311/1282 1055/1319/1290
f 1041/1304/1275 1055/1319/1290 1056/1305/1276
f 1056/1305/1276 1055/1319/1290 1070/1320/1291
f 1056/1305/1276 1070/1320/1291 1071/1306/1277
f 1071/1306/1277 1070/1320/1291 1085/1321/1292
f 1071/1306/1277 1085/1321/1292 1086/1307/1278
f 1086/1307/1278 1085/1321/1292 1112/1322/1293
f 1086/1307/1278 1112/1322/1293 1111/1308/1279
f 1111/1308/1279 1112/1322/1293 1098/1323/1294
f 1111/1308/1279 1098/1323/1294 1099/1309/1280
f 1099/1309/1280 1098/1323/1294 1126/1324/1295
f 1099/1309/1280 1126/1324/1295 1127/1310/1281
f 1127/1310/1281 1126/1324/1295 1141/1325/1296
f 1127/1310/1281 1141/1325/1296 1142/1094/1093
f 1142/1094/1093 1141/1325/1296 1156/1096/1095
f 1055/1319/1290 1040/1311/1282 1054/1312/1283
f 1061/1175/1170 1047/1174/1169 1046/1300/1271
f 1061/1175/1170 1046/1300/1271 1060/1301/1272
f 1064/1283/1257 1050/1285/1258 1049/1079/1078
f 1064/1283/1257 1049/1079/1078 1063/1081/1080
f 1055/1319/1290 1054/1312/1283 1069/1326/1297
f 1069/1326/1297 1054/1312/1283 1068/1313/1284
f 1069/1326/1297 1068/1313/1284 1083/1327/1298
f 1083/1327/1298 1068/1313/1284 1082/1314/1285
f 1083/1327/1298 1082/1314/1285 1115/1328/1299
f 1115/1328/1299 1082/1314/1285 1116/1315/1286
f 1115/1328/1299 1116/1315/1286 1094/1329/1300
f 1094/1329/1300 1116/1315/1286 1093/1316/1287
f 1094/1329/1300 1093/1316/1287 1121/1330/1301
f 1121/1330/1301 1093/1316/1287 1120/1317/1288
f 1121/1330/1301 1120/1317/1288 1135/1331/1302
f 1135/1331/1302 1120/1317/1288 1134/1318/1289
f 1135/1331/1302 1134/1318/1289 1149/1332/1303
f 1149/1332/1303 1134/1318/1289 1148/1127/1126
f 1149/1332/1303 1148/1127/1126 1163/1125/1124
f 1075/1176/1171 1061/1175/1170 1060/1301/1272
f 1075/1176/1171 1060/1301/1272 1074/1302/1273
f 1078/1281/1255 1064/1283/1257 1063/1081/1080
f 1078/1281/1255 1063/1081/1080 1077/1083/1082
f 1055/1319/1290 1069/1326/1297 1070/1320/1291
f 1070/1320/1291 1069/1326/1297 1084/1333/1304
f 1070/1320/1291 1084/1333/1304 1085/1321/1292
f 1085/1321/1292 1084/1333/1304 1113/1334/1305
f 1085/1321/1292 1113/1334/1305 1112/1322/1293
f 1112/1322/1293 1113/1334/1305 1097/1335/1306
f 1112/1322/1293 1097/1335/1306 1098/1323/1294
f 1098/1323/1294 1097/1335/1306 1125/1336/1307
f 1098/1323/1294 1125/1336/1307 1126/1324/1295
f 1126/1324/1295 1125/1336/1307 1140/1337/1308
f 1126/1324/1295 1140/1337/1308 1141/1325/1296
f 1141/1325/1296 1140/1337/1308 1155/1338/1309
f 1141/1325/1296 1155/1338/1309 1156/1096/1095
f 1156/1096/1095 1155/1338/1309 1170/1098/1097
f 1084/1333/1304 1069/1326/1297 1083/1327/1298
f 1089/1177/1172 1075/1176/1171 1074/1302/1273
f 1089/1177/1172 1074/1302/1273 1088/1166/1161
f 1092/1279/1253 1078/1281/1255 1077/1083/1082
f 1092/1279/1253 1077/1083/1082 1091/1085/1084
f 1084/1333/1304 1083/1327/1298 1114/1339/1310
f 1114/1339/1310 1083/1327/1298 1115/1328/1299
f 1114/1339/1310 1115/1328/1299 1095/1340/1311
f 1095/1340/1311 1115/1328/1299 1094/1329/1300
f 1095/1340/1311 1094/1329/1300 1122/1341/1312
f 1122/1341/1312 1094/1329/1300 1121/1330/1301
f 1122/1341/1312 1121/1330/1301 1136/1342/1313
f 1136/1342/1313 1121/1330/1301 1135/1331/1302
f 1136/1342/1313 1135/1331/1302 1150/1343/1314
f 1150/1343/1314 1135/1331/1302 1149/1332/1303
f 1150/1343/1314 1149/1332/1303 1164/1344/1315
f 1164/1344/1315 1149/1332/1303 1163/1125/1124
f 1164/1344/1315 1163/1125/1124 1178/1123/1122
f 1109/1168/1163 1089/1177/1172 1088/1166/1161
f 1092/1279/1253 1091/1085/1084 1106/1345/1316
f 1106/1345/1316 1091/1085/1084 1107/1087/1086
f 1106/1345/1316 1107/1087/1086 1103/1346/1317
f 1103/1346/1317 1107/1087/1086 1102/1089/1088
f 1103/1346/1317 1102/1089/1088 1130/1347/1318
f 1130/1347/1318 1102/1089/1088 1129/1091/1090
f 1130/1347/1318 1129/1091/1090 1144/1348/1319
f 1144/1348/1319 1129/1091/1090 1143/1093/1092
f 1144/1348/1319 1143/1093/1092 1158/1349/1320
f 1158/1349/1320 1143/1093/1092 1157/1095/1094
f 1158/1349/1320 1157/1095/1094 1172/1350/1321
f 1172/1350/1321 1157/1095/1094 1171/1097/1096
f 1172/1350/1321 1171/1097/1096 1186/1351/1322
f 1186/1351/1322 1171/1097/1096 1185/1099/1098
f 1186/1351/1322 1185/1099/1098 1200/1352/1323
f 1200/1352/1323 1185/1099/1098 1199/1101/1100
f 1200/1352/1323 1199/1101/1100 1214/1353/1324
f 1214/1353/1324 1199/1101/1100 1213/1103/1102
f 1214/1353/1324 1213/1103/1102 1227/1354/1325
f 1227/1354/1325 1213/1103/1102 1226/1105/1104
f 1227/1354/1325 1226/1105/1104 1246/1355/1326
f 1246/1355/1326 1226/1105/1104 1247/1107/1106
f 1246/1355/1326 1247/1107/1106 1241/1242/1223
f 1241/1242/1223 1247/1107/1106 1240/1109/1108
f 1095/1340/1311 1096/1356/1327 1114/1339/1310
f 1114/1339/1310 1096/1356/1327 1113/1334/1305
f 1114/1339/1310 1113/1334/1305 1084/1333/1304
f 1113/1334/1305 1096/1356/1327 1097/1335/1306
f 1097/1335/1306 1096/1356/1327 1124/1357/1328
f 1097/1335/1306 1124/1357/1328 1125/1336/1307
f 1125/1336/1307 1124/1357/1328 1139/1358/1329
f 1125/1336/1307 1139/1358/1329 1140/1337/1308
f 1140/1337/1308 1139/1358/1329 1154/1359/1330
f 1140/1337/1308 1154/1359/1330 1155/1338/1309
f 1155/1338/1309 1154/1359/1330 1169/1360/1331
f 1155/1338/1309 1169/1360/1331 1170/1098/1097
f 1170/1098/1097 1169/1360/1331 1184/1100/1099
f 1096/1356/1327 1095/1340/1311 1123/1361/1332
f 1123/1361/1332 1095/1340/1311 1122/1341/1312
f 1123/1361/1332 1122/1341/1312 1137/1362/1333
f 1137/1362/1333 1122/1341/1312 1136/1342/1313
f 1137/1362/1333 1136/1342/1313 1151/1363/1334
f 1151/1363/1334 1136/1342/1313 1150/1343/1314
f 1151/1363/1334 1150/1343/1314 1165/1364/1335
f 1165/1364/1335 1150/1343/1314 1164/1344/1315
f 1165/1364/1335 1164/1344/1315 1179/1365/1336
f 1179/1365/1336 1164/1344/1315 1178/1123/1122
f 1179/1365/1336 1178/1123/1122 1193/1121/1120
f 1103/1346/1317 1104/1264/1245 1106/1345/1316
f 1106/1345/1316 1104/1264/1245 994/1266/1247
f 1106/1345/1316 994/1266/1247 1092/1279/1253
f 1104/1264/1245 1103/1346/1317 1131/1262/1243
f 1131/1262/1243 1103/1346/1317 1130/1347/1318
f 1131/1262/1243 1130/1347/1318 1145/1260/1241
f 1145/1260/1241 1130/1347/1318 1144/1348/1319
f 1145/1260/1241 1144/1348/1319 1159/1258/1239
f 1159/1258/1239 1144/1348/1319 1158/1349/1320
f 1159/1258/1239 1158/1349/1320 1173/1256/1237
f 1173/1256/1237 1158/1349/1320 1172/1350/1321
f 1173/1256/1237 1172/1350/1321 1187/1254/1235
f 1187/1254/1235 1172/1350/1321 1186/1351/1322
f 1187/1254/1235 1186/1351/1322 1201/1252/1233
f 1201/1252/1233 1186/1351/1322 1200/1352/1323
f 1201/1252/1233 1200/1352/1323 1215/1250/1231
f 1215/1250/1231 1200/1352/1323 1214/1353/1324
f 1215/1250/1231 1214/1353/1324 1228/1248/1229
f 1228/1248/1229 1214/1353/1324 1227/1354/1325
f 1228/1248/1229 1227/1354/1325 1245/1246/1227
f 1245/1246/1227 1227/1354/1325 1246/1355/1326
f 1245/1246/1227 1246/1355/1326 1242/1244/1225
f 1242/1244/1225 1246/1355/1326 1241/1242/1223
f 1096/1356/1327 1123/1361/1332 1124/1357/1328
f 1124/1357/1328 1123/1361/1332 1138/1366/1337
f 1124/1357/1328 1138/1366/1337 1139/1358/1329
f 1139/1358/1329 1138/1366/1337 1153/1367/1338
f 1139/1358/1329 1153/1367/1338 1154/1359/1330
f 1154/1359/1330 1153/1367/1338 1168/1368/1339
f 1154/1359/1330 1168/1368/1339 1169/1360/1331
f 1169/1360/1331 1168/1368/1339 1183/1369/1340
f 1169/1360/1331 1183/1369/1340 1184/1100/1099
f 1184/1100/1099 1183/1369/1340 1198/1102/1101
f 1138/1366/1337 1123/1361/1332 1137/1362/1333
f 1138/1366/1337 1137/1362/1333 1152/1370/1341
f 1152/1370/1341 1137/1362/1333 1151/1363/1334
f 1152/1370/1341 1151/1363/1334 1166/1371/1342
f 1166/1371/1342 1151/1363/1334 1165/1364/1335
f 1166/1371/1342 1165/1364/1335 1180/1372/1343
f 1180/1372/1343 1165/1364/1335 1179/1365/1336
f 1180/1372/1343 1179/1365/1336 1194/1373/1344
f 1194/1373/1344 1179/1365/1336 1193/1121/1120
f 1194/1373/1344 1193/1121/1120 1208/1119/1118
f 1138/1366/1337 1152/1370/1341 1153/1367/1338
f 1153/1367/1338 1152/1370/1341 1167/1374/1345
f 1153/1367/1338 1167/1374/1345 1168/1368/1339
f 1168/1368/1339 1167/1374/1345 1182/1375/1346
f 1168/1368/1339 1182/1375/1346 1183/1369/1340
f 1183/1369/1340 1182/1375/1346 1197/1376/1347
f 1183/1369/1340 1197/1376/1347 1198/1102/1101
f 1198/1102/1101 1197/1376/1347 1212/1104/1103
f 1167/1374/1345 1152/1370/1341 1166/1371/1342
f 1167/1374/1345 1166/1371/1342 1181/1377/1348
f 1181/1377/1348 1166/1371/1342 1180/1372/1343
f 1181/1377/1348 1180/1372/1343 1195/1378/1349
f 1195/1378/1349 1180/1372/1343 1194/1373/1344
f 1195/1378/1349 1194/1373/1344 1209/1379/1350
f 1209/1379/1350 1194/1373/1344 1208/1119/1118
f 1209/1379/1350 1208/1119/1118 1222/1117/1116
f 1167/1374/1345 1181/1377/1348 1182/1375/1346
f 1182/1375/1346 1181/1377/1348 1196/1380/1351
f 1182/1375/1346 1196/1380/1351 1197/1376/1347
f 1197/1376/1347 1196/1380/1351 1211/1381/1352
f 1197/1376/1347 1211/1381/1352 1212/1104/1103
f 1212/1104/1103 1211/1381/1352 1225/1106/1105
f 1196/1380/1351 1181/1377/1348 1195/1378/1349
f 1196/1380/1351 1195/1378/1349 1210/1382/1353
f 1210/1382/1353 1195/1378/1349 1209/1379/1350
f 1210/1382/1353 1209/1379/1350 1223/1383/1354
f 1223/1383/1354 1209/1379/1350 1222/1117/1116
f 1223/1383/1354 1222/1117/1116 1250/1115/1114
f 1196/1380/1351 1210/1382/1353 1211/1381/1352
f 1211/1381/1352 1210/1382/1353 1224/1384/1355
f 1211/1381/1352 1224/1384/1355 1225/1106/1105
f 1225/1106/1105 1224/1384/1355 1248/1108/1107
f 1224/1384/1355 1210/1382/1353 1223/1383/1354
f 1224/1384/1355 1223/1383/1354 1249/1385/1356
f 1249/1385/1356 1223/1383/1354 1250/1115/1114
f 1249/1385/1356 1250/1115/1114 1238/1113/1112
f 1230/1238/1220 1231/1241/1222 991/1236/1219
f 991/1236/1219 1231/1241/1222 1256/1233/1216
f 991/1236/1219 1256/1233/1216 1216/1232/1215
f 1231/1241/1222 1232/1234/1217 1256/1233/1216
f 1238/1113/1112 1239/1110/1109 1249/1385/1356
f 1249/1385/1356 1239/1110/1109 1248/1108/1107
f 1249/1385/1356 1248/1108/1107 1224/1384/1355
f 958/1386/1357 1/1387/1358 957/1388/1359
f 957/1388/1359 1/1387/1358 65/1389/1360
f 957/1388/1359 65/1389/1360 64/1390/1361
f 958/1386/1357 967/1391/1362 1/1387/1358
f 1/1387/1358 967/1391/1362 2/1392/1363
f 2/1392/1363 967/1391/1362 990/1393/1364
f 2/1392/1363 990/1393/1364 989/1394/1365
f 989/1394/1365 988/1395/1366 2/1392/1363
f 2/1392/1363 988/1395/1366 987/1396/1367
f 2/1392/1363 987/1396/1367 986/1397/1368
f 986/1397/1368 985/1398/1369 2/1392/1363
f 2/1392/1363 985/1398/1369 984/1399/1370
f 64/1390/1361 63/1400/1371 957/1388/1359
f 957/1388/1359 63/1400/1371 62/1401/1372
f 957/1388/1359 62/1401/1372 61/1402/1373
f 61/1402/1373 60/1403/1374 957/1388/1359
f 957/1388/1359 60/1403/1374 59/1404/1375
f 957/1388/1359 59/1404/1375 58/1405/1376
f 58/1405/1376 57/1406/1377 957/1388/1359
f 957/1388/1359 57/1406/1377 56/1407/1378
f 957/1388/1359 56/1407/1378 55/1408/1379
f 55/1408/1379 54/1409/1380 957/1388/1359
f 957/1388/1359 54/1409/1380 53/1410/1381
f 957/1388/1359 53/1410/1381 52/1411/1382
f 52/1411/1382 51/1412/1383 957/1388/1359
f 957/1388/1359 51/1412/1383 50/1413/1384
f 957/1388/1359 50/1413/1384 49/1414/1385
f 49/1414/1385 48/1415/1386 957/1388/1359
f 957/1388/1359 48/1415/1386 47/1416/1387
f 957/1388/1359 47/1416/1387 46/1417/1388
f 46/1417/1388 45/1418/1389 957/1388/1359
f 957/1388/1359 45/1418/1389 44/1419/1390
f 957/1388/1359 44/1419/1390 43/1420/1391
f 43/1420/1391 42/1421/1392 957/1388/1359
f 957/1388/1359 42/1421/1392 41/1422/1393
f 957/1388/1359 41/1422/1393 40/1423/1394
f 40/1423/1394 39/1424/1395 957/1388/1359
# 1256 vertices
# 1424 texture params
# 1395 normals
# 2508 facets

# 1 groups
