# WaveFront *.obj file (generated by Autodesk ATF)

mtllib Whole_FBL.mtl

g Whole_FBL

v 0.000000 -333.436254 0.000000
v 0.000000 -333.080469 15.399239
v 0.000000 -332.013874 30.765616
v 0.000000 -330.238744 46.066337
v 0.000000 -327.758868 61.268751
v 0.000000 -324.579538 76.340414
v 0.000000 -320.707539 91.249162
v 0.000000 -316.151134 105.963180
v 0.000000 -310.920047 120.451068
v 0.000000 -305.025441 134.681907
v 0.000000 -298.479894 148.625328
v 0.000000 -291.297377 162.251574
v 0.000000 -283.493217 175.531568
v 0.000000 -275.084067 188.436969
v 0.000000 -266.087875 200.940236
v 0.000000 -256.523837 213.014686
v 0.000000 -246.412365 224.634552
v 0.000000 -235.775036 235.775036
v 0.000000 -224.634552 246.412365
v 0.000000 -213.014686 256.523837
v 0.000000 -200.940236 266.087875
v 0.000000 -188.436969 275.084067
v 0.000000 -175.531568 283.493217
v 0.000000 -162.251574 291.297377
v 0.000000 -148.625328 298.479894
v 0.000000 -134.681907 305.025441
v 0.000000 -120.451068 310.920047
v 0.000000 -105.963180 316.151134
v 0.000000 -91.249162 320.707539
v 0.000000 -76.340414 324.579538
v 0.000000 -61.268751 327.758868
v 0.000000 -46.066337 330.238744
v 0.000000 -30.765616 332.013874
v 0.000000 -15.399239 333.080469
v 0.000000 0.000000 333.436254
v -15.396195 0.000000 333.075987
v -30.759332 0.000000 332.005191
v -46.056640 0.000000 330.226150
v -61.255484 0.000000 327.742658
v -76.323443 0.000000 324.560014
v -91.228373 0.000000 320.685007
v -105.938477 0.000000 316.125903
v -120.422377 0.000000 310.892428
v -134.649174 0.000000 304.995747
v -148.588519 0.000000 298.448437
v -162.210676 0.000000 291.264467
v -175.486587 0.000000 283.459161
v -188.387930 0.000000 275.049170
v -200.887184 0.000000 266.052434
v -212.957684 0.000000 256.488145
v -224.573683 0.000000 246.376707
v -235.710399 0.000000 235.739689
v -246.344077 0.000000 224.599783
v -256.452031 0.000000 212.980752
v -266.012699 0.000000 200.907384
v -275.005686 0.000000 188.405432
v -283.411808 0.000000 175.501568
v -291.213132 0.000000 162.223317
v -298.393017 0.000000 148.599005
v -304.936145 0.000000 134.657697
v -310.828560 0.000000 120.429133
v -316.057691 0.000000 105.943664
v -320.612383 0.000000 91.232193
v -324.482919 0.000000 76.326102
v -327.661044 0.000000 61.257189
v -330.139978 0.000000 46.057601
v -331.914431 0.000000 30.759760
v -332.980620 0.000000 15.396302
v -333.336269 0.000000 0.000000
v -332.980620 -15.396302 0.000000
v -331.914431 -30.759760 0.000000
v -330.139978 -46.057601 0.000000
v -327.661044 -61.257189 0.000000
v -324.482919 -76.326102 0.000000
v -320.612383 -91.232193 0.000000
v -316.057691 -105.943664 0.000000
v -310.828560 -120.429133 0.000000
v -304.936145 -134.657697 0.000000
v -298.393017 -148.599005 0.000000
v -291.213132 -162.223317 0.000000
v -283.411808 -175.501568 0.000000
v -275.005686 -188.405432 0.000000
v -266.012699 -200.907384 0.000000
v -256.452031 -212.980752 0.000000
v -246.344077 -224.599783 0.000000
v -235.710399 -235.739689 0.000000
v -224.573683 -246.376707 0.000000
v -212.957684 -256.488145 0.000000
v -200.887184 -266.052434 0.000000
v -188.387930 -275.049170 0.000000
v -175.486587 -283.459161 0.000000
v -162.210676 -291.264467 0.000000
v -148.588519 -298.448437 0.000000
v -134.649174 -304.995747 0.000000
v -120.422377 -310.892428 0.000000
v -105.938477 -316.125903 0.000000
v -91.228373 -320.685007 0.000000
v -76.323443 -324.560014 0.000000
v -61.255484 -327.742658 0.000000
v -46.056640 -330.226150 0.000000
v -30.759332 -332.005191 0.000000
v -15.396195 -333.075987 0.000000
v -304.355248 -135.956163 1.633805
v -269.389978 -196.102141 9.942213
v -263.728700 -203.559279 11.738073
v -238.789989 -232.111296 15.351379
v -232.049423 -238.852873 15.352390
v -203.500605 -263.796407 11.747107
v -196.044048 -269.459072 9.953214
v -144.134260 -300.566050 6.022705
v -86.771231 -321.856090 6.464683
v -2.210388 -333.040742 16.070827
v -12.805189 -333.150502 4.893293
v -1.380428 -331.459575 36.222972
v -11.699570 -332.301721 24.820988
v -21.993538 -332.434910 13.366050
v -32.240370 -331.858858 1.882596
v -1.304199 -328.612244 56.495721
v -11.361147 -330.195167 44.939282
v -21.393643 -331.073627 33.286967
v -31.380283 -331.245750 21.563635
v -41.299761 -330.711168 9.794297
v -1.932811 -324.473035 76.764982
v -11.744643 -326.800108 65.124029
v -21.531205 -328.429962 53.344134
v -31.271617 -329.359118 41.450432
v -40.945098 -329.585596 29.468296
v -50.531011 -329.108911 17.423290
v -60.008904 -327.930080 5.341112
v -3.210061 -319.026078 96.907949
v -12.797215 -322.095522 85.251873
v -22.356853 -324.477784 73.413914
v -31.868580 -326.167781 61.419329
v -41.312103 -327.161907 49.293707
v -50.667274 -327.458042 37.062918
v -59.914134 -327.055554 24.753056
v -69.032956 -325.955301 12.390384
v -5.073025 -312.265592 116.804047
v -14.459015 -316.070382 105.201207
v -23.813943 -319.200845 93.373923
v -33.117851 -321.650300 81.347429
v -42.350890 -323.413523 69.147381
v -51.493361 -324.486752 56.799810
v -60.525759 -324.867696 44.331057
v -69.428813 -324.555544 31.767725
v -78.183530 -323.550961 19.136618
v -7.452712 -304.196048 136.335859
v -16.663812 -308.723861 124.853104
v -25.839147 -312.593020 113.103978
v -34.959141 -315.795270 101.113547
v -44.004337 -318.323779 88.907394
v -52.955438 -320.173152 76.511558
v -61.793347 -321.339444 63.952488
v -70.499208 -321.820167 51.256976
v -79.054447 -321.614294 38.452109
v -87.440812 -320.722266 25.565205
v -95.640411 -319.145985 12.623759
v -1.187726 -288.970019 166.356290
v -10.274768 -294.832244 155.390018
v -19.339675 -300.065451 144.092225
v -28.363108 -304.658477 132.487016
v -37.325816 -308.601522 120.599148
v -46.208677 -311.886173 108.453986
v -54.992740 -314.505423 96.077440
v -63.659263 -316.453684 83.495915
v -72.189758 -317.726799 70.736254
v -80.566025 -318.322052 57.825678
v -88.770192 -318.238173 44.791733
v -96.784758 -317.475342 31.662227
v -104.592622 -316.035184 18.465169
v -112.177127 -313.920774 5.228717
v -4.481830 -277.677258 184.537511
v -13.460231 -284.199292 173.858068
v -22.409703 -290.114995 162.807704
v -31.311150 -295.411745 151.409994
v -40.145582 -300.078241 139.689254
v -48.894152 -304.104528 127.670491
v -57.538194 -307.482016 115.379346
v -66.059266 -310.203500 102.842043
v -74.439189 -312.263172 90.085328
v -82.660084 -313.656638 77.136419
v -90.704413 -314.380926 64.022941
v -98.555014 -314.434491 50.772872
v -106.195136 -313.817218 37.414481
v -113.608480 -312.530423 23.976266
v -120.779231 -310.576854 10.486899
v -8.023538 -265.181400 201.971727
v -16.926332 -272.332523 191.637278
v -25.792801 -278.902631 180.893977
v -34.604029 -284.877707 169.764742
v -43.341216 -290.245004 158.273319
v -51.985723 -294.993071 146.444224
v -60.519106 -299.111778 134.302694
v -68.923159 -302.592338 121.874633
v -77.179954 -305.427324 109.186555
v -85.271874 -307.610689 96.265531
v -93.181655 -309.137775 83.139126
v -100.892422 -310.005323 69.835347
v -108.387724 -310.211483 56.382575
v -115.651571 -309.755815 42.809513
v -122.668464 -308.639291 29.145117
v -129.423434 -306.864292 15.418542
v -135.902070 -304.434607 1.659071
v -2.839454 -243.251627 228.034539
v -11.726001 -251.532782 218.566124
v -20.587318 -259.277298 208.631404
v -29.404499 -266.468653 198.251575
v -38.158733 -273.091504 187.448781
v -46.831342 -279.131721 176.246069
v -55.403825 -284.576417 164.667342
v -63.857892 -289.413978 152.737300
v -72.175506 -293.634081 140.481398
v -80.338923 -297.227723 127.925782
v -88.330725 -300.187238 115.097240
v -96.133862 -302.506311 102.023141
v -103.731687 -304.179994 88.731378
v -111.107990 -305.204717 75.250309
v -118.247033 -305.578294 61.608695
v -125.133586 -305.299928 47.835641
v -131.752956 -304.370211 33.960531
v -138.091022 -302.791129 20.012966
v -6.612727 -227.988696 243.219734
v -15.500662 -236.791314 234.235434
v -24.355313 -245.088744 224.751398
v -33.157790 -252.863283 214.787861
v -41.889311 -260.098345 204.366079
v -50.531250 -266.778493 193.508288
v -59.065168 -272.889477 182.237651
v -67.472859 -278.418258 170.578216
v -75.736385 -283.353041 158.554856
v -83.838115 -287.683297 146.193224
v -91.760766 -291.399789 133.519692
v -99.487435 -294.494586 120.561299
v -107.001636 -296.961087 107.345691
v -114.287339 -298.794030 93.901065
v -121.328999 -299.989502 80.256103
v -128.111593 -300.544955 66.439917
v -134.620652 -300.459203 52.481982
v -140.842287 -299.732429 38.412079
v -146.763226 -298.366184 24.260225
v -152.370836 -296.363382 10.056612
v -1.387158 -202.020619 265.264402
v -10.333777 -211.749237 257.358004
v -19.258136 -221.026093 248.902540
v -28.141195 -229.831395 239.916048
v -36.964002 -238.146358 230.417702
v -45.707735 -245.953242 220.427765
v -54.353737 -253.235391 209.967551
v -62.883564 -259.977269 199.059377
v -71.279017 -266.164492 187.726515
v -79.522185 -271.783860 175.993144
v -87.595480 -276.823384 163.884295
v -95.481680 -281.272313 151.425804
v -103.163959 -285.121154 138.644249
v -110.625927 -288.361696 125.566901
v -117.851664 -290.987027 112.221658
v -124.825754 -292.991544 98.636994
v -131.533318 -294.370971 84.841891
v -137.960046 -295.122365 70.865779
v -144.092226 -295.244124 56.738477
v -149.916776 -294.735986 42.490125
v -155.421269 -293.599037 28.151121
v -160.593961 -291.835702 13.752058
v -4.888271 -184.500243 277.695018
v -13.913636 -194.615189 270.385450
v -22.909104 -204.314928 262.499022
v -31.855482 -213.578767 254.052559
v -40.733684 -222.386941 245.064082
v -49.524768 -230.720658 235.552767
v -58.209979 -238.562138 225.538906
v -66.770788 -245.894652 215.043863
v -75.188929 -252.702557 204.090030
v -83.446443 -258.971327 192.700776
v -91.525713 -264.687588 180.900400
v -99.409502 -269.839145 168.714078
v -107.080990 -274.415008 156.167808
v -114.523810 -278.405413 143.288359
v -121.722083 -281.801847 130.103207
v -128.660452 -284.597064 116.640484
v -135.324114 -286.785101 102.928911
v -141.698852 -288.361289 88.997742
v -147.771065 -289.322266 74.876699
v -153.527800 -289.665981 60.595908
v -158.956774 -289.391701 46.185837
v -164.046404 -288.500011 31.677230
v -168.785832 -286.992814 17.101041
v -173.164946 -284.873326 2.488367
v -8.127180 -166.231948 288.927324
v -17.264713 -176.676340 282.247556
v -26.365199 -186.743797 274.965621
v -35.409223 -196.412841 267.097054
v -44.377488 -205.662843 258.658642
v -53.250862 -214.474069 249.668389
v -62.010413 -222.827720 240.145475
v -70.637453 -230.705974 230.110216
v -79.113577 -238.092023 219.584023
v -87.420701 -244.970108 208.589353
v -95.541101 -251.325556 197.149664
v -103.457453 -257.144808 185.289360
v -111.152869 -262.415447 173.033747
v -118.610929 -267.126230 160.408970
v -125.815723 -271.267106 147.441965
v -132.751878 -274.829241 134.160397
v -139.404598 -277.805035 120.592600
v -145.759688 -280.188138 106.767523
v -151.803590 -281.973468 92.714660
v -157.523410 -283.157214 78.463992
v -162.906944 -283.736852 64.045923
v -167.942707 -283.711145 49.491215
v -172.619956 -283.080147 34.830917
v -176.928711 -281.845205 20.096310
v -180.859779 -280.008953 5.318827
v -1.714431 -136.287976 304.305834
v -11.019910 -147.315974 298.921556
v -20.301665 -158.029677 292.899537
v -29.539894 -168.406227 286.252624
v -38.714886 -178.423487 278.994998
v -47.807068 -188.060086 271.142144
v -56.797042 -197.295463 262.710815
v -65.665627 -206.109915 253.719000
v -74.393903 -214.484637 244.185881
v -82.963248 -222.401761 234.131798
v -91.355380 -229.844397 223.578201
v -99.552394 -236.796666 212.547605
v -107.536803 -243.243736 201.063545
v -115.291571 -249.171851 189.150521
v -122.800154 -254.568364 176.833949
v -130.046533 -259.421763 164.140106
v -137.015247 -263.721691 151.096075
v -143.691430 -267.458977 137.729684
v -150.060837 -270.625645 124.069450
v -156.109880 -273.214941 110.144518
v -161.825653 -275.221340 95.984595
v -167.195963 -276.640561 81.619891
v -172.209350 -277.469576 67.081053
v -176.855120 -277.706617 52.399100
v -181.123361 -277.351179 37.605354
v -185.004966 -276.404018 22.731379
v -188.491655 -274.867157 7.808906
v -4.000738 -116.665843 312.333172
v -13.485988 -127.858649 307.648065
v -22.942253 -138.778673 302.306599
v -32.349359 -149.402616 296.320170
v -41.687234 -159.707812 289.701549
v -50.935957 -169.672275 282.464857
v -60.075796 -179.274747 274.625534
v -69.087252 -188.494742 266.200304
v -77.951098 -197.312587 257.207143
v -86.648425 -205.709471 247.665237
v -95.160676 -213.667479 237.594944
v -103.469691 -221.169634 227.017748
v -111.557742 -228.199928 215.956215
v -119.407575 -234.743364 204.433945
v -127.002441 -240.785981 192.475521
v -134.326138 -246.314887 180.106455
v -141.363040 -251.318287 167.353137
v -148.098134 -255.785505 154.242775
v -154.517051 -259.707012 140.803341
v -160.606097 -263.074441 127.063505
v -166.352280 -265.880607 113.052584
v -171.743342 -268.119524 98.800467
v -176.767780 -269.786414 84.337562
v -181.414876 -270.877723 69.694725
v -185.674714 -271.391120 54.903197
v -189.538206 -271.325512 39.994533
v -192.997111 -270.681037 25.000543
v -5.757161 -96.680328 319.058542
v -15.449254 -107.971602 315.087447
v -25.108172 -119.032521 310.444121
v -34.713310 -129.839488 305.138471
v -44.244174 -140.369445 299.181815
v -53.680432 -150.599928 292.586863
v -63.001950 -160.509109 285.367684
v -72.188841 -170.075849 277.539681
v -81.221507 -179.279736 269.119554
v -90.080675 -188.101135 260.125267
v -98.747445 -196.521224 250.576010
v -107.203326 -204.522041 240.492155
v -115.430278 -212.086515 229.895216
v -123.410750 -219.198508 218.807802
v -131.127715 -225.842846 207.253567
v -138.564708 -232.005355 195.257162
v -145.705864 -237.672886 182.844181
v -152.535947 -242.833348 170.041106
v -159.040386 -247.475732 156.875254
v -165.205302 -251.590132 143.374712
v -171.017543 -255.167772 129.568283
v -176.464710 -258.201017 115.485424
v -181.535181 -260.683398 101.156180
v -186.218137 -262.609617 86.611122
v -190.503589 -263.975565 71.881281
v -194.382393 -264.778328 56.998083
v -197.846273 -265.016193 41.993281
v -200.887840 -264.688653 26.898888
v -6.915279 -76.449257 324.478108
v -16.838628 -87.770914 321.230595
v -26.725839 -98.905314 317.297744
v -36.555818 -109.828702 312.687948
v -46.307592 -120.517774 307.411039
v -55.960358 -130.949724 301.478277
v -65.493519 -141.102296 294.902319
v -74.886739 -150.953830 287.697194
v -84.119977 -160.483308 279.878275
v -93.173533 -169.670399 271.462243
v -102.028093 -178.495502 262.467053
v -110.664765 -186.939790 252.911896
v -119.065123 -194.985247 242.817158
v -127.211245 -202.614708 232.204376
v -135.085753 -209.811895 221.096192
v -142.671845 -216.561454 209.516305
v -149.953337 -222.848985 197.489421
v -156.914693 -228.661074 185.041198
v -163.541064 -233.985319 172.198194
v -169.818310 -238.810364 158.987810
v -175.733040 -243.125912 145.438229
v -181.272634 -246.922758 131.578360
v -186.425275 -250.192800 117.437771
v -191.179969 -252.929062 103.046633
v -195.526572 -255.125707 88.435646
v -199.455810 -256.778047 73.635985
v -202.959302 -257.882559 58.679223
v -206.029572 -258.436884 43.597271
v -208.660069 -258.439841 28.422305
v -210.845183 -257.891423 13.186700
v -7.412805 -56.093558 328.598259
v -17.588845 -67.376242 326.078659
v -27.727145 -78.515181 322.863379
v -37.806077 -89.486610 318.959279
v -47.804138 -100.267121 314.374686
v -57.699996 -110.833715 309.119384
v -67.472540 -121.163848 303.204583
v -77.100919 -131.235481 296.642903
v -86.564592 -141.027127 289.448343
v -95.843368 -150.517895 281.636253
v -104.917452 -159.687536 273.223299
v -113.767483 -168.516489 264.227430
v -122.374581 -176.985916 254.667838
v -130.720383 -185.077748 244.564920
v -138.787083 -192.774721 233.940228
v -146.557471 -200.060415 222.816431
v -154.014969 -206.919285 211.217261
v -161.143667 -213.336698 199.167464
v -167.928355 -219.298962 186.692748
v -174.354560 -224.793358 173.819729
v -180.408570 -229.808163 160.575869
v -186.077469 -234.332678 146.989425
v -191.349164 -238.357251 133.089383
v -196.212407 -241.873294 118.905398
v -200.656823 -244.873307 104.467732
v -204.672929 -247.350889 89.807186
v -208.252157 -249.300755 74.955039
v -211.386871 -250.718743 59.942977
v -214.070384 -251.601830 44.803029
v -216.296969 -251.948131 29.567494
v -218.061877 -251.756906 14.268878
v -7.194238 -35.736340 331.435444
v -17.641124 -46.909906 329.642926
v -28.050159 -57.983392 327.147123
v -38.399137 -68.933171 323.953361
v -48.665977 -79.735883 320.068452
v -58.828777 -90.368481 315.500685
v -68.865854 -100.808279 310.259806
v -78.755794 -111.033006 304.356996
v -88.477497 -121.020847 297.804847
v -98.010222 -130.750493 290.617340
v -107.333631 -140.201186 282.809808
v -116.427834 -149.352764 274.398909
v -125.273428 -158.185701 265.402587
v -133.851540 -166.681153 255.840035
v -142.143871 -174.820996 245.731655
v -150.132727 -182.587862 235.099012
v -157.801067 -189.965182 223.964793
v -165.132528 -196.937215 212.352750
v -172.111470 -203.489089 200.287658
v -178.723003 -209.606823 187.795257
v -184.953022 -215.277367 174.902200
v -190.788235 -220.488623 161.635994
v -196.216193 -225.229471 148.024941
v -201.225315 -229.489798 134.098081
v -205.804915 -233.260515 119.885127
v -209.945223 -236.533576 105.416400
v -213.637404 -239.301999 90.722770
v -216.873582 -241.559877 75.835586
v -219.646852 -243.302394 60.786608
v -221.951298 -244.525831 45.607944
v -223.782003 -245.227578 30.331976
v -225.135062 -245.406139 14.991296
v -6.211446 -15.501940 333.015917
v -16.943790 -26.495947 331.944603
v -27.639772 -37.433426 330.165094
v -38.276571 -48.291042 327.681186
v -48.831495 -59.045630 324.498178
v -59.282025 -69.674246 320.622862
v -69.605865 -80.154214 316.063506
v -79.780989 -90.463175 310.829836
v -89.785689 -100.579134 304.933019
v -99.598620 -110.480511 298.385635
v -109.198847 -120.146181 291.201653
v -118.565888 -129.555522 283.396400
v -127.679758 -138.688459 274.986527
v -136.521013 -147.525508 265.989979
v -145.070791 -156.047815 256.425947
v -153.310850 -164.237199 246.314837
v -161.223612 -172.076186 235.678221
v -168.792194 -179.548053 224.538791
v -176.000448 -186.636860 212.920314
v -182.832997 -193.327481 200.847577
v -189.275263 -199.605643 188.346336
v -195.313502 -205.457951 175.443264
v -200.934831 -210.871921 162.165888
v -206.127257 -215.836000 148.542535
v -210.879703 -220.339599 134.602270
v -215.182029 -224.373109 120.374835
v -219.025057 -227.927925 105.890584
v -222.400587 -230.996463 91.180417
v -225.301417 -233.572175 76.275720
v -227.721360 -235.649567 61.208290
v -229.655251 -237.224207 46.010274
v -231.098966 -238.292736 30.714096
v -15.452827 -6.259173 333.014531
v -26.448283 -16.990029 331.943177
v -37.387099 -27.684637 330.163632
v -48.245938 -38.320180 327.679690
v -59.001631 -48.873968 324.496653
v -69.631233 -59.323485 320.621310
v -80.112065 -69.646437 316.061930
v -90.421767 -79.820800 310.828240
v -100.538343 -89.824867 304.931406
v -110.440210 -99.637296 298.384009
v -120.106242 -109.237150 291.200017
v -129.515817 -118.603950 283.394757
v -138.648859 -127.717712 274.984882
v -147.485885 -136.558991 265.988334
v -156.008040 -145.108925 256.424306
v -164.197143 -153.349273 246.313204
v -172.035722 -161.262454 235.676599
v -179.507054 -168.831586 224.537184
v -186.595199 -176.040520 212.918725
v -193.285034 -182.873876 200.846009
v -199.562288 -189.317075 188.344794
v -205.413567 -195.356372 175.441749
v -210.826388 -200.978880 162.164404
v -215.789203 -206.172605 148.541086
v -220.291424 -210.926467 134.600859
v -224.323446 -215.230322 120.373464
v -227.876666 -219.074989 105.889256
v -230.943504 -222.452265 91.179136
v -233.517416 -225.354944 76.274487
v -235.592912 -227.776835 61.207109
v -237.165562 -229.712770 46.009147
v -238.232013 -231.158618 30.713026
v -35.687137 -7.239168 331.431170
v -46.862001 -17.684646 329.638543
v -57.936673 -28.092395 327.142641
v -68.887525 -38.440209 323.948788
v -79.691194 -48.706012 320.063798
v -90.324631 -58.867903 315.495961
v -100.765149 -68.904199 310.255021
v -110.990474 -78.793491 304.352161
v -120.978790 -88.514679 297.799972
v -130.708788 -98.047023 290.612436
v -140.159708 -107.370186 282.804885
v -149.311389 -116.464277 274.393977
v -158.144303 -125.309895 265.397656
v -166.639608 -133.888168 255.835117
v -174.779178 -142.180794 245.726760
v -182.545647 -150.170080 235.094151
v -189.922447 -157.838983 223.959975
v -196.893839 -165.171140 212.347986
v -203.444950 -172.150909 200.282958
v -209.561803 -178.763398 187.790632
v -215.231347 -184.994501 174.897659
v -220.441488 -190.830922 161.631546
v -225.181109 -196.260210 148.020597
v -229.440099 -201.270782 134.093849
v -233.209371 -205.851949 119.881016
v -236.480883 -209.993935 105.412420
v -239.247657 -213.687905 90.718929
v -241.503788 -216.925977 75.831892
v -243.244463 -219.701243 60.783069
v -244.465970 -222.007782 45.604567
v -245.165701 -223.840673 30.328769
v -245.342164 -225.196006 14.988265
v -56.043962 -7.455107 328.590965
v -67.327794 -17.629832 326.071199
v -78.467771 -27.766945 322.855769
v -89.440126 -37.844817 318.951534
v -100.221449 -47.841948 314.366824
v -110.788739 -57.737010 309.111421
v -121.119450 -67.508891 303.196537
v -131.191543 -77.136744 296.634790
v -140.983529 -86.600027 289.440181
v -150.474517 -95.878552 281.628059
v -159.644258 -104.952522 273.215090
v -168.473189 -113.802578 264.219225
v -176.942473 -122.409840 254.659654
v -185.034041 -130.755944 244.556773
v -192.730631 -138.823083 233.932137
v -200.015822 -146.594046 222.808413
v -206.874071 -154.052255 211.209332
v -213.290746 -161.181798 199.159642
v -219.252157 -167.967463 186.685050
v -224.745586 -174.394774 173.812171
v -229.759313 -180.450018 160.568467
v -234.282641 -186.120277 146.982195
v -238.305919 -191.393453 133.082340
v -241.820565 -196.258296 118.898557
v -244.819079 -200.704427 104.461108
v -247.295065 -204.722360 89.800793
v -249.243240 -208.303523 74.948891
v -250.659447 -211.440277 59.937087
v -251.540666 -214.125927 44.797408
v -251.885016 -216.354746 29.562156
v -251.691762 -218.121977 14.263834
v -76.398967 -6.955146 324.467686
v -87.721626 -16.877284 321.219963
v -98.856919 -26.763415 317.286926
v -109.781090 -36.592447 312.676965
v -120.470833 -46.343410 307.399916
v -130.903340 -55.995501 301.467037
v -141.056356 -65.528126 294.890985
v -150.908218 -74.920949 287.685792
v -160.437908 -84.153930 279.866828
v -169.625095 -93.207370 271.450776
v -178.450177 -102.061956 262.455590
v -186.894327 -110.698794 252.900462
v -194.939530 -119.099460 242.805778
v -202.568621 -127.246030 232.193074
v -209.765323 -135.121124 221.084991
v -216.514284 -142.707940 209.505230
v -222.801103 -149.990293 197.478495
v -228.612368 -156.952645 185.030444
v -233.935682 -163.580143 172.187636
v -238.759686 -169.858647 158.977469
v -243.074090 -175.774761 145.428129
v -246.869688 -181.315865 131.568521
v -250.138382 -186.470136 117.428215
v -252.873199 -191.226578 103.037379
v -255.068305 -195.575043 88.426716
v -256.719015 -199.506254 73.627396
v -257.821809 -203.011823 58.670995
v -258.374333 -206.084272 43.589420
v -258.375409 -208.717045 28.414848
v -257.825034 -210.904526 13.179654
v -96.629052 -5.794807 319.044912
v -107.921184 -15.485802 315.073577
v -118.982855 -25.143758 310.430041
v -129.790466 -34.748071 305.124210
v -140.320960 -44.278249 299.167405
v -150.551868 -53.713961 292.572333
v -160.461365 -63.035076 285.353066
v -170.028309 -72.221707 277.525006
v -179.232288 -81.254255 269.104853
v -188.053666 -90.113449 260.110572
v -196.473623 -98.780388 250.561352
v -204.474196 -107.236582 240.477565
v -212.038314 -115.463989 229.880726
v -219.149841 -123.445057 218.793442
v -225.793604 -131.162758 207.239369
v -231.955429 -138.600626 195.243155
v -237.622170 -145.742794 182.830395
v -242.781737 -152.574023 170.027571
v -247.423121 -159.079740 156.861997
v -251.536422 -165.246064 143.361763
v -255.112862 -171.059840 129.555670
v -258.144813 -176.508664 115.473173
v -260.625805 -181.580911 101.144317
v -262.550545 -186.265760 86.599673
v -263.914927 -190.553216 71.870270
v -264.716039 -194.434132 56.987534
v -264.952174 -197.900227 41.983216
v -264.622827 -200.944107 26.889329
v -116.613294 -4.036396 312.316282
v -127.806821 -13.520670 307.630919
v -138.727461 -22.976099 302.289233
v -149.351917 -32.382508 296.302621
v -159.657521 -41.719831 289.683855
v -169.622286 -50.968145 282.447056
v -179.224953 -60.107719 274.607663
v -188.445035 -69.119056 266.182402
v -197.262861 -77.982929 257.189248
v -205.659619 -86.680427 247.647387
v -213.617393 -95.192995 237.577177
v -221.119207 -103.502471 227.000102
v -228.149056 -111.591127 215.938728
v -234.691941 -119.441707 204.416654
v -240.733904 -127.037460 192.458463
v -246.262053 -134.362183 180.089666
v -251.264596 -141.400247 167.336653
v -255.730858 -148.136637 154.226632
v -259.651313 -154.556982 140.787572
v -263.017594 -160.647583 127.048145
v -265.822521 -166.395447 113.037664
v -268.060109 -171.788310 98.786021
v -269.725584 -176.814668 84.323620
v -270.815393 -181.463796 69.681316
v -271.327211 -185.725776 54.890350
v -271.259947 -189.591514 39.982276
v -270.613743 -193.052764 24.988901
v -136.233880 -1.748350 304.285658
v -147.262466 -11.052983 298.901122
v -157.976658 -20.334034 292.878887
v -168.353597 -29.571704 286.231804
v -178.371144 -38.746282 278.974052
v -188.007929 -47.838197 271.121116
v -197.243389 -56.828050 262.689750
v -206.057823 -65.696662 253.697942
v -214.432424 -74.425112 244.164877
v -222.349326 -82.994777 234.110892
v -229.791638 -91.387376 223.557437
v -236.743482 -99.585002 212.527028
v -243.190027 -107.570165 201.043199
v -249.117519 -115.325831 189.130449
v -254.513311 -122.835452 176.814193
v -259.365892 -130.083007 164.120710
v -263.664910 -137.053033 151.077079
v -267.401192 -143.730659 137.711129
v -270.566768 -150.101640 124.051376
v -273.154882 -156.152384 110.126962
v -275.160014 -161.869980 95.967596
v -276.577887 -167.242230 81.603485
v -277.405474 -172.257674 67.065275
v -277.641010 -176.905610 52.383983
v -277.283993 -181.176123 37.590931
v -276.335185 -185.060101 22.717680
v -274.796609 -188.549259 7.795962
v -166.176507 -8.158915 288.903618
v -176.621268 -17.295884 282.223655
v -186.688997 -26.395952 274.941575
v -196.358218 -35.439706 267.072914
v -205.608300 -44.407849 258.634460
v -214.419508 -53.281250 249.644216
v -222.773045 -62.040977 240.121362
v -230.651087 -70.668340 230.086216
v -238.036829 -79.144935 219.560187
v -244.914511 -87.452676 208.565731
v -251.269461 -95.573839 197.126306
v -257.088121 -103.491097 185.266318
v -262.358077 -111.187560 173.011068
v -267.068085 -118.646808 160.386704
v -271.208097 -125.852925 147.420158
v -274.769280 -132.790538 134.139096
v -277.744037 -139.444846 120.571851
v -280.126021 -145.801652 106.747370
v -281.910149 -151.847394 92.695145
v -283.092616 -157.569174 78.445158
v -283.670899 -162.954784 64.027810
v -283.643764 -167.992734 49.473861
v -283.011270 -172.672276 34.814360
v -281.774764 -176.983426 20.080584
v -279.936886 -180.916986 5.303966
v -184.442632 -4.918952 277.668087
v -194.557835 -13.943896 270.358356
v -204.257740 -22.939092 262.471822
v -213.521654 -31.885347 254.025312
v -222.329811 -40.763576 245.036845
v -230.663420 -49.554837 235.525598
v -238.504701 -58.240374 225.511864
v -245.836926 -66.801657 215.017005
v -252.644450 -75.220420 204.063414
v -258.912750 -83.478702 192.674458
v -264.628454 -91.558884 180.874437
v -269.779366 -99.443728 168.688525
v -274.354497 -107.116412 156.142719
v -278.344087 -114.560565 143.263788
v -281.739623 -121.760306 130.079207
v -284.533862 -128.700275 116.617105
v -286.720842 -135.365665 102.906204
v -288.295897 -141.742256 88.975755
v -289.255667 -147.816443 74.855478
v -289.598104 -153.575268 60.575499
v -289.322477 -159.006444 46.166284
v -288.429375 -164.098384 31.658574
v -286.920703 -168.840224 17.083322
v -284.799680 -173.221848 2.471623
v -201.960618 -1.417075 265.234319
v -211.689392 -10.363421 257.327803
v -220.966318 -19.287657 248.872286
v -229.771605 -28.170744 239.885806
v -238.086467 -36.993728 230.387536
v -245.893164 -45.737788 220.397740
v -253.175041 -54.384267 209.937731
v -259.916562 -62.914719 199.029825
v -266.103344 -71.310943 187.697294
v -271.722189 -79.555028 175.964316
v -276.761108 -87.629384 163.855923
v -281.209351 -95.516785 151.397947
v -285.057427 -103.200404 138.616967
v -288.297128 -110.663847 125.540252
v -290.921541 -117.891191 112.195700
v -292.925067 -124.867018 98.611781
v -294.303431 -131.576444 84.817477
v -295.053693 -138.005156 70.842217
v -295.174253 -144.139436 56.715816
v -294.664852 -149.966199 42.468414
v -293.526579 -155.473013 28.130407
v -291.761860 -160.648130 13.732384
v -227.926172 -6.642057 243.186540
v -236.728776 -15.530019 234.202252
v -245.026111 -24.384848 224.718300
v -252.800476 -33.187653 214.754917
v -260.035284 -41.919652 204.333360
v -266.715101 -50.562218 193.475863
v -272.825674 -59.096909 182.205590
v -278.353968 -67.505520 170.546586
v -283.288187 -75.770109 158.523726
v -287.617804 -83.873044 146.162659
v -291.333584 -91.797038 133.489758
v -294.427597 -99.525186 120.532060
v -296.893243 -107.040999 107.317210
v -298.725261 -114.328443 93.873402
v -299.919744 -121.371971 80.229317
v -300.474142 -128.156554 66.414064
v -300.387273 -134.667719 52.457119
v -299.659323 -140.891573 38.388259
v -298.291843 -146.814839 24.237497
v -296.287752 -152.424880 10.035026
v -243.186260 -2.868773 227.998490
v -251.467327 -11.755498 218.530166
v -259.211683 -20.617143 208.595614
v -266.402803 -29.434802 198.216028
v -273.025347 -38.189663 187.413554
v -279.065184 -46.863046 176.211237
v -284.509430 -55.436449 164.632979
v -289.346469 -63.891580 152.703480
v -293.565982 -72.210399 140.448192
v -297.158966 -80.375160 127.893262
v -300.117755 -88.368442 115.065474
v -302.436037 -96.173193 101.992198
v -304.108867 -103.772760 88.701324
v -305.132675 -111.150931 75.221207
v -305.505277 -118.291964 61.580609
v -305.225878 -125.180624 47.808629
v -304.295074 -131.802215 33.934651
v -302.714851 -138.142609 19.988275
v -300.488580 -144.188279 5.999254
v -265.112902 -8.053477 201.933167
v -272.263809 -16.956748 191.598981
v -278.833636 -25.823843 180.856024
v -284.808365 -34.635844 169.727215
v -290.175249 -43.373949 158.236297
v -294.922838 -52.019518 146.407787
v -299.041004 -60.554104 134.266919
v -302.520960 -68.959500 121.839596
v -305.355282 -77.217772 109.152332
v -307.537924 -85.311302 96.232194
v -309.064227 -93.222823 83.106747
v -309.930937 -100.935455 69.803993
v -310.136204 -108.432744 56.352315
v -309.679589 -115.698695 42.780411
v -308.562068 -122.717805 29.117236
v -306.786025 -129.475100 15.391940
v -277.605613 -4.512510 184.496546
v -284.127392 -13.491535 173.817471
v -290.042780 -22.441776 162.767562
v -295.339155 -31.344138 151.370393
v -300.005219 -40.179629 139.650278
v -304.031016 -48.929397 127.632224
v -307.407957 -57.574775 115.341869
v -310.128838 -66.097320 102.805435
v -312.187854 -74.478847 90.049669
v -313.580612 -82.701475 77.101784
v -314.304140 -90.747663 63.989404
v -314.356895 -98.600242 50.740505
v -313.738764 -106.242460 37.383352
v -312.451067 -113.658013 23.946442
v -310.496550 -120.831079 10.458444
v -288.895153 -1.219439 166.313137
v -294.757096 -10.307246 155.347349
v -299.989969 -19.373063 144.050131
v -304.582608 -28.397548 132.445586
v -308.525214 -37.361447 120.558472
v -311.809376 -46.245637 108.414149
v -314.428087 -55.031163 96.038528
v -316.375761 -63.699282 83.458011
v -317.648242 -72.231499 70.699438
v -318.242816 -80.609613 57.790030
v -318.158213 -88.815748 44.757328
v -317.394614 -96.832397 31.629138
v -315.953649 -104.642456 18.433468
v -313.838392 -112.229263 5.198470
v -304.117619 -7.486644 136.291363
v -308.645092 -16.698787 124.809310
v -312.513865 -25.875304 113.060980
v -315.715685 -34.996616 101.071437
v -318.243720 -44.043264 88.866261
v -320.092577 -52.995947 76.471491
v -321.258311 -61.835564 63.913571
v -321.738435 -70.543256 51.219293
v -321.531926 -79.100447 38.415740
v -320.639223 -87.488878 25.530228
v -319.062231 -95.690655 12.590248
v -312.182120 -5.114864 116.762414
v -315.983446 -14.513046 105.168303
v -319.110540 -23.879830 93.349506
v -321.556743 -33.195184 81.331204
v -323.316850 -42.439188 69.139005
v -324.387117 -51.592075 56.798889
v -324.765276 -60.634274 44.337151
v -324.450529 -69.546452 31.780348
v -323.443561 -78.309553 19.155241
v -321.746532 -86.904843 6.488737
v -318.941100 -3.247683 96.860594
v -322.010234 -12.836125 85.205495
v -324.392154 -22.397181 73.368613
v -326.081779 -31.910453 61.375201
v -327.075504 -41.355646 49.250846
v -327.371207 -50.712607 37.021416
v -326.968260 -59.961374 24.713001
v -325.867521 -69.082214 12.351862
v -324.384845 -1.972638 76.716619
v -326.711644 -11.785866 65.076788
v -328.341198 -21.573950 53.298117
v -329.270032 -31.316007 41.405736
v -329.496164 -40.991251 29.425017
v -329.019110 -50.579042 17.381520
v -327.839889 -60.058924 5.300940
v -328.520920 -1.346445 56.446643
v -330.103618 -11.404889 44.891475
v -330.981835 -21.439001 33.240533
v -331.153698 -31.427373 21.518672
v -330.618839 -41.348696 9.750903
v -331.365222 -1.425288 36.173478
v -332.207206 -11.746014 24.772916
v -332.340221 -22.041680 13.319502
v -331.763984 -32.290320 1.837671
v -332.943491 -2.258033 16.021221
v -333.053164 -12.854494 4.845259
v 0.000000 0.000000 0.000000
vt 21.605220 50.265960 0.000000
vt 20.529396 51.612280 0.000000
vt 21.071873 50.082964 0.000000
vt 19.427851 50.326886 0.000000
vt 19.531609 50.082964 0.000000
vt 18.303889 49.096800 0.000000
vt 19.531609 48.553648 0.000000
vt 17.991345 48.553648 0.000000
vt 19.531609 47.024332 0.000000
vt 17.991345 47.024332 0.000000
vt 19.531609 45.495016 0.000000
vt 17.991345 45.495016 0.000000
vt 19.531609 43.965700 0.000000
vt 17.991345 43.965700 0.000000
vt 19.531609 42.436384 0.000000
vt 17.991345 42.436384 0.000000
vt 19.531609 40.907068 0.000000
vt 17.991345 40.907068 0.000000
vt 19.531609 39.377752 0.000000
vt 17.991345 39.377752 0.000000
vt 19.531609 37.848436 0.000000
vt 17.991345 37.848436 0.000000
vt 19.531609 36.319120 0.000000
vt 17.991345 36.319120 0.000000
vt 19.531609 34.789804 0.000000
vt 17.991345 34.789804 0.000000
vt 19.531609 33.260488 0.000000
vt 17.991345 33.260488 0.000000
vt 19.531609 31.731172 0.000000
vt 17.991345 31.731172 0.000000
vt 19.531609 30.201856 0.000000
vt 17.991345 30.201856 0.000000
vt 19.531609 28.672540 0.000000
vt 17.991345 28.672540 0.000000
vt 19.531609 27.143224 0.000000
vt 17.991345 27.143224 0.000000
vt 19.531609 25.613908 0.000000
vt 17.991345 25.613908 0.000000
vt 19.531609 24.084592 0.000000
vt 17.991345 24.084592 0.000000
vt 19.531609 22.555276 0.000000
vt 17.991345 22.555276 0.000000
vt 19.531609 21.025961 0.000000
vt 17.991345 21.025961 0.000000
vt 19.531609 19.496645 0.000000
vt 17.991345 19.496645 0.000000
vt 19.531609 17.967329 0.000000
vt 17.991345 17.967329 0.000000
vt 19.531609 16.438013 0.000000
vt 17.991345 16.438013 0.000000
vt 19.531609 14.908697 0.000000
vt 17.991345 14.908697 0.000000
vt 19.531609 13.379381 0.000000
vt 17.991345 13.379381 0.000000
vt 19.531609 11.850065 0.000000
vt 17.991345 11.850065 0.000000
vt 19.531609 10.320749 0.000000
vt 17.991345 10.320749 0.000000
vt 19.531609 8.791433 0.000000
vt 17.991345 8.791433 0.000000
vt 19.531609 7.262117 0.000000
vt 17.991345 7.262117 0.000000
vt 19.531609 5.732801 0.000000
vt 17.991345 5.732801 0.000000
vt 19.531609 4.203485 0.000000
vt 17.991345 4.203485 0.000000
vt 19.531609 2.674169 0.000000
vt 17.991345 2.674169 0.000000
vt 19.531609 1.144853 0.000000
vt 17.991345 1.144853 0.000000
vt 19.531609 -0.384463 0.000000
vt 17.991345 -0.384463 0.000000
vt 19.531609 -1.913779 0.000000
vt 17.991345 -1.913779 0.000000
vt 19.531609 -3.443095 0.000000
vt 17.991345 -3.443095 0.000000
vt 19.531609 -4.972411 0.000000
vt 17.991345 -4.972411 0.000000
vt 19.531609 -6.501727 0.000000
vt 17.991345 -6.501727 0.000000
vt 19.531609 -8.022698 0.000000
vt 17.991345 -8.024203 0.000000
vt 19.531609 -9.560359 0.000000
vt 17.991345 -9.560359 0.000000
vt 19.531609 -11.089675 0.000000
vt 17.991345 -11.089675 0.000000
vt 19.531609 -12.618991 0.000000
vt 17.991345 -12.618991 0.000000
vt 19.531609 -14.148307 0.000000
vt 17.991345 -14.148307 0.000000
vt 18.297556 -14.691888 0.000000
vt 17.154021 -13.512093 0.000000
vt 16.451081 -12.618991 0.000000
vt 16.451081 -11.089675 0.000000
vt 15.992783 -12.377519 0.000000
vt 14.910817 -11.089675 0.000000
vt 14.815856 -11.283594 0.000000
vt 13.625066 -10.226046 0.000000
vt 14.910817 -9.560359 0.000000
vt 13.370553 -9.560359 0.000000
vt 13.370553 -8.028718 0.000000
vt 12.422071 -9.200878 0.000000
vt 11.830289 -8.030222 0.000000
vt 11.208383 -8.204349 0.000000
vt 11.830289 -6.501727 0.000000
vt 10.290025 -6.501727 0.000000
vt 10.290025 -4.972411 0.000000
vt 8.754365 -6.283388 0.000000
vt 8.749761 -4.972411 0.000000
vt 7.516503 -5.352539 0.000000
vt 7.209497 -4.972411 0.000000
vt 6.272911 -4.437447 0.000000
vt 7.209497 -3.443095 0.000000
vt 5.669233 -3.443095 0.000000
vt 5.669233 -1.913779 0.000000
vt 5.024637 -3.535287 0.000000
vt 4.128969 -1.913779 0.000000
vt 3.772675 -2.643345 0.000000
vt 2.517981 -1.758991 0.000000
vt 4.128969 -0.384463 0.000000
vt 2.588705 -0.384463 0.000000
vt 2.588705 1.144853 0.000000
vt 1.048441 1.144853 0.000000
vt 1.048441 2.674169 0.000000
vt -0.491823 2.674169 0.000000
vt -0.491823 4.203485 0.000000
vt -2.032087 4.203485 0.000000
vt -2.032087 5.732801 0.000000
vt -3.572351 5.732801 0.000000
vt -3.572351 7.262117 0.000000
vt -5.112615 7.262117 0.000000
vt -5.112615 8.791433 0.000000
vt -6.652879 8.791433 0.000000
vt -6.652879 10.320749 0.000000
vt -8.193143 10.320749 0.000000
vt -8.193143 11.850065 0.000000
vt -9.733406 11.850065 0.000000
vt -9.733406 13.379381 0.000000
vt -11.273670 13.379381 0.000000
vt -11.273670 14.908697 0.000000
vt -12.813934 14.908697 0.000000
vt -12.813934 16.438013 0.000000
vt -14.354198 16.438013 0.000000
vt -14.354198 17.967329 0.000000
vt -15.894462 17.967329 0.000000
vt -15.894462 19.496645 0.000000
vt -17.434726 19.496645 0.000000
vt -17.146729 20.893975 0.000000
vt -18.290355 19.713946 0.000000
vt 17.159992 47.916834 0.000000
vt 16.451081 47.024332 0.000000
vt 15.998397 46.782110 0.000000
vt 16.451081 45.495016 0.000000
vt 14.910817 45.495016 0.000000
vt 16.451081 43.965700 0.000000
vt 14.910817 43.965700 0.000000
vt 16.451081 42.436384 0.000000
vt 14.910817 42.436384 0.000000
vt 16.451081 40.907068 0.000000
vt 14.910817 40.907068 0.000000
vt 16.451081 39.377752 0.000000
vt 14.910817 39.377752 0.000000
vt 16.451081 37.848436 0.000000
vt 14.910817 37.848436 0.000000
vt 16.451081 36.319120 0.000000
vt 14.910817 36.319120 0.000000
vt 16.451081 34.789804 0.000000
vt 14.910817 34.789804 0.000000
vt 16.451081 33.260488 0.000000
vt 14.910817 33.260488 0.000000
vt 16.451081 31.731172 0.000000
vt 14.910817 31.731172 0.000000
vt 16.451081 30.201856 0.000000
vt 14.910817 30.201856 0.000000
vt 16.451081 28.672540 0.000000
vt 14.910817 28.672540 0.000000
vt 16.451081 27.143224 0.000000
vt 14.910817 27.143224 0.000000
vt 16.451081 25.613908 0.000000
vt 14.910817 25.613908 0.000000
vt 16.451081 24.084592 0.000000
vt 14.910817 24.084592 0.000000
vt 16.451081 22.555276 0.000000
vt 14.910817 22.555276 0.000000
vt 16.451081 21.025961 0.000000
vt 14.910817 21.025961 0.000000
vt 16.451081 19.496645 0.000000
vt 14.910817 19.496645 0.000000
vt 16.451081 17.967329 0.000000
vt 14.910817 17.967329 0.000000
vt 16.451081 16.438013 0.000000
vt 14.910817 16.438013 0.000000
vt 16.451081 14.908697 0.000000
vt 14.910817 14.908697 0.000000
vt 16.451081 13.379381 0.000000
vt 14.910817 13.379381 0.000000
vt 16.451081 11.850065 0.000000
vt 14.910817 11.850065 0.000000
vt 16.451081 10.320749 0.000000
vt 14.910817 10.320749 0.000000
vt 16.451081 8.791433 0.000000
vt 14.910817 8.791433 0.000000
vt 16.451081 7.262117 0.000000
vt 14.910817 7.262117 0.000000
vt 16.451081 5.732801 0.000000
vt 14.910817 5.732801 0.000000
vt 16.451081 4.203485 0.000000
vt 14.910817 4.203485 0.000000
vt 16.451081 2.674169 0.000000
vt 14.910817 2.674169 0.000000
vt 16.451081 1.144853 0.000000
vt 14.910817 1.144853 0.000000
vt 16.451081 -0.384463 0.000000
vt 14.910817 -0.384463 0.000000
vt 16.451081 -1.913779 0.000000
vt 14.910817 -1.913779 0.000000
vt 16.451081 -3.443095 0.000000
vt 14.910817 -3.443095 0.000000
vt 16.451081 -4.972411 0.000000
vt 14.910817 -4.972411 0.000000
vt 16.451081 -6.501727 0.000000
vt 14.910817 -6.501727 0.000000
vt 16.451081 -8.025708 0.000000
vt 14.910817 -8.027213 0.000000
vt 16.451081 -9.560359 0.000000
vt 14.821119 45.688052 0.000000
vt 13.629985 44.630383 0.000000
vt 13.370553 43.965700 0.000000
vt 13.370553 42.436384 0.000000
vt 13.370553 40.907068 0.000000
vt 13.370553 39.377752 0.000000
vt 13.370553 37.848436 0.000000
vt 13.370553 36.319120 0.000000
vt 13.370553 34.789804 0.000000
vt 13.370553 33.260488 0.000000
vt 13.370553 31.731172 0.000000
vt 13.370553 30.201856 0.000000
vt 13.370553 28.672540 0.000000
vt 13.370553 27.143224 0.000000
vt 13.370553 25.613908 0.000000
vt 13.370553 24.084592 0.000000
vt 13.370553 22.555276 0.000000
vt 13.370553 21.025961 0.000000
vt 13.370553 19.496645 0.000000
vt 13.370553 17.967329 0.000000
vt 13.370553 16.438013 0.000000
vt 13.370553 14.908697 0.000000
vt 13.370553 13.379381 0.000000
vt 13.370553 11.850065 0.000000
vt 13.370553 10.320749 0.000000
vt 13.370553 8.791433 0.000000
vt 13.370553 7.262117 0.000000
vt 13.370553 5.732801 0.000000
vt 13.370553 4.203485 0.000000
vt 13.370553 2.674169 0.000000
vt 13.370553 1.144853 0.000000
vt 13.370553 -0.384463 0.000000
vt 13.370553 -1.913779 0.000000
vt 13.370553 -3.443095 0.000000
vt 13.370553 -4.972411 0.000000
vt 13.370553 -6.501727 0.000000
vt 12.426654 43.605101 0.000000
vt 11.830289 42.436384 0.000000
vt 11.212636 42.608464 0.000000
vt 11.830289 40.907068 0.000000
vt 10.290025 40.907068 0.000000
vt 11.830289 39.377752 0.000000
vt 10.290025 39.377752 0.000000
vt 11.830289 37.848436 0.000000
vt 10.290025 37.848436 0.000000
vt 11.830289 36.319120 0.000000
vt 10.290025 36.319120 0.000000
vt 11.830289 34.789804 0.000000
vt 10.290025 34.789804 0.000000
vt 11.830289 33.260488 0.000000
vt 10.290025 33.260488 0.000000
vt 11.830289 31.731172 0.000000
vt 10.290025 31.731172 0.000000
vt 11.830289 30.201856 0.000000
vt 10.290025 30.201856 0.000000
vt 11.830289 28.672540 0.000000
vt 10.290025 28.672540 0.000000
vt 11.830289 27.143224 0.000000
vt 10.290025 27.143224 0.000000
vt 11.830289 25.613908 0.000000
vt 10.290025 25.613908 0.000000
vt 11.830289 24.084592 0.000000
vt 10.290025 24.084592 0.000000
vt 11.830289 22.555276 0.000000
vt 10.290025 22.555276 0.000000
vt 11.830289 21.025961 0.000000
vt 10.290025 21.025961 0.000000
vt 11.830289 19.496645 0.000000
vt 10.290025 19.496645 0.000000
vt 11.830289 17.967329 0.000000
vt 10.290025 17.967329 0.000000
vt 11.830289 16.438013 0.000000
vt 10.290025 16.438013 0.000000
vt 11.830289 14.908697 0.000000
vt 10.290025 14.908697 0.000000
vt 11.830289 13.379381 0.000000
vt 10.290025 13.379381 0.000000
vt 11.830289 11.850065 0.000000
vt 10.290025 11.850065 0.000000
vt 11.830289 10.320749 0.000000
vt 10.290025 10.320749 0.000000
vt 11.830289 8.791433 0.000000
vt 10.290025 8.791433 0.000000
vt 11.830289 7.262117 0.000000
vt 10.290025 7.262117 0.000000
vt 11.830289 5.732801 0.000000
vt 10.290025 5.732801 0.000000
vt 11.830289 4.203485 0.000000
vt 10.290025 4.203485 0.000000
vt 11.830289 2.674169 0.000000
vt 10.290025 2.674169 0.000000
vt 11.830289 1.144853 0.000000
vt 10.290025 1.144853 0.000000
vt 11.830289 -0.384463 0.000000
vt 10.290025 -0.384463 0.000000
vt 11.830289 -1.913779 0.000000
vt 10.290025 -1.913779 0.000000
vt 11.830289 -3.443095 0.000000
vt 10.290025 -3.443095 0.000000
vt 11.830289 -4.972411 0.000000
vt 9.989320 41.636961 0.000000
vt 8.757986 40.687290 0.000000
vt 8.749761 39.377752 0.000000
vt 8.749761 37.848436 0.000000
vt 8.749761 36.319120 0.000000
vt 8.749761 34.789804 0.000000
vt 8.749761 33.260488 0.000000
vt 8.749761 31.731172 0.000000
vt 8.749761 30.201856 0.000000
vt 8.749761 28.672540 0.000000
vt 8.749761 27.143224 0.000000
vt 8.749761 25.613908 0.000000
vt 8.749761 24.084592 0.000000
vt 8.749761 22.555276 0.000000
vt 8.749761 21.025961 0.000000
vt 8.749761 19.496645 0.000000
vt 8.749761 17.967329 0.000000
vt 8.749761 16.438013 0.000000
vt 8.749761 14.908697 0.000000
vt 8.749761 13.379381 0.000000
vt 8.749761 11.850065 0.000000
vt 8.749761 10.320749 0.000000
vt 8.749761 8.791433 0.000000
vt 8.749761 7.262117 0.000000
vt 8.749761 5.732801 0.000000
vt 8.749761 4.203485 0.000000
vt 8.749761 2.674169 0.000000
vt 8.749761 1.144853 0.000000
vt 8.749761 -0.384463 0.000000
vt 8.749761 -1.913779 0.000000
vt 8.749761 -3.443095 0.000000
vt 7.519819 39.756332 0.000000
vt 7.209497 39.377752 0.000000
vt 7.209497 37.848436 0.000000
vt 7.209497 36.319120 0.000000
vt 7.209497 34.789804 0.000000
vt 7.209497 33.260488 0.000000
vt 7.209497 31.731172 0.000000
vt 7.209497 30.201856 0.000000
vt 7.209497 28.672540 0.000000
vt 7.209497 27.143224 0.000000
vt 7.209497 25.613908 0.000000
vt 7.209497 24.084592 0.000000
vt 7.209497 22.555276 0.000000
vt 7.209497 21.025961 0.000000
vt 7.209497 19.496645 0.000000
vt 7.209497 17.967329 0.000000
vt 7.209497 16.438013 0.000000
vt 7.209497 14.908697 0.000000
vt 7.209497 13.379381 0.000000
vt 7.209497 11.850065 0.000000
vt 7.209497 10.320749 0.000000
vt 7.209497 8.791433 0.000000
vt 7.209497 7.262117 0.000000
vt 7.209497 5.732801 0.000000
vt 7.209497 4.203485 0.000000
vt 7.209497 2.674169 0.000000
vt 7.209497 1.144853 0.000000
vt 7.209497 -0.384463 0.000000
vt 7.209497 -1.913779 0.000000
vt 6.275933 38.841126 0.000000
vt 5.669233 37.848436 0.000000
vt 5.027372 37.938847 0.000000
vt 5.669233 36.319120 0.000000
vt 4.128969 36.319120 0.000000
vt 5.669233 34.789804 0.000000
vt 4.128969 34.789804 0.000000
vt 5.669233 33.260488 0.000000
vt 4.128969 33.260488 0.000000
vt 5.669233 31.731172 0.000000
vt 4.128969 31.731172 0.000000
vt 5.669233 30.201856 0.000000
vt 4.128969 30.201856 0.000000
vt 5.669233 28.672540 0.000000
vt 4.128969 28.672540 0.000000
vt 5.669233 27.143224 0.000000
vt 4.128969 27.143224 0.000000
vt 5.669233 25.613908 0.000000
vt 4.128969 25.613908 0.000000
vt 5.669233 24.084592 0.000000
vt 4.128969 24.084592 0.000000
vt 5.669233 22.555276 0.000000
vt 4.128969 22.555276 0.000000
vt 5.669233 21.025961 0.000000
vt 4.128969 21.025961 0.000000
vt 5.669233 19.496645 0.000000
vt 4.128969 19.496645 0.000000
vt 5.669233 17.967329 0.000000
vt 4.128969 17.967329 0.000000
vt 5.669233 16.438013 0.000000
vt 4.128969 16.438013 0.000000
vt 5.669233 14.908697 0.000000
vt 4.128969 14.908697 0.000000
vt 5.669233 13.379381 0.000000
vt 4.128969 13.379381 0.000000
vt 5.669233 11.850065 0.000000
vt 4.128969 11.850065 0.000000
vt 5.669233 10.320749 0.000000
vt 4.128969 10.320749 0.000000
vt 5.669233 8.791433 0.000000
vt 4.128969 8.791433 0.000000
vt 5.669233 7.262117 0.000000
vt 4.128969 7.262117 0.000000
vt 5.669233 5.732801 0.000000
vt 4.128969 5.732801 0.000000
vt 5.669233 4.203485 0.000000
vt 4.128969 4.203485 0.000000
vt 5.669233 2.674169 0.000000
vt 4.128969 2.674169 0.000000
vt 5.669233 1.144853 0.000000
vt 4.128969 1.144853 0.000000
vt 5.669233 -0.384463 0.000000
vt 3.775134 37.046776 0.000000
vt 2.520174 36.162286 0.000000
vt 2.588705 34.789804 0.000000
vt 2.588705 33.260488 0.000000
vt 2.588705 31.731172 0.000000
vt 2.588705 30.201856 0.000000
vt 2.588705 28.672540 0.000000
vt 2.588705 27.143224 0.000000
vt 2.588705 25.613908 0.000000
vt 2.588705 24.084592 0.000000
vt 2.588705 22.555276 0.000000
vt 2.588705 21.025961 0.000000
vt 2.588705 19.496645 0.000000
vt 2.588705 17.967329 0.000000
vt 2.588705 16.438013 0.000000
vt 2.588705 14.908697 0.000000
vt 2.588705 13.379381 0.000000
vt 2.588705 11.850065 0.000000
vt 2.588705 10.320749 0.000000
vt 2.588705 8.791433 0.000000
vt 2.588705 7.262117 0.000000
vt 2.588705 5.732801 0.000000
vt 2.588705 4.203485 0.000000
vt 2.588705 2.674169 0.000000
vt 1.263418 35.282811 0.000000
vt 1.048441 34.789804 0.000000
vt 1.048441 33.260488 0.000000
vt 1.048441 31.731172 0.000000
vt 1.048441 30.201856 0.000000
vt 1.048441 28.672540 0.000000
vt 1.048441 27.143224 0.000000
vt 1.048441 25.613908 0.000000
vt 1.048441 24.084592 0.000000
vt 1.048441 22.555276 0.000000
vt 1.048441 21.025961 0.000000
vt 1.048441 19.496645 0.000000
vt 1.048441 17.967329 0.000000
vt 1.048441 16.438013 0.000000
vt 1.048441 14.908697 0.000000
vt 1.048441 13.379381 0.000000
vt 1.048441 11.850065 0.000000
vt 1.048441 10.320749 0.000000
vt 1.048441 8.791433 0.000000
vt 1.048441 7.262117 0.000000
vt 1.048441 5.732801 0.000000
vt 1.048441 4.203485 0.000000
vt 0.005774 34.405831 0.000000
vt -0.491823 33.260488 0.000000
vt -1.251863 33.528844 0.000000
vt -0.491823 31.731172 0.000000
vt -2.032087 31.731172 0.000000
vt -0.491823 30.201856 0.000000
vt -2.032087 30.201856 0.000000
vt -0.491823 28.672540 0.000000
vt -2.032087 28.672540 0.000000
vt -0.491823 27.143224 0.000000
vt -2.032087 27.143224 0.000000
vt -0.491823 25.613908 0.000000
vt -2.032087 25.613908 0.000000
vt -0.491823 24.084592 0.000000
vt -2.032087 24.084592 0.000000
vt -0.491823 22.555276 0.000000
vt -2.032087 22.555276 0.000000
vt -0.491823 21.025961 0.000000
vt -2.032087 21.025961 0.000000
vt -0.491823 19.496645 0.000000
vt -2.032087 19.496645 0.000000
vt -0.491823 17.967329 0.000000
vt -2.032087 17.967329 0.000000
vt -0.491823 16.438013 0.000000
vt -2.032087 16.438013 0.000000
vt -0.491823 14.908697 0.000000
vt -2.032087 14.908697 0.000000
vt -0.491823 13.379381 0.000000
vt -2.032087 13.379381 0.000000
vt -0.491823 11.850065 0.000000
vt -2.032087 11.850065 0.000000
vt -0.491823 10.320749 0.000000
vt -2.032087 10.320749 0.000000
vt -0.491823 8.791433 0.000000
vt -2.032087 8.791433 0.000000
vt -0.491823 7.262117 0.000000
vt -2.032087 7.262117 0.000000
vt -0.491823 5.732801 0.000000
vt -2.508594 32.649353 0.000000
vt -3.572351 31.731172 0.000000
vt -3.572351 30.201856 0.000000
vt -3.572351 28.672540 0.000000
vt -3.572351 27.143224 0.000000
vt -3.572351 25.613908 0.000000
vt -3.572351 24.084592 0.000000
vt -3.572351 22.555276 0.000000
vt -3.572351 21.025961 0.000000
vt -3.572351 19.496645 0.000000
vt -3.572351 17.967329 0.000000
vt -3.572351 16.438013 0.000000
vt -3.572351 14.908697 0.000000
vt -3.572351 13.379381 0.000000
vt -3.572351 11.850065 0.000000
vt -3.572351 10.320749 0.000000
vt -3.572351 8.791433 0.000000
vt -3.763513 31.764834 0.000000
vt -5.015693 30.872724 0.000000
vt -5.112615 30.201856 0.000000
vt -5.112615 28.672540 0.000000
vt -5.112615 27.143224 0.000000
vt -5.112615 25.613908 0.000000
vt -5.112615 24.084592 0.000000
vt -5.112615 22.555276 0.000000
vt -5.112615 21.025961 0.000000
vt -5.112615 19.496645 0.000000
vt -5.112615 17.967329 0.000000
vt -5.112615 16.438013 0.000000
vt -5.112615 14.908697 0.000000
vt -5.112615 13.379381 0.000000
vt -5.112615 11.850065 0.000000
vt -5.112615 10.320749 0.000000
vt -6.264178 29.970395 0.000000
vt -6.652879 28.672540 0.000000
vt -7.507973 29.055130 0.000000
vt -6.652879 27.143224 0.000000
vt -8.193143 27.143224 0.000000
vt -6.652879 25.613908 0.000000
vt -8.193143 25.613908 0.000000
vt -6.652879 24.084592 0.000000
vt -8.193143 24.084592 0.000000
vt -6.652879 22.555276 0.000000
vt -8.193143 22.555276 0.000000
vt -6.652879 21.025961 0.000000
vt -8.193143 21.025961 0.000000
vt -6.652879 19.496645 0.000000
vt -8.193143 19.496645 0.000000
vt -6.652879 17.967329 0.000000
vt -8.193143 17.967329 0.000000
vt -6.652879 16.438013 0.000000
vt -8.193143 16.438013 0.000000
vt -6.652879 14.908697 0.000000
vt -8.193143 14.908697 0.000000
vt -6.652879 13.379381 0.000000
vt -8.193143 13.379381 0.000000
vt -6.652879 11.850065 0.000000
vt -8.746029 28.124104 0.000000
vt -9.733406 27.143224 0.000000
vt -9.733406 25.613908 0.000000
vt -9.733406 24.084592 0.000000
vt -9.733406 22.555276 0.000000
vt -9.733406 21.025961 0.000000
vt -9.733406 19.496645 0.000000
vt -9.733406 17.967329 0.000000
vt -9.733406 16.438013 0.000000
vt -9.733406 14.908697 0.000000
vt -9.977236 27.174357 0.000000
vt -11.200405 26.202772 0.000000
vt -11.273670 25.613908 0.000000
vt -11.273670 24.084592 0.000000
vt -11.273670 22.555276 0.000000
vt -11.273670 21.025961 0.000000
vt -11.273670 19.496645 0.000000
vt -11.273670 17.967329 0.000000
vt -11.273670 16.438013 0.000000
vt -12.414256 25.206047 0.000000
vt -12.813934 24.084592 0.000000
vt -13.617403 24.180677 0.000000
vt -12.813934 22.555276 0.000000
vt -14.354198 22.555276 0.000000
vt -12.813934 21.025961 0.000000
vt -14.354198 21.025961 0.000000
vt -12.813934 19.496645 0.000000
vt -14.354198 19.496645 0.000000
vt -12.813934 17.967329 0.000000
vt -14.808331 23.122918 0.000000
vt -15.985381 22.028776 0.000000
vt -15.894462 21.025961 0.000000
vt -19.414024 18.483815 0.000000
vt -18.974990 17.967329 0.000000
vt -17.434726 17.967329 0.000000
vt -20.515254 17.198405 0.000000
vt -18.974990 16.438013 0.000000
vt -17.434726 16.438013 0.000000
vt -18.290193 14.684072 0.000000
vt -17.434726 14.908697 0.000000
vt -17.146537 13.504586 0.000000
vt -15.894462 14.908697 0.000000
vt -15.894462 13.379381 0.000000
vt -14.354198 13.379381 0.000000
vt -15.985190 12.370290 0.000000
vt -14.354198 11.850065 0.000000
vt -14.808167 11.276615 0.000000
vt -13.617293 10.219290 0.000000
vt -19.413925 15.913619 0.000000
vt -12.414224 9.194319 0.000000
vt -12.813934 10.320749 0.000000
vt -12.813934 11.850065 0.000000
vt -11.200471 8.197965 0.000000
vt -11.273670 8.791433 0.000000
vt -11.273670 10.320749 0.000000
vt -9.733406 8.791433 0.000000
vt -9.977419 7.226720 0.000000
vt -9.733406 7.262117 0.000000
vt -8.746349 6.277287 0.000000
vt -8.193143 7.262117 0.000000
vt -7.508446 5.346550 0.000000
vt -6.652879 5.732801 0.000000
vt -6.264820 4.431551 0.000000
vt -5.112615 5.732801 0.000000
vt -5.112615 4.203485 0.000000
vt -3.572351 4.203485 0.000000
vt -5.016519 3.529466 0.000000
vt -3.764536 2.637581 0.000000
vt -3.572351 2.674169 0.000000
vt -2.509828 1.753269 0.000000
vt -2.032087 2.674169 0.000000
vt -1.253320 0.873967 0.000000
vt -0.491823 1.144853 0.000000
vt 0.004082 -0.002845 0.000000
vt 1.048441 -0.384463 0.000000
vt 1.261482 -0.879665 0.000000
vt 9.985388 -7.232952 0.000000
vt 19.531609 -15.677623 0.000000
vt 19.421151 -15.921776 0.000000
vt 20.522326 -17.206939 0.000000
vt 21.071873 -15.677623 0.000000
vt 21.598322 -15.861032 0.000000
vt 21.071873 -14.148307 0.000000
vt 22.646074 -14.448656 0.000000
vt 22.612137 -14.148307 0.000000
vt 23.662173 -12.963898 0.000000
vt 22.612137 -12.618991 0.000000
vt 22.612137 -11.089675 0.000000
vt 21.071873 -11.089675 0.000000
vt 21.071873 -9.560359 0.000000
vt 24.152401 -11.089675 0.000000
vt 24.642845 -11.400759 0.000000
vt 25.583920 -9.753310 0.000000
vt 26.480819 -8.015909 0.000000
vt 25.692665 -8.016679 0.000000
vt 24.152401 -9.560359 0.000000
vt 22.612137 -9.560359 0.000000
vt 25.692665 -6.501727 0.000000
vt 27.328554 -6.183487 0.000000
vt 25.692665 -4.972411 0.000000
vt 27.232928 -4.972411 0.000000
vt 25.692665 -3.443095 0.000000
vt 27.232928 -3.443095 0.000000
vt 25.692665 -1.913779 0.000000
vt 27.232928 -1.913779 0.000000
vt 25.692665 -0.384463 0.000000
vt 27.232928 -0.384463 0.000000
vt 25.692665 1.144853 0.000000
vt 27.232928 1.144853 0.000000
vt 25.692665 2.674169 0.000000
vt 27.232928 2.674169 0.000000
vt 25.692665 4.203485 0.000000
vt 27.232928 4.203485 0.000000
vt 25.692665 5.732801 0.000000
vt 27.232928 5.732801 0.000000
vt 25.692665 7.262117 0.000000
vt 27.232928 7.262117 0.000000
vt 25.692665 8.791433 0.000000
vt 27.232928 8.791433 0.000000
vt 25.692665 10.320749 0.000000
vt 27.232928 10.320749 0.000000
vt 25.692665 11.850065 0.000000
vt 27.232928 11.850065 0.000000
vt 25.692665 13.379381 0.000000
vt 27.232928 13.379381 0.000000
vt 25.692665 14.908697 0.000000
vt 27.232928 14.908697 0.000000
vt 25.692665 16.438013 0.000000
vt 27.232928 16.438013 0.000000
vt 25.692665 17.967329 0.000000
vt 27.232928 17.967329 0.000000
vt 25.692665 19.496645 0.000000
vt 27.232928 19.496645 0.000000
vt 25.692665 21.025961 0.000000
vt 27.232928 21.025961 0.000000
vt 25.692665 22.555276 0.000000
vt 27.232928 22.555276 0.000000
vt 25.692665 24.084592 0.000000
vt 27.232928 24.084592 0.000000
vt 25.692665 25.613908 0.000000
vt 27.232928 25.613908 0.000000
vt 25.692665 27.143224 0.000000
vt 27.232928 27.143224 0.000000
vt 25.692665 28.672540 0.000000
vt 27.232928 28.672540 0.000000
vt 25.692665 30.201856 0.000000
vt 27.232928 30.201856 0.000000
vt 25.692665 31.731172 0.000000
vt 27.232928 31.731172 0.000000
vt 25.692665 33.260488 0.000000
vt 27.232928 33.260488 0.000000
vt 25.692665 34.789804 0.000000
vt 27.232928 34.789804 0.000000
vt 25.692665 36.319120 0.000000
vt 27.232928 36.319120 0.000000
vt 25.692665 37.848436 0.000000
vt 27.232928 37.848436 0.000000
vt 25.692665 39.377752 0.000000
vt 27.232928 39.377752 0.000000
vt 27.333886 40.585147 0.000000
vt 28.126704 38.652923 0.000000
vt 28.859214 36.618807 0.000000
vt 28.773192 36.319120 0.000000
vt 28.773192 34.789804 0.000000
vt 29.525429 34.481990 0.000000
vt 28.773192 33.260488 0.000000
vt 30.119229 32.244123 0.000000
vt 28.773192 31.731172 0.000000
vt 30.313456 30.201856 0.000000
vt 28.773192 30.201856 0.000000
vt 30.313456 28.672540 0.000000
vt 28.773192 28.672540 0.000000
vt 30.313456 27.143224 0.000000
vt 28.773192 27.143224 0.000000
vt 30.313456 25.613908 0.000000
vt 28.773192 25.613908 0.000000
vt 30.313456 24.084592 0.000000
vt 28.773192 24.084592 0.000000
vt 30.313456 22.555276 0.000000
vt 28.773192 22.555276 0.000000
vt 30.313456 21.025961 0.000000
vt 28.773192 21.025961 0.000000
vt 30.313456 19.496645 0.000000
vt 28.773192 19.496645 0.000000
vt 30.313456 17.967329 0.000000
vt 28.773192 17.967329 0.000000
vt 30.313456 16.438013 0.000000
vt 28.773192 16.438013 0.000000
vt 30.313456 14.908697 0.000000
vt 28.773192 14.908697 0.000000
vt 30.313456 13.379381 0.000000
vt 28.773192 13.379381 0.000000
vt 30.313456 11.850065 0.000000
vt 28.773192 11.850065 0.000000
vt 30.313456 10.320749 0.000000
vt 28.773192 10.320749 0.000000
vt 30.313456 8.791433 0.000000
vt 28.773192 8.791433 0.000000
vt 30.313456 7.262117 0.000000
vt 28.773192 7.262117 0.000000
vt 30.313456 5.732801 0.000000
vt 28.773192 5.732801 0.000000
vt 30.313456 4.203485 0.000000
vt 28.773192 4.203485 0.000000
vt 28.773192 2.674169 0.000000
vt 28.121744 -4.251917 0.000000
vt 28.854665 -2.218468 0.000000
vt 28.773192 -1.913779 0.000000
vt 29.521330 -0.082315 0.000000
vt 28.773192 -0.384463 0.000000
vt 28.773192 1.144853 0.000000
vt 30.115620 2.154907 0.000000
vt 30.631453 4.488577 0.000000
vt 31.063008 6.910657 0.000000
vt 31.404977 9.409460 0.000000
vt 31.652844 11.969712 0.000000
vt 31.803152 14.572968 0.000000
vt 31.853720 17.198404 0.000000
vt 31.803803 19.823911 0.000000
vt 31.654138 22.427381 0.000000
vt 31.406894 24.987974 0.000000
vt 31.065522 27.487230 0.000000
vt 30.634533 29.909849 0.000000
vt 25.692665 40.907068 0.000000
vt 26.486488 42.418201 0.000000
vt 25.692665 42.436384 0.000000
vt 25.589891 44.156204 0.000000
vt 24.152401 43.965700 0.000000
vt 24.152401 45.495016 0.000000
vt 22.612137 45.495016 0.000000
vt 23.668659 47.367886 0.000000
vt 22.612137 47.024332 0.000000
vt 22.612137 48.553648 0.000000
vt 21.071873 48.553648 0.000000
vt 22.652777 48.853134 0.000000
vt 24.649088 45.804219 0.000000
vt 21.071873 47.024332 0.000000
vt 21.071873 45.495016 0.000000
vt 21.071873 43.965700 0.000000
vt 21.071873 42.436384 0.000000
vt 21.071873 40.907068 0.000000
vt 21.071873 39.377752 0.000000
vt 21.071873 37.848436 0.000000
vt 21.071873 36.319120 0.000000
vt 21.071873 34.789804 0.000000
vt 21.071873 33.260488 0.000000
vt 21.071873 31.731172 0.000000
vt 21.071873 30.201856 0.000000
vt 21.071873 28.672540 0.000000
vt 21.071873 27.143224 0.000000
vt 21.071873 25.613908 0.000000
vt 21.071873 24.084592 0.000000
vt 21.071873 22.555276 0.000000
vt 21.071873 21.025961 0.000000
vt 21.071873 19.496645 0.000000
vt 21.071873 17.967329 0.000000
vt 21.071873 16.438013 0.000000
vt 21.071873 14.908697 0.000000
vt 21.071873 13.379381 0.000000
vt 21.071873 11.850065 0.000000
vt 21.071873 10.320749 0.000000
vt 21.071873 8.791433 0.000000
vt 21.071873 7.262117 0.000000
vt 21.071873 5.732801 0.000000
vt 21.071873 4.203485 0.000000
vt 21.071873 2.674169 0.000000
vt 21.071873 1.144853 0.000000
vt 21.071873 -0.384463 0.000000
vt 21.071873 -1.913779 0.000000
vt 21.071873 -3.443095 0.000000
vt 21.071873 -4.972411 0.000000
vt 21.071873 -6.501727 0.000000
vt 21.071873 -8.021194 0.000000
vt 22.612137 43.965700 0.000000
vt 24.152401 42.436384 0.000000
vt 22.612137 42.436384 0.000000
vt 22.612137 40.907068 0.000000
vt 22.612137 39.377752 0.000000
vt 22.612137 37.848436 0.000000
vt 22.612137 36.319120 0.000000
vt 22.612137 34.789804 0.000000
vt 22.612137 33.260488 0.000000
vt 22.612137 31.731172 0.000000
vt 22.612137 30.201856 0.000000
vt 22.612137 28.672540 0.000000
vt 22.612137 27.143224 0.000000
vt 22.612137 25.613908 0.000000
vt 22.612137 24.084592 0.000000
vt 22.612137 22.555276 0.000000
vt 22.612137 21.025961 0.000000
vt 22.612137 19.496645 0.000000
vt 22.612137 17.967329 0.000000
vt 22.612137 16.438013 0.000000
vt 22.612137 14.908697 0.000000
vt 22.612137 13.379381 0.000000
vt 22.612137 11.850065 0.000000
vt 22.612137 10.320749 0.000000
vt 22.612137 8.791433 0.000000
vt 22.612137 7.262117 0.000000
vt 22.612137 5.732801 0.000000
vt 22.612137 4.203485 0.000000
vt 22.612137 2.674169 0.000000
vt 22.612137 1.144853 0.000000
vt 22.612137 -0.384463 0.000000
vt 22.612137 -1.913779 0.000000
vt 22.612137 -3.443095 0.000000
vt 22.612137 -4.972411 0.000000
vt 22.612137 -6.501727 0.000000
vt 22.612137 -8.019689 0.000000
vt 24.152401 40.907068 0.000000
vt 24.152401 39.377752 0.000000
vt 24.152401 37.848436 0.000000
vt 24.152401 36.319120 0.000000
vt 24.152401 34.789804 0.000000
vt 24.152401 33.260488 0.000000
vt 24.152401 31.731172 0.000000
vt 24.152401 30.201856 0.000000
vt 24.152401 28.672540 0.000000
vt 24.152401 27.143224 0.000000
vt 24.152401 25.613908 0.000000
vt 24.152401 24.084592 0.000000
vt 24.152401 22.555276 0.000000
vt 24.152401 21.025961 0.000000
vt 24.152401 19.496645 0.000000
vt 24.152401 17.967329 0.000000
vt 24.152401 16.438013 0.000000
vt 24.152401 14.908697 0.000000
vt 24.152401 13.379381 0.000000
vt 24.152401 11.850065 0.000000
vt 24.152401 10.320749 0.000000
vt 24.152401 8.791433 0.000000
vt 24.152401 7.262117 0.000000
vt 24.152401 5.732801 0.000000
vt 24.152401 4.203485 0.000000
vt 24.152401 2.674169 0.000000
vt 24.152401 1.144853 0.000000
vt 24.152401 -0.384463 0.000000
vt 24.152401 -1.913779 0.000000
vt 24.152401 -3.443095 0.000000
vt 24.152401 -4.972411 0.000000
vt 24.152401 -6.501727 0.000000
vt 24.152401 -8.018184 0.000000
vt -15.894462 16.438013 0.000000
vt -14.354198 14.908697 0.000000
vt -12.813934 13.379381 0.000000
vt -11.273670 11.850065 0.000000
vt -9.733406 10.320749 0.000000
vt -8.193143 8.791433 0.000000
vt -6.652879 7.262117 0.000000
vt 21.071873 -12.618991 0.000000
vt 0.010000 -36.671916 0.000000
vt 1.549619 -36.635889 0.000000
vt 0.010000 -3.328291 0.000000
vt 3.085933 -36.528810 0.000000
vt 4.615664 -36.350906 0.000000
vt 6.135548 -36.102557 0.000000
vt 7.642344 -35.784292 0.000000
vt 9.132837 -35.396791 0.000000
vt 10.603848 -34.940881 0.000000
vt 12.052238 -34.417534 0.000000
vt 13.474917 -33.827865 0.000000
vt 14.868852 -33.173134 0.000000
vt 16.231068 -32.454737 0.000000
vt 17.558659 -31.674207 0.000000
vt 18.848793 -30.833208 0.000000
vt 20.098718 -29.933534 0.000000
vt 21.305768 -28.977105 0.000000
vt 22.467368 -27.965961 0.000000
vt 23.581040 -26.902260 0.000000
vt 24.644408 -25.788269 0.000000
vt 25.655203 -24.626366 0.000000
vt 26.611270 -23.419029 0.000000
vt 27.510569 -22.168834 0.000000
vt 28.351181 -20.878448 0.000000
vt 29.131313 -19.550622 0.000000
vt 29.849302 -18.188191 0.000000
vt 30.503615 -16.794060 0.000000
vt 31.092856 -15.371204 0.000000
vt 31.615769 -13.922657 0.000000
vt 32.071238 -12.451510 0.000000
vt 32.458292 -10.960901 0.000000
vt 32.776104 -9.454010 0.000000
vt 33.023998 -7.934051 0.000000
vt 33.201443 -6.404267 0.000000
vt 33.308062 -4.867921 0.000000
vt 33.343627 -3.328291 0.000000
vt 33.343625 -0.010000 0.000000
vt 0.000000 -0.010000 0.000000
vt 33.307599 -1.549619 0.000000
vt 33.200519 -3.085933 0.000000
vt 33.022615 -4.615664 0.000000
vt 32.774266 -6.135548 0.000000
vt 32.456001 -7.642344 0.000000
vt 32.068501 -9.132837 0.000000
vt 31.612590 -10.603848 0.000000
vt 31.089243 -12.052238 0.000000
vt 30.499575 -13.474917 0.000000
vt 29.844844 -14.868852 0.000000
vt 29.126447 -16.231068 0.000000
vt 28.345916 -17.558659 0.000000
vt 27.504917 -18.848793 0.000000
vt 26.605243 -20.098718 0.000000
vt 25.648814 -21.305768 0.000000
vt 24.637671 -22.467368 0.000000
vt 23.573969 -23.581040 0.000000
vt 22.459978 -24.644408 0.000000
vt 21.298075 -25.655203 0.000000
vt 20.090738 -26.611270 0.000000
vt 18.840543 -27.510569 0.000000
vt 17.550157 -28.351181 0.000000
vt 16.222332 -29.131313 0.000000
vt 14.859901 -29.849302 0.000000
vt 13.465770 -30.503615 0.000000
vt 12.042913 -31.092856 0.000000
vt 10.594366 -31.615769 0.000000
vt 9.123219 -32.071238 0.000000
vt 7.632610 -32.458292 0.000000
vt 6.125719 -32.776104 0.000000
vt 4.605760 -33.023998 0.000000
vt 3.075976 -33.201443 0.000000
vt 1.539630 -33.308062 0.000000
vt 0.000000 -33.343627 0.000000
vt 0.000000 -36.671916 0.000000
vt 0.000000 -3.328291 0.000000
vt -1.539924 -36.636338 0.000000
vt -3.076562 -36.529678 0.000000
vt -4.606634 -36.352165 0.000000
vt -6.126875 -36.104178 0.000000
vt -7.634041 -35.786245 0.000000
vt -9.124916 -35.399045 0.000000
vt -10.596318 -34.943404 0.000000
vt -12.045107 -34.420295 0.000000
vt -13.468191 -33.830835 0.000000
vt -14.862533 -33.176280 0.000000
vt -16.225157 -32.458028 0.000000
vt -17.553157 -31.677612 0.000000
vt -18.843697 -30.836697 0.000000
vt -20.094024 -29.937078 0.000000
vt -21.301469 -28.980674 0.000000
vt -22.463455 -27.969527 0.000000
vt -23.577504 -26.905794 0.000000
vt -24.641236 -25.791746 0.000000
vt -25.652384 -24.629759 0.000000
vt -26.608787 -23.422314 0.000000
vt -27.508407 -22.171988 0.000000
vt -28.349322 -20.881448 0.000000
vt -29.129738 -19.553448 0.000000
vt -29.847989 -18.190824 0.000000
vt -30.502544 -16.796481 0.000000
vt -31.092005 -15.373398 0.000000
vt -31.615113 -13.924609 0.000000
vt -32.070754 -12.453207 0.000000
vt -32.457954 -10.962332 0.000000
vt -32.775887 -9.455166 0.000000
vt -33.023874 -7.934924 0.000000
vt -33.201387 -6.404852 0.000000
vt -33.308047 -4.868215 0.000000
vt -33.343625 -3.328291 0.000000
vn -0.004647 -0.099892 -0.000000
vn -0.000030 -0.100000 0.000000
vn -0.003870 -0.099914 0.001468
vn -0.000030 -0.099893 0.004618
vn -0.000693 -0.099881 0.004820
vn -0.000030 -0.099573 0.009227
vn -0.003539 -0.099660 0.007444
vn -0.000444 -0.099407 0.010864
vn -0.006446 -0.099291 0.009983
vn -0.003437 -0.099028 0.013478
vn -0.009409 -0.098777 0.012431
vn -0.006487 -0.098499 0.015998
vn -0.012420 -0.098118 0.014784
vn -0.009588 -0.097820 0.018420
vn -0.015473 -0.097316 0.017035
vn -0.012731 -0.096994 0.020738
vn -0.018562 -0.096372 0.019180
vn -0.015912 -0.096022 0.022946
vn -0.021680 -0.095289 0.021214
vn -0.019122 -0.094907 0.025041
vn -0.024820 -0.094068 0.023134
vn -0.022355 -0.093650 0.027017
vn -0.027976 -0.092713 0.024934
vn -0.025604 -0.092255 0.028871
vn -0.031140 -0.091226 0.026611
vn -0.028861 -0.090724 0.030597
vn -0.034306 -0.089611 0.028162
vn -0.032121 -0.089061 0.032194
vn -0.037466 -0.087870 0.029582
vn -0.035375 -0.087269 0.033656
vn -0.040615 -0.086009 0.030869
vn -0.038616 -0.085353 0.034981
vn -0.043744 -0.084030 0.032020
vn -0.041838 -0.083316 0.036167
vn -0.046848 -0.081939 0.033033
vn -0.045034 -0.081163 0.037209
vn -0.049920 -0.079740 0.033905
vn -0.048197 -0.078898 0.038107
vn -0.052953 -0.077436 0.034635
vn -0.051319 -0.076527 0.038858
vn -0.055940 -0.075035 0.035220
vn -0.054395 -0.074054 0.039461
vn -0.058876 -0.072540 0.035661
vn -0.057417 -0.071485 0.039914
vn -0.061752 -0.069957 0.035954
vn -0.060379 -0.068826 0.040217
vn -0.064565 -0.067291 0.036101
vn -0.063274 -0.066081 0.040368
vn -0.067306 -0.064549 0.036101
vn -0.066097 -0.063258 0.040368
vn -0.069971 -0.061737 0.035953
vn -0.068841 -0.060363 0.040216
vn -0.072554 -0.058859 0.035659
vn -0.071500 -0.057400 0.039912
vn -0.075048 -0.055924 0.035218
vn -0.074068 -0.054378 0.039458
vn -0.077450 -0.052936 0.034631
vn -0.076540 -0.051302 0.038855
vn -0.079752 -0.049903 0.033901
vn -0.078911 -0.048179 0.038103
vn -0.081951 -0.046831 0.033028
vn -0.081175 -0.045017 0.037204
vn -0.084042 -0.043727 0.032014
vn -0.083327 -0.041821 0.036160
vn -0.086020 -0.040597 0.030862
vn -0.085364 -0.038598 0.034974
vn -0.087880 -0.037449 0.029574
vn -0.087280 -0.035356 0.033648
vn -0.089620 -0.034288 0.028153
vn -0.089070 -0.032102 0.032185
vn -0.091234 -0.031122 0.026602
vn -0.090733 -0.028843 0.030588
vn -0.092721 -0.027958 0.024924
vn -0.092263 -0.025585 0.028861
vn -0.094075 -0.024803 0.023123
vn -0.093657 -0.022337 0.027007
vn -0.095295 -0.021663 0.021203
vn -0.094913 -0.019104 0.025030
vn -0.096378 -0.018545 0.019168
vn -0.096028 -0.015894 0.022934
vn -0.097316 -0.015473 0.017034
vn -0.096995 -0.012728 0.020735
vn -0.098122 -0.012403 0.014771
vn -0.097824 -0.009570 0.018407
vn -0.098781 -0.009392 0.012418
vn -0.098502 -0.006470 0.015984
vn -0.099294 -0.006430 0.009969
vn -0.099031 -0.003420 0.013463
vn -0.099661 -0.003523 0.007430
vn -0.099409 -0.000427 0.010849
vn -0.099574 0.000000 0.009225
vn -0.099041 0.000000 0.013813
vn -0.098556 -0.000404 0.016929
vn -0.098013 -0.003535 0.019517
vn -0.098298 -0.000000 0.018371
vn -0.097315 -0.000592 0.023008
vn -0.097345 0.000000 0.022891
vn -0.096184 0.000000 0.027361
vn -0.096603 -0.003850 0.025554
vn -0.095683 -0.000974 0.029049
vn -0.094796 -0.004353 0.031541
vn -0.094818 -0.000000 0.031773
vn -0.093656 -0.001534 0.035018
vn -0.093250 -0.000000 0.036118
vn -0.092595 -0.005008 0.037431
vn -0.091237 -0.002245 0.040875
vn -0.089999 -0.005810 0.043202
vn -0.089520 -0.000000 0.044566
vn -0.088430 -0.003091 0.046590
vn -0.087367 0.000000 0.048652
vn -0.086672 -0.000366 0.049879
vn -0.085027 -0.000000 0.052634
vn -0.085242 -0.004046 0.052129
vn -0.083286 -0.001353 0.055332
vn -0.081684 -0.005085 0.057462
vn -0.082506 -0.000000 0.056504
vn -0.079539 -0.002415 0.060561
vn -0.079809 0.000000 0.060254
vn -0.076942 -0.000000 0.063875
vn -0.077769 -0.006183 0.062559
vn -0.075447 -0.003526 0.065539
vn -0.073515 -0.007313 0.067395
vn -0.071027 -0.004658 0.070239
vn -0.068940 -0.008449 0.071944
vn -0.066299 -0.005785 0.074639
vn -0.064067 -0.009563 0.076184
vn -0.061288 -0.006880 0.078717
vn -0.058919 -0.010629 0.080097
vn -0.056019 -0.007916 0.082457
vn -0.053525 -0.011620 0.083666
vn -0.050520 -0.008869 0.085843
vn -0.047912 -0.012512 0.086878
vn -0.044822 -0.009712 0.088863
vn -0.042113 -0.013279 0.089723
vn -0.038955 -0.010421 0.091509
vn -0.036160 -0.013899 0.092192
vn -0.032954 -0.010974 0.093774
vn -0.030087 -0.014348 0.094281
vn -0.026854 -0.011350 0.095656
vn -0.023930 -0.014607 0.095989
vn -0.020690 -0.011529 0.097155
vn -0.017725 -0.014658 0.097319
vn -0.014499 -0.011493 0.098274
vn -0.011509 -0.014483 0.098274
vn -0.008319 -0.011227 0.099019
vn -0.005321 -0.014069 0.098862
vn -0.002188 -0.010718 0.099400
vn -0.000030 -0.013816 0.099041
vn -0.000030 -0.009227 0.099573
vn -0.000030 -0.099041 0.013816
vn -0.000421 -0.098553 0.016943
vn -0.000030 -0.098297 0.018375
vn -0.003552 -0.098010 0.019531
vn -0.000610 -0.097312 0.023022
vn -0.006735 -0.097313 0.022017
vn -0.003868 -0.096599 0.025568
vn -0.009962 -0.096465 0.024397
vn -0.007172 -0.095731 0.028004
vn -0.013227 -0.095468 0.026664
vn -0.010514 -0.094709 0.030325
vn -0.016523 -0.094322 0.028814
vn -0.013888 -0.093537 0.032526
vn -0.019842 -0.093032 0.030843
vn -0.017286 -0.092216 0.034603
vn -0.023177 -0.091600 0.032746
vn -0.020701 -0.090750 0.036551
vn -0.026521 -0.090028 0.034519
vn -0.024124 -0.089141 0.038366
vn -0.029867 -0.088321 0.036157
vn -0.027550 -0.087393 0.040044
vn -0.033208 -0.086482 0.037658
vn -0.030970 -0.085510 0.041580
vn -0.036535 -0.084514 0.039019
vn -0.034377 -0.083496 0.042973
vn -0.039843 -0.082423 0.040236
vn -0.037763 -0.081355 0.044219
vn -0.043124 -0.080213 0.041306
vn -0.041122 -0.079092 0.045315
vn -0.046371 -0.077888 0.042228
vn -0.044446 -0.076712 0.046259
vn -0.049576 -0.075454 0.042999
vn -0.047727 -0.074220 0.047048
vn -0.052734 -0.072915 0.043618
vn -0.050960 -0.071621 0.047682
vn -0.055836 -0.070278 0.044083
vn -0.054136 -0.068921 0.048158
vn -0.058877 -0.067548 0.044394
vn -0.057249 -0.066126 0.048476
vn -0.061849 -0.064731 0.044549
vn -0.060292 -0.063242 0.048635
vn -0.064747 -0.061833 0.044549
vn -0.063258 -0.060275 0.048634
vn -0.067563 -0.058860 0.044392
vn -0.066142 -0.057232 0.048474
vn -0.070293 -0.055819 0.044081
vn -0.068937 -0.054118 0.048156
vn -0.072930 -0.052716 0.043615
vn -0.071636 -0.050942 0.047679
vn -0.075468 -0.049559 0.042995
vn -0.074234 -0.047709 0.047044
vn -0.077901 -0.046353 0.042223
vn -0.076726 -0.044427 0.046254
vn -0.080226 -0.043106 0.041301
vn -0.079105 -0.041103 0.045309
vn -0.082435 -0.039825 0.040229
vn -0.081367 -0.037744 0.044212
vn -0.084526 -0.036517 0.039012
vn -0.083507 -0.034358 0.042966
vn -0.086492 -0.033189 0.037650
vn -0.085521 -0.030951 0.041572
vn -0.088331 -0.029848 0.036148
vn -0.087403 -0.027531 0.040035
vn -0.090038 -0.026502 0.034509
vn -0.089150 -0.024105 0.038356
vn -0.091608 -0.023158 0.032736
vn -0.090758 -0.020681 0.036541
vn -0.093040 -0.019823 0.030832
vn -0.092224 -0.017267 0.034592
vn -0.094329 -0.016504 0.028803
vn -0.093544 -0.013869 0.032514
vn -0.095474 -0.013209 0.026652
vn -0.094715 -0.010496 0.030312
vn -0.096467 -0.009955 0.024392
vn -0.095734 -0.007162 0.027996
vn -0.097318 -0.006717 0.022004
vn -0.000030 -0.097344 0.022895
vn -0.000030 -0.096183 0.027366
vn -0.000993 -0.095678 0.029063
vn -0.004366 -0.094792 0.031551
vn -0.007779 -0.093749 0.033921
vn -0.011224 -0.092552 0.036169
vn -0.014694 -0.091203 0.038289
vn -0.018180 -0.089706 0.040278
vn -0.021676 -0.088063 0.042131
vn -0.025174 -0.086278 0.043844
vn -0.028666 -0.084356 0.045414
vn -0.032144 -0.082299 0.046836
vn -0.035602 -0.080113 0.048108
vn -0.039032 -0.077803 0.049227
vn -0.042426 -0.075372 0.050190
vn -0.045777 -0.072828 0.050997
vn -0.049077 -0.070174 0.051644
vn -0.052320 -0.067417 0.052130
vn -0.055499 -0.064563 0.052454
vn -0.058606 -0.061618 0.052617
vn -0.061635 -0.058589 0.052616
vn -0.064579 -0.055481 0.052453
vn -0.067433 -0.052302 0.052128
vn -0.070189 -0.049059 0.051640
vn -0.072842 -0.045758 0.050993
vn -0.075386 -0.042407 0.050185
vn -0.077816 -0.039013 0.049221
vn -0.080126 -0.035583 0.048101
vn -0.082311 -0.032125 0.046828
vn -0.084367 -0.028646 0.045405
vn -0.086289 -0.025154 0.043835
vn -0.088073 -0.021656 0.042121
vn -0.089715 -0.018161 0.040268
vn -0.091211 -0.014674 0.038278
vn -0.092559 -0.011205 0.036156
vn -0.093755 -0.007760 0.033908
vn -0.000030 -0.094816 0.031779
vn -0.001551 -0.093651 0.035030
vn -0.000030 -0.093247 0.036124
vn -0.005028 -0.092589 0.037444
vn -0.002265 -0.091231 0.040888
vn -0.008536 -0.091369 0.039734
vn -0.005830 -0.089992 0.043214
vn -0.012070 -0.089996 0.041894
vn -0.009420 -0.088596 0.045409
vn -0.015621 -0.088471 0.043920
vn -0.013028 -0.087047 0.047467
vn -0.019181 -0.086797 0.045807
vn -0.016646 -0.085347 0.049385
vn -0.022744 -0.084980 0.047552
vn -0.020266 -0.083500 0.051158
vn -0.026301 -0.083021 0.049150
vn -0.023879 -0.081510 0.052782
vn -0.029844 -0.080927 0.050599
vn -0.027479 -0.079382 0.054253
vn -0.033366 -0.078700 0.051894
vn -0.031058 -0.077120 0.055570
vn -0.036859 -0.076347 0.053034
vn -0.034607 -0.074728 0.056728
vn -0.040315 -0.073872 0.054015
vn -0.038119 -0.072213 0.057725
vn -0.043728 -0.071280 0.054836
vn -0.041587 -0.069580 0.058559
vn -0.047090 -0.068577 0.055495
vn -0.045002 -0.066834 0.059229
vn -0.050393 -0.065769 0.055991
vn -0.048358 -0.063981 0.059732
vn -0.053630 -0.062863 0.056321
vn -0.051647 -0.061028 0.060068
vn -0.056795 -0.059863 0.056486
vn -0.054863 -0.057980 0.060236
vn -0.059880 -0.056778 0.056486
vn -0.057998 -0.054845 0.060235
vn -0.062879 -0.053612 0.056320
vn -0.061045 -0.051629 0.060066
vn -0.065785 -0.050375 0.055988
vn -0.063997 -0.048340 0.059729
vn -0.068593 -0.047071 0.055492
vn -0.066850 -0.044983 0.059225
vn -0.071295 -0.043709 0.054832
vn -0.069595 -0.041567 0.058555
vn -0.073886 -0.040296 0.054010
vn -0.072228 -0.038099 0.057720
vn -0.076360 -0.036839 0.053028
vn -0.074742 -0.034587 0.056722
vn -0.078713 -0.033346 0.051887
vn -0.077133 -0.031038 0.055563
vn -0.080939 -0.029824 0.050591
vn -0.079394 -0.027459 0.054246
vn -0.083033 -0.026281 0.049142
vn -0.081521 -0.023859 0.052773
vn -0.084990 -0.022724 0.047542
vn -0.083510 -0.020245 0.051148
vn -0.086807 -0.019162 0.045797
vn -0.085356 -0.016626 0.049375
vn -0.088480 -0.015601 0.043909
vn -0.087056 -0.013008 0.047456
vn -0.090004 -0.012050 0.041882
vn -0.088604 -0.009400 0.045397
vn -0.091377 -0.008517 0.039721
vn -0.000030 -0.091479 0.040392
vn -0.000030 -0.089516 0.044574
vn -0.003111 -0.088422 0.046603
vn -0.006751 -0.087008 0.048827
vn -0.010408 -0.085437 0.050914
vn -0.014075 -0.083714 0.052857
vn -0.017744 -0.081842 0.054654
vn -0.021407 -0.079825 0.056301
vn -0.025056 -0.077667 0.057792
vn -0.028683 -0.075374 0.059127
vn -0.032281 -0.072951 0.060300
vn -0.035841 -0.070401 0.061311
vn -0.039356 -0.067732 0.062157
vn -0.042818 -0.064948 0.062835
vn -0.046220 -0.062057 0.063346
vn -0.049554 -0.059063 0.063686
vn -0.052814 -0.055974 0.063856
vn -0.055991 -0.052796 0.063856
vn -0.059080 -0.049536 0.063685
vn -0.062073 -0.046201 0.063343
vn -0.064964 -0.042799 0.062832
vn -0.067747 -0.039337 0.062153
vn -0.070416 -0.035821 0.061306
vn -0.072964 -0.032261 0.060294
vn -0.075388 -0.028663 0.059120
vn -0.077680 -0.025036 0.057784
vn -0.079836 -0.021387 0.056292
vn -0.081852 -0.017724 0.054645
vn -0.083724 -0.014055 0.052847
vn -0.085446 -0.010388 0.050902
vn -0.087016 -0.006730 0.048815
vn -0.000030 -0.087362 0.048660
vn -0.000386 -0.086664 0.049891
vn -0.004067 -0.085233 0.052141
vn -0.007765 -0.083645 0.054251
vn -0.011474 -0.081902 0.056217
vn -0.015185 -0.080009 0.058035
vn -0.018889 -0.077969 0.059699
vn -0.022580 -0.075787 0.061208
vn -0.026248 -0.073468 0.062557
vn -0.029886 -0.071017 0.063745
vn -0.033487 -0.068439 0.064767
vn -0.037042 -0.065739 0.065622
vn -0.040543 -0.062924 0.066308
vn -0.043984 -0.060000 0.066824
vn -0.047356 -0.056972 0.067169
vn -0.050652 -0.053848 0.067341
vn -0.053865 -0.050634 0.067340
vn -0.056989 -0.047337 0.067167
vn -0.060016 -0.043965 0.066822
vn -0.062940 -0.040524 0.066305
vn -0.065755 -0.037022 0.065618
vn -0.068454 -0.033467 0.064762
vn -0.071031 -0.029866 0.063738
vn -0.073482 -0.026228 0.062550
vn -0.075800 -0.022559 0.061200
vn -0.077981 -0.018869 0.059691
vn -0.080020 -0.015164 0.058025
vn -0.081912 -0.011453 0.056207
vn -0.083654 -0.007745 0.054240
vn -0.000030 -0.085022 0.052643
vn -0.001374 -0.083277 0.055344
vn -0.000030 -0.082500 0.056514
vn -0.005106 -0.081675 0.057473
vn -0.002436 -0.079530 0.060573
vn -0.008849 -0.079916 0.059457
vn -0.006204 -0.077759 0.062570
vn -0.012593 -0.078005 0.061291
vn -0.009974 -0.075836 0.064416
vn -0.016331 -0.075947 0.062971
vn -0.013738 -0.073763 0.066108
vn -0.020055 -0.073746 0.064493
vn -0.017488 -0.071547 0.067641
vn -0.023757 -0.071406 0.065855
vn -0.021215 -0.069190 0.069012
vn -0.027428 -0.068932 0.067053
vn -0.024911 -0.066700 0.070218
vn -0.031061 -0.066330 0.068084
vn -0.028569 -0.064080 0.071256
vn -0.034648 -0.063606 0.068947
vn -0.032181 -0.061338 0.072125
vn -0.038182 -0.060766 0.069640
vn -0.035739 -0.058478 0.072823
vn -0.041653 -0.057815 0.070160
vn -0.039234 -0.055506 0.073347
vn -0.045056 -0.054759 0.070508
vn -0.042660 -0.052430 0.073697
vn -0.048382 -0.051607 0.070682
vn -0.046009 -0.049256 0.073872
vn -0.051625 -0.048364 0.070681
vn -0.049274 -0.045991 0.073871
vn -0.054777 -0.045037 0.070506
vn -0.052448 -0.042641 0.073695
vn -0.057831 -0.041634 0.070158
vn -0.055523 -0.039215 0.073344
vn -0.060782 -0.038162 0.069636
vn -0.058494 -0.035719 0.072819
vn -0.063622 -0.034629 0.068943
vn -0.061353 -0.032161 0.072121
vn -0.066345 -0.031041 0.068079
vn -0.064095 -0.028549 0.071251
vn -0.068946 -0.027408 0.067047
vn -0.066714 -0.024891 0.070212
vn -0.071419 -0.023736 0.065848
vn -0.069204 -0.021194 0.069005
vn -0.073758 -0.020034 0.064485
vn -0.071559 -0.017467 0.067633
vn -0.075959 -0.016310 0.062962
vn -0.073775 -0.013717 0.066099
vn -0.078016 -0.012572 0.061281
vn -0.075847 -0.009953 0.064407
vn -0.079926 -0.008828 0.059446
vn -0.000030 -0.079802 0.060263
vn -0.000030 -0.076933 0.063885
vn -0.003547 -0.075437 0.065550
vn -0.007334 -0.073504 0.067405
vn -0.011116 -0.071422 0.069104
vn -0.014883 -0.069195 0.070644
vn -0.018627 -0.066828 0.072021
vn -0.022341 -0.064326 0.073233
vn -0.026016 -0.061694 0.074277
vn -0.029645 -0.058938 0.075150
vn -0.033219 -0.056065 0.075850
vn -0.036731 -0.053079 0.076377
vn -0.040173 -0.049989 0.076728
vn -0.043538 -0.046800 0.076904
vn -0.046818 -0.043519 0.076904
vn -0.050006 -0.040154 0.076727
vn -0.053096 -0.036712 0.076374
vn -0.056081 -0.033199 0.075847
vn -0.058954 -0.029625 0.075145
vn -0.061709 -0.025996 0.074271
vn -0.064340 -0.022321 0.073227
vn -0.066841 -0.018607 0.072014
vn -0.069208 -0.014862 0.070636
vn -0.071434 -0.011095 0.069095
vn -0.000030 -0.073901 0.067370
vn -0.000882 -0.072953 0.068389
vn -0.004679 -0.071015 0.070249
vn -0.008470 -0.068928 0.071953
vn -0.012246 -0.066695 0.073497
vn -0.016000 -0.064322 0.074877
vn -0.019724 -0.061814 0.076092
vn -0.023408 -0.059176 0.077138
vn -0.027046 -0.056413 0.078013
vn -0.030629 -0.053532 0.078716
vn -0.034150 -0.050539 0.079244
vn -0.037600 -0.047441 0.079596
vn -0.040974 -0.044244 0.079772
vn -0.044262 -0.040955 0.079772
vn -0.047459 -0.037581 0.079595
vn -0.050556 -0.034130 0.079241
vn -0.053549 -0.030609 0.078712
vn -0.056429 -0.027026 0.078009
vn -0.059191 -0.023388 0.077133
vn -0.061828 -0.019703 0.076086
vn -0.064336 -0.015979 0.074870
vn -0.066708 -0.012225 0.073488
vn -0.000030 -0.070711 0.070711
vn -0.002013 -0.068375 0.072943
vn -0.000030 -0.067370 0.073901
vn -0.005806 -0.066287 0.074648
vn -0.003129 -0.063505 0.077184
vn -0.009584 -0.064054 0.076192
vn -0.006901 -0.061276 0.078725
vn -0.013339 -0.061680 0.077574
vn -0.010649 -0.058906 0.080104
vn -0.017064 -0.059170 0.078789
vn -0.014368 -0.056401 0.081318
vn -0.020750 -0.056531 0.079835
vn -0.018047 -0.053766 0.082362
vn -0.024389 -0.053767 0.080711
vn -0.021680 -0.051007 0.083236
vn -0.027973 -0.050885 0.081414
vn -0.025258 -0.048130 0.083938
vn -0.031496 -0.047891 0.081942
vn -0.028774 -0.045141 0.084465
vn -0.034948 -0.044792 0.082294
vn -0.032220 -0.042047 0.084817
vn -0.038322 -0.041594 0.082470
vn -0.035589 -0.038855 0.084993
vn -0.041612 -0.038303 0.082470
vn -0.038873 -0.035570 0.084992
vn -0.044810 -0.034928 0.082293
vn -0.042065 -0.032201 0.084815
vn -0.047908 -0.031476 0.081939
vn -0.045158 -0.028755 0.084462
vn -0.050902 -0.027954 0.081410
vn -0.048147 -0.025238 0.083934
vn -0.053783 -0.024369 0.080707
vn -0.051023 -0.021660 0.083232
vn -0.056546 -0.020729 0.079830
vn -0.053781 -0.018027 0.082357
vn -0.059185 -0.017043 0.078783
vn -0.056415 -0.014347 0.081311
vn -0.061693 -0.013318 0.077566
vn -0.000030 -0.063885 0.076933
vn -0.000446 -0.060587 0.079555
vn -0.004203 -0.058367 0.081091
vn -0.007937 -0.056006 0.082464
vn -0.011641 -0.053511 0.083673
vn -0.015306 -0.050886 0.084713
vn -0.018925 -0.048138 0.085584
vn -0.022489 -0.045272 0.086283
vn -0.025991 -0.042295 0.086808
vn -0.029424 -0.039213 0.087158
vn -0.032780 -0.036033 0.087334
vn -0.036051 -0.032761 0.087333
vn -0.039231 -0.029405 0.087157
vn -0.042312 -0.025972 0.086805
vn -0.045288 -0.022469 0.086279
vn -0.048154 -0.018905 0.085579
vn -0.050901 -0.015286 0.084708
vn -0.000030 -0.060263 0.079802
vn -0.000030 -0.056514 0.082500
vn -0.001496 -0.055333 0.083283
vn -0.005208 -0.052987 0.084648
vn -0.008889 -0.050506 0.085849
vn -0.012532 -0.047898 0.086884
vn -0.016129 -0.045166 0.087749
vn -0.019672 -0.042318 0.088443
vn -0.023153 -0.039358 0.088965
vn -0.026565 -0.036295 0.089314
vn -0.029900 -0.033134 0.089488
vn -0.033152 -0.029882 0.089488
vn -0.036312 -0.026546 0.089312
vn -0.039375 -0.023134 0.088963
vn -0.042334 -0.019652 0.088440
vn -0.045182 -0.016109 0.087745
vn -0.000030 -0.052643 0.085022
vn -0.002467 -0.049854 0.086651
vn -0.000030 -0.048660 0.087362
vn -0.006119 -0.047394 0.087843
vn -0.003335 -0.044181 0.089649
vn -0.009732 -0.044807 0.088869
vn -0.006911 -0.041621 0.090664
vn -0.013299 -0.042098 0.089727
vn -0.010441 -0.038940 0.091513
vn -0.016813 -0.039273 0.090416
vn -0.013918 -0.036144 0.092195
vn -0.020266 -0.036338 0.090933
vn -0.017335 -0.033240 0.092707
vn -0.023649 -0.033300 0.091279
vn -0.020683 -0.030233 0.093049
vn -0.026957 -0.030164 0.091452
vn -0.023957 -0.027131 0.093220
vn -0.030182 -0.026939 0.091451
vn -0.027148 -0.023939 0.093220
vn -0.033317 -0.023631 0.091277
vn -0.030250 -0.020665 0.093048
vn -0.036355 -0.020246 0.090931
vn -0.033256 -0.017316 0.092705
vn -0.039289 -0.016793 0.090412
vn -0.000030 -0.044574 0.089516
vn -0.000544 -0.040874 0.091264
vn -0.004075 -0.038346 0.092266
vn -0.007560 -0.035699 0.093104
vn -0.010993 -0.032938 0.093777
vn -0.014367 -0.030071 0.094283
vn -0.017673 -0.027102 0.094621
vn -0.020905 -0.024039 0.094790
vn -0.024056 -0.020887 0.094789
vn -0.027119 -0.017655 0.094620
vn -0.000030 -0.040392 0.091479
vn -0.000030 -0.036124 0.093247
vn -0.001230 -0.034989 0.093671
vn -0.004663 -0.032381 0.094497
vn -0.008045 -0.029662 0.095160
vn -0.011368 -0.026838 0.095658
vn -0.014625 -0.023913 0.095991
vn -0.017809 -0.020896 0.096157
vn -0.020913 -0.017792 0.096157
vn -0.000030 -0.031779 0.094816
vn -0.001757 -0.028995 0.095688
vn -0.000030 -0.027366 0.096183
vn -0.005080 -0.026323 0.096339
vn -0.002104 -0.022928 0.097313
vn -0.008346 -0.023547 0.096829
vn -0.005305 -0.020207 0.097793
vn -0.011546 -0.020674 0.097156
vn -0.008442 -0.017390 0.098114
vn -0.014675 -0.017708 0.097319
vn -0.000030 -0.022895 0.097344
vn -0.000030 -0.018375 0.098297
vn -0.002253 -0.016823 0.098549
vn -0.000030 -0.004618 0.099893
vn -0.001893 -0.004649 0.099874
vn -0.005112 -0.007946 0.099553
vn -0.000030 0.000000 0.100000
vn -0.004664 -0.001877 0.099874
vn -0.007962 -0.005095 0.099552
vn -0.009255 0.000000 0.099571
vn -0.010733 -0.002171 0.099399
vn -0.013843 0.000000 0.099037
vn -0.014084 -0.005304 0.098861
vn -0.016838 -0.002236 0.098547
vn -0.020222 -0.005287 0.097791
vn -0.018401 0.000000 0.098292
vn -0.022943 -0.002086 0.097310
vn -0.022920 -0.000000 0.097338
vn -0.027390 0.000000 0.096176
vn -0.004647 0.000000 0.099892
vn -0.031802 0.000000 0.094808
vn -0.029010 -0.001738 0.095684
vn -0.026338 -0.005062 0.096336
vn -0.036146 0.000000 0.093239
vn -0.035003 -0.001211 0.093666
vn -0.032396 -0.004644 0.094493
vn -0.038360 -0.004055 0.092261
vn -0.040412 0.000000 0.091470
vn -0.040888 -0.000524 0.091258
vn -0.044593 -0.000000 0.089507
vn -0.044195 -0.003315 0.089643
vn -0.048678 0.000000 0.087352
vn -0.049868 -0.002447 0.086644
vn -0.052660 0.000000 0.085011
vn -0.053000 -0.005187 0.084641
vn -0.055346 -0.001475 0.083275
vn -0.058379 -0.004182 0.081082
vn -0.056529 -0.000000 0.082489
vn -0.060278 0.000000 0.079791
vn -0.060599 -0.000425 0.079546
vn -0.063898 0.000000 0.076923
vn -0.063517 -0.003108 0.077175
vn -0.067381 0.000000 0.073890
vn -0.068387 -0.001992 0.072933
vn -0.070721 0.000000 0.070700
vn -0.072963 -0.000860 0.068378
vn -0.073910 -0.000000 0.067359
vn -0.091483 0.000000 0.040385
vn -0.099882 -0.000677 0.004805
vn -0.099893 -0.000000 0.004617
vn -0.100000 0.000000 0.000000
vn -0.099915 -0.003855 0.001453
vn -0.099893 -0.004617 -0.000000
vn -0.099701 -0.006610 0.003995
vn -0.099574 -0.009225 0.000000
vn -0.099528 -0.009684 0.000551
vn -0.099041 -0.013813 -0.000000
vn -0.099185 -0.012401 0.002924
vn -0.098705 -0.015169 0.005213
vn -0.098848 -0.012294 0.008825
vn -0.098211 -0.015209 0.011103
vn -0.098352 -0.018012 0.001590
vn -0.098298 -0.018371 -0.000000
vn -0.097345 -0.022891 0.000000
vn -0.096184 -0.027361 -0.000000
vn -0.096524 -0.026063 0.001946
vn -0.097760 -0.020718 0.003704
vn -0.098090 -0.017983 0.007412
vn -0.095719 -0.028698 0.003776
vn -0.094818 -0.031773 0.000000
vn -0.094787 -0.031383 0.005528
vn -0.094152 -0.033658 0.001559
vn -0.093736 -0.034087 0.007182
vn -0.093150 -0.036238 0.003137
vn -0.092570 -0.036804 0.008732
vn -0.092037 -0.038831 0.004616
vn -0.091290 -0.039528 0.010177
vn -0.090816 -0.041430 0.005995
vn -0.089900 -0.042254 0.011513
vn -0.089490 -0.044031 0.007269
vn -0.088402 -0.044976 0.012737
vn -0.088061 -0.046628 0.008437
vn -0.086800 -0.047687 0.013846
vn -0.086532 -0.049214 0.009495
vn -0.085097 -0.050382 0.014838
vn -0.084907 -0.051786 0.010441
vn -0.083297 -0.053055 0.015710
vn -0.083190 -0.054336 0.011274
vn -0.081403 -0.055701 0.016462
vn -0.081383 -0.056860 0.011991
vn -0.079420 -0.058312 0.017091
vn -0.079491 -0.059352 0.012591
vn -0.077353 -0.060885 0.017596
vn -0.077518 -0.061806 0.013073
vn -0.075205 -0.063413 0.017976
vn -0.075469 -0.064218 0.013435
vn -0.072981 -0.065890 0.018229
vn -0.073347 -0.066582 0.013677
vn -0.070686 -0.068312 0.018356
vn -0.071158 -0.068893 0.013798
vn -0.068325 -0.070673 0.018357
vn -0.068905 -0.071145 0.013799
vn -0.065904 -0.072968 0.018230
vn -0.066595 -0.073335 0.013678
vn -0.063426 -0.075192 0.017977
vn -0.064231 -0.075457 0.013437
vn -0.060899 -0.077341 0.017598
vn -0.061820 -0.077507 0.013075
vn -0.058327 -0.079409 0.017094
vn -0.059366 -0.079480 0.012594
vn -0.055715 -0.081392 0.016466
vn -0.056874 -0.081373 0.011995
vn -0.053070 -0.083286 0.015715
vn -0.054350 -0.083180 0.011278
vn -0.050397 -0.085087 0.014843
vn -0.051800 -0.084898 0.010446
vn -0.047702 -0.086791 0.013851
vn -0.049229 -0.086523 0.009500
vn -0.044991 -0.088393 0.012743
vn -0.046642 -0.088053 0.008443
vn -0.042270 -0.089892 0.011520
vn -0.044045 -0.089482 0.007276
vn -0.039544 -0.091283 0.010185
vn -0.041445 -0.090809 0.006002
vn -0.036819 -0.092563 0.008741
vn -0.038845 -0.092031 0.004624
vn -0.034102 -0.093730 0.007191
vn -0.036253 -0.093144 0.003145
vn -0.031398 -0.094781 0.005538
vn -0.033673 -0.094147 0.001568
vn -0.031802 -0.094808 0.000000
vn -0.036146 -0.093239 0.000000
vn -0.040412 -0.091470 -0.000000
vn -0.040788 -0.091302 0.000498
vn -0.043257 -0.090142 0.001806
vn -0.044593 -0.089507 0.000000
vn -0.045727 -0.088882 0.003016
vn -0.048678 -0.087352 -0.000000
vn -0.048193 -0.087524 0.004124
vn -0.051963 -0.085436 0.000746
vn -0.050650 -0.086071 0.005129
vn -0.054271 -0.083977 0.001595
vn -0.053092 -0.084527 0.006027
vn -0.056560 -0.082435 0.002342
vn -0.055514 -0.082896 0.006817
vn -0.058825 -0.080813 0.002985
vn -0.057911 -0.081179 0.007498
vn -0.061061 -0.079114 0.003523
vn -0.060278 -0.079382 0.008067
vn -0.063264 -0.077344 0.003955
vn -0.062609 -0.077508 0.008524
vn -0.065428 -0.075504 0.004279
vn -0.064899 -0.075561 0.008868
vn -0.067550 -0.073599 0.004496
vn -0.067144 -0.073546 0.009097
vn -0.069623 -0.071634 0.004604
vn -0.069338 -0.071466 0.009211
vn -0.071645 -0.069612 0.004604
vn -0.071478 -0.069326 0.009211
vn -0.073610 -0.067538 0.004495
vn -0.073557 -0.067131 0.009096
vn -0.075514 -0.065416 0.004278
vn -0.075572 -0.064886 0.008866
vn -0.077354 -0.063252 0.003953
vn -0.077519 -0.062596 0.008522
vn -0.079124 -0.061049 0.003520
vn -0.079392 -0.060265 0.008064
vn -0.080822 -0.058812 0.002982
vn -0.081189 -0.057898 0.007494
vn -0.082444 -0.056547 0.002338
vn -0.082905 -0.055501 0.006813
vn -0.083985 -0.054258 0.001591
vn -0.084536 -0.053079 0.006022
vn -0.085444 -0.051951 0.000741
vn -0.086080 -0.050636 0.005123
vn -0.087532 -0.048180 0.004118
vn -0.093250 -0.036118 -0.000000
vn -0.091483 -0.040385 -0.000000
vn -0.091308 -0.040774 0.000490
vn -0.089520 -0.044566 -0.000000
vn -0.090149 -0.043243 0.001799
vn -0.088889 -0.045713 0.003010
vn -0.087367 -0.048652 -0.000000
vn -0.085027 -0.052634 -0.000000
vn -0.082506 -0.056504 -0.000000
vn -0.079809 -0.060254 -0.000000
vn -0.076942 -0.063875 -0.000000
vn -0.073910 -0.067359 0.000000
vn -0.070721 -0.070700 -0.000000
vn -0.067381 -0.073890 -0.000000
vn -0.063898 -0.076923 -0.000000
vn -0.060278 -0.079791 -0.000000
vn -0.056529 -0.082489 -0.000000
vn -0.052660 -0.085011 -0.000000
vn -0.028713 -0.095714 0.003786
vn -0.027390 -0.096176 0.000000
vn -0.026053 -0.096527 0.001939
vn -0.022920 -0.097338 -0.000000
vn -0.020733 -0.097756 0.003716
vn -0.018027 -0.098349 0.001602
vn -0.015185 -0.098702 0.005225
vn -0.013843 -0.099037 -0.000000
vn -0.012416 -0.099183 0.002937
vn -0.009699 -0.099527 0.000565
vn -0.006626 -0.099700 0.004009
vn -0.009255 -0.099571 -0.000000
vn -0.018401 -0.098292 -0.000000
vn -0.009441 -0.099343 0.006467
vn -0.012310 -0.098845 0.008838
vn -0.015225 -0.098207 0.011115
vn -0.018182 -0.097430 0.013295
vn -0.021173 -0.096516 0.015372
vn -0.024192 -0.095467 0.017342
vn -0.027233 -0.094285 0.019201
vn -0.030288 -0.092973 0.020944
vn -0.033352 -0.091533 0.022568
vn -0.036417 -0.089969 0.024069
vn -0.039478 -0.088284 0.025445
vn -0.042527 -0.086482 0.026691
vn -0.045557 -0.084566 0.027806
vn -0.048563 -0.082541 0.028786
vn -0.051537 -0.080411 0.029631
vn -0.054474 -0.078181 0.030337
vn -0.057366 -0.075855 0.030904
vn -0.060208 -0.073439 0.031331
vn -0.062994 -0.070938 0.031615
vn -0.065717 -0.068357 0.031757
vn -0.068372 -0.065702 0.031757
vn -0.070952 -0.062979 0.031614
vn -0.073453 -0.060193 0.031329
vn -0.075869 -0.057350 0.030902
vn -0.078194 -0.054457 0.030334
vn -0.080423 -0.051521 0.029627
vn -0.082553 -0.048546 0.028781
vn -0.084577 -0.045540 0.027800
vn -0.086492 -0.042510 0.026684
vn -0.088294 -0.039461 0.025437
vn -0.089978 -0.036400 0.024061
vn -0.091542 -0.033335 0.022559
vn -0.092981 -0.030271 0.020935
vn -0.094292 -0.027216 0.019191
vn -0.095473 -0.024175 0.017332
vn -0.096522 -0.021156 0.015361
vn -0.097429 -0.018185 0.013297
vn -0.017999 -0.098086 0.007424
vn -0.023478 -0.097035 0.005739
vn -0.020852 -0.097337 0.009527
vn -0.023739 -0.096455 0.011532
vn -0.026653 -0.095442 0.013433
vn -0.029587 -0.094301 0.015227
vn -0.032536 -0.093035 0.016910
vn -0.035493 -0.091645 0.018477
vn -0.038452 -0.090136 0.019926
vn -0.041405 -0.088509 0.021253
vn -0.044348 -0.086770 0.022456
vn -0.047272 -0.084921 0.023532
vn -0.050173 -0.082967 0.024478
vn -0.053044 -0.080911 0.025293
vn -0.055878 -0.078759 0.025975
vn -0.058670 -0.076514 0.026523
vn -0.061413 -0.074182 0.026934
vn -0.064101 -0.071768 0.027208
vn -0.066730 -0.069278 0.027346
vn -0.069292 -0.066715 0.027345
vn -0.071782 -0.064087 0.027207
vn -0.074196 -0.061398 0.026932
vn -0.076527 -0.058654 0.026520
vn -0.078771 -0.055862 0.025972
vn -0.080923 -0.053028 0.025289
vn -0.082978 -0.050157 0.024473
vn -0.084932 -0.047256 0.023526
vn -0.086780 -0.044331 0.022450
vn -0.088519 -0.041389 0.021246
vn -0.090144 -0.038435 0.019918
vn -0.091653 -0.035477 0.018468
vn -0.093042 -0.032520 0.016900
vn -0.094308 -0.029571 0.015217
vn -0.095448 -0.026636 0.013423
vn -0.096460 -0.023723 0.011521
vn -0.097335 -0.020857 0.009531
vn -0.026254 -0.096187 0.007667
vn -0.029056 -0.095213 0.009496
vn -0.031879 -0.094116 0.011221
vn -0.034715 -0.092898 0.012839
vn -0.037558 -0.091562 0.014346
vn -0.040404 -0.090110 0.015740
vn -0.043244 -0.088546 0.017016
vn -0.046074 -0.086873 0.018173
vn -0.048887 -0.085095 0.019208
vn -0.051677 -0.083215 0.020118
vn -0.054438 -0.081238 0.020902
vn -0.057163 -0.079168 0.021558
vn -0.059848 -0.077010 0.022084
vn -0.062486 -0.074767 0.022480
vn -0.065072 -0.072446 0.022744
vn -0.067600 -0.070050 0.022876
vn -0.070064 -0.067586 0.022875
vn -0.072459 -0.065058 0.022743
vn -0.074780 -0.062472 0.022478
vn -0.077022 -0.059833 0.022081
vn -0.079180 -0.057148 0.021554
vn -0.081250 -0.054422 0.020898
vn -0.083226 -0.051661 0.020113
vn -0.085105 -0.048871 0.019202
vn -0.086883 -0.046058 0.018167
vn -0.088555 -0.043228 0.017009
vn -0.090118 -0.040388 0.015732
vn -0.091569 -0.037543 0.014338
vn -0.092905 -0.034699 0.012830
vn -0.094123 -0.031863 0.011212
vn -0.095219 -0.029041 0.009486
vn -0.096192 -0.026239 0.007657
vn -0.097033 -0.023486 0.005745
vn -0.011243 -0.008303 0.099019
vn -0.017406 -0.008425 0.098112
vn -0.023563 -0.008328 0.096827
vn -0.029678 -0.008027 0.095157
vn -0.035714 -0.007541 0.093100
vn -0.041635 -0.006891 0.090659
vn -0.047408 -0.006098 0.087837
vn -0.099345 -0.009425 0.006454
vn 0.000000 0.000000 -0.100000
vn 0.000000 0.000000 -0.100000
vn 0.000000 0.000000 -0.100000
vn 0.000000 0.000000 -0.100000
vn 0.000000 0.000000 -0.100000
vn 0.000000 0.000000 -0.100000
vn 0.000000 0.000000 -0.100000
vn 0.000000 0.000000 -0.100000
vn 0.000000 0.000000 -0.100000
vn 0.000000 0.000000 -0.100000
vn 0.000000 0.000000 -0.100000
vn 0.000000 0.000000 -0.100000
vn 0.000000 0.000000 -0.100000
vn 0.000000 0.000000 -0.100000
vn 0.000000 0.000000 -0.100000
vn 0.000000 0.000000 -0.100000
vn 0.000000 0.000000 -0.100000
vn 0.000000 0.000000 -0.100000
vn 0.000000 0.000000 -0.100000
vn 0.000000 0.000000 -0.100000
vn 0.000000 0.000000 -0.100000
vn 0.000000 0.000000 -0.100000
vn 0.000000 0.000000 -0.100000
vn 0.000000 0.000000 -0.100000
vn 0.000000 0.000000 -0.100000
vn 0.000000 0.000000 -0.100000
vn 0.000000 0.000000 -0.100000
vn 0.000000 0.000000 -0.100000
vn 0.000000 0.000000 -0.100000
vn 0.000000 0.000000 -0.100000
vn 0.000000 0.000000 -0.100000
vn 0.000000 0.000000 -0.100000
vn 0.000000 0.000000 -0.100000
vn 0.000000 0.000000 -0.100000
vn 0.000000 0.000000 -0.100000
vn 0.000000 0.000000 -0.100000
vn 0.000000 0.100000 0.000000
vn 0.000000 0.100000 0.000000
vn 0.000000 0.100000 0.000000
vn 0.000000 0.100000 0.000000
vn 0.000000 0.100000 0.000000
vn 0.000000 0.100000 0.000000
vn 0.000000 0.100000 0.000000
vn 0.000000 0.100000 0.000000
vn 0.000000 0.100000 0.000000
vn 0.000000 0.100000 0.000000
vn 0.000000 0.100000 0.000000
vn 0.000000 0.100000 0.000000
vn 0.000000 0.100000 0.000000
vn 0.000000 0.100000 0.000000
vn 0.000000 0.100000 0.000000
vn 0.000000 0.100000 0.000000
vn 0.000000 0.100000 0.000000
vn 0.000000 0.100000 0.000000
vn 0.000000 0.100000 0.000000
vn 0.000000 0.100000 0.000000
vn 0.000000 0.100000 0.000000
vn 0.000000 0.100000 0.000000
vn 0.000000 0.100000 0.000000
vn 0.000000 0.100000 0.000000
vn 0.000000 0.100000 0.000000
vn 0.000000 0.100000 0.000000
vn 0.000000 0.100000 0.000000
vn 0.000000 0.100000 0.000000
vn 0.000000 0.100000 0.000000
vn 0.000000 0.100000 0.000000
vn 0.000000 0.100000 0.000000
vn 0.000000 0.100000 0.000000
vn 0.000000 0.100000 0.000000
vn 0.000000 0.100000 0.000000
vn 0.000000 0.100000 0.000000
vn 0.000000 0.100000 0.000000
vn 0.100000 0.000000 0.000000
vn 0.100000 0.000000 0.000000
vn 0.100000 0.000000 0.000000
vn 0.100000 0.000000 0.000000
vn 0.100000 0.000000 0.000000
vn 0.100000 0.000000 0.000000
vn 0.100000 0.000000 0.000000
vn 0.100000 0.000000 0.000000
vn 0.100000 0.000000 0.000000
vn 0.100000 0.000000 0.000000
vn 0.100000 0.000000 0.000000
vn 0.100000 0.000000 0.000000
vn 0.100000 0.000000 0.000000
vn 0.100000 0.000000 0.000000
vn 0.100000 0.000000 0.000000
vn 0.100000 0.000000 0.000000
vn 0.100000 0.000000 0.000000
vn 0.100000 0.000000 0.000000
vn 0.100000 0.000000 0.000000
vn 0.100000 0.000000 0.000000
vn 0.100000 0.000000 0.000000
vn 0.100000 0.000000 0.000000
vn 0.100000 0.000000 0.000000
vn 0.100000 0.000000 0.000000
vn 0.100000 0.000000 0.000000
vn 0.100000 0.000000 0.000000
vn 0.100000 0.000000 0.000000
vn 0.100000 0.000000 0.000000
vn 0.100000 0.000000 0.000000
vn 0.100000 0.000000 0.000000
vn 0.100000 0.000000 0.000000
vn 0.100000 0.000000 0.000000
vn 0.100000 0.000000 0.000000
vn 0.100000 0.000000 0.000000
vn 0.100000 0.000000 0.000000
vn 0.100000 0.000000 0.000000
usemtl Steel_-_Satin
f 102/1/1 1/2/2 113/3/3
f 113/3/3 1/2/2 2/4/4
f 113/3/3 2/4/4 112/5/5
f 112/5/5 2/4/4 3/6/6
f 112/5/5 3/6/6 115/7/7
f 115/7/7 3/6/6 114/8/8
f 115/7/7 114/8/8 120/9/9
f 120/9/9 114/8/8 119/10/10
f 120/9/9 119/10/10 126/11/11
f 126/11/11 119/10/10 125/12/12
f 126/11/11 125/12/12 134/13/13
f 134/13/13 125/12/12 133/14/14
f 134/13/13 133/14/14 143/15/15
f 143/15/15 133/14/14 142/16/16
f 143/15/15 142/16/16 153/17/17
f 153/17/17 142/16/16 152/18/18
f 153/17/17 152/18/18 166/19/19
f 166/19/19 152/18/18 165/20/20
f 166/19/19 165/20/20 181/21/21
f 181/21/21 165/20/20 180/22/22
f 181/21/21 180/22/22 197/23/23
f 197/23/23 180/22/22 196/24/24
f 197/23/23 196/24/24 216/25/25
f 216/25/25 196/24/24 215/26/26
f 216/25/25 215/26/26 235/27/27
f 235/27/27 215/26/26 234/28/28
f 235/27/27 234/28/28 257/29/29
f 257/29/29 234/28/28 256/30/30
f 257/29/29 256/30/30 280/31/31
f 280/31/31 256/30/30 279/32/32
f 280/31/31 279/32/32 305/33/33
f 305/33/33 279/32/32 304/34/34
f 305/33/33 304/34/34 332/35/35
f 332/35/35 304/34/34 331/36/36
f 332/35/35 331/36/36 360/37/37
f 360/37/37 331/36/36 359/38/38
f 360/37/37 359/38/38 388/39/39
f 388/39/39 359/38/38 387/40/40
f 388/39/39 387/40/40 417/41/41
f 417/41/41 387/40/40 416/42/42
f 417/41/41 416/42/42 448/43/43
f 448/43/43 416/42/42 447/44/44
f 448/43/43 447/44/44 480/45/45
f 480/45/45 447/44/44 479/46/46
f 480/45/45 479/46/46 513/47/47
f 513/47/47 479/46/46 512/48/48
f 513/47/47 512/48/48 545/49/49
f 545/49/49 512/48/48 544/50/50
f 545/49/49 544/50/50 576/51/51
f 576/51/51 544/50/50 575/52/52
f 576/51/51 575/52/52 607/53/53
f 607/53/53 575/52/52 606/54/54
f 607/53/53 606/54/54 637/55/55
f 637/55/55 606/54/54 636/56/56
f 637/55/55 636/56/56 666/57/57
f 666/57/57 636/56/56 665/58/58
f 666/57/57 665/58/58 693/59/59
f 693/59/59 665/58/58 692/60/60
f 693/59/59 692/60/60 719/61/61
f 719/61/61 692/60/60 718/62/62
f 719/61/61 718/62/62 744/63/63
f 744/63/63 718/62/62 743/64/64
f 744/63/63 743/64/64 768/65/65
f 768/65/65 743/64/64 767/66/66
f 768/65/65 767/66/66 791/67/67
f 791/67/67 767/66/66 790/68/68
f 791/67/67 790/68/68 811/69/69
f 811/69/69 790/68/68 810/70/70
f 811/69/69 810/70/70 830/71/71
f 830/71/71 810/70/70 829/72/72
f 830/71/71 829/72/72 847/73/73
f 847/73/73 829/72/72 846/74/74
f 847/73/73 846/74/74 862/75/75
f 862/75/75 846/74/74 861/76/76
f 862/75/75 861/76/76 876/77/77
f 876/77/77 861/76/76 875/78/78
f 876/77/77 875/78/78 888/79/79
f 888/79/79 875/78/78 887/80/80
f 888/79/79 887/80/80 898/81/81
f 898/81/81 887/80/80 897/82/82
f 898/81/81 897/82/82 907/83/83
f 907/83/83 897/82/82 906/84/84
f 907/83/83 906/84/84 914/85/85
f 914/85/85 906/84/84 913/86/86
f 914/85/85 913/86/86 920/87/87
f 920/87/87 913/86/86 919/88/88
f 920/87/87 919/88/88 924/89/89
f 924/89/89 919/88/88 923/90/90
f 924/89/89 923/90/90 67/91/91
f 67/91/91 923/90/90 66/92/92
f 66/92/92 923/90/90 919/88/88
f 66/92/92 919/88/88 918/93/93
f 918/93/93 919/88/88 912/94/94
f 918/93/93 912/94/94 65/95/95
f 65/95/95 912/94/94 911/96/96
f 65/95/95 911/96/96 64/97/97
f 64/97/97 911/96/96 63/98/98
f 63/98/98 911/96/96 904/99/99
f 63/98/98 904/99/99 903/100/100
f 903/100/100 904/99/99 894/101/101
f 903/100/100 894/101/101 62/102/102
f 62/102/102 894/101/101 893/103/103
f 62/102/102 893/103/103 61/104/104
f 61/104/104 893/103/103 883/105/105
f 61/104/104 883/105/105 882/106/106
f 882/106/106 883/105/105 870/107/107
f 882/106/106 870/107/107 59/108/108
f 59/108/108 870/107/107 869/109/109
f 59/108/108 869/109/109 58/110/110
f 58/110/110 869/109/109 868/111/111
f 58/110/110 868/111/111 57/112/112
f 57/112/112 868/111/111 854/113/113
f 57/112/112 854/113/113 853/114/114
f 853/114/114 854/113/113 838/115/115
f 853/114/114 838/115/115 56/116/116
f 56/116/116 838/115/115 837/117/117
f 56/116/116 837/117/117 55/118/118
f 55/118/118 837/117/117 54/119/119
f 54/119/119 837/117/117 820/120/120
f 54/119/119 820/120/120 819/121/121
f 819/121/121 820/120/120 800/122/122
f 819/121/121 800/122/122 799/123/123
f 799/123/123 800/122/122 779/124/124
f 799/123/123 779/124/124 778/125/125
f 778/125/125 779/124/124 755/126/126
f 778/125/125 755/126/126 754/127/127
f 754/127/127 755/126/126 730/128/128
f 754/127/127 730/128/128 729/129/129
f 729/129/129 730/128/128 704/130/130
f 729/129/129 704/130/130 703/131/131
f 703/131/131 704/130/130 677/132/132
f 703/131/131 677/132/132 676/133/133
f 676/133/133 677/132/132 649/134/134
f 676/133/133 649/134/134 648/135/135
f 648/135/135 649/134/134 619/136/136
f 648/135/135 619/136/136 618/137/137
f 618/137/137 619/136/136 588/138/138
f 618/137/137 588/138/138 587/139/139
f 587/139/139 588/138/138 556/140/140
f 587/139/139 556/140/140 555/141/141
f 555/141/141 556/140/140 524/142/142
f 555/141/141 524/142/142 523/143/143
f 523/143/143 524/142/142 491/144/144
f 523/143/143 491/144/144 490/145/145
f 490/145/145 491/144/144 457/146/146
f 490/145/145 457/146/146 456/147/147
f 456/147/147 457/146/146 32/148/148
f 456/147/147 32/148/148 33/149/149
f 3/6/6 4/150/150 114/8/8
f 114/8/8 4/150/150 119/10/10
f 119/10/10 4/150/150 118/151/151
f 118/151/151 4/150/150 5/152/152
f 118/151/151 5/152/152 124/153/153
f 124/153/153 5/152/152 123/154/154
f 124/153/153 123/154/154 132/155/155
f 132/155/155 123/154/154 131/156/156
f 132/155/155 131/156/156 141/157/157
f 141/157/157 131/156/156 140/158/158
f 141/157/157 140/158/158 151/159/159
f 151/159/159 140/158/158 150/160/160
f 151/159/159 150/160/160 164/161/161
f 164/161/161 150/160/160 163/162/162
f 164/161/161 163/162/162 179/163/163
f 179/163/163 163/162/162 178/164/164
f 179/163/163 178/164/164 195/165/165
f 195/165/165 178/164/164 194/166/166
f 195/165/165 194/166/166 214/167/167
f 214/167/167 194/166/166 213/168/168
f 214/167/167 213/168/168 233/169/169
f 233/169/169 213/168/168 232/170/170
f 233/169/169 232/170/170 255/171/171
f 255/171/171 232/170/170 254/172/172
f 255/171/171 254/172/172 278/173/173
f 278/173/173 254/172/172 277/174/174
f 278/173/173 277/174/174 303/175/175
f 303/175/175 277/174/174 302/176/176
f 303/175/175 302/176/176 330/177/177
f 330/177/177 302/176/176 329/178/178
f 330/177/177 329/178/178 358/179/179
f 358/179/179 329/178/178 357/180/180
f 358/179/179 357/180/180 386/181/181
f 386/181/181 357/180/180 385/182/182
f 386/181/181 385/182/182 415/183/183
f 415/183/183 385/182/182 414/184/184
f 415/183/183 414/184/184 446/185/185
f 446/185/185 414/184/184 445/186/186
f 446/185/185 445/186/186 478/187/187
f 478/187/187 445/186/186 477/188/188
f 478/187/187 477/188/188 511/189/189
f 511/189/189 477/188/188 510/190/190
f 511/189/189 510/190/190 543/191/191
f 543/191/191 510/190/190 542/192/192
f 543/191/191 542/192/192 574/193/193
f 574/193/193 542/192/192 573/194/194
f 574/193/193 573/194/194 605/195/195
f 605/195/195 573/194/194 604/196/196
f 605/195/195 604/196/196 635/197/197
f 635/197/197 604/196/196 634/198/198
f 635/197/197 634/198/198 664/199/199
f 664/199/199 634/198/198 663/200/200
f 664/199/199 663/200/200 691/201/201
f 691/201/201 663/200/200 690/202/202
f 691/201/201 690/202/202 717/203/203
f 717/203/203 690/202/202 716/204/204
f 717/203/203 716/204/204 742/205/205
f 742/205/205 716/204/204 741/206/206
f 742/205/205 741/206/206 766/207/207
f 766/207/207 741/206/206 765/208/208
f 766/207/207 765/208/208 789/209/209
f 789/209/209 765/208/208 788/210/210
f 789/209/209 788/210/210 809/211/211
f 809/211/211 788/210/210 808/212/212
f 809/211/211 808/212/212 828/213/213
f 828/213/213 808/212/212 827/214/214
f 828/213/213 827/214/214 845/215/215
f 845/215/215 827/214/214 844/216/216
f 845/215/215 844/216/216 860/217/217
f 860/217/217 844/216/216 859/218/218
f 860/217/217 859/218/218 874/219/219
f 874/219/219 859/218/218 873/220/220
f 874/219/219 873/220/220 886/221/221
f 886/221/221 873/220/220 885/222/222
f 886/221/221 885/222/222 896/223/223
f 896/223/223 885/222/222 895/224/224
f 896/223/223 895/224/224 905/225/225
f 905/225/225 895/224/224 904/99/99
f 905/225/225 904/99/99 912/94/94
f 912/94/94 904/99/99 911/96/96
f 5/152/152 6/226/226 123/154/154
f 123/154/154 6/226/226 7/227/227
f 123/154/154 7/227/227 131/156/156
f 131/156/156 7/227/227 130/228/228
f 131/156/156 130/228/228 140/158/158
f 140/158/158 130/228/228 139/229/229
f 140/158/158 139/229/229 150/160/160
f 150/160/160 139/229/229 149/230/230
f 150/160/160 149/230/230 163/162/162
f 163/162/162 149/230/230 162/231/231
f 163/162/162 162/231/231 178/164/164
f 178/164/164 162/231/231 177/232/232
f 178/164/164 177/232/232 194/166/166
f 194/166/166 177/232/232 193/233/233
f 194/166/166 193/233/233 213/168/168
f 213/168/168 193/233/233 212/234/234
f 213/168/168 212/234/234 232/170/170
f 232/170/170 212/234/234 231/235/235
f 232/170/170 231/235/235 254/172/172
f 254/172/172 231/235/235 253/236/236
f 254/172/172 253/236/236 277/174/174
f 277/174/174 253/236/236 276/237/237
f 277/174/174 276/237/237 302/176/176
f 302/176/176 276/237/237 301/238/238
f 302/176/176 301/238/238 329/178/178
f 329/178/178 301/238/238 328/239/239
f 329/178/178 328/239/239 357/180/180
f 357/180/180 328/239/239 356/240/240
f 357/180/180 356/240/240 385/182/182
f 385/182/182 356/240/240 384/241/241
f 385/182/182 384/241/241 414/184/184
f 414/184/184 384/241/241 413/242/242
f 414/184/184 413/242/242 445/186/186
f 445/186/186 413/242/242 444/243/243
f 445/186/186 444/243/243 477/188/188
f 477/188/188 444/243/243 476/244/244
f 477/188/188 476/244/244 510/190/190
f 510/190/190 476/244/244 509/245/245
f 510/190/190 509/245/245 542/192/192
f 542/192/192 509/245/245 541/246/246
f 542/192/192 541/246/246 573/194/194
f 573/194/194 541/246/246 572/247/247
f 573/194/194 572/247/247 604/196/196
f 604/196/196 572/247/247 603/248/248
f 604/196/196 603/248/248 634/198/198
f 634/198/198 603/248/248 633/249/249
f 634/198/198 633/249/249 663/200/200
f 663/200/200 633/249/249 662/250/250
f 663/200/200 662/250/250 690/202/202
f 690/202/202 662/250/250 689/251/251
f 690/202/202 689/251/251 716/204/204
f 716/204/204 689/251/251 715/252/252
f 716/204/204 715/252/252 741/206/206
f 741/206/206 715/252/252 740/253/253
f 741/206/206 740/253/253 765/208/208
f 765/208/208 740/253/253 764/254/254
f 765/208/208 764/254/254 788/210/210
f 788/210/210 764/254/254 787/255/255
f 788/210/210 787/255/255 808/212/212
f 808/212/212 787/255/255 807/256/256
f 808/212/212 807/256/256 827/214/214
f 827/214/214 807/256/256 826/257/257
f 827/214/214 826/257/257 844/216/216
f 844/216/216 826/257/257 843/258/258
f 844/216/216 843/258/258 859/218/218
f 859/218/218 843/258/258 858/259/259
f 859/218/218 858/259/259 873/220/220
f 873/220/220 858/259/259 872/260/260
f 873/220/220 872/260/260 885/222/222
f 885/222/222 872/260/260 884/261/261
f 885/222/222 884/261/261 895/224/224
f 895/224/224 884/261/261 894/101/101
f 895/224/224 894/101/101 904/99/99
f 7/227/227 8/262/262 130/228/228
f 130/228/228 8/262/262 139/229/229
f 139/229/229 8/262/262 138/263/263
f 138/263/263 8/262/262 9/264/264
f 138/263/263 9/264/264 148/265/265
f 148/265/265 9/264/264 147/266/266
f 148/265/265 147/266/266 161/267/267
f 161/267/267 147/266/266 160/268/268
f 161/267/267 160/268/268 176/269/269
f 176/269/269 160/268/268 175/270/270
f 176/269/269 175/270/270 192/271/271
f 192/271/271 175/270/270 191/272/272
f 192/271/271 191/272/272 211/273/273
f 211/273/273 191/272/272 210/274/274
f 211/273/273 210/274/274 230/275/275
f 230/275/275 210/274/274 229/276/276
f 230/275/275 229/276/276 252/277/277
f 252/277/277 229/276/276 251/278/278
f 252/277/277 251/278/278 275/279/279
f 275/279/279 251/278/278 274/280/280
f 275/279/279 274/280/280 300/281/281
f 300/281/281 274/280/280 299/282/282
f 300/281/281 299/282/282 327/283/283
f 327/283/283 299/282/282 326/284/284
f 327/283/283 326/284/284 355/285/285
f 355/285/285 326/284/284 354/286/286
f 355/285/285 354/286/286 383/287/287
f 383/287/287 354/286/286 382/288/288
f 383/287/287 382/288/288 412/289/289
f 412/289/289 382/288/288 411/290/290
f 412/289/289 411/290/290 443/291/291
f 443/291/291 411/290/290 442/292/292
f 443/291/291 442/292/292 475/293/293
f 475/293/293 442/292/292 474/294/294
f 475/293/293 474/294/294 508/295/295
f 508/295/295 474/294/294 507/296/296
f 508/295/295 507/296/296 540/297/297
f 540/297/297 507/296/296 539/298/298
f 540/297/297 539/298/298 571/299/299
f 571/299/299 539/298/298 570/300/300
f 571/299/299 570/300/300 602/301/301
f 602/301/301 570/300/300 601/302/302
f 602/301/301 601/302/302 632/303/303
f 632/303/303 601/302/302 631/304/304
f 632/303/303 631/304/304 661/305/305
f 661/305/305 631/304/304 660/306/306
f 661/305/305 660/306/306 688/307/307
f 688/307/307 660/306/306 687/308/308
f 688/307/307 687/308/308 714/309/309
f 714/309/309 687/308/308 713/310/310
f 714/309/309 713/310/310 739/311/311
f 739/311/311 713/310/310 738/312/312
f 739/311/311 738/312/312 763/313/313
f 763/313/313 738/312/312 762/314/314
f 763/313/313 762/314/314 786/315/315
f 786/315/315 762/314/314 785/316/316
f 786/315/315 785/316/316 806/317/317
f 806/317/317 785/316/316 805/318/318
f 806/317/317 805/318/318 825/319/319
f 825/319/319 805/318/318 824/320/320
f 825/319/319 824/320/320 842/321/321
f 842/321/321 824/320/320 841/322/322
f 842/321/321 841/322/322 857/323/323
f 857/323/323 841/322/322 856/324/324
f 857/323/323 856/324/324 871/325/325
f 871/325/325 856/324/324 870/107/107
f 871/325/325 870/107/107 883/105/105
f 9/264/264 10/326/326 147/266/266
f 147/266/266 10/326/326 11/327/327
f 147/266/266 11/327/327 160/268/268
f 160/268/268 11/327/327 159/328/328
f 160/268/268 159/328/328 175/270/270
f 175/270/270 159/328/328 174/329/329
f 175/270/270 174/329/329 191/272/272
f 191/272/272 174/329/329 190/330/330
f 191/272/272 190/330/330 210/274/274
f 210/274/274 190/330/330 209/331/331
f 210/274/274 209/331/331 229/276/276
f 229/276/276 209/331/331 228/332/332
f 229/276/276 228/332/332 251/278/278
f 251/278/278 228/332/332 250/333/333
f 251/278/278 250/333/333 274/280/280
f 274/280/280 250/333/333 273/334/334
f 274/280/280 273/334/334 299/282/282
f 299/282/282 273/334/334 298/335/335
f 299/282/282 298/335/335 326/284/284
f 326/284/284 298/335/335 325/336/336
f 326/284/284 325/336/336 354/286/286
f 354/286/286 325/336/336 353/337/337
f 354/286/286 353/337/337 382/288/288
f 382/288/288 353/337/337 381/338/338
f 382/288/288 381/338/338 411/290/290
f 411/290/290 381/338/338 410/339/339
f 411/290/290 410/339/339 442/292/292
f 442/292/292 410/339/339 441/340/340
f 442/292/292 441/340/340 474/294/294
f 474/294/294 441/340/340 473/341/341
f 474/294/294 473/341/341 507/296/296
f 507/296/296 473/341/341 506/342/342
f 507/296/296 506/342/342 539/298/298
f 539/298/298 506/342/342 538/343/343
f 539/298/298 538/343/343 570/300/300
f 570/300/300 538/343/343 569/344/344
f 570/300/300 569/344/344 601/302/302
f 601/302/302 569/344/344 600/345/345
f 601/302/302 600/345/345 631/304/304
f 631/304/304 600/345/345 630/346/346
f 631/304/304 630/346/346 660/306/306
f 660/306/306 630/346/346 659/347/347
f 660/306/306 659/347/347 687/308/308
f 687/308/308 659/347/347 686/348/348
f 687/308/308 686/348/348 713/310/310
f 713/310/310 686/348/348 712/349/349
f 713/310/310 712/349/349 738/312/312
f 738/312/312 712/349/349 737/350/350
f 738/312/312 737/350/350 762/314/314
f 762/314/314 737/350/350 761/351/351
f 762/314/314 761/351/351 785/316/316
f 785/316/316 761/351/351 784/352/352
f 785/316/316 784/352/352 805/318/318
f 805/318/318 784/352/352 804/353/353
f 805/318/318 804/353/353 824/320/320
f 824/320/320 804/353/353 823/354/354
f 824/320/320 823/354/354 841/322/322
f 841/322/322 823/354/354 840/355/355
f 841/322/322 840/355/355 856/324/324
f 856/324/324 840/355/355 855/356/356
f 856/324/324 855/356/356 870/107/107
f 870/107/107 855/356/356 869/109/109
f 11/327/327 12/357/357 159/328/328
f 159/328/328 12/357/357 158/358/358
f 159/328/328 158/358/358 174/329/329
f 174/329/329 158/358/358 173/359/359
f 174/329/329 173/359/359 190/330/330
f 190/330/330 173/359/359 189/360/360
f 190/330/330 189/360/360 209/331/331
f 209/331/331 189/360/360 208/361/361
f 209/331/331 208/361/361 228/332/332
f 228/332/332 208/361/361 227/362/362
f 228/332/332 227/362/362 250/333/333
f 250/333/333 227/362/362 249/363/363
f 250/333/333 249/363/363 273/334/334
f 273/334/334 249/363/363 272/364/364
f 273/334/334 272/364/364 298/335/335
f 298/335/335 272/364/364 297/365/365
f 298/335/335 297/365/365 325/336/336
f 325/336/336 297/365/365 324/366/366
f 325/336/336 324/366/366 353/337/337
f 353/337/337 324/366/366 352/367/367
f 353/337/337 352/367/367 381/338/338
f 381/338/338 352/367/367 380/368/368
f 381/338/338 380/368/368 410/339/339
f 410/339/339 380/368/368 409/369/369
f 410/339/339 409/369/369 441/340/340
f 441/340/340 409/369/369 440/370/370
f 441/340/340 440/370/370 473/341/341
f 473/341/341 440/370/370 472/371/371
f 473/341/341 472/371/371 506/342/342
f 506/342/342 472/371/371 505/372/372
f 506/342/342 505/372/372 538/343/343
f 538/343/343 505/372/372 537/373/373
f 538/343/343 537/373/373 569/344/344
f 569/344/344 537/373/373 568/374/374
f 569/344/344 568/374/374 600/345/345
f 600/345/345 568/374/374 599/375/375
f 600/345/345 599/375/375 630/346/346
f 630/346/346 599/375/375 629/376/376
f 630/346/346 629/376/376 659/347/347
f 659/347/347 629/376/376 658/377/377
f 659/347/347 658/377/377 686/348/348
f 686/348/348 658/377/377 685/378/378
f 686/348/348 685/378/378 712/349/349
f 712/349/349 685/378/378 711/379/379
f 712/349/349 711/379/379 737/350/350
f 737/350/350 711/379/379 736/380/380
f 737/350/350 736/380/380 761/351/351
f 761/351/351 736/380/380 760/381/381
f 761/351/351 760/381/381 784/352/352
f 784/352/352 760/381/381 783/382/382
f 784/352/352 783/382/382 804/353/353
f 804/353/353 783/382/382 803/383/383
f 804/353/353 803/383/383 823/354/354
f 823/354/354 803/383/383 822/384/384
f 823/354/354 822/384/384 840/355/355
f 840/355/355 822/384/384 839/385/385
f 840/355/355 839/385/385 855/356/356
f 855/356/356 839/385/385 854/113/113
f 855/356/356 854/113/113 869/109/109
f 869/109/109 854/113/113 868/111/111
f 12/357/357 13/386/386 158/358/358
f 158/358/358 13/386/386 173/359/359
f 173/359/359 13/386/386 172/387/387
f 172/387/387 13/386/386 14/388/388
f 172/387/387 14/388/388 188/389/389
f 188/389/389 14/388/388 187/390/390
f 188/389/389 187/390/390 207/391/391
f 207/391/391 187/390/390 206/392/392
f 207/391/391 206/392/392 226/393/393
f 226/393/393 206/392/392 225/394/394
f 226/393/393 225/394/394 248/395/395
f 248/395/395 225/394/394 247/396/396
f 248/395/395 247/396/396 271/397/397
f 271/397/397 247/396/396 270/398/398
f 271/397/397 270/398/398 296/399/399
f 296/399/399 270/398/398 295/400/400
f 296/399/399 295/400/400 323/401/401
f 323/401/401 295/400/400 322/402/402
f 323/401/401 322/402/402 351/403/403
f 351/403/403 322/402/402 350/404/404
f 351/403/403 350/404/404 379/405/405
f 379/405/405 350/404/404 378/406/406
f 379/405/405 378/406/406 408/407/407
f 408/407/407 378/406/406 407/408/408
f 408/407/407 407/408/408 439/409/409
f 439/409/409 407/408/408 438/410/410
f 439/409/409 438/410/410 471/411/411
f 471/411/411 438/410/410 470/412/412
f 471/411/411 470/412/412 504/413/413
f 504/413/413 470/412/412 503/414/414
f 504/413/413 503/414/414 536/415/415
f 536/415/415 503/414/414 535/416/416
f 536/415/415 535/416/416 567/417/417
f 567/417/417 535/416/416 566/418/418
f 567/417/417 566/418/418 598/419/419
f 598/419/419 566/418/418 597/420/420
f 598/419/419 597/420/420 628/421/421
f 628/421/421 597/420/420 627/422/422
f 628/421/421 627/422/422 657/423/423
f 657/423/423 627/422/422 656/424/424
f 657/423/423 656/424/424 684/425/425
f 684/425/425 656/424/424 683/426/426
f 684/425/425 683/426/426 710/427/427
f 710/427/427 683/426/426 709/428/428
f 710/427/427 709/428/428 735/429/429
f 735/429/429 709/428/428 734/430/430
f 735/429/429 734/430/430 759/431/431
f 759/431/431 734/430/430 758/432/432
f 759/431/431 758/432/432 782/433/433
f 782/433/433 758/432/432 781/434/434
f 782/433/433 781/434/434 802/435/435
f 802/435/435 781/434/434 801/436/436
f 802/435/435 801/436/436 821/437/437
f 821/437/437 801/436/436 820/120/120
f 821/437/437 820/120/120 838/115/115
f 838/115/115 820/120/120 837/117/117
f 14/388/388 15/438/438 187/390/390
f 187/390/390 15/438/438 16/439/439
f 187/390/390 16/439/439 206/392/392
f 206/392/392 16/439/439 205/440/440
f 206/392/392 205/440/440 225/394/394
f 225/394/394 205/440/440 224/441/441
f 225/394/394 224/441/441 247/396/396
f 247/396/396 224/441/441 246/442/442
f 247/396/396 246/442/442 270/398/398
f 270/398/398 246/442/442 269/443/443
f 270/398/398 269/443/443 295/400/400
f 295/400/400 269/443/443 294/444/444
f 295/400/400 294/444/444 322/402/402
f 322/402/402 294/444/444 321/445/445
f 322/402/402 321/445/445 350/404/404
f 350/404/404 321/445/445 349/446/446
f 350/404/404 349/446/446 378/406/406
f 378/406/406 349/446/446 377/447/447
f 378/406/406 377/447/447 407/408/408
f 407/408/408 377/447/447 406/448/448
f 407/408/408 406/448/448 438/410/410
f 438/410/410 406/448/448 437/449/449
f 438/410/410 437/449/449 470/412/412
f 470/412/412 437/449/449 469/450/450
f 470/412/412 469/450/450 503/414/414
f 503/414/414 469/450/450 502/451/451
f 503/414/414 502/451/451 535/416/416
f 535/416/416 502/451/451 534/452/452
f 535/416/416 534/452/452 566/418/418
f 566/418/418 534/452/452 565/453/453
f 566/418/418 565/453/453 597/420/420
f 597/420/420 565/453/453 596/454/454
f 597/420/420 596/454/454 627/422/422
f 627/422/422 596/454/454 626/455/455
f 627/422/422 626/455/455 656/424/424
f 656/424/424 626/455/455 655/456/456
f 656/424/424 655/456/456 683/426/426
f 683/426/426 655/456/456 682/457/457
f 683/426/426 682/457/457 709/428/428
f 709/428/428 682/457/457 708/458/458
f 709/428/428 708/458/458 734/430/430
f 734/430/430 708/458/458 733/459/459
f 734/430/430 733/459/459 758/432/432
f 758/432/432 733/459/459 757/460/460
f 758/432/432 757/460/460 781/434/434
f 781/434/434 757/460/460 780/461/461
f 781/434/434 780/461/461 801/436/436
f 801/436/436 780/461/461 800/122/122
f 801/436/436 800/122/122 820/120/120
f 16/439/439 17/462/462 205/440/440
f 205/440/440 17/462/462 204/463/463
f 205/440/440 204/463/463 224/441/441
f 224/441/441 204/463/463 223/464/464
f 224/441/441 223/464/464 246/442/442
f 246/442/442 223/464/464 245/465/465
f 246/442/442 245/465/465 269/443/443
f 269/443/443 245/465/465 268/466/466
f 269/443/443 268/466/466 294/444/444
f 294/444/444 268/466/466 293/467/467
f 294/444/444 293/467/467 321/445/445
f 321/445/445 293/467/467 320/468/468
f 321/445/445 320/468/468 349/446/446
f 349/446/446 320/468/468 348/469/469
f 349/446/446 348/469/469 377/447/447
f 377/447/447 348/469/469 376/470/470
f 377/447/447 376/470/470 406/448/448
f 406/448/448 376/470/470 405/471/471
f 406/448/448 405/471/471 437/449/449
f 437/449/449 405/471/471 436/472/472
f 437/449/449 436/472/472 469/450/450
f 469/450/450 436/472/472 468/473/473
f 469/450/450 468/473/473 502/451/451
f 502/451/451 468/473/473 501/474/474
f 502/451/451 501/474/474 534/452/452
f 534/452/452 501/474/474 533/475/475
f 534/452/452 533/475/475 565/453/453
f 565/453/453 533/475/475 564/476/476
f 565/453/453 564/476/476 596/454/454
f 596/454/454 564/476/476 595/477/477
f 596/454/454 595/477/477 626/455/455
f 626/455/455 595/477/477 625/478/478
f 626/455/455 625/478/478 655/456/456
f 655/456/456 625/478/478 654/479/479
f 655/456/456 654/479/479 682/457/457
f 682/457/457 654/479/479 681/480/480
f 682/457/457 681/480/480 708/458/458
f 708/458/458 681/480/480 707/481/481
f 708/458/458 707/481/481 733/459/459
f 733/459/459 707/481/481 732/482/482
f 733/459/459 732/482/482 757/460/460
f 757/460/460 732/482/482 756/483/483
f 757/460/460 756/483/483 780/461/461
f 780/461/461 756/483/483 779/124/124
f 780/461/461 779/124/124 800/122/122
f 17/462/462 18/484/484 204/463/463
f 204/463/463 18/484/484 223/464/464
f 223/464/464 18/484/484 222/485/485
f 222/485/485 18/484/484 19/486/486
f 222/485/485 19/486/486 244/487/487
f 244/487/487 19/486/486 243/488/488
f 244/487/487 243/488/488 267/489/489
f 267/489/489 243/488/488 266/490/490
f 267/489/489 266/490/490 292/491/491
f 292/491/491 266/490/490 291/492/492
f 292/491/491 291/492/492 319/493/493
f 319/493/493 291/492/492 318/494/494
f 319/493/493 318/494/494 347/495/495
f 347/495/495 318/494/494 346/496/496
f 347/495/495 346/496/496 375/497/497
f 375/497/497 346/496/496 374/498/498
f 375/497/497 374/498/498 404/499/499
f 404/499/499 374/498/498 403/500/500
f 404/499/499 403/500/500 435/501/501
f 435/501/501 403/500/500 434/502/502
f 435/501/501 434/502/502 467/503/503
f 467/503/503 434/502/502 466/504/504
f 467/503/503 466/504/504 500/505/505
f 500/505/505 466/504/504 499/506/506
f 500/505/505 499/506/506 532/507/507
f 532/507/507 499/506/506 531/508/508
f 532/507/507 531/508/508 563/509/509
f 563/509/509 531/508/508 562/510/510
f 563/509/509 562/510/510 594/511/511
f 594/511/511 562/510/510 593/512/512
f 594/511/511 593/512/512 624/513/513
f 624/513/513 593/512/512 623/514/514
f 624/513/513 623/514/514 653/515/515
f 653/515/515 623/514/514 652/516/516
f 653/515/515 652/516/516 680/517/517
f 680/517/517 652/516/516 679/518/518
f 680/517/517 679/518/518 706/519/519
f 706/519/519 679/518/518 705/520/520
f 706/519/519 705/520/520 731/521/521
f 731/521/521 705/520/520 730/128/128
f 731/521/521 730/128/128 755/126/126
f 19/486/486 20/522/522 243/488/488
f 243/488/488 20/522/522 242/523/523
f 243/488/488 242/523/523 266/490/490
f 266/490/490 242/523/523 265/524/524
f 266/490/490 265/524/524 291/492/492
f 291/492/492 265/524/524 290/525/525
f 291/492/492 290/525/525 318/494/494
f 318/494/494 290/525/525 317/526/526
f 318/494/494 317/526/526 346/496/496
f 346/496/496 317/526/526 345/527/527
f 346/496/496 345/527/527 374/498/498
f 374/498/498 345/527/527 373/528/528
f 374/498/498 373/528/528 403/500/500
f 403/500/500 373/528/528 402/529/529
f 403/500/500 402/529/529 434/502/502
f 434/502/502 402/529/529 433/530/530
f 434/502/502 433/530/530 466/504/504
f 466/504/504 433/530/530 465/531/531
f 466/504/504 465/531/531 499/506/506
f 499/506/506 465/531/531 498/532/532
f 499/506/506 498/532/532 531/508/508
f 531/508/508 498/532/532 530/533/533
f 531/508/508 530/533/533 562/510/510
f 562/510/510 530/533/533 561/534/534
f 562/510/510 561/534/534 593/512/512
f 593/512/512 561/534/534 592/535/535
f 593/512/512 592/535/535 623/514/514
f 623/514/514 592/535/535 622/536/536
f 623/514/514 622/536/536 652/516/516
f 652/516/516 622/536/536 651/537/537
f 652/516/516 651/537/537 679/518/518
f 679/518/518 651/537/537 678/538/538
f 679/518/518 678/538/538 705/520/520
f 705/520/520 678/538/538 704/130/130
f 705/520/520 704/130/130 730/128/128
f 20/522/522 21/539/539 242/523/523
f 242/523/523 21/539/539 265/524/524
f 21/539/539 22/540/540 265/524/524
f 265/524/524 22/540/540 264/541/541
f 265/524/524 264/541/541 290/525/525
f 290/525/525 264/541/541 289/542/542
f 290/525/525 289/542/542 317/526/526
f 317/526/526 289/542/542 316/543/543
f 317/526/526 316/543/543 345/527/527
f 345/527/527 316/543/543 344/544/544
f 345/527/527 344/544/544 373/528/528
f 373/528/528 344/544/544 372/545/545
f 373/528/528 372/545/545 402/529/529
f 402/529/529 372/545/545 401/546/546
f 402/529/529 401/546/546 433/530/530
f 433/530/530 401/546/546 432/547/547
f 433/530/530 432/547/547 465/531/531
f 465/531/531 432/547/547 464/548/548
f 465/531/531 464/548/548 498/532/532
f 498/532/532 464/548/548 497/549/549
f 498/532/532 497/549/549 530/533/533
f 530/533/533 497/549/549 529/550/550
f 530/533/533 529/550/550 561/534/534
f 561/534/534 529/550/550 560/551/551
f 561/534/534 560/551/551 592/535/535
f 592/535/535 560/551/551 591/552/552
f 592/535/535 591/552/552 622/536/536
f 622/536/536 591/552/552 621/553/553
f 622/536/536 621/553/553 651/537/537
f 651/537/537 621/553/553 650/554/554
f 651/537/537 650/554/554 678/538/538
f 678/538/538 650/554/554 677/132/132
f 678/538/538 677/132/132 704/130/130
f 22/540/540 23/555/555 264/541/541
f 264/541/541 23/555/555 289/542/542
f 289/542/542 23/555/555 288/556/556
f 288/556/556 23/555/555 24/557/557
f 288/556/556 24/557/557 315/558/558
f 315/558/558 24/557/557 314/559/559
f 315/558/558 314/559/559 343/560/560
f 343/560/560 314/559/559 342/561/561
f 343/560/560 342/561/561 371/562/562
f 371/562/562 342/561/561 370/563/563
f 371/562/562 370/563/563 400/564/564
f 400/564/564 370/563/563 399/565/565
f 400/564/564 399/565/565 431/566/566
f 431/566/566 399/565/565 430/567/567
f 431/566/566 430/567/567 463/568/568
f 463/568/568 430/567/567 462/569/569
f 463/568/568 462/569/569 496/570/570
f 496/570/570 462/569/569 495/571/571
f 496/570/570 495/571/571 528/572/572
f 528/572/572 495/571/571 527/573/573
f 528/572/572 527/573/573 559/574/574
f 559/574/574 527/573/573 558/575/575
f 559/574/574 558/575/575 590/576/576
f 590/576/576 558/575/575 589/577/577
f 590/576/576 589/577/577 620/578/578
f 620/578/578 589/577/577 619/136/136
f 620/578/578 619/136/136 649/134/134
f 24/557/557 25/579/579 314/559/559
f 314/559/559 25/579/579 313/580/580
f 314/559/559 313/580/580 342/561/561
f 342/561/561 313/580/580 341/581/581
f 342/561/561 341/581/581 370/563/563
f 370/563/563 341/581/581 369/582/582
f 370/563/563 369/582/582 399/565/565
f 399/565/565 369/582/582 398/583/583
f 399/565/565 398/583/583 430/567/567
f 430/567/567 398/583/583 429/584/584
f 430/567/567 429/584/584 462/569/569
f 462/569/569 429/584/584 461/585/585
f 462/569/569 461/585/585 495/571/571
f 495/571/571 461/585/585 494/586/586
f 495/571/571 494/586/586 527/573/573
f 527/573/573 494/586/586 526/587/587
f 527/573/573 526/587/587 558/575/575
f 558/575/575 526/587/587 557/588/588
f 558/575/575 557/588/588 589/577/577
f 589/577/577 557/588/588 588/138/138
f 589/577/577 588/138/138 619/136/136
f 25/579/579 26/589/589 313/580/580
f 313/580/580 26/589/589 341/581/581
f 26/589/589 27/590/590 341/581/581
f 341/581/581 27/590/590 340/591/591
f 341/581/581 340/591/591 369/582/582
f 369/582/582 340/591/591 368/592/592
f 369/582/582 368/592/592 398/583/583
f 398/583/583 368/592/592 397/593/593
f 398/583/583 397/593/593 429/584/584
f 429/584/584 397/593/593 428/594/594
f 429/584/584 428/594/594 461/585/585
f 461/585/585 428/594/594 460/595/595
f 461/585/585 460/595/595 494/586/586
f 494/586/586 460/595/595 493/596/596
f 494/586/586 493/596/596 526/587/587
f 526/587/587 493/596/596 525/597/597
f 526/587/587 525/597/597 557/588/588
f 557/588/588 525/597/597 556/140/140
f 557/588/588 556/140/140 588/138/138
f 27/590/590 28/598/598 340/591/591
f 340/591/591 28/598/598 368/592/592
f 368/592/592 28/598/598 367/599/599
f 367/599/599 28/598/598 29/600/600
f 367/599/599 29/600/600 396/601/601
f 396/601/601 29/600/600 395/602/602
f 396/601/601 395/602/602 427/603/603
f 427/603/603 395/602/602 426/604/604
f 427/603/603 426/604/604 459/605/605
f 459/605/605 426/604/604 458/606/606
f 459/605/605 458/606/606 492/607/607
f 492/607/607 458/606/606 491/144/144
f 492/607/607 491/144/144 524/142/142
f 29/600/600 30/608/608 395/602/602
f 395/602/602 30/608/608 31/609/609
f 395/602/602 31/609/609 426/604/604
f 426/604/604 31/609/609 425/610/610
f 426/604/604 425/610/610 458/606/606
f 458/606/606 425/610/610 457/146/146
f 458/606/606 457/146/146 491/144/144
f 31/609/609 32/148/148 425/610/610
f 425/610/610 32/148/148 457/146/146
f 34/611/611 488/612/612 33/149/149
f 33/149/149 488/612/612 489/613/613
f 33/149/149 489/613/613 456/147/147
f 456/147/147 489/613/613 490/145/145
f 34/611/611 35/614/614 488/612/612
f 488/612/612 35/614/614 520/615/615
f 488/612/612 520/615/615 521/616/616
f 521/616/616 520/615/615 37/617/617
f 521/616/616 37/617/617 552/618/618
f 552/618/618 37/617/617 38/619/619
f 552/618/618 38/619/619 553/620/620
f 553/620/620 38/619/619 584/621/621
f 553/620/620 584/621/621 585/622/622
f 585/622/622 584/621/621 39/623/623
f 585/622/622 39/623/623 615/624/624
f 615/624/624 39/623/623 40/625/625
f 615/624/624 40/625/625 41/626/626
f 35/614/614 36/627/627 520/615/615
f 520/615/615 36/627/627 37/617/617
f 38/619/619 39/623/623 584/621/621
f 42/628/628 645/629/629 41/626/626
f 41/626/626 645/629/629 616/630/630
f 41/626/626 616/630/630 615/624/624
f 615/624/624 616/630/630 585/622/622
f 43/631/631 673/632/632 42/628/628
f 42/628/628 673/632/632 646/633/633
f 42/628/628 646/633/633 645/629/629
f 645/629/629 646/633/633 616/630/630
f 673/632/632 43/631/631 674/634/634
f 674/634/634 43/631/631 44/635/635
f 674/634/634 44/635/635 700/636/636
f 700/636/636 44/635/635 45/637/637
f 700/636/636 45/637/637 701/638/638
f 701/638/638 45/637/637 46/639/639
f 701/638/638 46/639/639 727/640/640
f 727/640/640 46/639/639 47/641/641
f 727/640/640 47/641/641 728/642/642
f 728/642/642 47/641/641 752/643/643
f 728/642/642 752/643/643 753/644/644
f 753/644/644 752/643/643 48/645/645
f 753/644/644 48/645/645 49/646/646
f 47/641/641 48/645/645 752/643/643
f 753/644/644 49/646/646 776/647/647
f 776/647/647 49/646/646 50/648/648
f 776/647/647 50/648/648 777/649/649
f 777/649/649 50/648/648 51/650/650
f 777/649/649 51/650/650 798/651/651
f 798/651/651 51/650/650 52/652/652
f 798/651/651 52/652/652 799/123/123
f 799/123/123 52/652/652 818/653/653
f 799/123/123 818/653/653 819/121/121
f 819/121/121 818/653/653 53/654/654
f 819/121/121 53/654/654 54/119/119
f 52/652/652 53/654/654 818/653/653
f 56/116/116 57/112/112 853/114/114
f 59/108/108 60/655/655 882/106/106
f 882/106/106 60/655/655 61/104/104
f 62/102/102 63/98/98 903/100/100
f 65/95/95 66/92/92 918/93/93
f 924/89/89 67/91/91 927/656/656
f 927/656/656 67/91/91 68/657/657
f 927/656/656 68/657/657 69/658/658
f 927/656/656 69/658/658 928/659/659
f 928/659/659 69/658/658 70/660/660
f 928/659/659 70/660/660 925/661/661
f 925/661/661 70/660/660 71/662/662
f 925/661/661 71/662/662 926/663/663
f 926/663/663 71/662/662 72/664/664
f 926/663/663 72/664/664 922/665/665
f 922/665/665 72/664/664 916/666/666
f 922/665/665 916/666/666 915/667/667
f 915/667/667 916/666/666 908/668/668
f 915/667/667 908/668/668 907/83/83
f 907/83/83 908/668/668 898/81/81
f 916/666/666 72/664/664 917/669/669
f 917/669/669 72/664/664 73/670/670
f 917/669/669 73/670/670 74/671/671
f 75/672/672 902/673/673 74/671/671
f 74/671/671 902/673/673 910/674/674
f 74/671/671 910/674/674 917/669/669
f 917/669/669 910/674/674 909/675/675
f 917/669/669 909/675/675 916/666/666
f 916/666/666 909/675/675 908/668/668
f 902/673/673 75/672/672 892/676/676
f 892/676/676 75/672/672 76/677/677
f 892/676/676 76/677/677 880/678/678
f 880/678/678 76/677/677 881/679/679
f 880/678/678 881/679/679 866/680/680
f 866/680/680 881/679/679 867/681/681
f 866/680/680 867/681/681 851/682/682
f 851/682/682 867/681/681 852/683/683
f 851/682/682 852/683/683 834/684/684
f 834/684/684 852/683/683 835/685/685
f 834/684/684 835/685/685 815/686/686
f 815/686/686 835/685/685 816/687/687
f 815/686/686 816/687/687 795/688/688
f 795/688/688 816/687/687 796/689/689
f 795/688/688 796/689/689 772/690/690
f 772/690/690 796/689/689 773/691/691
f 772/690/690 773/691/691 748/692/692
f 748/692/692 773/691/691 749/693/693
f 748/692/692 749/693/693 723/694/694
f 723/694/694 749/693/693 724/695/695
f 723/694/694 724/695/695 697/696/696
f 697/696/696 724/695/695 698/697/697
f 697/696/696 698/697/697 670/698/698
f 670/698/698 698/697/697 671/699/699
f 670/698/698 671/699/699 641/700/700
f 641/700/700 671/699/699 642/701/701
f 641/700/700 642/701/701 611/702/702
f 611/702/702 642/701/701 612/703/703
f 611/702/702 612/703/703 580/704/704
f 580/704/704 612/703/703 581/705/705
f 580/704/704 581/705/705 549/706/706
f 549/706/706 581/705/705 550/707/707
f 549/706/706 550/707/707 517/708/708
f 517/708/708 550/707/707 518/709/709
f 517/708/708 518/709/709 484/710/710
f 484/710/710 518/709/709 485/711/711
f 484/710/710 485/711/711 452/712/712
f 452/712/712 485/711/711 453/713/713
f 452/712/712 453/713/713 421/714/714
f 421/714/714 453/713/713 422/715/715
f 421/714/714 422/715/715 392/716/716
f 392/716/716 422/715/715 393/717/717
f 392/716/716 393/717/717 364/718/718
f 364/718/718 393/717/717 365/719/719
f 364/718/718 365/719/719 336/720/720
f 336/720/720 365/719/719 337/721/721
f 336/720/720 337/721/721 309/722/722
f 309/722/722 337/721/721 310/723/723
f 309/722/722 310/723/723 284/724/724
f 284/724/724 310/723/723 285/725/725
f 284/724/724 285/725/725 261/726/726
f 261/726/726 285/725/725 262/727/727
f 261/726/726 262/727/727 239/728/728
f 239/728/728 262/727/727 240/729/729
f 239/728/728 240/729/729 220/730/730
f 220/730/730 240/729/729 221/731/731
f 220/730/730 221/731/731 201/732/732
f 201/732/732 221/731/731 202/733/733
f 201/732/732 202/733/733 185/734/734
f 185/734/734 202/733/733 186/735/735
f 185/734/734 186/735/735 170/736/736
f 170/736/736 186/735/735 171/737/737
f 170/736/736 171/737/737 96/738/738
f 96/738/738 171/737/737 95/739/739
f 95/739/739 171/737/737 186/735/735
f 95/739/739 186/735/735 94/740/740
f 94/740/740 186/735/735 202/733/733
f 94/740/740 202/733/733 203/741/741
f 203/741/741 202/733/733 110/742/742
f 203/741/741 110/742/742 94/740/740
f 94/740/740 110/742/742 93/743/743
f 93/743/743 110/742/742 241/744/744
f 93/743/743 241/744/744 92/745/745
f 92/745/745 241/744/744 263/746/746
f 92/745/745 263/746/746 287/747/747
f 287/747/747 263/746/746 286/748/748
f 287/747/747 286/748/748 312/749/749
f 312/749/749 286/748/748 311/750/750
f 312/749/749 311/750/750 339/751/751
f 339/751/751 311/750/750 338/752/752
f 339/751/751 338/752/752 109/753/753
f 109/753/753 338/752/752 366/754/754
f 109/753/753 366/754/754 108/755/755
f 108/755/755 366/754/754 394/756/756
f 108/755/755 394/756/756 424/757/757
f 424/757/757 394/756/756 423/758/758
f 424/757/757 423/758/758 455/759/759
f 455/759/759 423/758/758 454/760/760
f 455/759/759 454/760/760 487/761/761
f 487/761/761 454/760/760 486/762/762
f 487/761/761 486/762/762 107/763/763
f 107/763/763 486/762/762 519/764/764
f 107/763/763 519/764/764 106/765/765
f 106/765/765 519/764/764 551/766/766
f 106/765/765 551/766/766 583/767/767
f 583/767/767 551/766/766 582/768/768
f 583/767/767 582/768/768 614/769/769
f 614/769/769 582/768/768 613/770/770
f 614/769/769 613/770/770 644/771/771
f 644/771/771 613/770/770 643/772/772
f 644/771/771 643/772/772 105/773/773
f 105/773/773 643/772/772 672/774/774
f 105/773/773 672/774/774 104/775/775
f 104/775/775 672/774/774 699/776/776
f 104/775/775 699/776/776 726/777/777
f 726/777/777 699/776/776 725/778/778
f 726/777/777 725/778/778 751/779/779
f 751/779/779 725/778/778 750/780/780
f 751/779/779 750/780/780 775/781/781
f 775/781/781 750/780/780 774/782/782
f 775/781/781 774/782/782 797/783/783
f 797/783/783 774/782/782 773/691/691
f 797/783/783 773/691/691 796/689/689
f 76/677/677 77/784/784 881/679/679
f 881/679/679 77/784/784 867/681/681
f 77/784/784 78/785/785 867/681/681
f 867/681/681 78/785/785 852/683/683
f 852/683/683 78/785/785 103/786/786
f 103/786/786 78/785/785 79/787/787
f 103/786/786 79/787/787 836/788/788
f 836/788/788 79/787/787 817/789/789
f 836/788/788 817/789/789 816/687/687
f 816/687/687 817/789/789 796/689/689
f 79/787/787 80/790/790 817/789/789
f 817/789/789 80/790/790 797/783/783
f 817/789/789 797/783/783 796/689/689
f 797/783/783 80/790/790 775/781/781
f 775/781/781 80/790/790 81/791/791
f 775/781/781 81/791/791 751/779/779
f 751/779/779 81/791/791 82/792/792
f 751/779/779 82/792/792 726/777/777
f 726/777/777 82/792/792 104/775/775
f 82/792/792 83/793/793 104/775/775
f 104/775/775 83/793/793 105/773/773
f 83/793/793 84/794/794 105/773/773
f 105/773/773 84/794/794 644/771/771
f 644/771/771 84/794/794 614/769/769
f 614/769/769 84/794/794 85/795/795
f 614/769/769 85/795/795 583/767/767
f 583/767/767 85/795/795 106/765/765
f 85/795/795 86/796/796 106/765/765
f 106/765/765 86/796/796 107/763/763
f 86/796/796 87/797/797 107/763/763
f 107/763/763 87/797/797 487/761/761
f 487/761/761 87/797/797 455/759/759
f 455/759/759 87/797/797 88/798/798
f 455/759/759 88/798/798 424/757/757
f 424/757/757 88/798/798 108/755/755
f 88/798/798 89/799/799 108/755/755
f 108/755/755 89/799/799 109/753/753
f 89/799/799 90/800/800 109/753/753
f 109/753/753 90/800/800 339/751/751
f 339/751/751 90/800/800 312/749/749
f 312/749/749 90/800/800 91/801/801
f 312/749/749 91/801/801 287/747/747
f 287/747/747 91/801/801 92/745/745
f 170/736/736 96/738/738 157/802/802
f 157/802/802 96/738/738 97/803/803
f 157/802/802 97/803/803 111/804/804
f 111/804/804 97/803/803 98/805/805
f 111/804/804 98/805/805 137/806/806
f 137/806/806 98/805/805 129/807/807
f 137/806/806 129/807/807 128/808/808
f 128/808/808 129/807/807 100/809/809
f 128/808/808 100/809/809 122/810/810
f 122/810/810 100/809/809 117/811/811
f 122/810/810 117/811/811 116/812/812
f 116/812/812 117/811/811 101/813/813
f 116/812/812 101/813/813 102/1/1
f 98/805/805 99/814/814 129/807/807
f 129/807/807 99/814/814 100/809/809
f 100/809/809 101/813/813 117/811/811
f 116/812/812 102/1/1 113/3/3
f 116/812/812 113/3/3 112/5/5
f 112/5/5 115/7/7 116/812/812
f 116/812/812 115/7/7 121/815/815
f 116/812/812 121/815/815 122/810/810
f 122/810/810 121/815/815 128/808/808
f 121/815/815 115/7/7 120/9/9
f 125/12/12 119/10/10 118/151/151
f 121/815/815 120/9/9 127/816/816
f 127/816/816 120/9/9 126/11/11
f 127/816/816 126/11/11 135/817/817
f 135/817/817 126/11/11 134/13/13
f 135/817/817 134/13/13 144/818/818
f 144/818/818 134/13/13 143/15/15
f 144/818/818 143/15/15 154/819/819
f 154/819/819 143/15/15 153/17/17
f 154/819/819 153/17/17 167/820/820
f 167/820/820 153/17/17 166/19/19
f 167/820/820 166/19/19 182/821/821
f 182/821/821 166/19/19 181/21/21
f 182/821/821 181/21/21 198/822/822
f 198/822/822 181/21/21 197/23/23
f 198/822/822 197/23/23 217/823/823
f 217/823/823 197/23/23 216/25/25
f 217/823/823 216/25/25 236/824/824
f 236/824/824 216/25/25 235/27/27
f 236/824/824 235/27/27 258/825/825
f 258/825/825 235/27/27 257/29/29
f 258/825/825 257/29/29 281/826/826
f 281/826/826 257/29/29 280/31/31
f 281/826/826 280/31/31 306/827/827
f 306/827/827 280/31/31 305/33/33
f 306/827/827 305/33/33 333/828/828
f 333/828/828 305/33/33 332/35/35
f 333/828/828 332/35/35 361/829/829
f 361/829/829 332/35/35 360/37/37
f 361/829/829 360/37/37 389/830/830
f 389/830/830 360/37/37 388/39/39
f 389/830/830 388/39/39 418/831/831
f 418/831/831 388/39/39 417/41/41
f 418/831/831 417/41/41 449/832/832
f 449/832/832 417/41/41 448/43/43
f 449/832/832 448/43/43 481/833/833
f 481/833/833 448/43/43 480/45/45
f 481/833/833 480/45/45 514/834/834
f 514/834/834 480/45/45 513/47/47
f 514/834/834 513/47/47 546/835/835
f 546/835/835 513/47/47 545/49/49
f 546/835/835 545/49/49 577/836/836
f 577/836/836 545/49/49 576/51/51
f 577/836/836 576/51/51 608/837/837
f 608/837/837 576/51/51 607/53/53
f 608/837/837 607/53/53 638/838/838
f 638/838/838 607/53/53 637/55/55
f 638/838/838 637/55/55 667/839/839
f 667/839/839 637/55/55 666/57/57
f 667/839/839 666/57/57 694/840/840
f 694/840/840 666/57/57 693/59/59
f 694/840/840 693/59/59 720/841/841
f 720/841/841 693/59/59 719/61/61
f 720/841/841 719/61/61 745/842/842
f 745/842/842 719/61/61 744/63/63
f 745/842/842 744/63/63 769/843/843
f 769/843/843 744/63/63 768/65/65
f 769/843/843 768/65/65 792/844/844
f 792/844/844 768/65/65 791/67/67
f 792/844/844 791/67/67 812/845/845
f 812/845/845 791/67/67 811/69/69
f 812/845/845 811/69/69 831/846/846
f 831/846/846 811/69/69 830/71/71
f 831/846/846 830/71/71 848/847/847
f 848/847/847 830/71/71 847/73/73
f 848/847/847 847/73/73 863/848/848
f 863/848/848 847/73/73 862/75/75
f 863/848/848 862/75/75 877/849/849
f 877/849/849 862/75/75 876/77/77
f 877/849/849 876/77/77 889/850/850
f 889/850/850 876/77/77 888/79/79
f 889/850/850 888/79/79 899/851/851
f 899/851/851 888/79/79 898/81/81
f 899/851/851 898/81/81 908/668/668
f 133/14/14 125/12/12 124/153/153
f 124/153/153 125/12/12 118/151/151
f 133/14/14 124/153/153 132/155/155
f 121/815/815 127/816/816 128/808/808
f 128/808/808 127/816/816 136/852/852
f 128/808/808 136/852/852 137/806/806
f 137/806/806 136/852/852 146/853/853
f 137/806/806 146/853/853 111/804/804
f 111/804/804 146/853/853 157/802/802
f 136/852/852 127/816/816 135/817/817
f 142/16/16 133/14/14 132/155/155
f 142/16/16 132/155/155 141/157/157
f 136/852/852 135/817/817 145/854/854
f 145/854/854 135/817/817 144/818/818
f 145/854/854 144/818/818 155/855/855
f 155/855/855 144/818/818 154/819/819
f 155/855/855 154/819/819 168/856/856
f 168/856/856 154/819/819 167/820/820
f 168/856/856 167/820/820 183/857/857
f 183/857/857 167/820/820 182/821/821
f 183/857/857 182/821/821 199/858/858
f 199/858/858 182/821/821 198/822/822
f 199/858/858 198/822/822 218/859/859
f 218/859/859 198/822/822 217/823/823
f 218/859/859 217/823/823 237/860/860
f 237/860/860 217/823/823 236/824/824
f 237/860/860 236/824/824 259/861/861
f 259/861/861 236/824/824 258/825/825
f 259/861/861 258/825/825 282/862/862
f 282/862/862 258/825/825 281/826/826
f 282/862/862 281/826/826 307/863/863
f 307/863/863 281/826/826 306/827/827
f 307/863/863 306/827/827 334/864/864
f 334/864/864 306/827/827 333/828/828
f 334/864/864 333/828/828 362/865/865
f 362/865/865 333/828/828 361/829/829
f 362/865/865 361/829/829 390/866/866
f 390/866/866 361/829/829 389/830/830
f 390/866/866 389/830/830 419/867/867
f 419/867/867 389/830/830 418/831/831
f 419/867/867 418/831/831 450/868/868
f 450/868/868 418/831/831 449/832/832
f 450/868/868 449/832/832 482/869/869
f 482/869/869 449/832/832 481/833/833
f 482/869/869 481/833/833 515/870/870
f 515/870/870 481/833/833 514/834/834
f 515/870/870 514/834/834 547/871/871
f 547/871/871 514/834/834 546/835/835
f 547/871/871 546/835/835 578/872/872
f 578/872/872 546/835/835 577/836/836
f 578/872/872 577/836/836 609/873/873
f 609/873/873 577/836/836 608/837/837
f 609/873/873 608/837/837 639/874/874
f 639/874/874 608/837/837 638/838/838
f 639/874/874 638/838/838 668/875/875
f 668/875/875 638/838/838 667/839/839
f 668/875/875 667/839/839 695/876/876
f 695/876/876 667/839/839 694/840/840
f 695/876/876 694/840/840 721/877/877
f 721/877/877 694/840/840 720/841/841
f 721/877/877 720/841/841 746/878/878
f 746/878/878 720/841/841 745/842/842
f 746/878/878 745/842/842 770/879/879
f 770/879/879 745/842/842 769/843/843
f 770/879/879 769/843/843 793/880/880
f 793/880/880 769/843/843 792/844/844
f 793/880/880 792/844/844 813/881/881
f 813/881/881 792/844/844 812/845/845
f 813/881/881 812/845/845 832/882/882
f 832/882/882 812/845/845 831/846/846
f 832/882/882 831/846/846 849/883/883
f 849/883/883 831/846/846 848/847/847
f 849/883/883 848/847/847 864/884/884
f 864/884/884 848/847/847 863/848/848
f 864/884/884 863/848/848 878/885/885
f 878/885/885 863/848/848 877/849/849
f 878/885/885 877/849/849 890/886/886
f 890/886/886 877/849/849 889/850/850
f 890/886/886 889/850/850 900/887/887
f 900/887/887 889/850/850 899/851/851
f 900/887/887 899/851/851 909/675/675
f 909/675/675 899/851/851 908/668/668
f 149/230/230 139/229/229 138/263/263
f 152/18/18 142/16/16 141/157/157
f 152/18/18 141/157/157 151/159/159
f 136/852/852 145/854/854 146/853/853
f 146/853/853 145/854/854 156/888/888
f 146/853/853 156/888/888 157/802/802
f 157/802/802 156/888/888 170/736/736
f 156/888/888 145/854/854 155/855/855
f 162/231/231 149/230/230 148/265/265
f 148/265/265 149/230/230 138/263/263
f 162/231/231 148/265/265 161/267/267
f 165/20/20 152/18/18 151/159/159
f 165/20/20 151/159/159 164/161/161
f 156/888/888 155/855/855 169/889/889
f 169/889/889 155/855/855 168/856/856
f 169/889/889 168/856/856 184/890/890
f 184/890/890 168/856/856 183/857/857
f 184/890/890 183/857/857 200/891/891
f 200/891/891 183/857/857 199/858/858
f 200/891/891 199/858/858 219/892/892
f 219/892/892 199/858/858 218/859/859
f 219/892/892 218/859/859 238/893/893
f 238/893/893 218/859/859 237/860/860
f 238/893/893 237/860/860 260/894/894
f 260/894/894 237/860/860 259/861/861
f 260/894/894 259/861/861 283/895/895
f 283/895/895 259/861/861 282/862/862
f 283/895/895 282/862/862 308/896/896
f 308/896/896 282/862/862 307/863/863
f 308/896/896 307/863/863 335/897/897
f 335/897/897 307/863/863 334/864/864
f 335/897/897 334/864/864 363/898/898
f 363/898/898 334/864/864 362/865/865
f 363/898/898 362/865/865 391/899/899
f 391/899/899 362/865/865 390/866/866
f 391/899/899 390/866/866 420/900/900
f 420/900/900 390/866/866 419/867/867
f 420/900/900 419/867/867 451/901/901
f 451/901/901 419/867/867 450/868/868
f 451/901/901 450/868/868 483/902/902
f 483/902/902 450/868/868 482/869/869
f 483/902/902 482/869/869 516/903/903
f 516/903/903 482/869/869 515/870/870
f 516/903/903 515/870/870 548/904/904
f 548/904/904 515/870/870 547/871/871
f 548/904/904 547/871/871 579/905/905
f 579/905/905 547/871/871 578/872/872
f 579/905/905 578/872/872 610/906/906
f 610/906/906 578/872/872 609/873/873
f 610/906/906 609/873/873 640/907/907
f 640/907/907 609/873/873 639/874/874
f 640/907/907 639/874/874 669/908/908
f 669/908/908 639/874/874 668/875/875
f 669/908/908 668/875/875 696/909/909
f 696/909/909 668/875/875 695/876/876
f 696/909/909 695/876/876 722/910/910
f 722/910/910 695/876/876 721/877/877
f 722/910/910 721/877/877 747/911/911
f 747/911/911 721/877/877 746/878/878
f 747/911/911 746/878/878 771/912/912
f 771/912/912 746/878/878 770/879/879
f 771/912/912 770/879/879 794/913/913
f 794/913/913 770/879/879 793/880/880
f 794/913/913 793/880/880 814/914/914
f 814/914/914 793/880/880 813/881/881
f 814/914/914 813/881/881 833/915/915
f 833/915/915 813/881/881 832/882/882
f 833/915/915 832/882/882 850/916/916
f 850/916/916 832/882/882 849/883/883
f 850/916/916 849/883/883 865/917/917
f 865/917/917 849/883/883 864/884/884
f 865/917/917 864/884/884 879/918/918
f 879/918/918 864/884/884 878/885/885
f 879/918/918 878/885/885 891/919/919
f 891/919/919 878/885/885 890/886/886
f 891/919/919 890/886/886 901/920/920
f 901/920/920 890/886/886 900/887/887
f 901/920/920 900/887/887 910/674/674
f 910/674/674 900/887/887 909/675/675
f 177/232/232 162/231/231 161/267/267
f 177/232/232 161/267/267 176/269/269
f 180/22/22 165/20/20 164/161/161
f 180/22/22 164/161/161 179/163/163
f 185/734/734 170/736/736 169/889/889
f 169/889/889 170/736/736 156/888/888
f 185/734/734 169/889/889 184/890/890
f 189/360/360 173/359/359 172/387/387
f 193/233/233 177/232/232 176/269/269
f 193/233/233 176/269/269 192/271/271
f 196/24/24 180/22/22 179/163/163
f 196/24/24 179/163/163 195/165/165
f 201/732/732 185/734/734 184/890/890
f 201/732/732 184/890/890 200/891/891
f 208/361/361 189/360/360 188/389/389
f 188/389/389 189/360/360 172/387/387
f 208/361/361 188/389/389 207/391/391
f 212/234/234 193/233/233 192/271/271
f 212/234/234 192/271/271 211/273/273
f 215/26/26 196/24/24 195/165/165
f 215/26/26 195/165/165 214/167/167
f 220/730/730 201/732/732 200/891/891
f 220/730/730 200/891/891 219/892/892
f 110/742/742 202/733/733 221/731/731
f 227/362/362 208/361/361 207/391/391
f 227/362/362 207/391/391 226/393/393
f 231/235/235 212/234/234 211/273/273
f 231/235/235 211/273/273 230/275/275
f 234/28/28 215/26/26 214/167/167
f 234/28/28 214/167/167 233/169/169
f 239/728/728 220/730/730 219/892/892
f 239/728/728 219/892/892 238/893/893
f 241/744/744 110/742/742 221/731/731
f 241/744/744 221/731/731 240/729/729
f 245/465/465 223/464/464 222/485/485
f 249/363/363 227/362/362 226/393/393
f 249/363/363 226/393/393 248/395/395
f 253/236/236 231/235/235 230/275/275
f 253/236/236 230/275/275 252/277/277
f 256/30/30 234/28/28 233/169/169
f 256/30/30 233/169/169 255/171/171
f 261/726/726 239/728/728 238/893/893
f 261/726/726 238/893/893 260/894/894
f 263/746/746 241/744/744 240/729/729
f 263/746/746 240/729/729 262/727/727
f 268/466/466 245/465/465 244/487/487
f 244/487/487 245/465/465 222/485/485
f 268/466/466 244/487/487 267/489/489
f 272/364/364 249/363/363 248/395/395
f 272/364/364 248/395/395 271/397/397
f 276/237/237 253/236/236 252/277/277
f 276/237/237 252/277/277 275/279/279
f 279/32/32 256/30/30 255/171/171
f 279/32/32 255/171/171 278/173/173
f 284/724/724 261/726/726 260/894/894
f 284/724/724 260/894/894 283/895/895
f 286/748/748 263/746/746 262/727/727
f 286/748/748 262/727/727 285/725/725
f 293/467/467 268/466/466 267/489/489
f 293/467/467 267/489/489 292/491/491
f 297/365/365 272/364/364 271/397/397
f 297/365/365 271/397/397 296/399/399
f 301/238/238 276/237/237 275/279/279
f 301/238/238 275/279/279 300/281/281
f 304/34/34 279/32/32 278/173/173
f 304/34/34 278/173/173 303/175/175
f 309/722/722 284/724/724 283/895/895
f 309/722/722 283/895/895 308/896/896
f 311/750/750 286/748/748 285/725/725
f 311/750/750 285/725/725 310/723/723
f 316/543/543 289/542/542 288/556/556
f 320/468/468 293/467/467 292/491/491
f 320/468/468 292/491/491 319/493/493
f 324/366/366 297/365/365 296/399/399
f 324/366/366 296/399/399 323/401/401
f 328/239/239 301/238/238 300/281/281
f 328/239/239 300/281/281 327/283/283
f 331/36/36 304/34/34 303/175/175
f 331/36/36 303/175/175 330/177/177
f 336/720/720 309/722/722 308/896/896
f 336/720/720 308/896/896 335/897/897
f 338/752/752 311/750/750 310/723/723
f 338/752/752 310/723/723 337/721/721
f 344/544/544 316/543/543 315/558/558
f 315/558/558 316/543/543 288/556/556
f 344/544/544 315/558/558 343/560/560
f 348/469/469 320/468/468 319/493/493
f 348/469/469 319/493/493 347/495/495
f 352/367/367 324/366/366 323/401/401
f 352/367/367 323/401/401 351/403/403
f 356/240/240 328/239/239 327/283/283
f 356/240/240 327/283/283 355/285/285
f 359/38/38 331/36/36 330/177/177
f 359/38/38 330/177/177 358/179/179
f 364/718/718 336/720/720 335/897/897
f 364/718/718 335/897/897 363/898/898
f 366/754/754 338/752/752 337/721/721
f 366/754/754 337/721/721 365/719/719
f 372/545/545 344/544/544 343/560/560
f 372/545/545 343/560/560 371/562/562
f 376/470/470 348/469/469 347/495/495
f 376/470/470 347/495/495 375/497/497
f 380/368/368 352/367/367 351/403/403
f 380/368/368 351/403/403 379/405/405
f 384/241/241 356/240/240 355/285/285
f 384/241/241 355/285/285 383/287/287
f 387/40/40 359/38/38 358/179/179
f 387/40/40 358/179/179 386/181/181
f 392/716/716 364/718/718 363/898/898
f 392/716/716 363/898/898 391/899/899
f 394/756/756 366/754/754 365/719/719
f 394/756/756 365/719/719 393/717/717
f 397/593/593 368/592/592 367/599/599
f 401/546/546 372/545/545 371/562/562
f 401/546/546 371/562/562 400/564/564
f 405/471/471 376/470/470 375/497/497
f 405/471/471 375/497/497 404/499/499
f 409/369/369 380/368/368 379/405/405
f 409/369/369 379/405/405 408/407/407
f 413/242/242 384/241/241 383/287/287
f 413/242/242 383/287/287 412/289/289
f 416/42/42 387/40/40 386/181/181
f 416/42/42 386/181/181 415/183/183
f 421/714/714 392/716/716 391/899/899
f 421/714/714 391/899/899 420/900/900
f 423/758/758 394/756/756 393/717/717
f 423/758/758 393/717/717 422/715/715
f 428/594/594 397/593/593 396/601/601
f 396/601/601 397/593/593 367/599/599
f 428/594/594 396/601/601 427/603/603
f 432/547/547 401/546/546 400/564/564
f 432/547/547 400/564/564 431/566/566
f 436/472/472 405/471/471 404/499/499
f 436/472/472 404/499/499 435/501/501
f 440/370/370 409/369/369 408/407/407
f 440/370/370 408/407/407 439/409/409
f 444/243/243 413/242/242 412/289/289
f 444/243/243 412/289/289 443/291/291
f 447/44/44 416/42/42 415/183/183
f 447/44/44 415/183/183 446/185/185
f 452/712/712 421/714/714 420/900/900
f 452/712/712 420/900/900 451/901/901
f 454/760/760 423/758/758 422/715/715
f 454/760/760 422/715/715 453/713/713
f 460/595/595 428/594/594 427/603/603
f 460/595/595 427/603/603 459/605/605
f 464/548/548 432/547/547 431/566/566
f 464/548/548 431/566/566 463/568/568
f 468/473/473 436/472/472 435/501/501
f 468/473/473 435/501/501 467/503/503
f 472/371/371 440/370/370 439/409/409
f 472/371/371 439/409/409 471/411/411
f 476/244/244 444/243/243 443/291/291
f 476/244/244 443/291/291 475/293/293
f 479/46/46 447/44/44 446/185/185
f 479/46/46 446/185/185 478/187/187
f 484/710/710 452/712/712 451/901/901
f 484/710/710 451/901/901 483/902/902
f 486/762/762 454/760/760 453/713/713
f 486/762/762 453/713/713 485/711/711
f 493/596/596 460/595/595 459/605/605
f 493/596/596 459/605/605 492/607/607
f 497/549/549 464/548/548 463/568/568
f 497/549/549 463/568/568 496/570/570
f 501/474/474 468/473/473 467/503/503
f 501/474/474 467/503/503 500/505/505
f 505/372/372 472/371/371 471/411/411
f 505/372/372 471/411/411 504/413/413
f 509/245/245 476/244/244 475/293/293
f 509/245/245 475/293/293 508/295/295
f 512/48/48 479/46/46 478/187/187
f 512/48/48 478/187/187 511/189/189
f 517/708/708 484/710/710 483/902/902
f 517/708/708 483/902/902 516/903/903
f 519/764/764 486/762/762 485/711/711
f 519/764/764 485/711/711 518/709/709
f 488/612/612 521/616/616 489/613/613
f 489/613/613 521/616/616 522/921/921
f 489/613/613 522/921/921 490/145/145
f 490/145/145 522/921/921 523/143/143
f 525/597/597 493/596/596 492/607/607
f 525/597/597 492/607/607 524/142/142
f 529/550/550 497/549/549 496/570/570
f 529/550/550 496/570/570 528/572/572
f 533/475/475 501/474/474 500/505/505
f 533/475/475 500/505/505 532/507/507
f 537/373/373 505/372/372 504/413/413
f 537/373/373 504/413/413 536/415/415
f 541/246/246 509/245/245 508/295/295
f 541/246/246 508/295/295 540/297/297
f 544/50/50 512/48/48 511/189/189
f 544/50/50 511/189/189 543/191/191
f 549/706/706 517/708/708 516/903/903
f 549/706/706 516/903/903 548/904/904
f 551/766/766 519/764/764 518/709/709
f 551/766/766 518/709/709 550/707/707
f 552/618/618 553/620/620 521/616/616
f 521/616/616 553/620/620 522/921/921
f 523/143/143 522/921/921 554/922/922
f 554/922/922 522/921/921 553/620/620
f 554/922/922 553/620/620 585/622/622
f 556/140/140 525/597/597 524/142/142
f 560/551/551 529/550/550 528/572/572
f 560/551/551 528/572/572 559/574/574
f 564/476/476 533/475/475 532/507/507
f 564/476/476 532/507/507 563/509/509
f 568/374/374 537/373/373 536/415/415
f 568/374/374 536/415/415 567/417/417
f 572/247/247 541/246/246 540/297/297
f 572/247/247 540/297/297 571/299/299
f 575/52/52 544/50/50 543/191/191
f 575/52/52 543/191/191 574/193/193
f 580/704/704 549/706/706 548/904/904
f 580/704/704 548/904/904 579/905/905
f 582/768/768 551/766/766 550/707/707
f 582/768/768 550/707/707 581/705/705
f 523/143/143 554/922/922 555/141/141
f 555/141/141 554/922/922 586/923/923
f 555/141/141 586/923/923 587/139/139
f 587/139/139 586/923/923 617/924/924
f 587/139/139 617/924/924 618/137/137
f 618/137/137 617/924/924 647/925/925
f 618/137/137 647/925/925 648/135/135
f 648/135/135 647/925/925 675/926/926
f 648/135/135 675/926/926 676/133/133
f 676/133/133 675/926/926 702/927/927
f 676/133/133 702/927/927 703/131/131
f 703/131/131 702/927/927 728/642/642
f 703/131/131 728/642/642 729/129/129
f 729/129/129 728/642/642 753/644/644
f 729/129/129 753/644/644 754/127/127
f 754/127/127 753/644/644 777/649/649
f 754/127/127 777/649/649 778/125/125
f 778/125/125 777/649/649 798/651/651
f 778/125/125 798/651/651 799/123/123
f 586/923/923 554/922/922 585/622/622
f 591/552/552 560/551/551 559/574/574
f 591/552/552 559/574/574 590/576/576
f 595/477/477 564/476/476 563/509/509
f 595/477/477 563/509/509 594/511/511
f 599/375/375 568/374/374 567/417/417
f 599/375/375 567/417/417 598/419/419
f 603/248/248 572/247/247 571/299/299
f 603/248/248 571/299/299 602/301/301
f 606/54/54 575/52/52 574/193/193
f 606/54/54 574/193/193 605/195/195
f 611/702/702 580/704/704 579/905/905
f 611/702/702 579/905/905 610/906/906
f 613/770/770 582/768/768 581/705/705
f 613/770/770 581/705/705 612/703/703
f 617/924/924 586/923/923 616/630/630
f 616/630/630 586/923/923 585/622/622
f 621/553/553 591/552/552 590/576/576
f 621/553/553 590/576/576 620/578/578
f 625/478/478 595/477/477 594/511/511
f 625/478/478 594/511/511 624/513/513
f 629/376/376 599/375/375 598/419/419
f 629/376/376 598/419/419 628/421/421
f 633/249/249 603/248/248 602/301/301
f 633/249/249 602/301/301 632/303/303
f 636/56/56 606/54/54 605/195/195
f 636/56/56 605/195/195 635/197/197
f 641/700/700 611/702/702 610/906/906
f 641/700/700 610/906/906 640/907/907
f 643/772/772 613/770/770 612/703/703
f 643/772/772 612/703/703 642/701/701
f 647/925/925 617/924/924 646/633/633
f 646/633/633 617/924/924 616/630/630
f 650/554/554 621/553/553 620/578/578
f 650/554/554 620/578/578 649/134/134
f 654/479/479 625/478/478 624/513/513
f 654/479/479 624/513/513 653/515/515
f 658/377/377 629/376/376 628/421/421
f 658/377/377 628/421/421 657/423/423
f 662/250/250 633/249/249 632/303/303
f 662/250/250 632/303/303 661/305/305
f 665/58/58 636/56/56 635/197/197
f 665/58/58 635/197/197 664/199/199
f 670/698/698 641/700/700 640/907/907
f 670/698/698 640/907/907 669/908/908
f 672/774/774 643/772/772 642/701/701
f 672/774/774 642/701/701 671/699/699
f 673/632/632 674/634/634 646/633/633
f 646/633/633 674/634/634 647/925/925
f 677/132/132 650/554/554 649/134/134
f 681/480/480 654/479/479 653/515/515
f 681/480/480 653/515/515 680/517/517
f 685/378/378 658/377/377 657/423/423
f 685/378/378 657/423/423 684/425/425
f 689/251/251 662/250/250 661/305/305
f 689/251/251 661/305/305 688/307/307
f 692/60/60 665/58/58 664/199/199
f 692/60/60 664/199/199 691/201/201
f 697/696/696 670/698/698 669/908/908
f 697/696/696 669/908/908 696/909/909
f 699/776/776 672/774/774 671/699/699
f 699/776/776 671/699/699 698/697/697
f 647/925/925 674/634/634 675/926/926
f 675/926/926 674/634/634 701/638/638
f 675/926/926 701/638/638 702/927/927
f 702/927/927 701/638/638 727/640/640
f 702/927/927 727/640/640 728/642/642
f 700/636/636 701/638/638 674/634/634
f 707/481/481 681/480/480 680/517/517
f 707/481/481 680/517/517 706/519/519
f 711/379/379 685/378/378 684/425/425
f 711/379/379 684/425/425 710/427/427
f 715/252/252 689/251/251 688/307/307
f 715/252/252 688/307/307 714/309/309
f 718/62/62 692/60/60 691/201/201
f 718/62/62 691/201/201 717/203/203
f 723/694/694 697/696/696 696/909/909
f 723/694/694 696/909/909 722/910/910
f 725/778/778 699/776/776 698/697/697
f 725/778/778 698/697/697 724/695/695
f 732/482/482 707/481/481 706/519/519
f 732/482/482 706/519/519 731/521/521
f 736/380/380 711/379/379 710/427/427
f 736/380/380 710/427/427 735/429/429
f 740/253/253 715/252/252 714/309/309
f 740/253/253 714/309/309 739/311/311
f 743/64/64 718/62/62 717/203/203
f 743/64/64 717/203/203 742/205/205
f 748/692/692 723/694/694 722/910/910
f 748/692/692 722/910/910 747/911/911
f 750/780/780 725/778/778 724/695/695
f 750/780/780 724/695/695 749/693/693
f 756/483/483 732/482/482 731/521/521
f 756/483/483 731/521/521 755/126/126
f 760/381/381 736/380/380 735/429/429
f 760/381/381 735/429/429 759/431/431
f 764/254/254 740/253/253 739/311/311
f 764/254/254 739/311/311 763/313/313
f 767/66/66 743/64/64 742/205/205
f 767/66/66 742/205/205 766/207/207
f 772/690/690 748/692/692 747/911/911
f 772/690/690 747/911/911 771/912/912
f 774/782/782 750/780/780 749/693/693
f 774/782/782 749/693/693 773/691/691
f 776/647/647 777/649/649 753/644/644
f 779/124/124 756/483/483 755/126/126
f 783/382/382 760/381/381 759/431/431
f 783/382/382 759/431/431 782/433/433
f 787/255/255 764/254/254 763/313/313
f 787/255/255 763/313/313 786/315/315
f 790/68/68 767/66/66 766/207/207
f 790/68/68 766/207/207 789/209/209
f 795/688/688 772/690/690 771/912/912
f 795/688/688 771/912/912 794/913/913
f 803/383/383 783/382/382 782/433/433
f 803/383/383 782/433/433 802/435/435
f 807/256/256 787/255/255 786/315/315
f 807/256/256 786/315/315 806/317/317
f 810/70/70 790/68/68 789/209/209
f 810/70/70 789/209/209 809/211/211
f 815/686/686 795/688/688 794/913/913
f 815/686/686 794/913/913 814/914/914
f 822/384/384 803/383/383 802/435/435
f 822/384/384 802/435/435 821/437/437
f 826/257/257 807/256/256 806/317/317
f 826/257/257 806/317/317 825/319/319
f 829/72/72 810/70/70 809/211/211
f 829/72/72 809/211/211 828/213/213
f 834/684/684 815/686/686 814/914/914
f 834/684/684 814/914/914 833/915/915
f 836/788/788 816/687/687 835/685/685
f 839/385/385 822/384/384 821/437/437
f 839/385/385 821/437/437 838/115/115
f 843/258/258 826/257/257 825/319/319
f 843/258/258 825/319/319 842/321/321
f 846/74/74 829/72/72 828/213/213
f 846/74/74 828/213/213 845/215/215
f 851/682/682 834/684/684 833/915/915
f 851/682/682 833/915/915 850/916/916
f 103/786/786 836/788/788 835/685/685
f 103/786/786 835/685/685 852/683/683
f 854/113/113 839/385/385 838/115/115
f 858/259/259 843/258/258 842/321/321
f 858/259/259 842/321/321 857/323/323
f 861/76/76 846/74/74 845/215/215
f 861/76/76 845/215/215 860/217/217
f 866/680/680 851/682/682 850/916/916
f 866/680/680 850/916/916 865/917/917
f 872/260/260 858/259/259 857/323/323
f 872/260/260 857/323/323 871/325/325
f 875/78/78 861/76/76 860/217/217
f 875/78/78 860/217/217 874/219/219
f 880/678/678 866/680/680 865/917/917
f 880/678/678 865/917/917 879/918/918
f 884/261/261 872/260/260 871/325/325
f 884/261/261 871/325/325 883/105/105
f 887/80/80 875/78/78 874/219/219
f 887/80/80 874/219/219 886/221/221
f 892/676/676 880/678/678 879/918/918
f 892/676/676 879/918/918 891/919/919
f 894/101/101 884/261/261 883/105/105
f 893/103/103 894/101/101 883/105/105
f 897/82/82 887/80/80 886/221/221
f 897/82/82 886/221/221 896/223/223
f 902/673/673 892/676/676 891/919/919
f 902/673/673 891/919/919 901/920/920
f 906/84/84 897/82/82 896/223/223
f 906/84/84 896/223/223 905/225/225
f 910/674/674 902/673/673 901/920/920
f 913/86/86 906/84/84 905/225/225
f 913/86/86 905/225/225 912/94/94
f 915/667/667 907/83/83 914/85/85
f 919/88/88 913/86/86 912/94/94
f 915/667/667 914/85/85 921/928/928
f 921/928/928 914/85/85 920/87/87
f 921/928/928 920/87/87 925/661/661
f 925/661/661 920/87/87 924/89/89
f 925/661/661 924/89/89 928/659/659
f 928/659/659 924/89/89 927/656/656
f 926/663/663 922/665/665 921/928/928
f 921/928/928 922/665/665 915/667/667
f 926/663/663 921/928/928 925/661/661
f 1/929/929 102/930/930 929/931/931
f 929/931/931 102/930/930 101/932/932
f 929/931/931 101/932/932 100/933/933
f 100/933/933 99/934/934 929/931/931
f 929/931/931 99/934/934 98/935/935
f 929/931/931 98/935/935 97/936/936
f 97/936/936 96/937/937 929/931/931
f 929/931/931 96/937/937 95/938/938
f 929/931/931 95/938/938 94/939/939
f 94/939/939 93/940/940 929/931/931
f 929/931/931 93/940/940 92/941/941
f 929/931/931 92/941/941 91/942/942
f 91/942/942 90/943/943 929/931/931
f 929/931/931 90/943/943 89/944/944
f 929/931/931 89/944/944 88/945/945
f 88/945/945 87/946/946 929/931/931
f 929/931/931 87/946/946 86/947/947
f 929/931/931 86/947/947 85/948/948
f 85/948/948 84/949/949 929/931/931
f 929/931/931 84/949/949 83/950/950
f 929/931/931 83/950/950 82/951/951
f 82/951/951 81/952/952 929/931/931
f 929/931/931 81/952/952 80/953/953
f 929/931/931 80/953/953 79/954/954
f 79/954/954 78/955/955 929/931/931
f 929/931/931 78/955/955 77/956/956
f 929/931/931 77/956/956 76/957/957
f 76/957/957 75/958/958 929/931/931
f 929/931/931 75/958/958 74/959/959
f 929/931/931 74/959/959 73/960/960
f 73/960/960 72/961/961 929/931/931
f 929/931/931 72/961/961 71/962/962
f 929/931/931 71/962/962 70/963/963
f 70/963/963 69/964/964 929/931/931
f 35/965/965 929/966/966 36/967/967
f 36/967/967 929/966/966 37/968/968
f 37/968/968 929/966/966 38/969/969
f 38/969/969 929/966/966 39/970/970
f 39/970/970 929/966/966 40/971/971
f 40/971/971 929/966/966 41/972/972
f 41/972/972 929/966/966 42/973/973
f 42/973/973 929/966/966 43/974/974
f 43/974/974 929/966/966 44/975/975
f 44/975/975 929/966/966 45/976/976
f 45/976/976 929/966/966 46/977/977
f 46/977/977 929/966/966 47/978/978
f 47/978/978 929/966/966 48/979/979
f 48/979/979 929/966/966 49/980/980
f 49/980/980 929/966/966 50/981/981
f 50/981/981 929/966/966 51/982/982
f 51/982/982 929/966/966 52/983/983
f 52/983/983 929/966/966 53/984/984
f 53/984/984 929/966/966 54/985/985
f 54/985/985 929/966/966 55/986/986
f 55/986/986 929/966/966 56/987/987
f 56/987/987 929/966/966 57/988/988
f 57/988/988 929/966/966 58/989/989
f 58/989/989 929/966/966 59/990/990
f 59/990/990 929/966/966 60/991/991
f 60/991/991 929/966/966 61/992/992
f 61/992/992 929/966/966 62/993/993
f 62/993/993 929/966/966 63/994/994
f 63/994/994 929/966/966 64/995/995
f 64/995/995 929/966/966 65/996/996
f 65/996/996 929/966/966 66/997/997
f 66/997/997 929/966/966 67/998/998
f 67/998/998 929/966/966 68/999/999
f 68/999/999 929/966/966 69/1000/1000
f 1/1001/1001 929/1002/1002 2/1003/1003
f 2/1003/1003 929/1002/1002 3/1004/1004
f 3/1004/1004 929/1002/1002 4/1005/1005
f 4/1005/1005 929/1002/1002 5/1006/1006
f 5/1006/1006 929/1002/1002 6/1007/1007
f 6/1007/1007 929/1002/1002 7/1008/1008
f 7/1008/1008 929/1002/1002 8/1009/1009
f 8/1009/1009 929/1002/1002 9/1010/1010
f 9/1010/1010 929/1002/1002 10/1011/1011
f 10/1011/1011 929/1002/1002 11/1012/1012
f 11/1012/1012 929/1002/1002 12/1013/1013
f 12/1013/1013 929/1002/1002 13/1014/1014
f 13/1014/1014 929/1002/1002 14/1015/1015
f 14/1015/1015 929/1002/1002 15/1016/1016
f 15/1016/1016 929/1002/1002 16/1017/1017
f 16/1017/1017 929/1002/1002 17/1018/1018
f 17/1018/1018 929/1002/1002 18/1019/1019
f 18/1019/1019 929/1002/1002 19/1020/1020
f 19/1020/1020 929/1002/1002 20/1021/1021
f 20/1021/1021 929/1002/1002 21/1022/1022
f 21/1022/1022 929/1002/1002 22/1023/1023
f 22/1023/1023 929/1002/1002 23/1024/1024
f 23/1024/1024 929/1002/1002 24/1025/1025
f 24/1025/1025 929/1002/1002 25/1026/1026
f 25/1026/1026 929/1002/1002 26/1027/1027
f 26/1027/1027 929/1002/1002 27/1028/1028
f 27/1028/1028 929/1002/1002 28/1029/1029
f 28/1029/1029 929/1002/1002 29/1030/1030
f 29/1030/1030 929/1002/1002 30/1031/1031
f 30/1031/1031 929/1002/1002 31/1032/1032
f 31/1032/1032 929/1002/1002 32/1033/1033
f 32/1033/1033 929/1002/1002 33/1034/1034
f 33/1034/1034 929/1002/1002 34/1035/1035
f 34/1035/1035 929/1002/1002 35/1036/1036
# 929 vertices
# 1036 texture params
# 1036 normals
# 1854 facets

# 1 groups
