# WaveFront *.obj file (generated by Autodesk ATF)

mtllib Whole_BBR.mtl

g Whole_BBR

v 0.000000 0.000000 -333.436254
v 0.000000 -15.399239 -333.080469
v 0.000000 -30.765616 -332.013874
v 0.000000 -46.066337 -330.238744
v 0.000000 -61.268751 -327.758868
v 0.000000 -76.340414 -324.579538
v 0.000000 -91.249162 -320.707539
v 0.000000 -105.963180 -316.151134
v 0.000000 -120.451068 -310.920047
v 0.000000 -134.681907 -305.025441
v 0.000000 -148.625328 -298.479894
v 0.000000 -162.251574 -291.297377
v 0.000000 -175.531568 -283.493217
v 0.000000 -188.436969 -275.084067
v 0.000000 -200.940236 -266.087875
v 0.000000 -213.014686 -256.523837
v 0.000000 -224.634552 -246.412365
v 0.000000 -235.775036 -235.775036
v 0.000000 -246.412365 -224.634552
v 0.000000 -256.523837 -213.014686
v 0.000000 -266.087875 -200.940236
v 0.000000 -275.084067 -188.436969
v 0.000000 -283.493217 -175.531568
v 0.000000 -291.297377 -162.251574
v 0.000000 -298.479894 -148.625328
v 0.000000 -305.025441 -134.681907
v 0.000000 -310.920047 -120.451068
v 0.000000 -316.151134 -105.963180
v 0.000000 -320.707539 -91.249162
v 0.000000 -324.579538 -76.340414
v 0.000000 -327.758868 -61.268751
v 0.000000 -330.238744 -46.066337
v 0.000000 -332.013874 -30.765616
v 0.000000 -333.080469 -15.399239
v 0.000000 -333.436254 0.000000
v 0.000000 0.000000 0.000000
v 15.402284 -333.084952 0.000000
v 30.771900 -332.022559 0.000000
v 46.076036 -330.251343 0.000000
v 61.282019 -327.775084 0.000000
v 76.357386 -324.599070 0.000000
v 91.269954 -320.730081 0.000000
v 105.987887 -316.176376 0.000000
v 120.479763 -310.947677 0.000000
v 134.714645 -305.055147 0.000000
v 148.662143 -298.511365 0.000000
v 162.292480 -291.330302 0.000000
v 175.576559 -283.527287 0.000000
v 188.486018 -275.118981 0.000000
v 200.993299 -266.123332 0.000000
v 213.071700 -256.559545 0.000000
v 224.695435 -246.448039 0.000000
v 235.839689 -235.810399 0.000000
v 246.480670 -224.669336 0.000000
v 256.595662 -213.048635 0.000000
v 266.163070 -200.973103 0.000000
v 275.162470 -188.468520 0.000000
v 283.574648 -175.561583 0.000000
v 291.381646 -162.279845 0.000000
v 298.566797 -148.651662 0.000000
v 305.114761 -134.706127 0.000000
v 311.011560 -120.473014 0.000000
v 316.244605 -105.982706 0.000000
v 320.802724 -91.266140 0.000000
v 324.676186 -76.354732 0.000000
v 327.856721 -61.280318 0.000000
v 330.337540 -46.075078 0.000000
v 332.113346 -30.771475 0.000000
v 333.180348 -15.402178 0.000000
v 333.536269 0.000000 0.000000
v 15.402284 0.000000 -333.084952
v 30.771900 0.000000 -332.022559
v 46.076036 0.000000 -330.251343
v 61.282019 0.000000 -327.775084
v 76.357386 0.000000 -324.599070
v 91.269954 0.000000 -320.730081
v 105.987887 0.000000 -316.176376
v 120.479763 0.000000 -310.947677
v 134.714645 0.000000 -305.055147
v 148.662143 0.000000 -298.511365
v 162.292480 0.000000 -291.330302
v 175.576559 0.000000 -283.527287
v 188.486018 0.000000 -275.118981
v 200.993299 0.000000 -266.123332
v 213.071700 0.000000 -256.559545
v 224.695435 0.000000 -246.448039
v 235.839689 0.000000 -235.810399
v 246.480670 0.000000 -224.669336
v 256.595662 0.000000 -213.048635
v 266.163070 0.000000 -200.973103
v 275.162470 0.000000 -188.468520
v 283.574648 0.000000 -175.561583
v 291.381646 0.000000 -162.279845
v 298.566797 0.000000 -148.651662
v 305.114761 0.000000 -134.706127
v 311.011560 0.000000 -120.473014
v 316.244605 0.000000 -105.982706
v 320.802724 0.000000 -91.266140
v 324.676186 0.000000 -76.354732
v 327.856721 0.000000 -61.280318
v 330.337540 0.000000 -46.075078
v 332.113346 0.000000 -30.771475
v 333.180348 0.000000 -15.402178
v 1.644987 -304.446012 -135.977881
v 9.950792 -269.476525 -196.125240
v 11.746335 -263.814982 -203.582326
v 15.356986 -238.874535 -232.133423
v 15.356986 -232.133423 -238.874535
v 11.746335 -203.582326 -263.814982
v 9.950792 -196.125240 -269.476525
v 6.011227 -144.210442 -300.579692
v 6.498614 -86.914961 -321.845604
v 4.853330 -333.154594 -12.851768
v 16.031555 -333.047845 -2.250370
v 1.846619 -331.864184 -32.293310
v 13.330855 -332.443871 -22.040015
v 24.786844 -332.313836 -11.739668
v 36.190131 -331.474355 -1.414257
v 9.762733 -330.720929 -41.352680
v 21.533229 -331.259274 -31.426987
v 33.257967 -331.090425 -21.434201
v 44.911918 -330.214743 -11.395656
v 56.470202 -328.634097 -1.332783
v 5.312688 -327.939627 -60.068083
v 17.396146 -329.122814 -50.584208
v 29.442678 -329.603368 -40.992342
v 41.426568 -329.380264 -31.312963
v 53.322232 -328.453978 -21.566735
v 65.104273 -326.826486 -11.774465
v 76.747538 -324.501264 -1.957058
v 12.365986 -325.968604 -69.092403
v 6.498614 -321.845604 -86.914961
v 24.730317 -327.073302 -59.967891
v 37.042065 -327.479743 -50.715354
v 49.274947 -327.187059 -41.354548
v 61.402848 -326.195874 -31.905455
v 73.399875 -324.508305 -22.388248
v 85.240416 -322.127955 -12.823245
v 96.899195 -319.059905 -3.230866
v 12.605140 -319.160926 -95.706165
v 25.548759 -320.742244 -87.501536
v 38.438048 -321.638821 -79.110104
v 51.245491 -321.848741 -70.549782
v 63.943746 -321.371559 -61.838846
v 76.505702 -320.208291 -52.995892
v 88.904542 -318.361422 -44.039799
v 101.113797 -315.834893 -34.989687
v 113.107401 -312.634101 -25.864877
v 124.859750 -308.765876 -16.684849
v 136.345753 -304.238478 -7.469201
v 116.808631 -312.302514 -5.097092
v 105.210250 -316.103428 -14.498398
v 93.387176 -319.229620 -23.868339
v 81.364619 -321.674430 -33.186868
v 69.168214 -323.432650 -42.434045
v 56.823968 -324.500539 -51.590088
v 44.358205 -324.875829 -60.635408
v 31.797508 -324.557729 -69.550655
v 19.168667 -323.546932 -78.316756
v 5.211311 -313.933080 -112.248124
v 18.450078 -316.053021 -104.659008
v 31.649669 -317.498232 -96.846459
v 44.781906 -318.265627 -88.827156
v 57.818754 -318.353567 -80.618219
v 70.732379 -317.761866 -72.237172
v 83.495214 -316.491786 -63.701910
v 96.080012 -314.546038 -55.030652
v 108.459905 -311.928777 -46.241911
v 120.608464 -308.645590 -37.354450
v 132.499754 -304.703487 -28.387242
v 144.108389 -300.110883 -19.359432
v 155.409584 -294.877582 -10.290291
v 166.379215 -289.014757 -1.199182
v 10.472591 -310.591802 -120.850681
v 23.964634 -312.550895 -113.675690
v 37.405729 -313.842734 -106.258016
v 50.767182 -314.464562 -98.613496
v 64.020467 -314.415049 -90.758449
v 77.137290 -313.694303 -82.709645
v 90.089649 -312.303862 -74.484268
v 102.849892 -310.246694 -66.099876
v 115.390778 -307.527192 -57.574370
v 127.685534 -304.151160 -48.925951
v 139.707912 -300.125807 -40.173081
v 151.432246 -295.459725 -31.334447
v 162.833506 -290.162877 -22.428918
v 173.887352 -284.246570 -13.475507
v 184.570185 -277.723435 -4.493327
v 15.407263 -306.881650 -129.495505
v 29.136859 -308.662138 -122.736673
v 42.804466 -309.783673 -115.715815
v 56.380905 -310.243862 -108.447919
v 69.837192 -310.041722 -100.948501
v 83.144599 -309.177685 -93.233572
v 96.274717 -307.653595 -85.319602
v 109.199515 -305.472707 -77.223486
v 121.891400 -302.639675 -68.962508
v 134.323277 -299.160548 -60.554305
v 146.468605 -295.042754 -52.016826
v 158.301456 -290.295083 -43.368299
v 169.796568 -284.927672 -34.627185
v 180.929401 -278.951978 -25.812148
v 191.676188 -272.380759 -16.942005
v 202.013985 -265.228044 -8.035693
v 10.047664 -296.379056 -152.447514
v 24.254743 -298.387663 -146.836973
v 38.410255 -299.759252 -140.912954
v 52.483980 -300.490896 -134.688105
v 66.445872 -300.581032 -128.175716
v 80.266124 -300.029468 -121.389688
v 93.915233 -298.837381 -114.344510
v 107.364058 -297.007318 -107.055222
v 120.583890 -294.543183 -99.537385
v 133.546504 -291.450239 -91.807049
v 146.224229 -287.735087 -83.880718
v 158.589997 -283.405660 -75.775313
v 170.617411 -278.471200 -67.508137
v 182.280794 -272.942242 -59.096841
v 193.555244 -266.830588 -50.559381
v 204.416694 -260.149287 -41.913983
v 214.841956 -252.912603 -33.179105
v 224.808772 -245.135984 -24.373394
v 234.295865 -236.836033 -15.515649
v 243.282982 -228.030469 -6.624780
v 228.089125 -243.295260 -2.849682
v 218.617675 -251.578932 -11.739350
v 208.679719 -259.325516 -20.603955
v 198.296473 -266.518476 -29.424573
v 187.490104 -273.142455 -38.182374
v 176.283683 -279.183311 -46.858661
v 164.701134 -284.628148 -55.434911
v 152.767183 -289.465343 -63.892815
v 140.507308 -293.684569 -72.214316
v 127.947683 -297.276817 -80.381649
v 115.115120 -300.234419 -88.377379
v 102.037015 -302.551062 -96.184434
v 88.741289 -304.221798 -103.786149
v 75.256325 -305.243063 -111.166294
v 61.610913 -305.612674 -118.309115
v 47.834183 -305.329843 -125.199361
v 33.955547 -304.395175 -131.822324
v 20.004634 -302.810663 -138.163863
v 6.011227 -300.579692 -144.210442
v 13.745550 -291.853205 -160.671251
v 28.148380 -293.622232 -155.496040
v 42.491331 -294.764415 -149.988867
v 56.743781 -295.277315 -144.161488
v 70.875305 -295.159838 -138.026343
v 84.855734 -294.412235 -131.596530
v 98.655220 -293.036102 -124.885777
v 112.244304 -291.034375 -117.908409
v 125.593975 -288.411330 -110.679323
v 138.675733 -285.172565 -103.213951
v 151.461651 -281.324995 -95.528232
v 163.924432 -276.876834 -87.638573
v 176.037470 -271.837579 -79.561817
v 187.774905 -266.217987 -71.315207
v 199.111680 -260.030055 -62.916349
v 210.023591 -253.286995 -54.383173
v 220.487344 -246.003200 -45.733896
v 230.480600 -238.194223 -36.986984
v 239.982024 -229.876732 -28.161109
v 248.971332 -221.068486 -19.275114
v 257.429334 -211.788288 -10.347970
v 265.337972 -202.055951 -1.398733
v 5.312775 -280.023694 -180.940054
v 20.094371 -281.865772 -177.007505
v 34.833282 -283.106105 -172.697070
v 49.498042 -283.742044 -168.017949
v 64.057344 -283.772233 -162.980132
v 78.480105 -283.196606 -157.594375
v 92.735535 -282.016392 -151.872176
v 106.793201 -280.234111 -145.825749
v 120.623092 -277.853568 -139.468004
v 134.195682 -274.879846 -132.812514
v 147.481996 -271.319292 -125.873487
v 160.453668 -267.179507 -118.665737
v 173.083008 -262.469331 -111.204652
v 185.343052 -257.198818 -103.506160
v 197.207627 -251.379220 -95.586696
v 208.651404 -245.022961 -87.463168
v 219.649952 -238.143611 -79.152917
v 230.179790 -230.755857 -70.673685
v 240.218439 -222.875470 -62.043575
v 249.744468 -214.519274 -53.281010
v 258.737539 -205.705109 -44.404697
v 267.178454 -196.451790 -35.433587
v 275.049192 -186.779074 -26.386830
v 282.332951 -176.707609 -17.283741
v 289.014180 -166.258898 -8.143754
v 277.775630 -184.531724 -4.902305
v 270.464189 -194.650714 -13.930187
v 262.575557 -204.354151 -22.928329
v 254.126575 -213.621320 -31.877522
v 245.135280 -222.432435 -40.758662
v 235.620868 -230.768688 -49.552787
v 225.603651 -238.612280 -58.241123
v 215.105014 -245.946467 -66.805123
v 204.147370 -252.755592 -75.226502
v 192.754113 -259.025118 -83.487284
v 180.949565 -264.741660 -91.569831
v 168.758927 -269.893014 -99.456889
v 156.208226 -274.468183 -107.131619
v 143.324254 -278.457399 -114.577639
v 130.134518 -281.852146 -121.779050
v 116.667176 -284.645177 -128.720480
v 102.950979 -286.830529 -135.387108
v 89.015208 -288.403537 -141.764704
v 74.889616 -289.360841 -147.839651
v 60.604358 -289.700400 -153.598980
v 46.189931 -289.421487 -159.030396
v 31.677108 -288.524698 -164.122303
v 17.096873 -287.011947 -168.863832
v 2.480352 -284.886465 -173.244859
v 7.804722 -274.883335 -188.572360
v 22.731549 -276.425831 -185.084625
v 37.610062 -277.378195 -181.201759
v 52.408495 -277.738395 -176.932051
v 67.095257 -277.505660 -172.284618
v 81.638992 -276.680488 -167.269380
v 96.008653 -275.264641 -161.897044
v 110.173563 -273.261141 -156.179081
v 124.103479 -270.674265 -150.127695
v 137.768665 -267.509536 -143.755808
v 151.139947 -263.773710 -137.077021
v 164.188780 -259.474763 -130.105593
v 176.887304 -254.621872 -122.856408
v 189.208412 -249.225397 -115.344940
v 201.125799 -243.296861 -107.587227
v 212.614022 -236.848918 -99.599829
v 223.648557 -229.895334 -91.399799
v 234.205846 -222.450955 -83.004643
v 244.263350 -214.531674 -74.432283
v 253.799599 -206.154396 -65.701020
v 262.794233 -197.337006 -56.829495
v 271.228050 -188.098328 -47.836646
v 279.083046 -178.458086 -38.741672
v 286.342450 -168.436860 -29.563990
v 292.990765 -158.056043 -20.323193
v 299.013798 -147.337799 -11.039009
v 304.398690 -136.305008 -1.731257
v 26.902881 -264.712411 -200.969377
v 42.002207 -265.044715 -197.927385
v 57.012077 -264.811184 -194.462844
v 71.900447 -264.012317 -190.583152
v 86.635533 -262.649819 -186.296590
v 101.185877 -260.726599 -181.612310
v 115.520417 -258.246763 -176.540312
v 129.608550 -255.215605 -171.091425
v 143.420199 -251.639597 -165.277280
v 156.925879 -247.526371 -159.110291
v 170.096757 -242.884710 -152.603623
v 182.904714 -237.724523 -145.771166
v 195.322409 -232.056826 -138.627508
v 207.323329 -225.893719 -131.187899
v 218.881856 -219.248360 -123.468221
v 229.973313 -212.134934 -115.484955
v 240.574022 -204.568630 -107.255145
v 250.661351 -196.565598 -98.796359
v 260.213765 -188.142926 -90.126656
v 269.210871 -179.318594 -81.264545
v 277.633462 -170.111441 -72.228945
v 285.463556 -160.541123 -63.039146
v 292.684438 -150.628071 -53.714767
v 299.280691 -140.393449 -44.275714
v 305.238234 -129.859105 -34.742138
v 310.544348 -119.047530 -25.134393
v 315.187705 -107.981804 -15.472989
v 319.158392 -96.685552 -5.778553
v 312.430005 -116.677132 -4.019962
v 307.744785 -127.874856 -13.507504
v 302.402785 -138.799585 -22.966210
v 296.415409 -149.427995 -32.375885
v 289.795440 -159.737397 -41.716443
v 282.557010 -169.705780 -50.967941
v 274.715572 -179.311865 -60.110630
v 266.287867 -188.535143 -69.124991
v 257.291887 -197.355925 -77.991780
v 247.746837 -205.755377 -86.692066
v 237.673094 -213.715570 -95.207276
v 227.092165 -221.219509 -103.519232
v 216.026638 -228.251174 -111.610188
v 204.500136 -234.795553 -119.462872
v 192.537268 -240.838676 -127.060518
v 180.163573 -246.367640 -134.386907
v 167.405466 -251.370643 -141.426399
v 154.290184 -255.837004 -148.163964
v 140.845727 -259.757186 -154.585219
v 127.100797 -263.122823 -160.676455
v 113.084737 -265.926727 -166.424669
v 98.827470 -268.162914 -171.817588
v 84.359433 -269.826609 -176.843700
v 69.711514 -270.914261 -181.492275
v 54.914984 -271.423547 -185.753388
v 40.001430 -271.353380 -189.617943
v 25.002693 -270.703911 -193.077689
v 14.271047 -251.777289 -218.144731
v 29.574734 -251.973158 -216.380483
v 44.815496 -251.631097 -214.154292
v 59.960797 -250.751839 -211.470910
v 74.978303 -249.337259 -208.336066
v 89.835954 -247.390377 -204.756453
v 104.502031 -244.915350 -200.739713
v 118.945224 -241.917463 -196.294420
v 133.134698 -238.403113 -191.430065
v 147.040161 -234.379806 -186.157033
v 160.631927 -229.856129 -180.486581
v 173.880978 -224.841740 -174.430814
v 186.759031 -219.347345 -168.002661
v 199.238591 -213.384672 -161.215845
v 211.293018 -206.966452 -154.084854
v 222.896576 -200.106386 -146.624914
v 234.024493 -192.819121 -138.851949
v 244.653013 -185.120212 -130.782553
v 254.759445 -177.026097 -122.433955
v 264.322214 -168.554055 -113.823977
v 273.320904 -159.722172 -104.970999
v 281.736304 -150.549305 -95.893923
v 289.550449 -141.055035 -86.612126
v 296.746655 -131.259631 -77.145424
v 303.309562 -121.184006 -67.514027
v 309.225156 -110.849669 -57.738497
v 314.480810 -100.278683 -47.839702
v 319.065304 -89.493616 -37.838777
v 322.968849 -78.517492 -27.757070
v 326.183113 -67.373743 -17.616106
v 328.701234 -56.086161 -7.437534
v 324.580004 -76.448211 -6.938529
v 321.333432 -87.774841 -16.864304
v 317.401070 -98.914083 -26.754076
v 312.791313 -109.842157 -36.586731
v 307.514002 -120.535732 -46.341279
v 301.580403 -130.971981 -55.996894
v 295.003185 -141.128621 -65.532963
v 287.796388 -150.983971 -74.929129
v 279.975398 -160.516991 -84.165331
v 271.556911 -169.707328 -93.221851
v 262.558901 -178.535363 -102.079355
v 253.000576 -186.982250 -110.718933
v 242.902343 -195.029954 -119.122142
v 232.285760 -202.661296 -127.271040
v 221.173491 -209.859983 -135.148232
v 209.589260 -216.610647 -142.736901
v 197.557797 -222.898877 -150.020846
v 185.104789 -228.711248 -156.984517
v 172.256821 -234.035351 -163.613047
v 159.041321 -238.859820 -169.892285
v 145.486503 -243.174355 -175.808825
v 131.621304 -246.969746 -181.350038
v 117.475325 -250.237890 -186.504093
v 103.078765 -252.971810 -191.259987
v 88.462360 -255.165669 -195.607566
v 73.657313 -256.814784 -199.537550
v 58.695230 -257.915634 -203.041548
v 43.608055 -258.465869 -206.112079
v 28.427997 -258.464314 -208.742589
v 13.187461 -257.910972 -210.927462
v 14.994744 -245.427224 -225.218494
v 30.340609 -245.253008 -223.866507
v 45.621914 -244.555211 -222.036595
v 60.806035 -243.335321 -219.732665
v 75.860557 -241.595943 -216.959636
v 90.753341 -239.340790 -213.723427
v 105.452592 -236.574677 -210.030947
v 119.926930 -233.303509 -205.890080
v 134.145453 -229.534269 -201.309665
v 148.077807 -225.275005 -196.299481
v 161.694249 -220.534808 -190.870224
v 174.965709 -215.323800 -185.033485
v 187.863853 -209.653104 -178.801724
v 200.361148 -203.534828 -172.188246
v 212.430912 -196.982032 -165.207169
v 224.047378 -190.008705 -157.873397
v 235.185746 -182.629736 -150.202586
v 245.822238 -174.860877 -142.211114
v 255.934146 -166.718713 -133.916039
v 265.499883 -158.220628 -125.335072
v 274.499027 -149.384763 -116.486532
v 282.912366 -140.229981 -107.389308
v 290.721938 -130.775828 -98.062823
v 297.911072 -121.042485 -88.526987
v 304.464420 -111.050733 -78.802158
v 310.367990 -100.821903 -68.909096
v 315.609180 -90.377832 -58.868923
v 320.176801 -79.740816 -48.703073
v 324.061100 -68.933564 -38.433248
v 327.253787 -57.979149 -28.081374
v 329.748044 -46.900955 -17.669550
v 331.538547 -35.722635 -7.220003
v 333.118228 -15.482098 -6.237751
v 332.049456 -26.480646 -16.972901
v 330.272016 -37.422661 -27.671816
v 327.789704 -48.284784 -38.311656
v 324.607818 -59.043826 -48.869705
v 320.733152 -69.676816 -59.323424
v 316.173977 -80.161056 -69.650495
v 310.940027 -90.474164 -79.828872
v 305.042475 -100.594121 -89.836826
v 298.493912 -110.499323 -99.652989
v 291.308319 -120.168624 -109.256407
v 283.501034 -129.581381 -118.626577
v 275.088727 -138.717499 -127.743496
v 266.089356 -147.557474 -136.587699
v 256.522134 -156.082434 -145.140306
v 246.407485 -164.274179 -153.383058
v 235.767002 -172.115221 -161.298358
v 224.623403 -179.588820 -168.869307
v 213.000476 -186.679020 -176.079744
v 200.923035 -193.370687 -182.914274
v 188.416864 -199.649533 -189.358306
v 175.508662 -205.502154 -195.398084
v 162.225986 -210.916056 -201.020714
v 148.597193 -215.879680 -206.214191
v 134.651379 -220.382431 -210.967429
v 120.418315 -224.414694 -215.270280
v 105.928388 -227.967863 -219.113558
v 91.212532 -231.034351 -222.489057
v 76.302163 -233.607611 -225.389573
v 61.229112 -235.682151 -227.808913
v 46.025559 -237.253541 -229.741911
v 30.723962 -238.318427 -231.184441
v 30.723962 -231.184441 -238.318427
v 46.025559 -229.741911 -237.253541
v 61.229112 -227.808913 -235.682151
v 76.302163 -225.389573 -233.607611
v 91.212532 -222.489057 -231.034351
v 105.928388 -219.113558 -227.967863
v 120.418315 -215.270280 -224.414694
v 134.651379 -210.967429 -220.382431
v 148.597193 -206.214191 -215.879680
v 162.225986 -201.020714 -210.916056
v 175.508662 -195.398084 -205.502154
v 188.416864 -189.358306 -199.649533
v 200.923035 -182.914274 -193.370687
v 213.000476 -176.079744 -186.679020
v 224.623403 -168.869307 -179.588820
v 235.767002 -161.298358 -172.115221
v 246.407485 -153.383058 -164.274179
v 256.522134 -145.140306 -156.082434
v 266.089356 -136.587699 -147.557474
v 275.088727 -127.743496 -138.717499
v 283.501034 -118.626577 -129.581381
v 291.308319 -109.256407 -120.168624
v 298.493912 -99.652989 -110.499323
v 305.042475 -89.836826 -100.594121
v 310.940027 -79.828872 -90.474164
v 316.173977 -69.650495 -80.161056
v 320.733152 -59.323424 -69.676816
v 324.607818 -48.869705 -59.043826
v 327.789704 -38.311656 -48.284784
v 330.272016 -27.671816 -37.422661
v 332.049456 -16.972901 -26.480646
v 333.118228 -6.237751 -15.482098
v 331.538547 -7.220003 -35.722635
v 329.748044 -17.669550 -46.900955
v 327.253787 -28.081374 -57.979149
v 324.061100 -38.433248 -68.933564
v 320.176801 -48.703073 -79.740816
v 315.609180 -58.868923 -90.377832
v 310.367990 -68.909096 -100.821903
v 304.464420 -78.802158 -111.050733
v 297.911072 -88.526987 -121.042485
v 290.721938 -98.062823 -130.775828
v 282.912366 -107.389308 -140.229981
v 274.499027 -116.486532 -149.384763
v 265.499883 -125.335072 -158.220628
v 255.934146 -133.916039 -166.718713
v 245.822238 -142.211114 -174.860877
v 235.185746 -150.202586 -182.629736
v 224.047378 -157.873397 -190.008705
v 212.430912 -165.207169 -196.982032
v 200.361148 -172.188246 -203.534828
v 187.863853 -178.801724 -209.653104
v 174.965709 -185.033485 -215.323800
v 161.694249 -190.870224 -220.534808
v 148.077807 -196.299481 -225.275005
v 134.145453 -201.309665 -229.534269
v 119.926930 -205.890080 -233.303509
v 105.452592 -210.030947 -236.574677
v 90.753341 -213.723427 -239.340790
v 75.860557 -216.959636 -241.595943
v 60.806035 -219.732665 -243.335321
v 45.621914 -222.036595 -244.555211
v 30.340609 -223.866507 -245.253008
v 14.994744 -225.218494 -245.427224
v 14.271047 -218.144731 -251.777289
v 29.574734 -216.380483 -251.973158
v 44.815496 -214.154292 -251.631097
v 59.960797 -211.470910 -250.751839
v 74.978303 -208.336066 -249.337259
v 89.835954 -204.756453 -247.390377
v 104.502031 -200.739713 -244.915350
v 118.945224 -196.294420 -241.917463
v 133.134698 -191.430065 -238.403113
v 147.040161 -186.157033 -234.379806
v 160.631927 -180.486581 -229.856129
v 173.880978 -174.430814 -224.841740
v 186.759031 -168.002661 -219.347345
v 199.238591 -161.215845 -213.384672
v 211.293018 -154.084854 -206.966452
v 222.896576 -146.624914 -200.106386
v 234.024493 -138.851949 -192.819121
v 244.653013 -130.782553 -185.120212
v 254.759445 -122.433955 -177.026097
v 264.322214 -113.823977 -168.554055
v 273.320904 -104.970999 -159.722172
v 281.736304 -95.893923 -150.549305
v 289.550449 -86.612126 -141.055035
v 296.746655 -77.145424 -131.259631
v 303.309562 -67.514027 -121.184006
v 309.225156 -57.738497 -110.849669
v 314.480810 -47.839702 -100.278683
v 319.065304 -37.838777 -89.493616
v 322.968849 -27.757070 -78.517492
v 326.183113 -17.616106 -67.373743
v 328.701234 -7.437534 -56.086161
v 13.187461 -210.927462 -257.910972
v 28.427997 -208.742589 -258.464314
v 43.608055 -206.112079 -258.465869
v 58.695230 -203.041548 -257.915634
v 73.657313 -199.537550 -256.814784
v 88.462360 -195.607566 -255.165669
v 103.078765 -191.259987 -252.971810
v 117.475325 -186.504093 -250.237890
v 131.621304 -181.350038 -246.969746
v 145.486503 -175.808825 -243.174355
v 159.041321 -169.892285 -238.859820
v 172.256821 -163.613047 -234.035351
v 185.104789 -156.984517 -228.711248
v 197.557797 -150.020846 -222.898877
v 209.589260 -142.736901 -216.610647
v 221.173491 -135.148232 -209.859983
v 232.285760 -127.271040 -202.661296
v 242.902343 -119.122142 -195.029954
v 253.000576 -110.718933 -186.982250
v 262.558901 -102.079355 -178.535363
v 271.556911 -93.221851 -169.707328
v 279.975398 -84.165331 -160.516991
v 287.796388 -74.929129 -150.983971
v 295.003185 -65.532963 -141.128621
v 301.580403 -55.996894 -130.971981
v 307.514002 -46.341279 -120.535732
v 312.791313 -36.586731 -109.842157
v 317.401070 -26.754076 -98.914083
v 321.333432 -16.864304 -87.774841
v 324.580004 -6.938529 -76.448211
v 319.158392 -5.778553 -96.685552
v 315.187705 -15.472989 -107.981804
v 310.544348 -25.134393 -119.047530
v 305.238234 -34.742138 -129.859105
v 299.280691 -44.275714 -140.393449
v 292.684438 -53.714767 -150.628071
v 285.463556 -63.039146 -160.541123
v 277.633462 -72.228945 -170.111441
v 269.210871 -81.264545 -179.318594
v 260.213765 -90.126656 -188.142926
v 250.661351 -98.796359 -196.565598
v 240.574022 -107.255145 -204.568630
v 229.973313 -115.484955 -212.134934
v 218.881856 -123.468221 -219.248360
v 207.323329 -131.187899 -225.893719
v 195.322409 -138.627508 -232.056826
v 182.904714 -145.771166 -237.724523
v 170.096757 -152.603623 -242.884710
v 156.925879 -159.110291 -247.526371
v 143.420199 -165.277280 -251.639597
v 129.608550 -171.091425 -255.215605
v 115.520417 -176.540312 -258.246763
v 101.185877 -181.612310 -260.726599
v 86.635533 -186.296590 -262.649819
v 71.900447 -190.583152 -264.012317
v 57.012077 -194.462844 -264.811184
v 42.002207 -197.927385 -265.044715
v 26.902881 -200.969377 -264.712411
v 25.002693 -193.077689 -270.703911
v 40.001430 -189.617943 -271.353380
v 54.914984 -185.753388 -271.423547
v 69.711514 -181.492275 -270.914261
v 84.359433 -176.843700 -269.826609
v 98.827470 -171.817588 -268.162914
v 113.084737 -166.424669 -265.926727
v 127.100797 -160.676455 -263.122823
v 140.845727 -154.585219 -259.757186
v 154.290184 -148.163964 -255.837004
v 167.405466 -141.426399 -251.370643
v 180.163573 -134.386907 -246.367640
v 192.537268 -127.060518 -240.838676
v 204.500136 -119.462872 -234.795553
v 216.026638 -111.610188 -228.251174
v 227.092165 -103.519232 -221.219509
v 237.673094 -95.207276 -213.715570
v 247.746837 -86.692066 -205.755377
v 257.291887 -77.991780 -197.355925
v 266.287867 -69.124991 -188.535143
v 274.715572 -60.110630 -179.311865
v 282.557010 -50.967941 -169.705780
v 289.795440 -41.716443 -159.737397
v 296.415409 -32.375885 -149.427995
v 302.402785 -22.966210 -138.799585
v 307.744785 -13.507504 -127.874856
v 312.430005 -4.019962 -116.677132
v 304.398690 -1.731257 -136.305008
v 299.013798 -11.039009 -147.337799
v 292.990765 -20.323193 -158.056043
v 286.342450 -29.563990 -168.436860
v 279.083046 -38.741672 -178.458086
v 271.228050 -47.836646 -188.098328
v 262.794233 -56.829495 -197.337006
v 253.799599 -65.701020 -206.154396
v 244.263350 -74.432283 -214.531674
v 234.205846 -83.004643 -222.450955
v 223.648557 -91.399799 -229.895334
v 212.614022 -99.599829 -236.848918
v 201.125799 -107.587227 -243.296861
v 189.208412 -115.344940 -249.225397
v 176.887304 -122.856408 -254.621872
v 164.188780 -130.105593 -259.474763
v 151.139947 -137.077021 -263.773710
v 137.768665 -143.755808 -267.509536
v 124.103479 -150.127695 -270.674265
v 110.173563 -156.179081 -273.261141
v 96.008653 -161.897044 -275.264641
v 81.638992 -167.269380 -276.680488
v 67.095257 -172.284618 -277.505660
v 52.408495 -176.932051 -277.738395
v 37.610062 -181.201759 -277.378195
v 22.731549 -185.084625 -276.425831
v 7.804722 -188.572360 -274.883335
v 5.312775 -180.940054 -280.023694
v 20.094371 -177.007505 -281.865772
v 34.833282 -172.697070 -283.106105
v 49.498042 -168.017949 -283.742044
v 64.057344 -162.980132 -283.772233
v 78.480105 -157.594375 -283.196606
v 92.735535 -151.872176 -282.016392
v 106.793201 -145.825749 -280.234111
v 120.623092 -139.468004 -277.853568
v 134.195682 -132.812514 -274.879846
v 147.481996 -125.873487 -271.319292
v 160.453668 -118.665737 -267.179507
v 173.083008 -111.204652 -262.469331
v 185.343052 -103.506160 -257.198818
v 197.207627 -95.586696 -251.379220
v 208.651404 -87.463168 -245.022961
v 219.649952 -79.152917 -238.143611
v 230.179790 -70.673685 -230.755857
v 240.218439 -62.043575 -222.875470
v 249.744468 -53.281010 -214.519274
v 258.737539 -44.404697 -205.705109
v 267.178454 -35.433587 -196.451790
v 275.049192 -26.386830 -186.779074
v 282.332951 -17.283741 -176.707609
v 289.014180 -8.143754 -166.258898
v 2.480352 -173.244859 -284.886465
v 17.096873 -168.863832 -287.011947
v 31.677108 -164.122303 -288.524698
v 46.189931 -159.030396 -289.421487
v 60.604358 -153.598980 -289.700400
v 74.889616 -147.839651 -289.360841
v 89.015208 -141.764704 -288.403537
v 102.950979 -135.387108 -286.830529
v 116.667176 -128.720480 -284.645177
v 130.134518 -121.779050 -281.852146
v 143.324254 -114.577639 -278.457399
v 156.208226 -107.131619 -274.468183
v 168.758927 -99.456889 -269.893014
v 180.949565 -91.569831 -264.741660
v 192.754113 -83.487284 -259.025118
v 204.147370 -75.226502 -252.755592
v 215.105014 -66.805123 -245.946467
v 225.603651 -58.241123 -238.612280
v 235.620868 -49.552787 -230.768688
v 245.135280 -40.758662 -222.432435
v 254.126575 -31.877522 -213.621320
v 262.575557 -22.928329 -204.354151
v 270.464189 -13.930187 -194.650714
v 277.775630 -4.902305 -184.531724
v 265.337972 -1.398733 -202.055951
v 257.429334 -10.347970 -211.788288
v 248.971332 -19.275114 -221.068486
v 239.982024 -28.161109 -229.876732
v 230.480600 -36.986984 -238.194223
v 220.487344 -45.733896 -246.003200
v 210.023591 -54.383173 -253.286995
v 199.111680 -62.916349 -260.030055
v 187.774905 -71.315207 -266.217987
v 176.037470 -79.561817 -271.837579
v 163.924432 -87.638573 -276.876834
v 151.461651 -95.528232 -281.324995
v 138.675733 -103.213951 -285.172565
v 125.593975 -110.679323 -288.411330
v 112.244304 -117.908409 -291.034375
v 98.655220 -124.885777 -293.036102
v 84.855734 -131.596530 -294.412235
v 70.875305 -138.026343 -295.159838
v 56.743781 -144.161488 -295.277315
v 42.491331 -149.988867 -294.764415
v 28.148380 -155.496040 -293.622232
v 13.745550 -160.671251 -291.853205
v 10.047664 -152.447514 -296.379056
v 24.254743 -146.836973 -298.387663
v 38.410255 -140.912954 -299.759252
v 52.483980 -134.688105 -300.490896
v 66.445872 -128.175716 -300.581032
v 80.266124 -121.389688 -300.029468
v 93.915233 -114.344510 -298.837381
v 107.364058 -107.055222 -297.007318
v 120.583890 -99.537385 -294.543183
v 133.546504 -91.807049 -291.450239
v 146.224229 -83.880718 -287.735087
v 158.589997 -75.775313 -283.405660
v 170.617411 -67.508137 -278.471200
v 182.280794 -59.096841 -272.942242
v 193.555244 -50.559381 -266.830588
v 204.416694 -41.913983 -260.149287
v 214.841956 -33.179105 -252.912603
v 224.808772 -24.373394 -245.135984
v 234.295865 -15.515649 -236.836033
v 243.282982 -6.624780 -228.030469
v 20.004634 -138.163863 -302.810663
v 33.955547 -131.822324 -304.395175
v 47.834183 -125.199361 -305.329843
v 61.610913 -118.309115 -305.612674
v 75.256325 -111.166294 -305.243063
v 88.741289 -103.786149 -304.221798
v 102.037015 -96.184434 -302.551062
v 115.115120 -88.377379 -300.234419
v 127.947683 -80.381649 -297.276817
v 140.507308 -72.214316 -293.684569
v 152.767183 -63.892815 -289.465343
v 164.701134 -55.434911 -284.628148
v 176.283683 -46.858661 -279.183311
v 187.490104 -38.182374 -273.142455
v 198.296473 -29.424573 -266.518476
v 208.679719 -20.603955 -259.325516
v 218.617675 -11.739350 -251.578932
v 228.089125 -2.849682 -243.295260
v 202.013985 -8.035693 -265.228044
v 191.676188 -16.942005 -272.380759
v 180.929401 -25.812148 -278.951978
v 169.796568 -34.627185 -284.927672
v 158.301456 -43.368299 -290.295083
v 146.468605 -52.016826 -295.042754
v 134.323277 -60.554305 -299.160548
v 121.891400 -68.962508 -302.639675
v 109.199515 -77.223486 -305.472707
v 96.274717 -85.319602 -307.653595
v 83.144599 -93.233572 -309.177685
v 69.837192 -100.948501 -310.041722
v 56.380905 -108.447919 -310.243862
v 42.804466 -115.715815 -309.783673
v 29.136859 -122.736673 -308.662138
v 15.407263 -129.495505 -306.881650
v 1.644987 -135.977881 -304.446012
v 10.472591 -120.850681 -310.591802
v 23.964634 -113.675690 -312.550895
v 37.405729 -106.258016 -313.842734
v 50.767182 -98.613496 -314.464562
v 64.020467 -90.758449 -314.415049
v 77.137290 -82.709645 -313.694303
v 90.089649 -74.484268 -312.303862
v 102.849892 -66.099876 -310.246694
v 115.390778 -57.574370 -307.527192
v 127.685534 -48.925951 -304.151160
v 139.707912 -40.173081 -300.125807
v 151.432246 -31.334447 -295.459725
v 162.833506 -22.428918 -290.162877
v 173.887352 -13.475507 -284.246570
v 184.570185 -4.493327 -277.723435
v 5.211311 -112.248124 -313.933080
v 18.450078 -104.659008 -316.053021
v 31.649669 -96.846459 -317.498232
v 44.781906 -88.827156 -318.265627
v 57.818754 -80.618219 -318.353567
v 70.732379 -72.237172 -317.761866
v 83.495214 -63.701910 -316.491786
v 96.080012 -55.030652 -314.546038
v 108.459905 -46.241911 -311.928777
v 120.608464 -37.354450 -308.645590
v 132.499754 -28.387242 -304.703487
v 144.108389 -19.359432 -300.110883
v 155.409584 -10.290291 -294.877582
v 166.379215 -1.199182 -289.014757
v 12.605140 -95.706165 -319.160926
v 25.548759 -87.501536 -320.742244
v 38.438048 -79.110104 -321.638821
v 51.245491 -70.549782 -321.848741
v 63.943746 -61.838846 -321.371559
v 76.505702 -52.995892 -320.208291
v 88.904542 -44.039799 -318.361422
v 101.113797 -34.989687 -315.834893
v 113.107401 -25.864877 -312.634101
v 124.859750 -16.684849 -308.765876
v 136.345753 -7.469201 -304.238478
v 116.808631 -5.097092 -312.302514
v 105.210250 -14.498398 -316.103428
v 93.387176 -23.868339 -319.229620
v 81.364619 -33.186868 -321.674430
v 69.168214 -42.434045 -323.432650
v 56.823968 -51.590088 -324.500539
v 44.358205 -60.635408 -324.875829
v 31.797508 -69.550655 -324.557729
v 19.168667 -78.316756 -323.546932
v 12.365986 -69.092403 -325.968604
v 24.730317 -59.967891 -327.073302
v 37.042065 -50.715354 -327.479743
v 49.274947 -41.354548 -327.187059
v 61.402848 -31.905455 -326.195874
v 73.399875 -22.388248 -324.508305
v 85.240416 -12.823245 -322.127955
v 96.899195 -3.230866 -319.059905
v 5.312688 -60.068083 -327.939627
v 17.396146 -50.584208 -329.122814
v 29.442678 -40.992342 -329.603368
v 41.426568 -31.312963 -329.380264
v 53.322232 -21.566735 -328.453978
v 65.104273 -11.774465 -326.826486
v 76.747538 -1.957058 -324.501264
v 9.762733 -41.352680 -330.720929
v 21.533229 -31.426987 -331.259274
v 33.257967 -21.434201 -331.090425
v 44.911918 -11.395656 -330.214743
v 56.470202 -1.332783 -328.634097
v 1.846619 -32.293310 -331.864184
v 13.330855 -22.040015 -332.443871
v 24.786844 -11.739668 -332.313836
v 36.190131 -1.414257 -331.474355
v 4.853330 -12.851768 -333.154594
v 16.031555 -2.250370 -333.047845
vt -33.343625 -3.328291 0.000000
vt -33.308047 -4.868215 0.000000
vt -0.000000 -3.328291 0.000000
vt -33.201387 -6.404852 0.000000
vt -33.023874 -7.934924 0.000000
vt -32.775887 -9.455166 0.000000
vt -32.457954 -10.962332 0.000000
vt -32.070754 -12.453207 0.000000
vt -31.615113 -13.924609 0.000000
vt -31.092005 -15.373398 0.000000
vt -30.502544 -16.796481 0.000000
vt -29.847989 -18.190824 0.000000
vt -29.129738 -19.553448 0.000000
vt -28.349322 -20.881448 0.000000
vt -27.508407 -22.171988 0.000000
vt -26.608787 -23.422314 0.000000
vt -25.652384 -24.629759 0.000000
vt -24.641236 -25.791746 0.000000
vt -23.577504 -26.905794 0.000000
vt -22.463455 -27.969527 0.000000
vt -21.301469 -28.980674 0.000000
vt -20.094024 -29.937078 0.000000
vt -18.843697 -30.836697 0.000000
vt -17.553157 -31.677612 0.000000
vt -16.225157 -32.458028 0.000000
vt -14.862533 -33.176280 0.000000
vt -13.468191 -33.830835 0.000000
vt -12.045107 -34.420295 0.000000
vt -10.596318 -34.943404 0.000000
vt -9.124916 -35.399045 0.000000
vt -7.634041 -35.786245 0.000000
vt -6.126875 -36.104178 0.000000
vt -4.606634 -36.352165 0.000000
vt -3.076562 -36.529678 0.000000
vt -1.539924 -36.636338 0.000000
vt -0.000000 -36.671916 0.000000
vt -0.010000 -36.671916 0.000000
vt 1.530228 -36.636786 0.000000
vt -0.010000 -3.328291 0.000000
vt 3.067190 -36.530547 0.000000
vt 4.597604 -36.353425 0.000000
vt 6.118202 -36.105799 0.000000
vt 7.625739 -35.788198 0.000000
vt 9.116995 -35.401299 0.000000
vt 10.588789 -34.945928 0.000000
vt 12.037976 -34.423058 0.000000
vt 13.461465 -33.833805 0.000000
vt 14.856214 -33.179427 0.000000
vt 16.219248 -32.461321 0.000000
vt 17.547656 -31.681019 0.000000
vt 18.838602 -30.840189 0.000000
vt 20.089330 -29.940624 0.000000
vt 21.297170 -28.984245 0.000000
vt 22.459543 -27.973095 0.000000
vt 23.573969 -26.909331 0.000000
vt 24.638067 -25.795224 0.000000
vt 25.649566 -24.633154 0.000000
vt 26.606307 -23.425601 0.000000
vt 27.506247 -22.175143 0.000000
vt 28.347465 -20.884449 0.000000
vt 29.128165 -19.556275 0.000000
vt 29.846680 -18.193457 0.000000
vt 30.501476 -16.798904 0.000000
vt 31.091156 -15.375592 0.000000
vt 31.614461 -13.926561 0.000000
vt 32.070272 -12.454905 0.000000
vt 32.457619 -10.963764 0.000000
vt 32.775672 -9.456323 0.000000
vt 33.023754 -7.935799 0.000000
vt 33.201335 -6.405438 0.000000
vt 33.308035 -4.868509 0.000000
vt 33.343627 -3.328291 0.000000
vt 21.605765 52.958060 0.000000
vt 21.078358 53.141764 0.000000
vt 20.529396 51.611891 0.000000
vt 19.537592 53.141764 0.000000
vt 19.427951 52.897900 0.000000
vt 18.304052 54.128561 0.000000
vt 19.537592 54.671638 0.000000
vt 17.996826 54.671638 0.000000
vt 17.996826 56.201511 0.000000
vt 17.160185 55.309061 0.000000
vt 16.456060 56.201511 0.000000
vt 15.998589 56.444282 0.000000
vt 16.456060 57.731385 0.000000
vt 14.915294 57.731385 0.000000
vt 14.915294 59.261259 0.000000
vt 13.630096 58.596895 0.000000
vt 13.374528 59.261259 0.000000
vt 12.426687 59.622569 0.000000
vt 13.374528 60.793331 0.000000
vt 11.833762 60.791906 0.000000
vt 11.833762 62.321006 0.000000
vt 11.212571 60.619569 0.000000
vt 10.292996 62.321006 0.000000
vt 9.989137 61.591406 0.000000
vt 8.757666 62.541384 0.000000
vt 10.292996 63.850879 0.000000
vt 8.752230 63.850879 0.000000
vt 8.752230 65.380753 0.000000
vt 7.211464 65.380753 0.000000
vt 7.211464 66.910626 0.000000
vt 5.670698 66.910626 0.000000
vt 5.670698 68.440500 0.000000
vt 4.129931 68.440500 0.000000
vt 4.129931 69.970373 0.000000
vt 2.589165 69.970373 0.000000
vt 2.589165 71.500247 0.000000
vt 1.048399 71.500247 0.000000
vt 1.048399 73.030120 0.000000
vt -0.492367 73.030120 0.000000
vt -0.492367 74.559994 0.000000
vt -2.033133 74.559994 0.000000
vt -2.033133 76.089868 0.000000
vt -3.573899 76.089868 0.000000
vt -3.573899 77.619741 0.000000
vt -5.114665 77.619741 0.000000
vt -5.114665 79.149615 0.000000
vt -6.655431 79.149615 0.000000
vt -6.655431 80.679488 0.000000
vt -8.196197 80.679488 0.000000
vt -8.196197 82.209362 0.000000
vt -9.736963 82.209362 0.000000
vt -9.736963 83.739235 0.000000
vt -11.277729 83.739235 0.000000
vt -11.277729 85.269109 0.000000
vt -12.818495 85.269109 0.000000
vt -12.818495 86.798982 0.000000
vt -14.359261 86.798982 0.000000
vt -14.359261 88.328856 0.000000
vt -15.900028 88.328856 0.000000
vt -15.900028 89.858730 0.000000
vt -17.152701 89.730188 0.000000
vt -15.990996 90.865131 0.000000
vt -14.359261 89.858730 0.000000
vt -14.359261 91.388603 0.000000
vt -12.818495 89.858730 0.000000
vt -12.818495 91.388603 0.000000
vt -11.277729 89.858730 0.000000
vt -11.277729 91.388603 0.000000
vt -9.736963 89.858730 0.000000
vt -9.736963 91.388603 0.000000
vt -8.196197 89.858730 0.000000
vt -8.196197 91.388603 0.000000
vt -6.655431 89.858730 0.000000
vt -6.655431 91.388603 0.000000
vt -5.114665 89.858730 0.000000
vt -5.114665 91.388603 0.000000
vt -3.573899 89.858730 0.000000
vt -3.573899 91.388603 0.000000
vt -2.033133 89.858730 0.000000
vt -2.033133 91.388603 0.000000
vt -0.492367 89.858730 0.000000
vt -0.492367 91.388603 0.000000
vt 1.048399 89.858730 0.000000
vt 1.048399 91.388603 0.000000
vt 2.589165 89.858730 0.000000
vt 2.589165 91.388603 0.000000
vt 4.129931 89.858730 0.000000
vt 4.129931 91.388603 0.000000
vt 5.670698 89.858730 0.000000
vt 5.670698 91.388603 0.000000
vt 7.211464 89.858730 0.000000
vt 7.211464 91.388603 0.000000
vt 8.752230 89.858730 0.000000
vt 8.752230 91.388603 0.000000
vt 10.292996 89.858730 0.000000
vt 10.292996 91.388603 0.000000
vt 11.833762 89.858730 0.000000
vt 11.833762 91.388603 0.000000
vt 13.374528 89.858730 0.000000
vt 13.374528 91.388603 0.000000
vt 14.915294 89.858730 0.000000
vt 14.915294 91.388603 0.000000
vt 16.456060 89.858730 0.000000
vt 16.456060 91.388603 0.000000
vt 17.996826 89.858730 0.000000
vt 17.996826 91.388603 0.000000
vt 19.537592 89.858730 0.000000
vt 19.537592 91.388603 0.000000
vt 21.078358 89.858730 0.000000
vt 21.078358 91.388603 0.000000
vt 22.619124 89.858730 0.000000
vt 22.619124 91.388603 0.000000
vt 24.159890 89.858730 0.000000
vt 24.159890 91.388603 0.000000
vt 25.700657 89.858730 0.000000
vt 25.700657 91.388603 0.000000
vt 27.241423 89.858730 0.000000
vt 27.241423 91.388603 0.000000
vt 28.782189 89.858730 0.000000
vt 28.782189 91.388603 0.000000
vt 30.322955 89.858730 0.000000
vt 30.322955 91.388603 0.000000
vt 31.663331 91.266019 0.000000
vt 30.322955 92.918477 0.000000
vt 31.415581 93.827909 0.000000
vt 30.322955 94.448350 0.000000
vt 31.073648 96.328293 0.000000
vt 30.322955 95.978224 0.000000
vt 30.322955 97.508097 0.000000
vt 28.782189 97.508097 0.000000
vt 28.782189 99.037971 0.000000
vt 27.241423 99.037971 0.000000
vt 27.241423 100.567844 0.000000
vt 25.700657 100.567844 0.000000
vt 25.700657 102.097718 0.000000
vt 24.159890 102.097718 0.000000
vt 24.159890 103.627591 0.000000
vt 22.619124 103.627591 0.000000
vt 22.619124 105.157465 0.000000
vt 21.078358 105.157465 0.000000
vt 21.078358 106.687339 0.000000
vt 19.537592 106.687339 0.000000
vt 19.537592 108.217212 0.000000
vt 17.996826 108.217212 0.000000
vt 17.996826 109.747086 0.000000
vt 16.456060 109.747086 0.000000
vt 17.996826 111.270487 0.000000
vt 16.456060 111.271911 0.000000
vt 17.996826 112.806833 0.000000
vt 16.456060 112.806833 0.000000
vt 16.456060 114.336706 0.000000
vt 14.915294 114.336706 0.000000
vt 15.998589 115.623809 0.000000
vt 14.821283 114.529291 0.000000
vt 21.078358 54.671638 0.000000
vt 22.653888 54.370749 0.000000
vt 22.619124 54.671638 0.000000
vt 23.670356 55.855880 0.000000
vt 22.619124 56.201511 0.000000
vt 22.619124 57.731385 0.000000
vt 21.078358 57.731385 0.000000
vt 21.078358 59.261259 0.000000
vt 19.537592 59.261259 0.000000
vt 19.537592 60.799029 0.000000
vt 17.996826 60.797605 0.000000
vt 17.996826 62.321006 0.000000
vt 16.456060 62.321006 0.000000
vt 16.456060 63.850879 0.000000
vt 14.915294 63.850879 0.000000
vt 14.915294 65.380753 0.000000
vt 13.374528 65.380753 0.000000
vt 13.374528 66.910626 0.000000
vt 11.833762 66.910626 0.000000
vt 11.833762 68.440500 0.000000
vt 10.292996 68.440500 0.000000
vt 10.292996 69.970373 0.000000
vt 8.752230 69.970373 0.000000
vt 8.752230 71.500247 0.000000
vt 7.211464 71.500247 0.000000
vt 7.211464 73.030120 0.000000
vt 5.670698 73.030120 0.000000
vt 5.670698 74.559994 0.000000
vt 4.129931 74.559994 0.000000
vt 4.129931 76.089868 0.000000
vt 2.589165 76.089868 0.000000
vt 2.589165 77.619741 0.000000
vt 1.048399 77.619741 0.000000
vt 1.048399 79.149615 0.000000
vt -0.492367 79.149615 0.000000
vt -0.492367 80.679488 0.000000
vt -2.033133 80.679488 0.000000
vt -2.033133 82.209362 0.000000
vt -3.573899 82.209362 0.000000
vt -3.573899 83.739235 0.000000
vt -5.114665 83.739235 0.000000
vt -5.114665 85.269109 0.000000
vt -6.655431 85.269109 0.000000
vt -6.655431 86.798982 0.000000
vt -8.196197 86.798982 0.000000
vt -8.196197 88.328856 0.000000
vt -9.736963 88.328856 0.000000
vt 24.159890 57.731385 0.000000
vt 24.651391 57.419462 0.000000
vt 25.592819 59.067436 0.000000
vt 26.490057 60.805458 0.000000
vt 25.700657 60.804728 0.000000
vt 24.159890 59.261259 0.000000
vt 22.619124 59.261259 0.000000
vt 25.700657 62.321006 0.000000
vt 27.338111 62.638609 0.000000
vt 25.700657 63.850879 0.000000
vt 27.241423 63.850879 0.000000
vt 25.700657 65.380753 0.000000
vt 27.241423 65.380753 0.000000
vt 25.700657 66.910626 0.000000
vt 27.241423 66.910626 0.000000
vt 25.700657 68.440500 0.000000
vt 27.241423 68.440500 0.000000
vt 25.700657 69.970373 0.000000
vt 27.241423 69.970373 0.000000
vt 25.700657 71.500247 0.000000
vt 27.241423 71.500247 0.000000
vt 25.700657 73.030120 0.000000
vt 27.241423 73.030120 0.000000
vt 25.700657 74.559994 0.000000
vt 27.241423 74.559994 0.000000
vt 25.700657 76.089868 0.000000
vt 27.241423 76.089868 0.000000
vt 25.700657 77.619741 0.000000
vt 27.241423 77.619741 0.000000
vt 25.700657 79.149615 0.000000
vt 27.241423 79.149615 0.000000
vt 25.700657 80.679488 0.000000
vt 27.241423 80.679488 0.000000
vt 25.700657 82.209362 0.000000
vt 27.241423 82.209362 0.000000
vt 25.700657 83.739235 0.000000
vt 27.241423 83.739235 0.000000
vt 25.700657 85.269109 0.000000
vt 27.241423 85.269109 0.000000
vt 25.700657 86.798982 0.000000
vt 27.241423 86.798982 0.000000
vt 25.700657 88.328856 0.000000
vt 27.241423 88.328856 0.000000
vt 28.131594 64.571025 0.000000
vt 28.864774 66.605450 0.000000
vt 28.782189 66.910626 0.000000
vt 29.531657 68.742714 0.000000
vt 28.782189 68.440500 0.000000
vt 28.782189 69.970373 0.000000
vt 30.126114 70.981183 0.000000
vt 28.782189 71.500247 0.000000
vt 30.322955 73.030120 0.000000
vt 30.642054 73.316228 0.000000
vt 30.322955 74.559994 0.000000
vt 31.073648 75.739798 0.000000
vt 30.322955 76.089868 0.000000
vt 30.322955 77.619741 0.000000
vt 28.782189 77.619741 0.000000
vt 28.782189 79.149615 0.000000
vt 31.415581 78.240182 0.000000
vt 30.322955 79.149615 0.000000
vt 28.782189 80.679488 0.000000
vt 31.663331 80.802072 0.000000
vt 30.322955 80.679488 0.000000
vt 28.782189 82.209362 0.000000
vt 30.322955 82.209362 0.000000
vt 31.813438 83.406983 0.000000
vt 30.322955 83.739235 0.000000
vt 30.322955 85.269109 0.000000
vt 28.782189 85.269109 0.000000
vt 28.782189 86.798982 0.000000
vt 31.863721 86.034046 0.000000
vt 30.322955 86.798982 0.000000
vt 28.782189 88.328856 0.000000
vt 31.813438 88.661108 0.000000
vt 30.322955 88.328856 0.000000
vt 30.642054 98.751863 0.000000
vt 30.322955 99.037971 0.000000
vt 28.782189 100.567844 0.000000
vt 27.241423 102.097718 0.000000
vt 25.700657 103.627591 0.000000
vt 24.159890 105.157465 0.000000
vt 22.619124 106.687339 0.000000
vt 21.078358 108.217212 0.000000
vt 19.537592 109.747086 0.000000
vt 19.537592 111.269062 0.000000
vt 19.537592 112.806833 0.000000
vt 17.996826 114.336706 0.000000
vt 16.456060 115.866580 0.000000
vt 17.160185 116.759030 0.000000
vt 17.996826 115.866580 0.000000
vt 17.996826 117.396453 0.000000
vt 19.537592 115.866580 0.000000
vt 19.537592 117.396453 0.000000
vt 21.078358 115.866580 0.000000
vt 21.078358 117.396453 0.000000
vt 22.619124 115.866580 0.000000
vt 22.619124 117.396453 0.000000
vt 23.670356 116.212212 0.000000
vt 22.653888 117.697342 0.000000
vt 30.126114 101.086909 0.000000
vt 28.782189 102.097718 0.000000
vt 29.531657 103.325378 0.000000
vt 28.782189 103.627591 0.000000
vt 28.864774 105.462641 0.000000
vt 28.782189 105.157465 0.000000
vt 27.241423 105.157465 0.000000
vt 27.241423 103.627591 0.000000
vt 27.241423 106.687339 0.000000
vt 28.131594 107.497066 0.000000
vt 27.241423 108.217212 0.000000
vt 27.338111 109.429483 0.000000
vt 25.700657 108.217212 0.000000
vt 25.700657 109.747086 0.000000
vt 24.159890 109.747086 0.000000
vt 25.700657 111.263363 0.000000
vt 24.159890 111.264788 0.000000
vt 24.159890 112.806833 0.000000
vt 22.619124 111.266213 0.000000
vt 22.619124 112.806833 0.000000
vt 21.078358 111.267637 0.000000
vt 21.078358 112.806833 0.000000
vt 26.490057 111.262633 0.000000
vt 25.592819 113.000655 0.000000
vt 24.159890 114.336706 0.000000
vt 24.651391 114.648629 0.000000
vt 21.605765 119.110031 0.000000
vt 21.078358 118.926327 0.000000
vt 20.529396 120.456201 0.000000
vt 19.427951 119.170191 0.000000
vt 19.537592 118.926327 0.000000
vt 18.304052 117.939530 0.000000
vt 13.630096 113.471196 0.000000
vt 14.915294 112.806833 0.000000
vt 14.915294 111.273336 0.000000
vt 14.915294 109.747086 0.000000
vt 16.456060 108.217212 0.000000
vt 17.996826 106.687339 0.000000
vt 19.537592 105.157465 0.000000
vt 21.078358 103.627591 0.000000
vt 22.619124 102.097718 0.000000
vt 24.159890 100.567844 0.000000
vt 25.700657 99.037971 0.000000
vt 27.241423 97.508097 0.000000
vt 28.782189 95.978224 0.000000
vt 13.374528 112.806833 0.000000
vt 12.426687 112.445522 0.000000
vt 13.374528 111.274760 0.000000
vt 11.833762 111.276185 0.000000
vt 11.833762 109.747086 0.000000
vt 11.212571 111.448522 0.000000
vt 10.292996 109.747086 0.000000
vt 9.989137 110.476686 0.000000
vt 8.757666 109.526707 0.000000
vt 7.519347 108.595467 0.000000
vt 8.752230 108.217212 0.000000
vt 10.292996 108.217212 0.000000
vt 11.833762 108.217212 0.000000
vt 13.374528 108.217212 0.000000
vt 13.374528 109.747086 0.000000
vt 14.915294 108.217212 0.000000
vt 7.211464 108.217212 0.000000
vt 6.275291 107.680003 0.000000
vt 7.211464 106.687339 0.000000
vt 5.670698 106.687339 0.000000
vt 7.211464 105.157465 0.000000
vt 5.670698 105.157465 0.000000
vt 7.211464 103.627591 0.000000
vt 5.670698 103.627591 0.000000
vt 7.211464 102.097718 0.000000
vt 5.670698 102.097718 0.000000
vt 7.211464 100.567844 0.000000
vt 5.670698 100.567844 0.000000
vt 7.211464 99.037971 0.000000
vt 5.670698 99.037971 0.000000
vt 7.211464 97.508097 0.000000
vt 5.670698 97.508097 0.000000
vt 7.211464 95.978224 0.000000
vt 5.670698 95.978224 0.000000
vt 7.211464 94.448350 0.000000
vt 5.670698 94.448350 0.000000
vt 7.211464 92.918477 0.000000
vt 5.670698 92.918477 0.000000
vt 5.026547 106.777485 0.000000
vt 4.129931 105.157465 0.000000
vt 3.774111 105.885197 0.000000
vt 2.518941 105.000506 0.000000
vt 1.261962 104.120848 0.000000
vt 2.589165 103.627591 0.000000
vt 4.129931 103.627591 0.000000
vt 1.048399 103.627591 0.000000
vt 0.004082 103.243700 0.000000
vt 1.048399 102.097718 0.000000
vt -0.492367 102.097718 0.000000
vt 1.048399 100.567844 0.000000
vt -0.492367 100.567844 0.000000
vt 1.048399 99.037971 0.000000
vt -0.492367 99.037971 0.000000
vt 1.048399 97.508097 0.000000
vt -0.492367 97.508097 0.000000
vt 1.048399 95.978224 0.000000
vt -0.492367 95.978224 0.000000
vt 1.048399 94.448350 0.000000
vt -0.492367 94.448350 0.000000
vt 1.048399 92.918477 0.000000
vt -0.492367 92.918477 0.000000
vt -1.253800 102.366560 0.000000
vt -2.033133 100.567844 0.000000
vt -2.510787 101.486926 0.000000
vt -3.573899 100.567844 0.000000
vt -3.765973 100.602277 0.000000
vt -3.573899 99.037971 0.000000
vt -5.018429 99.710046 0.000000
vt -5.114665 99.037971 0.000000
vt -6.267200 98.807603 0.000000
vt -5.114665 97.508097 0.000000
vt -6.655431 97.508097 0.000000
vt -5.114665 95.978224 0.000000
vt -6.655431 95.978224 0.000000
vt -5.114665 94.448350 0.000000
vt -6.655431 94.448350 0.000000
vt -5.114665 92.918477 0.000000
vt -6.655431 92.918477 0.000000
vt -7.511290 97.892232 0.000000
vt -8.196197 95.978224 0.000000
vt -8.749650 96.961103 0.000000
vt -9.736963 95.978224 0.000000
vt -9.981169 96.011257 0.000000
vt -9.736963 94.448350 0.000000
vt -11.204659 95.039572 0.000000
vt -11.277729 94.448350 0.000000
vt -12.418840 94.042747 0.000000
vt -11.277729 92.918477 0.000000
vt -12.818495 92.918477 0.000000
vt -13.622323 93.017270 0.000000
vt -14.813595 91.959398 0.000000
vt -17.440794 88.328856 0.000000
vt -18.296689 88.549997 0.000000
vt -17.440794 86.798982 0.000000
vt -18.981560 86.798982 0.000000
vt -17.440794 85.269109 0.000000
vt -18.981560 85.269109 0.000000
vt -18.296689 83.518094 0.000000
vt -19.420726 84.748413 0.000000
vt -20.522326 86.034046 0.000000
vt -19.420726 87.319678 0.000000
vt -17.440794 83.739235 0.000000
vt -17.152701 82.337903 0.000000
vt -15.900028 83.739235 0.000000
vt -15.900028 82.209362 0.000000
vt -14.359261 82.209362 0.000000
vt -15.990996 81.202961 0.000000
vt -14.359261 80.679488 0.000000
vt -14.813595 80.108693 0.000000
vt -13.622323 79.050821 0.000000
vt -12.418840 78.025344 0.000000
vt -12.818495 79.149615 0.000000
vt -12.818495 80.679488 0.000000
vt -11.204659 77.028519 0.000000
vt -11.277729 77.619741 0.000000
vt -11.277729 79.149615 0.000000
vt -9.736963 77.619741 0.000000
vt -9.981169 76.056835 0.000000
vt -9.736963 76.089868 0.000000
vt -8.749650 75.106988 0.000000
vt -8.196197 76.089868 0.000000
vt -7.511290 74.175860 0.000000
vt -6.655431 74.559994 0.000000
vt -6.267200 73.260488 0.000000
vt -5.114665 74.559994 0.000000
vt -5.114665 73.030120 0.000000
vt -3.573899 73.030120 0.000000
vt -5.018429 72.358046 0.000000
vt -3.765973 71.465815 0.000000
vt -3.573899 71.500247 0.000000
vt -2.510787 70.581165 0.000000
vt -2.033133 71.500247 0.000000
vt -1.253800 69.701532 0.000000
vt -0.492367 69.970373 0.000000
vt 0.004082 68.824391 0.000000
vt 1.048399 69.970373 0.000000
vt 1.048399 68.440500 0.000000
vt 2.589165 68.440500 0.000000
vt 1.261962 67.947243 0.000000
vt 2.518941 67.067585 0.000000
vt 3.774111 66.182895 0.000000
vt 4.129931 66.910626 0.000000
vt -0.492367 71.500247 0.000000
vt -2.033133 73.030120 0.000000
vt -3.573899 74.559994 0.000000
vt -5.114665 76.089868 0.000000
vt -6.655431 77.619741 0.000000
vt -8.196197 79.149615 0.000000
vt -9.736963 80.679488 0.000000
vt -11.277729 82.209362 0.000000
vt -12.818495 83.739235 0.000000
vt -14.359261 85.269109 0.000000
vt -15.900028 86.798982 0.000000
vt 5.026547 65.290606 0.000000
vt 5.670698 65.380753 0.000000
vt 6.275291 64.388089 0.000000
vt 7.211464 63.850879 0.000000
vt 7.519347 63.472624 0.000000
vt 14.821283 57.538800 0.000000
vt 19.537592 56.201511 0.000000
vt 17.996826 57.731385 0.000000
vt 16.456060 59.261259 0.000000
vt 14.915294 60.794755 0.000000
vt 13.374528 62.321006 0.000000
vt 11.833762 63.850879 0.000000
vt 10.292996 65.380753 0.000000
vt 8.752230 66.910626 0.000000
vt 7.211464 68.440500 0.000000
vt 5.670698 69.970373 0.000000
vt 4.129931 71.500247 0.000000
vt 2.589165 73.030120 0.000000
vt 1.048399 74.559994 0.000000
vt -0.492367 76.089868 0.000000
vt -2.033133 77.619741 0.000000
vt -3.573899 79.149615 0.000000
vt -5.114665 80.679488 0.000000
vt -6.655431 82.209362 0.000000
vt -8.196197 83.739235 0.000000
vt -9.736963 85.269109 0.000000
vt -11.277729 86.798982 0.000000
vt -12.818495 88.328856 0.000000
vt 21.078358 56.201511 0.000000
vt 19.537592 57.731385 0.000000
vt 17.996826 59.261259 0.000000
vt 16.456060 60.796180 0.000000
vt 14.915294 62.321006 0.000000
vt 13.374528 63.850879 0.000000
vt 11.833762 65.380753 0.000000
vt 10.292996 66.910626 0.000000
vt 8.752230 68.440500 0.000000
vt 7.211464 69.970373 0.000000
vt 5.670698 71.500247 0.000000
vt 4.129931 73.030120 0.000000
vt 2.589165 74.559994 0.000000
vt 1.048399 76.089868 0.000000
vt -0.492367 77.619741 0.000000
vt -2.033133 79.149615 0.000000
vt -3.573899 80.679488 0.000000
vt -5.114665 82.209362 0.000000
vt -6.655431 83.739235 0.000000
vt -8.196197 85.269109 0.000000
vt -9.736963 86.798982 0.000000
vt -11.277729 88.328856 0.000000
vt 22.619124 60.801879 0.000000
vt 24.159890 60.803303 0.000000
vt 22.619124 62.321006 0.000000
vt 24.159890 62.321006 0.000000
vt 22.619124 63.850879 0.000000
vt 24.159890 63.850879 0.000000
vt 22.619124 65.380753 0.000000
vt 24.159890 65.380753 0.000000
vt 22.619124 66.910626 0.000000
vt 24.159890 66.910626 0.000000
vt 22.619124 68.440500 0.000000
vt 24.159890 68.440500 0.000000
vt 22.619124 69.970373 0.000000
vt 24.159890 69.970373 0.000000
vt 22.619124 71.500247 0.000000
vt 24.159890 71.500247 0.000000
vt 22.619124 73.030120 0.000000
vt 24.159890 73.030120 0.000000
vt 22.619124 74.559994 0.000000
vt 24.159890 74.559994 0.000000
vt 22.619124 76.089868 0.000000
vt 24.159890 76.089868 0.000000
vt 22.619124 77.619741 0.000000
vt 24.159890 77.619741 0.000000
vt 22.619124 79.149615 0.000000
vt 24.159890 79.149615 0.000000
vt 22.619124 80.679488 0.000000
vt 24.159890 80.679488 0.000000
vt 22.619124 82.209362 0.000000
vt 24.159890 82.209362 0.000000
vt 22.619124 83.739235 0.000000
vt 24.159890 83.739235 0.000000
vt 22.619124 85.269109 0.000000
vt 24.159890 85.269109 0.000000
vt 22.619124 86.798982 0.000000
vt 24.159890 86.798982 0.000000
vt 22.619124 88.328856 0.000000
vt 24.159890 88.328856 0.000000
vt 21.078358 60.800454 0.000000
vt 21.078358 62.321006 0.000000
vt 21.078358 63.850879 0.000000
vt 21.078358 65.380753 0.000000
vt 21.078358 66.910626 0.000000
vt 21.078358 68.440500 0.000000
vt 21.078358 69.970373 0.000000
vt 21.078358 71.500247 0.000000
vt 21.078358 73.030120 0.000000
vt 21.078358 74.559994 0.000000
vt 21.078358 76.089868 0.000000
vt 21.078358 77.619741 0.000000
vt 21.078358 79.149615 0.000000
vt 21.078358 80.679488 0.000000
vt 21.078358 82.209362 0.000000
vt 21.078358 83.739235 0.000000
vt 21.078358 85.269109 0.000000
vt 21.078358 86.798982 0.000000
vt 21.078358 88.328856 0.000000
vt 19.537592 62.321006 0.000000
vt 17.996826 63.850879 0.000000
vt 16.456060 65.380753 0.000000
vt 14.915294 66.910626 0.000000
vt 13.374528 68.440500 0.000000
vt 11.833762 69.970373 0.000000
vt 10.292996 71.500247 0.000000
vt 8.752230 73.030120 0.000000
vt 7.211464 74.559994 0.000000
vt 5.670698 76.089868 0.000000
vt 4.129931 77.619741 0.000000
vt 2.589165 79.149615 0.000000
vt 1.048399 80.679488 0.000000
vt -0.492367 82.209362 0.000000
vt -2.033133 83.739235 0.000000
vt -3.573899 85.269109 0.000000
vt -5.114665 86.798982 0.000000
vt -6.655431 88.328856 0.000000
vt 19.537592 63.850879 0.000000
vt 19.537592 65.380753 0.000000
vt 19.537592 66.910626 0.000000
vt 19.537592 68.440500 0.000000
vt 19.537592 69.970373 0.000000
vt 19.537592 71.500247 0.000000
vt 19.537592 73.030120 0.000000
vt 19.537592 74.559994 0.000000
vt 19.537592 76.089868 0.000000
vt 19.537592 77.619741 0.000000
vt 19.537592 79.149615 0.000000
vt 19.537592 80.679488 0.000000
vt 19.537592 82.209362 0.000000
vt 19.537592 83.739235 0.000000
vt 19.537592 85.269109 0.000000
vt 19.537592 86.798982 0.000000
vt 19.537592 88.328856 0.000000
vt 17.996826 65.380753 0.000000
vt 16.456060 66.910626 0.000000
vt 14.915294 68.440500 0.000000
vt 13.374528 69.970373 0.000000
vt 11.833762 71.500247 0.000000
vt 10.292996 73.030120 0.000000
vt 8.752230 74.559994 0.000000
vt 7.211464 76.089868 0.000000
vt 5.670698 77.619741 0.000000
vt 4.129931 79.149615 0.000000
vt 2.589165 80.679488 0.000000
vt 1.048399 82.209362 0.000000
vt -0.492367 83.739235 0.000000
vt -2.033133 85.269109 0.000000
vt -3.573899 86.798982 0.000000
vt -5.114665 88.328856 0.000000
vt 17.996826 66.910626 0.000000
vt 17.996826 68.440500 0.000000
vt 17.996826 69.970373 0.000000
vt 17.996826 71.500247 0.000000
vt 17.996826 73.030120 0.000000
vt 17.996826 74.559994 0.000000
vt 17.996826 76.089868 0.000000
vt 17.996826 77.619741 0.000000
vt 17.996826 79.149615 0.000000
vt 17.996826 80.679488 0.000000
vt 17.996826 82.209362 0.000000
vt 17.996826 83.739235 0.000000
vt 17.996826 85.269109 0.000000
vt 17.996826 86.798982 0.000000
vt 17.996826 88.328856 0.000000
vt 16.456060 68.440500 0.000000
vt 14.915294 69.970373 0.000000
vt 13.374528 71.500247 0.000000
vt 11.833762 73.030120 0.000000
vt 10.292996 74.559994 0.000000
vt 8.752230 76.089868 0.000000
vt 7.211464 77.619741 0.000000
vt 5.670698 79.149615 0.000000
vt 4.129931 80.679488 0.000000
vt 2.589165 82.209362 0.000000
vt 1.048399 83.739235 0.000000
vt -0.492367 85.269109 0.000000
vt -2.033133 86.798982 0.000000
vt -3.573899 88.328856 0.000000
vt 16.456060 69.970373 0.000000
vt 16.456060 71.500247 0.000000
vt 16.456060 73.030120 0.000000
vt 16.456060 74.559994 0.000000
vt 16.456060 76.089868 0.000000
vt 16.456060 77.619741 0.000000
vt 16.456060 79.149615 0.000000
vt 16.456060 80.679488 0.000000
vt 16.456060 82.209362 0.000000
vt 16.456060 83.739235 0.000000
vt 16.456060 85.269109 0.000000
vt 16.456060 86.798982 0.000000
vt 16.456060 88.328856 0.000000
vt 14.915294 71.500247 0.000000
vt 13.374528 73.030120 0.000000
vt 11.833762 74.559994 0.000000
vt 10.292996 76.089868 0.000000
vt 8.752230 77.619741 0.000000
vt 7.211464 79.149615 0.000000
vt 5.670698 80.679488 0.000000
vt 4.129931 82.209362 0.000000
vt 2.589165 83.739235 0.000000
vt 1.048399 85.269109 0.000000
vt -0.492367 86.798982 0.000000
vt -2.033133 88.328856 0.000000
vt 14.915294 73.030120 0.000000
vt 14.915294 74.559994 0.000000
vt 14.915294 76.089868 0.000000
vt 14.915294 77.619741 0.000000
vt 14.915294 79.149615 0.000000
vt 14.915294 80.679488 0.000000
vt 14.915294 82.209362 0.000000
vt 14.915294 83.739235 0.000000
vt 14.915294 85.269109 0.000000
vt 14.915294 86.798982 0.000000
vt 14.915294 88.328856 0.000000
vt 28.782189 74.559994 0.000000
vt 28.782189 73.030120 0.000000
vt 28.782189 76.089868 0.000000
vt 13.374528 74.559994 0.000000
vt 11.833762 76.089868 0.000000
vt 10.292996 77.619741 0.000000
vt 8.752230 79.149615 0.000000
vt 7.211464 80.679488 0.000000
vt 5.670698 82.209362 0.000000
vt 4.129931 83.739235 0.000000
vt 2.589165 85.269109 0.000000
vt 1.048399 86.798982 0.000000
vt -0.492367 88.328856 0.000000
vt 13.374528 76.089868 0.000000
vt 13.374528 77.619741 0.000000
vt 13.374528 79.149615 0.000000
vt 13.374528 80.679488 0.000000
vt 13.374528 82.209362 0.000000
vt 13.374528 83.739235 0.000000
vt 13.374528 85.269109 0.000000
vt 13.374528 86.798982 0.000000
vt 13.374528 88.328856 0.000000
vt -6.655431 76.089868 0.000000
vt -8.196197 77.619741 0.000000
vt -9.736963 79.149615 0.000000
vt -11.277729 80.679488 0.000000
vt -12.818495 82.209362 0.000000
vt -14.359261 83.739235 0.000000
vt -15.900028 85.269109 0.000000
vt 11.833762 77.619741 0.000000
vt 10.292996 79.149615 0.000000
vt 8.752230 80.679488 0.000000
vt 7.211464 82.209362 0.000000
vt 5.670698 83.739235 0.000000
vt 4.129931 85.269109 0.000000
vt 2.589165 86.798982 0.000000
vt 1.048399 88.328856 0.000000
vt 11.833762 79.149615 0.000000
vt 11.833762 80.679488 0.000000
vt 11.833762 82.209362 0.000000
vt 11.833762 83.739235 0.000000
vt 11.833762 85.269109 0.000000
vt 11.833762 86.798982 0.000000
vt 11.833762 88.328856 0.000000
vt 10.292996 80.679488 0.000000
vt 8.752230 82.209362 0.000000
vt 7.211464 83.739235 0.000000
vt 5.670698 85.269109 0.000000
vt 4.129931 86.798982 0.000000
vt 2.589165 88.328856 0.000000
vt 28.782189 83.739235 0.000000
vt 10.292996 82.209362 0.000000
vt 10.292996 83.739235 0.000000
vt 10.292996 85.269109 0.000000
vt 10.292996 86.798982 0.000000
vt 10.292996 88.328856 0.000000
vt 8.752230 83.739235 0.000000
vt 7.211464 85.269109 0.000000
vt 5.670698 86.798982 0.000000
vt 4.129931 88.328856 0.000000
vt 8.752230 85.269109 0.000000
vt 8.752230 86.798982 0.000000
vt 8.752230 88.328856 0.000000
vt 7.211464 86.798982 0.000000
vt 7.211464 88.328856 0.000000
vt 5.670698 88.328856 0.000000
vt 28.782189 92.918477 0.000000
vt 28.782189 94.448350 0.000000
vt 27.241423 92.918477 0.000000
vt 27.241423 94.448350 0.000000
vt 27.241423 95.978224 0.000000
vt 25.700657 92.918477 0.000000
vt 25.700657 94.448350 0.000000
vt 25.700657 95.978224 0.000000
vt 25.700657 97.508097 0.000000
vt 24.159890 92.918477 0.000000
vt 24.159890 94.448350 0.000000
vt 24.159890 95.978224 0.000000
vt 24.159890 97.508097 0.000000
vt 24.159890 99.037971 0.000000
vt 22.619124 92.918477 0.000000
vt 22.619124 94.448350 0.000000
vt 22.619124 95.978224 0.000000
vt 22.619124 97.508097 0.000000
vt 22.619124 99.037971 0.000000
vt 22.619124 100.567844 0.000000
vt 21.078358 92.918477 0.000000
vt 21.078358 94.448350 0.000000
vt 21.078358 95.978224 0.000000
vt 21.078358 97.508097 0.000000
vt 21.078358 99.037971 0.000000
vt 21.078358 100.567844 0.000000
vt 21.078358 102.097718 0.000000
vt 19.537592 92.918477 0.000000
vt 19.537592 94.448350 0.000000
vt 19.537592 95.978224 0.000000
vt 19.537592 97.508097 0.000000
vt 19.537592 99.037971 0.000000
vt 19.537592 100.567844 0.000000
vt 19.537592 102.097718 0.000000
vt 19.537592 103.627591 0.000000
vt 17.996826 92.918477 0.000000
vt 17.996826 94.448350 0.000000
vt 17.996826 95.978224 0.000000
vt 17.996826 97.508097 0.000000
vt 17.996826 99.037971 0.000000
vt 17.996826 100.567844 0.000000
vt 17.996826 102.097718 0.000000
vt 17.996826 103.627591 0.000000
vt 17.996826 105.157465 0.000000
vt 16.456060 92.918477 0.000000
vt 16.456060 94.448350 0.000000
vt 16.456060 95.978224 0.000000
vt 16.456060 97.508097 0.000000
vt 16.456060 99.037971 0.000000
vt 16.456060 100.567844 0.000000
vt 16.456060 102.097718 0.000000
vt 16.456060 103.627591 0.000000
vt 16.456060 105.157465 0.000000
vt 16.456060 106.687339 0.000000
vt 14.915294 92.918477 0.000000
vt 14.915294 94.448350 0.000000
vt 14.915294 95.978224 0.000000
vt 14.915294 97.508097 0.000000
vt 14.915294 99.037971 0.000000
vt 14.915294 100.567844 0.000000
vt 14.915294 102.097718 0.000000
vt 14.915294 103.627591 0.000000
vt 14.915294 105.157465 0.000000
vt 14.915294 106.687339 0.000000
vt 13.374528 92.918477 0.000000
vt 13.374528 94.448350 0.000000
vt 13.374528 95.978224 0.000000
vt 13.374528 97.508097 0.000000
vt 13.374528 99.037971 0.000000
vt 13.374528 100.567844 0.000000
vt 13.374528 102.097718 0.000000
vt 13.374528 103.627591 0.000000
vt 13.374528 105.157465 0.000000
vt 13.374528 106.687339 0.000000
vt 11.833762 92.918477 0.000000
vt 11.833762 94.448350 0.000000
vt 11.833762 95.978224 0.000000
vt 11.833762 97.508097 0.000000
vt 11.833762 99.037971 0.000000
vt 11.833762 100.567844 0.000000
vt 11.833762 102.097718 0.000000
vt 11.833762 103.627591 0.000000
vt 11.833762 105.157465 0.000000
vt 11.833762 106.687339 0.000000
vt 10.292996 92.918477 0.000000
vt 10.292996 94.448350 0.000000
vt 10.292996 95.978224 0.000000
vt 10.292996 97.508097 0.000000
vt 10.292996 99.037971 0.000000
vt 10.292996 100.567844 0.000000
vt 10.292996 102.097718 0.000000
vt 10.292996 103.627591 0.000000
vt 10.292996 105.157465 0.000000
vt 10.292996 106.687339 0.000000
vt 8.752230 92.918477 0.000000
vt 8.752230 94.448350 0.000000
vt 8.752230 95.978224 0.000000
vt 8.752230 97.508097 0.000000
vt 8.752230 99.037971 0.000000
vt 8.752230 100.567844 0.000000
vt 8.752230 102.097718 0.000000
vt 8.752230 103.627591 0.000000
vt 8.752230 105.157465 0.000000
vt 8.752230 106.687339 0.000000
vt 4.129931 92.918477 0.000000
vt 4.129931 94.448350 0.000000
vt 4.129931 95.978224 0.000000
vt 4.129931 97.508097 0.000000
vt 4.129931 99.037971 0.000000
vt 4.129931 100.567844 0.000000
vt 4.129931 102.097718 0.000000
vt 2.589165 92.918477 0.000000
vt 2.589165 94.448350 0.000000
vt 2.589165 95.978224 0.000000
vt 2.589165 97.508097 0.000000
vt 2.589165 99.037971 0.000000
vt 2.589165 100.567844 0.000000
vt 2.589165 102.097718 0.000000
vt -2.033133 92.918477 0.000000
vt -2.033133 94.448350 0.000000
vt -2.033133 95.978224 0.000000
vt -2.033133 97.508097 0.000000
vt -2.033133 99.037971 0.000000
vt -3.573899 92.918477 0.000000
vt -3.573899 94.448350 0.000000
vt -3.573899 95.978224 0.000000
vt -3.573899 97.508097 0.000000
vt -8.196197 92.918477 0.000000
vt -8.196197 94.448350 0.000000
vt -9.736963 92.918477 0.000000
vt 25.700657 105.157465 0.000000
vt 25.700657 106.687339 0.000000
vt 24.159890 106.687339 0.000000
vt 24.159890 108.217212 0.000000
vt 22.619124 108.217212 0.000000
vt 21.078358 109.747086 0.000000
vt 22.619124 109.747086 0.000000
vt 22.619124 114.336706 0.000000
vt 21.078358 114.336706 0.000000
vt 19.537592 114.336706 0.000000
vt -33.343625 -0.010000 0.000000
vt 0.000000 -0.010000 0.000000
vt -33.308495 1.530228 0.000000
vt -33.202256 3.067190 0.000000
vt -33.025134 4.597604 0.000000
vt -32.777508 6.118202 0.000000
vt -32.459907 7.625739 0.000000
vt -32.073008 9.116995 0.000000
vt -31.617638 10.588789 0.000000
vt -31.094768 12.037976 0.000000
vt -30.505515 13.461465 0.000000
vt -29.851137 14.856214 0.000000
vt -29.133030 16.219248 0.000000
vt -28.352729 17.547656 0.000000
vt -27.511898 18.838602 0.000000
vt -26.612333 20.089330 0.000000
vt -25.655955 21.297170 0.000000
vt -24.644804 22.459543 0.000000
vt -23.581040 23.573969 0.000000
vt -22.466934 24.638067 0.000000
vt -21.304863 25.649566 0.000000
vt -20.097310 26.606307 0.000000
vt -18.846852 27.506247 0.000000
vt -17.556158 28.347465 0.000000
vt -16.227985 29.128165 0.000000
vt -14.865166 29.846680 0.000000
vt -13.470613 30.501476 0.000000
vt -12.047301 31.091156 0.000000
vt -10.598271 31.614461 0.000000
vt -9.126614 32.070272 0.000000
vt -7.635473 32.457619 0.000000
vt -6.128032 32.775672 0.000000
vt -4.607508 33.023754 0.000000
vt -3.077147 33.201335 0.000000
vt -1.540218 33.308035 0.000000
vt 0.000000 33.343627 0.000000
vn -0.100000 0.000000 0.000000
vn -0.100000 0.000000 0.000000
vn -0.100000 0.000000 0.000000
vn -0.100000 0.000000 0.000000
vn -0.100000 0.000000 0.000000
vn -0.100000 0.000000 0.000000
vn -0.100000 0.000000 0.000000
vn -0.100000 0.000000 0.000000
vn -0.100000 0.000000 0.000000
vn -0.100000 0.000000 0.000000
vn -0.100000 0.000000 0.000000
vn -0.100000 0.000000 0.000000
vn -0.100000 0.000000 0.000000
vn -0.100000 0.000000 0.000000
vn -0.100000 0.000000 0.000000
vn -0.100000 0.000000 0.000000
vn -0.100000 0.000000 0.000000
vn -0.100000 0.000000 0.000000
vn -0.100000 0.000000 0.000000
vn -0.100000 0.000000 0.000000
vn -0.100000 0.000000 0.000000
vn -0.100000 0.000000 0.000000
vn -0.100000 0.000000 0.000000
vn -0.100000 0.000000 0.000000
vn -0.100000 0.000000 0.000000
vn -0.100000 0.000000 0.000000
vn -0.100000 0.000000 0.000000
vn -0.100000 0.000000 0.000000
vn -0.100000 0.000000 0.000000
vn -0.100000 0.000000 0.000000
vn -0.100000 0.000000 0.000000
vn -0.100000 0.000000 0.000000
vn -0.100000 0.000000 0.000000
vn -0.100000 0.000000 0.000000
vn -0.100000 0.000000 0.000000
vn -0.100000 0.000000 0.000000
vn 0.000000 0.000000 0.100000
vn 0.000000 0.000000 0.100000
vn 0.000000 0.000000 0.100000
vn 0.000000 0.000000 0.100000
vn 0.000000 0.000000 0.100000
vn 0.000000 0.000000 0.100000
vn 0.000000 0.000000 0.100000
vn 0.000000 0.000000 0.100000
vn 0.000000 0.000000 0.100000
vn 0.000000 0.000000 0.100000
vn 0.000000 0.000000 0.100000
vn 0.000000 0.000000 0.100000
vn 0.000000 0.000000 0.100000
vn 0.000000 0.000000 0.100000
vn 0.000000 0.000000 0.100000
vn 0.000000 0.000000 0.100000
vn 0.000000 0.000000 0.100000
vn 0.000000 0.000000 0.100000
vn 0.000000 0.000000 0.100000
vn 0.000000 0.000000 0.100000
vn 0.000000 0.000000 0.100000
vn 0.000000 0.000000 0.100000
vn 0.000000 0.000000 0.100000
vn 0.000000 0.000000 0.100000
vn 0.000000 0.000000 0.100000
vn 0.000000 0.000000 0.100000
vn 0.000000 0.000000 0.100000
vn 0.000000 0.000000 0.100000
vn 0.000000 0.000000 0.100000
vn 0.000000 0.000000 0.100000
vn 0.000000 0.000000 0.100000
vn 0.000000 0.000000 0.100000
vn 0.000000 0.000000 0.100000
vn 0.000000 0.000000 0.100000
vn 0.000000 0.000000 0.100000
vn 0.000000 0.000000 0.100000
vn -0.000030 -0.099893 -0.004618
vn 0.001426 -0.099916 -0.003854
vn -0.000030 -0.100000 0.000000
vn 0.004778 -0.099884 -0.000675
vn 0.004589 -0.099895 -0.000000
vn 0.009199 -0.099576 0.000000
vn 0.007404 -0.099663 -0.003521
vn 0.010824 -0.099412 -0.000424
vn 0.013439 -0.099034 -0.003418
vn 0.013789 -0.099045 -0.000000
vn 0.016906 -0.098560 -0.000400
vn 0.018349 -0.098302 0.000000
vn 0.019495 -0.098018 -0.003531
vn 0.022987 -0.097320 -0.000587
vn 0.025534 -0.096609 -0.003846
vn 0.027343 -0.096189 -0.000000
vn 0.029031 -0.095688 -0.000969
vn 0.031757 -0.094824 0.000000
vn 0.031523 -0.094802 -0.004348
vn 0.035002 -0.093662 -0.001529
vn 0.037416 -0.092601 -0.005004
vn 0.036103 -0.093256 0.000000
vn 0.040861 -0.091243 -0.002240
vn 0.040372 -0.091488 -0.000000
vn 0.044555 -0.089526 0.000000
vn 0.043189 -0.090005 -0.005806
vn 0.046578 -0.088436 -0.003086
vn 0.048805 -0.087022 -0.006727
vn 0.052120 -0.085248 -0.004041
vn 0.054232 -0.083660 -0.007741
vn 0.057455 -0.081689 -0.005081
vn 0.059441 -0.079931 -0.008825
vn 0.062555 -0.077774 -0.006179
vn 0.064403 -0.075850 -0.009951
vn 0.067392 -0.073518 -0.007310
vn 0.069093 -0.071436 -0.011093
vn 0.071942 -0.068942 -0.008446
vn 0.073488 -0.066709 -0.012224
vn 0.076184 -0.064067 -0.009560
vn 0.077567 -0.061692 -0.013317
vn 0.080099 -0.058917 -0.010627
vn 0.081313 -0.056412 -0.014347
vn 0.083669 -0.053521 -0.011619
vn 0.084711 -0.050896 -0.015286
vn 0.086882 -0.047906 -0.012511
vn 0.087748 -0.045174 -0.016109
vn 0.089726 -0.042105 -0.013279
vn 0.090416 -0.039279 -0.016794
vn 0.092196 -0.036150 -0.013898
vn 0.092709 -0.033245 -0.017316
vn 0.094285 -0.030074 -0.014347
vn 0.094624 -0.027105 -0.017655
vn 0.095993 -0.023915 -0.014606
vn 0.096160 -0.020897 -0.017792
vn 0.097322 -0.017708 -0.014656
vn 0.097322 -0.014656 -0.017708
vn 0.098277 -0.011490 -0.014481
vn 0.098116 -0.008422 -0.017388
vn 0.098864 -0.005299 -0.014066
vn 0.098550 -0.002231 -0.016821
vn 0.099041 0.000000 -0.013818
vn 0.098297 -0.000000 -0.018378
vn 0.097795 -0.005283 -0.020206
vn 0.097314 -0.002081 -0.022927
vn 0.096831 -0.008325 -0.023548
vn 0.096340 -0.005058 -0.026324
vn 0.095660 -0.011348 -0.026840
vn 0.095161 -0.008024 -0.029665
vn 0.094285 -0.014347 -0.030074
vn 0.093778 -0.010973 -0.032942
vn 0.092709 -0.017316 -0.033245
vn 0.092196 -0.013898 -0.036150
vn 0.090935 -0.020248 -0.036344
vn 0.090416 -0.016794 -0.039279
vn 0.088967 -0.023136 -0.039366
vn 0.088444 -0.019654 -0.042326
vn 0.086808 -0.025976 -0.042303
vn 0.086282 -0.022472 -0.045281
vn 0.084465 -0.028759 -0.045151
vn 0.083937 -0.025242 -0.048140
vn 0.081941 -0.031482 -0.047902
vn 0.081412 -0.027958 -0.050896
vn 0.079242 -0.034137 -0.050551
vn 0.078713 -0.030614 -0.053544
vn 0.076374 -0.036719 -0.053091
vn 0.075847 -0.033205 -0.056077
vn 0.073343 -0.039223 -0.055519
vn 0.072818 -0.035726 -0.058491
vn 0.070156 -0.041643 -0.057828
vn 0.069634 -0.038170 -0.060780
vn 0.066818 -0.043974 -0.060013
vn 0.066302 -0.040532 -0.062939
vn 0.063338 -0.046211 -0.062071
vn 0.062827 -0.042808 -0.064963
vn 0.059723 -0.048350 -0.063996
vn 0.059219 -0.044992 -0.066849
vn 0.055980 -0.050385 -0.065784
vn 0.055484 -0.047081 -0.068592
vn 0.052118 -0.052313 -0.067432
vn 0.051631 -0.049069 -0.070189
vn 0.048145 -0.054129 -0.068936
vn 0.047668 -0.050952 -0.071636
vn 0.044068 -0.055830 -0.070292
vn 0.043602 -0.052726 -0.072930
vn 0.039898 -0.057411 -0.071499
vn 0.039444 -0.054388 -0.074068
vn 0.035643 -0.058870 -0.072553
vn 0.035202 -0.055934 -0.075048
vn 0.031311 -0.060203 -0.073452
vn 0.030884 -0.057360 -0.075868
vn 0.026912 -0.061408 -0.074194
vn 0.026501 -0.058664 -0.076526
vn 0.022457 -0.062482 -0.074778
vn 0.022060 -0.059843 -0.077021
vn 0.017953 -0.063422 -0.075202
vn 0.017573 -0.060894 -0.077351
vn 0.013411 -0.064226 -0.075466
vn 0.013048 -0.061815 -0.077516
vn 0.008840 -0.064894 -0.075569
vn 0.008496 -0.062603 -0.077515
vn 0.004250 -0.065423 -0.075510
vn 0.003925 -0.063259 -0.077349
vn -0.000030 -0.063885 -0.076933
vn 0.003493 -0.061056 -0.079120
vn -0.000030 -0.060263 -0.079802
vn 0.002954 -0.058819 -0.080818
vn -0.000030 -0.056514 -0.082500
vn 0.002311 -0.056554 -0.082440
vn 0.001563 -0.054265 -0.083981
vn 0.005996 -0.053086 -0.084534
vn 0.005097 -0.050644 -0.086077
vn 0.009470 -0.049221 -0.086531
vn 0.008412 -0.046634 -0.088059
vn 0.012713 -0.044983 -0.088402
vn 0.011490 -0.042261 -0.089900
vn 0.015710 -0.040394 -0.090119
vn 0.014316 -0.037548 -0.091571
vn 0.018448 -0.035482 -0.091655
vn 0.016879 -0.032524 -0.093044
vn 0.020915 -0.030275 -0.092984
vn 0.019170 -0.027219 -0.094295
vn 0.023104 -0.024805 -0.094079
vn 0.021183 -0.021664 -0.095299
vn 0.025011 -0.019105 -0.094918
vn 0.022915 -0.015894 -0.096033
vn 0.026633 -0.013208 -0.095479
vn 0.020714 -0.012726 -0.097000
vn 0.024372 -0.009953 -0.096473
vn 0.018385 -0.009569 -0.097829
vn 0.021983 -0.006714 -0.097322
vn 0.019495 -0.003531 -0.098018
vn 0.022987 -0.000587 -0.097320
vn 0.018349 0.000000 -0.098302
vn 0.022870 -0.000000 -0.097350
vn 0.003968 -0.099702 -0.006610
vn -0.000030 -0.099573 -0.009227
vn 0.000524 -0.099529 -0.009685
vn -0.000030 -0.099041 -0.013816
vn 0.002898 -0.099186 -0.012402
vn 0.005187 -0.098706 -0.015171
vn 0.008800 -0.098850 -0.012294
vn 0.011079 -0.098214 -0.015210
vn 0.014748 -0.098126 -0.012403
vn 0.017012 -0.097320 -0.015472
vn 0.020714 -0.097000 -0.012726
vn 0.022915 -0.096033 -0.015894
vn 0.026633 -0.095479 -0.013208
vn 0.028785 -0.094335 -0.016504
vn 0.032498 -0.093550 -0.013868
vn 0.034577 -0.092230 -0.017267
vn 0.038264 -0.091217 -0.014673
vn 0.040255 -0.089720 -0.018161
vn 0.043897 -0.088486 -0.015600
vn 0.045786 -0.086813 -0.019162
vn 0.049365 -0.085362 -0.016625
vn 0.051139 -0.083516 -0.020246
vn 0.054637 -0.081857 -0.017724
vn 0.056285 -0.079841 -0.021388
vn 0.059685 -0.077985 -0.018869
vn 0.061195 -0.075803 -0.022561
vn 0.064482 -0.073761 -0.020035
vn 0.065845 -0.071421 -0.023739
vn 0.069003 -0.069205 -0.021196
vn 0.070210 -0.066715 -0.024894
vn 0.073226 -0.064340 -0.022323
vn 0.074271 -0.061708 -0.026000
vn 0.077134 -0.059188 -0.023390
vn 0.078010 -0.056425 -0.027030
vn 0.080708 -0.053779 -0.024372
vn 0.081412 -0.050896 -0.027958
vn 0.083937 -0.048140 -0.025242
vn 0.084465 -0.045151 -0.028759
vn 0.086808 -0.042303 -0.025976
vn 0.087160 -0.039221 -0.029410
vn 0.089316 -0.036302 -0.026550
vn 0.089491 -0.033140 -0.029887
vn 0.091455 -0.030169 -0.026943
vn 0.091455 -0.026943 -0.030169
vn 0.093223 -0.023941 -0.027134
vn 0.093052 -0.020666 -0.030237
vn 0.094624 -0.017655 -0.027105
vn 0.001563 -0.098352 -0.018015
vn -0.000030 -0.098297 -0.018375
vn -0.000030 -0.097344 -0.022895
vn -0.000030 -0.096183 -0.027366
vn 0.001919 -0.096524 -0.026066
vn 0.003679 -0.097760 -0.020721
vn 0.007387 -0.098092 -0.017985
vn 0.003750 -0.095719 -0.028703
vn -0.000030 -0.094816 -0.031779
vn 0.005503 -0.094787 -0.031388
vn 0.001533 -0.094151 -0.033664
vn 0.007157 -0.093736 -0.034092
vn 0.003111 -0.093149 -0.036244
vn 0.008708 -0.092570 -0.036810
vn 0.004591 -0.092036 -0.038837
vn 0.010154 -0.091290 -0.039534
vn 0.005970 -0.090815 -0.041436
vn 0.011490 -0.089900 -0.042261
vn 0.007244 -0.089489 -0.044037
vn 0.012713 -0.088402 -0.044983
vn 0.008412 -0.088059 -0.046634
vn 0.013823 -0.086800 -0.047694
vn 0.009470 -0.086531 -0.049221
vn 0.014815 -0.085096 -0.050390
vn 0.010417 -0.084906 -0.051793
vn 0.015688 -0.083296 -0.053063
vn 0.011250 -0.083188 -0.054344
vn 0.016439 -0.081402 -0.055709
vn 0.011967 -0.081381 -0.056868
vn 0.017068 -0.079419 -0.058321
vn 0.012567 -0.079489 -0.059360
vn 0.017573 -0.077351 -0.060894
vn 0.013048 -0.077516 -0.061815
vn 0.017953 -0.075202 -0.063422
vn 0.013411 -0.075466 -0.064226
vn 0.018206 -0.072978 -0.065899
vn 0.013652 -0.073344 -0.066590
vn 0.018333 -0.070683 -0.068322
vn 0.013773 -0.071154 -0.068901
vn 0.018333 -0.068322 -0.070683
vn 0.013773 -0.068901 -0.071154
vn 0.018206 -0.065899 -0.072978
vn 0.013652 -0.066590 -0.073344
vn -0.000030 -0.093247 -0.036124
vn -0.000030 -0.091479 -0.040392
vn 0.000463 -0.091306 -0.040781
vn -0.000030 -0.089516 -0.044574
vn 0.001773 -0.090146 -0.043250
vn 0.002983 -0.088886 -0.045720
vn -0.000030 -0.087362 -0.048660
vn 0.004092 -0.087529 -0.048186
vn 0.000714 -0.085440 -0.051957
vn -0.000030 -0.085022 -0.052643
vn 0.001563 -0.083981 -0.054265
vn -0.000030 -0.082500 -0.056514
vn 0.002311 -0.082440 -0.056554
vn 0.002954 -0.080818 -0.058819
vn 0.007469 -0.081186 -0.057905
vn 0.008038 -0.079389 -0.060272
vn -0.000030 -0.079802 -0.060263
vn 0.003493 -0.079120 -0.061056
vn 0.008496 -0.077515 -0.062603
vn -0.000030 -0.076933 -0.063885
vn 0.003925 -0.077349 -0.063259
vn 0.008840 -0.075569 -0.064894
vn 0.004250 -0.075510 -0.065423
vn -0.000030 -0.073901 -0.067370
vn 0.004467 -0.073605 -0.067545
vn 0.004576 -0.071640 -0.069619
vn 0.009184 -0.071473 -0.069334
vn 0.009184 -0.069334 -0.071473
vn -0.000030 -0.070711 -0.070711
vn 0.004576 -0.069619 -0.071640
vn 0.009069 -0.067139 -0.073553
vn -0.000030 -0.067370 -0.073901
vn 0.004467 -0.067545 -0.073605
vn -0.000030 -0.052643 -0.085022
vn 0.000714 -0.051957 -0.085440
vn 0.004092 -0.048186 -0.087529
vn 0.007244 -0.044037 -0.089489
vn 0.010154 -0.039534 -0.091290
vn 0.012807 -0.034704 -0.092906
vn 0.015195 -0.029575 -0.094310
vn 0.017310 -0.024178 -0.095477
vn 0.019147 -0.018546 -0.096382
vn 0.017012 -0.015472 -0.097320
vn 0.014748 -0.012403 -0.098126
vn 0.015962 -0.006468 -0.098506
vn 0.016906 -0.000400 -0.098560
vn 0.013789 -0.000000 -0.099045
vn 0.013439 -0.003418 -0.099034
vn 0.010824 -0.000424 -0.099412
vn 0.009944 -0.006428 -0.099296
vn 0.007404 -0.003521 -0.099663
vn 0.006428 -0.009425 -0.099347
vn 0.003968 -0.006610 -0.099702
vn 0.002898 -0.012402 -0.099186
vn 0.000524 -0.009685 -0.099529
vn -0.000030 -0.013816 -0.099041
vn -0.000030 -0.009227 -0.099573
vn -0.000030 -0.048660 -0.087362
vn 0.002983 -0.045720 -0.088886
vn -0.000030 -0.044574 -0.089516
vn 0.001773 -0.043250 -0.090146
vn -0.000030 -0.040392 -0.091479
vn 0.000463 -0.040781 -0.091306
vn 0.004591 -0.038837 -0.092036
vn 0.005970 -0.041436 -0.090815
vn 0.003111 -0.036244 -0.093149
vn -0.000030 -0.036124 -0.093247
vn 0.001533 -0.033664 -0.094151
vn -0.000030 -0.031779 -0.094816
vn 0.005503 -0.031388 -0.094787
vn 0.003750 -0.028703 -0.095719
vn 0.007632 -0.026242 -0.096193
vn 0.001919 -0.026066 -0.096524
vn 0.005719 -0.023488 -0.097034
vn 0.003679 -0.020721 -0.097760
vn 0.009506 -0.020859 -0.097337
vn 0.007387 -0.017985 -0.098092
vn 0.013273 -0.018185 -0.097433
vn 0.011079 -0.015210 -0.098214
vn -0.000030 -0.027366 -0.096183
vn -0.000030 -0.022895 -0.097344
vn 0.001563 -0.018015 -0.098352
vn -0.000030 -0.018375 -0.098297
vn -0.000030 -0.004618 -0.099893
vn 0.001426 -0.003854 -0.099916
vn -0.000030 -0.000000 -0.100000
vn 0.004589 -0.000000 -0.099895
vn 0.004778 -0.000675 -0.099884
vn 0.009199 -0.000000 -0.099576
vn 0.027343 -0.000000 -0.096189
vn 0.025534 -0.003846 -0.096609
vn 0.027978 -0.007158 -0.095739
vn 0.030295 -0.010494 -0.094721
vn 0.028785 -0.016504 -0.094335
vn 0.026989 -0.022338 -0.093662
vn 0.024906 -0.027961 -0.092725
vn 0.022540 -0.033340 -0.091545
vn 0.019898 -0.038441 -0.090146
vn 0.016988 -0.043235 -0.088556
vn 0.013823 -0.047694 -0.086800
vn 0.010417 -0.051793 -0.084906
vn 0.006787 -0.055508 -0.082902
vn 0.029031 -0.000969 -0.095688
vn 0.031757 -0.000000 -0.094824
vn 0.031523 -0.004348 -0.094802
vn 0.035002 -0.001529 -0.093662
vn 0.037416 -0.005004 -0.092601
vn 0.036103 -0.000000 -0.093256
vn 0.040861 -0.002240 -0.091243
vn 0.040372 -0.000000 -0.091488
vn 0.044555 -0.000000 -0.089526
vn 0.048643 -0.000000 -0.087372
vn 0.046578 -0.003086 -0.088436
vn 0.043189 -0.005806 -0.090005
vn 0.039708 -0.008514 -0.091383
vn 0.036141 -0.011203 -0.092565
vn 0.033892 -0.007757 -0.093761
vn 0.032498 -0.013868 -0.093550
vn 0.049868 -0.000360 -0.086678
vn 0.052627 -0.000000 -0.085032
vn 0.052120 -0.004041 -0.085248
vn 0.055324 -0.001348 -0.083291
vn 0.054232 -0.007741 -0.083660
vn 0.057455 -0.005081 -0.081689
vn 0.056200 -0.011451 -0.081917
vn 0.059441 -0.008825 -0.079931
vn 0.058019 -0.015163 -0.080024
vn 0.061276 -0.012570 -0.078021
vn 0.059685 -0.018869 -0.077985
vn 0.062958 -0.016310 -0.075963
vn 0.061195 -0.022561 -0.075803
vn 0.064482 -0.020035 -0.073761
vn 0.062546 -0.026231 -0.073484
vn 0.065845 -0.023739 -0.071421
vn 0.063735 -0.029871 -0.071033
vn 0.067044 -0.027411 -0.068947
vn 0.064758 -0.033473 -0.068454
vn 0.068077 -0.031046 -0.066345
vn 0.065614 -0.037029 -0.065754
vn 0.068941 -0.034635 -0.063621
vn 0.056498 -0.000000 -0.082510
vn 0.060555 -0.002410 -0.079544
vn 0.060249 -0.000000 -0.079812
vn 0.063872 -0.000000 -0.076944
vn 0.067358 -0.000000 -0.073912
vn 0.065535 -0.003521 -0.075450
vn 0.062555 -0.006179 -0.077774
vn 0.068376 -0.000855 -0.072966
vn 0.070700 -0.000000 -0.070721
vn 0.070237 -0.004653 -0.071029
vn 0.072932 -0.001987 -0.068388
vn 0.071942 -0.008446 -0.068942
vn 0.074638 -0.005781 -0.066300
vn 0.073488 -0.012224 -0.066709
vn 0.076184 -0.009560 -0.064067
vn 0.074870 -0.015979 -0.064336
vn 0.077567 -0.013317 -0.061692
vn 0.076086 -0.019704 -0.061827
vn 0.078784 -0.017044 -0.059183
vn 0.077134 -0.023390 -0.059188
vn 0.079832 -0.020731 -0.056543
vn 0.078010 -0.027030 -0.056425
vn 0.080708 -0.024372 -0.053779
vn 0.073891 0.000000 -0.067380
vn 0.077175 -0.003103 -0.063517
vn 0.076925 -0.000000 -0.063895
vn 0.079547 -0.000419 -0.060598
vn 0.079794 -0.000000 -0.060273
vn 0.081084 -0.004178 -0.058377
vn 0.082493 -0.000000 -0.056523
vn 0.083277 -0.001470 -0.055342
vn 0.085016 -0.000000 -0.052652
vn 0.084644 -0.005184 -0.052996
vn 0.086647 -0.002442 -0.049862
vn 0.085846 -0.008866 -0.050515
vn 0.087840 -0.006095 -0.047402
vn 0.086882 -0.012511 -0.047906
vn 0.088867 -0.009710 -0.044815
vn 0.087748 -0.016109 -0.045174
vn 0.089726 -0.013279 -0.042105
vn 0.087358 0.000000 -0.048669
vn 0.089646 -0.003311 -0.044188
vn 0.089512 0.000000 -0.044582
vn 0.091261 -0.000519 -0.040879
vn 0.091476 0.000000 -0.040399
vn 0.092265 -0.004051 -0.038351
vn 0.093245 0.000000 -0.036131
vn 0.093670 -0.001206 -0.034992
vn 0.094814 0.000000 -0.031785
vn 0.094497 -0.004640 -0.032385
vn 0.095688 -0.001733 -0.028997
vn 0.096181 -0.000000 -0.027371
vn 0.097343 -0.000000 -0.022899
vn 0.099401 -0.002165 -0.010713
vn 0.099573 -0.000000 -0.009229
vn 0.099554 -0.005090 -0.007942
vn 0.099875 -0.001871 -0.004643
vn 0.099554 -0.007942 -0.005090
vn 0.099875 -0.004643 -0.001871
vn 0.099573 -0.009229 0.000000
vn 0.099893 -0.004619 0.000000
vn 0.100000 0.000000 -0.000000
vn 0.099893 0.000000 -0.004619
vn 0.099401 -0.010713 -0.002165
vn 0.099041 -0.013818 0.000000
vn 0.098864 -0.014066 -0.005299
vn 0.098550 -0.016821 -0.002231
vn 0.097795 -0.020206 -0.005283
vn 0.098297 -0.018378 0.000000
vn 0.097314 -0.022927 -0.002081
vn 0.097343 -0.022899 0.000000
vn 0.096181 -0.027371 0.000000
vn 0.094814 -0.031785 -0.000000
vn 0.095688 -0.028997 -0.001733
vn 0.096340 -0.026324 -0.005058
vn 0.093245 -0.036131 0.000000
vn 0.093670 -0.034992 -0.001206
vn 0.094497 -0.032385 -0.004640
vn 0.092265 -0.038351 -0.004051
vn 0.091476 -0.040399 -0.000000
vn 0.091261 -0.040879 -0.000519
vn 0.089512 -0.044582 0.000000
vn 0.089646 -0.044188 -0.003311
vn 0.087358 -0.048669 0.000000
vn 0.086647 -0.049862 -0.002442
vn 0.085016 -0.052652 0.000000
vn 0.084644 -0.052996 -0.005184
vn 0.083277 -0.055342 -0.001470
vn 0.081084 -0.058377 -0.004178
vn 0.082493 -0.056523 0.000000
vn 0.079794 -0.060273 -0.000000
vn 0.079547 -0.060598 -0.000419
vn 0.076925 -0.063895 0.000000
vn 0.077175 -0.063517 -0.003103
vn 0.073891 -0.067380 0.000000
vn 0.072932 -0.068388 -0.001987
vn 0.070700 -0.070721 0.000000
vn 0.070237 -0.071029 -0.004653
vn 0.068376 -0.072966 -0.000855
vn 0.065535 -0.075450 -0.003521
vn 0.067358 -0.073912 0.000000
vn 0.063872 -0.076944 0.000000
vn 0.060249 -0.079812 -0.000000
vn 0.060555 -0.079544 -0.002410
vn 0.074638 -0.066300 -0.005781
vn 0.078718 -0.061287 -0.006876
vn 0.082459 -0.056016 -0.007914
vn 0.085846 -0.050515 -0.008866
vn 0.088867 -0.044815 -0.009710
vn 0.091513 -0.038946 -0.010419
vn 0.093778 -0.032942 -0.010973
vn 0.095660 -0.026840 -0.011348
vn 0.097158 -0.020674 -0.011526
vn 0.098277 -0.014481 -0.011490
vn 0.099021 -0.008299 -0.011223
vn 0.056498 -0.082510 0.000000
vn 0.055324 -0.083291 -0.001348
vn 0.052627 -0.085032 0.000000
vn 0.049868 -0.086678 -0.000360
vn 0.048643 -0.087372 0.000000
vn 0.022870 -0.097350 0.000000
vn 0.009944 -0.099296 -0.006428
vn 0.015962 -0.098506 -0.006468
vn 0.021983 -0.097322 -0.006714
vn 0.027978 -0.095739 -0.007158
vn 0.033892 -0.093761 -0.007757
vn 0.039708 -0.091383 -0.008514
vn 0.045386 -0.088611 -0.009397
vn 0.050893 -0.085452 -0.010385
vn 0.056200 -0.081917 -0.011451
vn 0.061276 -0.078021 -0.012570
vn 0.066096 -0.073778 -0.013716
vn 0.070634 -0.069209 -0.014861
vn 0.074870 -0.064336 -0.015979
vn 0.078784 -0.059183 -0.017044
vn 0.082359 -0.053777 -0.018028
vn 0.085583 -0.048147 -0.018906
vn 0.088444 -0.042326 -0.019654
vn 0.090935 -0.036344 -0.020248
vn 0.093052 -0.030237 -0.020666
vn 0.094793 -0.024041 -0.020889
vn 0.096160 -0.017792 -0.020897
vn 0.097158 -0.011526 -0.020674
vn 0.006428 -0.099347 -0.009425
vn 0.012394 -0.098784 -0.009391
vn 0.018385 -0.097829 -0.009569
vn 0.024372 -0.096473 -0.009953
vn 0.030295 -0.094721 -0.010494
vn 0.036141 -0.092565 -0.011203
vn 0.041869 -0.090010 -0.012048
vn 0.047446 -0.087062 -0.013006
vn 0.052839 -0.083729 -0.014053
vn 0.058019 -0.080024 -0.015163
vn 0.062958 -0.075963 -0.016310
vn 0.067630 -0.071562 -0.017467
vn 0.072013 -0.066842 -0.018607
vn 0.076086 -0.061827 -0.019704
vn 0.079832 -0.056543 -0.020731
vn 0.083234 -0.051018 -0.021662
vn 0.086282 -0.045281 -0.022472
vn 0.088967 -0.039366 -0.023136
vn 0.091281 -0.033305 -0.023633
vn 0.093223 -0.027134 -0.023941
vn 0.094793 -0.020889 -0.024041
vn 0.095993 -0.014606 -0.023915
vn 0.009506 -0.097337 -0.020859
vn 0.005719 -0.097034 -0.023488
vn 0.011498 -0.096462 -0.023726
vn 0.007632 -0.096193 -0.026242
vn 0.013400 -0.095450 -0.026640
vn 0.009462 -0.095220 -0.029045
vn 0.015195 -0.094310 -0.029575
vn 0.011188 -0.094124 -0.031868
vn 0.016879 -0.093044 -0.032524
vn 0.012807 -0.092906 -0.034704
vn 0.018448 -0.091655 -0.035482
vn 0.014316 -0.091571 -0.037548
vn 0.019898 -0.090146 -0.038441
vn 0.015710 -0.090119 -0.040394
vn 0.021226 -0.088521 -0.041395
vn 0.016988 -0.088556 -0.043235
vn 0.022430 -0.086781 -0.044338
vn 0.018146 -0.086883 -0.046065
vn 0.023507 -0.084933 -0.047264
vn 0.019181 -0.085105 -0.048879
vn 0.024454 -0.082979 -0.050165
vn 0.020092 -0.083226 -0.051669
vn 0.025270 -0.080923 -0.053037
vn 0.020877 -0.081249 -0.054431
vn 0.025953 -0.078771 -0.055872
vn 0.021533 -0.079179 -0.057157
vn 0.026501 -0.076526 -0.058664
vn 0.022060 -0.077021 -0.059843
vn 0.026912 -0.074194 -0.061408
vn 0.022457 -0.074778 -0.062482
vn 0.027188 -0.071780 -0.064097
vn 0.022721 -0.072456 -0.065068
vn 0.027325 -0.069289 -0.066726
vn 0.022854 -0.070061 -0.067596
vn 0.027325 -0.066726 -0.069289
vn 0.022854 -0.067596 -0.070061
vn 0.027188 -0.064097 -0.071780
vn 0.022721 -0.065068 -0.072456
vn 0.013273 -0.097433 -0.018185
vn 0.015339 -0.096525 -0.021158
vn 0.017310 -0.095477 -0.024178
vn 0.019170 -0.094295 -0.027219
vn 0.020915 -0.092984 -0.030275
vn 0.022540 -0.091545 -0.033340
vn 0.024042 -0.089981 -0.036406
vn 0.025419 -0.088296 -0.039467
vn 0.026666 -0.086494 -0.042516
vn 0.027782 -0.084579 -0.045548
vn 0.028764 -0.082554 -0.048554
vn 0.029609 -0.080424 -0.051529
vn 0.030316 -0.078194 -0.054467
vn 0.030884 -0.075868 -0.057360
vn 0.031311 -0.073452 -0.060203
vn 0.031596 -0.070950 -0.062990
vn 0.031739 -0.068369 -0.065714
vn 0.031739 -0.065714 -0.068369
vn 0.031596 -0.062990 -0.070950
vn 0.019147 -0.096382 -0.018546
vn 0.025011 -0.094918 -0.019105
vn 0.030815 -0.093045 -0.019824
vn 0.036526 -0.090764 -0.020682
vn 0.042109 -0.088078 -0.021658
vn 0.047532 -0.084995 -0.022726
vn 0.052765 -0.081526 -0.023861
vn 0.057778 -0.077684 -0.025038
vn 0.062546 -0.073484 -0.026231
vn 0.067044 -0.068947 -0.027411
vn 0.071250 -0.064095 -0.028553
vn 0.075145 -0.058951 -0.029630
vn 0.078713 -0.053544 -0.030614
vn 0.081941 -0.047902 -0.031482
vn 0.084818 -0.042056 -0.032207
vn 0.087336 -0.036039 -0.032767
vn 0.089491 -0.029887 -0.033140
vn 0.091281 -0.023633 -0.033305
vn 0.021183 -0.095299 -0.021664
vn 0.023104 -0.094079 -0.024805
vn 0.024906 -0.092725 -0.027961
vn 0.026584 -0.091238 -0.031126
vn 0.028136 -0.089624 -0.034293
vn 0.029557 -0.087884 -0.037454
vn 0.030846 -0.086023 -0.040604
vn 0.031998 -0.084044 -0.043734
vn 0.033012 -0.081953 -0.046839
vn 0.033885 -0.079753 -0.049912
vn 0.034615 -0.077450 -0.052946
vn 0.035202 -0.075048 -0.055934
vn 0.035643 -0.072553 -0.058870
vn 0.035937 -0.069969 -0.061748
vn 0.036084 -0.067304 -0.064561
vn 0.036084 -0.064561 -0.067304
vn 0.035937 -0.061748 -0.069969
vn 0.026989 -0.093662 -0.022338
vn 0.032720 -0.091614 -0.023160
vn 0.038342 -0.089156 -0.024107
vn 0.043824 -0.086294 -0.025156
vn 0.049132 -0.083037 -0.026283
vn 0.054238 -0.079398 -0.027462
vn 0.059114 -0.075390 -0.028667
vn 0.063735 -0.071033 -0.029871
vn 0.068077 -0.066345 -0.031046
vn 0.072120 -0.061352 -0.032167
vn 0.075847 -0.056077 -0.033205
vn 0.079242 -0.050551 -0.034137
vn 0.082294 -0.044802 -0.034935
vn 0.084994 -0.038862 -0.035577
vn 0.087336 -0.032767 -0.036039
vn 0.089316 -0.026550 -0.036302
vn 0.028844 -0.092268 -0.025588
vn 0.030572 -0.090737 -0.028846
vn 0.032169 -0.089075 -0.032107
vn 0.033633 -0.087283 -0.035362
vn 0.034959 -0.085367 -0.038604
vn 0.036146 -0.083330 -0.041827
vn 0.037190 -0.081177 -0.045024
vn 0.038088 -0.078912 -0.048188
vn 0.038841 -0.076541 -0.051312
vn 0.039444 -0.074068 -0.054388
vn 0.039898 -0.071499 -0.057411
vn 0.040201 -0.068839 -0.060374
vn 0.040353 -0.066094 -0.063271
vn 0.040353 -0.063271 -0.066094
vn 0.040201 -0.060374 -0.068839
vn 0.034494 -0.090043 -0.026505
vn 0.040022 -0.087408 -0.027534
vn 0.045394 -0.084371 -0.028650
vn 0.050582 -0.080943 -0.029828
vn 0.055556 -0.077136 -0.031042
vn 0.060289 -0.072967 -0.032266
vn 0.064758 -0.068454 -0.033473
vn 0.068941 -0.063621 -0.034635
vn 0.072818 -0.058491 -0.035726
vn 0.076374 -0.053091 -0.036719
vn 0.079595 -0.047452 -0.037589
vn 0.082471 -0.041602 -0.038311
vn 0.084994 -0.035577 -0.038862
vn 0.087160 -0.029410 -0.039221
vn 0.036134 -0.088336 -0.029852
vn 0.037637 -0.086497 -0.033194
vn 0.038998 -0.084530 -0.036522
vn 0.040216 -0.082438 -0.039831
vn 0.041288 -0.080228 -0.043113
vn 0.042211 -0.077903 -0.046361
vn 0.042983 -0.075469 -0.049568
vn 0.043602 -0.072930 -0.052726
vn 0.044068 -0.070292 -0.055830
vn 0.044380 -0.067562 -0.058872
vn 0.044535 -0.064744 -0.061845
vn 0.044535 -0.061845 -0.064744
vn 0.044380 -0.058872 -0.067562
vn 0.041560 -0.085525 -0.030955
vn 0.046818 -0.082315 -0.032130
vn 0.051879 -0.078716 -0.033351
vn 0.056715 -0.074745 -0.034593
vn 0.061301 -0.070417 -0.035828
vn 0.065614 -0.065754 -0.037029
vn 0.069634 -0.060780 -0.038170
vn 0.073343 -0.055519 -0.039223
vn 0.076727 -0.050000 -0.040162
vn 0.079772 -0.044254 -0.040964
vn 0.082471 -0.038311 -0.041602
vn 0.084818 -0.032207 -0.042056
vn 0.042954 -0.083511 -0.034363
vn 0.044201 -0.081371 -0.037750
vn 0.045298 -0.079108 -0.041110
vn 0.046243 -0.076727 -0.044435
vn 0.047033 -0.074235 -0.047718
vn 0.047668 -0.071636 -0.050952
vn 0.048145 -0.068936 -0.054129
vn 0.048463 -0.066140 -0.057243
vn 0.048623 -0.063255 -0.060288
vn 0.048623 -0.060288 -0.063255
vn 0.048463 -0.057243 -0.066140
vn 0.005996 -0.084534 -0.053086
vn 0.005097 -0.086077 -0.050644
vn 0.006787 -0.082902 -0.055508
vn 0.048091 -0.080129 -0.035589
vn 0.053020 -0.076363 -0.036846
vn 0.057713 -0.072229 -0.038106
vn 0.062148 -0.067747 -0.039344
vn 0.066302 -0.062939 -0.040532
vn 0.070156 -0.057828 -0.041643
vn 0.073694 -0.052442 -0.042650
vn 0.076903 -0.046810 -0.043529
vn 0.079772 -0.040964 -0.044254
vn 0.082294 -0.034935 -0.044802
vn 0.049211 -0.077818 -0.039020
vn 0.050176 -0.075388 -0.042415
vn 0.050983 -0.072843 -0.045767
vn 0.051631 -0.070189 -0.049069
vn 0.052118 -0.067432 -0.052313
vn 0.052444 -0.064577 -0.055493
vn 0.052606 -0.061632 -0.058601
vn 0.052606 -0.058601 -0.061632
vn 0.052444 -0.055493 -0.064577
vn 0.087840 -0.047402 -0.006095
vn 0.090663 -0.041627 -0.006888
vn 0.093105 -0.035703 -0.007538
vn 0.095161 -0.029665 -0.008024
vn 0.096831 -0.023548 -0.008325
vn 0.098116 -0.017388 -0.008422
vn 0.099021 -0.011223 -0.008299
vn 0.054002 -0.073887 -0.040304
vn 0.058549 -0.069596 -0.041575
vn 0.062827 -0.064963 -0.042808
vn 0.066818 -0.060013 -0.043974
vn 0.070504 -0.054772 -0.045047
vn 0.073869 -0.049267 -0.046001
vn 0.076903 -0.043529 -0.046810
vn 0.079595 -0.037589 -0.047452
vn 0.054824 -0.071295 -0.043718
vn 0.055484 -0.068592 -0.047081
vn 0.055980 -0.065784 -0.050385
vn 0.056312 -0.062877 -0.053624
vn 0.056478 -0.059876 -0.056790
vn 0.056478 -0.056790 -0.059876
vn 0.056312 -0.053624 -0.062877
vn 0.059219 -0.066849 -0.044992
vn 0.063338 -0.062071 -0.046211
vn 0.067163 -0.056985 -0.047347
vn 0.070678 -0.051619 -0.048375
vn 0.073869 -0.046001 -0.049267
vn 0.076727 -0.040162 -0.050000
vn 0.009069 -0.073553 -0.067139
vn 0.059723 -0.063996 -0.048350
vn 0.060060 -0.061042 -0.051641
vn 0.060228 -0.057993 -0.054857
vn 0.060228 -0.054857 -0.057993
vn 0.060060 -0.051641 -0.061042
vn 0.063680 -0.059076 -0.049547
vn 0.067336 -0.053860 -0.050645
vn 0.070678 -0.048375 -0.051619
vn 0.073694 -0.042650 -0.052442
vn 0.063850 -0.055986 -0.052808
vn 0.063850 -0.052808 -0.055986
vn 0.063680 -0.049547 -0.059076
vn 0.067336 -0.050645 -0.053860
vn 0.067163 -0.047347 -0.056985
vn 0.070504 -0.045047 -0.054772
vn 0.008038 -0.060272 -0.079389
vn 0.007469 -0.057905 -0.081186
vn 0.012567 -0.059360 -0.079489
vn 0.011967 -0.056868 -0.081381
vn 0.011250 -0.054344 -0.083188
vn 0.017068 -0.058321 -0.079419
vn 0.016439 -0.055709 -0.081402
vn 0.015688 -0.053063 -0.083296
vn 0.014815 -0.050390 -0.085096
vn 0.021533 -0.057157 -0.079179
vn 0.020877 -0.054431 -0.081249
vn 0.020092 -0.051669 -0.083226
vn 0.019181 -0.048879 -0.085105
vn 0.018146 -0.046065 -0.086883
vn 0.025953 -0.055872 -0.078771
vn 0.025270 -0.053037 -0.080923
vn 0.024454 -0.050165 -0.082979
vn 0.023507 -0.047264 -0.084933
vn 0.022430 -0.044338 -0.086781
vn 0.021226 -0.041395 -0.088521
vn 0.030316 -0.054467 -0.078194
vn 0.029609 -0.051529 -0.080424
vn 0.028764 -0.048554 -0.082554
vn 0.027782 -0.045548 -0.084579
vn 0.026666 -0.042516 -0.086494
vn 0.025419 -0.039467 -0.088296
vn 0.024042 -0.036406 -0.089981
vn 0.034615 -0.052946 -0.077450
vn 0.033885 -0.049912 -0.079753
vn 0.033012 -0.046839 -0.081953
vn 0.031998 -0.043734 -0.084044
vn 0.030846 -0.040604 -0.086023
vn 0.029557 -0.037454 -0.087884
vn 0.028136 -0.034293 -0.089624
vn 0.026584 -0.031126 -0.091238
vn 0.038841 -0.051312 -0.076541
vn 0.038088 -0.048188 -0.078912
vn 0.037190 -0.045024 -0.081177
vn 0.036146 -0.041827 -0.083330
vn 0.034959 -0.038604 -0.085367
vn 0.033633 -0.035362 -0.087283
vn 0.032169 -0.032107 -0.089075
vn 0.030572 -0.028846 -0.090737
vn 0.028844 -0.025588 -0.092268
vn 0.042983 -0.049568 -0.075469
vn 0.042211 -0.046361 -0.077903
vn 0.041288 -0.043113 -0.080228
vn 0.040216 -0.039831 -0.082438
vn 0.038998 -0.036522 -0.084530
vn 0.037637 -0.033194 -0.086497
vn 0.036134 -0.029852 -0.088336
vn 0.034494 -0.026505 -0.090043
vn 0.032720 -0.023160 -0.091614
vn 0.030815 -0.019824 -0.093045
vn 0.047033 -0.047718 -0.074235
vn 0.046243 -0.044435 -0.076727
vn 0.045298 -0.041110 -0.079108
vn 0.044201 -0.037750 -0.081371
vn 0.042954 -0.034363 -0.083511
vn 0.041560 -0.030955 -0.085525
vn 0.040022 -0.027534 -0.087408
vn 0.038342 -0.024107 -0.089156
vn 0.036526 -0.020682 -0.090764
vn 0.034577 -0.017267 -0.092230
vn 0.050983 -0.045767 -0.072843
vn 0.050176 -0.042415 -0.075388
vn 0.049211 -0.039020 -0.077818
vn 0.048091 -0.035589 -0.080129
vn 0.046818 -0.032130 -0.082315
vn 0.045394 -0.028650 -0.084371
vn 0.043824 -0.025156 -0.086294
vn 0.042109 -0.021658 -0.088078
vn 0.040255 -0.018161 -0.089720
vn 0.038264 -0.014673 -0.091217
vn 0.054824 -0.043718 -0.071295
vn 0.054002 -0.040304 -0.073887
vn 0.053020 -0.036846 -0.076363
vn 0.051879 -0.033351 -0.078716
vn 0.050582 -0.029828 -0.080943
vn 0.049132 -0.026283 -0.083037
vn 0.047532 -0.022726 -0.084995
vn 0.045786 -0.019162 -0.086813
vn 0.043897 -0.015600 -0.088486
vn 0.041869 -0.012048 -0.090010
vn 0.058549 -0.041575 -0.069596
vn 0.057713 -0.038106 -0.072229
vn 0.056715 -0.034593 -0.074745
vn 0.055556 -0.031042 -0.077136
vn 0.054238 -0.027462 -0.079398
vn 0.052765 -0.023861 -0.081526
vn 0.051139 -0.020246 -0.083516
vn 0.049365 -0.016625 -0.085362
vn 0.047446 -0.013006 -0.087062
vn 0.045386 -0.009397 -0.088611
vn 0.062148 -0.039344 -0.067747
vn 0.061301 -0.035828 -0.070417
vn 0.060289 -0.032266 -0.072967
vn 0.059114 -0.028667 -0.075390
vn 0.057778 -0.025038 -0.077684
vn 0.056285 -0.021388 -0.079841
vn 0.054637 -0.017724 -0.081857
vn 0.052839 -0.014053 -0.083729
vn 0.050893 -0.010385 -0.085452
vn 0.048805 -0.006727 -0.087022
vn 0.072120 -0.032167 -0.061352
vn 0.071250 -0.028553 -0.064095
vn 0.070210 -0.024894 -0.066715
vn 0.069003 -0.021196 -0.069205
vn 0.067630 -0.017467 -0.071562
vn 0.066096 -0.013716 -0.073778
vn 0.064403 -0.009951 -0.075850
vn 0.075145 -0.029630 -0.058951
vn 0.074271 -0.026000 -0.061708
vn 0.073226 -0.022323 -0.064340
vn 0.072013 -0.018607 -0.066842
vn 0.070634 -0.014861 -0.069209
vn 0.069093 -0.011093 -0.071436
vn 0.067392 -0.007310 -0.073518
vn 0.083234 -0.021662 -0.051018
vn 0.082359 -0.018028 -0.053777
vn 0.081313 -0.014347 -0.056412
vn 0.080099 -0.010627 -0.058917
vn 0.078718 -0.006876 -0.061287
vn 0.085583 -0.018906 -0.048147
vn 0.084711 -0.015286 -0.050896
vn 0.083669 -0.011619 -0.053521
vn 0.082459 -0.007914 -0.056016
vn 0.091513 -0.010419 -0.038946
vn 0.090663 -0.006888 -0.041627
vn 0.093105 -0.007538 -0.035703
vn 0.008708 -0.036810 -0.092570
vn 0.007157 -0.034092 -0.093736
vn 0.011188 -0.031868 -0.094124
vn 0.009462 -0.029045 -0.095220
vn 0.013400 -0.026640 -0.095450
vn 0.015339 -0.021158 -0.096525
vn 0.011498 -0.023726 -0.096462
vn 0.005187 -0.015171 -0.098706
vn 0.008800 -0.012294 -0.098850
vn 0.012394 -0.009391 -0.098784
vn 0.000000 0.100000 0.000000
vn 0.000000 0.100000 0.000000
vn 0.000000 0.100000 0.000000
vn 0.000000 0.100000 0.000000
vn 0.000000 0.100000 0.000000
vn 0.000000 0.100000 0.000000
vn 0.000000 0.100000 0.000000
vn 0.000000 0.100000 0.000000
vn 0.000000 0.100000 0.000000
vn 0.000000 0.100000 0.000000
vn 0.000000 0.100000 0.000000
vn 0.000000 0.100000 0.000000
vn 0.000000 0.100000 0.000000
vn 0.000000 0.100000 0.000000
vn 0.000000 0.100000 0.000000
vn 0.000000 0.100000 0.000000
vn 0.000000 0.100000 0.000000
vn 0.000000 0.100000 0.000000
vn 0.000000 0.100000 0.000000
vn 0.000000 0.100000 0.000000
vn 0.000000 0.100000 0.000000
vn 0.000000 0.100000 0.000000
vn 0.000000 0.100000 0.000000
vn 0.000000 0.100000 0.000000
vn 0.000000 0.100000 0.000000
vn 0.000000 0.100000 0.000000
vn 0.000000 0.100000 0.000000
vn 0.000000 0.100000 0.000000
vn 0.000000 0.100000 0.000000
vn 0.000000 0.100000 0.000000
vn 0.000000 0.100000 0.000000
vn 0.000000 0.100000 0.000000
vn 0.000000 0.100000 0.000000
vn 0.000000 0.100000 0.000000
vn 0.000000 0.100000 0.000000
vn 0.000000 0.100000 0.000000
usemtl Steel_-_Satin
f 1/1/1 2/2/2 36/3/3
f 36/3/3 2/2/2 3/4/4
f 36/3/3 3/4/4 4/5/5
f 4/5/5 5/6/6 36/3/3
f 36/3/3 5/6/6 6/7/7
f 36/3/3 6/7/7 7/8/8
f 7/8/8 8/9/9 36/3/3
f 36/3/3 8/9/9 9/10/10
f 36/3/3 9/10/10 10/11/11
f 10/11/11 11/12/12 36/3/3
f 36/3/3 11/12/12 12/13/13
f 36/3/3 12/13/13 13/14/14
f 13/14/14 14/15/15 36/3/3
f 36/3/3 14/15/15 15/16/16
f 36/3/3 15/16/16 16/17/17
f 16/17/17 17/18/18 36/3/3
f 36/3/3 17/18/18 18/19/19
f 36/3/3 18/19/19 19/20/20
f 19/20/20 20/21/21 36/3/3
f 36/3/3 20/21/21 21/22/22
f 36/3/3 21/22/22 22/23/23
f 22/23/23 23/24/24 36/3/3
f 36/3/3 23/24/24 24/25/25
f 36/3/3 24/25/25 25/26/26
f 25/26/26 26/27/27 36/3/3
f 36/3/3 26/27/27 27/28/28
f 36/3/3 27/28/28 28/29/29
f 28/29/29 29/30/30 36/3/3
f 36/3/3 29/30/30 30/31/31
f 36/3/3 30/31/31 31/32/32
f 31/32/32 32/33/33 36/3/3
f 36/3/3 32/33/33 33/34/34
f 36/3/3 33/34/34 34/35/35
f 34/35/35 35/36/36 36/3/3
f 35/37/37 37/38/38 36/39/39
f 36/39/39 37/38/38 38/40/40
f 36/39/39 38/40/40 39/41/41
f 39/41/41 40/42/42 36/39/39
f 36/39/39 40/42/42 41/43/43
f 36/39/39 41/43/43 42/44/44
f 42/44/44 43/45/45 36/39/39
f 36/39/39 43/45/45 44/46/46
f 36/39/39 44/46/46 45/47/47
f 45/47/47 46/48/48 36/39/39
f 36/39/39 46/48/48 47/49/49
f 36/39/39 47/49/49 48/50/50
f 48/50/50 49/51/51 36/39/39
f 36/39/39 49/51/51 50/52/52
f 36/39/39 50/52/52 51/53/53
f 51/53/53 52/54/54 36/39/39
f 36/39/39 52/54/54 53/55/55
f 36/39/39 53/55/55 54/56/56
f 54/56/56 55/57/57 36/39/39
f 36/39/39 55/57/57 56/58/58
f 36/39/39 56/58/58 57/59/59
f 57/59/59 58/60/60 36/39/39
f 36/39/39 58/60/60 59/61/61
f 36/39/39 59/61/61 60/62/62
f 60/62/62 61/63/63 36/39/39
f 36/39/39 61/63/63 62/64/64
f 36/39/39 62/64/64 63/65/65
f 63/65/65 64/66/66 36/39/39
f 36/39/39 64/66/66 65/67/67
f 36/39/39 65/67/67 66/68/68
f 66/68/68 67/69/69 36/39/39
f 36/39/39 67/69/69 68/70/70
f 36/39/39 68/70/70 69/71/71
f 69/71/71 70/72/72 36/39/39
f 34/73/73 113/74/74 35/75/75
f 35/75/75 113/74/74 114/76/76
f 35/75/75 114/76/76 37/77/77
f 37/77/77 114/76/76 38/78/78
f 38/78/78 114/76/76 117/79/79
f 38/78/78 117/79/79 118/80/80
f 118/80/80 117/79/79 122/81/81
f 118/80/80 122/81/81 39/82/82
f 39/82/82 122/81/81 123/83/83
f 39/82/82 123/83/83 40/84/84
f 40/84/84 123/83/83 129/85/85
f 40/84/84 129/85/85 130/86/86
f 130/86/86 129/85/85 138/87/87
f 130/86/86 138/87/87 42/88/88
f 42/88/88 138/87/87 139/89/89
f 42/88/88 139/89/89 43/90/90
f 43/90/90 139/89/89 152/91/91
f 43/90/90 152/91/91 151/92/92
f 151/92/92 152/91/91 149/93/93
f 151/92/92 149/93/93 44/94/94
f 44/94/94 149/93/93 150/95/95
f 44/94/94 150/95/95 45/96/96
f 45/96/96 150/95/95 46/97/97
f 46/97/97 150/95/95 171/98/98
f 46/97/97 171/98/98 172/99/99
f 172/99/99 171/98/98 186/100/100
f 172/99/99 186/100/100 187/101/101
f 187/101/101 186/100/100 202/102/102
f 187/101/101 202/102/102 203/103/103
f 203/103/103 202/102/102 228/104/104
f 203/103/103 228/104/104 227/105/105
f 227/105/105 228/104/104 221/106/106
f 227/105/105 221/106/106 222/107/107
f 222/107/107 221/106/106 261/108/108
f 222/107/107 261/108/108 262/109/109
f 262/109/109 261/108/108 295/110/110
f 262/109/109 295/110/110 294/111/111
f 294/111/111 295/110/110 286/112/112
f 294/111/111 286/112/112 287/113/113
f 287/113/113 286/112/112 336/114/114
f 287/113/113 336/114/114 337/115/115
f 337/115/115 336/114/114 375/116/116
f 337/115/115 375/116/116 374/117/117
f 374/117/117 375/116/116 364/118/118
f 374/117/117 364/118/118 365/119/119
f 365/119/119 364/118/118 433/120/120
f 365/119/119 433/120/120 432/121/121
f 432/121/121 433/120/120 422/122/122
f 432/121/121 422/122/122 423/123/123
f 423/123/123 422/122/122 484/124/124
f 423/123/123 484/124/124 485/125/125
f 485/125/125 484/124/124 495/126/126
f 485/125/125 495/126/126 494/127/127
f 494/127/127 495/126/126 549/128/128
f 494/127/127 549/128/128 550/129/129
f 550/129/129 549/128/128 556/130/130
f 550/129/129 556/130/130 555/131/131
f 555/131/131 556/130/130 616/132/132
f 555/131/131 616/132/132 101/133/133
f 101/133/133 616/132/132 100/134/134
f 100/134/134 616/132/132 615/135/135
f 100/134/134 615/135/135 646/136/136
f 646/136/136 615/135/135 614/137/137
f 646/136/136 614/137/137 645/138/138
f 645/138/138 614/137/137 613/139/139
f 645/138/138 613/139/139 644/140/140
f 644/140/140 613/139/139 612/141/141
f 644/140/140 612/141/141 643/142/142
f 643/142/142 612/141/141 611/143/143
f 643/142/142 611/143/143 642/144/144
f 642/144/144 611/143/143 610/145/145
f 642/144/144 610/145/145 641/146/146
f 641/146/146 610/145/145 609/147/147
f 641/146/146 609/147/147 640/148/148
f 640/148/148 609/147/147 608/149/149
f 640/148/148 608/149/149 639/150/150
f 639/150/150 608/149/149 607/151/151
f 639/150/150 607/151/151 638/152/152
f 638/152/152 607/151/151 606/153/153
f 638/152/152 606/153/153 637/154/154
f 637/154/154 606/153/153 605/155/155
f 637/154/154 605/155/155 636/156/156
f 636/156/156 605/155/155 604/157/157
f 636/156/156 604/157/157 635/158/158
f 635/158/158 604/157/157 603/159/159
f 635/158/158 603/159/159 634/160/160
f 634/160/160 603/159/159 602/161/161
f 634/160/160 602/161/161 633/162/162
f 633/162/162 602/161/161 601/163/163
f 633/162/162 601/163/163 632/164/164
f 632/164/164 601/163/163 600/165/165
f 632/164/164 600/165/165 631/166/166
f 631/166/166 600/165/165 599/167/167
f 631/166/166 599/167/167 630/168/168
f 630/168/168 599/167/167 598/169/169
f 630/168/168 598/169/169 629/170/170
f 629/170/170 598/169/169 597/171/171
f 629/170/170 597/171/171 628/172/172
f 628/172/172 597/171/171 596/173/173
f 628/172/172 596/173/173 627/174/174
f 627/174/174 596/173/173 595/175/175
f 627/174/174 595/175/175 626/176/176
f 626/176/176 595/175/175 594/177/177
f 626/176/176 594/177/177 625/178/178
f 625/178/178 594/177/177 593/179/179
f 625/178/178 593/179/179 624/180/180
f 624/180/180 593/179/179 592/181/181
f 624/180/180 592/181/181 623/182/182
f 623/182/182 592/181/181 591/183/183
f 623/182/182 591/183/183 622/184/184
f 622/184/184 591/183/183 590/185/185
f 622/184/184 590/185/185 621/186/186
f 621/186/186 590/185/185 589/187/187
f 621/186/186 589/187/187 620/188/188
f 620/188/188 589/187/187 588/189/189
f 620/188/188 588/189/189 619/190/190
f 619/190/190 588/189/189 587/191/191
f 619/190/190 587/191/191 618/192/192
f 618/192/192 587/191/191 586/193/193
f 618/192/192 586/193/193 617/194/194
f 617/194/194 586/193/193 16/195/195
f 617/194/194 16/195/195 109/196/196
f 109/196/196 16/195/195 15/197/197
f 109/196/196 15/197/197 110/198/198
f 110/198/198 15/197/197 14/199/199
f 110/198/198 14/199/199 728/200/200
f 728/200/200 14/199/199 729/201/201
f 728/200/200 729/201/201 730/202/202
f 730/202/202 729/201/201 755/203/203
f 730/202/202 755/203/203 756/204/204
f 756/204/204 755/203/203 798/205/205
f 756/204/204 798/205/205 797/206/206
f 797/206/206 798/205/205 802/207/207
f 797/206/206 802/207/207 803/208/208
f 803/208/208 802/207/207 822/209/209
f 803/208/208 822/209/209 823/210/210
f 823/210/210 822/209/209 850/211/211
f 823/210/210 850/211/211 849/212/212
f 849/212/212 850/211/211 859/213/213
f 849/212/212 859/213/213 860/214/214
f 860/214/214 859/213/213 875/215/215
f 860/214/214 875/215/215 876/216/216
f 876/216/216 875/215/215 889/217/217
f 876/216/216 889/217/217 890/218/218
f 890/218/218 889/217/217 899/219/219
f 890/218/218 899/219/219 898/220/220
f 898/220/220 899/219/219 908/221/221
f 898/220/220 908/221/221 909/222/222
f 909/222/222 908/221/221 917/223/223
f 909/222/222 917/223/223 918/224/224
f 918/224/224 917/223/223 74/225/225
f 918/224/224 74/225/225 75/226/226
f 113/74/74 34/73/73 116/227/227
f 116/227/227 34/73/73 33/228/228
f 116/227/227 33/228/228 115/229/229
f 115/229/229 33/228/228 32/230/230
f 115/229/229 32/230/230 119/231/231
f 119/231/231 32/230/230 125/232/232
f 119/231/231 125/232/232 126/233/233
f 126/233/233 125/232/232 134/234/234
f 126/233/233 134/234/234 135/235/235
f 135/235/235 134/234/234 156/236/236
f 135/235/235 156/236/236 155/237/237
f 155/237/237 156/236/236 145/238/238
f 155/237/237 145/238/238 146/239/239
f 146/239/239 145/238/238 167/240/240
f 146/239/239 167/240/240 168/241/241
f 168/241/241 167/240/240 182/242/242
f 168/241/241 182/242/242 183/243/243
f 183/243/243 182/242/242 198/244/244
f 183/243/243 198/244/244 199/245/245
f 199/245/245 198/244/244 232/246/246
f 199/245/245 232/246/246 231/247/247
f 231/247/247 232/246/246 217/248/248
f 231/247/247 217/248/248 218/249/249
f 218/249/249 217/248/248 257/250/250
f 218/249/249 257/250/250 258/251/251
f 258/251/251 257/250/250 299/252/252
f 258/251/251 299/252/252 298/253/253
f 298/253/253 299/252/252 282/254/254
f 298/253/253 282/254/254 283/255/255
f 283/255/255 282/254/254 332/256/256
f 283/255/255 332/256/256 333/257/257
f 333/257/257 332/256/256 379/258/258
f 333/257/257 379/258/258 378/259/259
f 378/259/259 379/258/258 360/260/260
f 378/259/259 360/260/260 361/261/261
f 361/261/261 360/260/260 437/262/262
f 361/261/261 437/262/262 436/263/263
f 436/263/263 437/262/262 418/264/264
f 436/263/263 418/264/264 419/265/265
f 419/265/265 418/264/264 480/266/266
f 419/265/265 480/266/266 481/267/267
f 481/267/267 480/266/266 499/268/268
f 481/267/267 499/268/268 498/269/269
f 498/269/269 499/268/268 545/270/270
f 498/269/269 545/270/270 546/271/271
f 546/271/271 545/270/270 560/272/272
f 546/271/271 560/272/272 559/273/273
f 559/273/273 560/272/272 612/141/141
f 559/273/273 612/141/141 613/139/139
f 125/232/232 32/230/230 124/274/274
f 124/274/274 32/230/230 31/275/275
f 124/274/274 31/275/275 30/276/276
f 29/277/277 132/278/278 30/276/276
f 30/276/276 132/278/278 131/279/279
f 30/276/276 131/279/279 124/274/274
f 124/274/274 131/279/279 133/280/280
f 124/274/274 133/280/280 125/232/232
f 125/232/232 133/280/280 134/234/234
f 132/278/278 29/277/277 140/281/281
f 140/281/281 29/277/277 28/282/282
f 140/281/281 28/282/282 161/283/283
f 161/283/283 28/282/282 160/284/284
f 161/283/283 160/284/284 175/285/285
f 175/285/285 160/284/284 174/286/286
f 175/285/285 174/286/286 190/287/287
f 190/287/287 174/286/286 189/288/288
f 190/287/287 189/288/288 241/289/289
f 241/289/289 189/288/288 242/290/290
f 241/289/289 242/290/290 207/291/291
f 207/291/291 242/290/290 206/292/292
f 207/291/291 206/292/292 246/293/293
f 246/293/293 206/292/292 245/294/294
f 246/293/293 245/294/294 311/295/295
f 311/295/295 245/294/294 312/296/296
f 311/295/295 312/296/296 269/297/297
f 269/297/297 312/296/296 268/298/298
f 269/297/297 268/298/298 318/299/299
f 318/299/299 268/298/298 317/300/300
f 318/299/299 317/300/300 394/301/301
f 394/301/301 317/300/300 395/302/302
f 394/301/301 395/302/302 344/303/303
f 344/303/303 395/302/302 343/304/304
f 344/303/303 343/304/304 454/305/305
f 454/305/305 343/304/304 455/306/306
f 454/305/305 455/306/306 400/307/307
f 400/307/307 455/306/306 399/308/308
f 400/307/307 399/308/308 461/309/309
f 461/309/309 399/308/308 460/310/310
f 461/309/309 460/310/310 519/311/311
f 519/311/311 460/310/310 520/312/312
f 519/311/311 520/312/312 524/313/313
f 524/313/313 520/312/312 523/314/314
f 524/313/313 523/314/314 582/315/315
f 582/315/315 523/314/314 583/316/316
f 582/315/315 583/316/316 589/187/187
f 589/187/187 583/316/316 588/189/189
f 28/282/282 27/317/317 160/284/284
f 160/284/284 27/317/317 174/286/286
f 27/317/317 26/318/318 174/286/286
f 174/286/286 26/318/318 189/288/288
f 189/288/288 26/318/318 104/319/319
f 104/319/319 26/318/318 25/320/320
f 104/319/319 25/320/320 243/321/321
f 243/321/321 25/320/320 205/322/322
f 243/321/321 205/322/322 206/292/292
f 206/292/292 205/322/322 245/294/294
f 25/320/320 24/323/323 205/322/322
f 205/322/322 24/323/323 244/324/324
f 205/322/322 244/324/324 245/294/294
f 245/294/294 244/324/324 312/296/296
f 244/324/324 24/323/323 314/325/325
f 314/325/325 24/323/323 23/326/326
f 314/325/325 23/326/326 266/327/327
f 266/327/327 23/326/326 22/328/328
f 266/327/327 22/328/328 315/329/329
f 315/329/329 22/328/328 105/330/330
f 315/329/329 105/330/330 396/331/331
f 396/331/331 105/330/330 342/332/332
f 396/331/331 342/332/332 343/304/304
f 343/304/304 342/332/332 455/306/306
f 22/328/328 21/333/333 105/330/330
f 105/330/330 21/333/333 106/334/334
f 105/330/330 106/334/334 342/332/332
f 342/332/332 106/334/334 456/335/335
f 342/332/332 456/335/335 455/306/306
f 455/306/306 456/335/335 399/308/308
f 21/333/333 20/336/336 106/334/334
f 106/334/334 20/336/336 457/337/337
f 106/334/334 457/337/337 456/335/335
f 456/335/335 457/337/337 398/338/338
f 456/335/335 398/338/338 399/308/308
f 399/308/308 398/338/338 460/310/310
f 457/337/337 20/336/336 397/339/339
f 397/339/339 20/336/336 19/340/340
f 397/339/339 19/340/340 458/341/341
f 458/341/341 19/340/340 107/342/342
f 458/341/341 107/342/342 521/343/343
f 521/343/343 107/342/342 522/344/344
f 521/343/343 522/344/344 523/314/314
f 523/314/314 522/344/344 583/316/316
f 19/340/340 18/345/345 107/342/342
f 107/342/342 18/345/345 108/346/346
f 107/342/342 108/346/346 522/344/344
f 522/344/344 108/346/346 584/347/347
f 522/344/344 584/347/347 583/316/316
f 583/316/316 584/347/347 588/189/189
f 18/345/345 17/348/348 108/346/346
f 108/346/346 17/348/348 585/349/349
f 108/346/346 585/349/349 584/347/347
f 584/347/347 585/349/349 587/191/191
f 584/347/347 587/191/191 588/189/189
f 585/349/349 17/348/348 586/193/193
f 586/193/193 17/348/348 16/195/195
f 14/199/199 13/350/350 729/201/201
f 729/201/201 13/350/350 754/351/351
f 729/201/201 754/351/351 755/203/203
f 755/203/203 754/351/351 799/352/352
f 755/203/203 799/352/352 798/205/205
f 798/205/205 799/352/352 801/353/353
f 798/205/205 801/353/353 802/207/207
f 802/207/207 801/353/353 821/354/354
f 802/207/207 821/354/354 822/209/209
f 822/209/209 821/354/354 851/355/355
f 822/209/209 851/355/355 850/211/211
f 850/211/211 851/355/355 858/356/356
f 850/211/211 858/356/356 859/213/213
f 859/213/213 858/356/356 874/357/357
f 859/213/213 874/357/357 875/215/215
f 875/215/215 874/357/357 888/358/358
f 875/215/215 888/358/358 889/217/217
f 889/217/217 888/358/358 900/359/359
f 889/217/217 900/359/359 899/219/219
f 899/219/219 900/359/359 907/360/360
f 899/219/219 907/360/360 908/221/221
f 908/221/221 907/360/360 916/361/361
f 908/221/221 916/361/361 917/223/223
f 917/223/223 916/361/361 923/362/362
f 917/223/223 923/362/362 74/225/225
f 74/225/225 923/362/362 73/363/363
f 73/363/363 923/362/362 922/364/364
f 73/363/363 922/364/364 927/365/365
f 927/365/365 922/364/364 921/366/366
f 927/365/365 921/366/366 926/367/367
f 926/367/367 921/366/366 920/368/368
f 926/367/367 920/368/368 925/369/369
f 925/369/369 920/368/368 919/370/370
f 925/369/369 919/370/370 924/371/371
f 924/371/371 919/370/370 4/372/372
f 924/371/371 4/372/372 3/373/373
f 13/350/350 12/374/374 754/351/351
f 754/351/351 12/374/374 799/352/352
f 799/352/352 12/374/374 800/375/375
f 800/375/375 12/374/374 11/376/376
f 800/375/375 11/376/376 111/377/377
f 111/377/377 11/376/376 10/378/378
f 111/377/377 10/378/378 854/379/379
f 854/379/379 10/378/378 853/380/380
f 854/379/379 853/380/380 111/377/377
f 111/377/377 853/380/380 820/381/381
f 111/377/377 820/381/381 800/375/375
f 800/375/375 820/381/381 801/353/353
f 800/375/375 801/353/353 799/352/352
f 853/380/380 10/378/378 855/382/382
f 855/382/382 10/378/378 9/383/383
f 855/382/382 9/383/383 870/384/384
f 870/384/384 9/383/383 8/385/385
f 870/384/384 8/385/385 871/386/386
f 871/386/386 8/385/385 884/387/387
f 871/386/386 884/387/387 885/388/388
f 885/388/388 884/387/387 112/389/389
f 885/388/388 112/389/389 903/390/390
f 903/390/390 112/389/389 904/391/391
f 903/390/390 904/391/391 902/392/392
f 902/392/392 904/391/391 905/393/393
f 902/392/392 905/393/393 901/394/394
f 901/394/394 905/393/393 906/395/395
f 901/394/394 906/395/395 900/359/359
f 900/359/359 906/395/395 907/360/360
f 8/385/385 7/396/396 884/387/387
f 884/387/387 7/396/396 112/389/389
f 7/396/396 6/397/397 112/389/389
f 112/389/389 6/397/397 904/391/391
f 904/391/391 6/397/397 912/398/398
f 912/398/398 6/397/397 5/399/399
f 912/398/398 5/399/399 4/372/372
f 924/371/371 3/373/373 925/369/369
f 925/369/369 3/373/373 2/400/400
f 925/369/369 2/400/400 928/401/401
f 928/401/401 2/400/400 1/402/402
f 928/401/401 1/402/402 71/403/403
f 928/401/401 71/403/403 929/404/404
f 929/404/404 71/403/403 72/405/405
f 929/404/404 72/405/405 926/367/367
f 926/367/367 72/405/405 927/365/365
f 72/405/405 73/363/363 927/365/365
f 75/226/226 76/406/406 918/224/224
f 918/224/224 76/406/406 910/407/407
f 918/224/224 910/407/407 909/222/222
f 909/222/222 910/407/407 897/408/408
f 909/222/222 897/408/408 898/220/220
f 898/220/220 897/408/408 891/409/409
f 898/220/220 891/409/409 890/218/218
f 890/218/218 891/409/409 877/410/410
f 890/218/218 877/410/410 876/216/216
f 876/216/216 877/410/410 861/411/411
f 876/216/216 861/411/411 860/214/214
f 860/214/214 861/411/411 848/412/412
f 860/214/214 848/412/412 849/212/212
f 849/212/212 848/412/412 824/413/413
f 849/212/212 824/413/413 823/210/210
f 823/210/210 824/413/413 804/414/414
f 823/210/210 804/414/414 803/208/208
f 803/208/208 804/414/414 796/415/415
f 803/208/208 796/415/415 797/206/206
f 797/206/206 796/415/415 757/416/416
f 797/206/206 757/416/416 756/204/204
f 756/204/204 757/416/416 731/417/417
f 756/204/204 731/417/417 730/202/202
f 730/202/202 731/417/417 727/418/418
f 730/202/202 727/418/418 728/200/200
f 728/200/200 727/418/418 110/198/198
f 910/407/407 76/406/406 911/419/419
f 911/419/419 76/406/406 77/420/420
f 911/419/419 77/420/420 896/421/421
f 896/421/421 77/420/420 895/422/422
f 896/421/421 895/422/422 893/423/423
f 893/423/423 895/422/422 78/424/424
f 893/423/423 78/424/424 894/425/425
f 894/425/425 78/424/424 79/426/426
f 894/425/425 79/426/426 80/427/427
f 77/420/420 78/424/424 895/422/422
f 81/428/428 882/429/429 80/427/427
f 80/427/427 882/429/429 881/430/430
f 80/427/427 881/430/430 894/425/425
f 894/425/425 881/430/430 880/431/431
f 894/425/425 880/431/431 893/423/423
f 893/423/423 880/431/431 879/432/432
f 893/423/423 879/432/432 892/433/433
f 892/433/433 879/432/432 878/434/434
f 892/433/433 878/434/434 891/409/409
f 891/409/409 878/434/434 877/410/410
f 882/429/429 81/428/428 883/435/435
f 883/435/435 81/428/428 82/436/436
f 883/435/435 82/436/436 868/437/437
f 868/437/437 82/436/436 869/438/438
f 868/437/437 869/438/438 840/439/439
f 840/439/439 869/438/438 839/440/440
f 840/439/439 839/440/440 833/441/441
f 833/441/441 839/440/440 834/442/442
f 833/441/441 834/442/442 814/443/443
f 814/443/443 834/442/442 815/444/444
f 814/443/443 815/444/444 785/445/445
f 785/445/445 815/444/444 784/446/446
f 785/445/445 784/446/446 769/447/447
f 769/447/447 784/446/446 770/448/448
f 769/447/447 770/448/448 744/449/449
f 744/449/449 770/448/448 745/450/450
f 744/449/449 745/450/450 713/451/451
f 713/451/451 745/450/450 712/452/452
f 713/451/451 712/452/452 689/453/453
f 689/453/453 712/452/452 690/454/454
f 689/453/453 690/454/454 660/455/455
f 660/455/455 690/454/454 659/456/456
f 660/455/455 659/456/456 632/164/164
f 632/164/164 659/456/456 633/162/162
f 82/436/436 83/457/457 869/438/438
f 869/438/438 83/457/457 839/440/440
f 839/440/440 83/457/457 838/458/458
f 838/458/458 83/457/457 84/459/459
f 838/458/458 84/459/459 85/460/460
f 86/461/461 836/462/462 85/460/460
f 85/460/460 836/462/462 835/463/463
f 85/460/460 835/463/463 838/458/458
f 838/458/458 835/463/463 834/442/442
f 838/458/458 834/442/442 839/440/440
f 836/462/462 86/461/461 837/464/464
f 837/464/464 86/461/461 87/465/465
f 837/464/464 87/465/465 818/466/466
f 818/466/466 87/465/465 819/467/467
f 818/466/466 819/467/467 781/468/468
f 781/468/468 819/467/467 780/469/469
f 781/468/468 780/469/469 773/470/470
f 773/470/470 780/469/469 774/471/471
f 773/470/470 774/471/471 748/472/472
f 748/472/472 774/471/471 749/473/473
f 748/472/472 749/473/473 709/474/474
f 709/474/474 749/473/473 708/475/475
f 709/474/474 708/475/475 693/476/476
f 693/476/476 708/475/475 694/477/477
f 693/476/476 694/477/477 656/478/478
f 656/478/478 694/477/477 655/479/479
f 656/478/478 655/479/479 636/156/156
f 636/156/156 655/479/479 637/154/154
f 87/465/465 88/480/480 819/467/467
f 819/467/467 88/480/480 780/469/469
f 780/469/469 88/480/480 779/481/481
f 779/481/481 88/480/480 89/482/482
f 779/481/481 89/482/482 778/483/483
f 778/483/483 89/482/482 90/484/484
f 778/483/483 90/484/484 776/485/485
f 776/485/485 90/484/484 91/486/486
f 776/485/485 91/486/486 777/487/487
f 777/487/487 91/486/486 92/488/488
f 777/487/487 92/488/488 752/489/489
f 752/489/489 92/488/488 753/490/490
f 752/489/489 753/490/490 705/491/491
f 705/491/491 753/490/490 704/492/492
f 705/491/491 704/492/492 697/493/493
f 697/493/493 704/492/492 698/494/494
f 697/493/493 698/494/494 652/495/495
f 652/495/495 698/494/494 651/496/496
f 652/495/495 651/496/496 640/148/148
f 640/148/148 651/496/496 641/146/146
f 92/488/488 93/497/497 753/490/490
f 753/490/490 93/497/497 704/492/492
f 704/492/492 93/497/497 703/498/498
f 703/498/498 93/497/497 94/499/499
f 703/498/498 94/499/499 702/500/500
f 702/500/500 94/499/499 95/501/501
f 702/500/500 95/501/501 700/502/502
f 700/502/502 95/501/501 96/503/503
f 700/502/502 96/503/503 701/504/504
f 701/504/504 96/503/503 97/505/505
f 701/504/504 97/505/505 648/506/506
f 648/506/506 97/505/505 647/507/507
f 648/506/506 647/507/507 644/140/140
f 644/140/140 647/507/507 645/138/138
f 97/505/505 98/508/508 647/507/507
f 647/507/507 98/508/508 645/138/138
f 645/138/138 98/508/508 646/136/136
f 646/136/136 98/508/508 99/509/509
f 646/136/136 99/509/509 100/134/134
f 555/131/131 101/133/133 554/510/510
f 554/510/510 101/133/133 102/511/511
f 554/510/510 102/511/511 552/512/512
f 552/512/512 102/511/511 553/513/513
f 552/512/512 553/513/513 491/514/514
f 491/514/514 553/513/513 490/515/515
f 491/514/514 490/515/515 68/516/516
f 68/516/516 490/515/515 69/517/517
f 69/517/517 490/515/515 70/518/518
f 70/518/518 490/515/515 553/513/513
f 70/518/518 553/513/513 103/519/519
f 103/519/519 553/513/513 102/511/511
f 491/514/514 68/516/516 489/520/520
f 489/520/520 68/516/516 67/521/521
f 489/520/520 67/521/521 488/522/522
f 488/522/522 67/521/521 427/523/523
f 488/522/522 427/523/523 426/524/524
f 426/524/524 427/523/523 66/525/525
f 426/524/524 66/525/525 428/526/526
f 428/526/526 66/525/525 65/527/527
f 428/526/526 65/527/527 64/528/528
f 67/521/521 66/525/525 427/523/523
f 63/529/529 369/530/530 64/528/528
f 64/528/528 369/530/530 429/531/531
f 64/528/528 429/531/531 428/526/526
f 428/526/526 429/531/531 426/524/524
f 62/532/532 370/533/533 63/529/529
f 63/529/529 370/533/533 368/534/534
f 63/529/529 368/534/534 369/530/530
f 369/530/530 368/534/534 429/531/531
f 370/533/533 62/532/532 371/535/535
f 371/535/535 62/532/532 61/536/536
f 371/535/535 61/536/536 341/537/537
f 341/537/537 61/536/536 60/538/538
f 341/537/537 60/538/538 340/539/539
f 340/539/539 60/538/538 59/540/540
f 340/539/539 59/540/540 290/541/541
f 290/541/541 59/540/540 58/542/542
f 290/541/541 58/542/542 289/543/543
f 289/543/543 58/542/542 291/544/544
f 289/543/543 291/544/544 292/545/545
f 292/545/545 291/544/544 57/546/546
f 292/545/545 57/546/546 56/547/547
f 58/542/542 57/546/546 291/544/544
f 292/545/545 56/547/547 265/548/548
f 265/548/548 56/547/547 55/549/549
f 265/548/548 55/549/549 264/550/550
f 264/550/550 55/549/549 54/551/551
f 264/550/550 54/551/551 224/552/552
f 224/552/552 54/551/551 53/553/553
f 224/552/552 53/553/553 223/554/554
f 223/554/554 53/553/553 225/555/555
f 223/554/554 225/555/555 226/556/556
f 226/556/556 225/555/555 52/557/557
f 226/556/556 52/557/557 51/558/558
f 53/553/553 52/557/557 225/555/555
f 50/559/559 204/560/560 51/558/558
f 51/558/558 204/560/560 227/105/105
f 51/558/558 227/105/105 226/556/556
f 226/556/556 227/105/105 222/107/107
f 226/556/556 222/107/107 223/554/554
f 223/554/554 222/107/107 262/109/109
f 223/554/554 262/109/109 263/561/561
f 263/561/561 262/109/109 294/111/111
f 263/561/561 294/111/111 293/562/562
f 293/562/562 294/111/111 287/113/113
f 293/562/562 287/113/113 288/563/563
f 288/563/563 287/113/113 337/115/115
f 288/563/563 337/115/115 338/564/564
f 338/564/564 337/115/115 374/117/117
f 338/564/564 374/117/117 373/565/565
f 373/565/565 374/117/117 365/119/119
f 373/565/565 365/119/119 366/566/566
f 366/566/566 365/119/119 432/121/121
f 366/566/566 432/121/121 431/567/567
f 431/567/567 432/121/121 423/123/123
f 431/567/567 423/123/123 424/568/568
f 424/568/568 423/123/123 485/125/125
f 424/568/568 485/125/125 486/569/569
f 486/569/569 485/125/125 494/127/127
f 486/569/569 494/127/127 493/570/570
f 493/570/570 494/127/127 550/129/129
f 493/570/570 550/129/129 551/571/571
f 551/571/571 550/129/129 555/131/131
f 551/571/571 555/131/131 554/510/510
f 50/559/559 49/572/572 204/560/560
f 204/560/560 49/572/572 203/103/103
f 204/560/560 203/103/103 227/105/105
f 203/103/103 49/572/572 188/573/573
f 188/573/573 49/572/572 48/574/574
f 188/573/573 48/574/574 187/101/101
f 187/101/101 48/574/574 173/575/575
f 187/101/101 173/575/575 172/99/99
f 172/99/99 173/575/575 47/576/576
f 172/99/99 47/576/576 46/97/97
f 48/574/574 47/576/576 173/575/575
f 44/94/94 43/90/90 151/92/92
f 42/88/88 41/577/577 130/86/86
f 130/86/86 41/577/577 40/84/84
f 39/82/82 38/78/78 118/80/80
f 117/79/79 114/76/76 113/74/74
f 113/74/74 116/227/227 117/79/79
f 117/79/79 116/227/227 121/578/578
f 117/79/79 121/578/578 122/81/81
f 122/81/81 121/578/578 128/579/579
f 122/81/81 128/579/579 129/85/85
f 129/85/85 128/579/579 137/580/580
f 129/85/85 137/580/580 138/87/87
f 138/87/87 137/580/580 153/581/581
f 138/87/87 153/581/581 152/91/91
f 152/91/91 153/581/581 148/582/582
f 152/91/91 148/582/582 149/93/93
f 149/93/93 148/582/582 170/583/583
f 149/93/93 170/583/583 171/98/98
f 171/98/98 170/583/583 185/584/584
f 171/98/98 185/584/584 186/100/100
f 186/100/100 185/584/584 201/585/585
f 186/100/100 201/585/585 202/102/102
f 202/102/102 201/585/585 229/586/586
f 202/102/102 229/586/586 228/104/104
f 228/104/104 229/586/586 220/587/587
f 228/104/104 220/587/587 221/106/106
f 221/106/106 220/587/587 260/588/588
f 221/106/106 260/588/588 261/108/108
f 261/108/108 260/588/588 296/589/589
f 261/108/108 296/589/589 295/110/110
f 295/110/110 296/589/589 285/590/590
f 295/110/110 285/590/590 286/112/112
f 286/112/112 285/590/590 335/591/591
f 286/112/112 335/591/591 336/114/114
f 336/114/114 335/591/591 376/592/592
f 336/114/114 376/592/592 375/116/116
f 375/116/116 376/592/592 363/593/593
f 375/116/116 363/593/593 364/118/118
f 364/118/118 363/593/593 434/594/594
f 364/118/118 434/594/594 433/120/120
f 433/120/120 434/594/594 421/595/595
f 433/120/120 421/595/595 422/122/122
f 422/122/122 421/595/595 483/596/596
f 422/122/122 483/596/596 484/124/124
f 484/124/124 483/596/596 496/597/597
f 484/124/124 496/597/597 495/126/126
f 495/126/126 496/597/597 548/598/598
f 495/126/126 548/598/598 549/128/128
f 549/128/128 548/598/598 557/599/599
f 549/128/128 557/599/599 556/130/130
f 556/130/130 557/599/599 615/135/135
f 556/130/130 615/135/135 616/132/132
f 116/227/227 115/229/229 120/600/600
f 120/600/600 115/229/229 119/231/231
f 120/600/600 119/231/231 126/233/233
f 116/227/227 120/600/600 121/578/578
f 121/578/578 120/600/600 127/601/601
f 121/578/578 127/601/601 128/579/579
f 128/579/579 127/601/601 136/602/602
f 128/579/579 136/602/602 137/580/580
f 137/580/580 136/602/602 154/603/603
f 137/580/580 154/603/603 153/581/581
f 153/581/581 154/603/603 147/604/604
f 153/581/581 147/604/604 148/582/582
f 148/582/582 147/604/604 169/605/605
f 148/582/582 169/605/605 170/583/583
f 170/583/583 169/605/605 184/606/606
f 170/583/583 184/606/606 185/584/584
f 185/584/584 184/606/606 200/607/607
f 185/584/584 200/607/607 201/585/585
f 201/585/585 200/607/607 230/608/608
f 201/585/585 230/608/608 229/586/586
f 229/586/586 230/608/608 219/609/609
f 229/586/586 219/609/609 220/587/587
f 220/587/587 219/609/609 259/610/610
f 220/587/587 259/610/610 260/588/588
f 260/588/588 259/610/610 297/611/611
f 260/588/588 297/611/611 296/589/589
f 296/589/589 297/611/611 284/612/612
f 296/589/589 284/612/612 285/590/590
f 285/590/590 284/612/612 334/613/613
f 285/590/590 334/613/613 335/591/591
f 335/591/591 334/613/613 377/614/614
f 335/591/591 377/614/614 376/592/592
f 376/592/592 377/614/614 362/615/615
f 376/592/592 362/615/615 363/593/593
f 363/593/593 362/615/615 435/616/616
f 363/593/593 435/616/616 434/594/594
f 434/594/594 435/616/616 420/617/617
f 434/594/594 420/617/617 421/595/595
f 421/595/595 420/617/617 482/618/618
f 421/595/595 482/618/618 483/596/596
f 483/596/596 482/618/618 497/619/619
f 483/596/596 497/619/619 496/597/597
f 496/597/597 497/619/619 547/620/620
f 496/597/597 547/620/620 548/598/598
f 548/598/598 547/620/620 558/621/621
f 548/598/598 558/621/621 557/599/599
f 557/599/599 558/621/621 614/137/137
f 557/599/599 614/137/137 615/135/135
f 127/601/601 120/600/600 126/233/233
f 129/85/85 123/83/83 122/81/81
f 136/602/602 127/601/601 135/235/235
f 135/235/235 127/601/601 126/233/233
f 133/280/280 131/279/279 158/622/622
f 158/622/622 131/279/279 159/623/623
f 158/622/622 159/623/623 142/624/624
f 142/624/624 159/623/623 141/625/625
f 142/624/624 141/625/625 163/626/626
f 163/626/626 141/625/625 162/627/627
f 163/626/626 162/627/627 177/628/628
f 177/628/628 162/627/627 176/629/629
f 177/628/628 176/629/629 192/630/630
f 192/630/630 176/629/629 191/631/631
f 192/630/630 191/631/631 239/632/632
f 239/632/632 191/631/631 240/633/633
f 239/632/632 240/633/633 209/634/634
f 209/634/634 240/633/633 208/635/635
f 209/634/634 208/635/635 248/636/636
f 248/636/636 208/635/635 247/637/637
f 248/636/636 247/637/637 309/638/638
f 309/638/638 247/637/637 310/639/639
f 309/638/638 310/639/639 271/640/640
f 271/640/640 310/639/639 270/641/641
f 271/640/640 270/641/641 320/642/642
f 320/642/642 270/641/641 319/643/643
f 320/642/642 319/643/643 392/644/644
f 392/644/644 319/643/643 393/645/645
f 392/644/644 393/645/645 346/646/646
f 346/646/646 393/645/645 345/647/647
f 346/646/646 345/647/647 452/648/648
f 452/648/648 345/647/647 453/649/649
f 452/648/648 453/649/649 402/650/650
f 402/650/650 453/649/649 401/651/651
f 402/650/650 401/651/651 463/652/652
f 463/652/652 401/651/651 462/653/653
f 463/652/652 462/653/653 517/654/654
f 517/654/654 462/653/653 518/655/655
f 517/654/654 518/655/655 526/656/656
f 526/656/656 518/655/655 525/657/657
f 526/656/656 525/657/657 580/658/658
f 580/658/658 525/657/657 581/659/659
f 580/658/658 581/659/659 591/183/183
f 591/183/183 581/659/659 590/185/185
f 134/234/234 133/280/280 157/660/660
f 157/660/660 133/280/280 158/622/622
f 157/660/660 158/622/622 143/661/661
f 143/661/661 158/622/622 142/624/624
f 143/661/661 142/624/624 164/662/662
f 164/662/662 142/624/624 163/626/626
f 164/662/662 163/626/626 178/663/663
f 178/663/663 163/626/626 177/628/628
f 178/663/663 177/628/628 193/664/664
f 193/664/664 177/628/628 192/630/630
f 193/664/664 192/630/630 238/665/665
f 238/665/665 192/630/630 239/632/632
f 238/665/665 239/632/632 210/666/666
f 210/666/666 239/632/632 209/634/634
f 210/666/666 209/634/634 249/667/667
f 249/667/667 209/634/634 248/636/636
f 249/667/667 248/636/636 308/668/668
f 308/668/668 248/636/636 309/638/638
f 308/668/668 309/638/638 272/669/669
f 272/669/669 309/638/638 271/640/640
f 272/669/669 271/640/640 321/670/670
f 321/670/670 271/640/640 320/642/642
f 321/670/670 320/642/642 391/671/671
f 391/671/671 320/642/642 392/644/644
f 391/671/671 392/644/644 347/672/672
f 347/672/672 392/644/644 346/646/646
f 347/672/672 346/646/646 451/673/673
f 451/673/673 346/646/646 452/648/648
f 451/673/673 452/648/648 403/674/674
f 403/674/674 452/648/648 402/650/650
f 403/674/674 402/650/650 464/675/675
f 464/675/675 402/650/650 463/652/652
f 464/675/675 463/652/652 516/676/676
f 516/676/676 463/652/652 517/654/654
f 516/676/676 517/654/654 527/677/677
f 527/677/677 517/654/654 526/656/656
f 527/677/677 526/656/656 579/678/678
f 579/678/678 526/656/656 580/658/658
f 579/678/678 580/658/658 592/181/181
f 592/181/181 580/658/658 591/183/183
f 154/603/603 136/602/602 155/237/237
f 155/237/237 136/602/602 135/235/235
f 152/91/91 139/89/89 138/87/87
f 140/281/281 141/625/625 132/278/278
f 132/278/278 141/625/625 159/623/623
f 132/278/278 159/623/623 131/279/279
f 141/625/625 140/281/281 162/627/627
f 162/627/627 140/281/281 161/283/283
f 162/627/627 161/283/283 176/629/629
f 176/629/629 161/283/283 175/285/285
f 176/629/629 175/285/285 191/631/631
f 191/631/631 175/285/285 190/287/287
f 191/631/631 190/287/287 240/633/633
f 240/633/633 190/287/287 241/289/289
f 240/633/633 241/289/289 208/635/635
f 208/635/635 241/289/289 207/291/291
f 208/635/635 207/291/291 247/637/637
f 247/637/637 207/291/291 246/293/293
f 247/637/637 246/293/293 310/639/639
f 310/639/639 246/293/293 311/295/295
f 310/639/639 311/295/295 270/641/641
f 270/641/641 311/295/295 269/297/297
f 270/641/641 269/297/297 319/643/643
f 319/643/643 269/297/297 318/299/299
f 319/643/643 318/299/299 393/645/645
f 393/645/645 318/299/299 394/301/301
f 393/645/645 394/301/301 345/647/647
f 345/647/647 394/301/301 344/303/303
f 345/647/647 344/303/303 453/649/649
f 453/649/649 344/303/303 454/305/305
f 453/649/649 454/305/305 401/651/651
f 401/651/651 454/305/305 400/307/307
f 401/651/651 400/307/307 462/653/653
f 462/653/653 400/307/307 461/309/309
f 462/653/653 461/309/309 518/655/655
f 518/655/655 461/309/309 519/311/311
f 518/655/655 519/311/311 525/657/657
f 525/657/657 519/311/311 524/313/313
f 525/657/657 524/313/313 581/659/659
f 581/659/659 524/313/313 582/315/315
f 581/659/659 582/315/315 590/185/185
f 590/185/185 582/315/315 589/187/187
f 143/661/661 144/679/679 157/660/660
f 157/660/660 144/679/679 156/236/236
f 157/660/660 156/236/236 134/234/234
f 156/236/236 144/679/679 145/238/238
f 145/238/238 144/679/679 166/680/680
f 145/238/238 166/680/680 167/240/240
f 167/240/240 166/680/680 181/681/681
f 167/240/240 181/681/681 182/242/242
f 182/242/242 181/681/681 197/682/682
f 182/242/242 197/682/682 198/244/244
f 198/244/244 197/682/682 233/683/683
f 198/244/244 233/683/683 232/246/246
f 232/246/246 233/683/683 216/684/684
f 232/246/246 216/684/684 217/248/248
f 217/248/248 216/684/684 256/685/685
f 217/248/248 256/685/685 257/250/250
f 257/250/250 256/685/685 300/686/686
f 257/250/250 300/686/686 299/252/252
f 299/252/252 300/686/686 281/687/687
f 299/252/252 281/687/687 282/254/254
f 282/254/254 281/687/687 331/688/688
f 282/254/254 331/688/688 332/256/256
f 332/256/256 331/688/688 380/689/689
f 332/256/256 380/689/689 379/258/258
f 379/258/258 380/689/689 359/690/690
f 379/258/258 359/690/690 360/260/260
f 360/260/260 359/690/690 438/691/691
f 360/260/260 438/691/691 437/262/262
f 437/262/262 438/691/691 417/692/692
f 437/262/262 417/692/692 418/264/264
f 418/264/264 417/692/692 479/693/693
f 418/264/264 479/693/693 480/266/266
f 480/266/266 479/693/693 500/694/694
f 480/266/266 500/694/694 499/268/268
f 499/268/268 500/694/694 544/695/695
f 499/268/268 544/695/695 545/270/270
f 545/270/270 544/695/695 561/696/696
f 545/270/270 561/696/696 560/272/272
f 560/272/272 561/696/696 611/143/143
f 560/272/272 611/143/143 612/141/141
f 144/679/679 143/661/661 165/697/697
f 165/697/697 143/661/661 164/662/662
f 165/697/697 164/662/662 179/698/698
f 179/698/698 164/662/662 178/663/663
f 179/698/698 178/663/663 194/699/699
f 194/699/699 178/663/663 193/664/664
f 194/699/699 193/664/664 237/700/700
f 237/700/700 193/664/664 238/665/665
f 237/700/700 238/665/665 211/701/701
f 211/701/701 238/665/665 210/666/666
f 211/701/701 210/666/666 250/702/702
f 250/702/702 210/666/666 249/667/667
f 250/702/702 249/667/667 307/703/703
f 307/703/703 249/667/667 308/668/668
f 307/703/703 308/668/668 273/704/704
f 273/704/704 308/668/668 272/669/669
f 273/704/704 272/669/669 322/705/705
f 322/705/705 272/669/669 321/670/670
f 322/705/705 321/670/670 390/706/706
f 390/706/706 321/670/670 391/671/671
f 390/706/706 391/671/671 348/707/707
f 348/707/707 391/671/671 347/672/672
f 348/707/707 347/672/672 450/708/708
f 450/708/708 347/672/672 451/673/673
f 450/708/708 451/673/673 404/709/709
f 404/709/709 451/673/673 403/674/674
f 404/709/709 403/674/674 465/710/710
f 465/710/710 403/674/674 464/675/675
f 465/710/710 464/675/675 515/711/711
f 515/711/711 464/675/675 516/676/676
f 515/711/711 516/676/676 528/712/712
f 528/712/712 516/676/676 527/677/677
f 528/712/712 527/677/677 578/713/713
f 578/713/713 527/677/677 579/678/678
f 578/713/713 579/678/678 593/179/179
f 593/179/179 579/678/678 592/181/181
f 154/603/603 155/237/237 146/239/239
f 154/603/603 146/239/239 147/604/604
f 147/604/604 146/239/239 168/241/241
f 147/604/604 168/241/241 169/605/605
f 169/605/605 168/241/241 183/243/243
f 169/605/605 183/243/243 184/606/606
f 184/606/606 183/243/243 199/245/245
f 184/606/606 199/245/245 200/607/607
f 200/607/607 199/245/245 231/247/247
f 200/607/607 231/247/247 230/608/608
f 230/608/608 231/247/247 218/249/249
f 230/608/608 218/249/249 219/609/609
f 219/609/609 218/249/249 258/251/251
f 219/609/609 258/251/251 259/610/610
f 259/610/610 258/251/251 298/253/253
f 259/610/610 298/253/253 297/611/611
f 297/611/611 298/253/253 283/255/255
f 297/611/611 283/255/255 284/612/612
f 284/612/612 283/255/255 333/257/257
f 284/612/612 333/257/257 334/613/613
f 334/613/613 333/257/257 378/259/259
f 334/613/613 378/259/259 377/614/614
f 377/614/614 378/259/259 361/261/261
f 377/614/614 361/261/261 362/615/615
f 362/615/615 361/261/261 436/263/263
f 362/615/615 436/263/263 435/616/616
f 435/616/616 436/263/263 419/265/265
f 435/616/616 419/265/265 420/617/617
f 420/617/617 419/265/265 481/267/267
f 420/617/617 481/267/267 482/618/618
f 482/618/618 481/267/267 498/269/269
f 482/618/618 498/269/269 497/619/619
f 497/619/619 498/269/269 546/271/271
f 497/619/619 546/271/271 547/620/620
f 547/620/620 546/271/271 559/273/273
f 547/620/620 559/273/273 558/621/621
f 558/621/621 559/273/273 613/139/139
f 558/621/621 613/139/139 614/137/137
f 171/98/98 150/95/95 149/93/93
f 144/679/679 165/697/697 166/680/680
f 166/680/680 165/697/697 180/714/714
f 166/680/680 180/714/714 181/681/681
f 181/681/681 180/714/714 196/715/715
f 181/681/681 196/715/715 197/682/682
f 197/682/682 196/715/715 234/716/716
f 197/682/682 234/716/716 233/683/683
f 233/683/683 234/716/716 215/717/717
f 233/683/683 215/717/717 216/684/684
f 216/684/684 215/717/717 255/718/718
f 216/684/684 255/718/718 256/685/685
f 256/685/685 255/718/718 301/719/719
f 256/685/685 301/719/719 300/686/686
f 300/686/686 301/719/719 280/720/720
f 300/686/686 280/720/720 281/687/687
f 281/687/687 280/720/720 330/721/721
f 281/687/687 330/721/721 331/688/688
f 331/688/688 330/721/721 381/722/722
f 331/688/688 381/722/722 380/689/689
f 380/689/689 381/722/722 358/723/723
f 380/689/689 358/723/723 359/690/690
f 359/690/690 358/723/723 439/724/724
f 359/690/690 439/724/724 438/691/691
f 438/691/691 439/724/724 416/725/725
f 438/691/691 416/725/725 417/692/692
f 417/692/692 416/725/725 478/726/726
f 417/692/692 478/726/726 479/693/693
f 479/693/693 478/726/726 501/727/727
f 479/693/693 501/727/727 500/694/694
f 500/694/694 501/727/727 543/728/728
f 500/694/694 543/728/728 544/695/695
f 544/695/695 543/728/728 562/729/729
f 544/695/695 562/729/729 561/696/696
f 561/696/696 562/729/729 610/145/145
f 561/696/696 610/145/145 611/143/143
f 180/714/714 165/697/697 179/698/698
f 180/714/714 179/698/698 195/730/730
f 195/730/730 179/698/698 194/699/699
f 195/730/730 194/699/699 236/731/731
f 236/731/731 194/699/699 237/700/700
f 236/731/731 237/700/700 212/732/732
f 212/732/732 237/700/700 211/701/701
f 212/732/732 211/701/701 251/733/733
f 251/733/733 211/701/701 250/702/702
f 251/733/733 250/702/702 306/734/734
f 306/734/734 250/702/702 307/703/703
f 306/734/734 307/703/703 274/735/735
f 274/735/735 307/703/703 273/704/704
f 274/735/735 273/704/704 323/736/736
f 323/736/736 273/704/704 322/705/705
f 323/736/736 322/705/705 389/737/737
f 389/737/737 322/705/705 390/706/706
f 389/737/737 390/706/706 349/738/738
f 349/738/738 390/706/706 348/707/707
f 349/738/738 348/707/707 449/739/739
f 449/739/739 348/707/707 450/708/708
f 449/739/739 450/708/708 405/740/740
f 405/740/740 450/708/708 404/709/709
f 405/740/740 404/709/709 466/741/741
f 466/741/741 404/709/709 465/710/710
f 466/741/741 465/710/710 514/742/742
f 514/742/742 465/710/710 515/711/711
f 514/742/742 515/711/711 529/743/743
f 529/743/743 515/711/711 528/712/712
f 529/743/743 528/712/712 577/744/744
f 577/744/744 528/712/712 578/713/713
f 577/744/744 578/713/713 594/177/177
f 594/177/177 578/713/713 593/179/179
f 203/103/103 188/573/573 187/101/101
f 242/290/290 189/288/288 104/319/319
f 180/714/714 195/730/730 196/715/715
f 196/715/715 195/730/730 235/745/745
f 196/715/715 235/745/745 234/716/716
f 234/716/716 235/745/745 214/746/746
f 234/716/716 214/746/746 215/717/717
f 215/717/717 214/746/746 254/747/747
f 215/717/717 254/747/747 255/718/718
f 255/718/718 254/747/747 302/748/748
f 255/718/718 302/748/748 301/719/719
f 301/719/719 302/748/748 279/749/749
f 301/719/719 279/749/749 280/720/720
f 280/720/720 279/749/749 329/750/750
f 280/720/720 329/750/750 330/721/721
f 330/721/721 329/750/750 382/751/751
f 330/721/721 382/751/751 381/722/722
f 381/722/722 382/751/751 357/752/752
f 381/722/722 357/752/752 358/723/723
f 358/723/723 357/752/752 440/753/753
f 358/723/723 440/753/753 439/724/724
f 439/724/724 440/753/753 415/754/754
f 439/724/724 415/754/754 416/725/725
f 416/725/725 415/754/754 477/755/755
f 416/725/725 477/755/755 478/726/726
f 478/726/726 477/755/755 502/756/756
f 478/726/726 502/756/756 501/727/727
f 501/727/727 502/756/756 542/757/757
f 501/727/727 542/757/757 543/728/728
f 543/728/728 542/757/757 563/758/758
f 543/728/728 563/758/758 562/729/729
f 562/729/729 563/758/758 609/147/147
f 562/729/729 609/147/147 610/145/145
f 235/745/745 195/730/730 236/731/731
f 243/321/321 206/292/292 242/290/290
f 235/745/745 236/731/731 213/759/759
f 213/759/759 236/731/731 212/732/732
f 213/759/759 212/732/732 252/760/760
f 252/760/760 212/732/732 251/733/733
f 252/760/760 251/733/733 305/761/761
f 305/761/761 251/733/733 306/734/734
f 305/761/761 306/734/734 275/762/762
f 275/762/762 306/734/734 274/735/735
f 275/762/762 274/735/735 324/763/763
f 324/763/763 274/735/735 323/736/736
f 324/763/763 323/736/736 388/764/764
f 388/764/764 323/736/736 389/737/737
f 388/764/764 389/737/737 350/765/765
f 350/765/765 389/737/737 349/738/738
f 350/765/765 349/738/738 448/766/766
f 448/766/766 349/738/738 449/739/739
f 448/766/766 449/739/739 406/767/767
f 406/767/767 449/739/739 405/740/740
f 406/767/767 405/740/740 467/768/768
f 467/768/768 405/740/740 466/741/741
f 467/768/768 466/741/741 513/769/769
f 513/769/769 466/741/741 514/742/742
f 513/769/769 514/742/742 530/770/770
f 530/770/770 514/742/742 529/743/743
f 530/770/770 529/743/743 576/771/771
f 576/771/771 529/743/743 577/744/744
f 576/771/771 577/744/744 595/175/175
f 595/175/175 577/744/744 594/177/177
f 235/745/745 213/759/759 214/746/746
f 214/746/746 213/759/759 253/772/772
f 214/746/746 253/772/772 254/747/747
f 254/747/747 253/772/772 303/773/773
f 254/747/747 303/773/773 302/748/748
f 302/748/748 303/773/773 278/774/774
f 302/748/748 278/774/774 279/749/749
f 279/749/749 278/774/774 328/775/775
f 279/749/749 328/775/775 329/750/750
f 329/750/750 328/775/775 383/776/776
f 329/750/750 383/776/776 382/751/751
f 382/751/751 383/776/776 356/777/777
f 382/751/751 356/777/777 357/752/752
f 357/752/752 356/777/777 441/778/778
f 357/752/752 441/778/778 440/753/753
f 440/753/753 441/778/778 414/779/779
f 440/753/753 414/779/779 415/754/754
f 415/754/754 414/779/779 476/780/780
f 415/754/754 476/780/780 477/755/755
f 477/755/755 476/780/780 503/781/781
f 477/755/755 503/781/781 502/756/756
f 502/756/756 503/781/781 541/782/782
f 502/756/756 541/782/782 542/757/757
f 542/757/757 541/782/782 564/783/783
f 542/757/757 564/783/783 563/758/758
f 563/758/758 564/783/783 608/149/149
f 563/758/758 608/149/149 609/147/147
f 253/772/772 213/759/759 252/760/760
f 264/550/550 224/552/552 263/561/561
f 263/561/561 224/552/552 223/554/554
f 104/319/319 243/321/321 242/290/290
f 253/772/772 252/760/760 304/784/784
f 304/784/784 252/760/760 305/761/761
f 304/784/784 305/761/761 276/785/785
f 276/785/785 305/761/761 275/762/762
f 276/785/785 275/762/762 325/786/786
f 325/786/786 275/762/762 324/763/763
f 325/786/786 324/763/763 387/787/787
f 387/787/787 324/763/763 388/764/764
f 387/787/787 388/764/764 351/788/788
f 351/788/788 388/764/764 350/765/765
f 351/788/788 350/765/765 447/789/789
f 447/789/789 350/765/765 448/766/766
f 447/789/789 448/766/766 407/790/790
f 407/790/790 448/766/766 406/767/767
f 407/790/790 406/767/767 468/791/791
f 468/791/791 406/767/767 467/768/768
f 468/791/791 467/768/768 512/792/792
f 512/792/792 467/768/768 513/769/769
f 512/792/792 513/769/769 531/793/793
f 531/793/793 513/769/769 530/770/770
f 531/793/793 530/770/770 575/794/794
f 575/794/794 530/770/770 576/771/771
f 575/794/794 576/771/771 596/173/173
f 596/173/173 576/771/771 595/175/175
f 292/545/545 265/548/548 264/550/550
f 292/545/545 264/550/550 293/562/562
f 293/562/562 264/550/550 263/561/561
f 266/327/327 267/795/795 314/325/325
f 314/325/325 267/795/795 313/796/796
f 314/325/325 313/796/796 244/324/324
f 244/324/324 313/796/796 312/296/296
f 312/296/296 313/796/796 268/298/298
f 268/298/298 313/796/796 267/795/795
f 268/298/298 267/795/795 317/300/300
f 317/300/300 267/795/795 316/797/797
f 317/300/300 316/797/797 395/302/302
f 395/302/302 316/797/797 396/331/331
f 395/302/302 396/331/331 343/304/304
f 267/795/795 266/327/327 316/797/797
f 316/797/797 266/327/327 315/329/329
f 316/797/797 315/329/329 396/331/331
f 276/785/785 277/798/798 304/784/784
f 304/784/784 277/798/798 303/773/773
f 304/784/784 303/773/773 253/772/772
f 303/773/773 277/798/798 278/774/774
f 278/774/774 277/798/798 327/799/799
f 278/774/774 327/799/799 328/775/775
f 328/775/775 327/799/799 384/800/800
f 328/775/775 384/800/800 383/776/776
f 383/776/776 384/800/800 355/801/801
f 383/776/776 355/801/801 356/777/777
f 356/777/777 355/801/801 442/802/802
f 356/777/777 442/802/802 441/778/778
f 441/778/778 442/802/802 413/803/803
f 441/778/778 413/803/803 414/779/779
f 414/779/779 413/803/803 475/804/804
f 414/779/779 475/804/804 476/780/780
f 476/780/780 475/804/804 504/805/805
f 476/780/780 504/805/805 503/781/781
f 503/781/781 504/805/805 540/806/806
f 503/781/781 540/806/806 541/782/782
f 541/782/782 540/806/806 565/807/807
f 541/782/782 565/807/807 564/783/783
f 564/783/783 565/807/807 607/151/151
f 564/783/783 607/151/151 608/149/149
f 277/798/798 276/785/785 326/808/808
f 326/808/808 276/785/785 325/786/786
f 326/808/808 325/786/786 386/809/809
f 386/809/809 325/786/786 387/787/787
f 386/809/809 387/787/787 352/810/810
f 352/810/810 387/787/787 351/788/788
f 352/810/810 351/788/788 446/811/811
f 446/811/811 351/788/788 447/789/789
f 446/811/811 447/789/789 408/812/812
f 408/812/812 447/789/789 407/790/790
f 408/812/812 407/790/790 469/813/813
f 469/813/813 407/790/790 468/791/791
f 469/813/813 468/791/791 511/814/814
f 511/814/814 468/791/791 512/792/792
f 511/814/814 512/792/792 532/815/815
f 532/815/815 512/792/792 531/793/793
f 532/815/815 531/793/793 574/816/816
f 574/816/816 531/793/793 575/794/794
f 574/816/816 575/794/794 597/171/171
f 597/171/171 575/794/794 596/173/173
f 292/545/545 293/562/562 288/563/563
f 292/545/545 288/563/563 289/543/543
f 289/543/543 288/563/563 338/564/564
f 289/543/543 338/564/564 339/817/817
f 339/817/817 338/564/564 373/565/565
f 339/817/817 373/565/565 372/818/818
f 372/818/818 373/565/565 366/566/566
f 372/818/818 366/566/566 367/819/819
f 367/819/819 366/566/566 431/567/567
f 367/819/819 431/567/567 430/820/820
f 430/820/820 431/567/567 424/568/568
f 430/820/820 424/568/568 425/821/821
f 425/821/821 424/568/568 486/569/569
f 425/821/821 486/569/569 487/822/822
f 487/822/822 486/569/569 493/570/570
f 487/822/822 493/570/570 492/823/823
f 492/823/823 493/570/570 551/571/571
f 492/823/823 551/571/571 552/512/512
f 552/512/512 551/571/571 554/510/510
f 340/539/539 290/541/541 339/817/817
f 339/817/817 290/541/541 289/543/543
f 277/798/798 326/808/808 327/799/799
f 327/799/799 326/808/808 385/824/824
f 327/799/799 385/824/824 384/800/800
f 384/800/800 385/824/824 354/825/825
f 384/800/800 354/825/825 355/801/801
f 355/801/801 354/825/825 443/826/826
f 355/801/801 443/826/826 442/802/802
f 442/802/802 443/826/826 412/827/827
f 442/802/802 412/827/827 413/803/803
f 413/803/803 412/827/827 474/828/828
f 413/803/803 474/828/828 475/804/804
f 475/804/804 474/828/828 505/829/829
f 475/804/804 505/829/829 504/805/805
f 504/805/805 505/829/829 539/830/830
f 504/805/805 539/830/830 540/806/806
f 540/806/806 539/830/830 566/831/831
f 540/806/806 566/831/831 565/807/807
f 565/807/807 566/831/831 606/153/153
f 565/807/807 606/153/153 607/151/151
f 385/824/824 326/808/808 386/809/809
f 371/535/535 341/537/537 340/539/539
f 371/535/535 340/539/539 372/818/818
f 372/818/818 340/539/539 339/817/817
f 385/824/824 386/809/809 353/832/832
f 353/832/832 386/809/809 352/810/810
f 353/832/832 352/810/810 445/833/833
f 445/833/833 352/810/810 446/811/811
f 445/833/833 446/811/811 409/834/834
f 409/834/834 446/811/811 408/812/812
f 409/834/834 408/812/812 470/835/835
f 470/835/835 408/812/812 469/813/813
f 470/835/835 469/813/813 510/836/836
f 510/836/836 469/813/813 511/814/814
f 510/836/836 511/814/814 533/837/837
f 533/837/837 511/814/814 532/815/815
f 533/837/837 532/815/815 573/838/838
f 573/838/838 532/815/815 574/816/816
f 573/838/838 574/816/816 598/169/169
f 598/169/169 574/816/816 597/171/171
f 385/824/824 353/832/832 354/825/825
f 354/825/825 353/832/832 444/839/839
f 354/825/825 444/839/839 443/826/826
f 443/826/826 444/839/839 411/840/840
f 443/826/826 411/840/840 412/827/827
f 412/827/827 411/840/840 473/841/841
f 412/827/827 473/841/841 474/828/828
f 474/828/828 473/841/841 506/842/842
f 474/828/828 506/842/842 505/829/829
f 505/829/829 506/842/842 538/843/843
f 505/829/829 538/843/843 539/830/830
f 539/830/830 538/843/843 567/844/844
f 539/830/830 567/844/844 566/831/831
f 566/831/831 567/844/844 605/155/155
f 566/831/831 605/155/155 606/153/153
f 444/839/839 353/832/832 445/833/833
f 371/535/535 372/818/818 367/819/819
f 370/533/533 371/535/535 368/534/534
f 368/534/534 371/535/535 367/819/819
f 368/534/534 367/819/819 430/820/820
f 429/531/531 368/534/534 430/820/820
f 457/337/337 397/339/339 398/338/338
f 398/338/338 397/339/339 459/845/845
f 398/338/338 459/845/845 460/310/310
f 460/310/310 459/845/845 520/312/312
f 444/839/839 445/833/833 410/846/846
f 410/846/846 445/833/833 409/834/834
f 410/846/846 409/834/834 471/847/847
f 471/847/847 409/834/834 470/835/835
f 471/847/847 470/835/835 509/848/848
f 509/848/848 470/835/835 510/836/836
f 509/848/848 510/836/836 534/849/849
f 534/849/849 510/836/836 533/837/837
f 534/849/849 533/837/837 572/850/850
f 572/850/850 533/837/837 573/838/838
f 572/850/850 573/838/838 599/167/167
f 599/167/167 573/838/838 598/169/169
f 444/839/839 410/846/846 411/840/840
f 411/840/840 410/846/846 472/851/851
f 411/840/840 472/851/851 473/841/841
f 473/841/841 472/851/851 507/852/852
f 473/841/841 507/852/852 506/842/842
f 506/842/842 507/852/852 537/853/853
f 506/842/842 537/853/853 538/843/843
f 538/843/843 537/853/853 568/854/854
f 538/843/843 568/854/854 567/844/844
f 567/844/844 568/854/854 604/157/157
f 567/844/844 604/157/157 605/155/155
f 472/851/851 410/846/846 471/847/847
f 429/531/531 430/820/820 425/821/821
f 429/531/531 425/821/821 426/524/524
f 426/524/524 425/821/821 487/822/822
f 426/524/524 487/822/822 488/522/522
f 488/522/522 487/822/822 492/823/823
f 488/522/522 492/823/823 491/514/514
f 491/514/514 492/823/823 552/512/512
f 397/339/339 458/341/341 459/845/845
f 459/845/845 458/341/341 521/343/343
f 459/845/845 521/343/343 520/312/312
f 520/312/312 521/343/343 523/314/314
f 472/851/851 471/847/847 508/855/855
f 508/855/855 471/847/847 509/848/848
f 508/855/855 509/848/848 535/856/856
f 535/856/856 509/848/848 534/849/849
f 535/856/856 534/849/849 571/857/857
f 571/857/857 534/849/849 572/850/850
f 571/857/857 572/850/850 600/165/165
f 600/165/165 572/850/850 599/167/167
f 491/514/514 489/520/520 488/522/522
f 507/852/852 508/855/855 536/858/858
f 536/858/858 508/855/855 535/856/856
f 536/858/858 535/856/856 570/859/859
f 570/859/859 535/856/856 571/857/857
f 570/859/859 571/857/857 601/163/163
f 601/163/163 571/857/857 600/165/165
f 508/855/855 507/852/852 472/851/851
f 507/852/852 536/858/858 537/853/853
f 537/853/853 536/858/858 569/860/860
f 537/853/853 569/860/860 568/854/854
f 568/854/854 569/860/860 603/159/159
f 568/854/854 603/159/159 604/157/157
f 569/860/860 536/858/858 570/859/859
f 602/161/161 603/159/159 569/860/860
f 601/163/163 602/161/161 570/859/859
f 570/859/859 602/161/161 569/860/860
f 586/193/193 587/191/191 585/349/349
f 618/192/192 617/194/194 674/861/861
f 674/861/861 617/194/194 109/196/196
f 674/861/861 109/196/196 675/862/862
f 675/862/862 109/196/196 110/198/198
f 675/862/862 110/198/198 727/418/418
f 619/190/190 618/192/192 673/863/863
f 673/863/863 618/192/192 674/861/861
f 673/863/863 674/861/861 676/864/864
f 676/864/864 674/861/861 675/862/862
f 676/864/864 675/862/862 726/865/865
f 726/865/865 675/862/862 727/418/418
f 726/865/865 727/418/418 731/417/417
f 620/188/188 619/190/190 672/866/866
f 672/866/866 619/190/190 673/863/863
f 672/866/866 673/863/863 677/867/867
f 677/867/867 673/863/863 676/864/864
f 677/867/867 676/864/864 725/868/868
f 725/868/868 676/864/864 726/865/865
f 725/868/868 726/865/865 732/869/869
f 732/869/869 726/865/865 731/417/417
f 732/869/869 731/417/417 757/416/416
f 621/186/186 620/188/188 671/870/870
f 671/870/870 620/188/188 672/866/866
f 671/870/870 672/866/866 678/871/871
f 678/871/871 672/866/866 677/867/867
f 678/871/871 677/867/867 724/872/872
f 724/872/872 677/867/867 725/868/868
f 724/872/872 725/868/868 733/873/873
f 733/873/873 725/868/868 732/869/869
f 733/873/873 732/869/869 758/874/874
f 758/874/874 732/869/869 757/416/416
f 758/874/874 757/416/416 796/415/415
f 622/184/184 621/186/186 670/875/875
f 670/875/875 621/186/186 671/870/870
f 670/875/875 671/870/870 679/876/876
f 679/876/876 671/870/870 678/871/871
f 679/876/876 678/871/871 723/877/877
f 723/877/877 678/871/871 724/872/872
f 723/877/877 724/872/872 734/878/878
f 734/878/878 724/872/872 733/873/873
f 734/878/878 733/873/873 759/879/879
f 759/879/879 733/873/873 758/874/874
f 759/879/879 758/874/874 795/880/880
f 795/880/880 758/874/874 796/415/415
f 795/880/880 796/415/415 804/414/414
f 623/182/182 622/184/184 669/881/881
f 669/881/881 622/184/184 670/875/875
f 669/881/881 670/875/875 680/882/882
f 680/882/882 670/875/875 679/876/876
f 680/882/882 679/876/876 722/883/883
f 722/883/883 679/876/876 723/877/877
f 722/883/883 723/877/877 735/884/884
f 735/884/884 723/877/877 734/878/878
f 735/884/884 734/878/878 760/885/885
f 760/885/885 734/878/878 759/879/879
f 760/885/885 759/879/879 794/886/886
f 794/886/886 759/879/879 795/880/880
f 794/886/886 795/880/880 805/887/887
f 805/887/887 795/880/880 804/414/414
f 805/887/887 804/414/414 824/413/413
f 624/180/180 623/182/182 668/888/888
f 668/888/888 623/182/182 669/881/881
f 668/888/888 669/881/881 681/889/889
f 681/889/889 669/881/881 680/882/882
f 681/889/889 680/882/882 721/890/890
f 721/890/890 680/882/882 722/883/883
f 721/890/890 722/883/883 736/891/891
f 736/891/891 722/883/883 735/884/884
f 736/891/891 735/884/884 761/892/892
f 761/892/892 735/884/884 760/885/885
f 761/892/892 760/885/885 793/893/893
f 793/893/893 760/885/885 794/886/886
f 793/893/893 794/886/886 806/894/894
f 806/894/894 794/886/886 805/887/887
f 806/894/894 805/887/887 825/895/895
f 825/895/895 805/887/887 824/413/413
f 825/895/895 824/413/413 848/412/412
f 625/178/178 624/180/180 667/896/896
f 667/896/896 624/180/180 668/888/888
f 667/896/896 668/888/888 682/897/897
f 682/897/897 668/888/888 681/889/889
f 682/897/897 681/889/889 720/898/898
f 720/898/898 681/889/889 721/890/890
f 720/898/898 721/890/890 737/899/899
f 737/899/899 721/890/890 736/891/891
f 737/899/899 736/891/891 762/900/900
f 762/900/900 736/891/891 761/892/892
f 762/900/900 761/892/892 792/901/901
f 792/901/901 761/892/892 793/893/893
f 792/901/901 793/893/893 807/902/902
f 807/902/902 793/893/893 806/894/894
f 807/902/902 806/894/894 826/903/903
f 826/903/903 806/894/894 825/895/895
f 826/903/903 825/895/895 847/904/904
f 847/904/904 825/895/895 848/412/412
f 847/904/904 848/412/412 861/411/411
f 626/176/176 625/178/178 666/905/905
f 666/905/905 625/178/178 667/896/896
f 666/905/905 667/896/896 683/906/906
f 683/906/906 667/896/896 682/897/897
f 683/906/906 682/897/897 719/907/907
f 719/907/907 682/897/897 720/898/898
f 719/907/907 720/898/898 738/908/908
f 738/908/908 720/898/898 737/899/899
f 738/908/908 737/899/899 763/909/909
f 763/909/909 737/899/899 762/900/900
f 763/909/909 762/900/900 791/910/910
f 791/910/910 762/900/900 792/901/901
f 791/910/910 792/901/901 808/911/911
f 808/911/911 792/901/901 807/902/902
f 808/911/911 807/902/902 827/912/912
f 827/912/912 807/902/902 826/903/903
f 827/912/912 826/903/903 846/913/913
f 846/913/913 826/903/903 847/904/904
f 846/913/913 847/904/904 862/914/914
f 862/914/914 847/904/904 861/411/411
f 862/914/914 861/411/411 877/410/410
f 627/174/174 626/176/176 665/915/915
f 665/915/915 626/176/176 666/905/905
f 665/915/915 666/905/905 684/916/916
f 684/916/916 666/905/905 683/906/906
f 684/916/916 683/906/906 718/917/917
f 718/917/917 683/906/906 719/907/907
f 718/917/917 719/907/907 739/918/918
f 739/918/918 719/907/907 738/908/908
f 739/918/918 738/908/908 764/919/919
f 764/919/919 738/908/908 763/909/909
f 764/919/919 763/909/909 790/920/920
f 790/920/920 763/909/909 791/910/910
f 790/920/920 791/910/910 809/921/921
f 809/921/921 791/910/910 808/911/911
f 809/921/921 808/911/911 828/922/922
f 828/922/922 808/911/911 827/912/912
f 828/922/922 827/912/912 845/923/923
f 845/923/923 827/912/912 846/913/913
f 845/923/923 846/913/913 863/924/924
f 863/924/924 846/913/913 862/914/914
f 863/924/924 862/914/914 878/434/434
f 878/434/434 862/914/914 877/410/410
f 628/172/172 627/174/174 664/925/925
f 664/925/925 627/174/174 665/915/915
f 664/925/925 665/915/915 685/926/926
f 685/926/926 665/915/915 684/916/916
f 685/926/926 684/916/916 717/927/927
f 717/927/927 684/916/916 718/917/917
f 717/927/927 718/917/917 740/928/928
f 740/928/928 718/917/917 739/918/918
f 740/928/928 739/918/918 765/929/929
f 765/929/929 739/918/918 764/919/919
f 765/929/929 764/919/919 789/930/930
f 789/930/930 764/919/919 790/920/920
f 789/930/930 790/920/920 810/931/931
f 810/931/931 790/920/920 809/921/921
f 810/931/931 809/921/921 829/932/932
f 829/932/932 809/921/921 828/922/922
f 829/932/932 828/922/922 844/933/933
f 844/933/933 828/922/922 845/923/923
f 844/933/933 845/923/923 864/934/934
f 864/934/934 845/923/923 863/924/924
f 864/934/934 863/924/924 879/432/432
f 879/432/432 863/924/924 878/434/434
f 629/170/170 628/172/172 663/935/935
f 663/935/935 628/172/172 664/925/925
f 663/935/935 664/925/925 686/936/936
f 686/936/936 664/925/925 685/926/926
f 686/936/936 685/926/926 716/937/937
f 716/937/937 685/926/926 717/927/927
f 716/937/937 717/927/927 741/938/938
f 741/938/938 717/927/927 740/928/928
f 741/938/938 740/928/928 766/939/939
f 766/939/939 740/928/928 765/929/929
f 766/939/939 765/929/929 788/940/940
f 788/940/940 765/929/929 789/930/930
f 788/940/940 789/930/930 811/941/941
f 811/941/941 789/930/930 810/931/931
f 811/941/941 810/931/931 830/942/942
f 830/942/942 810/931/931 829/932/932
f 830/942/942 829/932/932 843/943/943
f 843/943/943 829/932/932 844/933/933
f 843/943/943 844/933/933 865/944/944
f 865/944/944 844/933/933 864/934/934
f 865/944/944 864/934/934 880/431/431
f 880/431/431 864/934/934 879/432/432
f 630/168/168 629/170/170 662/945/945
f 662/945/945 629/170/170 663/935/935
f 662/945/945 663/935/935 687/946/946
f 687/946/946 663/935/935 686/936/936
f 687/946/946 686/936/936 715/947/947
f 715/947/947 686/936/936 716/937/937
f 715/947/947 716/937/937 742/948/948
f 742/948/948 716/937/937 741/938/938
f 742/948/948 741/938/938 767/949/949
f 767/949/949 741/938/938 766/939/939
f 767/949/949 766/939/939 787/950/950
f 787/950/950 766/939/939 788/940/940
f 787/950/950 788/940/940 812/951/951
f 812/951/951 788/940/940 811/941/941
f 812/951/951 811/941/941 831/952/952
f 831/952/952 811/941/941 830/942/942
f 831/952/952 830/942/942 842/953/953
f 842/953/953 830/942/942 843/943/943
f 842/953/953 843/943/943 866/954/954
f 866/954/954 843/943/943 865/944/944
f 866/954/954 865/944/944 881/430/430
f 881/430/430 865/944/944 880/431/431
f 660/455/455 632/164/164 631/166/166
f 631/166/166 630/168/168 661/955/955
f 661/955/955 630/168/168 662/945/945
f 661/955/955 662/945/945 688/956/956
f 688/956/956 662/945/945 687/946/946
f 688/956/956 687/946/946 714/957/957
f 714/957/957 687/946/946 715/947/947
f 714/957/957 715/947/947 743/958/958
f 743/958/958 715/947/947 742/948/948
f 743/958/958 742/948/948 768/959/959
f 768/959/959 742/948/948 767/949/949
f 768/959/959 767/949/949 786/960/960
f 786/960/960 767/949/949 787/950/950
f 786/960/960 787/950/950 813/961/961
f 813/961/961 787/950/950 812/951/951
f 813/961/961 812/951/951 832/962/962
f 832/962/962 812/951/951 831/952/952
f 832/962/962 831/952/952 841/963/963
f 841/963/963 831/952/952 842/953/953
f 841/963/963 842/953/953 867/964/964
f 867/964/964 842/953/953 866/954/954
f 867/964/964 866/954/954 882/429/429
f 882/429/429 866/954/954 881/430/430
f 634/160/160 633/162/162 658/965/965
f 658/965/965 633/162/162 659/456/456
f 658/965/965 659/456/456 691/966/966
f 691/966/966 659/456/456 690/454/454
f 691/966/966 690/454/454 711/967/967
f 711/967/967 690/454/454 712/452/452
f 711/967/967 712/452/452 746/968/968
f 746/968/968 712/452/452 745/450/450
f 746/968/968 745/450/450 771/969/969
f 771/969/969 745/450/450 770/448/448
f 771/969/969 770/448/448 783/970/970
f 783/970/970 770/448/448 784/446/446
f 783/970/970 784/446/446 816/971/971
f 816/971/971 784/446/446 815/444/444
f 816/971/971 815/444/444 835/463/463
f 835/463/463 815/444/444 834/442/442
f 656/478/478 636/156/156 635/158/158
f 635/158/158 634/160/160 657/972/972
f 657/972/972 634/160/160 658/965/965
f 657/972/972 658/965/965 692/973/973
f 692/973/973 658/965/965 691/966/966
f 692/973/973 691/966/966 710/974/974
f 710/974/974 691/966/966 711/967/967
f 710/974/974 711/967/967 747/975/975
f 747/975/975 711/967/967 746/968/968
f 747/975/975 746/968/968 772/976/976
f 772/976/976 746/968/968 771/969/969
f 772/976/976 771/969/969 782/977/977
f 782/977/977 771/969/969 783/970/970
f 782/977/977 783/970/970 817/978/978
f 817/978/978 783/970/970 816/971/971
f 817/978/978 816/971/971 836/462/462
f 836/462/462 816/971/971 835/463/463
f 638/152/152 637/154/154 654/979/979
f 654/979/979 637/154/154 655/479/479
f 654/979/979 655/479/479 695/980/980
f 695/980/980 655/479/479 694/477/477
f 695/980/980 694/477/477 707/981/981
f 707/981/981 694/477/477 708/475/475
f 707/981/981 708/475/475 750/982/982
f 750/982/982 708/475/475 749/473/473
f 750/982/982 749/473/473 775/983/983
f 775/983/983 749/473/473 774/471/471
f 775/983/983 774/471/471 779/481/481
f 779/481/481 774/471/471 780/469/469
f 652/495/495 640/148/148 639/150/150
f 639/150/150 638/152/152 653/984/984
f 653/984/984 638/152/152 654/979/979
f 653/984/984 654/979/979 696/985/985
f 696/985/985 654/979/979 695/980/980
f 696/985/985 695/980/980 706/986/986
f 706/986/986 695/980/980 707/981/981
f 706/986/986 707/981/981 751/987/987
f 751/987/987 707/981/981 750/982/982
f 751/987/987 750/982/982 776/485/485
f 776/485/485 750/982/982 775/983/983
f 776/485/485 775/983/983 778/483/483
f 778/483/483 775/983/983 779/481/481
f 642/144/144 641/146/146 650/988/988
f 650/988/988 641/146/146 651/496/496
f 650/988/988 651/496/496 699/989/989
f 699/989/989 651/496/496 698/494/494
f 699/989/989 698/494/494 703/498/498
f 703/498/498 698/494/494 704/492/492
f 648/506/506 644/140/140 643/142/142
f 643/142/142 642/144/144 649/990/990
f 649/990/990 642/144/144 650/988/988
f 649/990/990 650/988/988 700/502/502
f 700/502/502 650/988/988 699/989/989
f 700/502/502 699/989/989 702/500/500
f 702/500/500 699/989/989 703/498/498
f 700/502/502 701/504/504 649/990/990
f 649/990/990 701/504/504 648/506/506
f 649/990/990 648/506/506 643/142/142
f 652/495/495 653/984/984 697/493/493
f 697/493/493 653/984/984 696/985/985
f 697/493/493 696/985/985 705/491/491
f 705/491/491 696/985/985 706/986/986
f 705/491/491 706/986/986 752/489/489
f 752/489/489 706/986/986 751/987/987
f 752/489/489 751/987/987 777/487/487
f 777/487/487 751/987/987 776/485/485
f 653/984/984 652/495/495 639/150/150
f 656/478/478 657/972/972 693/476/476
f 693/476/476 657/972/972 692/973/973
f 693/476/476 692/973/973 709/474/474
f 709/474/474 692/973/973 710/974/974
f 709/474/474 710/974/974 748/472/472
f 748/472/472 710/974/974 747/975/975
f 748/472/472 747/975/975 773/470/470
f 773/470/470 747/975/975 772/976/976
f 773/470/470 772/976/976 781/468/468
f 781/468/468 772/976/976 782/977/977
f 781/468/468 782/977/977 818/466/466
f 818/466/466 782/977/977 817/978/978
f 818/466/466 817/978/978 837/464/464
f 837/464/464 817/978/978 836/462/462
f 657/972/972 656/478/478 635/158/158
f 660/455/455 661/955/955 689/453/453
f 689/453/453 661/955/955 688/956/956
f 689/453/453 688/956/956 713/451/451
f 713/451/451 688/956/956 714/957/957
f 713/451/451 714/957/957 744/449/449
f 744/449/449 714/957/957 743/958/958
f 744/449/449 743/958/958 769/447/447
f 769/447/447 743/958/958 768/959/959
f 769/447/447 768/959/959 785/445/445
f 785/445/445 768/959/959 786/960/960
f 785/445/445 786/960/960 814/443/443
f 814/443/443 786/960/960 813/961/961
f 814/443/443 813/961/961 833/441/441
f 833/441/441 813/961/961 832/962/962
f 833/441/441 832/962/962 840/439/439
f 840/439/439 832/962/962 841/963/963
f 840/439/439 841/963/963 868/437/437
f 868/437/437 841/963/963 867/964/964
f 868/437/437 867/964/964 883/435/435
f 883/435/435 867/964/964 882/429/429
f 661/955/955 660/455/455 631/166/166
f 821/354/354 801/353/353 820/381/381
f 821/354/354 820/381/381 852/991/991
f 852/991/991 820/381/381 853/380/380
f 852/991/991 853/380/380 856/992/992
f 856/992/992 853/380/380 855/382/382
f 856/992/992 855/382/382 871/386/386
f 871/386/386 855/382/382 870/384/384
f 851/355/355 852/991/991 857/993/993
f 857/993/993 852/991/991 856/992/992
f 857/993/993 856/992/992 872/994/994
f 872/994/994 856/992/992 871/386/386
f 872/994/994 871/386/386 885/388/388
f 852/991/991 851/355/355 821/354/354
f 851/355/355 857/993/993 858/356/356
f 858/356/356 857/993/993 873/995/995
f 858/356/356 873/995/995 874/357/357
f 874/357/357 873/995/995 887/996/996
f 874/357/357 887/996/996 888/358/358
f 888/358/358 887/996/996 901/394/394
f 888/358/358 901/394/394 900/359/359
f 873/995/995 857/993/993 872/994/994
f 873/995/995 872/994/994 886/997/997
f 886/997/997 872/994/994 885/388/388
f 886/997/997 885/388/388 903/390/390
f 873/995/995 886/997/997 887/996/996
f 887/996/996 886/997/997 902/392/392
f 887/996/996 902/392/392 901/394/394
f 902/392/392 886/997/997 903/390/390
f 896/421/421 893/423/423 892/433/433
f 896/421/421 892/433/433 897/408/408
f 897/408/408 892/433/433 891/409/409
f 911/419/419 896/421/421 910/407/407
f 910/407/407 896/421/421 897/408/408
f 905/393/393 904/391/391 913/998/998
f 913/998/998 904/391/391 912/398/398
f 913/998/998 912/398/398 4/372/372
f 906/395/395 905/393/393 914/999/999
f 914/999/999 905/393/393 913/998/998
f 914/999/999 913/998/998 920/368/368
f 920/368/368 913/998/998 919/370/370
f 907/360/360 906/395/395 915/1000/1000
f 915/1000/1000 906/395/395 914/999/999
f 915/1000/1000 914/999/999 921/366/366
f 921/366/366 914/999/999 920/368/368
f 919/370/370 913/998/998 4/372/372
f 907/360/360 915/1000/1000 916/361/361
f 916/361/361 915/1000/1000 922/364/364
f 916/361/361 922/364/364 923/362/362
f 922/364/364 915/1000/1000 921/366/366
f 929/404/404 926/367/367 925/369/369
f 928/401/401 929/404/404 925/369/369
f 1/1001/1001 36/1002/1002 71/1003/1003
f 71/1003/1003 36/1002/1002 72/1004/1004
f 72/1004/1004 36/1002/1002 73/1005/1005
f 73/1005/1005 36/1002/1002 74/1006/1006
f 74/1006/1006 36/1002/1002 75/1007/1007
f 75/1007/1007 36/1002/1002 76/1008/1008
f 76/1008/1008 36/1002/1002 77/1009/1009
f 77/1009/1009 36/1002/1002 78/1010/1010
f 78/1010/1010 36/1002/1002 79/1011/1011
f 79/1011/1011 36/1002/1002 80/1012/1012
f 80/1012/1012 36/1002/1002 81/1013/1013
f 81/1013/1013 36/1002/1002 82/1014/1014
f 82/1014/1014 36/1002/1002 83/1015/1015
f 83/1015/1015 36/1002/1002 84/1016/1016
f 84/1016/1016 36/1002/1002 85/1017/1017
f 85/1017/1017 36/1002/1002 86/1018/1018
f 86/1018/1018 36/1002/1002 87/1019/1019
f 87/1019/1019 36/1002/1002 88/1020/1020
f 88/1020/1020 36/1002/1002 89/1021/1021
f 89/1021/1021 36/1002/1002 90/1022/1022
f 90/1022/1022 36/1002/1002 91/1023/1023
f 91/1023/1023 36/1002/1002 92/1024/1024
f 92/1024/1024 36/1002/1002 93/1025/1025
f 93/1025/1025 36/1002/1002 94/1026/1026
f 94/1026/1026 36/1002/1002 95/1027/1027
f 95/1027/1027 36/1002/1002 96/1028/1028
f 96/1028/1028 36/1002/1002 97/1029/1029
f 97/1029/1029 36/1002/1002 98/1030/1030
f 98/1030/1030 36/1002/1002 99/1031/1031
f 99/1031/1031 36/1002/1002 100/1032/1032
f 100/1032/1032 36/1002/1002 101/1033/1033
f 101/1033/1033 36/1002/1002 102/1034/1034
f 102/1034/1034 36/1002/1002 103/1035/1035
f 103/1035/1035 36/1002/1002 70/1036/1036
# 929 vertices
# 1036 texture params
# 1036 normals
# 1854 facets

# 1 groups
