# WaveFront *.obj file (generated by Autodesk ATF)

mtllib Whole_BTL.mtl

g Whole_BTL

v 0.000000 318.087654 -99.999900
v 0.000000 313.050028 -114.801635
v 0.000000 307.324048 -129.350937
v 0.000000 300.922305 -143.615814
v 0.000000 293.858874 -157.564899
v 0.000000 286.149288 -171.167521
v 0.000000 277.810499 -184.393769
v 0.000000 268.860843 -197.214560
v 0.000000 259.319998 -209.601703
v 0.000000 249.208944 -221.527961
v 0.000000 238.549914 -232.967109
v 0.000000 227.366345 -243.893994
v 0.000000 215.682829 -254.284590
v 0.000000 203.525055 -264.116049
v 0.000000 190.919758 -273.366752
v 0.000000 177.894655 -282.016360
v 0.000000 164.478385 -290.045852
v 0.000000 150.700450 -297.437573
v 0.000000 136.591145 -304.175269
v 0.000000 122.181495 -310.244126
v 0.000000 107.503185 -315.630798
v 0.000000 92.588490 -320.323441
v 0.000000 77.470205 -324.311737
v 0.000000 62.181574 -327.586916
v 0.000000 46.756214 -330.141775
v 0.000000 31.228044 -331.970698
v 0.000000 15.631207 -333.069663
v 0.000000 0.000000 -333.436254
v -15.862396 0.000000 -333.053971
v -31.688645 0.000000 -331.917501
v -47.442911 0.000000 -330.029418
v -63.089517 0.000000 -327.393999
v -78.593034 0.000000 -324.017209
v -93.918354 0.000000 -319.906697
v -109.030773 0.000000 -315.071769
v -123.896070 0.000000 -309.523375
v -138.480584 0.000000 -303.274079
v -152.751287 0.000000 -296.338032
v -166.675866 0.000000 -288.730940
v -180.222788 0.000000 -280.470030
v -193.361377 0.000000 -271.574007
v -206.061880 0.000000 -262.063016
v -218.295540 0.000000 -251.958595
v -230.034651 0.000000 -241.283625
v -241.252633 0.000000 -230.062278
v -251.924082 0.000000 -218.319965
v -262.024834 0.000000 -206.083277
v -271.532015 0.000000 -193.379921
v -280.424097 0.000000 -180.238665
v -288.680945 0.000000 -166.689266
v -296.283860 0.000000 -152.762407
v -303.215627 0.000000 -138.489623
v -309.460549 0.000000 -123.903236
v -315.004484 0.000000 -109.036276
v -319.834879 0.000000 -93.922407
v -323.940795 0.000000 -78.595855
v -327.312935 0.000000 -63.091327
v -329.943662 0.000000 -47.443930
v -331.827020 0.000000 -31.689099
v -332.958743 0.000000 -15.862510
v -333.336269 0.000000 0.000000
v -332.969679 15.631206 0.000000
v -331.870714 31.228042 0.000000
v -330.041791 46.756211 0.000000
v -327.486932 62.181570 0.000000
v -324.211754 77.470200 0.000000
v -320.223459 92.588484 0.000000
v -315.530816 107.503178 0.000000
v -310.144145 122.181488 0.000000
v -304.075289 136.591137 0.000000
v -297.337594 150.700441 0.000000
v -289.945875 164.478376 0.000000
v -281.916384 177.894645 0.000000
v -273.266778 190.919748 0.000000
v -264.016076 203.525045 0.000000
v -254.184619 215.682818 0.000000
v -243.794025 227.366335 0.000000
v -232.867141 238.549904 0.000000
v -221.427995 249.208934 0.000000
v -209.501739 259.319989 0.000000
v -197.114597 268.860834 0.000000
v -184.293808 277.810491 0.000000
v -171.067562 286.149281 0.000000
v -157.464942 293.858868 0.000000
v -143.515859 300.922300 0.000000
v -129.250984 307.324045 0.000000
v -114.701683 313.050026 0.000000
v -99.899950 318.087654 0.000000
v -99.519904 318.087654 -8.710035
v -98.382655 318.087654 -17.353867
v -96.496847 318.087654 -25.865792
v -93.876813 318.087654 -34.181114
v -90.542469 318.087654 -42.236628
v -86.519159 318.087654 -49.971105
v -81.837463 318.087654 -57.325755
v -76.532967 318.087654 -64.244676
v -70.645989 318.087654 -70.675279
v -64.221277 318.087654 -76.568684
v -57.307664 318.087654 -81.880096
v -49.957699 318.087654 -86.569144
v -42.227250 318.087654 -90.600187
v -34.175074 318.087654 -93.942585
v -25.862376 318.087654 -96.570933
v -17.352341 318.087654 -98.465252
v -8.709651 318.087654 -99.611144
v -16.268964 313.050026 -113.628709
v -26.993912 313.050026 -111.558713
v -32.270400 313.050026 -110.143469
v -42.591689 313.050026 -106.568505
v -52.526504 313.050026 -102.028808
v -70.881273 313.050026 -90.227963
v -79.135068 313.050026 -83.073645
v -82.997405 313.050026 -79.210150
v -90.149247 313.050026 -70.954210
v -96.484090 313.050026 -62.055943
v -106.481303 313.050026 -42.659727
v -110.053172 313.050026 -32.337365
v -111.466834 313.050026 -27.060453
v -113.533613 313.050026 -16.334885
v -15.844846 15.631206 -332.687801
v -15.792236 31.228042 -331.590096
v -15.704681 46.756211 -329.763270
v -15.582374 62.181570 -327.211340
v -15.425583 77.470200 -323.939917
v -15.234654 92.588484 -319.956195
v -15.010006 107.503178 -315.268933
v -14.752133 122.181488 -309.888437
v -14.461602 136.591137 -303.826540
v -14.139053 150.700441 -297.096570
v -13.785193 164.478376 -289.713325
v -13.400802 177.894645 -281.693040
v -12.986725 190.919748 -273.053352
v -12.543871 203.525045 -263.813256
v -12.073216 215.682818 -253.993071
v -11.575793 227.366335 -243.614390
v -11.052697 238.549904 -232.700035
v -10.505078 249.208934 -221.274004
v -9.934139 259.319989 -209.361422
v -9.341137 268.860834 -196.988483
v -8.727375 277.810491 -184.182393
v -8.094203 286.149281 -170.971312
v -7.443013 293.858868 -157.384288
v -6.775236 300.922300 -143.451197
v -6.092343 307.324045 -129.202677
v -5.395833 313.050026 -114.670059
v -31.653696 15.631206 -331.552580
v -31.548924 31.228042 -330.458621
v -31.374561 46.756211 -328.638029
v -31.130990 62.181570 -326.094807
v -30.818746 77.470200 -322.834547
v -30.438516 92.588484 -318.864418
v -29.991136 107.503178 -314.193150
v -29.477589 122.181488 -308.831015
v -28.899006 136.591137 -302.789802
v -28.256658 150.700441 -296.082797
v -27.551957 164.478376 -288.724745
v -26.786454 177.894645 -280.731828
v -25.961830 190.919748 -272.121620
v -25.079901 203.525045 -262.913054
v -24.142604 215.682818 -253.126378
v -23.152001 227.366335 -242.783112
v -22.110271 238.549904 -231.906000
v -21.019703 249.208934 -220.518957
v -19.882695 259.319989 -208.647024
v -18.701748 268.860834 -196.316305
v -17.479459 277.810491 -183.553913
v -16.218515 286.149281 -170.387911
v -14.921689 293.858868 -156.847250
v -13.591833 300.922300 -142.961703
v -12.231869 307.324045 -128.761803
v -10.844790 313.050026 -114.278773
v -47.390641 15.631206 -329.666574
v -47.233945 31.228042 -328.578837
v -46.973169 46.756211 -326.768601
v -46.608885 62.181570 -324.239846
v -46.141894 77.470200 -320.998132
v -45.573225 92.588484 -317.050587
v -44.904126 107.503178 -312.405891
v -44.136069 122.181488 -307.074258
v -43.270743 136.591137 -301.067410
v -42.310050 150.700441 -294.398556
v -41.256104 164.478376 -287.082361
v -40.111222 177.894645 -279.134911
v -38.877920 190.919748 -270.573681
v -37.558912 203.525045 -261.417497
v -36.157096 215.682818 -251.686492
v -34.675557 227.366335 -241.402063
v -33.117550 238.549904 -230.586823
v -31.486503 249.208934 -219.264555
v -29.786001 259.319989 -207.460155
v -28.019784 268.860834 -195.199578
v -26.191736 277.810491 -182.509783
v -24.305876 286.149281 -169.418675
v -22.366350 293.858868 -155.955039
v -20.377424 300.922300 -142.148479
v -18.343471 307.324045 -128.029353
v -63.020045 15.631206 -327.034051
v -62.811780 31.228042 -325.955001
v -62.465181 46.756211 -324.159221
v -61.981009 62.181570 -321.650658
v -61.360330 77.470200 -318.434831
v -60.604508 92.588484 -314.518808
v -59.715205 107.503178 -309.911202
v -58.694377 122.181488 -304.622144
v -57.544268 136.591137 -298.663264
v -56.267407 150.700441 -292.047664
v -54.866602 164.478376 -284.789891
v -53.344933 177.894645 -276.905904
v -51.705746 190.919748 -268.413040
v -49.952645 203.525045 -259.329971
v -48.089486 215.682818 -249.676672
v -46.120364 227.366335 -239.474368
v -44.049610 238.549904 -228.745493
v -41.881777 249.208934 -217.513638
v -39.621632 259.319989 -205.803501
v -37.274144 268.860834 -193.640829
v -34.844476 277.810491 -181.052368
v -32.337970 286.149281 -168.065798
v -29.760137 293.858868 -154.709674
v -27.116646 300.922300 -141.013365
v -24.413309 307.324045 -127.006987
v -21.656070 313.050026 -112.721337
v -78.506516 15.631206 -323.660974
v -78.247154 31.228042 -322.593054
v -77.815517 46.756211 -320.815795
v -77.212554 62.181570 -318.333107
v -76.439592 77.470200 -315.150447
v -75.498329 92.588484 -311.274815
v -74.390836 107.503178 -306.714733
v -73.119548 122.181488 -301.480227
v -71.687261 136.591137 -295.582807
v -70.097123 150.700441 -289.035441
v -68.352631 164.478376 -281.852526
v -66.457621 177.894645 -274.049856
v -64.416260 190.919748 -265.644588
v -62.233037 203.525045 -256.655204
v -59.912752 215.682818 -247.101471
v -57.460507 227.366335 -237.004395
v -54.881695 238.549904 -226.386179
v -52.181985 249.208934 -215.270171
v -49.367314 259.319989 -203.680813
v -46.443872 268.860834 -191.643589
v -43.418086 277.810491 -179.184968
v -40.296610 286.149281 -166.332343
v -37.086307 293.858868 -153.113976
v -33.794236 300.922300 -139.558932
v -30.427637 307.324045 -125.697018
v -93.814987 15.631206 -319.554981
v -93.505114 31.228042 -318.500608
v -92.989416 46.756211 -316.745896
v -92.269028 62.181570 -314.294703
v -91.345532 77.470200 -311.152419
v -90.220961 92.588484 -307.325954
v -88.897786 107.503178 -302.823721
v -87.378917 122.181488 -297.655621
v -85.667694 136.591137 -291.833016
v -83.767880 150.700441 -285.368711
v -81.683652 164.478376 -278.276919
v -79.419592 177.894645 -270.573234
v -76.980680 190.919748 -262.274596
v -74.372278 203.525045 -253.399253
v -71.600122 215.682818 -243.966718
v -68.670307 227.366335 -233.997735
v -65.589276 238.549904 -223.514223
v -62.363803 249.208934 -212.539233
v -59.000980 259.319989 -201.096899
v -55.508203 268.860834 -189.212381
v -51.893151 277.810491 -176.911811
v -48.163773 286.149281 -164.222235
v -44.328270 293.858868 -151.171558
v -40.395075 300.922300 -137.788475
v -36.372837 307.324045 -124.102414
v -108.910791 15.631206 -314.725369
v -108.551110 31.228042 -313.686932
v -107.952519 46.756211 -311.958740
v -107.116336 62.181570 -309.544593
v -106.044399 77.470200 -306.449800
v -104.739065 92.588484 -302.681167
v -103.203204 107.503178 -298.246978
v -101.440194 122.181488 -293.156986
v -99.453910 136.591137 -287.422382
v -97.248722 150.700441 -281.055775
v -94.829477 164.478376 -274.071166
v -92.201495 177.894645 -266.483911
v -89.370554 190.919748 -258.310695
v -86.342880 203.525045 -249.569489
v -83.125130 215.682818 -240.279514
v -79.724380 227.366335 -230.461198
v -76.148107 238.549904 -220.136128
v -72.404174 249.208934 -209.327010
v -68.500815 259.319989 -198.057610
v -64.446612 268.860834 -186.352709
v -60.250480 277.810491 -174.238044
v -55.921645 286.149281 -161.740253
v -51.469627 293.858868 -148.886818
v -46.904214 300.922300 -135.706001
v -42.235445 307.324045 -122.226785
v -37.473586 313.050026 -108.478809
v -123.759745 15.631206 -309.183076
v -123.351069 31.228042 -308.162925
v -122.670942 46.756211 -306.465166
v -121.720857 62.181570 -304.093532
v -120.502906 77.470200 -301.053239
v -119.019765 92.588484 -297.350970
v -117.274696 107.503178 -292.994868
v -115.271537 122.181488 -287.994510
v -113.014691 136.591137 -282.360892
v -110.509122 150.700441 -276.106401
v -107.760338 164.478376 -269.244790
v -104.774384 177.894645 -261.791146
v -101.557826 190.919748 -253.761860
v -98.117736 203.525045 -245.174586
v -94.461679 215.682818 -236.048207
v -90.597694 227.366335 -226.402791
v -86.534277 238.549904 -216.259545
v -82.280363 249.208934 -205.640775
v -77.845306 259.319989 -194.569829
v -73.238858 268.860834 -183.071050
v -68.471147 277.810491 -171.169723
v -63.552659 286.149281 -158.892018
v -58.494207 293.858868 -146.264931
v -53.306914 300.922300 -133.316227
v -48.002187 307.324045 -120.074379
v -138.328224 15.631206 -302.940650
v -137.871479 31.228042 -301.941096
v -137.111355 46.756211 -300.277615
v -136.049521 62.181570 -297.953865
v -134.688313 77.470200 -294.974955
v -133.030724 92.588484 -291.347436
v -131.080399 107.503178 -287.079284
v -128.841626 122.181488 -282.179883
v -126.319328 136.591137 -276.660008
v -123.519052 150.700441 -270.531796
v -120.446954 164.478376 -263.808721
v -117.109790 177.894645 -256.505567
v -113.514898 190.919748 -248.638392
v -109.670182 203.525045 -240.224496
v -105.584097 215.682818 -231.282379
v -101.265626 227.366335 -221.831704
v -96.724267 238.549904 -211.893252
v -91.970005 249.208934 -201.488875
v -87.013293 259.319989 -190.641452
v -81.865031 268.860834 -179.374834
v -76.536539 277.810491 -167.713796
v -71.039534 286.149281 -155.683978
v -65.386102 293.858868 -143.311833
v -59.588676 300.922300 -130.624564
v -53.660003 307.324045 -117.650070
v -47.613119 313.050026 -104.416880
v -152.583238 15.631206 -296.012229
v -152.079459 31.228042 -295.035535
v -151.241058 46.756211 -293.410099
v -150.069879 62.181570 -291.139494
v -148.568497 77.470200 -288.228714
v -146.740214 92.588484 -284.684158
v -144.589049 107.503178 -280.513620
v -142.119733 122.181488 -275.726272
v -139.337695 136.591137 -270.332640
v -136.249052 150.700441 -264.344583
v -132.860597 164.478376 -257.775268
v -129.179780 177.894645 -250.639142
v -125.214694 190.919748 -242.951894
v -120.974058 203.525045 -234.730428
v -116.467197 215.682818 -225.992822
v -111.704021 227.366335 -216.758289
v -106.695003 238.549904 -207.047135
v -101.451158 249.208934 -196.880712
v -95.984015 259.319989 -186.281375
v -90.305597 268.860834 -175.272432
v -84.428390 277.810491 -163.878088
v -78.365316 286.149281 -152.123399
v -72.129708 293.858868 -140.034211
v -65.735276 300.922300 -127.637108
v -59.196082 307.324045 -114.959348
v -166.497493 15.631206 -288.410621
v -165.952773 31.228042 -287.456138
v -165.042882 46.756211 -285.869604
v -163.769798 62.181570 -283.654520
v -162.136301 77.470200 -280.815769
v -160.145958 92.588484 -277.359606
v -157.803128 107.503178 -273.293641
v -155.112939 122.181488 -268.626829
v -152.081286 136.591137 -263.369442
v -148.714816 150.700441 -257.533052
v -145.020911 164.478376 -251.130505
v -141.007674 177.894645 -244.175889
v -136.683912 190.919748 -236.684509
v -132.059112 203.525045 -228.672846
v -127.143427 215.682818 -220.158528
v -121.947648 227.366335 -211.160287
v -116.483184 238.549904 -201.697918
v -110.762035 249.208934 -191.792236
v -104.796766 259.319989 -181.465031
v -98.600479 268.860834 -170.739019
v -92.186787 277.810491 -159.637795
v -85.569778 286.149281 -148.185773
v -78.763992 293.858868 -136.408144
v -71.784383 300.922300 -124.330810
v -64.646287 307.324045 -111.980334
v -57.365392 313.050026 -99.383878
v -180.024535 15.631206 -280.161672
v -179.430214 31.228042 -279.237277
v -178.441130 46.756211 -277.698878
v -177.059458 62.181570 -275.549858
v -175.288238 77.470200 -272.794941
v -173.131362 92.588484 -269.440185
v -170.593575 107.503178 -265.492967
v -167.680456 122.181488 -260.961967
v -164.398410 136.591137 -255.857147
v -160.754656 150.700441 -250.189732
v -156.757204 164.478376 -243.972185
v -152.414844 177.894645 -237.218176
v -147.737125 190.919748 -229.942557
v -142.734333 203.525045 -222.161326
v -137.417468 215.682818 -213.891592
v -131.798220 227.366335 -205.151541
v -125.888947 238.549904 -195.960389
v -119.702641 249.208934 -186.338347
v -113.252906 259.319989 -176.306573
v -106.553923 268.860834 -165.887125
v -99.620422 277.810491 -155.102914
v -92.467651 286.149281 -143.977652
v -85.111335 293.858868 -132.535804
v -77.567652 300.922300 -120.802528
v -69.853188 307.324045 -108.803623
v -61.984907 313.050026 -96.565475
v -193.148679 15.631206 -271.275430
v -192.511054 31.228042 -270.380355
v -191.449904 46.756211 -268.890752
v -189.967562 62.181570 -266.809894
v -188.067288 77.470200 -264.142358
v -185.753259 92.588484 -260.894009
v -183.030565 107.503178 -257.071991
v -179.905191 122.181488 -252.684706
v -176.384011 136.591137 -247.741802
v -172.474767 150.700441 -242.254148
v -168.186055 164.478376 -236.233810
v -163.527304 177.894645 -229.694027
v -158.508760 190.919748 -222.649178
v -153.141457 203.525045 -215.114754
v -147.437197 215.682818 -207.107322
v -141.408522 227.366335 -198.644490
v -135.068690 238.549904 -189.744865
v -128.431641 249.208934 -180.428018
v -121.511968 259.319989 -170.714434
v -114.324887 268.860834 -160.625473
v -106.886202 277.810491 -150.183318
v -99.212268 286.149281 -139.410931
v -91.319961 293.858868 -128.331998
v -83.226633 300.922300 -116.970881
v -74.950082 307.324045 -105.352561
v -66.508506 313.050026 -93.502585
v -205.835220 15.631206 -261.774896
v -205.155735 31.228042 -260.911168
v -204.024922 46.756211 -259.473733
v -202.445266 62.181570 -257.465751
v -200.420241 77.470200 -254.891637
v -197.954299 92.588484 -251.757051
v -195.052863 107.503178 -248.068886
v -191.722313 122.181488 -243.835251
v -187.969972 136.591137 -239.065456
v -183.804090 150.700441 -233.769989
v -179.233829 164.478376 -227.960494
v -174.269238 177.894645 -221.649746
v -168.921232 190.919748 -214.851619
v -163.201572 203.525045 -207.581064
v -157.122834 215.682818 -199.854066
v -150.698385 227.366335 -191.687617
v -143.942350 238.549904 -183.099673
v -136.869587 249.208934 -174.109117
v -129.495646 259.319989 -164.735720
v -121.836742 268.860834 -155.000092
v -113.909716 277.810491 -144.923639
v -105.731998 286.149281 -134.528520
v -97.321570 293.858868 -123.837590
v -88.696925 300.922300 -112.874359
v -79.877029 307.324045 -101.662932
v -218.055429 15.631206 -251.681584
v -217.335624 31.228042 -250.851160
v -216.137708 46.756211 -249.469148
v -214.464315 62.181570 -247.538588
v -212.319125 77.470200 -245.063724
v -209.706854 92.588484 -242.049999
v -206.633247 107.503178 -238.504040
v -203.105061 122.181488 -234.433642
v -199.130056 136.591137 -229.847757
v -194.716971 150.700441 -224.756469
v -189.875510 164.478376 -219.170972
v -184.616319 177.894645 -213.103548
v -178.950963 190.919748 -206.567538
v -172.891897 203.525045 -199.577315
v -166.452447 215.682818 -192.148249
v -159.646770 227.366335 -184.296675
v -152.489833 238.549904 -176.039858
v -144.997371 249.208934 -167.395954
v -137.185860 259.319989 -158.383969
v -129.072476 268.860834 -149.023719
v -120.675059 277.810491 -139.335787
v -112.012075 286.149281 -129.341474
v -103.102572 293.858868 -119.062757
v -93.966141 300.922300 -108.522238
v -84.622871 307.324045 -97.743093
v -75.093307 313.050026 -86.749024
v -229.781634 15.631206 -241.018350
v -229.023139 31.228042 -240.223109
v -227.760833 46.756211 -238.899650
v -225.997492 62.181570 -237.050884
v -223.736995 77.470200 -234.680876
v -220.984310 92.588484 -231.794836
v -217.745491 107.503178 -228.399111
v -214.027660 122.181488 -224.501168
v -209.838992 136.591137 -220.109578
v -205.188697 150.700441 -215.233997
v -200.087000 164.478376 -209.885146
v -194.545119 177.894645 -204.074786
v -188.575240 190.919748 -197.815694
v -182.190490 203.525045 -191.121633
v -175.404909 215.682818 -184.007321
v -168.233416 227.366335 -176.488402
v -160.691782 238.549904 -168.581410
v -152.796588 249.208934 -160.303730
v -144.565196 259.319989 -151.673564
v -136.015704 268.860834 -142.709889
v -127.166913 277.810491 -133.432414
v -118.038280 286.149281 -123.861540
v -108.649876 293.858868 -114.018312
v -99.022347 300.922300 -103.924372
v -89.176861 307.324045 -93.601918
v -240.987282 15.631206 -229.809341
v -240.191814 31.228042 -229.051084
v -238.867977 46.756211 -227.789175
v -237.018682 62.181570 -226.026389
v -234.647995 77.470200 -223.766602
v -231.761130 92.588484 -221.014783
v -228.364434 107.503178 -217.776983
v -224.465377 122.181488 -214.060321
v -220.072530 136.591137 -209.872970
v -215.195555 150.700441 -205.224137
v -209.845174 164.478376 -200.124044
v -204.033153 177.894645 -194.583906
v -197.772271 190.919748 -188.615905
v -191.076294 203.525045 -182.233163
v -183.959948 215.682818 -175.449716
v -176.438879 227.366335 -168.280479
v -168.529625 238.549904 -160.741216
v -160.249577 249.208934 -152.848505
v -151.616943 259.319989 -144.619701
v -142.650705 268.860834 -136.072898
v -133.370577 277.810491 -127.226890
v -123.796965 286.149281 -118.101128
v -113.950921 293.858868 -108.715677
v -103.854095 300.922300 -99.091175
v -93.528688 307.324045 -89.248785
v -251.646999 15.631206 -218.079938
v -250.816359 31.228042 -217.360382
v -249.433988 46.756211 -216.162881
v -247.502926 62.181570 -214.490067
v -245.027419 77.470200 -212.345619
v -242.012911 92.588484 -209.734252
v -238.466030 107.503178 -206.661708
v -234.394574 122.181488 -203.134744
v -229.807498 136.591137 -199.161114
v -224.714886 150.700441 -194.749556
v -219.127937 164.478376 -189.909771
v -213.058936 177.894645 -184.652400
v -206.521228 190.919748 -178.989003
v -199.529188 203.525045 -172.932035
v -192.098191 215.682818 -166.494813
v -184.244576 227.366335 -159.691491
v -175.985613 238.549904 -152.537030
v -167.339462 249.208934 -145.047161
v -158.325135 259.319989 -137.238353
v -148.962452 268.860834 -129.127777
v -139.272002 277.810491 -120.733266
v -129.275091 286.149281 -112.073280
v -118.993703 293.858868 -103.166860
v -108.450444 300.922300 -94.033590
v -97.668497 307.324045 -84.693553
v -86.671571 313.050026 -75.167286
v -261.736646 15.631206 -205.856702
v -260.872714 31.228042 -205.177477
v -259.434940 46.756211 -204.047095
v -257.426484 62.181570 -202.468041
v -254.851763 77.470200 -200.443788
v -251.716437 92.588484 -197.978787
v -248.027402 107.503178 -195.078457
v -243.792769 122.181488 -191.749176
v -239.021849 136.591137 -187.998266
v -233.725133 150.700441 -183.833973
v -227.914268 164.478376 -179.265454
v -221.602030 177.894645 -174.302755
v -214.802300 190.919748 -168.956789
v -207.530030 203.525045 -163.239309
v -199.801209 215.682818 -157.162889
v -191.632834 227.366335 -150.740889
v -183.042864 238.549904 -143.987431
v -174.050188 249.208934 -136.917364
v -164.674579 259.319989 -129.546235
v -154.936654 268.860834 -121.890251
v -144.857825 277.810491 -113.966247
v -134.460253 286.149281 -105.791647
v -123.766802 293.858868 -97.384426
v -112.800985 300.922300 -88.763070
v -101.586914 307.324045 -79.946536
v -271.233374 15.631206 -193.167313
v -270.338109 31.228042 -192.529957
v -268.848187 46.756211 -191.469253
v -266.766885 62.181570 -189.987535
v -264.098779 77.470200 -188.088061
v -260.849736 92.588484 -185.775007
v -257.026901 107.503178 -183.053459
v -252.638679 122.181488 -179.929401
v -247.694720 136.591137 -176.409704
v -242.205893 150.700441 -172.502106
v -236.184270 164.478376 -168.215199
v -229.643090 177.894645 -163.558410
v -222.596736 190.919748 -158.541979
v -215.060702 203.525045 -153.176935
v -207.051560 215.682818 -147.475077
v -198.586920 227.366335 -141.448941
v -189.685395 238.549904 -135.111779
v -180.366557 249.208934 -128.477524
v -170.650899 259.319989 -121.560764
v -160.559783 268.860834 -114.376709
v -150.115397 277.810491 -106.941156
v -139.340709 286.149281 -99.270454
v -128.259410 293.858868 -91.381469
v -116.895866 300.922300 -83.291549
v -105.275064 307.324045 -75.018483
v -93.422557 313.050026 -66.580461
v -280.115680 15.631206 -180.040505
v -279.191107 31.228042 -179.446460
v -277.652412 46.756211 -178.457838
v -275.502977 62.181570 -177.076811
v -272.747528 77.470200 -175.306417
v -269.392126 92.588484 -173.150547
v -265.444147 107.503178 -170.613944
v -260.912274 122.181488 -167.702184
v -255.806470 136.591137 -164.421670
v -250.137963 150.700441 -160.779615
v -243.919217 164.478376 -156.784028
v -237.163906 177.894645 -152.443694
v -229.886884 190.919748 -147.768157
v -222.104153 203.525045 -142.767699
v -213.832825 215.682818 -137.453314
v -205.091089 227.366335 -131.836688
v -195.898165 238.549904 -125.930171
v -186.274269 249.208934 -119.746751
v -176.240560 259.319989 -113.300025
v -165.819104 268.860834 -106.604167
v -155.032814 277.810491 -99.673901
v -143.905408 286.149281 -92.524466
v -132.461354 293.858868 -85.171583
v -120.725815 300.922300 -77.631419
v -108.724598 307.324045 -69.920554
v -288.364889 15.631206 -166.503509
v -287.414532 31.228042 -165.951645
v -285.831958 46.756211 -165.034898
v -283.620639 62.181570 -163.755295
v -280.785433 77.470200 -162.115660
v -277.332566 92.588484 -160.119609
v -273.269626 107.503178 -157.771542
v -268.605540 122.181488 -155.076633
v -263.350558 136.591137 -152.040817
v -257.516229 150.700441 -148.670780
v -251.115377 164.478376 -144.973942
v -244.162069 177.894645 -140.958442
v -236.671591 190.919748 -136.633118
v -228.660407 203.525045 -132.007491
v -220.146128 215.682818 -127.091741
v -211.147470 227.366335 -121.896684
v -201.684216 238.549904 -116.433753
v -191.777170 249.208934 -110.714968
v -181.448111 259.319989 -104.752910
v -170.719748 268.860834 -98.560697
v -159.615667 277.810491 -92.151952
v -148.160280 286.149281 -85.540772
v -136.378774 293.858868 -78.741700
v -124.297050 300.922300 -71.769693
v -111.941673 307.324045 -64.640085
v -99.339806 313.050026 -57.368558
v -295.958006 15.631206 -152.594455
v -294.981162 31.228042 -152.090969
v -293.355474 46.756211 -151.253056
v -291.084518 62.181570 -150.082558
v -288.173287 77.470200 -148.582049
v -284.628183 92.588484 -146.754828
v -280.457001 107.503178 -144.604914
v -275.668912 122.181488 -142.137034
v -270.274446 136.591137 -139.356614
v -264.285463 150.700441 -136.269767
v -257.715133 164.478376 -132.883282
v -250.577902 177.894645 -129.204605
v -242.889466 190.919748 -125.241825
v -234.666729 203.525045 -121.003655
v -225.927772 215.682818 -116.499415
v -216.691811 227.366335 -111.739009
v -206.979154 238.549904 -106.732904
v -196.811159 249.208934 -101.492107
v -186.210183 259.319989 -96.028144
v -175.199537 268.860834 -90.353028
v -163.803431 277.810491 -84.479238
v -152.046924 286.149281 -78.419690
v -139.955867 293.858868 -72.187707
v -127.556846 300.922300 -65.796994
v -114.877126 307.324045 -59.261602
v -101.944586 313.050026 -52.595902
v -302.882152 15.631206 -138.337364
v -301.882461 31.228042 -137.880919
v -300.218753 46.756211 -137.121293
v -297.894684 62.181570 -136.060156
v -294.915366 77.470200 -134.699842
v -291.287350 92.588484 -133.043341
v -287.018613 107.503178 -131.094296
v -282.118541 122.181488 -128.856992
v -276.597910 136.591137 -126.336350
v -270.468858 150.700441 -123.537912
v -263.744862 164.478376 -120.467830
v -256.440707 177.894645 -117.132857
v -248.572455 190.919748 -113.540324
v -240.157406 203.525045 -109.698132
v -231.214064 215.682818 -105.614729
v -221.762094 227.366335 -101.299093
v -211.822280 238.549904 -96.760714
v -201.416478 249.208934 -92.009572
v -190.567569 259.319989 -87.056114
v -179.299408 268.860834 -81.911231
v -167.636772 277.810491 -76.586237
v -155.605307 286.149281 -71.092840
v -143.231466 293.858868 -65.443119
v -130.542459 300.922300 -59.649498
v -117.566188 307.324045 -53.724716
v -104.331185 313.050026 -47.681801
v -309.120208 15.631206 -123.767013
v -308.099935 31.228042 -123.358643
v -306.401972 46.756211 -122.679025
v -304.030054 62.181570 -121.729652
v -300.989395 77.470200 -120.512612
v -297.286682 92.588484 -119.030582
v -292.930056 107.503178 -117.286820
v -287.929098 122.181488 -115.285160
v -282.294803 136.591137 -113.030004
v -276.039561 150.700441 -110.526310
v -269.177126 164.478376 -107.779585
v -261.722587 177.894645 -104.795866
v -253.692337 190.919748 -101.581716
v -245.104031 203.525045 -98.144202
v -235.976556 215.682818 -94.490882
v -226.329981 227.366335 -90.629790
v -216.185518 238.549904 -86.569415
v -205.565472 249.208934 -82.318686
v -194.493196 259.319989 -77.886949
v -182.993037 268.860834 -73.283950
v -171.090281 277.810491 -68.519809
v -158.811101 286.149281 -63.605003
v -146.182497 293.858868 -58.550338
v -133.232238 300.922300 -53.366929
v -119.988800 307.324045 -48.066173
v -314.658048 15.631206 -108.916398
v -313.619503 31.228042 -108.557028
v -311.891131 46.756211 -107.958956
v -309.476734 62.181570 -107.123496
v -306.381620 77.470200 -106.052488
v -302.612595 92.588484 -104.748284
v -298.177946 107.503178 -103.213753
v -293.087426 122.181488 -101.452269
v -287.352226 136.591137 -99.467706
v -280.984958 150.700441 -97.264427
v -273.999623 164.478376 -94.847276
v -266.411581 177.894645 -92.221570
v -258.237516 190.919748 -89.393081
v -249.495403 203.525045 -86.368029
v -240.204463 215.682818 -83.153065
v -230.385127 227.366335 -79.755259
v -220.058986 238.549904 -76.182083
v -209.248745 249.208934 -72.441392
v -197.978175 259.319989 -68.541413
v -186.272059 268.860834 -64.490720
v -174.156136 277.810491 -60.298222
v -161.657048 286.149281 -55.973136
v -148.802278 293.858868 -51.524972
v -135.620092 300.922300 -46.963512
v -122.139477 307.324045 -42.298786
v -108.390073 313.050026 -37.541051
v -319.483133 15.631206 -93.819146
v -318.428667 31.228042 -93.509589
v -316.673800 46.756211 -92.994418
v -314.222391 62.181570 -92.274764
v -311.079831 77.470200 -91.352211
v -307.253028 92.588484 -90.228788
v -302.750399 107.503178 -88.906963
v -297.581843 122.181488 -87.389644
v -291.758725 136.591137 -85.680167
v -285.293851 150.700441 -83.782292
v -278.201434 164.478376 -81.700191
v -270.497071 177.894645 -79.438442
v -262.197702 190.919748 -77.002019
v -253.321576 203.525045 -74.396279
v -243.888211 215.682818 -71.626952
v -233.918349 227.366335 -68.700127
v -223.433913 238.549904 -65.622239
v -212.457957 249.208934 -62.400058
v -201.014615 259.319989 -59.040667
v -189.129050 268.860834 -55.551454
v -176.827396 277.810491 -51.940091
v -164.136703 286.149281 -48.214519
v -151.084875 293.858868 -44.382930
v -137.700613 300.922300 -40.453749
v -124.013347 307.324045 -36.435616
v -323.584535 15.631206 -78.509445
v -322.516536 31.228042 -78.250402
v -320.739148 46.756211 -77.819298
v -318.256279 62.181570 -77.217080
v -315.073388 77.470200 -76.445072
v -311.197474 92.588484 -75.504972
v -306.637059 107.503178 -74.398847
v -301.402172 122.181488 -73.129129
v -295.504323 136.591137 -71.698610
v -288.956481 150.700441 -70.110436
v -281.773043 164.478376 -68.368098
v -273.969805 177.894645 -66.475429
v -265.563925 190.919748 -64.436589
v -256.573887 203.525045 -62.256062
v -247.019458 215.682818 -59.938642
v -236.921647 227.366335 -57.489425
v -226.302658 238.549904 -54.913797
v -215.185841 249.208934 -52.217422
v -203.595640 259.319989 -49.406227
v -191.557540 268.860834 -46.486395
v -179.098011 277.810491 -43.464345
v -166.244451 286.149281 -40.346724
v -153.025121 293.858868 -37.140385
v -139.469091 300.922300 -33.852380
v -125.606168 307.324045 -30.489938
v -326.952967 15.631206 -63.021962
v -325.873854 31.228042 -62.814021
v -324.077970 46.756211 -62.467960
v -321.569262 62.181570 -61.984541
v -318.353249 77.470200 -61.364826
v -314.437000 92.588484 -60.610179
v -309.829127 107.503178 -59.722258
v -304.539763 122.181488 -58.703016
v -298.580538 136.591137 -57.554694
v -291.964555 150.700441 -56.279818
v -284.706363 164.478376 -54.881189
v -276.821920 177.894645 -53.361885
v -268.328564 190.919748 -51.725245
v -259.244971 203.525045 -49.974868
v -249.591113 215.682818 -48.114604
v -239.388220 227.366335 -46.148542
v -228.658724 238.549904 -44.081005
v -217.426219 249.208934 -41.916541
v -205.715404 259.319989 -39.659908
v -193.552029 268.860834 -37.316068
v -180.962840 277.810491 -34.890176
v -167.975519 286.149281 -32.387564
v -154.618622 293.858868 -29.813737
v -140.921521 300.922300 -27.174354
v -126.914333 307.324045 -24.475217
v -112.627857 313.050026 -21.722264
v -329.580802 15.631206 -47.391769
v -328.493019 31.228042 -47.235400
v -326.682704 46.756211 -46.975166
v -324.153840 62.181570 -46.611641
v -320.911986 77.470200 -46.145623
v -316.964270 92.588484 -45.578137
v -312.319374 107.503178 -44.910431
v -306.987511 122.181488 -44.143973
v -300.980404 136.591137 -43.280448
v -294.311262 150.700441 -42.321756
v -286.994751 164.478376 -41.270004
v -279.046958 177.894645 -40.127505
v -270.485359 190.919748 -38.896771
v -261.328780 203.525045 -37.580509
v -251.597354 215.682818 -36.181612
v -241.312481 227.366335 -34.703157
v -230.496775 238.549904 -33.148394
v -219.174019 249.208934 -31.520742
v -207.369108 259.319989 -29.823781
v -195.108002 268.860834 -28.061241
v -182.417660 277.810491 -26.236999
v -169.325987 286.149281 -24.355065
v -155.861770 293.858868 -22.419577
v -142.054614 300.922300 -20.434792
v -127.934879 307.324045 -18.405074
v -331.462089 15.631206 -31.654259
v -330.368098 31.228042 -31.549816
v -328.547454 46.756211 -31.375999
v -326.004159 62.181570 -31.133190
v -322.743805 77.470200 -30.821924
v -318.773562 92.588484 -30.442885
v -314.102161 107.503178 -29.996906
v -308.739871 122.181488 -29.484967
v -302.698486 136.591137 -28.908196
v -295.991288 150.700441 -28.267859
v -288.633025 164.478376 -27.565365
v -280.639879 177.894645 -26.802259
v -272.029424 190.919748 -25.980218
v -262.820594 203.525045 -25.101050
v -253.033637 215.682818 -24.166689
v -242.690075 227.366335 -23.179188
v -231.812650 238.549904 -22.140719
v -220.425281 249.208934 -21.053566
v -208.553008 259.319989 -19.920119
v -196.221935 268.860834 -18.742871
v -183.459177 277.810491 -17.524409
v -170.292798 286.149281 -16.267414
v -156.751748 293.858868 -14.974649
v -142.865803 300.922300 -13.648957
v -128.665496 307.324045 -12.293252
v -114.182051 313.050026 -10.910517
v -332.592568 15.631206 -15.845070
v -331.494847 31.228042 -15.792789
v -329.667995 46.756211 -15.705782
v -327.116028 62.181570 -15.584240
v -323.844559 77.470200 -15.428431
v -319.860779 92.588484 -15.238696
v -315.173450 107.503178 -15.015454
v -309.792878 122.181488 -14.759194
v -303.730893 136.591137 -14.470482
v -297.000827 150.700441 -14.149950
v -289.617476 164.478376 -13.798305
v -281.597077 177.894645 -13.416320
v -272.957264 190.919748 -13.004833
v -263.717036 203.525045 -12.564751
v -253.896710 215.682818 -12.097041
v -243.517881 227.366335 -11.602731
v -232.603369 238.549904 -11.082908
v -221.177174 249.208934 -10.538715
v -209.264422 259.319989 -9.971350
v -196.891305 268.860834 -9.382058
v -184.085032 277.810491 -8.772137
v -170.873761 286.149281 -8.142927
v -157.286543 293.858868 -7.495811
v -143.353253 300.922300 -6.832214
v -129.104529 307.324045 -6.153593
v -114.571702 313.050026 -5.461442
v 0.000000 385.000000 -99.999900
v -99.899950 385.000000 0.000000
v -99.519904 385.000000 -8.710035
v -98.382655 385.000000 -17.353867
v -96.496847 385.000000 -25.865792
v -93.876813 385.000000 -34.181114
v -90.542469 385.000000 -42.236628
v -86.519159 385.000000 -49.971105
v -81.837463 385.000000 -57.325755
v -76.532967 385.000000 -64.244676
v -70.645989 385.000000 -70.675279
v -64.221277 385.000000 -76.568684
v -57.307664 385.000000 -81.880096
v -49.957699 385.000000 -86.569144
v -42.227250 385.000000 -90.600187
v -34.175074 385.000000 -93.942585
v -25.862376 385.000000 -96.570933
v -17.352341 385.000000 -98.465252
v -8.709651 385.000000 -99.611144
v 0.000000 400.000000 -84.999882
v -0.000000 399.711800 -87.926100
v -0.000000 398.858413 -90.739610
v -0.000000 397.472273 -93.333091
v -0.000000 395.607394 -95.605705
v 0.000000 393.333914 -97.471693
v 0.000000 390.740774 -98.857875
v 0.000000 387.926497 -99.711644
v -99.611749 387.926216 -0.000000
v -98.758360 390.739725 -0.000000
v -97.372218 393.333203 -0.000000
v -95.507337 395.605814 -0.000000
v -93.233855 397.471799 -0.000000
v -90.640715 398.857978 -0.000000
v -87.826437 399.711745 -0.000000
v -84.899941 400.000000 0.000000
v -84.537889 400.000000 -7.836948
v -83.454817 400.000000 -15.607134
v -81.659951 400.000000 -23.244364
v -79.168581 400.000000 -30.683579
v -76.001933 400.000000 -37.861403
v -72.186980 400.000000 -44.716691
v -67.756224 400.000000 -51.191043
v -62.747408 400.000000 -57.229304
v -57.203203 400.000000 -62.780036
v -51.170839 400.000000 -67.795952
v -44.701704 400.000000 -72.234322
v -37.850909 400.000000 -76.057337
v -30.676815 400.000000 -79.232428
v -23.240536 400.000000 -81.732548
v -15.605423 400.000000 -83.536397
v -7.836516 400.000000 -84.628610
v -10.551376 399.711779 -87.278760
v -24.340795 386.439075 -96.894725
v -37.647719 399.711779 -79.411230
v -48.769777 386.439075 -87.164702
v -66.212362 399.711779 -57.738239
v -79.316596 399.711779 -37.736428
v -87.064702 386.439075 -48.869777
v -87.187095 399.711779 -10.582852
v -96.808012 386.439075 -24.388060
v -5.945231 386.439075 -99.746656
v -5.932047 387.926356 -99.529108
v -5.909797 389.383829 -99.161981
v -5.880409 390.740253 -98.677084
v -5.843166 392.042892 -98.062577
v -5.796554 393.333555 -97.293473
v -5.742257 394.539333 -96.397562
v -5.683704 395.606603 -95.431445
v -5.619140 396.574492 -94.366129
v -5.546196 397.472046 -93.162558
v -5.468118 398.242560 -91.874259
v -5.389315 398.858194 -90.574005
v -5.307258 399.343979 -89.220065
v -5.219089 399.711779 -87.765261
v -12.005463 386.439075 -99.193740
v -11.979061 387.926356 -98.977397
v -11.934506 389.383829 -98.612305
v -11.875657 390.740253 -98.130097
v -11.801080 392.042892 -97.518996
v -11.707739 393.333555 -96.754155
v -11.599010 394.539333 -95.863210
v -11.481760 395.606603 -94.902449
v -11.352471 396.574492 -93.843038
v -11.206403 397.472046 -92.646139
v -11.050052 398.242560 -91.364980
v -10.892251 398.858194 -90.071934
v -10.727934 399.343979 -88.725499
v -18.149116 386.439075 -98.249224
v -18.109314 387.926356 -98.034941
v -18.042147 389.383829 -97.673326
v -17.953432 390.740253 -97.195709
v -17.841006 392.042892 -96.590427
v -17.700294 393.333555 -95.832868
v -17.536383 394.539333 -94.950407
v -17.359628 395.606603 -93.998795
v -17.164723 396.574492 -92.949471
v -16.944524 397.472046 -91.763969
v -16.708824 398.242560 -90.495010
v -16.470936 398.858194 -89.214276
v -16.223227 399.343979 -87.880661
v -15.957064 399.711779 -86.447697
v -30.541601 386.439075 -95.115890
v -30.474771 387.926356 -94.908441
v -30.361992 389.383829 -94.558358
v -30.213035 390.740253 -94.095973
v -30.024262 392.042892 -93.509994
v -29.787997 393.333555 -92.776596
v -29.512778 394.539333 -91.922278
v -29.215993 395.606603 -91.001014
v -28.888734 396.574492 -89.985155
v -28.519004 397.472046 -88.837461
v -28.123246 398.242560 -87.608971
v -27.723815 398.858194 -86.369082
v -27.307893 399.343979 -85.077998
v -26.860985 399.711779 -83.690734
v -21.405009 399.711779 -85.255899
v -21.761478 399.343979 -86.669107
v -22.093232 398.858194 -87.984336
v -22.411832 398.242560 -89.247413
v -22.727502 397.472046 -90.498878
v -23.022411 396.574492 -91.668037
v -23.283445 395.606603 -92.702894
v -23.520171 394.539333 -93.641387
v -23.739695 393.333555 -94.511682
v -23.928147 392.042892 -95.258797
v -24.078719 390.740253 -95.855734
v -24.197533 389.383829 -96.326766
v -24.287489 387.926356 -96.683397
v -36.709674 386.439075 -92.903112
v -36.629391 387.926356 -92.700489
v -36.493910 389.383829 -92.358550
v -36.314968 390.740253 -91.906922
v -36.088195 392.042892 -91.334576
v -35.804371 393.333555 -90.618239
v -35.473752 394.539333 -89.783796
v -35.117224 395.606603 -88.883964
v -34.724089 396.574492 -87.891739
v -34.279933 397.472046 -86.770744
v -33.804510 398.242560 -85.570834
v -33.324675 398.858194 -84.359789
v -32.825028 399.343979 -83.098742
v -32.288159 399.711779 -81.743751
v -42.800901 386.439075 -90.252163
v -42.707334 387.926356 -90.055322
v -42.549433 389.383829 -89.723140
v -42.340879 390.740253 -89.284399
v -42.076581 392.042892 -88.728385
v -41.745790 393.333555 -88.032488
v -41.360460 394.539333 -87.221856
v -40.944935 395.606603 -86.347700
v -40.486744 396.574492 -85.383787
v -39.969090 397.472046 -84.294780
v -39.414993 398.242560 -83.129108
v -38.855756 398.858194 -81.952621
v -38.273428 399.343979 -80.727557
v -54.582494 386.439075 -83.640691
v -54.463231 387.926356 -83.458269
v -54.261966 389.383829 -83.150422
v -53.996139 390.740253 -82.743821
v -53.659258 392.042892 -82.228537
v -53.237625 393.333555 -81.583619
v -52.746474 394.539333 -80.832370
v -52.216835 395.606603 -80.022251
v -51.632814 396.574492 -79.128950
v -50.973000 397.472046 -78.119719
v -50.266737 398.242560 -77.039439
v -49.553920 398.858194 -75.949136
v -48.811671 399.343979 -74.813815
v -48.014127 399.711779 -73.593916
v -42.899624 399.711779 -76.694629
v -43.612389 399.343979 -77.965925
v -44.275737 398.858194 -79.149080
v -44.912782 398.242560 -80.285321
v -45.543970 397.472046 -81.411116
v -46.133646 396.574492 -82.462869
v -46.655586 395.606603 -83.393808
v -47.128925 394.539333 -84.238059
v -47.567866 393.333555 -85.020960
v -47.944680 392.042892 -85.693050
v -48.245751 390.740253 -86.230044
v -48.483321 389.383829 -86.653776
v -48.663191 387.926356 -86.974594
v -60.180379 386.439075 -79.700791
v -60.048633 387.926356 -79.527170
v -59.826493 389.383829 -79.234030
v -59.533184 390.740253 -78.846785
v -59.161551 392.042892 -78.355975
v -58.696495 393.333555 -77.741632
v -58.154811 394.539333 -77.025962
v -57.570707 395.606603 -76.254191
v -56.926659 396.574492 -75.403150
v -56.199070 397.472046 -74.441632
v -55.420284 398.242560 -73.412406
v -54.634282 398.858194 -72.373623
v -53.815844 399.343979 -71.291936
v -52.936461 399.711779 -70.129648
v -65.520455 386.439075 -75.365086
v -65.377336 387.926356 -75.200714
v -65.135814 389.383829 -74.923325
v -64.816814 390.740253 -74.556954
v -64.412547 392.042892 -74.092654
v -63.906576 393.333555 -73.511546
v -63.317182 394.539333 -72.834627
v -62.681602 395.606603 -72.104663
v -61.980761 396.574492 -71.299748
v -61.188966 397.472046 -70.390372
v -60.341431 398.242560 -69.416977
v -59.486032 398.858194 -68.434551
v -58.595313 399.343979 -67.411561
v -57.638239 399.711779 -66.312362
v -75.265086 386.439075 -65.620455
v -75.100714 387.926356 -65.477336
v -74.823325 389.383829 -65.235814
v -74.456954 390.740253 -64.916814
v -73.992654 392.042892 -64.512547
v -73.411546 393.333555 -64.006576
v -72.734627 394.539333 -63.417182
v -72.004663 395.606603 -62.781602
v -71.199748 396.574492 -62.080761
v -70.290372 397.472046 -61.288966
v -69.316977 398.242560 -60.441431
v -68.334551 398.858194 -59.586032
v -67.311561 399.343979 -58.695313
v -62.077166 399.711779 -62.169395
v -63.109795 399.343979 -63.197944
v -64.071027 398.858194 -64.154986
v -64.994281 398.242560 -65.073942
v -65.909123 397.472046 -65.984374
v -66.763986 396.574492 -66.834739
v -67.520937 395.606603 -67.587135
v -68.207643 394.539333 -68.269230
v -68.844641 393.333555 -68.901564
v -69.391818 392.042892 -69.444059
v -69.829471 390.740253 -69.877044
v -70.175297 389.383829 -70.218222
v -70.437680 387.926356 -70.475986
v -70.594066 386.439075 -70.627822
v -79.600583 386.439075 -60.280654
v -79.426756 387.926356 -60.149181
v -79.133410 389.383829 -59.927313
v -78.745963 390.740253 -59.634271
v -78.254953 392.042892 -59.262902
v -77.640416 393.333555 -58.798103
v -76.924556 394.539333 -58.256670
v -76.152600 395.606603 -57.672810
v -75.301380 396.574492 -57.028999
v -74.339691 397.472046 -56.301636
v -73.310301 398.242560 -55.523068
v -72.271359 398.858194 -54.737276
v -71.189520 399.343979 -53.919039
v -70.027087 399.711779 -53.039846
v -83.540691 386.439075 -54.682494
v -83.358269 387.926356 -54.563231
v -83.050422 389.383829 -54.361966
v -82.643821 390.740253 -54.096139
v -82.128537 392.042892 -53.759258
v -81.483619 393.333555 -53.337625
v -80.732370 394.539333 -52.846474
v -79.922251 395.606603 -52.316835
v -79.028950 396.574492 -51.732814
v -78.019719 397.472046 -51.073000
v -76.939439 398.242560 -50.366737
v -75.849136 398.858194 -49.653920
v -74.713815 399.343979 -48.911671
v -73.493916 399.711779 -48.114127
v -86.874594 387.926356 -48.763191
v -86.553776 389.383829 -48.583321
v -86.130044 390.740253 -48.345751
v -85.593050 392.042892 -48.044680
v -84.920960 393.333555 -47.667866
v -84.138059 394.539333 -47.228925
v -83.293808 395.606603 -46.755586
v -82.362869 396.574492 -46.233646
v -81.311116 397.472046 -45.643970
v -80.185321 398.242560 -45.012782
v -79.049080 398.858194 -44.375737
v -77.865925 399.343979 -43.712389
v -76.594629 399.711779 -42.999624
v -92.813444 386.439075 -36.783585
v -92.610799 387.926356 -36.703360
v -92.268822 389.383829 -36.567974
v -91.817144 390.740253 -36.389159
v -91.244734 392.042892 -36.162547
v -90.528318 393.333555 -35.878924
v -89.693782 394.539333 -35.548539
v -88.793850 395.606603 -35.192264
v -87.801514 396.574492 -34.799408
v -86.680394 397.472046 -34.355567
v -85.480350 398.242560 -33.880480
v -84.269172 398.858194 -33.400986
v -83.007984 399.343979 -32.901693
v -81.652842 399.711779 -32.365205
v -80.633012 399.343979 -38.361950
v -81.858159 398.858194 -38.944104
v -83.034726 398.242560 -39.503174
v -84.200476 397.472046 -40.057104
v -85.289557 396.574492 -40.574603
v -86.253535 395.606603 -41.032657
v -87.127750 394.539333 -41.448058
v -87.938437 393.333555 -41.833273
v -88.634381 392.042892 -42.163965
v -89.190433 390.740253 -42.428184
v -89.629204 389.383829 -42.636675
v -89.961408 387.926356 -42.794529
v -90.158262 386.439075 -42.888068
v -95.028599 386.439075 -30.602122
v -94.821123 387.926356 -30.535378
v -94.470993 389.383829 -30.422744
v -94.008546 390.740253 -30.273978
v -93.422489 392.042892 -30.085449
v -92.688993 393.333555 -29.849489
v -91.834561 394.539333 -29.574624
v -90.913173 395.606603 -29.278221
v -89.897179 396.574492 -28.951384
v -88.749331 397.472046 -28.582130
v -87.520677 398.242560 -28.186882
v -86.280622 398.858194 -27.787966
v -84.989366 399.343979 -27.372579
v -83.601917 399.711779 -26.926248
v -96.596655 387.926356 -24.334870
v -96.239975 389.383829 -24.245107
v -95.768878 390.740253 -24.126550
v -95.171859 392.042892 -23.976303
v -94.424642 393.333555 -23.788257
v -93.554228 394.539333 -23.569207
v -92.615606 395.606603 -23.332991
v -91.580607 396.574492 -23.072521
v -90.411288 397.472046 -22.778248
v -89.159651 398.242560 -22.463259
v -87.896401 398.858194 -22.145347
v -86.580992 399.343979 -21.814308
v -85.167589 399.711779 -21.458609
v -99.103213 386.439075 -12.027585
v -98.886850 387.926356 -12.001352
v -98.521723 389.383829 -11.957084
v -98.039468 390.740253 -11.898614
v -97.428309 392.042892 -11.824516
v -96.663395 393.333555 -11.731776
v -95.772365 394.539333 -11.623746
v -94.811512 395.606603 -11.507251
v -93.752000 396.574492 -11.378793
v -92.554987 397.472046 -11.233665
v -91.273706 398.242560 -11.078320
v -89.980537 398.858194 -10.921534
v -88.633973 399.343979 -10.758274
v -86.358400 399.711779 -15.999337
v -87.791541 399.343979 -16.264544
v -89.125321 398.858194 -16.511363
v -90.406213 398.242560 -16.748395
v -91.675330 397.472046 -16.983248
v -92.860979 396.574492 -17.202655
v -93.910432 395.606603 -17.396859
v -94.862162 394.539333 -17.572979
v -95.744733 393.333555 -17.736301
v -96.502385 392.042892 -17.876506
v -97.107742 390.740253 -17.988529
v -97.585418 389.383829 -18.076924
v -97.947078 387.926356 -18.143851
v -98.161387 386.439075 -18.183509
v -99.652032 386.439075 -5.955863
v -99.434472 387.926356 -5.942874
v -99.067325 389.383829 -5.920953
v -98.582402 390.740253 -5.891999
v -97.967862 392.042892 -5.855307
v -97.198716 393.333555 -5.809384
v -96.302757 394.539333 -5.755889
v -95.336589 395.606603 -5.698203
v -94.271215 396.574492 -5.634593
v -93.067580 397.472046 -5.562728
v -91.779210 398.242560 -5.485803
v -90.478887 398.858194 -5.408165
v -89.124873 399.343979 -5.327322
v -87.669991 399.711779 -5.240455
v 0.000000 400.000000 0.000000
v 0.000000 0.000000 0.000000
vt -42.219731 2.371244 0.000000
vt -42.219731 0.026882 0.000000
vt -40.656037 1.287376 0.000000
vt -40.656038 0.023416 0.000000
vt -39.092343 1.287376 0.000000
vt -39.092344 0.020782 0.000000
vt -37.528650 1.287376 0.000000
vt -37.528651 0.018718 0.000000
vt -35.964956 1.287376 0.000000
vt -35.964957 0.017061 0.000000
vt -34.401262 1.287376 0.000000
vt -34.401264 0.015705 0.000000
vt -32.837568 1.287376 0.000000
vt -32.837570 0.014578 0.000000
vt -31.273875 1.287376 0.000000
vt -31.273876 0.013631 0.000000
vt -29.710181 1.287376 0.000000
vt -29.710182 0.012825 0.000000
vt -28.146487 1.287376 0.000000
vt -28.146489 0.012135 0.000000
vt -26.582793 1.287376 0.000000
vt -26.582795 0.011539 0.000000
vt -25.019100 1.287376 0.000000
vt -25.019101 0.011022 0.000000
vt -23.455406 1.287376 0.000000
vt -23.455407 0.010571 0.000000
vt -21.891712 1.287376 0.000000
vt -21.891714 0.010178 0.000000
vt -20.328019 1.287376 0.000000
vt -20.328020 0.009834 0.000000
vt -18.764325 1.287376 0.000000
vt -18.764326 0.009532 0.000000
vt -17.200631 1.287376 0.000000
vt -17.200632 0.009268 0.000000
vt -15.636937 1.287376 0.000000
vt -15.636938 0.009038 0.000000
vt -14.073244 1.287376 0.000000
vt -14.073245 0.008838 0.000000
vt -12.509550 1.287376 0.000000
vt -12.509551 0.008665 0.000000
vt -10.945856 1.287376 0.000000
vt -10.945857 0.008517 0.000000
vt -9.382162 1.287376 0.000000
vt -9.382163 0.008392 0.000000
vt -7.818469 1.287376 0.000000
vt -7.818469 0.008289 0.000000
vt -6.254775 1.287376 0.000000
vt -6.254775 0.008206 0.000000
vt -4.691081 1.287376 0.000000
vt -4.691082 0.008142 0.000000
vt -3.127387 1.287376 0.000000
vt -3.127388 0.008098 0.000000
vt -1.563694 1.287376 0.000000
vt -1.563694 0.008071 0.000000
vt -0.000000 1.287376 0.000000
vt -0.000000 0.008062 0.000000
vt -1.563694 2.566689 0.000000
vt -0.000000 2.566689 0.000000
vt -1.563694 3.846003 0.000000
vt -0.000000 3.846003 0.000000
vt -1.563694 5.125317 0.000000
vt -0.000000 5.125317 0.000000
vt -1.563694 6.404630 0.000000
vt -0.000000 6.404630 0.000000
vt -1.563694 7.683944 0.000000
vt -0.000000 7.683944 0.000000
vt -1.563694 8.963257 0.000000
vt -0.000000 8.963257 0.000000
vt -1.563694 10.242571 0.000000
vt -0.000000 10.242571 0.000000
vt -1.563694 11.521885 0.000000
vt -0.000000 11.521885 0.000000
vt -1.563694 12.801198 0.000000
vt -0.000000 12.801198 0.000000
vt -0.000000 14.080512 0.000000
vt -1.563694 14.080977 0.000000
vt -0.000000 15.359826 0.000000
vt -1.563694 15.359826 0.000000
vt -1.563694 16.639139 0.000000
vt -3.127387 16.639139 0.000000
vt -3.127387 17.918453 0.000000
vt -4.691081 17.918453 0.000000
vt -4.691081 19.197767 0.000000
vt -6.254775 19.197767 0.000000
vt -6.254775 20.477080 0.000000
vt -7.818469 20.477080 0.000000
vt -7.818469 21.756394 0.000000
vt -9.382162 21.756394 0.000000
vt -9.382162 23.035708 0.000000
vt -10.945856 23.035708 0.000000
vt -10.945856 24.315021 0.000000
vt -12.509550 24.315021 0.000000
vt -12.509550 25.594335 0.000000
vt -14.073244 25.594335 0.000000
vt -14.073244 26.873648 0.000000
vt -15.636937 26.873648 0.000000
vt -14.073244 28.155053 0.000000
vt -15.636937 28.155285 0.000000
vt -14.073244 29.432276 0.000000
vt -15.636937 29.432276 0.000000
vt -15.636937 30.711589 0.000000
vt -17.200631 30.711589 0.000000
vt -17.200631 31.990903 0.000000
vt -18.764325 31.990903 0.000000
vt -18.764325 33.270217 0.000000
vt -20.328019 33.270217 0.000000
vt -20.328019 34.549530 0.000000
vt -21.891712 34.549530 0.000000
vt -21.891712 35.828844 0.000000
vt -23.455406 35.828844 0.000000
vt -23.455406 37.108158 0.000000
vt -25.019100 37.108158 0.000000
vt -25.019100 38.387471 0.000000
vt -26.582793 38.387471 0.000000
vt -26.582793 39.666785 0.000000
vt -28.146487 39.666785 0.000000
vt -28.146487 40.946099 0.000000
vt -29.710181 40.946099 0.000000
vt -29.710181 42.225412 0.000000
vt -31.273875 42.225412 0.000000
vt -0.000000 16.639139 0.000000
vt -1.563694 17.918453 0.000000
vt -3.127387 19.197767 0.000000
vt -4.691081 20.477080 0.000000
vt -6.254775 21.756394 0.000000
vt -7.818469 23.035708 0.000000
vt -9.382162 24.315021 0.000000
vt -10.945856 25.594335 0.000000
vt -12.509550 26.873648 0.000000
vt -12.509550 28.154821 0.000000
vt -12.509550 29.432276 0.000000
vt -14.073244 30.711589 0.000000
vt -15.636937 31.990903 0.000000
vt -17.200631 33.270217 0.000000
vt -18.764325 34.549530 0.000000
vt -20.328019 35.828844 0.000000
vt -21.891712 37.108158 0.000000
vt -23.455406 38.387471 0.000000
vt -25.019100 39.666785 0.000000
vt -26.582793 40.946099 0.000000
vt -28.146487 42.225412 0.000000
vt -0.000000 17.918453 0.000000
vt -1.563694 19.197767 0.000000
vt -3.127387 20.477080 0.000000
vt -4.691081 21.756394 0.000000
vt -6.254775 23.035708 0.000000
vt -7.818469 24.315021 0.000000
vt -9.382162 25.594335 0.000000
vt -10.945856 26.873648 0.000000
vt -10.945856 28.154588 0.000000
vt -10.945856 29.432276 0.000000
vt -12.509550 30.711589 0.000000
vt -14.073244 31.990903 0.000000
vt -15.636937 33.270217 0.000000
vt -17.200631 34.549530 0.000000
vt -18.764325 35.828844 0.000000
vt -20.328019 37.108158 0.000000
vt -21.891712 38.387471 0.000000
vt -23.455406 39.666785 0.000000
vt -25.019100 40.946099 0.000000
vt -26.582793 42.225412 0.000000
vt -0.000000 19.197767 0.000000
vt -1.563694 20.477080 0.000000
vt -3.127387 21.756394 0.000000
vt -4.691081 23.035708 0.000000
vt -6.254775 24.315021 0.000000
vt -7.818469 25.594335 0.000000
vt -9.382162 26.873648 0.000000
vt -9.382162 28.154356 0.000000
vt -9.382162 29.432276 0.000000
vt -10.945856 30.711589 0.000000
vt -12.509550 31.990903 0.000000
vt -14.073244 33.270217 0.000000
vt -15.636937 34.549530 0.000000
vt -17.200631 35.828844 0.000000
vt -18.764325 37.108158 0.000000
vt -20.328019 38.387471 0.000000
vt -21.891712 39.666785 0.000000
vt -23.455406 40.946099 0.000000
vt -25.019100 42.225412 0.000000
vt -0.000000 20.477080 0.000000
vt -1.563694 21.756394 0.000000
vt -3.127387 23.035708 0.000000
vt -4.691081 24.315021 0.000000
vt -6.254775 25.594335 0.000000
vt -7.818469 26.873648 0.000000
vt -7.818469 28.154124 0.000000
vt -7.818469 29.432276 0.000000
vt -9.382162 30.711589 0.000000
vt -10.945856 31.990903 0.000000
vt -12.509550 33.270217 0.000000
vt -14.073244 34.549530 0.000000
vt -15.636937 35.828844 0.000000
vt -17.200631 37.108158 0.000000
vt -18.764325 38.387471 0.000000
vt -20.328019 39.666785 0.000000
vt -21.891712 40.946099 0.000000
vt -23.455406 42.225412 0.000000
vt -0.000000 21.756394 0.000000
vt -1.563694 23.035708 0.000000
vt -3.127387 24.315021 0.000000
vt -4.691081 25.594335 0.000000
vt -6.254775 26.873648 0.000000
vt -6.254775 28.153891 0.000000
vt -6.254775 29.432276 0.000000
vt -7.818469 30.711589 0.000000
vt -9.382162 31.990903 0.000000
vt -10.945856 33.270217 0.000000
vt -12.509550 34.549530 0.000000
vt -14.073244 35.828844 0.000000
vt -15.636937 37.108158 0.000000
vt -17.200631 38.387471 0.000000
vt -18.764325 39.666785 0.000000
vt -20.328019 40.946099 0.000000
vt -21.891712 42.225412 0.000000
vt -0.000000 23.035708 0.000000
vt -1.563694 24.315021 0.000000
vt -3.127387 25.594335 0.000000
vt -4.691081 26.873648 0.000000
vt -4.691081 28.153659 0.000000
vt -4.691081 29.432276 0.000000
vt -6.254775 30.711589 0.000000
vt -7.818469 31.990903 0.000000
vt -9.382162 33.270217 0.000000
vt -10.945856 34.549530 0.000000
vt -12.509550 35.828844 0.000000
vt -14.073244 37.108158 0.000000
vt -15.636937 38.387471 0.000000
vt -17.200631 39.666785 0.000000
vt -18.764325 40.946099 0.000000
vt -20.328019 42.225412 0.000000
vt -0.000000 24.315021 0.000000
vt -1.563694 25.594335 0.000000
vt -3.127387 26.873648 0.000000
vt -3.127387 28.153427 0.000000
vt -3.127387 29.432276 0.000000
vt -4.691081 30.711589 0.000000
vt -6.254775 31.990903 0.000000
vt -7.818469 33.270217 0.000000
vt -9.382162 34.549530 0.000000
vt -10.945856 35.828844 0.000000
vt -12.509550 37.108158 0.000000
vt -14.073244 38.387471 0.000000
vt -15.636937 39.666785 0.000000
vt -17.200631 40.946099 0.000000
vt -18.764325 42.225412 0.000000
vt -0.000000 25.594335 0.000000
vt -1.563694 26.873648 0.000000
vt -1.563694 28.153194 0.000000
vt -1.563694 29.432276 0.000000
vt -3.127387 30.711589 0.000000
vt -4.691081 31.990903 0.000000
vt -6.254775 33.270217 0.000000
vt -7.818469 34.549530 0.000000
vt -9.382162 35.828844 0.000000
vt -10.945856 37.108158 0.000000
vt -12.509550 38.387471 0.000000
vt -14.073244 39.666785 0.000000
vt -15.636937 40.946099 0.000000
vt -17.200631 42.225412 0.000000
vt -0.000000 26.873648 0.000000
vt -0.000000 28.152962 0.000000
vt -0.000000 29.432276 0.000000
vt -1.563694 30.711589 0.000000
vt -3.127387 31.990903 0.000000
vt -4.691081 33.270217 0.000000
vt -6.254775 34.549530 0.000000
vt -7.818469 35.828844 0.000000
vt -9.382162 37.108158 0.000000
vt -10.945856 38.387471 0.000000
vt -12.509550 39.666785 0.000000
vt -14.073244 40.946099 0.000000
vt -15.636937 42.225412 0.000000
vt -0.000000 30.711589 0.000000
vt -1.563694 31.990903 0.000000
vt -3.127387 33.270217 0.000000
vt -4.691081 34.549530 0.000000
vt -6.254775 35.828844 0.000000
vt -7.818469 37.108158 0.000000
vt -9.382162 38.387471 0.000000
vt -10.945856 39.666785 0.000000
vt -12.509550 40.946099 0.000000
vt -14.073244 42.225412 0.000000
vt -0.000000 31.990903 0.000000
vt -1.563694 33.270217 0.000000
vt -3.127387 34.549530 0.000000
vt -4.691081 35.828844 0.000000
vt -6.254775 37.108158 0.000000
vt -7.818469 38.387471 0.000000
vt -9.382162 39.666785 0.000000
vt -10.945856 40.946099 0.000000
vt -12.509550 42.225412 0.000000
vt -0.000000 33.270217 0.000000
vt -1.563694 34.549530 0.000000
vt -3.127387 35.828844 0.000000
vt -4.691081 37.108158 0.000000
vt -6.254775 38.387471 0.000000
vt -7.818469 39.666785 0.000000
vt -9.382162 40.946099 0.000000
vt -10.945856 42.225412 0.000000
vt -0.000000 34.549530 0.000000
vt -1.563694 35.828844 0.000000
vt -3.127387 37.108158 0.000000
vt -4.691081 38.387471 0.000000
vt -6.254775 39.666785 0.000000
vt -7.818469 40.946099 0.000000
vt -9.382162 42.225412 0.000000
vt -0.000000 35.828844 0.000000
vt -1.563694 37.108158 0.000000
vt -3.127387 38.387471 0.000000
vt -4.691081 39.666785 0.000000
vt -6.254775 40.946099 0.000000
vt -7.818469 42.225412 0.000000
vt -0.000000 37.108158 0.000000
vt -1.563694 38.387471 0.000000
vt -3.127387 39.666785 0.000000
vt -4.691081 40.946099 0.000000
vt -6.254775 42.225412 0.000000
vt -0.000000 38.387471 0.000000
vt -1.563694 39.666785 0.000000
vt -3.127387 40.946099 0.000000
vt -4.691081 42.225412 0.000000
vt -0.000000 39.666785 0.000000
vt -1.563694 40.946099 0.000000
vt -3.127387 42.225412 0.000000
vt -0.000000 40.946099 0.000000
vt -1.563694 42.225412 0.000000
vt -0.000000 42.225412 0.000000
vt -31.273875 40.946099 0.000000
vt -32.837568 42.225412 0.000000
vt -32.837568 40.946099 0.000000
vt -34.401262 42.225412 0.000000
vt -34.401262 40.946099 0.000000
vt -35.964956 42.225412 0.000000
vt -35.964956 40.946099 0.000000
vt -37.528650 42.225412 0.000000
vt -37.528650 40.946099 0.000000
vt -39.092343 42.225412 0.000000
vt -39.092343 40.946099 0.000000
vt -40.656037 42.225412 0.000000
vt -40.656037 40.946099 0.000000
vt -42.219731 42.225412 0.000000
vt -42.219731 39.881049 0.000000
vt -42.219731 37.536687 0.000000
vt -40.656037 38.387471 0.000000
vt -40.656037 39.666785 0.000000
vt -39.092343 39.666785 0.000000
vt -37.528650 39.666785 0.000000
vt -35.964956 39.666785 0.000000
vt -34.401262 39.666785 0.000000
vt -32.837568 39.666785 0.000000
vt -31.273875 39.666785 0.000000
vt -29.710181 39.666785 0.000000
vt -42.219731 35.192324 0.000000
vt -40.656037 35.828844 0.000000
vt -40.656037 37.108158 0.000000
vt -39.092343 37.108158 0.000000
vt -39.092343 38.387471 0.000000
vt -37.528650 37.108158 0.000000
vt -37.528650 38.387471 0.000000
vt -35.964956 37.108158 0.000000
vt -35.964956 38.387471 0.000000
vt -34.401262 37.108158 0.000000
vt -34.401262 38.387471 0.000000
vt -32.837568 37.108158 0.000000
vt -32.837568 38.387471 0.000000
vt -31.273875 37.108158 0.000000
vt -31.273875 38.387471 0.000000
vt -29.710181 37.108158 0.000000
vt -29.710181 38.387471 0.000000
vt -28.146487 37.108158 0.000000
vt -28.146487 38.387471 0.000000
vt -26.582793 37.108158 0.000000
vt -40.656037 34.549530 0.000000
vt -42.219731 32.847961 0.000000
vt -40.656037 33.270217 0.000000
vt -40.656037 31.990903 0.000000
vt -39.092343 31.990903 0.000000
vt -39.092343 30.711589 0.000000
vt -37.528650 30.711589 0.000000
vt -37.528650 29.432276 0.000000
vt -35.964956 29.432276 0.000000
vt -37.528650 28.158538 0.000000
vt -35.964956 28.158306 0.000000
vt -37.528650 26.873648 0.000000
vt -35.964956 26.873648 0.000000
vt -35.964956 25.594335 0.000000
vt -34.401262 25.594335 0.000000
vt -34.401262 24.315021 0.000000
vt -32.837568 24.315021 0.000000
vt -32.837568 23.035708 0.000000
vt -31.273875 23.035708 0.000000
vt -31.273875 21.756394 0.000000
vt -29.710181 21.756394 0.000000
vt -29.710181 20.477080 0.000000
vt -28.146487 20.477080 0.000000
vt -28.146487 19.197767 0.000000
vt -26.582793 19.197767 0.000000
vt -26.582793 17.918453 0.000000
vt -25.019100 17.918453 0.000000
vt -25.019100 16.639139 0.000000
vt -23.455406 16.639139 0.000000
vt -23.455406 15.359826 0.000000
vt -21.891712 15.359826 0.000000
vt -23.455406 14.087482 0.000000
vt -21.891712 14.087018 0.000000
vt -23.455406 12.801198 0.000000
vt -21.891712 12.801198 0.000000
vt -21.891712 11.521885 0.000000
vt -20.328019 11.521885 0.000000
vt -20.328019 10.242571 0.000000
vt -18.764325 10.242571 0.000000
vt -18.764325 8.963257 0.000000
vt -17.200631 8.963257 0.000000
vt -17.200631 7.683944 0.000000
vt -15.636937 7.683944 0.000000
vt -15.636937 6.404630 0.000000
vt -14.073244 6.404630 0.000000
vt -14.073244 5.125317 0.000000
vt -12.509550 5.125317 0.000000
vt -12.509550 3.846003 0.000000
vt -10.945856 3.846003 0.000000
vt -10.945856 2.566689 0.000000
vt -9.382162 2.566689 0.000000
vt -42.219731 30.503598 0.000000
vt -40.656037 30.711589 0.000000
vt -39.092343 29.432276 0.000000
vt -39.092343 28.158771 0.000000
vt -39.092343 26.873648 0.000000
vt -37.528650 25.594335 0.000000
vt -35.964956 24.315021 0.000000
vt -34.401262 23.035708 0.000000
vt -32.837568 21.756394 0.000000
vt -31.273875 20.477080 0.000000
vt -29.710181 19.197767 0.000000
vt -28.146487 17.918453 0.000000
vt -26.582793 16.639139 0.000000
vt -25.019100 15.359826 0.000000
vt -25.019100 14.087947 0.000000
vt -25.019100 12.801198 0.000000
vt -23.455406 11.521885 0.000000
vt -21.891712 10.242571 0.000000
vt -20.328019 8.963257 0.000000
vt -18.764325 7.683944 0.000000
vt -17.200631 6.404630 0.000000
vt -15.636937 5.125317 0.000000
vt -14.073244 3.846003 0.000000
vt -12.509550 2.566689 0.000000
vt -40.656037 29.432276 0.000000
vt -42.219731 28.159235 0.000000
vt -40.656037 28.159003 0.000000
vt -40.656037 26.873648 0.000000
vt -42.219731 25.814872 0.000000
vt -40.656037 25.594335 0.000000
vt -39.092343 25.594335 0.000000
vt -39.092343 24.315021 0.000000
vt -37.528650 24.315021 0.000000
vt -37.528650 23.035708 0.000000
vt -35.964956 23.035708 0.000000
vt -35.964956 21.756394 0.000000
vt -34.401262 21.756394 0.000000
vt -34.401262 20.477080 0.000000
vt -32.837568 20.477080 0.000000
vt -32.837568 19.197767 0.000000
vt -31.273875 19.197767 0.000000
vt -31.273875 17.918453 0.000000
vt -29.710181 17.918453 0.000000
vt -29.710181 16.639139 0.000000
vt -28.146487 16.639139 0.000000
vt -28.146487 15.359826 0.000000
vt -26.582793 15.359826 0.000000
vt -28.146487 14.088876 0.000000
vt -26.582793 14.088412 0.000000
vt -28.146487 12.801198 0.000000
vt -26.582793 12.801198 0.000000
vt -26.582793 11.521885 0.000000
vt -25.019100 11.521885 0.000000
vt -25.019100 10.242571 0.000000
vt -23.455406 10.242571 0.000000
vt -23.455406 8.963257 0.000000
vt -21.891712 8.963257 0.000000
vt -21.891712 7.683944 0.000000
vt -20.328019 7.683944 0.000000
vt -20.328019 6.404630 0.000000
vt -18.764325 6.404630 0.000000
vt -18.764325 5.125317 0.000000
vt -17.200631 5.125317 0.000000
vt -17.200631 3.846003 0.000000
vt -15.636937 3.846003 0.000000
vt -15.636937 2.566689 0.000000
vt -14.073244 2.566689 0.000000
vt -40.656037 24.315021 0.000000
vt -42.219731 23.470510 0.000000
vt -40.656037 23.035708 0.000000
vt -40.656037 21.756394 0.000000
vt -39.092343 21.756394 0.000000
vt -39.092343 20.477080 0.000000
vt -37.528650 20.477080 0.000000
vt -37.528650 19.197767 0.000000
vt -35.964956 19.197767 0.000000
vt -35.964956 17.918453 0.000000
vt -34.401262 17.918453 0.000000
vt -34.401262 16.639139 0.000000
vt -32.837568 16.639139 0.000000
vt -32.837568 15.359826 0.000000
vt -31.273875 15.359826 0.000000
vt -32.837568 14.090270 0.000000
vt -31.273875 14.089806 0.000000
vt -32.837568 12.801198 0.000000
vt -31.273875 12.801198 0.000000
vt -31.273875 11.521885 0.000000
vt -29.710181 11.521885 0.000000
vt -29.710181 10.242571 0.000000
vt -28.146487 10.242571 0.000000
vt -28.146487 8.963257 0.000000
vt -26.582793 8.963257 0.000000
vt -26.582793 7.683944 0.000000
vt -25.019100 7.683944 0.000000
vt -25.019100 6.404630 0.000000
vt -23.455406 6.404630 0.000000
vt -23.455406 5.125317 0.000000
vt -21.891712 5.125317 0.000000
vt -21.891712 3.846003 0.000000
vt -20.328019 3.846003 0.000000
vt -20.328019 2.566689 0.000000
vt -18.764325 2.566689 0.000000
vt -42.219731 21.126147 0.000000
vt -40.656037 20.477080 0.000000
vt -39.092343 19.197767 0.000000
vt -37.528650 17.918453 0.000000
vt -35.964956 16.639139 0.000000
vt -34.401262 15.359826 0.000000
vt -34.401262 14.090735 0.000000
vt -34.401262 12.801198 0.000000
vt -32.837568 11.521885 0.000000
vt -31.273875 10.242571 0.000000
vt -29.710181 8.963257 0.000000
vt -28.146487 7.683944 0.000000
vt -26.582793 6.404630 0.000000
vt -25.019100 5.125317 0.000000
vt -23.455406 3.846003 0.000000
vt -21.891712 2.566689 0.000000
vt -42.219731 18.781784 0.000000
vt -40.656037 19.197767 0.000000
vt -39.092343 17.918453 0.000000
vt -37.528650 16.639139 0.000000
vt -35.964956 15.359826 0.000000
vt -35.964956 14.091200 0.000000
vt -35.964956 12.801198 0.000000
vt -34.401262 11.521885 0.000000
vt -32.837568 10.242571 0.000000
vt -31.273875 8.963257 0.000000
vt -29.710181 7.683944 0.000000
vt -28.146487 6.404630 0.000000
vt -26.582793 5.125317 0.000000
vt -25.019100 3.846003 0.000000
vt -23.455406 2.566689 0.000000
vt -40.656037 17.918453 0.000000
vt -42.219731 16.437421 0.000000
vt -40.656037 16.639139 0.000000
vt -40.656037 15.359826 0.000000
vt -39.092343 15.359826 0.000000
vt -40.656037 14.092594 0.000000
vt -39.092343 14.092129 0.000000
vt -40.656037 12.801198 0.000000
vt -39.092343 12.801198 0.000000
vt -39.092343 11.521885 0.000000
vt -37.528650 11.521885 0.000000
vt -37.528650 10.242571 0.000000
vt -35.964956 10.242571 0.000000
vt -35.964956 8.963257 0.000000
vt -34.401262 8.963257 0.000000
vt -34.401262 7.683944 0.000000
vt -32.837568 7.683944 0.000000
vt -32.837568 6.404630 0.000000
vt -31.273875 6.404630 0.000000
vt -31.273875 5.125317 0.000000
vt -29.710181 5.125317 0.000000
vt -29.710181 3.846003 0.000000
vt -28.146487 3.846003 0.000000
vt -28.146487 2.566689 0.000000
vt -26.582793 2.566689 0.000000
vt -42.219731 14.093058 0.000000
vt -42.219731 11.748696 0.000000
vt -40.656037 11.521885 0.000000
vt -40.656037 10.242571 0.000000
vt -39.092343 10.242571 0.000000
vt -39.092343 8.963257 0.000000
vt -37.528650 8.963257 0.000000
vt -37.528650 7.683944 0.000000
vt -35.964956 7.683944 0.000000
vt -35.964956 6.404630 0.000000
vt -34.401262 6.404630 0.000000
vt -34.401262 5.125317 0.000000
vt -32.837568 5.125317 0.000000
vt -32.837568 3.846003 0.000000
vt -31.273875 3.846003 0.000000
vt -31.273875 2.566689 0.000000
vt -29.710181 2.566689 0.000000
vt -42.219731 9.404333 0.000000
vt -40.656037 8.963257 0.000000
vt -39.092343 7.683944 0.000000
vt -37.528650 6.404630 0.000000
vt -35.964956 5.125317 0.000000
vt -34.401262 3.846003 0.000000
vt -32.837568 2.566689 0.000000
vt -40.656037 7.683944 0.000000
vt -42.219731 7.059970 0.000000
vt -40.656037 6.404630 0.000000
vt -42.219731 4.715607 0.000000
vt -40.656037 5.125317 0.000000
vt -40.656037 3.846003 0.000000
vt -39.092343 3.846003 0.000000
vt -39.092343 2.566689 0.000000
vt -37.528650 2.566689 0.000000
vt -40.656037 2.566689 0.000000
vt -3.127387 2.566689 0.000000
vt -3.127387 3.846003 0.000000
vt -3.127387 5.125317 0.000000
vt -3.127387 6.404630 0.000000
vt -3.127387 7.683944 0.000000
vt -3.127387 8.963257 0.000000
vt -3.127387 10.242571 0.000000
vt -3.127387 11.521885 0.000000
vt -3.127387 12.801198 0.000000
vt -4.691081 2.566689 0.000000
vt -4.691081 3.846003 0.000000
vt -4.691081 5.125317 0.000000
vt -4.691081 6.404630 0.000000
vt -4.691081 7.683944 0.000000
vt -4.691081 8.963257 0.000000
vt -4.691081 10.242571 0.000000
vt -4.691081 11.521885 0.000000
vt -4.691081 12.801198 0.000000
vt -3.127387 14.081441 0.000000
vt -6.254775 2.566689 0.000000
vt -6.254775 3.846003 0.000000
vt -6.254775 5.125317 0.000000
vt -6.254775 6.404630 0.000000
vt -6.254775 7.683944 0.000000
vt -6.254775 8.963257 0.000000
vt -6.254775 10.242571 0.000000
vt -6.254775 11.521885 0.000000
vt -6.254775 12.801198 0.000000
vt -4.691081 14.081906 0.000000
vt -3.127387 15.359826 0.000000
vt -7.818469 2.566689 0.000000
vt -7.818469 3.846003 0.000000
vt -7.818469 5.125317 0.000000
vt -7.818469 6.404630 0.000000
vt -7.818469 7.683944 0.000000
vt -7.818469 8.963257 0.000000
vt -7.818469 10.242571 0.000000
vt -7.818469 11.521885 0.000000
vt -7.818469 12.801198 0.000000
vt -6.254775 14.082371 0.000000
vt -4.691081 15.359826 0.000000
vt -4.691081 16.639139 0.000000
vt -17.200631 2.566689 0.000000
vt -25.019100 2.566689 0.000000
vt -34.401262 2.566689 0.000000
vt -35.964956 2.566689 0.000000
vt -9.382162 3.846003 0.000000
vt -10.945856 5.125317 0.000000
vt -12.509550 6.404630 0.000000
vt -14.073244 7.683944 0.000000
vt -15.636937 8.963257 0.000000
vt -17.200631 10.242571 0.000000
vt -18.764325 11.521885 0.000000
vt -20.328019 12.801198 0.000000
vt -20.328019 14.086553 0.000000
vt -20.328019 15.359826 0.000000
vt -21.891712 16.639139 0.000000
vt -23.455406 17.918453 0.000000
vt -25.019100 19.197767 0.000000
vt -26.582793 20.477080 0.000000
vt -28.146487 21.756394 0.000000
vt -29.710181 23.035708 0.000000
vt -31.273875 24.315021 0.000000
vt -32.837568 25.594335 0.000000
vt -34.401262 26.873648 0.000000
vt -34.401262 28.158074 0.000000
vt -34.401262 29.432276 0.000000
vt -35.964956 30.711589 0.000000
vt -37.528650 31.990903 0.000000
vt -39.092343 33.270217 0.000000
vt -18.764325 3.846003 0.000000
vt -26.582793 3.846003 0.000000
vt -35.964956 3.846003 0.000000
vt -37.528650 3.846003 0.000000
vt -9.382162 5.125317 0.000000
vt -9.382162 6.404630 0.000000
vt -9.382162 7.683944 0.000000
vt -9.382162 8.963257 0.000000
vt -9.382162 10.242571 0.000000
vt -9.382162 11.521885 0.000000
vt -9.382162 12.801198 0.000000
vt -7.818469 14.082835 0.000000
vt -6.254775 15.359826 0.000000
vt -6.254775 16.639139 0.000000
vt -6.254775 17.918453 0.000000
vt -20.328019 5.125317 0.000000
vt -28.146487 5.125317 0.000000
vt -37.528650 5.125317 0.000000
vt -39.092343 5.125317 0.000000
vt -10.945856 6.404630 0.000000
vt -12.509550 7.683944 0.000000
vt -14.073244 8.963257 0.000000
vt -15.636937 10.242571 0.000000
vt -17.200631 11.521885 0.000000
vt -18.764325 12.801198 0.000000
vt -18.764325 14.086088 0.000000
vt -18.764325 15.359826 0.000000
vt -20.328019 16.639139 0.000000
vt -21.891712 17.918453 0.000000
vt -23.455406 19.197767 0.000000
vt -25.019100 20.477080 0.000000
vt -26.582793 21.756394 0.000000
vt -28.146487 23.035708 0.000000
vt -29.710181 24.315021 0.000000
vt -31.273875 25.594335 0.000000
vt -32.837568 26.873648 0.000000
vt -32.837568 28.157841 0.000000
vt -32.837568 29.432276 0.000000
vt -34.401262 30.711589 0.000000
vt -35.964956 31.990903 0.000000
vt -37.528650 33.270217 0.000000
vt -39.092343 34.549530 0.000000
vt -21.891712 6.404630 0.000000
vt -29.710181 6.404630 0.000000
vt -39.092343 6.404630 0.000000
vt -10.945856 7.683944 0.000000
vt -10.945856 8.963257 0.000000
vt -10.945856 10.242571 0.000000
vt -10.945856 11.521885 0.000000
vt -10.945856 12.801198 0.000000
vt -9.382162 14.083300 0.000000
vt -7.818469 15.359826 0.000000
vt -7.818469 16.639139 0.000000
vt -7.818469 17.918453 0.000000
vt -7.818469 19.197767 0.000000
vt -23.455406 7.683944 0.000000
vt -31.273875 7.683944 0.000000
vt -12.509550 8.963257 0.000000
vt -14.073244 10.242571 0.000000
vt -15.636937 11.521885 0.000000
vt -17.200631 12.801198 0.000000
vt -17.200631 14.085624 0.000000
vt -17.200631 15.359826 0.000000
vt -18.764325 16.639139 0.000000
vt -20.328019 17.918453 0.000000
vt -21.891712 19.197767 0.000000
vt -23.455406 20.477080 0.000000
vt -25.019100 21.756394 0.000000
vt -26.582793 23.035708 0.000000
vt -28.146487 24.315021 0.000000
vt -29.710181 25.594335 0.000000
vt -31.273875 26.873648 0.000000
vt -31.273875 28.157609 0.000000
vt -31.273875 29.432276 0.000000
vt -32.837568 30.711589 0.000000
vt -34.401262 31.990903 0.000000
vt -35.964956 33.270217 0.000000
vt -37.528650 34.549530 0.000000
vt -39.092343 35.828844 0.000000
vt -25.019100 8.963257 0.000000
vt -32.837568 8.963257 0.000000
vt -12.509550 10.242571 0.000000
vt -12.509550 11.521885 0.000000
vt -12.509550 12.801198 0.000000
vt -10.945856 14.083765 0.000000
vt -9.382162 15.359826 0.000000
vt -9.382162 16.639139 0.000000
vt -9.382162 17.918453 0.000000
vt -9.382162 19.197767 0.000000
vt -9.382162 20.477080 0.000000
vt -26.582793 10.242571 0.000000
vt -34.401262 10.242571 0.000000
vt -14.073244 11.521885 0.000000
vt -15.636937 12.801198 0.000000
vt -15.636937 14.085159 0.000000
vt -15.636937 15.359826 0.000000
vt -17.200631 16.639139 0.000000
vt -18.764325 17.918453 0.000000
vt -20.328019 19.197767 0.000000
vt -21.891712 20.477080 0.000000
vt -23.455406 21.756394 0.000000
vt -25.019100 23.035708 0.000000
vt -26.582793 24.315021 0.000000
vt -28.146487 25.594335 0.000000
vt -29.710181 26.873648 0.000000
vt -29.710181 28.157377 0.000000
vt -29.710181 29.432276 0.000000
vt -31.273875 30.711589 0.000000
vt -32.837568 31.990903 0.000000
vt -34.401262 33.270217 0.000000
vt -35.964956 34.549530 0.000000
vt -37.528650 35.828844 0.000000
vt -28.146487 11.521885 0.000000
vt -35.964956 11.521885 0.000000
vt -14.073244 12.801198 0.000000
vt -12.509550 14.084229 0.000000
vt -10.945856 15.359826 0.000000
vt -10.945856 16.639139 0.000000
vt -10.945856 17.918453 0.000000
vt -10.945856 19.197767 0.000000
vt -10.945856 20.477080 0.000000
vt -10.945856 21.756394 0.000000
vt -29.710181 12.801198 0.000000
vt -37.528650 12.801198 0.000000
vt -14.073244 14.084694 0.000000
vt -14.073244 15.359826 0.000000
vt -15.636937 16.639139 0.000000
vt -17.200631 17.918453 0.000000
vt -18.764325 19.197767 0.000000
vt -20.328019 20.477080 0.000000
vt -21.891712 21.756394 0.000000
vt -23.455406 23.035708 0.000000
vt -25.019100 24.315021 0.000000
vt -26.582793 25.594335 0.000000
vt -28.146487 26.873648 0.000000
vt -28.146487 28.157144 0.000000
vt -28.146487 29.432276 0.000000
vt -29.710181 30.711589 0.000000
vt -31.273875 31.990903 0.000000
vt -32.837568 33.270217 0.000000
vt -34.401262 34.549530 0.000000
vt -35.964956 35.828844 0.000000
vt -29.710181 14.089341 0.000000
vt -37.528650 14.091664 0.000000
vt -12.509550 15.359826 0.000000
vt -12.509550 16.639139 0.000000
vt -12.509550 17.918453 0.000000
vt -12.509550 19.197767 0.000000
vt -12.509550 20.477080 0.000000
vt -12.509550 21.756394 0.000000
vt -12.509550 23.035708 0.000000
vt -29.710181 15.359826 0.000000
vt -37.528650 15.359826 0.000000
vt -14.073244 16.639139 0.000000
vt -15.636937 17.918453 0.000000
vt -17.200631 19.197767 0.000000
vt -18.764325 20.477080 0.000000
vt -20.328019 21.756394 0.000000
vt -21.891712 23.035708 0.000000
vt -23.455406 24.315021 0.000000
vt -25.019100 25.594335 0.000000
vt -26.582793 26.873648 0.000000
vt -26.582793 28.156912 0.000000
vt -26.582793 29.432276 0.000000
vt -28.146487 30.711589 0.000000
vt -29.710181 31.990903 0.000000
vt -31.273875 33.270217 0.000000
vt -32.837568 34.549530 0.000000
vt -34.401262 35.828844 0.000000
vt -31.273875 16.639139 0.000000
vt -39.092343 16.639139 0.000000
vt -14.073244 17.918453 0.000000
vt -14.073244 19.197767 0.000000
vt -14.073244 20.477080 0.000000
vt -14.073244 21.756394 0.000000
vt -14.073244 23.035708 0.000000
vt -14.073244 24.315021 0.000000
vt -32.837568 17.918453 0.000000
vt -15.636937 19.197767 0.000000
vt -17.200631 20.477080 0.000000
vt -18.764325 21.756394 0.000000
vt -20.328019 23.035708 0.000000
vt -21.891712 24.315021 0.000000
vt -23.455406 25.594335 0.000000
vt -25.019100 26.873648 0.000000
vt -25.019100 28.156680 0.000000
vt -25.019100 29.432276 0.000000
vt -26.582793 30.711589 0.000000
vt -28.146487 31.990903 0.000000
vt -29.710181 33.270217 0.000000
vt -31.273875 34.549530 0.000000
vt -32.837568 35.828844 0.000000
vt -34.401262 19.197767 0.000000
vt -15.636937 20.477080 0.000000
vt -15.636937 21.756394 0.000000
vt -15.636937 23.035708 0.000000
vt -15.636937 24.315021 0.000000
vt -15.636937 25.594335 0.000000
vt -35.964956 20.477080 0.000000
vt -17.200631 21.756394 0.000000
vt -18.764325 23.035708 0.000000
vt -20.328019 24.315021 0.000000
vt -21.891712 25.594335 0.000000
vt -23.455406 26.873648 0.000000
vt -23.455406 28.156447 0.000000
vt -23.455406 29.432276 0.000000
vt -25.019100 30.711589 0.000000
vt -26.582793 31.990903 0.000000
vt -28.146487 33.270217 0.000000
vt -29.710181 34.549530 0.000000
vt -31.273875 35.828844 0.000000
vt -37.528650 21.756394 0.000000
vt -17.200631 23.035708 0.000000
vt -17.200631 24.315021 0.000000
vt -17.200631 25.594335 0.000000
vt -17.200631 26.873648 0.000000
vt -39.092343 23.035708 0.000000
vt -18.764325 24.315021 0.000000
vt -20.328019 25.594335 0.000000
vt -21.891712 26.873648 0.000000
vt -21.891712 28.156215 0.000000
vt -21.891712 29.432276 0.000000
vt -23.455406 30.711589 0.000000
vt -25.019100 31.990903 0.000000
vt -26.582793 33.270217 0.000000
vt -28.146487 34.549530 0.000000
vt -29.710181 35.828844 0.000000
vt -18.764325 25.594335 0.000000
vt -18.764325 26.873648 0.000000
vt -17.200631 28.155518 0.000000
vt -20.328019 26.873648 0.000000
vt -20.328019 28.155983 0.000000
vt -20.328019 29.432276 0.000000
vt -21.891712 30.711589 0.000000
vt -23.455406 31.990903 0.000000
vt -25.019100 33.270217 0.000000
vt -26.582793 34.549530 0.000000
vt -28.146487 35.828844 0.000000
vt -18.764325 28.155750 0.000000
vt -17.200631 29.432276 0.000000
vt -18.764325 29.432276 0.000000
vt -20.328019 30.711589 0.000000
vt -21.891712 31.990903 0.000000
vt -23.455406 33.270217 0.000000
vt -25.019100 34.549530 0.000000
vt -26.582793 35.828844 0.000000
vt -18.764325 30.711589 0.000000
vt -20.328019 31.990903 0.000000
vt -21.891712 33.270217 0.000000
vt -23.455406 34.549530 0.000000
vt -25.019100 35.828844 0.000000
vt -3.345617 -31.405911 0.000000
vt 3.345617 -31.405911 0.000000
vt -3.345617 -30.533802 0.000000
vt 3.345617 -30.533802 0.000000
vt -3.345617 -29.661694 0.000000
vt 3.345617 -29.661694 0.000000
vt -3.345617 -28.789585 0.000000
vt 3.345617 -28.789585 0.000000
vt -3.345617 -27.917476 0.000000
vt 3.345617 -27.917476 0.000000
vt -3.345617 -27.045368 0.000000
vt 3.345617 -27.045368 0.000000
vt -3.345617 -26.173259 0.000000
vt 3.345617 -26.173259 0.000000
vt -3.345617 -25.301150 0.000000
vt 3.345617 -25.301150 0.000000
vt -3.345617 -24.429042 0.000000
vt 3.345617 -24.429042 0.000000
vt -3.345617 -23.556933 0.000000
vt 3.345617 -23.556933 0.000000
vt -3.345617 -22.684824 0.000000
vt 3.345617 -22.684824 0.000000
vt -3.345617 -21.812716 0.000000
vt 3.345617 -21.812716 0.000000
vt -3.345617 -20.940607 0.000000
vt 3.345617 -20.940607 0.000000
vt -3.345617 -20.068499 0.000000
vt 3.345617 -20.068499 0.000000
vt -3.345617 -19.196390 0.000000
vt 3.345617 -19.196390 0.000000
vt -3.345617 -18.324281 0.000000
vt 3.345617 -18.324281 0.000000
vt -3.345617 -17.452173 0.000000
vt 3.345617 -17.452173 0.000000
vt -3.345617 -16.580064 0.000000
vt 3.345617 -16.580064 0.000000
vt -3.345617 -15.707955 0.000000
vt 3.345617 -15.707955 0.000000
vt -2.221518 31.010487 0.000000
vt -2.221518 30.048173 0.000000
vt -1.943828 30.670716 0.000000
vt -1.943841 30.047757 0.000000
vt -1.804983 30.670716 0.000000
vt -1.666196 30.047383 0.000000
vt -1.666138 30.670716 0.000000
vt -1.527293 30.670716 0.000000
vt -1.666138 31.295132 0.000000
vt -1.527293 31.295132 0.000000
vt -1.666138 31.919549 0.000000
vt -1.527293 31.919549 0.000000
vt -1.666138 32.543965 0.000000
vt -1.527293 32.543965 0.000000
vt -1.666138 33.168381 0.000000
vt -1.527293 33.168381 0.000000
vt -1.666138 33.792797 0.000000
vt -1.527293 33.792797 0.000000
vt -1.666138 34.417214 0.000000
vt -1.527293 34.417214 0.000000
vt -1.666138 35.041630 0.000000
vt -1.527293 35.041630 0.000000
vt -1.666138 35.667373 0.000000
vt -1.527293 35.667373 0.000000
vt -1.666138 36.292740 0.000000
vt -1.527293 36.292771 0.000000
vt -1.666138 36.918860 0.000000
vt -1.527293 36.918860 0.000000
vt -1.666138 37.545737 0.000000
vt -1.527293 37.546020 0.000000
vt -1.666138 38.170347 0.000000
vt -1.527293 38.170347 0.000000
vt -1.666138 38.796090 0.000000
vt -1.527293 38.796090 0.000000
vt -1.666138 39.421834 0.000000
vt -1.527293 39.421834 0.000000
vt -1.666138 40.047577 0.000000
vt -1.527293 40.047577 0.000000
vt -1.666138 40.673321 0.000000
vt -1.527293 40.673321 0.000000
vt -1.666138 41.299064 0.000000
vt -1.527293 41.299064 0.000000
vt -1.666138 41.924807 0.000000
vt -1.527293 41.924807 0.000000
vt -1.666138 42.550551 0.000000
vt -1.527293 42.550551 0.000000
vt -1.666138 43.176294 0.000000
vt -1.527293 43.176294 0.000000
vt -1.666138 43.802037 0.000000
vt -1.527293 43.802037 0.000000
vt -1.666138 44.427781 0.000000
vt -1.527293 44.427781 0.000000
vt -1.666082 45.053524 0.000000
vt -1.388409 45.053524 0.000000
vt -1.388449 44.427781 0.000000
vt -1.249604 44.427781 0.000000
vt -1.249604 43.802037 0.000000
vt -1.110759 43.802037 0.000000
vt -1.110759 43.176294 0.000000
vt -0.971914 43.176294 0.000000
vt -0.971914 42.550551 0.000000
vt -0.833069 42.550551 0.000000
vt -0.833069 41.924807 0.000000
vt -0.694224 41.924807 0.000000
vt -0.694224 41.299064 0.000000
vt -0.555379 41.299064 0.000000
vt -0.555379 40.673321 0.000000
vt -0.416535 40.673321 0.000000
vt -0.416535 40.047577 0.000000
vt -0.277690 40.047577 0.000000
vt -0.277690 39.421834 0.000000
vt -0.138845 39.421834 0.000000
vt -0.138845 38.796090 0.000000
vt 0.000000 39.134162 0.000000
vt 0.000000 38.340131 0.000000
vt -0.138845 38.170347 0.000000
vt 0.000000 37.549136 0.000000
vt -0.138845 37.548852 0.000000
vt -0.138845 36.918860 0.000000
vt -0.277690 37.548569 0.000000
vt -0.277690 36.918860 0.000000
vt -0.416535 37.548286 0.000000
vt -0.416535 36.918860 0.000000
vt -0.555379 37.548003 0.000000
vt -0.555379 36.918860 0.000000
vt -0.694224 37.547719 0.000000
vt -0.694224 36.918860 0.000000
vt -0.833069 37.547436 0.000000
vt -0.833069 36.918860 0.000000
vt -0.971914 37.547153 0.000000
vt -0.971914 36.918860 0.000000
vt -1.110759 37.546870 0.000000
vt -1.110759 36.918860 0.000000
vt -1.249604 37.546586 0.000000
vt -1.249604 36.918860 0.000000
vt -1.388449 37.546303 0.000000
vt -1.388449 36.918860 0.000000
vt -1.388487 30.047058 0.000000
vt -1.388449 30.670716 0.000000
vt -1.388449 31.295132 0.000000
vt -1.388449 31.919549 0.000000
vt -1.388449 32.543965 0.000000
vt -1.388449 33.168381 0.000000
vt -1.388449 33.792797 0.000000
vt -1.388449 34.417214 0.000000
vt -1.388449 35.041630 0.000000
vt -1.388449 35.667373 0.000000
vt -1.388449 36.292803 0.000000
vt -1.249604 30.670716 0.000000
vt -1.110871 30.046788 0.000000
vt -1.110759 30.670716 0.000000
vt -0.971914 30.670716 0.000000
vt -1.110759 31.295132 0.000000
vt -0.971914 31.295132 0.000000
vt -1.110759 31.919549 0.000000
vt -0.971914 31.919549 0.000000
vt -1.110759 32.543965 0.000000
vt -0.971914 32.543965 0.000000
vt -1.110759 33.168381 0.000000
vt -0.971914 33.168381 0.000000
vt -1.110759 33.792797 0.000000
vt -0.971914 33.792797 0.000000
vt -1.110759 34.417214 0.000000
vt -0.971914 34.417214 0.000000
vt -1.110759 35.041630 0.000000
vt -0.971914 35.041630 0.000000
vt -1.110759 35.667373 0.000000
vt -0.971914 35.667373 0.000000
vt -1.110759 36.292866 0.000000
vt -0.971914 36.292897 0.000000
vt -0.833109 30.046575 0.000000
vt -0.833069 30.670716 0.000000
vt -0.833069 31.295132 0.000000
vt -0.833069 31.919549 0.000000
vt -0.833069 32.543965 0.000000
vt -0.833069 33.168381 0.000000
vt -0.833069 33.792797 0.000000
vt -0.833069 34.417214 0.000000
vt -0.833069 35.041630 0.000000
vt -0.833069 35.667373 0.000000
vt -0.833069 36.292928 0.000000
vt -0.694224 30.670716 0.000000
vt -0.555436 30.046422 0.000000
vt -0.555379 30.670716 0.000000
vt -0.416535 30.670716 0.000000
vt -0.555379 31.295132 0.000000
vt -0.416535 31.295132 0.000000
vt -0.555379 31.919549 0.000000
vt -0.416535 31.919549 0.000000
vt -0.555379 32.543965 0.000000
vt -0.416535 32.543965 0.000000
vt -0.555379 33.168381 0.000000
vt -0.416535 33.168381 0.000000
vt -0.555379 33.792797 0.000000
vt -0.416535 33.792797 0.000000
vt -0.555379 34.417214 0.000000
vt -0.416535 34.417214 0.000000
vt -0.555379 35.041630 0.000000
vt -0.416535 35.041630 0.000000
vt -0.555379 35.667373 0.000000
vt -0.416535 35.667373 0.000000
vt -0.555379 36.292991 0.000000
vt -0.416535 36.293023 0.000000
vt -0.277703 30.046331 0.000000
vt -0.277690 30.670716 0.000000
vt -0.277690 31.295132 0.000000
vt -0.277690 31.919549 0.000000
vt -0.277690 32.543965 0.000000
vt -0.277690 33.168381 0.000000
vt -0.277690 33.792797 0.000000
vt -0.277690 34.417214 0.000000
vt -0.277690 35.041630 0.000000
vt -0.277690 35.667373 0.000000
vt -0.277690 36.293054 0.000000
vt -0.138845 30.670716 0.000000
vt 0.000000 30.046300 0.000000
vt -0.000000 30.956194 0.000000
vt -0.138845 31.295132 0.000000
vt 0.000000 31.837680 0.000000
vt -0.138845 31.919549 0.000000
vt -0.138845 32.543965 0.000000
vt 0.000000 32.695278 0.000000
vt -0.138845 33.168381 0.000000
vt 0.000000 33.533088 0.000000
vt -0.138845 33.792797 0.000000
vt 0.000000 34.354873 0.000000
vt -0.138845 34.417214 0.000000
vt -0.138845 35.041630 0.000000
vt 0.000000 35.164136 0.000000
vt -0.138845 35.667373 0.000000
vt 0.000000 35.964178 0.000000
vt -0.138845 36.293085 0.000000
vt -0.000000 36.758157 0.000000
vt 0.000000 39.934292 0.000000
vt -0.138845 40.047577 0.000000
vt -0.277690 40.673321 0.000000
vt -0.416535 41.299064 0.000000
vt -0.555379 41.924807 0.000000
vt -0.694224 42.550551 0.000000
vt -0.833069 43.176294 0.000000
vt -0.971914 43.802037 0.000000
vt -1.110759 44.427781 0.000000
vt -1.110647 45.053524 0.000000
vt 0.000000 40.743680 0.000000
vt -0.138845 40.673321 0.000000
vt -0.277690 41.299064 0.000000
vt -0.416535 41.924807 0.000000
vt -0.555379 42.550551 0.000000
vt -0.694224 43.176294 0.000000
vt -0.833069 43.802037 0.000000
vt -0.971914 44.427781 0.000000
vt -0.138845 41.299064 0.000000
vt 0.000000 41.565628 0.000000
vt -0.138845 41.924807 0.000000
vt 0.000000 42.403643 0.000000
vt -0.138845 42.550551 0.000000
vt -0.000000 43.261491 0.000000
vt -0.138845 43.176294 0.000000
vt -0.138845 43.802037 0.000000
vt -0.277690 43.802037 0.000000
vt -0.277690 44.427781 0.000000
vt -0.416535 44.427781 0.000000
vt -0.277677 45.053524 0.000000
vt -0.555322 45.053524 0.000000
vt 0.000000 44.143277 0.000000
vt -0.138845 44.427781 0.000000
vt 0.000000 45.053524 0.000000
vt -0.833031 45.053524 0.000000
vt -0.694224 44.427781 0.000000
vt -0.555379 44.427781 0.000000
vt -0.416535 43.802037 0.000000
vt -0.277690 43.176294 0.000000
vt -0.833069 44.427781 0.000000
vt -0.694224 43.802037 0.000000
vt -0.555379 43.802037 0.000000
vt -0.555379 43.176294 0.000000
vt -0.416535 43.176294 0.000000
vt -0.416535 42.550551 0.000000
vt -0.277690 42.550551 0.000000
vt -0.277690 41.924807 0.000000
vt -1.804983 44.427781 0.000000
vt -1.943815 45.053524 0.000000
vt -1.943828 44.427781 0.000000
vt -2.221518 45.053524 0.000000
vt -2.221518 44.090772 0.000000
vt -1.943828 43.802037 0.000000
vt -2.221518 43.159614 0.000000
vt -1.943828 43.176294 0.000000
vt -1.943828 42.550551 0.000000
vt -1.804983 42.550551 0.000000
vt -1.804983 41.924807 0.000000
vt -2.221518 42.254729 0.000000
vt -1.943828 41.924807 0.000000
vt -1.804983 41.299064 0.000000
vt -2.221518 41.371310 0.000000
vt -1.943828 41.299064 0.000000
vt -1.804983 40.673321 0.000000
vt -1.943828 40.673321 0.000000
vt -2.221518 40.504955 0.000000
vt -1.943828 40.047577 0.000000
vt -2.221518 39.651573 0.000000
vt -1.943828 39.421834 0.000000
vt -2.221518 38.807308 0.000000
vt -1.943828 38.796090 0.000000
vt -1.943828 38.170347 0.000000
vt -1.804983 38.170347 0.000000
vt -1.804983 37.545453 0.000000
vt -2.221518 37.968458 0.000000
vt -1.943828 37.545170 0.000000
vt -1.804983 36.918860 0.000000
vt -2.221518 37.131418 0.000000
vt -1.943828 36.918860 0.000000
vt -1.804983 36.292709 0.000000
vt -2.221518 36.292614 0.000000
vt -1.943828 36.292677 0.000000
vt -1.804983 35.667373 0.000000
vt -1.943828 35.667373 0.000000
vt -2.221518 35.448441 0.000000
vt -1.943828 35.041630 0.000000
vt -2.221518 34.595199 0.000000
vt -1.943828 34.417214 0.000000
vt -2.221518 33.729034 0.000000
vt -1.943828 33.792797 0.000000
vt -1.943828 33.168381 0.000000
vt -1.804983 33.168381 0.000000
vt -1.804983 32.543965 0.000000
vt -2.221518 32.845860 0.000000
vt -1.943828 32.543965 0.000000
vt -1.804983 31.919549 0.000000
vt -2.221518 31.941277 0.000000
vt -1.943828 31.919549 0.000000
vt -1.804983 31.295132 0.000000
vt -1.943828 31.295132 0.000000
vt -0.694224 31.295132 0.000000
vt -0.694224 31.919549 0.000000
vt -0.694224 32.543965 0.000000
vt -0.694224 33.168381 0.000000
vt -0.694224 33.792797 0.000000
vt -0.694224 34.417214 0.000000
vt -0.694224 35.041630 0.000000
vt -0.694224 35.667373 0.000000
vt -0.694224 36.292960 0.000000
vt -1.249604 31.295132 0.000000
vt -1.249604 31.919549 0.000000
vt -1.249604 32.543965 0.000000
vt -1.249604 33.168381 0.000000
vt -1.249604 33.792797 0.000000
vt -1.249604 34.417214 0.000000
vt -1.249604 35.041630 0.000000
vt -1.249604 35.667373 0.000000
vt -1.249604 36.292834 0.000000
vt -1.804983 33.792797 0.000000
vt -1.804983 34.417214 0.000000
vt -1.804983 35.041630 0.000000
vt -0.277690 38.170347 0.000000
vt -0.277690 38.796090 0.000000
vt -0.416535 38.170347 0.000000
vt -0.416535 38.796090 0.000000
vt -0.416535 39.421834 0.000000
vt -0.555379 38.170347 0.000000
vt -0.555379 38.796090 0.000000
vt -0.555379 39.421834 0.000000
vt -0.555379 40.047577 0.000000
vt -0.694224 38.170347 0.000000
vt -0.694224 38.796090 0.000000
vt -0.694224 39.421834 0.000000
vt -0.694224 40.047577 0.000000
vt -0.694224 40.673321 0.000000
vt -0.833069 38.170347 0.000000
vt -0.833069 38.796090 0.000000
vt -0.833069 39.421834 0.000000
vt -0.833069 40.047577 0.000000
vt -0.833069 40.673321 0.000000
vt -0.833069 41.299064 0.000000
vt -0.971914 38.170347 0.000000
vt -0.971914 38.796090 0.000000
vt -0.971914 39.421834 0.000000
vt -0.971914 40.047577 0.000000
vt -0.971914 40.673321 0.000000
vt -0.971914 41.299064 0.000000
vt -0.971914 41.924807 0.000000
vt -1.110759 38.170347 0.000000
vt -1.110759 38.796090 0.000000
vt -1.110759 39.421834 0.000000
vt -1.110759 40.047577 0.000000
vt -1.110759 40.673321 0.000000
vt -1.110759 41.299064 0.000000
vt -1.110759 41.924807 0.000000
vt -1.110759 42.550551 0.000000
vt -1.249604 38.170347 0.000000
vt -1.249604 38.796090 0.000000
vt -1.249604 39.421834 0.000000
vt -1.249604 40.047577 0.000000
vt -1.249604 40.673321 0.000000
vt -1.249604 41.299064 0.000000
vt -1.249604 41.924807 0.000000
vt -1.249604 42.550551 0.000000
vt -1.249604 43.176294 0.000000
vt -1.388449 38.170347 0.000000
vt -1.388449 38.796090 0.000000
vt -1.388449 39.421834 0.000000
vt -1.388449 40.047577 0.000000
vt -1.388449 40.673321 0.000000
vt -1.388449 41.299064 0.000000
vt -1.388449 41.924807 0.000000
vt -1.388449 42.550551 0.000000
vt -1.388449 43.176294 0.000000
vt -1.388449 43.802037 0.000000
vt -1.804983 38.796090 0.000000
vt -1.804983 39.421834 0.000000
vt -1.804983 40.047577 0.000000
vt -1.804983 43.176294 0.000000
vt -1.804983 43.802037 0.000000
vt -8.499988 -0.010000 0.000000
vt -8.462861 -0.793652 0.000000
vt 0.000000 -0.010000 0.000000
vt -8.353640 -1.570542 0.000000
vt -8.173255 -2.334054 0.000000
vt -7.923243 -3.077681 0.000000
vt -7.605734 -3.795091 0.000000
vt -7.223432 -4.480170 0.000000
vt -6.779595 -5.127084 0.000000
vt -6.278004 -5.730320 0.000000
vt -5.722930 -6.284741 0.000000
vt -5.119104 -6.785622 0.000000
vt -4.471669 -7.228698 0.000000
vt -3.786140 -7.610193 0.000000
vt -3.068358 -7.926858 0.000000
vt -2.324436 -8.175995 0.000000
vt -1.560713 -8.355482 0.000000
vt -0.783695 -8.463789 0.000000
vt 0.000000 -8.499994 0.000000
vt -0.010000 36.671709 0.000000
vt -9.999995 28.480475 0.000000
vt -0.010000 -3.328291 0.000000
vt -11.480168 27.976712 0.000000
vt -12.935098 27.404114 0.000000
vt -8.499994 36.671709 0.000000
vt -9.999995 35.171709 0.000000
vt -8.792644 36.642884 0.000000
vt -9.074071 36.557507 0.000000
vt -9.333386 36.418889 0.000000
vt -9.560734 36.232291 0.000000
vt -9.747222 36.005030 0.000000
vt -9.885836 35.745682 0.000000
vt -9.971175 35.464331 0.000000
vt -14.361586 26.763939 0.000000
vt -15.756494 26.057596 0.000000
vt -17.116756 25.286637 0.000000
vt -18.439381 24.452758 0.000000
vt -19.721460 23.557793 0.000000
vt -20.960174 22.603708 0.000000
vt -22.152799 21.592603 0.000000
vt -23.296714 20.526700 0.000000
vt -24.389402 19.408343 0.000000
vt -25.428462 18.239991 0.000000
vt -26.411608 17.024214 0.000000
vt -27.336678 15.763684 0.000000
vt -28.201638 14.461174 0.000000
vt -29.004587 13.119547 0.000000
vt -29.743759 11.741753 0.000000
vt -30.417529 10.330823 0.000000
vt -31.024414 8.889858 0.000000
vt -31.563082 7.422027 0.000000
vt -32.032346 5.930558 0.000000
vt -32.431175 4.418729 0.000000
vt -32.758693 2.889866 0.000000
vt -33.014179 1.347330 0.000000
vt -33.197071 -0.205487 0.000000
vt -33.306968 -1.765170 0.000000
vt -33.343627 -3.328291 0.000000
vt 33.343625 -0.010000 0.000000
vt -0.000000 -0.010000 0.000000
vt 33.305397 -1.596240 0.000000
vt 33.191750 -3.178865 0.000000
vt 33.002942 -4.754291 0.000000
vt 32.739400 -6.318952 0.000000
vt 32.401721 -7.869303 0.000000
vt 31.990670 -9.401835 0.000000
vt 31.507177 -10.913077 0.000000
vt 30.952338 -12.399607 0.000000
vt 30.327408 -13.858058 0.000000
vt 29.633803 -15.285129 0.000000
vt 28.873094 -16.677587 0.000000
vt 28.047003 -18.032279 0.000000
vt 27.157401 -19.346138 0.000000
vt 26.206302 -20.616188 0.000000
vt 25.195860 -21.839554 0.000000
vt 24.128362 -23.013465 0.000000
vt 23.006228 -24.135263 0.000000
vt 21.831997 -25.202408 0.000000
vt 20.608328 -26.212483 0.000000
vt 19.337992 -27.163201 0.000000
vt 18.023866 -28.052410 0.000000
vt 16.668927 -28.878094 0.000000
vt 15.276241 -29.638386 0.000000
vt 13.848962 -30.331563 0.000000
vt 12.390324 -30.956055 0.000000
vt 10.903628 -31.510448 0.000000
vt 9.392241 -31.993488 0.000000
vt 7.859586 -32.404080 0.000000
vt 6.309133 -32.741293 0.000000
vt 4.744393 -33.004366 0.000000
vt 3.168910 -33.192702 0.000000
vt 1.586251 -33.305874 0.000000
vt -0.000000 -33.343627 0.000000
vt 0.000000 36.671709 0.000000
vt 9.999990 28.480475 0.000000
vt 8.499988 36.671709 0.000000
vt 9.999990 35.171709 0.000000
vt 8.792610 36.642889 0.000000
vt 9.073961 36.557551 0.000000
vt 9.333309 36.418937 0.000000
vt 9.560570 36.232449 0.000000
vt 9.747169 36.005101 0.000000
vt 9.885788 35.745787 0.000000
vt 9.971164 35.464359 0.000000
vt 0.000000 -3.328291 0.000000
vt 11.480164 27.976712 0.000000
vt 12.935094 27.404114 0.000000
vt 14.361581 26.763940 0.000000
vt 15.756490 26.057597 0.000000
vt 17.116752 25.286638 0.000000
vt 18.439377 24.452759 0.000000
vt 19.721456 23.557794 0.000000
vt 20.960170 22.603709 0.000000
vt 22.152796 21.592604 0.000000
vt 23.296711 20.526701 0.000000
vt 24.389399 19.408344 0.000000
vt 25.428459 18.239992 0.000000
vt 26.411605 17.024215 0.000000
vt 27.336675 15.763685 0.000000
vt 28.201636 14.461175 0.000000
vt 29.004585 13.119548 0.000000
vt 29.743757 11.741754 0.000000
vt 30.417527 10.330824 0.000000
vt 31.024413 8.889859 0.000000
vt 31.563080 7.422028 0.000000
vt 32.032344 5.930558 0.000000
vt 32.431174 4.418730 0.000000
vt 32.758692 2.889867 0.000000
vt 33.014178 1.347331 0.000000
vt 33.197070 -0.205486 0.000000
vt 33.306966 -1.765170 0.000000
vt 33.343625 -3.328291 0.000000
vn -0.002642 0.095397 -0.029874
vn -0.000030 0.095397 -0.029991
vn -0.001648 0.093886 -0.034390
vn -0.000030 0.093886 -0.034430
vn -0.001857 0.092169 -0.038749
vn -0.000030 0.092169 -0.038793
vn -0.002062 0.090249 -0.043022
vn -0.000030 0.090249 -0.043071
vn -0.002262 0.088130 -0.047201
vn -0.000030 0.088130 -0.047255
vn -0.002458 0.085818 -0.051276
vn -0.000030 0.085818 -0.051334
vn -0.002647 0.083317 -0.055238
vn -0.000030 0.083317 -0.055301
vn -0.002831 0.080633 -0.059078
vn -0.000030 0.080633 -0.059146
vn -0.003009 0.077772 -0.062789
vn -0.000030 0.077772 -0.062861
vn -0.003181 0.074740 -0.066362
vn -0.000030 0.074740 -0.066438
vn -0.003345 0.071543 -0.069788
vn -0.000030 0.071543 -0.069869
vn -0.003502 0.068189 -0.073062
vn -0.000030 0.068189 -0.073146
vn -0.003651 0.064685 -0.076174
vn -0.000030 0.064685 -0.076262
vn -0.003792 0.061039 -0.079120
vn -0.000030 0.061039 -0.079210
vn -0.003925 0.057258 -0.081891
vn -0.000030 0.057258 -0.081985
vn -0.004049 0.053352 -0.084482
vn -0.000030 0.053352 -0.084579
vn -0.004164 0.049328 -0.086887
vn -0.000030 0.049328 -0.086987
vn -0.004270 0.045196 -0.089101
vn -0.000030 0.045196 -0.089204
vn -0.004367 0.040965 -0.091120
vn -0.000030 0.040965 -0.091224
vn -0.004454 0.036643 -0.092938
vn -0.000030 0.036643 -0.093045
vn -0.004532 0.032241 -0.094551
vn -0.000030 0.032241 -0.094660
vn -0.004599 0.027768 -0.095957
vn -0.000030 0.027768 -0.096067
vn -0.004656 0.023234 -0.097152
vn -0.000030 0.023234 -0.097263
vn -0.004703 0.018649 -0.098133
vn -0.000030 0.018649 -0.098246
vn -0.004740 0.014023 -0.098898
vn -0.000030 0.014023 -0.099012
vn -0.004766 0.009366 -0.099446
vn -0.000030 0.009366 -0.099560
vn -0.004782 0.004688 -0.099776
vn -0.000030 0.004688 -0.099890
vn -0.004787 0.000000 -0.099885
vn -0.000030 0.000000 -0.100000
vn -0.009523 0.004688 -0.099435
vn -0.009534 0.000000 -0.099545
vn -0.014243 0.004688 -0.098869
vn -0.014258 0.000000 -0.098978
vn -0.018930 0.004688 -0.098080
vn -0.018951 0.000000 -0.098188
vn -0.023575 0.004688 -0.097068
vn -0.023601 0.000000 -0.097175
vn -0.028166 0.004688 -0.095837
vn -0.028197 0.000000 -0.095942
vn -0.032693 0.004688 -0.094388
vn -0.032729 0.000000 -0.094492
vn -0.037146 0.004688 -0.092726
vn -0.037187 0.000000 -0.092828
vn -0.041516 0.004688 -0.090854
vn -0.041561 0.000000 -0.090954
vn -0.045791 0.004688 -0.088776
vn -0.045841 0.000000 -0.088874
vn -0.050017 0.000000 -0.086593
vn -0.049964 0.004688 -0.086496
vn -0.054080 0.000000 -0.084115
vn -0.054021 0.004688 -0.084023
vn -0.057957 0.004688 -0.081358
vn -0.057765 0.009366 -0.081089
vn -0.061558 0.009366 -0.078249
vn -0.061219 0.014023 -0.077818
vn -0.064851 0.014023 -0.074818
vn -0.064349 0.018649 -0.074239
vn -0.067808 0.018649 -0.071093
vn -0.067130 0.023234 -0.070383
vn -0.070403 0.023234 -0.067109
vn -0.069537 0.027768 -0.066284
vn -0.072611 0.027768 -0.062901
vn -0.071548 0.032241 -0.061979
vn -0.074415 0.032241 -0.058505
vn -0.073145 0.036643 -0.057507
vn -0.075798 0.036643 -0.053962
vn -0.074315 0.040965 -0.052907
vn -0.076748 0.040965 -0.049311
vn -0.075048 0.045196 -0.048219
vn -0.079011 0.040965 -0.045598
vn -0.077261 0.045196 -0.044587
vn -0.081087 0.040965 -0.041794
vn -0.079291 0.045196 -0.040868
vn -0.081146 0.045196 -0.037050
vn -0.079129 0.049328 -0.036129
vn -0.080758 0.049328 -0.032324
vn -0.078523 0.053352 -0.031429
vn -0.079929 0.053352 -0.027658
vn -0.077477 0.057258 -0.026810
vn -0.078665 0.057258 -0.023093
vn -0.076003 0.061039 -0.022312
vn -0.076978 0.061039 -0.018671
vn -0.074113 0.064685 -0.017976
vn -0.074884 0.064685 -0.014430
vn -0.071824 0.068189 -0.013840
vn -0.072401 0.068189 -0.010408
vn -0.069158 0.071543 -0.009941
vn -0.069552 0.071543 -0.006640
vn -0.066137 0.074740 -0.006314
vn -0.066363 0.074740 -0.003161
vn -0.062790 0.077772 -0.002990
vn -0.062861 0.077772 -0.000000
vn -0.059146 0.080633 -0.000000
vn -0.058020 0.000000 -0.081447
vn -0.061761 0.004688 -0.078508
vn -0.065211 0.009366 -0.075232
vn -0.068337 0.014023 -0.071648
vn -0.071114 0.018649 -0.067787
vn -0.073516 0.023234 -0.063684
vn -0.075522 0.027768 -0.059375
vn -0.077114 0.032241 -0.054899
vn -0.078280 0.036643 -0.050295
vn -0.080587 0.036643 -0.046509
vn -0.082705 0.036643 -0.042628
vn -0.082984 0.040965 -0.037889
vn -0.082816 0.045196 -0.033148
vn -0.082205 0.049328 -0.028445
vn -0.081154 0.053352 -0.023824
vn -0.079675 0.057258 -0.019325
vn -0.077779 0.061039 -0.014988
vn -0.075486 0.064685 -0.010851
vn -0.072815 0.068189 -0.006952
vn -0.069789 0.071543 -0.003324
vn -0.066438 0.074740 -0.000000
vn -0.061829 0.000000 -0.078595
vn -0.065426 0.004688 -0.075481
vn -0.068716 0.009366 -0.072045
vn -0.071668 0.014023 -0.068316
vn -0.074258 0.018649 -0.064327
vn -0.076462 0.023234 -0.060115
vn -0.078261 0.027768 -0.055715
vn -0.079639 0.032241 -0.051168
vn -0.081986 0.032241 -0.047317
vn -0.084141 0.032241 -0.043368
vn -0.084639 0.036643 -0.038645
vn -0.084692 0.040965 -0.033899
vn -0.084299 0.045196 -0.029170
vn -0.083465 0.049328 -0.024502
vn -0.082196 0.053352 -0.019936
vn -0.080504 0.057258 -0.015513
vn -0.078404 0.061039 -0.011271
vn -0.075917 0.064685 -0.007248
vn -0.073063 0.068189 -0.003480
vn -0.069869 0.071543 -0.000000
vn -0.065498 0.000000 -0.075564
vn -0.068943 0.004688 -0.072283
vn -0.072065 0.009366 -0.068694
vn -0.074837 0.014023 -0.064829
vn -0.077234 0.018649 -0.060722
vn -0.079235 0.023234 -0.056409
vn -0.080823 0.027768 -0.051929
vn -0.083204 0.027768 -0.048021
vn -0.085392 0.027768 -0.044013
vn -0.086109 0.032241 -0.039316
vn -0.086382 0.036643 -0.034575
vn -0.086209 0.040965 -0.029831
vn -0.085592 0.045196 -0.025127
vn -0.084536 0.049328 -0.020504
vn -0.083051 0.053352 -0.016004
vn -0.081151 0.057258 -0.011665
vn -0.078852 0.061039 -0.007528
vn -0.076175 0.064685 -0.003628
vn -0.073146 0.068189 -0.000000
vn -0.069019 0.000000 -0.072363
vn -0.072304 0.004688 -0.068922
vn -0.075252 0.009366 -0.065188
vn -0.077836 0.014023 -0.061195
vn -0.080035 0.018649 -0.056979
vn -0.081829 0.023234 -0.052576
vn -0.084240 0.023234 -0.048620
vn -0.086455 0.023234 -0.044561
vn -0.087389 0.027768 -0.039901
vn -0.087882 0.032241 -0.035175
vn -0.087929 0.036643 -0.030426
vn -0.087531 0.040965 -0.025696
vn -0.086690 0.045196 -0.021027
vn -0.085416 0.049328 -0.016459
vn -0.083718 0.053352 -0.012035
vn -0.081614 0.057258 -0.007792
vn -0.079121 0.061039 -0.003768
vn -0.076262 0.064685 -0.000000
vn -0.072383 0.000000 -0.068997
vn -0.075501 0.004688 -0.065404
vn -0.078268 0.009366 -0.061534
vn -0.080660 0.014023 -0.057423
vn -0.082655 0.018649 -0.053107
vn -0.085090 0.018649 -0.049111
vn -0.087328 0.018649 -0.045011
vn -0.088477 0.023234 -0.040397
vn -0.089188 0.027768 -0.035698
vn -0.089456 0.032241 -0.030955
vn -0.089277 0.036643 -0.026209
vn -0.088654 0.040965 -0.021503
vn -0.087592 0.045196 -0.016879
vn -0.086102 0.049328 -0.012377
vn -0.084196 0.053352 -0.008038
vn -0.081892 0.057258 -0.003900
vn -0.079210 0.061039 -0.000000
vn -0.075584 0.000000 -0.065476
vn -0.078527 0.004688 -0.061738
vn -0.081106 0.009366 -0.057741
vn -0.083300 0.014023 -0.053521
vn -0.085753 0.014023 -0.049495
vn -0.088009 0.014023 -0.045362
vn -0.089371 0.018649 -0.040805
vn -0.090299 0.023234 -0.036143
vn -0.090786 0.027768 -0.031415
vn -0.090827 0.032241 -0.026664
vn -0.090423 0.036643 -0.021932
vn -0.089576 0.040965 -0.017261
vn -0.088296 0.045196 -0.012693
vn -0.086593 0.049328 -0.008267
vn -0.084483 0.053352 -0.004024
vn -0.081985 0.057258 -0.000000
vn -0.078613 0.000000 -0.061806
vn -0.081375 0.004688 -0.057932
vn -0.083761 0.009366 -0.053817
vn -0.086228 0.009366 -0.049770
vn -0.088497 0.009366 -0.045613
vn -0.090068 0.014023 -0.041124
vn -0.091211 0.018649 -0.036508
vn -0.091916 0.023234 -0.031806
vn -0.092177 0.027768 -0.027060
vn -0.091993 0.032241 -0.022313
vn -0.091364 0.036643 -0.017605
vn -0.090296 0.040965 -0.012980
vn -0.088800 0.045196 -0.008478
vn -0.086888 0.049328 -0.004138
vn -0.084579 0.053352 -0.000000
vn -0.081464 0.000000 -0.057996
vn -0.084039 0.004688 -0.053995
vn -0.086513 0.004688 -0.049936
vn -0.088790 0.004688 -0.045764
vn -0.090567 0.009366 -0.041352
vn -0.091922 0.014023 -0.036792
vn -0.092844 0.018649 -0.032127
vn -0.093325 0.023234 -0.027397
vn -0.093360 0.027768 -0.022644
vn -0.092950 0.032241 -0.017911
vn -0.092098 0.036643 -0.013239
vn -0.090812 0.040965 -0.008670
vn -0.089103 0.045196 -0.004244
vn -0.086987 0.049328 -0.000000
vn -0.084131 0.000000 -0.054055
vn -0.086608 0.000000 -0.049991
vn -0.088888 0.000000 -0.045815
vn -0.090867 0.004688 -0.041488
vn -0.092431 0.009366 -0.036996
vn -0.093568 0.014023 -0.032378
vn -0.094268 0.018649 -0.027674
vn -0.094523 0.023234 -0.022926
vn -0.094332 0.027768 -0.018177
vn -0.093697 0.032241 -0.013469
vn -0.092623 0.036643 -0.008843
vn -0.091121 0.040965 -0.004340
vn -0.089204 0.045196 -0.000000
vn -0.090967 0.000000 -0.041534
vn -0.092737 0.004688 -0.037119
vn -0.094087 0.009366 -0.032557
vn -0.095003 0.014023 -0.027890
vn -0.095477 0.018649 -0.023158
vn -0.095506 0.023234 -0.018404
vn -0.095090 0.027768 -0.013669
vn -0.094232 0.032241 -0.008996
vn -0.092939 0.036643 -0.004426
vn -0.091224 0.040965 -0.000000
vn -0.092839 0.000000 -0.037159
vn -0.094398 0.004688 -0.032665
vn -0.095529 0.009366 -0.028044
vn -0.096222 0.014023 -0.023339
vn -0.096471 0.018649 -0.018590
vn -0.096274 0.023234 -0.013839
vn -0.095633 0.027768 -0.009130
vn -0.094553 0.032241 -0.004503
vn -0.093045 0.036643 -0.000000
vn -0.094502 0.000000 -0.032701
vn -0.095845 0.004688 -0.028137
vn -0.096755 0.009366 -0.023468
vn -0.097223 0.014023 -0.018735
vn -0.097246 0.018649 -0.013979
vn -0.096823 0.023234 -0.009244
vn -0.095959 0.027768 -0.004570
vn -0.094660 0.032241 -0.000000
vn -0.095951 0.000000 -0.028168
vn -0.097075 0.004688 -0.023546
vn -0.097762 0.009366 -0.018838
vn -0.098005 0.014023 -0.014088
vn -0.097801 0.018649 -0.009337
vn -0.097153 0.023234 -0.004627
vn -0.096067 0.027768 -0.000000
vn -0.097182 0.000000 -0.023571
vn -0.098086 0.004688 -0.018901
vn -0.098547 0.009366 -0.014166
vn -0.098564 0.014023 -0.009410
vn -0.098135 0.018649 -0.004674
vn -0.097263 0.023234 -0.000000
vn -0.098194 0.000000 -0.018922
vn -0.098874 0.004688 -0.014213
vn -0.099110 0.009366 -0.009462
vn -0.098900 0.014023 -0.004710
vn -0.098246 0.018649 -0.000000
vn -0.098983 0.000000 -0.014229
vn -0.099438 0.004688 -0.009493
vn -0.099448 0.009366 -0.004736
vn -0.099012 0.014023 -0.000000
vn -0.099547 0.000000 -0.009504
vn -0.099777 0.004688 -0.004752
vn -0.099560 0.009366 -0.000000
vn -0.099887 0.000000 -0.004757
vn -0.099890 0.004688 -0.000000
vn -0.100000 0.000000 -0.000000
vn -0.059079 0.080633 -0.002814
vn -0.055301 0.083317 -0.000000
vn -0.055238 0.083317 -0.002631
vn -0.051334 0.085818 -0.000000
vn -0.051276 0.085818 -0.002442
vn -0.047255 0.088130 -0.000000
vn -0.047201 0.088130 -0.002248
vn -0.043071 0.090249 -0.000000
vn -0.043023 0.090249 -0.002049
vn -0.038793 0.092169 -0.000000
vn -0.038749 0.092169 -0.001846
vn -0.034430 0.093886 -0.000000
vn -0.034391 0.093886 -0.001638
vn -0.029991 0.095397 -0.000000
vn -0.029877 0.095397 -0.002612
vn -0.029536 0.095397 -0.005205
vn -0.034080 0.093886 -0.004899
vn -0.034274 0.093886 -0.003272
vn -0.038618 0.092169 -0.003687
vn -0.042877 0.090249 -0.004093
vn -0.047041 0.088130 -0.004491
vn -0.051102 0.085818 -0.004879
vn -0.055051 0.083317 -0.005256
vn -0.058878 0.080633 -0.005621
vn -0.062577 0.077772 -0.005974
vn -0.028970 0.095397 -0.007757
vn -0.033460 0.093886 -0.008116
vn -0.033808 0.093886 -0.006515
vn -0.038093 0.092169 -0.007340
vn -0.038399 0.092169 -0.005520
vn -0.042293 0.090249 -0.008150
vn -0.042633 0.090249 -0.006129
vn -0.046401 0.088130 -0.008941
vn -0.046774 0.088130 -0.006724
vn -0.050407 0.085818 -0.009713
vn -0.050812 0.085818 -0.007304
vn -0.054302 0.083317 -0.010464
vn -0.054738 0.083317 -0.007869
vn -0.058078 0.080633 -0.011191
vn -0.058544 0.080633 -0.008416
vn -0.061726 0.077772 -0.011894
vn -0.062222 0.077772 -0.008944
vn -0.065238 0.074740 -0.012571
vn -0.065762 0.074740 -0.009453
vn -0.068606 0.071543 -0.013220
vn -0.033036 0.093886 -0.009698
vn -0.028184 0.095397 -0.010251
vn -0.032537 0.093886 -0.011259
vn -0.031965 0.093886 -0.012794
vn -0.036016 0.092169 -0.014415
vn -0.035289 0.092169 -0.016112
vn -0.039181 0.090249 -0.017889
vn -0.038285 0.090249 -0.019733
vn -0.042004 0.088130 -0.021650
vn -0.037308 0.090249 -0.021524
vn -0.040931 0.088130 -0.023615
vn -0.036237 0.090249 -0.023282
vn -0.039756 0.088130 -0.025544
vn -0.038496 0.088130 -0.027406
vn -0.041819 0.085818 -0.029772
vn -0.040356 0.085818 -0.031728
vn -0.043474 0.083317 -0.034179
vn -0.041799 0.083317 -0.036209
vn -0.044705 0.080633 -0.038726
vn -0.042812 0.080633 -0.040809
vn -0.045501 0.077772 -0.043373
vn -0.043386 0.077772 -0.045488
vn -0.045855 0.074740 -0.048076
vn -0.043516 0.074740 -0.050203
vn -0.045763 0.071543 -0.052796
vn -0.043199 0.071543 -0.054913
vn -0.045226 0.068189 -0.057489
vn -0.042439 0.068189 -0.059575
vn -0.044247 0.064685 -0.062113
vn -0.041243 0.064685 -0.064148
vn -0.042837 0.061039 -0.066628
vn -0.038161 0.064685 -0.066027
vn -0.039635 0.061039 -0.068581
vn -0.034959 0.064685 -0.067777
vn -0.036311 0.061039 -0.070397
vn -0.032921 0.061039 -0.072045
vn -0.034074 0.057258 -0.074568
vn -0.030488 0.057258 -0.076105
vn -0.031453 0.053352 -0.078513
vn -0.027682 0.053352 -0.079920
vn -0.028470 0.049328 -0.082196
vn -0.024528 0.049328 -0.083457
vn -0.025153 0.045196 -0.085584
vn -0.021053 0.045196 -0.086684
vn -0.021530 0.040965 -0.088647
vn -0.017288 0.040965 -0.089571
vn -0.017633 0.036643 -0.091358
vn -0.013267 0.036643 -0.092094
vn -0.013497 0.032241 -0.093693
vn -0.009025 0.032241 -0.094229
vn -0.009159 0.027768 -0.095630
vn -0.027184 0.095397 -0.012667
vn -0.031320 0.093886 -0.014300
vn -0.034482 0.092169 -0.017773
vn -0.033602 0.092169 -0.019386
vn -0.032637 0.092169 -0.020970
vn -0.035088 0.090249 -0.024980
vn -0.037149 0.088130 -0.029206
vn -0.038801 0.085818 -0.033612
vn -0.040029 0.083317 -0.038156
vn -0.040822 0.080633 -0.042800
vn -0.041173 0.077772 -0.047501
vn -0.041078 0.074740 -0.052217
vn -0.040538 0.071543 -0.056906
vn -0.039557 0.068189 -0.061526
vn -0.036603 0.068189 -0.063329
vn -0.033531 0.068189 -0.065007
vn -0.031695 0.064685 -0.069363
vn -0.029456 0.061039 -0.073530
vn -0.026833 0.057258 -0.077469
vn -0.023849 0.053352 -0.081147
vn -0.020529 0.049328 -0.084530
vn -0.016905 0.045196 -0.087587
vn -0.013007 0.040965 -0.090292
vn -0.008871 0.036643 -0.092621
vn -0.030604 0.093886 -0.015774
vn -0.025978 0.095397 -0.014987
vn -0.029823 0.093886 -0.017205
vn -0.028966 0.093886 -0.018611
vn -0.024574 0.095397 -0.017192
vn -0.028048 0.093886 -0.019968
vn -0.031603 0.092169 -0.022499
vn -0.030497 0.092169 -0.023977
vn -0.033860 0.090249 -0.026621
vn -0.032555 0.090249 -0.028201
vn -0.035717 0.088130 -0.030941
vn -0.034205 0.088130 -0.032605
vn -0.037158 0.085818 -0.035419
vn -0.035431 0.085818 -0.037147
vn -0.038168 0.083317 -0.040017
vn -0.036221 0.083317 -0.041788
vn -0.038740 0.080633 -0.044693
vn -0.036570 0.080633 -0.046486
vn -0.038867 0.077772 -0.049405
vn -0.036472 0.077772 -0.051199
vn -0.038548 0.074740 -0.054112
vn -0.035930 0.074740 -0.055884
vn -0.037785 0.071543 -0.058770
vn -0.033248 0.074740 -0.057520
vn -0.034964 0.071543 -0.060491
vn -0.030456 0.074740 -0.059046
vn -0.032029 0.071543 -0.062095
vn -0.029038 0.071543 -0.063548
vn -0.030400 0.068189 -0.066529
vn -0.027201 0.068189 -0.067900
vn -0.028360 0.064685 -0.070793
vn -0.024960 0.064685 -0.072062
vn -0.025925 0.061039 -0.074848
vn -0.022335 0.061039 -0.075996
vn -0.023117 0.057258 -0.078658
vn -0.019349 0.057258 -0.079669
vn -0.019961 0.053352 -0.082190
vn -0.016029 0.053352 -0.083046
vn -0.016485 0.049328 -0.085411
vn -0.012403 0.049328 -0.086098
vn -0.012719 0.045196 -0.088292
vn -0.008504 0.045196 -0.088797
vn -0.008697 0.040965 -0.090809
vn -0.027066 0.093886 -0.021280
vn -0.022983 0.095397 -0.019267
vn -0.026023 0.093886 -0.022543
vn -0.024922 0.093886 -0.023756
vn -0.028080 0.092169 -0.026766
vn -0.026775 0.092169 -0.028072
vn -0.029728 0.090249 -0.031168
vn -0.028211 0.090249 -0.032547
vn -0.030951 0.088130 -0.035708
vn -0.029217 0.088130 -0.037140
vn -0.031740 0.085818 -0.040346
vn -0.029784 0.085818 -0.041810
vn -0.032086 0.083317 -0.045041
vn -0.029907 0.083317 -0.046517
vn -0.031986 0.080633 -0.049751
vn -0.027677 0.083317 -0.047877
vn -0.029601 0.080633 -0.051206
vn -0.025351 0.083317 -0.049148
vn -0.027113 0.080633 -0.052565
vn -0.024582 0.080633 -0.053796
vn -0.026126 0.077772 -0.057175
vn -0.023376 0.077772 -0.058353
vn -0.024706 0.074740 -0.061673
vn -0.021745 0.074740 -0.062779
vn -0.022867 0.071543 -0.066020
vn -0.019701 0.071543 -0.067034
vn -0.020625 0.068189 -0.070178
vn -0.017263 0.068189 -0.071079
vn -0.017998 0.064685 -0.074108
vn -0.014452 0.064685 -0.074880
vn -0.015011 0.061039 -0.077775
vn -0.011294 0.061039 -0.078401
vn -0.011690 0.057258 -0.081147
vn -0.007816 0.057258 -0.081611
vn -0.008063 0.053352 -0.084194
vn -0.021217 0.095397 -0.021196
vn -0.023763 0.093886 -0.024914
vn -0.025409 0.092169 -0.029314
vn -0.026631 0.090249 -0.033852
vn -0.027418 0.088130 -0.038488
vn -0.027762 0.085818 -0.043180
vn -0.025693 0.085818 -0.044442
vn -0.023532 0.085818 -0.045623
vn -0.022984 0.083317 -0.050299
vn -0.021995 0.080633 -0.054904
vn -0.020574 0.077772 -0.059399
vn -0.018733 0.074740 -0.063742
vn -0.016489 0.071543 -0.067895
vn -0.013862 0.068189 -0.071820
vn -0.010874 0.064685 -0.075483
vn -0.007552 0.061039 -0.078850
vn -0.019290 0.095397 -0.022964
vn -0.022551 0.093886 -0.026017
vn -0.023986 0.092169 -0.030489
vn -0.024990 0.090249 -0.035080
vn -0.025556 0.088130 -0.039748
vn -0.023652 0.088130 -0.040910
vn -0.021662 0.088130 -0.041997
vn -0.021335 0.085818 -0.046691
vn -0.020565 0.083317 -0.051335
vn -0.019358 0.080633 -0.055889
vn -0.017725 0.077772 -0.060310
vn -0.015680 0.074740 -0.064561
vn -0.013241 0.071543 -0.068602
vn -0.010429 0.068189 -0.072398
vn -0.007271 0.064685 -0.075914
vn -0.021288 0.093886 -0.027060
vn -0.017217 0.095397 -0.024556
vn -0.019976 0.093886 -0.028042
vn -0.018620 0.093886 -0.028961
vn -0.020979 0.092169 -0.032631
vn -0.017234 0.093886 -0.029806
vn -0.019418 0.092169 -0.033584
vn -0.015783 0.093886 -0.030599
vn -0.017783 0.092169 -0.034477
vn -0.016123 0.092169 -0.035284
vn -0.017901 0.090249 -0.039175
vn -0.016017 0.090249 -0.039983
vn -0.017573 0.088130 -0.043866
vn -0.015466 0.088130 -0.044652
vn -0.016801 0.085818 -0.048507
vn -0.014475 0.085818 -0.049251
vn -0.015593 0.083317 -0.053057
vn -0.013051 0.083317 -0.053739
vn -0.013959 0.080633 -0.057475
vn -0.011209 0.080633 -0.058074
vn -0.011913 0.077772 -0.061722
vn -0.008963 0.077772 -0.062219
vn -0.009473 0.074740 -0.065759
vn -0.006334 0.074740 -0.066135
vn -0.006661 0.071543 -0.069550
vn -0.015013 0.095397 -0.025963
vn -0.012694 0.095397 -0.027172
vn -0.014310 0.093886 -0.031315
vn -0.012804 0.093886 -0.031961
vn -0.014426 0.092169 -0.036011
vn -0.012697 0.092169 -0.036657
vn -0.014097 0.090249 -0.040699
vn -0.012145 0.090249 -0.041324
vn -0.013324 0.088130 -0.045337
vn -0.011152 0.088130 -0.045920
vn -0.012115 0.085818 -0.049884
vn -0.009728 0.085818 -0.050404
vn -0.010480 0.083317 -0.054299
vn -0.007885 0.083317 -0.054736
vn -0.008433 0.080633 -0.058542
vn -0.005639 0.080633 -0.058877
vn -0.005993 0.077772 -0.062575
vn -0.010279 0.095397 -0.028174
vn -0.011269 0.093886 -0.032534
vn -0.010938 0.092169 -0.037219
vn -0.010165 0.090249 -0.041855
vn -0.008955 0.088130 -0.046399
vn -0.007320 0.085818 -0.050810
vn -0.005272 0.083317 -0.055049
vn -0.009708 0.093886 -0.033033
vn -0.007786 0.095397 -0.028962
vn -0.008126 0.093886 -0.033457
vn -0.005234 0.095397 -0.029530
vn -0.006525 0.093886 -0.033806
vn -0.004909 0.093886 -0.034078
vn -0.005531 0.092169 -0.038397
vn -0.003698 0.092169 -0.038617
vn -0.004106 0.090249 -0.042875
vn -0.003282 0.093886 -0.034273
vn -0.009492 0.009366 -0.099107
vn -0.014196 0.009366 -0.098543
vn -0.018868 0.009366 -0.097756
vn -0.023497 0.009366 -0.096748
vn -0.028073 0.009366 -0.095521
vn -0.032585 0.009366 -0.094077
vn -0.037024 0.009366 -0.092420
vn -0.041379 0.009366 -0.090554
vn -0.045640 0.009366 -0.088483
vn -0.009439 0.014023 -0.098561
vn -0.014118 0.014023 -0.098000
vn -0.018764 0.014023 -0.097218
vn -0.023367 0.014023 -0.096215
vn -0.027918 0.014023 -0.094994
vn -0.032406 0.014023 -0.093559
vn -0.036820 0.014023 -0.091911
vn -0.041151 0.014023 -0.090055
vn -0.045388 0.014023 -0.087996
vn -0.049800 0.009366 -0.086210
vn -0.009366 0.018649 -0.097798
vn -0.014008 0.018649 -0.097242
vn -0.018619 0.018649 -0.096465
vn -0.023187 0.018649 -0.095470
vn -0.027702 0.018649 -0.094259
vn -0.032155 0.018649 -0.092835
vn -0.036535 0.018649 -0.091200
vn -0.040832 0.018649 -0.089359
vn -0.045037 0.018649 -0.087315
vn -0.049528 0.014023 -0.085734
vn -0.053842 0.009366 -0.083745
vn -0.009273 0.023234 -0.096820
vn -0.013868 0.023234 -0.096270
vn -0.018432 0.023234 -0.095501
vn -0.022955 0.023234 -0.094516
vn -0.027425 0.023234 -0.093317
vn -0.031833 0.023234 -0.091907
vn -0.036170 0.023234 -0.090288
vn -0.040424 0.023234 -0.088465
vn -0.044587 0.023234 -0.086442
vn -0.049146 0.018649 -0.085070
vn -0.053546 0.014023 -0.083284
vn -0.057447 0.014023 -0.080642
vn -0.008293 0.049328 -0.086591
vn -0.006973 0.068189 -0.072812
vn -0.004894 0.085818 -0.051101
vn -0.004505 0.088130 -0.047040
vn -0.013698 0.027768 -0.095086
vn -0.017939 0.032241 -0.092945
vn -0.021959 0.036643 -0.090416
vn -0.025722 0.040965 -0.087523
vn -0.029196 0.045196 -0.084291
vn -0.032348 0.049328 -0.080749
vn -0.035152 0.053352 -0.076928
vn -0.037583 0.057258 -0.072863
vn -0.041023 0.057258 -0.070983
vn -0.044337 0.057258 -0.068961
vn -0.045958 0.061039 -0.064515
vn -0.047152 0.064685 -0.059938
vn -0.047909 0.068189 -0.055272
vn -0.048223 0.071543 -0.050559
vn -0.048090 0.074740 -0.045840
vn -0.047513 0.077772 -0.041159
vn -0.046497 0.080633 -0.036556
vn -0.045051 0.083317 -0.032072
vn -0.043188 0.085818 -0.027749
vn -0.044464 0.085818 -0.025654
vn -0.045630 0.085818 -0.023519
vn -0.042986 0.088130 -0.019627
vn -0.039987 0.090249 -0.016005
vn -0.036661 0.092169 -0.012686
vn -0.012060 0.053352 -0.083715
vn -0.009962 0.071543 -0.069155
vn -0.006738 0.088130 -0.046772
vn -0.006141 0.090249 -0.042631
vn -0.018206 0.027768 -0.094327
vn -0.022672 0.027768 -0.093354
vn -0.027088 0.027768 -0.092169
vn -0.031442 0.027768 -0.090776
vn -0.035725 0.027768 -0.089178
vn -0.039927 0.027768 -0.087377
vn -0.044038 0.027768 -0.085379
vn -0.048656 0.023234 -0.084219
vn -0.053131 0.018649 -0.082639
vn -0.057003 0.018649 -0.080018
vn -0.060745 0.018649 -0.077216
vn -0.015537 0.057258 -0.080499
vn -0.012591 0.074740 -0.065234
vn -0.008162 0.090249 -0.042291
vn -0.007352 0.092169 -0.038090
vn -0.022340 0.032241 -0.091986
vn -0.026236 0.036643 -0.089269
vn -0.029857 0.040965 -0.086200
vn -0.033172 0.045196 -0.082806
vn -0.036153 0.049328 -0.079118
vn -0.038772 0.053352 -0.075169
vn -0.042319 0.053352 -0.073230
vn -0.045740 0.053352 -0.071143
vn -0.047568 0.057258 -0.066774
vn -0.048975 0.061039 -0.062255
vn -0.049950 0.064685 -0.057627
vn -0.050484 0.068189 -0.052930
vn -0.050573 0.071543 -0.048207
vn -0.050216 0.074740 -0.043501
vn -0.049417 0.077772 -0.038852
vn -0.048183 0.080633 -0.034302
vn -0.046525 0.083317 -0.029893
vn -0.047900 0.083317 -0.027637
vn -0.049156 0.083317 -0.025336
vn -0.046697 0.085818 -0.021321
vn -0.043871 0.088130 -0.017560
vn -0.040703 0.090249 -0.014085
vn -0.037223 0.092169 -0.010927
vn -0.018694 0.061039 -0.076973
vn -0.014836 0.077772 -0.061085
vn -0.009155 0.092169 -0.037697
vn -0.026691 0.032241 -0.090819
vn -0.030981 0.032241 -0.089446
vn -0.035202 0.032241 -0.087871
vn -0.039342 0.032241 -0.086097
vn -0.043393 0.032241 -0.084128
vn -0.048059 0.027768 -0.083182
vn -0.052600 0.023234 -0.081813
vn -0.056433 0.023234 -0.079218
vn -0.060138 0.023234 -0.076444
vn -0.063706 0.023234 -0.073496
vn -0.021503 0.064685 -0.073167
vn -0.016677 0.080633 -0.056746
vn -0.030453 0.036643 -0.087920
vn -0.033924 0.040965 -0.084682
vn -0.037074 0.045196 -0.081134
vn -0.039876 0.049328 -0.077309
vn -0.043523 0.049328 -0.075316
vn -0.047043 0.049328 -0.073169
vn -0.049073 0.053352 -0.068887
vn -0.050691 0.057258 -0.064436
vn -0.051882 0.061039 -0.059855
vn -0.052635 0.064685 -0.055185
vn -0.052945 0.068189 -0.050469
vn -0.052809 0.071543 -0.045747
vn -0.052229 0.074740 -0.041063
vn -0.051209 0.077772 -0.036457
vn -0.049760 0.080633 -0.031971
vn -0.051230 0.080633 -0.029559
vn -0.052574 0.080633 -0.027098
vn -0.050305 0.083317 -0.022969
vn -0.047659 0.085818 -0.019076
vn -0.044657 0.088130 -0.015453
vn -0.041327 0.090249 -0.012132
vn -0.037700 0.092169 -0.009144
vn -0.023940 0.068189 -0.069117
vn -0.018100 0.083317 -0.052255
vn -0.034601 0.036643 -0.086372
vn -0.038671 0.036643 -0.084628
vn -0.042653 0.036643 -0.082692
vn -0.047356 0.032241 -0.081963
vn -0.051953 0.027768 -0.080807
vn -0.055739 0.027768 -0.078244
vn -0.059398 0.027768 -0.075504
vn -0.062923 0.027768 -0.072593
vn -0.066305 0.027768 -0.069517
vn -0.025982 0.071543 -0.064858
vn -0.019090 0.085818 -0.047653
vn -0.037914 0.040965 -0.082972
vn -0.040892 0.045196 -0.079279
vn -0.044631 0.045196 -0.077236
vn -0.048241 0.045196 -0.075034
vn -0.050470 0.049328 -0.070848
vn -0.052295 0.053352 -0.066474
vn -0.053699 0.057258 -0.061951
vn -0.054670 0.061039 -0.057319
vn -0.055201 0.064685 -0.052619
vn -0.055286 0.068189 -0.047893
vn -0.054926 0.071543 -0.043183
vn -0.054123 0.074740 -0.038531
vn -0.052886 0.077772 -0.033980
vn -0.054448 0.077772 -0.031416
vn -0.055876 0.077772 -0.028800
vn -0.053803 0.080633 -0.024566
vn -0.051341 0.083317 -0.020550
vn -0.048512 0.085818 -0.016787
vn -0.045341 0.088130 -0.013311
vn -0.041858 0.090249 -0.010153
vn -0.027612 0.074740 -0.060428
vn -0.019640 0.088130 -0.042980
vn -0.041818 0.040965 -0.081075
vn -0.046550 0.036643 -0.080563
vn -0.051192 0.032241 -0.079623
vn -0.054922 0.032241 -0.077098
vn -0.058528 0.032241 -0.074398
vn -0.062001 0.032241 -0.071529
vn -0.065333 0.032241 -0.068499
vn -0.068518 0.032241 -0.065313
vn -0.028816 0.077772 -0.055867
vn -0.019744 0.090249 -0.038279
vn -0.045640 0.040965 -0.078986
vn -0.049334 0.040965 -0.076733
vn -0.051756 0.045196 -0.072654
vn -0.053784 0.049328 -0.068367
vn -0.055398 0.053352 -0.063911
vn -0.056585 0.057258 -0.059326
vn -0.057335 0.061039 -0.054653
vn -0.057642 0.064685 -0.049933
vn -0.057502 0.068189 -0.045208
vn -0.056918 0.071543 -0.040521
vn -0.055895 0.074740 -0.035913
vn -0.057545 0.074740 -0.033204
vn -0.059055 0.074740 -0.030438
vn -0.057183 0.077772 -0.026109
vn -0.054911 0.080633 -0.021978
vn -0.052261 0.083317 -0.018084
vn -0.049256 0.085818 -0.014460
vn -0.045923 0.088130 -0.011139
vn -0.031459 0.077772 -0.054423
vn -0.021559 0.090249 -0.037288
vn -0.050319 0.036643 -0.078264
vn -0.053985 0.036643 -0.075782
vn -0.057529 0.036643 -0.073128
vn -0.060943 0.036643 -0.070308
vn -0.064218 0.036643 -0.067330
vn -0.067349 0.036643 -0.064198
vn -0.070327 0.036643 -0.060922
vn -0.033995 0.077772 -0.052876
vn -0.023293 0.090249 -0.036230
vn -0.052929 0.040965 -0.074300
vn -0.055154 0.045196 -0.070109
vn -0.056975 0.049328 -0.065731
vn -0.058376 0.053352 -0.061204
vn -0.059343 0.057258 -0.056567
vn -0.059870 0.061039 -0.051864
vn -0.059952 0.064685 -0.047134
vn -0.059588 0.068189 -0.042422
vn -0.058781 0.071543 -0.037767
vn -0.060517 0.071543 -0.034919
vn -0.062105 0.071543 -0.032010
vn -0.060436 0.074740 -0.027594
vn -0.058360 0.077772 -0.023359
vn -0.055894 0.080633 -0.019341
vn -0.053062 0.083317 -0.015577
vn -0.049888 0.085818 -0.012100
vn -0.034317 0.080633 -0.048173
vn -0.022508 0.092169 -0.031596
vn -0.056404 0.040965 -0.071697
vn -0.059751 0.040965 -0.068933
vn -0.062962 0.040965 -0.066012
vn -0.066031 0.040965 -0.062942
vn -0.068951 0.040965 -0.059730
vn -0.071714 0.040965 -0.056382
vn -0.034192 0.083317 -0.043464
vn -0.058427 0.045196 -0.067406
vn -0.060038 0.049328 -0.062946
vn -0.061221 0.053352 -0.058357
vn -0.061967 0.057258 -0.053680
vn -0.062270 0.061039 -0.048957
vn -0.062126 0.064685 -0.044229
vn -0.061538 0.068189 -0.039539
vn -0.063355 0.068189 -0.036558
vn -0.065017 0.068189 -0.033511
vn -0.063557 0.071543 -0.029019
vn -0.061681 0.074740 -0.024688
vn -0.059405 0.077772 -0.020556
vn -0.056751 0.080633 -0.016660
vn -0.053743 0.083317 -0.013035
vn -0.033623 0.085818 -0.038790
vn -0.061568 0.045196 -0.064550
vn -0.064569 0.045196 -0.061548
vn -0.067424 0.045196 -0.058407
vn -0.070126 0.045196 -0.055133
vn -0.072669 0.045196 -0.051735
vn -0.032615 0.088130 -0.034195
vn -0.062964 0.049328 -0.060019
vn -0.063928 0.053352 -0.055379
vn -0.064451 0.057258 -0.050671
vn -0.064528 0.061039 -0.045939
vn -0.064160 0.064685 -0.041223
vn -0.066053 0.064685 -0.038116
vn -0.067787 0.064685 -0.034939
vn -0.066538 0.068189 -0.030380
vn -0.064866 0.071543 -0.025963
vn -0.062785 0.074740 -0.021726
vn -0.060316 0.077772 -0.017707
vn -0.057480 0.080633 -0.013942
vn -0.031177 0.090249 -0.029718
vn -0.065748 0.049328 -0.056955
vn -0.068383 0.049328 -0.053763
vn -0.070863 0.049328 -0.050449
vn -0.073183 0.049328 -0.047021
vn -0.029321 0.092169 -0.025400
vn -0.066490 0.053352 -0.052275
vn -0.066788 0.057258 -0.047548
vn -0.066641 0.061039 -0.042817
vn -0.068607 0.061039 -0.039590
vn -0.070408 0.061039 -0.036290
vn -0.069373 0.064685 -0.031675
vn -0.067908 0.068189 -0.027181
vn -0.066027 0.071543 -0.022848
vn -0.063748 0.074740 -0.018714
vn -0.061090 0.077772 -0.014817
vn -0.068902 0.053352 -0.049052
vn -0.071157 0.053352 -0.045719
vn -0.075341 0.049328 -0.043479
vn -0.068975 0.057258 -0.044317
vn -0.071010 0.057258 -0.040977
vn -0.072874 0.057258 -0.037561
vn -0.072055 0.061039 -0.032899
vn -0.070801 0.064685 -0.028339
vn -0.069124 0.068189 -0.023919
vn -0.067039 0.071543 -0.019681
vn -0.064566 0.074740 -0.015660
vn -0.073256 0.053352 -0.042274
vn -0.077321 0.049328 -0.039853
vn -0.075180 0.053352 -0.038749
vn -0.074579 0.057258 -0.034052
vn -0.073539 0.061039 -0.029434
vn -0.072069 0.064685 -0.024938
vn -0.070184 0.068189 -0.020604
vn -0.067900 0.071543 -0.016469
vn -0.076938 0.053352 -0.035129
vn -0.076114 0.057258 -0.030465
vn -0.074856 0.061039 -0.025902
vn -0.073174 0.064685 -0.021481
vn -0.071085 0.068189 -0.017242
vn -0.000100 -0.000000 -0.100000
vn -0.000100 -0.000000 -0.100000
vn -0.008810 -0.000000 -0.099611
vn -0.008810 -0.000000 -0.099611
vn -0.017452 -0.000000 -0.098465
vn -0.017452 -0.000000 -0.098465
vn -0.025962 -0.000000 -0.096571
vn -0.025962 -0.000000 -0.096571
vn -0.034275 -0.000000 -0.093943
vn -0.034275 -0.000000 -0.093943
vn -0.042327 -0.000000 -0.090600
vn -0.042327 -0.000000 -0.090600
vn -0.050058 -0.000000 -0.086569
vn -0.050058 -0.000000 -0.086569
vn -0.057408 -0.000000 -0.081880
vn -0.057408 -0.000000 -0.081880
vn -0.064321 -0.000000 -0.076569
vn -0.064321 -0.000000 -0.076569
vn -0.070746 -0.000000 -0.070675
vn -0.070746 -0.000000 -0.070675
vn -0.076633 -0.000000 -0.064245
vn -0.076633 -0.000000 -0.064245
vn -0.081938 -0.000000 -0.057326
vn -0.081938 -0.000000 -0.057326
vn -0.086619 -0.000000 -0.049971
vn -0.086619 -0.000000 -0.049971
vn -0.090643 -0.000000 -0.042237
vn -0.090643 -0.000000 -0.042237
vn -0.093977 -0.000000 -0.034181
vn -0.093977 -0.000000 -0.034181
vn -0.096597 -0.000000 -0.025866
vn -0.096597 -0.000000 -0.025866
vn -0.098483 -0.000000 -0.017354
vn -0.098483 -0.000000 -0.017354
vn -0.099620 -0.000000 -0.008710
vn -0.099620 -0.000000 -0.008710
vn -0.100000 0.000000 0.000000
vn -0.100000 0.000000 0.000000
vn -0.000000 0.100000 0.000000
vn -0.000000 0.100000 0.000000
vn -0.001180 0.098079 -0.019473
vn -0.000022 0.098079 -0.019508
vn -0.001768 0.095634 -0.029173
vn -0.000042 0.092390 -0.038265
vn -0.002315 0.092388 -0.038198
vn -0.002841 0.088290 -0.046871
vn -0.004636 0.092388 -0.037986
vn -0.005688 0.088290 -0.046611
vn -0.006989 0.092388 -0.037625
vn -0.008575 0.088290 -0.046167
vn -0.009360 0.092388 -0.037106
vn -0.011485 0.088290 -0.045531
vn -0.011734 0.092388 -0.036425
vn -0.014398 0.088290 -0.044695
vn -0.014096 0.092388 -0.035577
vn -0.017297 0.088290 -0.043655
vn -0.016429 0.092388 -0.034562
vn -0.020159 0.088290 -0.042409
vn -0.018715 0.092388 -0.033380
vn -0.022964 0.088290 -0.040958
vn -0.020941 0.092388 -0.032030
vn -0.025695 0.088290 -0.039303
vn -0.023083 0.092388 -0.030522
vn -0.028324 0.088290 -0.037452
vn -0.025130 0.092388 -0.028861
vn -0.030835 0.088290 -0.035414
vn -0.027063 0.092388 -0.027056
vn -0.033209 0.088290 -0.033198
vn -0.028861 0.092388 -0.025130
vn -0.035414 0.088290 -0.030835
vn -0.030522 0.092388 -0.023085
vn -0.037451 0.088290 -0.028326
vn -0.032030 0.092388 -0.020941
vn -0.039303 0.088290 -0.025695
vn -0.033380 0.092388 -0.018715
vn -0.040958 0.088290 -0.022964
vn -0.034565 0.092388 -0.016424
vn -0.042412 0.088290 -0.020153
vn -0.035581 0.092388 -0.014086
vn -0.043660 0.088290 -0.017285
vn -0.036430 0.092388 -0.011719
vn -0.044701 0.088290 -0.014380
vn -0.037111 0.092388 -0.009339
vn -0.045537 0.088290 -0.011460
vn -0.037629 0.092388 -0.006963
vn -0.046173 0.088290 -0.008544
vn -0.037990 0.092388 -0.004606
vn -0.046615 0.088290 -0.005652
vn -0.038200 0.092388 -0.002281
vn -0.046873 0.088290 -0.002799
vn -0.038272 0.092386 -0.000000
vn -0.055560 0.083145 -0.000000
vn -0.055458 0.083147 -0.003311
vn -0.063486 0.077169 -0.003791
vn -0.063137 0.077169 -0.007655
vn -0.070197 0.070711 -0.008511
vn -0.069530 0.070711 -0.012867
vn -0.075881 0.063599 -0.014042
vn -0.074836 0.063599 -0.018833
vn -0.080633 0.055557 -0.020292
vn -0.079152 0.055557 -0.025463
vn -0.084048 0.046957 -0.027038
vn -0.082091 0.046957 -0.032499
vn -0.085901 0.038268 -0.034008
vn -0.083446 0.038268 -0.039651
vn -0.086378 0.029227 -0.041044
vn -0.083417 0.029227 -0.046769
vn -0.085550 0.019509 -0.047964
vn -0.082091 0.019509 -0.053670
vn -0.083313 0.009595 -0.054468
vn -0.079389 0.009595 -0.060045
vn -0.081938 -0.000000 -0.057326
vn -0.075070 0.009595 -0.065364
vn -0.070417 0.009595 -0.070351
vn -0.065364 0.009595 -0.075070
vn -0.069382 0.019509 -0.069322
vn -0.064405 0.019509 -0.073969
vn -0.067651 0.029227 -0.067596
vn -0.062799 0.029227 -0.072125
vn -0.065353 0.038268 -0.065304
vn -0.060668 0.038268 -0.069677
vn -0.062452 0.046957 -0.062409
vn -0.057977 0.046957 -0.066586
vn -0.058812 0.055557 -0.058775
vn -0.054600 0.055557 -0.062708
vn -0.054582 0.063599 -0.054552
vn -0.050674 0.063599 -0.058200
vn -0.050012 0.070711 -0.049987
vn -0.046433 0.070711 -0.053329
vn -0.044981 0.077169 -0.044962
vn -0.041764 0.077169 -0.047965
vn -0.039292 0.083147 -0.039277
vn -0.036482 0.083147 -0.041900
vn -0.000060 0.083149 -0.055554
vn -0.003361 0.083147 -0.055455
vn -0.006730 0.083147 -0.055148
vn -0.010146 0.083147 -0.054623
vn -0.013588 0.083147 -0.053870
vn -0.017036 0.083147 -0.052881
vn -0.020465 0.083147 -0.051650
vn -0.023851 0.083147 -0.050177
vn -0.027170 0.083147 -0.048460
vn -0.030401 0.083147 -0.046501
vn -0.033512 0.083147 -0.044312
vn -0.003847 0.077169 -0.063483
vn -0.000074 0.070716 -0.070705
vn -0.004278 0.070711 -0.070581
vn -0.004668 0.063599 -0.077028
vn -0.008566 0.070711 -0.070190
vn -0.009348 0.063599 -0.076601
vn -0.012913 0.070711 -0.069522
vn -0.014093 0.063599 -0.075872
vn -0.017294 0.070711 -0.068563
vn -0.018874 0.063599 -0.074826
vn -0.021682 0.070711 -0.067304
vn -0.023663 0.063599 -0.073452
vn -0.026047 0.070711 -0.065739
vn -0.028426 0.063599 -0.071743
vn -0.030357 0.070711 -0.063863
vn -0.033130 0.063599 -0.069696
vn -0.034580 0.070711 -0.061678
vn -0.037739 0.063599 -0.067312
vn -0.038694 0.070711 -0.059184
vn -0.042228 0.063599 -0.064590
vn -0.042653 0.070711 -0.056398
vn -0.046549 0.063599 -0.061549
vn -0.000085 0.055560 -0.083145
vn -0.005030 0.055557 -0.082995
vn -0.010072 0.055557 -0.082535
vn -0.015184 0.055557 -0.081749
vn -0.020336 0.055557 -0.080622
vn -0.025495 0.055557 -0.079142
vn -0.030628 0.055557 -0.077300
vn -0.035696 0.055557 -0.075095
vn -0.040662 0.055557 -0.072526
vn -0.045499 0.055557 -0.069594
vn -0.050155 0.055557 -0.066316
vn -0.005341 0.046957 -0.088128
vn -0.000093 0.038272 -0.092386
vn -0.005589 0.038268 -0.092219
vn -0.005785 0.029227 -0.095458
vn -0.011192 0.038268 -0.091708
vn -0.011585 0.029227 -0.094929
vn -0.016872 0.038268 -0.090834
vn -0.017465 0.029227 -0.094025
vn -0.022596 0.038268 -0.089582
vn -0.023390 0.029227 -0.092729
vn -0.028329 0.038268 -0.087937
vn -0.029324 0.029227 -0.091027
vn -0.034032 0.038268 -0.085892
vn -0.035227 0.029227 -0.088909
vn -0.039663 0.038268 -0.083441
vn -0.041057 0.029227 -0.086372
vn -0.045182 0.038268 -0.080586
vn -0.046769 0.029227 -0.083417
vn -0.050556 0.038268 -0.077328
vn -0.052332 0.029227 -0.080045
vn -0.055730 0.038268 -0.073686
vn -0.057688 0.029227 -0.076275
vn -0.000098 0.019510 -0.098078
vn -0.005933 0.019509 -0.097899
vn -0.011881 0.019509 -0.097356
vn -0.017911 0.019509 -0.096429
vn -0.023988 0.019509 -0.095100
vn -0.030074 0.019509 -0.093354
vn -0.036128 0.019509 -0.091182
vn -0.042106 0.019509 -0.088580
vn -0.047964 0.019509 -0.085550
vn -0.053670 0.019509 -0.082091
vn -0.059163 0.019509 -0.078225
vn -0.006022 0.009595 -0.099356
vn -0.008810 -0.000000 -0.099611
vn -0.012058 0.009595 -0.098806
vn -0.018178 0.009595 -0.097865
vn -0.024345 0.009595 -0.096516
vn -0.030522 0.009595 -0.094744
vn -0.036666 0.009595 -0.092540
vn -0.042327 -0.000000 -0.090600
vn -0.042733 0.009595 -0.089899
vn -0.048679 0.009595 -0.086824
vn -0.050058 -0.000000 -0.086569
vn -0.054468 0.009595 -0.083313
vn -0.057408 -0.000000 -0.081880
vn -0.060044 0.009595 -0.079389
vn -0.086619 0.000000 -0.049971
vn -0.086824 0.009595 -0.048679
vn -0.088586 0.019509 -0.042094
vn -0.088919 0.029227 -0.035202
vn -0.087949 0.038268 -0.028293
vn -0.085620 0.046957 -0.021547
vn -0.081759 0.055557 -0.015130
vn -0.076608 0.063599 -0.009288
vn -0.070585 0.070711 -0.004214
vn -0.070716 0.070705 -0.000000
vn -0.090643 0.000000 -0.042237
vn -0.089905 0.009595 -0.042720
vn -0.091192 0.019509 -0.036102
vn -0.091039 0.029227 -0.029287
vn -0.089594 0.038268 -0.022547
vn -0.086816 0.046957 -0.016065
vn -0.082542 0.055557 -0.010008
vn -0.077032 0.063599 -0.004599
vn -0.092550 0.009595 -0.036640
vn -0.094756 0.009595 -0.030482
vn -0.096529 0.009595 -0.024293
vn -0.097877 0.009595 -0.018112
vn -0.098815 0.009595 -0.011981
vn -0.097366 0.019509 -0.011805
vn -0.097904 0.019509 -0.005846
vn -0.095464 0.029227 -0.005700
vn -0.098079 0.019508 -0.000000
vn -0.092389 0.038265 -0.000000
vn -0.099620 -0.000000 -0.008710
vn -0.099362 0.009595 -0.005933
vn -0.083149 0.055555 -0.000000
vn -0.088133 0.046957 -0.005262
vn -0.092224 0.038268 -0.005506
vn -0.094938 0.029227 -0.011511
vn -0.096441 0.019509 -0.017847
vn -0.082999 0.055557 -0.004956
vn -0.087648 0.046957 -0.010627
vn -0.091716 0.038268 -0.011120
vn -0.090846 0.038268 -0.016811
vn -0.094037 0.029227 -0.017402
vn -0.092742 0.029227 -0.023340
vn -0.095113 0.019509 -0.023936
vn -0.093366 0.019509 -0.030035
vn -0.029175 0.095634 -0.001742
vn -0.019510 0.098078 -0.000000
vn -0.019474 0.098079 -0.001163
vn 0.000000 0.100000 0.000000
vn -0.000000 0.100000 0.000000
vn -0.019367 0.098079 -0.002348
vn 0.000000 0.100000 0.000000
vn -0.019183 0.098079 -0.003550
vn -0.018919 0.098079 -0.004761
vn -0.028343 0.095634 -0.007133
vn -0.027823 0.095634 -0.008950
vn 0.000000 0.100000 0.000000
vn -0.018572 0.098079 -0.005974
vn -0.027175 0.095634 -0.010758
vn 0.000000 0.100000 -0.000000
vn -0.018139 0.098079 -0.007181
vn -0.026398 0.095634 -0.012544
vn -0.017621 0.098079 -0.008373
vn 0.000000 0.100000 0.000000
vn -0.017017 0.098079 -0.009541
vn 0.000000 0.100000 -0.000000
vn -0.016329 0.098079 -0.010676
vn -0.000000 0.100000 0.000000
vn -0.015560 0.098079 -0.011768
vn -0.014713 0.098079 -0.012811
vn -0.022042 0.095634 -0.019192
vn -0.020668 0.095634 -0.020665
vn 0.000000 0.100000 -0.000000
vn -0.013796 0.098079 -0.013794
vn -0.019192 0.095634 -0.022042
vn -0.000000 0.100000 0.000000
vn -0.012811 0.098079 -0.014713
vn -0.017629 0.095634 -0.023311
vn 0.000000 0.100000 -0.000000
vn -0.011768 0.098079 -0.015560
vn -0.015993 0.095634 -0.024463
vn -0.010676 0.098079 -0.016329
vn 0.000000 0.100000 -0.000000
vn -0.009541 0.098079 -0.017017
vn -0.000000 0.100000 0.000000
vn -0.008375 0.098079 -0.017620
vn 0.000000 0.100000 -0.000000
vn -0.007186 0.098079 -0.018137
vn -0.005982 0.098079 -0.018569
vn -0.008962 0.095634 -0.027819
vn -0.007148 0.095634 -0.028339
vn 0.000000 0.100000 -0.000000
vn -0.004772 0.098079 -0.018917
vn -0.005337 0.095634 -0.028735
vn -0.000000 0.100000 0.000000
vn -0.003563 0.098079 -0.019181
vn -0.003541 0.095634 -0.029012
vn -0.002363 0.098079 -0.019365
vn -0.010695 0.046957 -0.087639
vn -0.016123 0.046957 -0.086805
vn -0.021594 0.046957 -0.085608
vn -0.027072 0.046957 -0.084037
vn -0.032522 0.046957 -0.082082
vn -0.037904 0.046957 -0.079739
vn -0.043177 0.046957 -0.077012
vn -0.048313 0.046957 -0.073898
vn -0.053258 0.046957 -0.070418
vn -0.007704 0.077169 -0.063131
vn -0.011615 0.077169 -0.062530
vn -0.015555 0.077169 -0.061668
vn -0.019502 0.077169 -0.060536
vn -0.023427 0.077169 -0.059127
vn -0.027304 0.077169 -0.057440
vn -0.031103 0.077169 -0.055475
vn -0.034802 0.077169 -0.053232
vn -0.038364 0.077169 -0.050726
vn -0.010766 0.095634 -0.027172
vn -0.012547 0.095634 -0.026396
vn -0.014293 0.095634 -0.025493
vn -0.073969 0.019509 -0.064405
vn -0.078224 0.019509 -0.059164
vn -0.072125 0.029227 -0.062799
vn -0.076274 0.029227 -0.057689
vn -0.080045 0.029227 -0.052332
vn -0.069677 0.038268 -0.060668
vn -0.073686 0.038268 -0.055731
vn -0.077328 0.038268 -0.050556
vn -0.080586 0.038268 -0.045182
vn -0.066586 0.046957 -0.057977
vn -0.070417 0.046957 -0.053259
vn -0.073898 0.046957 -0.048313
vn -0.077012 0.046957 -0.043177
vn -0.079745 0.046957 -0.037892
vn -0.062708 0.055557 -0.054600
vn -0.066315 0.055557 -0.050157
vn -0.069594 0.055557 -0.045499
vn -0.072526 0.055557 -0.040662
vn -0.075100 0.055557 -0.035685
vn -0.077309 0.055557 -0.030606
vn -0.058200 0.063599 -0.050674
vn -0.061548 0.063599 -0.046551
vn -0.064590 0.063599 -0.042228
vn -0.067312 0.063599 -0.037739
vn -0.069701 0.063599 -0.033120
vn -0.071751 0.063599 -0.028406
vn -0.073462 0.063599 -0.023632
vn -0.053329 0.070711 -0.046433
vn -0.056396 0.070711 -0.042655
vn -0.059184 0.070711 -0.038694
vn -0.061678 0.070711 -0.034580
vn -0.063867 0.070711 -0.030348
vn -0.065746 0.070711 -0.026028
vn -0.067313 0.070711 -0.021654
vn -0.068573 0.070711 -0.017257
vn -0.047965 0.077169 -0.041764
vn -0.050725 0.077169 -0.038365
vn -0.053232 0.077169 -0.034802
vn -0.055475 0.077169 -0.031103
vn -0.057444 0.077169 -0.027296
vn -0.059134 0.077169 -0.023411
vn -0.060544 0.077169 -0.019476
vn -0.061676 0.077169 -0.015522
vn -0.062538 0.077169 -0.011573
vn -0.041900 0.083147 -0.036482
vn -0.044310 0.083147 -0.033514
vn -0.046501 0.083147 -0.030401
vn -0.048460 0.083147 -0.027170
vn -0.050180 0.083147 -0.023844
vn -0.051656 0.083147 -0.020450
vn -0.052888 0.083147 -0.017014
vn -0.053877 0.083147 -0.013559
vn -0.054629 0.083147 -0.010109
vn -0.055153 0.083147 -0.006687
vn -0.023310 0.095634 -0.017630
vn -0.024463 0.095634 -0.015993
vn -0.025493 0.095634 -0.014293
vn -0.028739 0.095634 -0.005318
vn -0.029014 0.095634 -0.003518
vn -0.000000 0.100000 -0.000000
vn 0.000000 0.000000 0.100000
vn 0.000000 0.000000 0.100000
vn 0.000000 0.000000 0.100000
vn 0.000000 0.000000 0.100000
vn 0.000000 0.000000 0.100000
vn 0.000000 0.000000 0.100000
vn 0.000000 0.000000 0.100000
vn 0.000000 0.000000 0.100000
vn 0.000000 0.000000 0.100000
vn 0.000000 0.000000 0.100000
vn 0.000000 0.000000 0.100000
vn 0.000000 0.000000 0.100000
vn 0.000000 0.000000 0.100000
vn 0.000000 0.000000 0.100000
vn 0.000000 0.000000 0.100000
vn 0.000000 0.000000 0.100000
vn 0.000000 0.000000 0.100000
vn 0.000000 0.000000 0.100000
vn 0.000000 0.000000 0.100000
vn 0.000000 0.000000 0.100000
vn 0.000000 0.000000 0.100000
vn 0.000000 0.000000 0.100000
vn 0.000000 0.000000 0.100000
vn 0.000000 0.000000 0.100000
vn 0.000000 0.000000 0.100000
vn 0.000000 0.000000 0.100000
vn 0.000000 0.000000 0.100000
vn 0.000000 0.000000 0.100000
vn 0.000000 0.000000 0.100000
vn 0.000000 0.000000 0.100000
vn 0.000000 0.000000 0.100000
vn 0.000000 0.000000 0.100000
vn 0.000000 0.000000 0.100000
vn 0.000000 0.000000 0.100000
vn 0.000000 0.000000 0.100000
vn 0.000000 0.000000 0.100000
vn 0.000000 0.000000 0.100000
vn 0.000000 0.000000 0.100000
vn 0.000000 0.000000 0.100000
vn 0.000000 -0.100000 0.000000
vn 0.000000 -0.100000 0.000000
vn 0.000000 -0.100000 0.000000
vn 0.000000 -0.100000 0.000000
vn 0.000000 -0.100000 0.000000
vn 0.000000 -0.100000 0.000000
vn 0.000000 -0.100000 0.000000
vn 0.000000 -0.100000 0.000000
vn 0.000000 -0.100000 0.000000
vn 0.000000 -0.100000 0.000000
vn 0.000000 -0.100000 0.000000
vn 0.000000 -0.100000 0.000000
vn 0.000000 -0.100000 0.000000
vn 0.000000 -0.100000 0.000000
vn 0.000000 -0.100000 0.000000
vn 0.000000 -0.100000 0.000000
vn 0.000000 -0.100000 0.000000
vn 0.000000 -0.100000 0.000000
vn 0.000000 -0.100000 0.000000
vn 0.000000 -0.100000 0.000000
vn 0.000000 -0.100000 0.000000
vn 0.000000 -0.100000 0.000000
vn 0.000000 -0.100000 0.000000
vn 0.000000 -0.100000 0.000000
vn 0.000000 -0.100000 0.000000
vn 0.000000 -0.100000 0.000000
vn 0.000000 -0.100000 0.000000
vn 0.000000 -0.100000 0.000000
vn 0.000000 -0.100000 0.000000
vn 0.000000 -0.100000 0.000000
vn 0.000000 -0.100000 0.000000
vn 0.000000 -0.100000 0.000000
vn 0.000000 -0.100000 0.000000
vn 0.000000 -0.100000 0.000000
vn 0.000000 -0.100000 0.000000
vn 0.100000 0.000000 0.000000
vn 0.100000 0.000000 0.000000
vn 0.100000 0.000000 0.000000
vn 0.100000 0.000000 0.000000
vn 0.100000 0.000000 0.000000
vn 0.100000 0.000000 0.000000
vn 0.100000 0.000000 0.000000
vn 0.100000 0.000000 0.000000
vn 0.100000 0.000000 0.000000
vn 0.100000 0.000000 0.000000
vn 0.100000 0.000000 0.000000
vn 0.100000 0.000000 0.000000
vn 0.100000 0.000000 0.000000
vn 0.100000 0.000000 0.000000
vn 0.100000 0.000000 0.000000
vn 0.100000 0.000000 0.000000
vn 0.100000 0.000000 0.000000
vn 0.100000 0.000000 0.000000
vn 0.100000 0.000000 0.000000
vn 0.100000 0.000000 0.000000
vn 0.100000 0.000000 0.000000
vn 0.100000 0.000000 0.000000
vn 0.100000 0.000000 0.000000
vn 0.100000 0.000000 0.000000
vn 0.100000 0.000000 0.000000
vn 0.100000 0.000000 0.000000
vn 0.100000 0.000000 0.000000
vn 0.100000 0.000000 0.000000
vn 0.100000 0.000000 0.000000
vn 0.100000 0.000000 0.000000
vn 0.100000 0.000000 0.000000
vn 0.100000 0.000000 0.000000
vn 0.100000 0.000000 0.000000
vn 0.100000 0.000000 0.000000
vn 0.100000 0.000000 0.000000
vn 0.100000 0.000000 0.000000
vn 0.100000 0.000000 0.000000
vn 0.100000 0.000000 0.000000
vn 0.100000 0.000000 0.000000
usemtl Steel_-_Satin
f 105/1/1 1/2/2 145/3/3
f 145/3/3 1/2/2 2/4/4
f 145/3/3 2/4/4 144/5/5
f 144/5/5 2/4/4 3/6/6
f 144/5/5 3/6/6 143/7/7
f 143/7/7 3/6/6 4/8/8
f 143/7/7 4/8/8 142/9/9
f 142/9/9 4/8/8 5/10/10
f 142/9/9 5/10/10 141/11/11
f 141/11/11 5/10/10 6/12/12
f 141/11/11 6/12/12 140/13/13
f 140/13/13 6/12/12 7/14/14
f 140/13/13 7/14/14 139/15/15
f 139/15/15 7/14/14 8/16/16
f 139/15/15 8/16/16 138/17/17
f 138/17/17 8/16/16 9/18/18
f 138/17/17 9/18/18 137/19/19
f 137/19/19 9/18/18 10/20/20
f 137/19/19 10/20/20 136/21/21
f 136/21/21 10/20/20 11/22/22
f 136/21/21 11/22/22 135/23/23
f 135/23/23 11/22/22 12/24/24
f 135/23/23 12/24/24 134/25/25
f 134/25/25 12/24/24 13/26/26
f 134/25/25 13/26/26 133/27/27
f 133/27/27 13/26/26 14/28/28
f 133/27/27 14/28/28 132/29/29
f 132/29/29 14/28/28 15/30/30
f 132/29/29 15/30/30 131/31/31
f 131/31/31 15/30/30 16/32/32
f 131/31/31 16/32/32 130/33/33
f 130/33/33 16/32/32 17/34/34
f 130/33/33 17/34/34 129/35/35
f 129/35/35 17/34/34 18/36/36
f 129/35/35 18/36/36 128/37/37
f 128/37/37 18/36/36 19/38/38
f 128/37/37 19/38/38 127/39/39
f 127/39/39 19/38/38 20/40/40
f 127/39/39 20/40/40 126/41/41
f 126/41/41 20/40/40 21/42/42
f 126/41/41 21/42/42 125/43/43
f 125/43/43 21/42/42 22/44/44
f 125/43/43 22/44/44 124/45/45
f 124/45/45 22/44/44 23/46/46
f 124/45/45 23/46/46 123/47/47
f 123/47/47 23/46/46 24/48/48
f 123/47/47 24/48/48 122/49/49
f 122/49/49 24/48/48 25/50/50
f 122/49/49 25/50/50 121/51/51
f 121/51/51 25/50/50 26/52/52
f 121/51/51 26/52/52 120/53/53
f 120/53/53 26/52/52 27/54/54
f 120/53/53 27/54/54 29/55/55
f 29/55/55 27/54/54 28/56/56
f 120/53/53 29/55/55 146/57/57
f 146/57/57 29/55/55 30/58/58
f 146/57/57 30/58/58 172/59/59
f 172/59/59 30/58/58 31/60/60
f 172/59/59 31/60/60 197/61/61
f 197/61/61 31/60/60 32/62/62
f 197/61/61 32/62/62 223/63/63
f 223/63/63 32/62/62 33/64/64
f 223/63/63 33/64/64 248/65/65
f 248/65/65 33/64/64 34/66/66
f 248/65/65 34/66/66 273/67/67
f 273/67/67 34/66/66 35/68/68
f 273/67/67 35/68/68 299/69/69
f 299/69/69 35/68/68 36/70/70
f 299/69/69 36/70/70 324/71/71
f 324/71/71 36/70/70 37/72/72
f 324/71/71 37/72/72 350/73/73
f 350/73/73 37/72/72 38/74/74
f 350/73/73 38/74/74 39/75/75
f 350/73/73 39/75/75 375/76/76
f 375/76/76 39/75/75 40/77/77
f 375/76/76 40/77/77 401/78/78
f 401/78/78 40/77/77 427/79/79
f 401/78/78 427/79/79 428/80/80
f 428/80/80 427/79/79 454/81/81
f 428/80/80 454/81/81 455/82/82
f 455/82/82 454/81/81 480/83/83
f 455/82/82 480/83/83 481/84/84
f 481/84/84 480/83/83 507/85/85
f 481/84/84 507/85/85 508/86/86
f 508/86/86 507/85/85 533/87/87
f 508/86/86 533/87/87 534/88/88
f 534/88/88 533/87/87 559/89/89
f 534/88/88 559/89/89 560/90/90
f 560/90/90 559/89/89 586/91/91
f 560/90/90 586/91/91 587/92/92
f 587/92/92 586/91/91 612/93/93
f 587/92/92 612/93/93 613/94/94
f 613/94/94 612/93/93 639/95/95
f 613/94/94 639/95/95 640/96/96
f 640/96/96 639/95/95 664/97/97
f 640/96/96 664/97/97 665/98/98
f 665/98/98 664/97/97 690/99/99
f 665/98/98 690/99/99 691/100/100
f 691/100/100 690/99/99 717/101/101
f 691/100/100 717/101/101 718/102/102
f 718/102/102 717/101/101 744/103/103
f 718/102/102 744/103/103 745/104/104
f 745/104/104 744/103/103 770/105/105
f 745/104/104 770/105/105 771/106/106
f 771/106/106 770/105/105 797/107/107
f 771/106/106 797/107/107 798/108/108
f 798/108/108 797/107/107 823/109/109
f 798/108/108 823/109/109 824/110/110
f 824/110/110 823/109/109 849/111/111
f 824/110/110 849/111/111 850/112/112
f 850/112/112 849/111/111 876/113/113
f 850/112/112 876/113/113 877/114/114
f 877/114/114 876/113/113 902/115/115
f 877/114/114 902/115/115 903/116/116
f 903/116/116 902/115/115 929/117/117
f 903/116/116 929/117/117 930/118/118
f 930/118/118 929/117/117 80/119/119
f 930/118/118 80/119/119 81/120/120
f 40/77/77 41/121/121 427/79/79
f 427/79/79 41/121/121 453/122/122
f 427/79/79 453/122/122 454/81/81
f 454/81/81 453/122/122 479/123/123
f 454/81/81 479/123/123 480/83/83
f 480/83/83 479/123/123 506/124/124
f 480/83/83 506/124/124 507/85/85
f 507/85/85 506/124/124 532/125/125
f 507/85/85 532/125/125 533/87/87
f 533/87/87 532/125/125 558/126/126
f 533/87/87 558/126/126 559/89/89
f 559/89/89 558/126/126 585/127/127
f 559/89/89 585/127/127 586/91/91
f 586/91/91 585/127/127 611/128/128
f 586/91/91 611/128/128 612/93/93
f 612/93/93 611/128/128 638/129/129
f 612/93/93 638/129/129 639/95/95
f 639/95/95 638/129/129 663/130/130
f 639/95/95 663/130/130 664/97/97
f 664/97/97 663/130/130 689/131/131
f 664/97/97 689/131/131 690/99/99
f 690/99/99 689/131/131 716/132/132
f 690/99/99 716/132/132 717/101/101
f 717/101/101 716/132/132 743/133/133
f 717/101/101 743/133/133 744/103/103
f 744/103/103 743/133/133 769/134/134
f 744/103/103 769/134/134 770/105/105
f 770/105/105 769/134/134 796/135/135
f 770/105/105 796/135/135 797/107/107
f 797/107/107 796/135/135 822/136/136
f 797/107/107 822/136/136 823/109/109
f 823/109/109 822/136/136 848/137/137
f 823/109/109 848/137/137 849/111/111
f 849/111/111 848/137/137 875/138/138
f 849/111/111 875/138/138 876/113/113
f 876/113/113 875/138/138 901/139/139
f 876/113/113 901/139/139 902/115/115
f 902/115/115 901/139/139 928/140/140
f 902/115/115 928/140/140 929/117/117
f 929/117/117 928/140/140 79/141/141
f 929/117/117 79/141/141 80/119/119
f 41/121/121 42/142/142 453/122/122
f 453/122/122 42/142/142 478/143/143
f 453/122/122 478/143/143 479/123/123
f 479/123/123 478/143/143 505/144/144
f 479/123/123 505/144/144 506/124/124
f 506/124/124 505/144/144 531/145/145
f 506/124/124 531/145/145 532/125/125
f 532/125/125 531/145/145 557/146/146
f 532/125/125 557/146/146 558/126/126
f 558/126/126 557/146/146 584/147/147
f 558/126/126 584/147/147 585/127/127
f 585/127/127 584/147/147 610/148/148
f 585/127/127 610/148/148 611/128/128
f 611/128/128 610/148/148 637/149/149
f 611/128/128 637/149/149 638/129/129
f 638/129/129 637/149/149 662/150/150
f 638/129/129 662/150/150 663/130/130
f 663/130/130 662/150/150 688/151/151
f 663/130/130 688/151/151 689/131/131
f 689/131/131 688/151/151 715/152/152
f 689/131/131 715/152/152 716/132/132
f 716/132/132 715/152/152 742/153/153
f 716/132/132 742/153/153 743/133/133
f 743/133/133 742/153/153 768/154/154
f 743/133/133 768/154/154 769/134/134
f 769/134/134 768/154/154 795/155/155
f 769/134/134 795/155/155 796/135/135
f 796/135/135 795/155/155 821/156/156
f 796/135/135 821/156/156 822/136/136
f 822/136/136 821/156/156 847/157/157
f 822/136/136 847/157/157 848/137/137
f 848/137/137 847/157/157 874/158/158
f 848/137/137 874/158/158 875/138/138
f 875/138/138 874/158/158 900/159/159
f 875/138/138 900/159/159 901/139/139
f 901/139/139 900/159/159 927/160/160
f 901/139/139 927/160/160 928/140/140
f 928/140/140 927/160/160 78/161/161
f 928/140/140 78/161/161 79/141/141
f 42/142/142 43/162/162 478/143/143
f 478/143/143 43/162/162 504/163/163
f 478/143/143 504/163/163 505/144/144
f 505/144/144 504/163/163 530/164/164
f 505/144/144 530/164/164 531/145/145
f 531/145/145 530/164/164 556/165/165
f 531/145/145 556/165/165 557/146/146
f 557/146/146 556/165/165 583/166/166
f 557/146/146 583/166/166 584/147/147
f 584/147/147 583/166/166 609/167/167
f 584/147/147 609/167/167 610/148/148
f 610/148/148 609/167/167 636/168/168
f 610/148/148 636/168/168 637/149/149
f 637/149/149 636/168/168 661/169/169
f 637/149/149 661/169/169 662/150/150
f 662/150/150 661/169/169 687/170/170
f 662/150/150 687/170/170 688/151/151
f 688/151/151 687/170/170 714/171/171
f 688/151/151 714/171/171 715/152/152
f 715/152/152 714/171/171 741/172/172
f 715/152/152 741/172/172 742/153/153
f 742/153/153 741/172/172 767/173/173
f 742/153/153 767/173/173 768/154/154
f 768/154/154 767/173/173 794/174/174
f 768/154/154 794/174/174 795/155/155
f 795/155/155 794/174/174 820/175/175
f 795/155/155 820/175/175 821/156/156
f 821/156/156 820/175/175 846/176/176
f 821/156/156 846/176/176 847/157/157
f 847/157/157 846/176/176 873/177/177
f 847/157/157 873/177/177 874/158/158
f 874/158/158 873/177/177 899/178/178
f 874/158/158 899/178/178 900/159/159
f 900/159/159 899/178/178 926/179/179
f 900/159/159 926/179/179 927/160/160
f 927/160/160 926/179/179 77/180/180
f 927/160/160 77/180/180 78/161/161
f 43/162/162 44/181/181 504/163/163
f 504/163/163 44/181/181 529/182/182
f 504/163/163 529/182/182 530/164/164
f 530/164/164 529/182/182 555/183/183
f 530/164/164 555/183/183 556/165/165
f 556/165/165 555/183/183 582/184/184
f 556/165/165 582/184/184 583/166/166
f 583/166/166 582/184/184 608/185/185
f 583/166/166 608/185/185 609/167/167
f 609/167/167 608/185/185 635/186/186
f 609/167/167 635/186/186 636/168/168
f 636/168/168 635/186/186 660/187/187
f 636/168/168 660/187/187 661/169/169
f 661/169/169 660/187/187 686/188/188
f 661/169/169 686/188/188 687/170/170
f 687/170/170 686/188/188 713/189/189
f 687/170/170 713/189/189 714/171/171
f 714/171/171 713/189/189 740/190/190
f 714/171/171 740/190/190 741/172/172
f 741/172/172 740/190/190 766/191/191
f 741/172/172 766/191/191 767/173/173
f 767/173/173 766/191/191 793/192/192
f 767/173/173 793/192/192 794/174/174
f 794/174/174 793/192/192 819/193/193
f 794/174/174 819/193/193 820/175/175
f 820/175/175 819/193/193 845/194/194
f 820/175/175 845/194/194 846/176/176
f 846/176/176 845/194/194 872/195/195
f 846/176/176 872/195/195 873/177/177
f 873/177/177 872/195/195 898/196/196
f 873/177/177 898/196/196 899/178/178
f 899/178/178 898/196/196 925/197/197
f 899/178/178 925/197/197 926/179/179
f 926/179/179 925/197/197 76/198/198
f 926/179/179 76/198/198 77/180/180
f 44/181/181 45/199/199 529/182/182
f 529/182/182 45/199/199 554/200/200
f 529/182/182 554/200/200 555/183/183
f 555/183/183 554/200/200 581/201/201
f 555/183/183 581/201/201 582/184/184
f 582/184/184 581/201/201 607/202/202
f 582/184/184 607/202/202 608/185/185
f 608/185/185 607/202/202 634/203/203
f 608/185/185 634/203/203 635/186/186
f 635/186/186 634/203/203 659/204/204
f 635/186/186 659/204/204 660/187/187
f 660/187/187 659/204/204 685/205/205
f 660/187/187 685/205/205 686/188/188
f 686/188/188 685/205/205 712/206/206
f 686/188/188 712/206/206 713/189/189
f 713/189/189 712/206/206 739/207/207
f 713/189/189 739/207/207 740/190/190
f 740/190/190 739/207/207 765/208/208
f 740/190/190 765/208/208 766/191/191
f 766/191/191 765/208/208 792/209/209
f 766/191/191 792/209/209 793/192/192
f 793/192/192 792/209/209 818/210/210
f 793/192/192 818/210/210 819/193/193
f 819/193/193 818/210/210 844/211/211
f 819/193/193 844/211/211 845/194/194
f 845/194/194 844/211/211 871/212/212
f 845/194/194 871/212/212 872/195/195
f 872/195/195 871/212/212 897/213/213
f 872/195/195 897/213/213 898/196/196
f 898/196/196 897/213/213 924/214/214
f 898/196/196 924/214/214 925/197/197
f 925/197/197 924/214/214 75/215/215
f 925/197/197 75/215/215 76/198/198
f 45/199/199 46/216/216 554/200/200
f 554/200/200 46/216/216 580/217/217
f 554/200/200 580/217/217 581/201/201
f 581/201/201 580/217/217 606/218/218
f 581/201/201 606/218/218 607/202/202
f 607/202/202 606/218/218 633/219/219
f 607/202/202 633/219/219 634/203/203
f 634/203/203 633/219/219 658/220/220
f 634/203/203 658/220/220 659/204/204
f 659/204/204 658/220/220 684/221/221
f 659/204/204 684/221/221 685/205/205
f 685/205/205 684/221/221 711/222/222
f 685/205/205 711/222/222 712/206/206
f 712/206/206 711/222/222 738/223/223
f 712/206/206 738/223/223 739/207/207
f 739/207/207 738/223/223 764/224/224
f 739/207/207 764/224/224 765/208/208
f 765/208/208 764/224/224 791/225/225
f 765/208/208 791/225/225 792/209/209
f 792/209/209 791/225/225 817/226/226
f 792/209/209 817/226/226 818/210/210
f 818/210/210 817/226/226 843/227/227
f 818/210/210 843/227/227 844/211/211
f 844/211/211 843/227/227 870/228/228
f 844/211/211 870/228/228 871/212/212
f 871/212/212 870/228/228 896/229/229
f 871/212/212 896/229/229 897/213/213
f 897/213/213 896/229/229 923/230/230
f 897/213/213 923/230/230 924/214/214
f 924/214/214 923/230/230 74/231/231
f 924/214/214 74/231/231 75/215/215
f 46/216/216 47/232/232 580/217/217
f 580/217/217 47/232/232 605/233/233
f 580/217/217 605/233/233 606/218/218
f 606/218/218 605/233/233 632/234/234
f 606/218/218 632/234/234 633/219/219
f 633/219/219 632/234/234 657/235/235
f 633/219/219 657/235/235 658/220/220
f 658/220/220 657/235/235 683/236/236
f 658/220/220 683/236/236 684/221/221
f 684/221/221 683/236/236 710/237/237
f 684/221/221 710/237/237 711/222/222
f 711/222/222 710/237/237 737/238/238
f 711/222/222 737/238/238 738/223/223
f 738/223/223 737/238/238 763/239/239
f 738/223/223 763/239/239 764/224/224
f 764/224/224 763/239/239 790/240/240
f 764/224/224 790/240/240 791/225/225
f 791/225/225 790/240/240 816/241/241
f 791/225/225 816/241/241 817/226/226
f 817/226/226 816/241/241 842/242/242
f 817/226/226 842/242/242 843/227/227
f 843/227/227 842/242/242 869/243/243
f 843/227/227 869/243/243 870/228/228
f 870/228/228 869/243/243 895/244/244
f 870/228/228 895/244/244 896/229/229
f 896/229/229 895/244/244 922/245/245
f 896/229/229 922/245/245 923/230/230
f 923/230/230 922/245/245 73/246/246
f 923/230/230 73/246/246 74/231/231
f 47/232/232 48/247/247 605/233/233
f 605/233/233 48/247/247 631/248/248
f 605/233/233 631/248/248 632/234/234
f 632/234/234 631/248/248 656/249/249
f 632/234/234 656/249/249 657/235/235
f 657/235/235 656/249/249 682/250/250
f 657/235/235 682/250/250 683/236/236
f 683/236/236 682/250/250 709/251/251
f 683/236/236 709/251/251 710/237/237
f 710/237/237 709/251/251 736/252/252
f 710/237/237 736/252/252 737/238/238
f 737/238/238 736/252/252 762/253/253
f 737/238/238 762/253/253 763/239/239
f 763/239/239 762/253/253 789/254/254
f 763/239/239 789/254/254 790/240/240
f 790/240/240 789/254/254 815/255/255
f 790/240/240 815/255/255 816/241/241
f 816/241/241 815/255/255 841/256/256
f 816/241/241 841/256/256 842/242/242
f 842/242/242 841/256/256 868/257/257
f 842/242/242 868/257/257 869/243/243
f 869/243/243 868/257/257 894/258/258
f 869/243/243 894/258/258 895/244/244
f 895/244/244 894/258/258 921/259/259
f 895/244/244 921/259/259 922/245/245
f 922/245/245 921/259/259 72/260/260
f 922/245/245 72/260/260 73/246/246
f 48/247/247 49/261/261 631/248/248
f 631/248/248 49/261/261 50/262/262
f 631/248/248 50/262/262 656/249/249
f 656/249/249 50/262/262 51/263/263
f 656/249/249 51/263/263 682/250/250
f 682/250/250 51/263/263 708/264/264
f 682/250/250 708/264/264 709/251/251
f 709/251/251 708/264/264 735/265/265
f 709/251/251 735/265/265 736/252/252
f 736/252/252 735/265/265 761/266/266
f 736/252/252 761/266/266 762/253/253
f 762/253/253 761/266/266 788/267/267
f 762/253/253 788/267/267 789/254/254
f 789/254/254 788/267/267 814/268/268
f 789/254/254 814/268/268 815/255/255
f 815/255/255 814/268/268 840/269/269
f 815/255/255 840/269/269 841/256/256
f 841/256/256 840/269/269 867/270/270
f 841/256/256 867/270/270 868/257/257
f 868/257/257 867/270/270 893/271/271
f 868/257/257 893/271/271 894/258/258
f 894/258/258 893/271/271 920/272/272
f 894/258/258 920/272/272 921/259/259
f 921/259/259 920/272/272 71/273/273
f 921/259/259 71/273/273 72/260/260
f 51/263/263 52/274/274 708/264/264
f 708/264/264 52/274/274 734/275/275
f 708/264/264 734/275/275 735/265/265
f 735/265/265 734/275/275 760/276/276
f 735/265/265 760/276/276 761/266/266
f 761/266/266 760/276/276 787/277/277
f 761/266/266 787/277/277 788/267/267
f 788/267/267 787/277/277 813/278/278
f 788/267/267 813/278/278 814/268/268
f 814/268/268 813/278/278 839/279/279
f 814/268/268 839/279/279 840/269/269
f 840/269/269 839/279/279 866/280/280
f 840/269/269 866/280/280 867/270/270
f 867/270/270 866/280/280 892/281/281
f 867/270/270 892/281/281 893/271/271
f 893/271/271 892/281/281 919/282/282
f 893/271/271 919/282/282 920/272/272
f 920/272/272 919/282/282 70/283/283
f 920/272/272 70/283/283 71/273/273
f 52/274/274 53/284/284 734/275/275
f 734/275/275 53/284/284 759/285/285
f 734/275/275 759/285/285 760/276/276
f 760/276/276 759/285/285 786/286/286
f 760/276/276 786/286/286 787/277/277
f 787/277/277 786/286/286 812/287/287
f 787/277/277 812/287/287 813/278/278
f 813/278/278 812/287/287 838/288/288
f 813/278/278 838/288/288 839/279/279
f 839/279/279 838/288/288 865/289/289
f 839/279/279 865/289/289 866/280/280
f 866/280/280 865/289/289 891/290/290
f 866/280/280 891/290/290 892/281/281
f 892/281/281 891/290/290 918/291/291
f 892/281/281 918/291/291 919/282/282
f 919/282/282 918/291/291 69/292/292
f 919/282/282 69/292/292 70/283/283
f 53/284/284 54/293/293 759/285/285
f 759/285/285 54/293/293 785/294/294
f 759/285/285 785/294/294 786/286/286
f 786/286/286 785/294/294 811/295/295
f 786/286/286 811/295/295 812/287/287
f 812/287/287 811/295/295 837/296/296
f 812/287/287 837/296/296 838/288/288
f 838/288/288 837/296/296 864/297/297
f 838/288/288 864/297/297 865/289/289
f 865/289/289 864/297/297 890/298/298
f 865/289/289 890/298/298 891/290/290
f 891/290/290 890/298/298 917/299/299
f 891/290/290 917/299/299 918/291/291
f 918/291/291 917/299/299 68/300/300
f 918/291/291 68/300/300 69/292/292
f 54/293/293 55/301/301 785/294/294
f 785/294/294 55/301/301 810/302/302
f 785/294/294 810/302/302 811/295/295
f 811/295/295 810/302/302 836/303/303
f 811/295/295 836/303/303 837/296/296
f 837/296/296 836/303/303 863/304/304
f 837/296/296 863/304/304 864/297/297
f 864/297/297 863/304/304 889/305/305
f 864/297/297 889/305/305 890/298/298
f 890/298/298 889/305/305 916/306/306
f 890/298/298 916/306/306 917/299/299
f 917/299/299 916/306/306 67/307/307
f 917/299/299 67/307/307 68/300/300
f 55/301/301 56/308/308 810/302/302
f 810/302/302 56/308/308 835/309/309
f 810/302/302 835/309/309 836/303/303
f 836/303/303 835/309/309 862/310/310
f 836/303/303 862/310/310 863/304/304
f 863/304/304 862/310/310 888/311/311
f 863/304/304 888/311/311 889/305/305
f 889/305/305 888/311/311 915/312/312
f 889/305/305 915/312/312 916/306/306
f 916/306/306 915/312/312 66/313/313
f 916/306/306 66/313/313 67/307/307
f 56/308/308 57/314/314 835/309/309
f 835/309/309 57/314/314 861/315/315
f 835/309/309 861/315/315 862/310/310
f 862/310/310 861/315/315 887/316/316
f 862/310/310 887/316/316 888/311/311
f 888/311/311 887/316/316 914/317/317
f 888/311/311 914/317/317 915/312/312
f 915/312/312 914/317/317 65/318/318
f 915/312/312 65/318/318 66/313/313
f 57/314/314 58/319/319 861/315/315
f 861/315/315 58/319/319 886/320/320
f 861/315/315 886/320/320 887/316/316
f 887/316/316 886/320/320 913/321/321
f 887/316/316 913/321/321 914/317/317
f 914/317/317 913/321/321 64/322/322
f 914/317/317 64/322/322 65/318/318
f 58/319/319 59/323/323 886/320/320
f 886/320/320 59/323/323 912/324/324
f 886/320/320 912/324/324 913/321/321
f 913/321/321 912/324/324 63/325/325
f 913/321/321 63/325/325 64/322/322
f 59/323/323 60/326/326 912/324/324
f 912/324/324 60/326/326 62/327/327
f 912/324/324 62/327/327 63/325/325
f 60/326/326 61/328/328 62/327/327
f 930/118/118 81/120/120 931/329/329
f 931/329/329 81/120/120 82/330/330
f 931/329/329 82/330/330 932/331/331
f 932/331/331 82/330/330 83/332/332
f 932/331/331 83/332/332 933/333/333
f 933/333/333 83/332/332 84/334/334
f 933/333/333 84/334/334 934/335/335
f 934/335/335 84/334/334 85/336/336
f 934/335/335 85/336/336 935/337/337
f 935/337/337 85/336/336 86/338/338
f 935/337/337 86/338/338 936/339/339
f 936/339/339 86/338/338 87/340/340
f 936/339/339 87/340/340 937/341/341
f 937/341/341 87/340/340 88/342/342
f 937/341/341 88/342/342 89/343/343
f 90/344/344 119/345/345 89/343/343
f 89/343/343 119/345/345 911/346/346
f 89/343/343 911/346/346 937/341/341
f 937/341/341 911/346/346 910/347/347
f 937/341/341 910/347/347 936/339/339
f 936/339/339 910/347/347 909/348/348
f 936/339/339 909/348/348 935/337/337
f 935/337/337 909/348/348 908/349/349
f 935/337/337 908/349/349 934/335/335
f 934/335/335 908/349/349 907/350/350
f 934/335/335 907/350/350 933/333/333
f 933/333/333 907/350/350 906/351/351
f 933/333/333 906/351/351 932/331/331
f 932/331/331 906/351/351 905/352/352
f 932/331/331 905/352/352 931/329/329
f 931/329/329 905/352/352 904/353/353
f 931/329/329 904/353/353 930/118/118
f 930/118/118 904/353/353 903/116/116
f 91/354/354 118/355/355 90/344/344
f 90/344/344 118/355/355 860/356/356
f 90/344/344 860/356/356 119/345/345
f 119/345/345 860/356/356 859/357/357
f 119/345/345 859/357/357 885/358/358
f 885/358/358 859/357/357 858/359/359
f 885/358/358 858/359/359 884/360/360
f 884/360/360 858/359/359 857/361/361
f 884/360/360 857/361/361 883/362/362
f 883/362/362 857/361/361 856/363/363
f 883/362/362 856/363/363 882/364/364
f 882/364/364 856/363/363 855/365/365
f 882/364/364 855/365/365 881/366/366
f 881/366/366 855/365/365 854/367/367
f 881/366/366 854/367/367 880/368/368
f 880/368/368 854/367/367 853/369/369
f 880/368/368 853/369/369 879/370/370
f 879/370/370 853/369/369 852/371/371
f 879/370/370 852/371/371 878/372/372
f 878/372/372 852/371/371 851/373/373
f 878/372/372 851/373/373 877/114/114
f 877/114/114 851/373/373 850/112/112
f 118/355/355 91/354/354 117/374/374
f 117/374/374 91/354/354 92/375/375
f 117/374/374 92/375/375 784/376/376
f 784/376/376 92/375/375 116/377/377
f 784/376/376 116/377/377 758/378/378
f 758/378/378 116/377/377 732/379/379
f 758/378/378 732/379/379 731/380/380
f 731/380/380 732/379/379 705/381/381
f 731/380/380 705/381/381 704/382/382
f 704/382/382 705/381/381 679/383/383
f 704/382/382 679/383/383 678/384/384
f 678/384/384 679/383/383 654/385/385
f 678/384/384 654/385/385 653/386/386
f 653/386/386 654/385/385 627/387/387
f 653/386/386 627/387/387 626/388/388
f 626/388/388 627/387/387 601/389/389
f 626/388/388 601/389/389 600/390/390
f 600/390/390 601/389/389 574/391/391
f 600/390/390 574/391/391 573/392/392
f 573/392/392 574/391/391 548/393/393
f 573/392/392 548/393/393 547/394/394
f 547/394/394 548/393/393 522/395/395
f 547/394/394 522/395/395 521/396/396
f 521/396/396 522/395/395 495/397/397
f 521/396/396 495/397/397 494/398/398
f 494/398/398 495/397/397 469/399/399
f 494/398/398 469/399/399 468/400/400
f 468/400/400 469/399/399 442/401/401
f 468/400/400 442/401/401 441/402/402
f 441/402/402 442/401/401 415/403/403
f 441/402/402 415/403/403 414/404/404
f 414/404/404 415/403/403 389/405/405
f 414/404/404 389/405/405 388/406/406
f 388/406/406 389/405/405 364/407/407
f 388/406/406 364/407/407 363/408/408
f 363/408/408 364/407/407 337/409/409
f 363/408/408 337/409/409 336/410/410
f 336/410/410 337/409/409 311/411/411
f 336/410/410 311/411/411 310/412/412
f 310/412/412 311/411/411 284/413/413
f 310/412/412 284/413/413 283/414/414
f 283/414/414 284/413/413 258/415/415
f 283/414/414 258/415/415 257/416/416
f 257/416/416 258/415/415 232/417/417
f 257/416/416 232/417/417 231/418/418
f 231/418/418 232/417/417 205/419/419
f 231/418/418 205/419/419 204/420/420
f 204/420/420 205/419/419 179/421/421
f 204/420/420 179/421/421 178/422/422
f 178/422/422 179/421/421 152/423/423
f 178/422/422 152/423/423 151/424/424
f 151/424/424 152/423/423 125/43/43
f 151/424/424 125/43/43 124/45/45
f 92/375/375 93/425/425 116/377/377
f 116/377/377 93/425/425 733/426/426
f 116/377/377 733/426/426 732/379/379
f 732/379/379 733/426/426 706/427/427
f 732/379/379 706/427/427 705/381/381
f 705/381/381 706/427/427 680/428/428
f 705/381/381 680/428/428 679/383/383
f 679/383/383 680/428/428 655/429/429
f 679/383/383 655/429/429 654/385/385
f 654/385/385 655/429/429 628/430/430
f 654/385/385 628/430/430 627/387/387
f 627/387/387 628/430/430 602/431/431
f 627/387/387 602/431/431 601/389/389
f 601/389/389 602/431/431 575/432/432
f 601/389/389 575/432/432 574/391/391
f 574/391/391 575/432/432 549/433/433
f 574/391/391 549/433/433 548/393/393
f 548/393/393 549/433/433 523/434/434
f 548/393/393 523/434/434 522/395/395
f 522/395/395 523/434/434 496/435/435
f 522/395/395 496/435/435 495/397/397
f 495/397/397 496/435/435 470/436/436
f 495/397/397 470/436/436 469/399/399
f 469/399/399 470/436/436 443/437/437
f 469/399/399 443/437/437 442/401/401
f 442/401/401 443/437/437 416/438/438
f 442/401/401 416/438/438 415/403/403
f 415/403/403 416/438/438 390/439/439
f 415/403/403 390/439/439 389/405/405
f 389/405/405 390/439/439 365/440/440
f 389/405/405 365/440/440 364/407/407
f 364/407/407 365/440/440 338/441/441
f 364/407/407 338/441/441 337/409/409
f 337/409/409 338/441/441 312/442/442
f 337/409/409 312/442/442 311/411/411
f 311/411/411 312/442/442 285/443/443
f 311/411/411 285/443/443 284/413/413
f 284/413/413 285/443/443 259/444/444
f 284/413/413 259/444/444 258/415/415
f 258/415/415 259/444/444 233/445/445
f 258/415/415 233/445/445 232/417/417
f 232/417/417 233/445/445 206/446/446
f 232/417/417 206/446/446 205/419/419
f 205/419/419 206/446/446 180/447/447
f 205/419/419 180/447/447 179/421/421
f 179/421/421 180/447/447 153/448/448
f 179/421/421 153/448/448 152/423/423
f 152/423/423 153/448/448 126/41/41
f 152/423/423 126/41/41 125/43/43
f 733/426/426 93/425/425 707/449/449
f 707/449/449 93/425/425 94/450/450
f 707/449/449 94/450/450 681/451/451
f 681/451/451 94/450/450 115/452/452
f 681/451/451 115/452/452 680/428/428
f 680/428/428 115/452/452 655/429/429
f 94/450/450 95/453/453 115/452/452
f 115/452/452 95/453/453 630/454/454
f 115/452/452 630/454/454 629/455/455
f 629/455/455 630/454/454 604/456/456
f 629/455/455 604/456/456 603/457/457
f 603/457/457 604/456/456 577/458/458
f 603/457/457 577/458/458 576/459/459
f 576/459/459 577/458/458 551/460/460
f 576/459/459 551/460/460 550/461/461
f 550/461/461 551/460/460 525/462/462
f 550/461/461 525/462/462 524/463/463
f 524/463/463 525/462/462 498/464/464
f 524/463/463 498/464/464 497/465/465
f 497/465/465 498/464/464 472/466/466
f 497/465/465 472/466/466 471/467/467
f 471/467/467 472/466/466 445/468/468
f 471/467/467 445/468/468 444/469/469
f 444/469/469 445/468/468 418/470/470
f 444/469/469 418/470/470 417/471/471
f 417/471/471 418/470/470 392/472/472
f 417/471/471 392/472/472 391/473/473
f 391/473/473 392/472/472 367/474/474
f 391/473/473 367/474/474 366/475/475
f 366/475/475 367/474/474 340/476/476
f 366/475/475 340/476/476 339/477/477
f 339/477/477 340/476/476 314/478/478
f 339/477/477 314/478/478 313/479/479
f 313/479/479 314/478/478 287/480/480
f 313/479/479 287/480/480 286/481/481
f 286/481/481 287/480/480 261/482/482
f 286/481/481 261/482/482 260/483/483
f 260/483/483 261/482/482 235/484/484
f 260/483/483 235/484/484 234/485/485
f 234/485/485 235/484/484 208/486/486
f 234/485/485 208/486/486 207/487/487
f 207/487/487 208/486/486 182/488/488
f 207/487/487 182/488/488 181/489/489
f 181/489/489 182/488/488 155/490/490
f 181/489/489 155/490/490 154/491/491
f 154/491/491 155/490/490 128/37/37
f 154/491/491 128/37/37 127/39/39
f 630/454/454 95/453/453 114/492/492
f 114/492/492 95/453/453 96/493/493
f 114/492/492 96/493/493 579/494/494
f 579/494/494 96/493/493 113/495/495
f 579/494/494 113/495/495 553/496/496
f 553/496/496 113/495/495 528/497/497
f 553/496/496 528/497/497 527/498/498
f 527/498/498 528/497/497 501/499/499
f 527/498/498 501/499/499 500/500/500
f 500/500/500 501/499/499 475/501/501
f 500/500/500 475/501/501 474/502/502
f 474/502/502 475/501/501 448/503/503
f 474/502/502 448/503/503 447/504/504
f 447/504/504 448/503/503 421/505/505
f 447/504/504 421/505/505 420/506/506
f 420/506/506 421/505/505 395/507/507
f 420/506/506 395/507/507 394/508/508
f 394/508/508 395/507/507 370/509/509
f 394/508/508 370/509/509 369/510/510
f 369/510/510 370/509/509 343/511/511
f 369/510/510 343/511/511 342/512/512
f 342/512/512 343/511/511 317/513/513
f 342/512/512 317/513/513 316/514/514
f 316/514/514 317/513/513 290/515/515
f 316/514/514 290/515/515 289/516/516
f 289/516/516 290/515/515 264/517/517
f 289/516/516 264/517/517 263/518/518
f 263/518/518 264/517/517 238/519/519
f 263/518/518 238/519/519 237/520/520
f 237/520/520 238/519/519 211/521/521
f 237/520/520 211/521/521 210/522/522
f 210/522/522 211/521/521 185/523/523
f 210/522/522 185/523/523 184/524/524
f 184/524/524 185/523/523 158/525/525
f 184/524/524 158/525/525 157/526/526
f 157/526/526 158/525/525 131/31/31
f 157/526/526 131/31/31 130/33/33
f 96/493/493 97/527/527 113/495/495
f 113/495/495 97/527/527 112/528/528
f 113/495/495 112/528/528 528/497/497
f 528/497/497 112/528/528 502/529/529
f 528/497/497 502/529/529 501/499/499
f 501/499/499 502/529/529 476/530/530
f 501/499/499 476/530/530 475/501/501
f 475/501/501 476/530/530 449/531/531
f 475/501/501 449/531/531 448/503/503
f 448/503/503 449/531/531 422/532/532
f 448/503/503 422/532/532 421/505/505
f 421/505/505 422/532/532 396/533/533
f 421/505/505 396/533/533 395/507/507
f 395/507/507 396/533/533 371/534/534
f 395/507/507 371/534/534 370/509/509
f 370/509/509 371/534/534 344/535/535
f 370/509/509 344/535/535 343/511/511
f 343/511/511 344/535/535 318/536/536
f 343/511/511 318/536/536 317/513/513
f 317/513/513 318/536/536 291/537/537
f 317/513/513 291/537/537 290/515/515
f 290/515/515 291/537/537 265/538/538
f 290/515/515 265/538/538 264/517/517
f 264/517/517 265/538/538 239/539/539
f 264/517/517 239/539/539 238/519/519
f 238/519/519 239/539/539 212/540/540
f 238/519/519 212/540/540 211/521/521
f 211/521/521 212/540/540 186/541/541
f 211/521/521 186/541/541 185/523/523
f 185/523/523 186/541/541 159/542/542
f 185/523/523 159/542/542 158/525/525
f 158/525/525 159/542/542 132/29/29
f 158/525/525 132/29/29 131/31/31
f 97/527/527 98/543/543 112/528/528
f 112/528/528 98/543/543 503/544/544
f 112/528/528 503/544/544 502/529/529
f 502/529/529 503/544/544 477/545/545
f 502/529/529 477/545/545 476/530/530
f 476/530/530 477/545/545 450/546/546
f 476/530/530 450/546/546 449/531/531
f 449/531/531 450/546/546 423/547/547
f 449/531/531 423/547/547 422/532/532
f 422/532/532 423/547/547 397/548/548
f 422/532/532 397/548/548 396/533/533
f 396/533/533 397/548/548 372/549/549
f 396/533/533 372/549/549 371/534/534
f 371/534/534 372/549/549 345/550/550
f 371/534/534 345/550/550 344/535/535
f 344/535/535 345/550/550 319/551/551
f 344/535/535 319/551/551 318/536/536
f 318/536/536 319/551/551 292/552/552
f 318/536/536 292/552/552 291/537/537
f 291/537/537 292/552/552 266/553/553
f 291/537/537 266/553/553 265/538/538
f 265/538/538 266/553/553 240/554/554
f 265/538/538 240/554/554 239/539/539
f 239/539/539 240/554/554 213/555/555
f 239/539/539 213/555/555 212/540/540
f 212/540/540 213/555/555 187/556/556
f 212/540/540 187/556/556 186/541/541
f 186/541/541 187/556/556 160/557/557
f 186/541/541 160/557/557 159/542/542
f 159/542/542 160/557/557 133/27/27
f 159/542/542 133/27/27 132/29/29
f 503/544/544 98/543/543 111/558/558
f 111/558/558 98/543/543 99/559/559
f 111/558/558 99/559/559 452/560/560
f 452/560/560 99/559/559 426/561/561
f 452/560/560 426/561/561 425/562/562
f 425/562/562 426/561/561 400/563/563
f 425/562/562 400/563/563 399/564/564
f 399/564/564 400/563/563 110/565/565
f 399/564/564 110/565/565 374/566/566
f 374/566/566 110/565/565 348/567/567
f 374/566/566 348/567/567 347/568/568
f 347/568/568 348/567/567 322/569/569
f 347/568/568 322/569/569 321/570/570
f 321/570/570 322/569/569 295/571/571
f 321/570/570 295/571/571 294/572/572
f 294/572/572 295/571/571 269/573/573
f 294/572/572 269/573/573 268/574/574
f 268/574/574 269/573/573 243/575/575
f 268/574/574 243/575/575 242/576/576
f 242/576/576 243/575/575 216/577/577
f 242/576/576 216/577/577 215/578/578
f 215/578/578 216/577/577 190/579/579
f 215/578/578 190/579/579 189/580/580
f 189/580/580 190/579/579 163/581/581
f 189/580/580 163/581/581 162/582/582
f 162/582/582 163/581/581 136/21/21
f 162/582/582 136/21/21 135/23/23
f 99/559/559 100/583/583 426/561/561
f 426/561/561 100/583/583 400/563/563
f 400/563/563 100/583/583 110/565/565
f 110/565/565 100/583/583 101/584/584
f 110/565/565 101/584/584 349/585/585
f 349/585/585 101/584/584 109/586/586
f 349/585/585 109/586/586 323/587/587
f 323/587/587 109/586/586 297/588/588
f 323/587/587 297/588/588 296/589/589
f 296/589/589 297/588/588 271/590/590
f 296/589/589 271/590/590 270/591/591
f 270/591/591 271/590/590 245/592/592
f 270/591/591 245/592/592 244/593/593
f 244/593/593 245/592/592 218/594/594
f 244/593/593 218/594/594 217/595/595
f 217/595/595 218/594/594 192/596/596
f 217/595/595 192/596/596 191/597/597
f 191/597/597 192/596/596 165/598/598
f 191/597/597 165/598/598 164/599/599
f 164/599/599 165/598/598 138/17/17
f 164/599/599 138/17/17 137/19/19
f 101/584/584 102/600/600 109/586/586
f 109/586/586 102/600/600 298/601/601
f 109/586/586 298/601/601 297/588/588
f 297/588/588 298/601/601 272/602/602
f 297/588/588 272/602/602 271/590/590
f 271/590/590 272/602/602 246/603/603
f 271/590/590 246/603/603 245/592/592
f 245/592/592 246/603/603 219/604/604
f 245/592/592 219/604/604 218/594/594
f 218/594/594 219/604/604 193/605/605
f 218/594/594 193/605/605 192/596/596
f 192/596/596 193/605/605 166/606/606
f 192/596/596 166/606/606 165/598/598
f 165/598/598 166/606/606 139/15/15
f 165/598/598 139/15/15 138/17/17
f 298/601/601 102/600/600 108/607/607
f 108/607/607 102/600/600 103/608/608
f 108/607/607 103/608/608 107/609/609
f 107/609/609 103/608/608 104/610/610
f 107/609/609 104/610/610 222/611/611
f 222/611/611 104/610/610 106/612/612
f 222/611/611 106/612/612 196/613/613
f 196/613/613 106/612/612 170/614/614
f 196/613/613 170/614/614 169/615/615
f 169/615/615 170/614/614 143/7/7
f 169/615/615 143/7/7 142/9/9
f 104/610/610 105/1/1 106/612/612
f 106/612/612 105/1/1 171/616/616
f 106/612/612 171/616/616 170/614/614
f 170/614/614 171/616/616 144/5/5
f 170/614/614 144/5/5 143/7/7
f 171/616/616 105/1/1 145/3/3
f 121/51/51 120/53/53 147/617/617
f 147/617/617 120/53/53 146/57/57
f 147/617/617 146/57/57 173/618/618
f 173/618/618 146/57/57 172/59/59
f 173/618/618 172/59/59 198/619/619
f 198/619/619 172/59/59 197/61/61
f 198/619/619 197/61/61 224/620/620
f 224/620/620 197/61/61 223/63/63
f 224/620/620 223/63/63 249/621/621
f 249/621/621 223/63/63 248/65/65
f 249/621/621 248/65/65 274/622/622
f 274/622/622 248/65/65 273/67/67
f 274/622/622 273/67/67 300/623/623
f 300/623/623 273/67/67 299/69/69
f 300/623/623 299/69/69 325/624/624
f 325/624/624 299/69/69 324/71/71
f 325/624/624 324/71/71 351/625/625
f 351/625/625 324/71/71 350/73/73
f 351/625/625 350/73/73 375/76/76
f 122/49/49 121/51/51 148/626/626
f 148/626/626 121/51/51 147/617/617
f 148/626/626 147/617/617 174/627/627
f 174/627/627 147/617/617 173/618/618
f 174/627/627 173/618/618 199/628/628
f 199/628/628 173/618/618 198/619/619
f 199/628/628 198/619/619 225/629/629
f 225/629/629 198/619/619 224/620/620
f 225/629/629 224/620/620 250/630/630
f 250/630/630 224/620/620 249/621/621
f 250/630/630 249/621/621 275/631/631
f 275/631/631 249/621/621 274/622/622
f 275/631/631 274/622/622 301/632/632
f 301/632/632 274/622/622 300/623/623
f 301/632/632 300/623/623 326/633/633
f 326/633/633 300/623/623 325/624/624
f 326/633/633 325/624/624 352/634/634
f 352/634/634 325/624/624 351/625/625
f 352/634/634 351/625/625 376/635/635
f 376/635/635 351/625/625 375/76/76
f 376/635/635 375/76/76 401/78/78
f 123/47/47 122/49/49 149/636/636
f 149/636/636 122/49/49 148/626/626
f 149/636/636 148/626/626 175/637/637
f 175/637/637 148/626/626 174/627/627
f 175/637/637 174/627/627 200/638/638
f 200/638/638 174/627/627 199/628/628
f 200/638/638 199/628/628 226/639/639
f 226/639/639 199/628/628 225/629/629
f 226/639/639 225/629/629 251/640/640
f 251/640/640 225/629/629 250/630/630
f 251/640/640 250/630/630 276/641/641
f 276/641/641 250/630/630 275/631/631
f 276/641/641 275/631/631 302/642/642
f 302/642/642 275/631/631 301/632/632
f 302/642/642 301/632/632 327/643/643
f 327/643/643 301/632/632 326/633/633
f 327/643/643 326/633/633 353/644/644
f 353/644/644 326/633/633 352/634/634
f 353/644/644 352/634/634 377/645/645
f 377/645/645 352/634/634 376/635/635
f 377/645/645 376/635/635 402/646/646
f 402/646/646 376/635/635 401/78/78
f 402/646/646 401/78/78 428/80/80
f 124/45/45 123/47/47 150/647/647
f 150/647/647 123/47/47 149/636/636
f 150/647/647 149/636/636 176/648/648
f 176/648/648 149/636/636 175/637/637
f 176/648/648 175/637/637 201/649/649
f 201/649/649 175/637/637 200/638/638
f 201/649/649 200/638/638 227/650/650
f 227/650/650 200/638/638 226/639/639
f 227/650/650 226/639/639 252/651/651
f 252/651/651 226/639/639 251/640/640
f 252/651/651 251/640/640 277/652/652
f 277/652/652 251/640/640 276/641/641
f 277/652/652 276/641/641 303/653/653
f 303/653/653 276/641/641 302/642/642
f 303/653/653 302/642/642 328/654/654
f 328/654/654 302/642/642 327/643/643
f 328/654/654 327/643/643 354/655/655
f 354/655/655 327/643/643 353/644/644
f 354/655/655 353/644/644 378/656/656
f 378/656/656 353/644/644 377/645/645
f 378/656/656 377/645/645 403/657/657
f 403/657/657 377/645/645 402/646/646
f 403/657/657 402/646/646 429/658/658
f 429/658/658 402/646/646 428/80/80
f 429/658/658 428/80/80 455/82/82
f 154/491/491 127/39/39 153/448/448
f 153/448/448 127/39/39 126/41/41
f 128/37/37 155/490/490 129/35/35
f 129/35/35 155/490/490 156/659/659
f 129/35/35 156/659/659 130/33/33
f 130/33/33 156/659/659 157/526/526
f 133/27/27 160/557/557 134/25/25
f 134/25/25 160/557/557 161/660/660
f 134/25/25 161/660/660 135/23/23
f 135/23/23 161/660/660 162/582/582
f 164/599/599 137/19/19 163/581/581
f 163/581/581 137/19/19 136/21/21
f 139/15/15 166/606/606 140/13/13
f 140/13/13 166/606/606 167/661/661
f 140/13/13 167/661/661 141/11/11
f 141/11/11 167/661/661 168/662/662
f 141/11/11 168/662/662 142/9/9
f 142/9/9 168/662/662 169/615/615
f 171/616/616 145/3/3 144/5/5
f 124/45/45 150/647/647 151/424/424
f 151/424/424 150/647/647 177/663/663
f 151/424/424 177/663/663 178/422/422
f 178/422/422 177/663/663 203/664/664
f 178/422/422 203/664/664 204/420/420
f 204/420/420 203/664/664 230/665/665
f 204/420/420 230/665/665 231/418/418
f 231/418/418 230/665/665 256/666/666
f 231/418/418 256/666/666 257/416/416
f 257/416/416 256/666/666 282/667/667
f 257/416/416 282/667/667 283/414/414
f 283/414/414 282/667/667 309/668/668
f 283/414/414 309/668/668 310/412/412
f 310/412/412 309/668/668 335/669/669
f 310/412/412 335/669/669 336/410/410
f 336/410/410 335/669/669 362/670/670
f 336/410/410 362/670/670 363/408/408
f 363/408/408 362/670/670 387/671/671
f 363/408/408 387/671/671 388/406/406
f 388/406/406 387/671/671 413/672/672
f 388/406/406 413/672/672 414/404/404
f 414/404/404 413/672/672 440/673/673
f 414/404/404 440/673/673 441/402/402
f 441/402/402 440/673/673 467/674/674
f 441/402/402 467/674/674 468/400/400
f 468/400/400 467/674/674 493/675/675
f 468/400/400 493/675/675 494/398/398
f 494/398/398 493/675/675 520/676/676
f 494/398/398 520/676/676 521/396/396
f 521/396/396 520/676/676 546/677/677
f 521/396/396 546/677/677 547/394/394
f 547/394/394 546/677/677 572/678/678
f 547/394/394 572/678/678 573/392/392
f 573/392/392 572/678/678 599/679/679
f 573/392/392 599/679/679 600/390/390
f 600/390/390 599/679/679 625/680/680
f 600/390/390 625/680/680 626/388/388
f 626/388/388 625/680/680 652/681/681
f 626/388/388 652/681/681 653/386/386
f 653/386/386 652/681/681 677/682/682
f 653/386/386 677/682/682 678/384/384
f 678/384/384 677/682/682 703/683/683
f 678/384/384 703/683/683 704/382/382
f 704/382/382 703/683/683 730/684/684
f 704/382/382 730/684/684 731/380/380
f 731/380/380 730/684/684 757/685/685
f 731/380/380 757/685/685 758/378/378
f 758/378/378 757/685/685 783/686/686
f 758/378/378 783/686/686 784/376/376
f 784/376/376 783/686/686 117/374/374
f 177/663/663 150/647/647 176/648/648
f 181/489/489 154/491/491 180/447/447
f 180/447/447 154/491/491 153/448/448
f 155/490/490 182/488/488 156/659/659
f 156/659/659 182/488/488 183/687/687
f 156/659/659 183/687/687 157/526/526
f 157/526/526 183/687/687 184/524/524
f 160/557/557 187/556/556 161/660/660
f 161/660/660 187/556/556 188/688/688
f 161/660/660 188/688/688 162/582/582
f 162/582/582 188/688/688 189/580/580
f 191/597/597 164/599/599 190/579/579
f 190/579/579 164/599/599 163/581/581
f 166/606/606 193/605/605 167/661/661
f 167/661/661 193/605/605 194/689/689
f 167/661/661 194/689/689 168/662/662
f 168/662/662 194/689/689 195/690/690
f 168/662/662 195/690/690 169/615/615
f 169/615/615 195/690/690 196/613/613
f 177/663/663 176/648/648 202/691/691
f 202/691/691 176/648/648 201/649/649
f 202/691/691 201/649/649 228/692/692
f 228/692/692 201/649/649 227/650/650
f 228/692/692 227/650/650 253/693/693
f 253/693/693 227/650/650 252/651/651
f 253/693/693 252/651/651 278/694/694
f 278/694/694 252/651/651 277/652/652
f 278/694/694 277/652/652 304/695/695
f 304/695/695 277/652/652 303/653/653
f 304/695/695 303/653/653 329/696/696
f 329/696/696 303/653/653 328/654/654
f 329/696/696 328/654/654 355/697/697
f 355/697/697 328/654/654 354/655/655
f 355/697/697 354/655/655 379/698/698
f 379/698/698 354/655/655 378/656/656
f 379/698/698 378/656/656 404/699/699
f 404/699/699 378/656/656 403/657/657
f 404/699/699 403/657/657 430/700/700
f 430/700/700 403/657/657 429/658/658
f 430/700/700 429/658/658 456/701/701
f 456/701/701 429/658/658 455/82/82
f 456/701/701 455/82/82 481/84/84
f 207/487/487 181/489/489 206/446/446
f 206/446/446 181/489/489 180/447/447
f 182/488/488 208/486/486 183/687/687
f 183/687/687 208/486/486 209/702/702
f 183/687/687 209/702/702 184/524/524
f 184/524/524 209/702/702 210/522/522
f 187/556/556 213/555/555 188/688/688
f 188/688/688 213/555/555 214/703/703
f 188/688/688 214/703/703 189/580/580
f 189/580/580 214/703/703 215/578/578
f 217/595/595 191/597/597 216/577/577
f 216/577/577 191/597/597 190/579/579
f 193/605/605 219/604/604 194/689/689
f 194/689/689 219/604/604 220/704/704
f 194/689/689 220/704/704 195/690/690
f 195/690/690 220/704/704 221/705/705
f 195/690/690 221/705/705 196/613/613
f 196/613/613 221/705/705 222/611/611
f 177/663/663 202/691/691 203/664/664
f 203/664/664 202/691/691 229/706/706
f 203/664/664 229/706/706 230/665/665
f 230/665/665 229/706/706 255/707/707
f 230/665/665 255/707/707 256/666/666
f 256/666/666 255/707/707 281/708/708
f 256/666/666 281/708/708 282/667/667
f 282/667/667 281/708/708 308/709/709
f 282/667/667 308/709/709 309/668/668
f 309/668/668 308/709/709 334/710/710
f 309/668/668 334/710/710 335/669/669
f 335/669/669 334/710/710 361/711/711
f 335/669/669 361/711/711 362/670/670
f 362/670/670 361/711/711 386/712/712
f 362/670/670 386/712/712 387/671/671
f 387/671/671 386/712/712 412/713/713
f 387/671/671 412/713/713 413/672/672
f 413/672/672 412/713/713 439/714/714
f 413/672/672 439/714/714 440/673/673
f 440/673/673 439/714/714 466/715/715
f 440/673/673 466/715/715 467/674/674
f 467/674/674 466/715/715 492/716/716
f 467/674/674 492/716/716 493/675/675
f 493/675/675 492/716/716 519/717/717
f 493/675/675 519/717/717 520/676/676
f 520/676/676 519/717/717 545/718/718
f 520/676/676 545/718/718 546/677/677
f 546/677/677 545/718/718 571/719/719
f 546/677/677 571/719/719 572/678/678
f 572/678/678 571/719/719 598/720/720
f 572/678/678 598/720/720 599/679/679
f 599/679/679 598/720/720 624/721/721
f 599/679/679 624/721/721 625/680/680
f 625/680/680 624/721/721 651/722/722
f 625/680/680 651/722/722 652/681/681
f 652/681/681 651/722/722 676/723/723
f 652/681/681 676/723/723 677/682/682
f 677/682/682 676/723/723 702/724/724
f 677/682/682 702/724/724 703/683/683
f 703/683/683 702/724/724 729/725/725
f 703/683/683 729/725/725 730/684/684
f 730/684/684 729/725/725 756/726/726
f 730/684/684 756/726/726 757/685/685
f 757/685/685 756/726/726 782/727/727
f 757/685/685 782/727/727 783/686/686
f 783/686/686 782/727/727 809/728/728
f 783/686/686 809/728/728 117/374/374
f 117/374/374 809/728/728 118/355/355
f 229/706/706 202/691/691 228/692/692
f 234/485/485 207/487/487 233/445/445
f 233/445/445 207/487/487 206/446/446
f 208/486/486 235/484/484 209/702/702
f 209/702/702 235/484/484 236/729/729
f 209/702/702 236/729/729 210/522/522
f 210/522/522 236/729/729 237/520/520
f 213/555/555 240/554/554 214/703/703
f 214/703/703 240/554/554 241/730/730
f 214/703/703 241/730/730 215/578/578
f 215/578/578 241/730/730 242/576/576
f 244/593/593 217/595/595 243/575/575
f 243/575/575 217/595/595 216/577/577
f 219/604/604 246/603/603 220/704/704
f 220/704/704 246/603/603 247/731/731
f 220/704/704 247/731/731 221/705/705
f 221/705/705 247/731/731 107/609/609
f 221/705/705 107/609/609 222/611/611
f 229/706/706 228/692/692 254/732/732
f 254/732/732 228/692/692 253/693/693
f 254/732/732 253/693/693 279/733/733
f 279/733/733 253/693/693 278/694/694
f 279/733/733 278/694/694 305/734/734
f 305/734/734 278/694/694 304/695/695
f 305/734/734 304/695/695 330/735/735
f 330/735/735 304/695/695 329/696/696
f 330/735/735 329/696/696 356/736/736
f 356/736/736 329/696/696 355/697/697
f 356/736/736 355/697/697 380/737/737
f 380/737/737 355/697/697 379/698/698
f 380/737/737 379/698/698 405/738/738
f 405/738/738 379/698/698 404/699/699
f 405/738/738 404/699/699 431/739/739
f 431/739/739 404/699/699 430/700/700
f 431/739/739 430/700/700 457/740/740
f 457/740/740 430/700/700 456/701/701
f 457/740/740 456/701/701 482/741/741
f 482/741/741 456/701/701 481/84/84
f 482/741/741 481/84/84 508/86/86
f 260/483/483 234/485/485 259/444/444
f 259/444/444 234/485/485 233/445/445
f 235/484/484 261/482/482 236/729/729
f 236/729/729 261/482/482 262/742/742
f 236/729/729 262/742/742 237/520/520
f 237/520/520 262/742/742 263/518/518
f 240/554/554 266/553/553 241/730/730
f 241/730/730 266/553/553 267/743/743
f 241/730/730 267/743/743 242/576/576
f 242/576/576 267/743/743 268/574/574
f 270/591/591 244/593/593 269/573/573
f 269/573/573 244/593/593 243/575/575
f 108/607/607 107/609/609 247/731/731
f 108/607/607 247/731/731 272/602/602
f 272/602/602 247/731/731 246/603/603
f 229/706/706 254/732/732 255/707/707
f 255/707/707 254/732/732 280/744/744
f 255/707/707 280/744/744 281/708/708
f 281/708/708 280/744/744 307/745/745
f 281/708/708 307/745/745 308/709/709
f 308/709/709 307/745/745 333/746/746
f 308/709/709 333/746/746 334/710/710
f 334/710/710 333/746/746 360/747/747
f 334/710/710 360/747/747 361/711/711
f 361/711/711 360/747/747 385/748/748
f 361/711/711 385/748/748 386/712/712
f 386/712/712 385/748/748 411/749/749
f 386/712/712 411/749/749 412/713/713
f 412/713/713 411/749/749 438/750/750
f 412/713/713 438/750/750 439/714/714
f 439/714/714 438/750/750 465/751/751
f 439/714/714 465/751/751 466/715/715
f 466/715/715 465/751/751 491/752/752
f 466/715/715 491/752/752 492/716/716
f 492/716/716 491/752/752 518/753/753
f 492/716/716 518/753/753 519/717/717
f 519/717/717 518/753/753 544/754/754
f 519/717/717 544/754/754 545/718/718
f 545/718/718 544/754/754 570/755/755
f 545/718/718 570/755/755 571/719/719
f 571/719/719 570/755/755 597/756/756
f 571/719/719 597/756/756 598/720/720
f 598/720/720 597/756/756 623/757/757
f 598/720/720 623/757/757 624/721/721
f 624/721/721 623/757/757 650/758/758
f 624/721/721 650/758/758 651/722/722
f 651/722/722 650/758/758 675/759/759
f 651/722/722 675/759/759 676/723/723
f 676/723/723 675/759/759 701/760/760
f 676/723/723 701/760/760 702/724/724
f 702/724/724 701/760/760 728/761/761
f 702/724/724 728/761/761 729/725/725
f 729/725/725 728/761/761 755/762/762
f 729/725/725 755/762/762 756/726/726
f 756/726/726 755/762/762 781/763/763
f 756/726/726 781/763/763 782/727/727
f 782/727/727 781/763/763 808/764/764
f 782/727/727 808/764/764 809/728/728
f 809/728/728 808/764/764 834/765/765
f 809/728/728 834/765/765 118/355/355
f 118/355/355 834/765/765 860/356/356
f 280/744/744 254/732/732 279/733/733
f 286/481/481 260/483/483 285/443/443
f 285/443/443 260/483/483 259/444/444
f 261/482/482 287/480/480 262/742/742
f 262/742/742 287/480/480 288/766/766
f 262/742/742 288/766/766 263/518/518
f 263/518/518 288/766/766 289/516/516
f 266/553/553 292/552/552 267/743/743
f 267/743/743 292/552/552 293/767/767
f 267/743/743 293/767/767 268/574/574
f 268/574/574 293/767/767 294/572/572
f 296/589/589 270/591/591 295/571/571
f 295/571/571 270/591/591 269/573/573
f 298/601/601 108/607/607 272/602/602
f 280/744/744 279/733/733 306/768/768
f 306/768/768 279/733/733 305/734/734
f 306/768/768 305/734/734 331/769/769
f 331/769/769 305/734/734 330/735/735
f 331/769/769 330/735/735 357/770/770
f 357/770/770 330/735/735 356/736/736
f 357/770/770 356/736/736 381/771/771
f 381/771/771 356/736/736 380/737/737
f 381/771/771 380/737/737 406/772/772
f 406/772/772 380/737/737 405/738/738
f 406/772/772 405/738/738 432/773/773
f 432/773/773 405/738/738 431/739/739
f 432/773/773 431/739/739 458/774/774
f 458/774/774 431/739/739 457/740/740
f 458/774/774 457/740/740 483/775/775
f 483/775/775 457/740/740 482/741/741
f 483/775/775 482/741/741 509/776/776
f 509/776/776 482/741/741 508/86/86
f 509/776/776 508/86/86 534/88/88
f 313/479/479 286/481/481 312/442/442
f 312/442/442 286/481/481 285/443/443
f 287/480/480 314/478/478 288/766/766
f 288/766/766 314/478/478 315/777/777
f 288/766/766 315/777/777 289/516/516
f 289/516/516 315/777/777 316/514/514
f 292/552/552 319/551/551 293/767/767
f 293/767/767 319/551/551 320/778/778
f 293/767/767 320/778/778 294/572/572
f 294/572/572 320/778/778 321/570/570
f 323/587/587 296/589/589 322/569/569
f 322/569/569 296/589/589 295/571/571
f 280/744/744 306/768/768 307/745/745
f 307/745/745 306/768/768 332/779/779
f 307/745/745 332/779/779 333/746/746
f 333/746/746 332/779/779 359/780/780
f 333/746/746 359/780/780 360/747/747
f 360/747/747 359/780/780 384/781/781
f 360/747/747 384/781/781 385/748/748
f 385/748/748 384/781/781 410/782/782
f 385/748/748 410/782/782 411/749/749
f 411/749/749 410/782/782 437/783/783
f 411/749/749 437/783/783 438/750/750
f 438/750/750 437/783/783 464/784/784
f 438/750/750 464/784/784 465/751/751
f 465/751/751 464/784/784 490/785/785
f 465/751/751 490/785/785 491/752/752
f 491/752/752 490/785/785 517/786/786
f 491/752/752 517/786/786 518/753/753
f 518/753/753 517/786/786 543/787/787
f 518/753/753 543/787/787 544/754/754
f 544/754/754 543/787/787 569/788/788
f 544/754/754 569/788/788 570/755/755
f 570/755/755 569/788/788 596/789/789
f 570/755/755 596/789/789 597/756/756
f 597/756/756 596/789/789 622/790/790
f 597/756/756 622/790/790 623/757/757
f 623/757/757 622/790/790 649/791/791
f 623/757/757 649/791/791 650/758/758
f 650/758/758 649/791/791 674/792/792
f 650/758/758 674/792/792 675/759/759
f 675/759/759 674/792/792 700/793/793
f 675/759/759 700/793/793 701/760/760
f 701/760/760 700/793/793 727/794/794
f 701/760/760 727/794/794 728/761/761
f 728/761/761 727/794/794 754/795/795
f 728/761/761 754/795/795 755/762/762
f 755/762/762 754/795/795 780/796/796
f 755/762/762 780/796/796 781/763/763
f 781/763/763 780/796/796 807/797/797
f 781/763/763 807/797/797 808/764/764
f 808/764/764 807/797/797 833/798/798
f 808/764/764 833/798/798 834/765/765
f 834/765/765 833/798/798 859/357/357
f 834/765/765 859/357/357 860/356/356
f 332/779/779 306/768/768 331/769/769
f 339/477/477 313/479/479 338/441/441
f 338/441/441 313/479/479 312/442/442
f 314/478/478 340/476/476 315/777/777
f 315/777/777 340/476/476 341/799/799
f 315/777/777 341/799/799 316/514/514
f 316/514/514 341/799/799 342/512/512
f 319/551/551 345/550/550 320/778/778
f 320/778/778 345/550/550 346/800/800
f 320/778/778 346/800/800 321/570/570
f 321/570/570 346/800/800 347/568/568
f 349/585/585 323/587/587 348/567/567
f 348/567/567 323/587/587 322/569/569
f 332/779/779 331/769/769 358/801/801
f 358/801/801 331/769/769 357/770/770
f 358/801/801 357/770/770 382/802/802
f 382/802/802 357/770/770 381/771/771
f 382/802/802 381/771/771 407/803/803
f 407/803/803 381/771/771 406/772/772
f 407/803/803 406/772/772 433/804/804
f 433/804/804 406/772/772 432/773/773
f 433/804/804 432/773/773 459/805/805
f 459/805/805 432/773/773 458/774/774
f 459/805/805 458/774/774 484/806/806
f 484/806/806 458/774/774 483/775/775
f 484/806/806 483/775/775 510/807/807
f 510/807/807 483/775/775 509/776/776
f 510/807/807 509/776/776 535/808/808
f 535/808/808 509/776/776 534/88/88
f 535/808/808 534/88/88 560/90/90
f 366/475/475 339/477/477 365/440/440
f 365/440/440 339/477/477 338/441/441
f 340/476/476 367/474/474 341/799/799
f 341/799/799 367/474/474 368/809/809
f 341/799/799 368/809/809 342/512/512
f 342/512/512 368/809/809 369/510/510
f 345/550/550 372/549/549 346/800/800
f 346/800/800 372/549/549 373/810/810
f 346/800/800 373/810/810 347/568/568
f 347/568/568 373/810/810 374/566/566
f 110/565/565 349/585/585 348/567/567
f 332/779/779 358/801/801 359/780/780
f 359/780/780 358/801/801 383/811/811
f 359/780/780 383/811/811 384/781/781
f 384/781/781 383/811/811 409/812/812
f 384/781/781 409/812/812 410/782/782
f 410/782/782 409/812/812 436/813/813
f 410/782/782 436/813/813 437/783/783
f 437/783/783 436/813/813 463/814/814
f 437/783/783 463/814/814 464/784/784
f 464/784/784 463/814/814 489/815/815
f 464/784/784 489/815/815 490/785/785
f 490/785/785 489/815/815 516/816/816
f 490/785/785 516/816/816 517/786/786
f 517/786/786 516/816/816 542/817/817
f 517/786/786 542/817/817 543/787/787
f 543/787/787 542/817/817 568/818/818
f 543/787/787 568/818/818 569/788/788
f 569/788/788 568/818/818 595/819/819
f 569/788/788 595/819/819 596/789/789
f 596/789/789 595/819/819 621/820/820
f 596/789/789 621/820/820 622/790/790
f 622/790/790 621/820/820 648/821/821
f 622/790/790 648/821/821 649/791/791
f 649/791/791 648/821/821 673/822/822
f 649/791/791 673/822/822 674/792/792
f 674/792/792 673/822/822 699/823/823
f 674/792/792 699/823/823 700/793/793
f 700/793/793 699/823/823 726/824/824
f 700/793/793 726/824/824 727/794/794
f 727/794/794 726/824/824 753/825/825
f 727/794/794 753/825/825 754/795/795
f 754/795/795 753/825/825 779/826/826
f 754/795/795 779/826/826 780/796/796
f 780/796/796 779/826/826 806/827/827
f 780/796/796 806/827/827 807/797/797
f 807/797/797 806/827/827 832/828/828
f 807/797/797 832/828/828 833/798/798
f 833/798/798 832/828/828 858/359/359
f 833/798/798 858/359/359 859/357/357
f 383/811/811 358/801/801 382/802/802
f 391/473/473 366/475/475 390/439/439
f 390/439/439 366/475/475 365/440/440
f 367/474/474 392/472/472 368/809/809
f 368/809/809 392/472/472 393/829/829
f 368/809/809 393/829/829 369/510/510
f 369/510/510 393/829/829 394/508/508
f 372/549/549 397/548/548 373/810/810
f 373/810/810 397/548/548 398/830/830
f 373/810/810 398/830/830 374/566/566
f 374/566/566 398/830/830 399/564/564
f 383/811/811 382/802/802 408/831/831
f 408/831/831 382/802/802 407/803/803
f 408/831/831 407/803/803 434/832/832
f 434/832/832 407/803/803 433/804/804
f 434/832/832 433/804/804 460/833/833
f 460/833/833 433/804/804 459/805/805
f 460/833/833 459/805/805 485/834/834
f 485/834/834 459/805/805 484/806/806
f 485/834/834 484/806/806 511/835/835
f 511/835/835 484/806/806 510/807/807
f 511/835/835 510/807/807 536/836/836
f 536/836/836 510/807/807 535/808/808
f 536/836/836 535/808/808 561/837/837
f 561/837/837 535/808/808 560/90/90
f 561/837/837 560/90/90 587/92/92
f 417/471/471 391/473/473 416/438/438
f 416/438/438 391/473/473 390/439/439
f 392/472/472 418/470/470 393/829/829
f 393/829/829 418/470/470 419/838/838
f 393/829/829 419/838/838 394/508/508
f 394/508/508 419/838/838 420/506/506
f 397/548/548 423/547/547 398/830/830
f 398/830/830 423/547/547 424/839/839
f 398/830/830 424/839/839 399/564/564
f 399/564/564 424/839/839 425/562/562
f 383/811/811 408/831/831 409/812/812
f 409/812/812 408/831/831 435/840/840
f 409/812/812 435/840/840 436/813/813
f 436/813/813 435/840/840 462/841/841
f 436/813/813 462/841/841 463/814/814
f 463/814/814 462/841/841 488/842/842
f 463/814/814 488/842/842 489/815/815
f 489/815/815 488/842/842 515/843/843
f 489/815/815 515/843/843 516/816/816
f 516/816/816 515/843/843 541/844/844
f 516/816/816 541/844/844 542/817/817
f 542/817/817 541/844/844 567/845/845
f 542/817/817 567/845/845 568/818/818
f 568/818/818 567/845/845 594/846/846
f 568/818/818 594/846/846 595/819/819
f 595/819/819 594/846/846 620/847/847
f 595/819/819 620/847/847 621/820/820
f 621/820/820 620/847/847 647/848/848
f 621/820/820 647/848/848 648/821/821
f 648/821/821 647/848/848 672/849/849
f 648/821/821 672/849/849 673/822/822
f 673/822/822 672/849/849 698/850/850
f 673/822/822 698/850/850 699/823/823
f 699/823/823 698/850/850 725/851/851
f 699/823/823 725/851/851 726/824/824
f 726/824/824 725/851/851 752/852/852
f 726/824/824 752/852/852 753/825/825
f 753/825/825 752/852/852 778/853/853
f 753/825/825 778/853/853 779/826/826
f 779/826/826 778/853/853 805/854/854
f 779/826/826 805/854/854 806/827/827
f 806/827/827 805/854/854 831/855/855
f 806/827/827 831/855/855 832/828/828
f 832/828/828 831/855/855 857/361/361
f 832/828/828 857/361/361 858/359/359
f 435/840/840 408/831/831 434/832/832
f 444/469/469 417/471/471 443/437/437
f 443/437/437 417/471/471 416/438/438
f 418/470/470 445/468/468 419/838/838
f 419/838/838 445/468/468 446/856/856
f 419/838/838 446/856/856 420/506/506
f 420/506/506 446/856/856 447/504/504
f 423/547/547 450/546/546 424/839/839
f 424/839/839 450/546/546 451/857/857
f 424/839/839 451/857/857 425/562/562
f 425/562/562 451/857/857 452/560/560
f 435/840/840 434/832/832 461/858/858
f 461/858/858 434/832/832 460/833/833
f 461/858/858 460/833/833 486/859/859
f 486/859/859 460/833/833 485/834/834
f 486/859/859 485/834/834 512/860/860
f 512/860/860 485/834/834 511/835/835
f 512/860/860 511/835/835 537/861/861
f 537/861/861 511/835/835 536/836/836
f 537/861/861 536/836/836 562/862/862
f 562/862/862 536/836/836 561/837/837
f 562/862/862 561/837/837 588/863/863
f 588/863/863 561/837/837 587/92/92
f 588/863/863 587/92/92 613/94/94
f 471/467/467 444/469/469 470/436/436
f 470/436/436 444/469/469 443/437/437
f 445/468/468 472/466/466 446/856/856
f 446/856/856 472/466/466 473/864/864
f 446/856/856 473/864/864 447/504/504
f 447/504/504 473/864/864 474/502/502
f 111/558/558 452/560/560 451/857/857
f 111/558/558 451/857/857 477/545/545
f 477/545/545 451/857/857 450/546/546
f 435/840/840 461/858/858 462/841/841
f 462/841/841 461/858/858 487/865/865
f 462/841/841 487/865/865 488/842/842
f 488/842/842 487/865/865 514/866/866
f 488/842/842 514/866/866 515/843/843
f 515/843/843 514/866/866 540/867/867
f 515/843/843 540/867/867 541/844/844
f 541/844/844 540/867/867 566/868/868
f 541/844/844 566/868/868 567/845/845
f 567/845/845 566/868/868 593/869/869
f 567/845/845 593/869/869 594/846/846
f 594/846/846 593/869/869 619/870/870
f 594/846/846 619/870/870 620/847/847
f 620/847/847 619/870/870 646/871/871
f 620/847/847 646/871/871 647/848/848
f 647/848/848 646/871/871 671/872/872
f 647/848/848 671/872/872 672/849/849
f 672/849/849 671/872/872 697/873/873
f 672/849/849 697/873/873 698/850/850
f 698/850/850 697/873/873 724/874/874
f 698/850/850 724/874/874 725/851/851
f 725/851/851 724/874/874 751/875/875
f 725/851/851 751/875/875 752/852/852
f 752/852/852 751/875/875 777/876/876
f 752/852/852 777/876/876 778/853/853
f 778/853/853 777/876/876 804/877/877
f 778/853/853 804/877/877 805/854/854
f 805/854/854 804/877/877 830/878/878
f 805/854/854 830/878/878 831/855/855
f 831/855/855 830/878/878 856/363/363
f 831/855/855 856/363/363 857/361/361
f 487/865/865 461/858/858 486/859/859
f 497/465/465 471/467/467 496/435/435
f 496/435/435 471/467/467 470/436/436
f 472/466/466 498/464/464 473/864/864
f 473/864/864 498/464/464 499/879/879
f 473/864/864 499/879/879 474/502/502
f 474/502/502 499/879/879 500/500/500
f 503/544/544 111/558/558 477/545/545
f 487/865/865 486/859/859 513/880/880
f 513/880/880 486/859/859 512/860/860
f 513/880/880 512/860/860 538/881/881
f 538/881/881 512/860/860 537/861/861
f 538/881/881 537/861/861 563/882/882
f 563/882/882 537/861/861 562/862/862
f 563/882/882 562/862/862 589/883/883
f 589/883/883 562/862/862 588/863/863
f 589/883/883 588/863/863 614/884/884
f 614/884/884 588/863/863 613/94/94
f 614/884/884 613/94/94 640/96/96
f 524/463/463 497/465/465 523/434/434
f 523/434/434 497/465/465 496/435/435
f 498/464/464 525/462/462 499/879/879
f 499/879/879 525/462/462 526/885/885
f 499/879/879 526/885/885 500/500/500
f 500/500/500 526/885/885 527/498/498
f 487/865/865 513/880/880 514/866/866
f 514/866/866 513/880/880 539/886/886
f 514/866/866 539/886/886 540/867/867
f 540/867/867 539/886/886 565/887/887
f 540/867/867 565/887/887 566/868/868
f 566/868/868 565/887/887 592/888/888
f 566/868/868 592/888/888 593/869/869
f 593/869/869 592/888/888 618/889/889
f 593/869/869 618/889/889 619/870/870
f 619/870/870 618/889/889 645/890/890
f 619/870/870 645/890/890 646/871/871
f 646/871/871 645/890/890 670/891/891
f 646/871/871 670/891/891 671/872/872
f 671/872/872 670/891/891 696/892/892
f 671/872/872 696/892/892 697/873/873
f 697/873/873 696/892/892 723/893/893
f 697/873/873 723/893/893 724/874/874
f 724/874/874 723/893/893 750/894/894
f 724/874/874 750/894/894 751/875/875
f 751/875/875 750/894/894 776/895/895
f 751/875/875 776/895/895 777/876/876
f 777/876/876 776/895/895 803/896/896
f 777/876/876 803/896/896 804/877/877
f 804/877/877 803/896/896 829/897/897
f 804/877/877 829/897/897 830/878/878
f 830/878/878 829/897/897 855/365/365
f 830/878/878 855/365/365 856/363/363
f 539/886/886 513/880/880 538/881/881
f 550/461/461 524/463/463 549/433/433
f 549/433/433 524/463/463 523/434/434
f 525/462/462 551/460/460 526/885/885
f 526/885/885 551/460/460 552/898/898
f 526/885/885 552/898/898 527/498/498
f 527/498/498 552/898/898 553/496/496
f 539/886/886 538/881/881 564/899/899
f 564/899/899 538/881/881 563/882/882
f 564/899/899 563/882/882 590/900/900
f 590/900/900 563/882/882 589/883/883
f 590/900/900 589/883/883 615/901/901
f 615/901/901 589/883/883 614/884/884
f 615/901/901 614/884/884 641/902/902
f 641/902/902 614/884/884 640/96/96
f 641/902/902 640/96/96 665/98/98
f 576/459/459 550/461/461 575/432/432
f 575/432/432 550/461/461 549/433/433
f 551/460/460 577/458/458 552/898/898
f 552/898/898 577/458/458 578/903/903
f 552/898/898 578/903/903 553/496/496
f 553/496/496 578/903/903 579/494/494
f 539/886/886 564/899/899 565/887/887
f 565/887/887 564/899/899 591/904/904
f 565/887/887 591/904/904 592/888/888
f 592/888/888 591/904/904 617/905/905
f 592/888/888 617/905/905 618/889/889
f 618/889/889 617/905/905 644/906/906
f 618/889/889 644/906/906 645/890/890
f 645/890/890 644/906/906 669/907/907
f 645/890/890 669/907/907 670/891/891
f 670/891/891 669/907/907 695/908/908
f 670/891/891 695/908/908 696/892/892
f 696/892/892 695/908/908 722/909/909
f 696/892/892 722/909/909 723/893/893
f 723/893/893 722/909/909 749/910/910
f 723/893/893 749/910/910 750/894/894
f 750/894/894 749/910/910 775/911/911
f 750/894/894 775/911/911 776/895/895
f 776/895/895 775/911/911 802/912/912
f 776/895/895 802/912/912 803/896/896
f 803/896/896 802/912/912 828/913/913
f 803/896/896 828/913/913 829/897/897
f 829/897/897 828/913/913 854/367/367
f 829/897/897 854/367/367 855/365/365
f 591/904/904 564/899/899 590/900/900
f 603/457/457 576/459/459 602/431/431
f 602/431/431 576/459/459 575/432/432
f 114/492/492 579/494/494 578/903/903
f 114/492/492 578/903/903 604/456/456
f 604/456/456 578/903/903 577/458/458
f 591/904/904 590/900/900 616/914/914
f 616/914/914 590/900/900 615/901/901
f 616/914/914 615/901/901 642/915/915
f 642/915/915 615/901/901 641/902/902
f 642/915/915 641/902/902 666/916/916
f 666/916/916 641/902/902 665/98/98
f 666/916/916 665/98/98 691/100/100
f 629/455/455 603/457/457 628/430/430
f 628/430/430 603/457/457 602/431/431
f 630/454/454 114/492/492 604/456/456
f 591/904/904 616/914/914 617/905/905
f 617/905/905 616/914/914 643/917/917
f 617/905/905 643/917/917 644/906/906
f 644/906/906 643/917/917 668/918/918
f 644/906/906 668/918/918 669/907/907
f 669/907/907 668/918/918 694/919/919
f 669/907/907 694/919/919 695/908/908
f 695/908/908 694/919/919 721/920/920
f 695/908/908 721/920/920 722/909/909
f 722/909/909 721/920/920 748/921/921
f 722/909/909 748/921/921 749/910/910
f 749/910/910 748/921/921 774/922/922
f 749/910/910 774/922/922 775/911/911
f 775/911/911 774/922/922 801/923/923
f 775/911/911 801/923/923 802/912/912
f 802/912/912 801/923/923 827/924/924
f 802/912/912 827/924/924 828/913/913
f 828/913/913 827/924/924 853/369/369
f 828/913/913 853/369/369 854/367/367
f 643/917/917 616/914/914 642/915/915
f 115/452/452 629/455/455 655/429/429
f 655/429/429 629/455/455 628/430/430
f 643/917/917 642/915/915 667/925/925
f 667/925/925 642/915/915 666/916/916
f 667/925/925 666/916/916 692/926/926
f 692/926/926 666/916/916 691/100/100
f 692/926/926 691/100/100 718/102/102
f 643/917/917 667/925/925 668/918/918
f 668/918/918 667/925/925 693/927/927
f 668/918/918 693/927/927 694/919/919
f 694/919/919 693/927/927 720/928/928
f 694/919/919 720/928/928 721/920/920
f 721/920/920 720/928/928 747/929/929
f 721/920/920 747/929/929 748/921/921
f 748/921/921 747/929/929 773/930/930
f 748/921/921 773/930/930 774/922/922
f 774/922/922 773/930/930 800/931/931
f 774/922/922 800/931/931 801/923/923
f 801/923/923 800/931/931 826/932/932
f 801/923/923 826/932/932 827/924/924
f 827/924/924 826/932/932 852/371/371
f 827/924/924 852/371/371 853/369/369
f 693/927/927 667/925/925 692/926/926
f 707/449/449 681/451/451 706/427/427
f 706/427/427 681/451/451 680/428/428
f 693/927/927 692/926/926 719/933/933
f 719/933/933 692/926/926 718/102/102
f 719/933/933 718/102/102 745/104/104
f 733/426/426 707/449/449 706/427/427
f 693/927/927 719/933/933 720/928/928
f 720/928/928 719/933/933 746/934/934
f 720/928/928 746/934/934 747/929/929
f 747/929/929 746/934/934 772/935/935
f 747/929/929 772/935/935 773/930/930
f 773/930/930 772/935/935 799/936/936
f 773/930/930 799/936/936 800/931/931
f 800/931/931 799/936/936 825/937/937
f 800/931/931 825/937/937 826/932/932
f 826/932/932 825/937/937 851/373/373
f 826/932/932 851/373/373 852/371/371
f 746/934/934 719/933/933 745/104/104
f 772/935/935 746/934/934 771/106/106
f 771/106/106 746/934/934 745/104/104
f 799/936/936 772/935/935 798/108/108
f 798/108/108 772/935/935 771/106/106
f 825/937/937 799/936/936 824/110/110
f 824/110/110 799/936/936 798/108/108
f 851/373/373 825/937/937 850/112/112
f 850/112/112 825/937/937 824/110/110
f 877/114/114 903/116/116 878/372/372
f 878/372/372 903/116/116 904/353/353
f 878/372/372 904/353/353 879/370/370
f 879/370/370 904/353/353 905/352/352
f 879/370/370 905/352/352 880/368/368
f 880/368/368 905/352/352 906/351/351
f 880/368/368 906/351/351 881/366/366
f 881/366/366 906/351/351 907/350/350
f 881/366/366 907/350/350 882/364/364
f 882/364/364 907/350/350 908/349/349
f 882/364/364 908/349/349 883/362/362
f 883/362/362 908/349/349 909/348/348
f 883/362/362 909/348/348 884/360/360
f 884/360/360 909/348/348 910/347/347
f 884/360/360 910/347/347 885/358/358
f 885/358/358 910/347/347 911/346/346
f 885/358/358 911/346/346 119/345/345
f 938/938/938 1/939/939 956/940/940
f 956/940/940 1/939/939 105/941/941
f 956/940/940 105/941/941 955/942/942
f 955/942/942 105/941/941 104/943/943
f 955/942/942 104/943/943 954/944/944
f 954/944/944 104/943/943 103/945/945
f 954/944/944 103/945/945 953/946/946
f 953/946/946 103/945/945 102/947/947
f 953/946/946 102/947/947 952/948/948
f 952/948/948 102/947/947 101/949/949
f 952/948/948 101/949/949 951/950/950
f 951/950/950 101/949/949 100/951/951
f 951/950/950 100/951/951 950/952/952
f 950/952/952 100/951/951 99/953/953
f 950/952/952 99/953/953 949/954/954
f 949/954/954 99/953/953 98/955/955
f 949/954/954 98/955/955 948/956/956
f 948/956/956 98/955/955 97/957/957
f 948/956/956 97/957/957 947/958/958
f 947/958/958 97/957/957 96/959/959
f 947/958/958 96/959/959 946/960/960
f 946/960/960 96/959/959 95/961/961
f 946/960/960 95/961/961 945/962/962
f 945/962/962 95/961/961 94/963/963
f 945/962/962 94/963/963 944/964/964
f 944/964/964 94/963/963 93/965/965
f 944/964/964 93/965/965 943/966/966
f 943/966/966 93/965/965 92/967/967
f 943/966/966 92/967/967 942/968/968
f 942/968/968 92/967/967 91/969/969
f 942/968/968 91/969/969 941/970/970
f 941/970/970 91/969/969 90/971/971
f 941/970/970 90/971/971 940/972/972
f 940/972/972 90/971/971 89/973/973
f 940/972/972 89/973/973 939/974/974
f 939/974/974 89/973/973 88/975/975
f 988/976/976 957/977/977 1011/978/978
f 1011/978/978 957/977/977 958/979/979
f 1011/978/978 958/979/979 1010/980/980
f 1010/980/980 958/979/979 959/981/981
f 1010/980/980 959/981/981 1009/982/982
f 1009/982/982 959/981/981 1008/983/983
f 1009/982/982 1008/983/983 1023/984/984
f 1023/984/984 1008/983/983 1022/985/985
f 1023/984/984 1022/985/985 1036/986/986
f 1036/986/986 1022/985/985 1035/987/987
f 1036/986/986 1035/987/987 1055/988/988
f 1055/988/988 1035/987/987 1056/989/989
f 1055/988/988 1056/989/989 1050/990/990
f 1050/990/990 1056/989/989 1049/991/991
f 1050/990/990 1049/991/991 1077/992/992
f 1077/992/992 1049/991/991 1076/993/993
f 1077/992/992 1076/993/993 1091/994/994
f 1091/994/994 1076/993/993 1090/995/995
f 1091/994/994 1090/995/995 1109/996/996
f 1109/996/996 1090/995/995 1110/997/997
f 1109/996/996 1110/997/997 1104/998/998
f 1104/998/998 1110/997/997 1103/999/999
f 1104/998/998 1103/999/999 1131/1000/1000
f 1131/1000/1000 1103/999/999 1130/1001/1001
f 1131/1000/1000 1130/1001/1001 1145/1002/1002
f 1145/1002/1002 1130/1001/1001 1144/1003/1003
f 1145/1002/1002 1144/1003/1003 1163/1004/1004
f 1163/1004/1004 1144/1003/1003 1164/1005/1005
f 1163/1004/1004 1164/1005/1005 1159/1006/1006
f 1159/1006/1006 1164/1005/1005 1158/1007/1007
f 1159/1006/1006 1158/1007/1007 1186/1008/1008
f 1186/1008/1008 1158/1007/1007 1185/1009/1009
f 1186/1008/1008 1185/1009/1009 1200/1010/1010
f 1200/1010/1010 1185/1009/1009 1199/1011/1011
f 1200/1010/1010 1199/1011/1011 1213/1012/1012
f 1213/1012/1012 1199/1011/1011 1212/1013/1013
f 1213/1012/1012 1212/1013/1013 1231/1014/1014
f 1231/1014/1014 1212/1013/1013 1232/1015/1015
f 1231/1014/1014 1232/1015/1015 1227/1016/1016
f 1227/1016/1016 1232/1015/1015 1226/1017/1017
f 1227/1016/1016 1226/1017/1017 1254/1018/1018
f 1254/1018/1018 1226/1017/1017 1253/1019/1019
f 1254/1018/1018 1253/1019/1019 1267/1020/1020
f 1267/1020/1020 1253/1019/1019 1266/1021/1021
f 1267/1020/1020 1266/1021/1021 1285/1022/1022
f 1285/1022/1022 1266/1021/1021 1286/1023/1023
f 1285/1022/1022 1286/1023/1023 1281/1024/1024
f 1281/1024/1024 1286/1023/1023 1280/1025/1025
f 1281/1024/1024 1280/1025/1025 1308/1026/1026
f 1308/1026/1026 1280/1025/1025 1307/1027/1027
f 1308/1026/1026 1307/1027/1027 970/1028/1028
f 970/1028/1028 1307/1027/1027 969/1029/1029
f 969/1029/1029 1307/1027/1027 1306/1030/1030
f 969/1029/1029 1306/1030/1030 1305/1031/1031
f 1305/1031/1031 1306/1030/1030 1278/1032/1032
f 1305/1031/1031 1278/1032/1032 1277/1033/1033
f 1277/1033/1033 1278/1032/1032 1289/1034/1034
f 1277/1033/1033 1289/1034/1034 1290/1035/1035
f 1290/1035/1035 1289/1034/1034 1262/1036/1036
f 1290/1035/1035 1262/1036/1036 1261/1037/1037
f 1261/1037/1037 1262/1036/1036 1248/1038/1038
f 1261/1037/1037 1248/1038/1038 1247/1039/1039
f 1247/1039/1039 1248/1038/1038 1220/1040/1040
f 1247/1039/1039 1220/1040/1040 1219/1041/1041
f 1219/1041/1041 1220/1040/1040 1239/1042/1042
f 1219/1041/1041 1239/1042/1042 1240/1043/1043
f 1240/1043/1043 1239/1042/1042 1204/1044/1044
f 1240/1043/1043 1204/1044/1044 1203/1045/1045
f 1203/1045/1045 1204/1044/1044 1190/1046/1046
f 1203/1045/1045 1190/1046/1046 1189/1047/1047
f 1189/1047/1047 1190/1046/1046 1175/1048/1048
f 1189/1047/1047 1175/1048/1048 946/1049/1049
f 946/1049/1049 1175/1048/1048 947/1050/958
f 947/1050/958 1175/1048/1048 1148/1051/1050
f 947/1050/958 1148/1051/1050 948/1052/956
f 948/1052/956 1148/1051/1050 1174/1053/1051
f 948/1052/956 1174/1053/1051 1134/1054/1052
f 1134/1054/1052 1174/1053/1051 1173/1055/1053
f 1134/1054/1052 1173/1055/1053 1135/1056/1054
f 1135/1056/1054 1173/1055/1053 1172/1057/1055
f 1135/1056/1054 1172/1057/1055 1136/1058/1056
f 1136/1058/1056 1172/1057/1055 1171/1059/1057
f 1136/1058/1056 1171/1059/1057 1137/1060/1058
f 1137/1060/1058 1171/1059/1057 1170/1061/1059
f 1137/1060/1058 1170/1061/1059 1138/1062/1060
f 1138/1062/1060 1170/1061/1059 1169/1063/1061
f 1138/1062/1060 1169/1063/1061 1139/1064/1062
f 1139/1064/1062 1169/1063/1061 1168/1065/1063
f 1139/1064/1062 1168/1065/1063 1140/1066/1064
f 1140/1066/1064 1168/1065/1063 1167/1067/1065
f 1140/1066/1064 1167/1067/1065 1141/1068/1066
f 1141/1068/1066 1167/1067/1065 1166/1069/1067
f 1141/1068/1066 1166/1069/1067 1142/1070/1068
f 1142/1070/1068 1166/1069/1067 1165/1071/1069
f 1142/1070/1068 1165/1071/1069 1143/1072/1070
f 1143/1072/1070 1165/1071/1069 1164/1005/1005
f 1143/1072/1070 1164/1005/1005 1144/1003/1003
f 959/981/981 960/1073/1071 1008/983/983
f 1008/983/983 960/1073/1071 1007/1074/1072
f 1008/983/983 1007/1074/1072 1022/985/985
f 1022/985/985 1007/1074/1072 1021/1075/1073
f 1022/985/985 1021/1075/1073 1035/987/987
f 1035/987/987 1021/1075/1073 1034/1076/1074
f 1035/987/987 1034/1076/1074 1056/989/989
f 1056/989/989 1034/1076/1074 1057/1077/1075
f 1056/989/989 1057/1077/1075 1049/991/991
f 1049/991/991 1057/1077/1075 1048/1078/1076
f 1049/991/991 1048/1078/1076 1076/993/993
f 1076/993/993 1048/1078/1076 1075/1079/1077
f 1076/993/993 1075/1079/1077 1090/995/995
f 1090/995/995 1075/1079/1077 1089/1080/1078
f 1090/995/995 1089/1080/1078 1110/997/997
f 1110/997/997 1089/1080/1078 1111/1081/1079
f 1110/997/997 1111/1081/1079 1103/999/999
f 1103/999/999 1111/1081/1079 1102/1082/1080
f 1103/999/999 1102/1082/1080 1130/1001/1001
f 1130/1001/1001 1102/1082/1080 1129/1083/1081
f 1130/1001/1001 1129/1083/1081 1144/1003/1003
f 1144/1003/1003 1129/1083/1081 1143/1072/1070
f 1007/1074/1072 960/1073/1071 1006/1084/1082
f 1006/1084/1082 960/1073/1071 961/1085/1083
f 1006/1084/1082 961/1085/1083 1005/1086/1084
f 1005/1086/1084 961/1085/1083 1004/1087/1085
f 1005/1086/1084 1004/1087/1085 1019/1088/1086
f 1019/1088/1086 1004/1087/1085 1018/1089/1087
f 1019/1088/1086 1018/1089/1087 1032/1090/1088
f 1032/1090/1088 1018/1089/1087 1031/1091/1089
f 1032/1090/1088 1031/1091/1089 1059/1092/1090
f 1059/1092/1090 1031/1091/1089 1060/1093/1091
f 1059/1092/1090 1060/1093/1091 1046/1094/1092
f 1046/1094/1092 1060/1093/1091 1045/1095/1093
f 1046/1094/1092 1045/1095/1093 1073/1096/1094
f 1073/1096/1094 1045/1095/1093 1072/1097/1095
f 1073/1096/1094 1072/1097/1095 1087/1098/1096
f 1087/1098/1096 1072/1097/1095 1086/1099/1097
f 1087/1098/1096 1086/1099/1097 1113/1100/1098
f 1113/1100/1098 1086/1099/1097 1114/1101/1099
f 1113/1100/1098 1114/1101/1099 1100/1102/1100
f 1100/1102/1100 1114/1101/1099 1099/1103/1101
f 1100/1102/1100 1099/1103/1101 1127/1104/1102
f 1127/1104/1102 1099/1103/1101 1126/1105/1103
f 1127/1104/1102 1126/1105/1103 1141/1068/1066
f 1141/1068/1066 1126/1105/1103 1140/1066/1064
f 961/1085/1083 962/1106/1104 1004/1087/1085
f 1004/1087/1085 962/1106/1104 1003/1107/1105
f 1004/1087/1085 1003/1107/1105 1018/1089/1087
f 1018/1089/1087 1003/1107/1105 1017/1108/1106
f 1018/1089/1087 1017/1108/1106 1031/1091/1089
f 1031/1091/1089 1017/1108/1106 1030/1109/1107
f 1031/1091/1089 1030/1109/1107 1060/1093/1091
f 1060/1093/1091 1030/1109/1107 1061/1110/1108
f 1060/1093/1091 1061/1110/1108 1045/1095/1093
f 1045/1095/1093 1061/1110/1108 1044/1111/1109
f 1045/1095/1093 1044/1111/1109 1072/1097/1095
f 1072/1097/1095 1044/1111/1109 1071/1112/1110
f 1072/1097/1095 1071/1112/1110 1086/1099/1097
f 1086/1099/1097 1071/1112/1110 1085/1113/1111
f 1086/1099/1097 1085/1113/1111 1114/1101/1099
f 1114/1101/1099 1085/1113/1111 1115/1114/1112
f 1114/1101/1099 1115/1114/1112 1099/1103/1101
f 1099/1103/1101 1115/1114/1112 1098/1115/1113
f 1099/1103/1101 1098/1115/1113 1126/1105/1103
f 1126/1105/1103 1098/1115/1113 1125/1116/1114
f 1126/1105/1103 1125/1116/1114 1140/1066/1064
f 1140/1066/1064 1125/1116/1114 1139/1064/1062
f 1003/1107/1105 962/1106/1104 1002/1117/1115
f 1002/1117/1115 962/1106/1104 963/1118/1116
f 1002/1117/1115 963/1118/1116 1001/1119/1117
f 1001/1119/1117 963/1118/1116 1000/1120/1118
f 1001/1119/1117 1000/1120/1118 1015/1121/1119
f 1015/1121/1119 1000/1120/1118 1014/1122/1120
f 1015/1121/1119 1014/1122/1120 1028/1123/1121
f 1028/1123/1121 1014/1122/1120 1027/1124/1122
f 1028/1123/1121 1027/1124/1122 1063/1125/1123
f 1063/1125/1123 1027/1124/1122 1064/1126/1124
f 1063/1125/1123 1064/1126/1124 1042/1127/1125
f 1042/1127/1125 1064/1126/1124 1041/1128/1126
f 1042/1127/1125 1041/1128/1126 1069/1129/1127
f 1069/1129/1127 1041/1128/1126 1068/1130/1128
f 1069/1129/1127 1068/1130/1128 1083/1131/1129
f 1083/1131/1129 1068/1130/1128 1082/1132/1130
f 1083/1131/1129 1082/1132/1130 1117/1133/1131
f 1117/1133/1131 1082/1132/1130 1118/1134/1132
f 1117/1133/1131 1118/1134/1132 1096/1135/1133
f 1096/1135/1133 1118/1134/1132 1095/1136/1134
f 1096/1135/1133 1095/1136/1134 1123/1137/1135
f 1123/1137/1135 1095/1136/1134 1122/1138/1136
f 1123/1137/1135 1122/1138/1136 1137/1060/1058
f 1137/1060/1058 1122/1138/1136 1136/1058/1056
f 963/1118/1116 964/1139/1137 1000/1120/1118
f 1000/1120/1118 964/1139/1137 999/1140/1138
f 1000/1120/1118 999/1140/1138 1014/1122/1120
f 1014/1122/1120 999/1140/1138 1013/1141/1139
f 1014/1122/1120 1013/1141/1139 1027/1124/1122
f 1027/1124/1122 1013/1141/1139 1026/1142/1140
f 1027/1124/1122 1026/1142/1140 1064/1126/1124
f 1064/1126/1124 1026/1142/1140 1065/1143/1141
f 1064/1126/1124 1065/1143/1141 1041/1128/1126
f 1041/1128/1126 1065/1143/1141 1040/1144/1142
f 1041/1128/1126 1040/1144/1142 1068/1130/1128
f 1068/1130/1128 1040/1144/1142 1067/1145/1143
f 1068/1130/1128 1067/1145/1143 1082/1132/1130
f 1082/1132/1130 1067/1145/1143 1081/1146/1144
f 1082/1132/1130 1081/1146/1144 1118/1134/1132
f 1118/1134/1132 1081/1146/1144 1119/1147/1145
f 1118/1134/1132 1119/1147/1145 1095/1136/1134
f 1095/1136/1134 1119/1147/1145 1094/1148/1146
f 1095/1136/1134 1094/1148/1146 1122/1138/1136
f 1122/1138/1136 1094/1148/1146 1121/1149/1147
f 1122/1138/1136 1121/1149/1147 1136/1058/1056
f 1136/1058/1056 1121/1149/1147 1135/1056/1054
f 999/1140/1138 964/1139/1137 998/1150/1148
f 998/1150/1148 964/1139/1137 938/1151/938
f 998/1150/1148 938/1151/938 956/1152/1149
f 998/1150/1148 956/1152/1149 1012/1153/1150
f 1012/1153/1150 956/1152/1149 955/1154/942
f 1012/1153/1150 955/1154/942 1025/1155/1151
f 1025/1155/1151 955/1154/942 990/1156/1152
f 1025/1155/1151 990/1156/1152 1065/1143/1141
f 1065/1143/1141 990/1156/1152 1040/1144/1142
f 955/1154/942 954/1157/944 990/1156/1152
f 990/1156/1152 954/1157/944 1039/1158/1153
f 990/1156/1152 1039/1158/1153 1040/1144/1142
f 1040/1144/1142 1039/1158/1153 1067/1145/1143
f 954/1157/944 953/1159/946 1039/1158/1153
f 1039/1158/1153 953/1159/946 1066/1160/1154
f 1039/1158/1153 1066/1160/1154 1067/1145/1143
f 1067/1145/1143 1066/1160/1154 1081/1146/1144
f 953/1159/946 952/1161/1155 1066/1160/1154
f 1066/1160/1154 952/1161/1155 1080/1162/1156
f 1066/1160/1154 1080/1162/1156 1081/1146/1144
f 1081/1146/1144 1080/1162/1156 1119/1147/1145
f 1080/1162/1156 952/1161/1155 992/1163/1157
f 992/1163/1157 952/1161/1155 951/1164/1158
f 992/1163/1157 951/1164/1158 1093/1165/1159
f 1093/1165/1159 951/1164/1158 950/1166/1160
f 1093/1165/1159 950/1166/1160 1120/1167/1161
f 1120/1167/1161 950/1166/1160 949/1168/954
f 1120/1167/1161 949/1168/954 1134/1054/1052
f 1134/1054/1052 949/1168/954 948/1052/956
f 946/1049/1049 945/1169/1162 1189/1047/1047
f 1189/1047/1047 945/1169/1162 995/1170/1163
f 1189/1047/1047 995/1170/1163 1203/1045/1045
f 1203/1045/1045 995/1170/1163 1241/1171/1164
f 1203/1045/1045 1241/1171/1164 1240/1043/1043
f 1240/1043/1043 1241/1171/1164 1218/1172/1165
f 1240/1043/1043 1218/1172/1165 1219/1041/1041
f 1219/1041/1041 1218/1172/1165 1246/1173/1166
f 1219/1041/1041 1246/1173/1166 1247/1039/1039
f 1247/1039/1039 1246/1173/1166 1260/1174/1167
f 1247/1039/1039 1260/1174/1167 1261/1037/1037
f 1261/1037/1037 1260/1174/1167 1291/1175/1168
f 1261/1037/1037 1291/1175/1168 1290/1035/1035
f 1290/1035/1035 1291/1175/1168 1276/1176/1169
f 1290/1035/1035 1276/1176/1169 1277/1033/1033
f 1277/1033/1033 1276/1176/1169 1304/1177/1170
f 1277/1033/1033 1304/1177/1170 1305/1031/1031
f 1305/1031/1031 1304/1177/1170 968/1178/1171
f 1305/1031/1031 968/1178/1171 969/1029/1029
f 945/1169/1162 944/1179/1172 995/1170/1163
f 995/1170/1163 944/1179/1172 1242/1180/1173
f 995/1170/1163 1242/1180/1173 1241/1171/1164
f 1241/1171/1164 1242/1180/1173 1217/1181/1174
f 1241/1171/1164 1217/1181/1174 1218/1172/1165
f 1218/1172/1165 1217/1181/1174 1245/1182/1175
f 1218/1172/1165 1245/1182/1175 1246/1173/1166
f 1246/1173/1166 1245/1182/1175 1259/1183/1176
f 1246/1173/1166 1259/1183/1176 1260/1174/1167
f 1260/1174/1167 1259/1183/1176 1292/1184/1177
f 1260/1174/1167 1292/1184/1177 1291/1175/1168
f 1291/1175/1168 1292/1184/1177 1275/1185/1178
f 1291/1175/1168 1275/1185/1178 1276/1176/1169
f 1276/1176/1169 1275/1185/1178 1303/1186/1179
f 1276/1176/1169 1303/1186/1179 1304/1177/1170
f 1304/1177/1170 1303/1186/1179 968/1178/1171
f 1242/1180/1173 944/1179/1172 1216/1187/1180
f 1216/1187/1180 944/1179/1172 943/1188/966
f 1216/1187/1180 943/1188/966 1243/1189/1181
f 1243/1189/1181 943/1188/966 942/1190/968
f 1243/1189/1181 942/1190/968 997/1191/1182
f 997/1191/1182 942/1190/968 941/1192/970
f 997/1191/1182 941/1192/970 1296/1193/1183
f 1296/1193/1183 941/1192/970 1270/1194/1184
f 1296/1193/1183 1270/1194/1184 1271/1195/1185
f 1271/1195/1185 1270/1194/1184 1298/1196/1186
f 1271/1195/1185 1298/1196/1186 1299/1197/1187
f 1299/1197/1187 1298/1196/1186 965/1198/1188
f 1299/1197/1187 965/1198/1188 966/1199/1189
f 941/1192/970 940/1200/1190 1270/1194/1184
f 1270/1194/1184 940/1200/1190 1297/1201/1191
f 1270/1194/1184 1297/1201/1191 1298/1196/1186
f 1298/1196/1186 1297/1201/1191 965/1198/1188
f 940/1200/1190 939/1202/974 1297/1201/1191
f 1297/1201/1191 939/1202/974 965/1198/1188
f 967/1203/1192 1301/1204/1193 966/1199/1189
f 966/1199/1189 1301/1204/1193 1300/1205/1194
f 966/1199/1189 1300/1205/1194 1299/1197/1187
f 1299/1197/1187 1300/1205/1194 1272/1206/1195
f 1299/1197/1187 1272/1206/1195 1271/1195/1185
f 1271/1195/1185 1272/1206/1195 1295/1207/1196
f 1271/1195/1185 1295/1207/1196 1296/1193/1183
f 1296/1193/1183 1295/1207/1196 997/1191/1182
f 968/1178/1171 1303/1186/1179 967/1203/1192
f 967/1203/1192 1303/1186/1179 1302/1208/1197
f 967/1203/1192 1302/1208/1197 1301/1204/1193
f 1301/1204/1193 1302/1208/1197 1274/1209/1198
f 1301/1204/1193 1274/1209/1198 1273/1210/1199
f 1273/1210/1199 1274/1209/1198 1293/1211/1200
f 1273/1210/1199 1293/1211/1200 1294/1212/1201
f 1294/1212/1201 1293/1211/1200 1258/1213/1202
f 1294/1212/1201 1258/1213/1202 1257/1214/1203
f 1257/1214/1203 1258/1213/1202 1244/1215/1204
f 1257/1214/1203 1244/1215/1204 1243/1189/1181
f 1243/1189/1181 1244/1215/1204 1216/1187/1180
f 1308/1026/1026 970/1028/1028 1309/1216/1205
f 1309/1216/1205 970/1028/1028 971/1217/1206
f 1309/1216/1205 971/1217/1206 1310/1218/1207
f 1310/1218/1207 971/1217/1206 972/1219/1208
f 1310/1218/1207 972/1219/1208 973/1220/1209
f 1310/1218/1207 973/1220/1209 996/1221/1210
f 996/1221/1210 973/1220/1209 974/1222/1211
f 996/1221/1210 974/1222/1211 1283/1223/1212
f 1283/1223/1212 974/1222/1211 1269/1224/1213
f 1283/1223/1212 1269/1224/1213 1268/1225/1214
f 1268/1225/1214 1269/1224/1213 1255/1226/1215
f 1268/1225/1214 1255/1226/1215 1254/1018/1018
f 1254/1018/1018 1255/1226/1215 1227/1016/1016
f 974/1222/1211 975/1227/1216 1269/1224/1213
f 1269/1224/1213 975/1227/1216 1256/1228/1217
f 1269/1224/1213 1256/1228/1217 1255/1226/1215
f 1255/1226/1215 1256/1228/1217 1228/1229/1218
f 1255/1226/1215 1228/1229/1218 1227/1016/1016
f 1227/1016/1016 1228/1229/1218 1231/1014/1014
f 975/1227/1216 976/1230/1219 1256/1228/1217
f 1256/1228/1217 976/1230/1219 1229/1231/1220
f 1256/1228/1217 1229/1231/1220 1228/1229/1218
f 1228/1229/1218 1229/1231/1220 1230/1232/1221
f 1228/1229/1218 1230/1232/1221 1231/1014/1014
f 1231/1014/1014 1230/1232/1221 1213/1012/1012
f 1229/1231/1220 976/1230/1219 994/1233/1222
f 994/1233/1222 976/1230/1219 977/1234/1223
f 994/1233/1222 977/1234/1223 1215/1235/1224
f 1215/1235/1224 977/1234/1223 978/1236/1225
f 1215/1235/1224 978/1236/1225 1202/1237/1226
f 1202/1237/1226 978/1236/1225 979/1238/1227
f 1202/1237/1226 979/1238/1227 1188/1239/1228
f 1188/1239/1228 979/1238/1227 993/1240/1229
f 1188/1239/1228 993/1240/1229 1160/1241/1230
f 1160/1241/1230 993/1240/1229 1162/1242/1231
f 1160/1241/1230 1162/1242/1231 1163/1004/1004
f 1163/1004/1004 1162/1242/1231 1145/1002/1002
f 979/1238/1227 980/1243/1232 993/1240/1229
f 993/1240/1229 980/1243/1232 1161/1244/1233
f 993/1240/1229 1161/1244/1233 1162/1242/1231
f 1162/1242/1231 1161/1244/1233 1146/1245/1234
f 1162/1242/1231 1146/1245/1234 1145/1002/1002
f 1145/1002/1002 1146/1245/1234 1131/1000/1000
f 980/1243/1232 981/1246/1235 1161/1244/1233
f 1161/1244/1233 981/1246/1235 1147/1247/1236
f 1161/1244/1233 1147/1247/1236 1146/1245/1234
f 1146/1245/1234 1147/1247/1236 1132/1248/1237
f 1146/1245/1234 1132/1248/1237 1131/1000/1000
f 1131/1000/1000 1132/1248/1237 1104/998/998
f 981/1246/1235 982/1249/1238 1147/1247/1236
f 1147/1247/1236 982/1249/1238 1133/1250/1239
f 1147/1247/1236 1133/1250/1239 1132/1248/1237
f 1132/1248/1237 1133/1250/1239 1105/1251/1240
f 1132/1248/1237 1105/1251/1240 1104/998/998
f 1104/998/998 1105/1251/1240 1109/996/996
f 1133/1250/1239 982/1249/1238 1106/1252/1241
f 1106/1252/1241 982/1249/1238 983/1253/1242
f 1106/1252/1241 983/1253/1242 1107/1254/1243
f 1107/1254/1243 983/1253/1242 984/1255/1244
f 1107/1254/1243 984/1255/1244 991/1256/1245
f 991/1256/1245 984/1255/1244 985/1257/1246
f 991/1256/1245 985/1257/1246 1079/1258/1247
f 1079/1258/1247 985/1257/1246 1052/1259/1248
f 1079/1258/1247 1052/1259/1248 1051/1260/1249
f 1051/1260/1249 1052/1259/1248 1054/1261/1250
f 1051/1260/1249 1054/1261/1250 1055/988/988
f 1055/988/988 1054/1261/1250 1036/986/986
f 985/1257/1246 986/1262/1251 1052/1259/1248
f 1052/1259/1248 986/1262/1251 1053/1263/1252
f 1052/1259/1248 1053/1263/1252 1054/1261/1250
f 1054/1261/1250 1053/1263/1252 1037/1264/1253
f 1054/1261/1250 1037/1264/1253 1036/986/986
f 1036/986/986 1037/1264/1253 1023/984/984
f 986/1262/1251 987/1265/1254 1053/1263/1252
f 1053/1263/1252 987/1265/1254 1038/1266/1255
f 1053/1263/1252 1038/1266/1255 1037/1264/1253
f 1037/1264/1253 1038/1266/1255 1024/1267/1256
f 1037/1264/1253 1024/1267/1256 1023/984/984
f 1023/984/984 1024/1267/1256 1009/982/982
f 1038/1266/1255 987/1265/1254 989/1268/1257
f 989/1268/1257 987/1265/1254 988/976/976
f 989/1268/1257 988/976/976 1011/978/978
f 1013/1141/1139 999/1140/1138 998/1150/1148
f 1017/1108/1106 1003/1107/1105 1002/1117/1115
f 1002/1117/1115 1001/1119/1117 1016/1269/1258
f 1016/1269/1258 1001/1119/1117 1015/1121/1119
f 1016/1269/1258 1015/1121/1119 1029/1270/1259
f 1029/1270/1259 1015/1121/1119 1028/1123/1121
f 1029/1270/1259 1028/1123/1121 1062/1271/1260
f 1062/1271/1260 1028/1123/1121 1063/1125/1123
f 1062/1271/1260 1063/1125/1123 1043/1272/1261
f 1043/1272/1261 1063/1125/1123 1042/1127/1125
f 1043/1272/1261 1042/1127/1125 1070/1273/1262
f 1070/1273/1262 1042/1127/1125 1069/1129/1127
f 1070/1273/1262 1069/1129/1127 1084/1274/1263
f 1084/1274/1263 1069/1129/1127 1083/1131/1129
f 1084/1274/1263 1083/1131/1129 1116/1275/1264
f 1116/1275/1264 1083/1131/1129 1117/1133/1131
f 1116/1275/1264 1117/1133/1131 1097/1276/1265
f 1097/1276/1265 1117/1133/1131 1096/1135/1133
f 1097/1276/1265 1096/1135/1133 1124/1277/1266
f 1124/1277/1266 1096/1135/1133 1123/1137/1135
f 1124/1277/1266 1123/1137/1135 1138/1062/1060
f 1138/1062/1060 1123/1137/1135 1137/1060/1058
f 1021/1075/1073 1007/1074/1072 1006/1084/1082
f 1006/1084/1082 1005/1086/1084 1020/1278/1267
f 1020/1278/1267 1005/1086/1084 1019/1088/1086
f 1020/1278/1267 1019/1088/1086 1033/1279/1268
f 1033/1279/1268 1019/1088/1086 1032/1090/1088
f 1033/1279/1268 1032/1090/1088 1058/1280/1269
f 1058/1280/1269 1032/1090/1088 1059/1092/1090
f 1058/1280/1269 1059/1092/1090 1047/1281/1270
f 1047/1281/1270 1059/1092/1090 1046/1094/1092
f 1047/1281/1270 1046/1094/1092 1074/1282/1271
f 1074/1282/1271 1046/1094/1092 1073/1096/1094
f 1074/1282/1271 1073/1096/1094 1088/1283/1272
f 1088/1283/1272 1073/1096/1094 1087/1098/1096
f 1088/1283/1272 1087/1098/1096 1112/1284/1273
f 1112/1284/1273 1087/1098/1096 1113/1100/1098
f 1112/1284/1273 1113/1100/1098 1101/1285/1274
f 1101/1285/1274 1113/1100/1098 1100/1102/1100
f 1101/1285/1274 1100/1102/1100 1128/1286/1275
f 1128/1286/1275 1100/1102/1100 1127/1104/1102
f 1128/1286/1275 1127/1104/1102 1142/1070/1068
f 1142/1070/1068 1127/1104/1102 1141/1068/1066
f 989/1268/1257 1011/978/978 1010/980/980
f 989/1268/1257 1010/980/980 1024/1267/1256
f 1024/1267/1256 1010/980/980 1009/982/982
f 1026/1142/1140 1013/1141/1139 1012/1153/1150
f 1012/1153/1150 1013/1141/1139 998/1150/1148
f 1030/1109/1107 1017/1108/1106 1016/1269/1258
f 1016/1269/1258 1017/1108/1106 1002/1117/1115
f 1030/1109/1107 1016/1269/1258 1029/1270/1259
f 1034/1076/1074 1021/1075/1073 1020/1278/1267
f 1020/1278/1267 1021/1075/1073 1006/1084/1082
f 1034/1076/1074 1020/1278/1267 1033/1279/1268
f 1038/1266/1255 989/1268/1257 1024/1267/1256
f 1065/1143/1141 1026/1142/1140 1025/1155/1151
f 1025/1155/1151 1026/1142/1140 1012/1153/1150
f 1061/1110/1108 1030/1109/1107 1029/1270/1259
f 1061/1110/1108 1029/1270/1259 1062/1271/1260
f 1057/1077/1075 1034/1076/1074 1033/1279/1268
f 1057/1077/1075 1033/1279/1268 1058/1280/1269
f 1061/1110/1108 1062/1271/1260 1044/1111/1109
f 1044/1111/1109 1062/1271/1260 1043/1272/1261
f 1044/1111/1109 1043/1272/1261 1071/1112/1110
f 1071/1112/1110 1043/1272/1261 1070/1273/1262
f 1071/1112/1110 1070/1273/1262 1085/1113/1111
f 1085/1113/1111 1070/1273/1262 1084/1274/1263
f 1085/1113/1111 1084/1274/1263 1115/1114/1112
f 1115/1114/1112 1084/1274/1263 1116/1275/1264
f 1115/1114/1112 1116/1275/1264 1098/1115/1113
f 1098/1115/1113 1116/1275/1264 1097/1276/1265
f 1098/1115/1113 1097/1276/1265 1125/1116/1114
f 1125/1116/1114 1097/1276/1265 1124/1277/1266
f 1125/1116/1114 1124/1277/1266 1139/1064/1062
f 1139/1064/1062 1124/1277/1266 1138/1062/1060
f 1057/1077/1075 1058/1280/1269 1048/1078/1076
f 1048/1078/1076 1058/1280/1269 1047/1281/1270
f 1048/1078/1076 1047/1281/1270 1075/1079/1077
f 1075/1079/1077 1047/1281/1270 1074/1282/1271
f 1075/1079/1077 1074/1282/1271 1089/1080/1078
f 1089/1080/1078 1074/1282/1271 1088/1283/1272
f 1089/1080/1078 1088/1283/1272 1111/1081/1079
f 1111/1081/1079 1088/1283/1272 1112/1284/1273
f 1111/1081/1079 1112/1284/1273 1102/1082/1080
f 1102/1082/1080 1112/1284/1273 1101/1285/1274
f 1102/1082/1080 1101/1285/1274 1129/1083/1081
f 1129/1083/1081 1101/1285/1274 1128/1286/1275
f 1129/1083/1081 1128/1286/1275 1143/1072/1070
f 1143/1072/1070 1128/1286/1275 1142/1070/1068
f 1055/988/988 1050/990/990 1051/1260/1249
f 1051/1260/1249 1050/990/990 1078/1287/1276
f 1051/1260/1249 1078/1287/1276 1079/1258/1247
f 1079/1258/1247 1078/1287/1276 991/1256/1245
f 1078/1287/1276 1050/990/990 1077/992/992
f 1078/1287/1276 1077/992/992 1092/1288/1277
f 1092/1288/1277 1077/992/992 1091/994/994
f 1092/1288/1277 1091/994/994 1108/1289/1278
f 1108/1289/1278 1091/994/994 1109/996/996
f 1108/1289/1278 1109/996/996 1105/1251/1240
f 1107/1254/1243 991/1256/1245 1092/1288/1277
f 1092/1288/1277 991/1256/1245 1078/1287/1276
f 1107/1254/1243 1092/1288/1277 1108/1289/1278
f 1093/1165/1159 1094/1148/1146 992/1163/1157
f 992/1163/1157 1094/1148/1146 1119/1147/1145
f 992/1163/1157 1119/1147/1145 1080/1162/1156
f 1094/1148/1146 1093/1165/1159 1121/1149/1147
f 1121/1149/1147 1093/1165/1159 1120/1167/1161
f 1121/1149/1147 1120/1167/1161 1135/1056/1054
f 1135/1056/1054 1120/1167/1161 1134/1054/1052
f 1107/1254/1243 1108/1289/1278 1106/1252/1241
f 1106/1252/1241 1108/1289/1278 1105/1251/1240
f 1106/1252/1241 1105/1251/1240 1133/1250/1239
f 1173/1055/1053 1174/1053/1051 1149/1290/1279
f 1149/1290/1279 1174/1053/1051 1148/1051/1050
f 1149/1290/1279 1148/1051/1050 1176/1291/1280
f 1176/1291/1280 1148/1051/1050 1175/1048/1048
f 1176/1291/1280 1175/1048/1048 1190/1046/1046
f 1172/1057/1055 1173/1055/1053 1150/1292/1281
f 1150/1292/1281 1173/1055/1053 1149/1290/1279
f 1150/1292/1281 1149/1290/1279 1177/1293/1282
f 1177/1293/1282 1149/1290/1279 1176/1291/1280
f 1177/1293/1282 1176/1291/1280 1191/1294/1283
f 1191/1294/1283 1176/1291/1280 1190/1046/1046
f 1191/1294/1283 1190/1046/1046 1204/1044/1044
f 1171/1059/1057 1172/1057/1055 1151/1295/1284
f 1151/1295/1284 1172/1057/1055 1150/1292/1281
f 1151/1295/1284 1150/1292/1281 1178/1296/1285
f 1178/1296/1285 1150/1292/1281 1177/1293/1282
f 1178/1296/1285 1177/1293/1282 1192/1297/1286
f 1192/1297/1286 1177/1293/1282 1191/1294/1283
f 1192/1297/1286 1191/1294/1283 1205/1298/1287
f 1205/1298/1287 1191/1294/1283 1204/1044/1044
f 1205/1298/1287 1204/1044/1044 1239/1042/1042
f 1170/1061/1059 1171/1059/1057 1152/1299/1288
f 1152/1299/1288 1171/1059/1057 1151/1295/1284
f 1152/1299/1288 1151/1295/1284 1179/1300/1289
f 1179/1300/1289 1151/1295/1284 1178/1296/1285
f 1179/1300/1289 1178/1296/1285 1193/1301/1290
f 1193/1301/1290 1178/1296/1285 1192/1297/1286
f 1193/1301/1290 1192/1297/1286 1206/1302/1291
f 1206/1302/1291 1192/1297/1286 1205/1298/1287
f 1206/1302/1291 1205/1298/1287 1238/1303/1292
f 1238/1303/1292 1205/1298/1287 1239/1042/1042
f 1238/1303/1292 1239/1042/1042 1220/1040/1040
f 1169/1063/1061 1170/1061/1059 1153/1304/1293
f 1153/1304/1293 1170/1061/1059 1152/1299/1288
f 1153/1304/1293 1152/1299/1288 1180/1305/1294
f 1180/1305/1294 1152/1299/1288 1179/1300/1289
f 1180/1305/1294 1179/1300/1289 1194/1306/1295
f 1194/1306/1295 1179/1300/1289 1193/1301/1290
f 1194/1306/1295 1193/1301/1290 1207/1307/1296
f 1207/1307/1296 1193/1301/1290 1206/1302/1291
f 1207/1307/1296 1206/1302/1291 1237/1308/1297
f 1237/1308/1297 1206/1302/1291 1238/1303/1292
f 1237/1308/1297 1238/1303/1292 1221/1309/1298
f 1221/1309/1298 1238/1303/1292 1220/1040/1040
f 1221/1309/1298 1220/1040/1040 1248/1038/1038
f 1168/1065/1063 1169/1063/1061 1154/1310/1299
f 1154/1310/1299 1169/1063/1061 1153/1304/1293
f 1154/1310/1299 1153/1304/1293 1181/1311/1300
f 1181/1311/1300 1153/1304/1293 1180/1305/1294
f 1181/1311/1300 1180/1305/1294 1195/1312/1301
f 1195/1312/1301 1180/1305/1294 1194/1306/1295
f 1195/1312/1301 1194/1306/1295 1208/1313/1302
f 1208/1313/1302 1194/1306/1295 1207/1307/1296
f 1208/1313/1302 1207/1307/1296 1236/1314/1303
f 1236/1314/1303 1207/1307/1296 1237/1308/1297
f 1236/1314/1303 1237/1308/1297 1222/1315/1304
f 1222/1315/1304 1237/1308/1297 1221/1309/1298
f 1222/1315/1304 1221/1309/1298 1249/1316/1305
f 1249/1316/1305 1221/1309/1298 1248/1038/1038
f 1249/1316/1305 1248/1038/1038 1262/1036/1036
f 1167/1067/1065 1168/1065/1063 1155/1317/1306
f 1155/1317/1306 1168/1065/1063 1154/1310/1299
f 1155/1317/1306 1154/1310/1299 1182/1318/1307
f 1182/1318/1307 1154/1310/1299 1181/1311/1300
f 1182/1318/1307 1181/1311/1300 1196/1319/1308
f 1196/1319/1308 1181/1311/1300 1195/1312/1301
f 1196/1319/1308 1195/1312/1301 1209/1320/1309
f 1209/1320/1309 1195/1312/1301 1208/1313/1302
f 1209/1320/1309 1208/1313/1302 1235/1321/1310
f 1235/1321/1310 1208/1313/1302 1236/1314/1303
f 1235/1321/1310 1236/1314/1303 1223/1322/1311
f 1223/1322/1311 1236/1314/1303 1222/1315/1304
f 1223/1322/1311 1222/1315/1304 1250/1323/1312
f 1250/1323/1312 1222/1315/1304 1249/1316/1305
f 1250/1323/1312 1249/1316/1305 1263/1324/1313
f 1263/1324/1313 1249/1316/1305 1262/1036/1036
f 1263/1324/1313 1262/1036/1036 1289/1034/1034
f 1166/1069/1067 1167/1067/1065 1156/1325/1314
f 1156/1325/1314 1167/1067/1065 1155/1317/1306
f 1156/1325/1314 1155/1317/1306 1183/1326/1315
f 1183/1326/1315 1155/1317/1306 1182/1318/1307
f 1183/1326/1315 1182/1318/1307 1197/1327/1316
f 1197/1327/1316 1182/1318/1307 1196/1319/1308
f 1197/1327/1316 1196/1319/1308 1210/1328/1317
f 1210/1328/1317 1196/1319/1308 1209/1320/1309
f 1210/1328/1317 1209/1320/1309 1234/1329/1318
f 1234/1329/1318 1209/1320/1309 1235/1321/1310
f 1234/1329/1318 1235/1321/1310 1224/1330/1319
f 1224/1330/1319 1235/1321/1310 1223/1322/1311
f 1224/1330/1319 1223/1322/1311 1251/1331/1320
f 1251/1331/1320 1223/1322/1311 1250/1323/1312
f 1251/1331/1320 1250/1323/1312 1264/1332/1321
f 1264/1332/1321 1250/1323/1312 1263/1324/1313
f 1264/1332/1321 1263/1324/1313 1288/1333/1322
f 1288/1333/1322 1263/1324/1313 1289/1034/1034
f 1288/1333/1322 1289/1034/1034 1278/1032/1032
f 1165/1071/1069 1166/1069/1067 1157/1334/1323
f 1157/1334/1323 1166/1069/1067 1156/1325/1314
f 1157/1334/1323 1156/1325/1314 1184/1335/1324
f 1184/1335/1324 1156/1325/1314 1183/1326/1315
f 1184/1335/1324 1183/1326/1315 1198/1336/1325
f 1198/1336/1325 1183/1326/1315 1197/1327/1316
f 1198/1336/1325 1197/1327/1316 1211/1337/1326
f 1211/1337/1326 1197/1327/1316 1210/1328/1317
f 1211/1337/1326 1210/1328/1317 1233/1338/1327
f 1233/1338/1327 1210/1328/1317 1234/1329/1318
f 1233/1338/1327 1234/1329/1318 1225/1339/1328
f 1225/1339/1328 1234/1329/1318 1224/1330/1319
f 1225/1339/1328 1224/1330/1319 1252/1340/1329
f 1252/1340/1329 1224/1330/1319 1251/1331/1320
f 1252/1340/1329 1251/1331/1320 1265/1341/1330
f 1265/1341/1330 1251/1331/1320 1264/1332/1321
f 1265/1341/1330 1264/1332/1321 1287/1342/1331
f 1287/1342/1331 1264/1332/1321 1288/1333/1322
f 1287/1342/1331 1288/1333/1322 1279/1343/1332
f 1279/1343/1332 1288/1333/1322 1278/1032/1032
f 1279/1343/1332 1278/1032/1032 1306/1030/1030
f 1164/1005/1005 1165/1071/1069 1158/1007/1007
f 1158/1007/1007 1165/1071/1069 1157/1334/1323
f 1158/1007/1007 1157/1334/1323 1185/1009/1009
f 1185/1009/1009 1157/1334/1323 1184/1335/1324
f 1185/1009/1009 1184/1335/1324 1199/1011/1011
f 1199/1011/1011 1184/1335/1324 1198/1336/1325
f 1199/1011/1011 1198/1336/1325 1212/1013/1013
f 1212/1013/1013 1198/1336/1325 1211/1337/1326
f 1212/1013/1013 1211/1337/1326 1232/1015/1015
f 1232/1015/1015 1211/1337/1326 1233/1338/1327
f 1232/1015/1015 1233/1338/1327 1226/1017/1017
f 1226/1017/1017 1233/1338/1327 1225/1339/1328
f 1226/1017/1017 1225/1339/1328 1253/1019/1019
f 1253/1019/1019 1225/1339/1328 1252/1340/1329
f 1253/1019/1019 1252/1340/1329 1266/1021/1021
f 1266/1021/1021 1252/1340/1329 1265/1341/1330
f 1266/1021/1021 1265/1341/1330 1286/1023/1023
f 1286/1023/1023 1265/1341/1330 1287/1342/1331
f 1286/1023/1023 1287/1342/1331 1280/1025/1025
f 1280/1025/1025 1287/1342/1331 1279/1343/1332
f 1280/1025/1025 1279/1343/1332 1307/1027/1027
f 1307/1027/1027 1279/1343/1332 1306/1030/1030
f 1163/1004/1004 1159/1006/1006 1160/1241/1230
f 1160/1241/1230 1159/1006/1006 1187/1344/1333
f 1160/1241/1230 1187/1344/1333 1188/1239/1228
f 1188/1239/1228 1187/1344/1333 1202/1237/1226
f 1187/1344/1333 1159/1006/1006 1186/1008/1008
f 1187/1344/1333 1186/1008/1008 1201/1345/1334
f 1201/1345/1334 1186/1008/1008 1200/1010/1010
f 1201/1345/1334 1200/1010/1010 1214/1346/1335
f 1214/1346/1335 1200/1010/1010 1213/1012/1012
f 1214/1346/1335 1213/1012/1012 1230/1232/1221
f 1215/1235/1224 1202/1237/1226 1201/1345/1334
f 1201/1345/1334 1202/1237/1226 1187/1344/1333
f 1215/1235/1224 1201/1345/1334 1214/1346/1335
f 994/1233/1222 1215/1235/1224 1214/1346/1335
f 994/1233/1222 1214/1346/1335 1230/1232/1221
f 1242/1180/1173 1216/1187/1180 1217/1181/1174
f 1217/1181/1174 1216/1187/1180 1244/1215/1204
f 1217/1181/1174 1244/1215/1204 1245/1182/1175
f 1245/1182/1175 1244/1215/1204 1258/1213/1202
f 1245/1182/1175 1258/1213/1202 1259/1183/1176
f 1259/1183/1176 1258/1213/1202 1293/1211/1200
f 1259/1183/1176 1293/1211/1200 1292/1184/1177
f 1292/1184/1177 1293/1211/1200 1274/1209/1198
f 1292/1184/1177 1274/1209/1198 1275/1185/1178
f 1275/1185/1178 1274/1209/1198 1302/1208/1197
f 1275/1185/1178 1302/1208/1197 1303/1186/1179
f 994/1233/1222 1230/1232/1221 1229/1231/1220
f 1268/1225/1214 1254/1018/1018 1267/1020/1020
f 1243/1189/1181 997/1191/1182 1257/1214/1203
f 1257/1214/1203 997/1191/1182 1295/1207/1196
f 1257/1214/1203 1295/1207/1196 1294/1212/1201
f 1294/1212/1201 1295/1207/1196 1272/1206/1195
f 1294/1212/1201 1272/1206/1195 1273/1210/1199
f 1273/1210/1199 1272/1206/1195 1300/1205/1194
f 1273/1210/1199 1300/1205/1194 1301/1204/1193
f 1268/1225/1214 1267/1020/1020 1284/1347/1336
f 1284/1347/1336 1267/1020/1020 1285/1022/1022
f 1284/1347/1336 1285/1022/1022 1282/1348/1337
f 1282/1348/1337 1285/1022/1022 1281/1024/1024
f 1282/1348/1337 1281/1024/1024 1309/1216/1205
f 1309/1216/1205 1281/1024/1024 1308/1026/1026
f 1282/1348/1337 996/1221/1210 1284/1347/1336
f 1284/1347/1336 996/1221/1210 1283/1223/1212
f 1284/1347/1336 1283/1223/1212 1268/1225/1214
f 1309/1216/1205 1310/1218/1207 1282/1348/1337
f 1282/1348/1337 1310/1218/1207 996/1221/1210
f 957/1349/977 988/1350/976 1311/1351/1338
f 1311/1351/1338 988/1350/976 987/1352/1254
f 1311/1351/1338 987/1352/1254 986/1353/1251
f 986/1353/1251 985/1354/1246 1311/1351/1338
f 1311/1351/1338 985/1354/1246 984/1355/1244
f 1311/1351/1338 984/1355/1244 983/1356/1242
f 983/1356/1242 982/1357/1238 1311/1351/1338
f 1311/1351/1338 982/1357/1238 981/1358/1235
f 1311/1351/1338 981/1358/1235 980/1359/1232
f 980/1359/1232 979/1360/1227 1311/1351/1338
f 1311/1351/1338 979/1360/1227 978/1361/1225
f 1311/1351/1338 978/1361/1225 977/1362/1223
f 977/1362/1223 976/1363/1219 1311/1351/1338
f 1311/1351/1338 976/1363/1219 975/1364/1216
f 1311/1351/1338 975/1364/1216 974/1365/1211
f 974/1365/1211 973/1366/1209 1311/1351/1338
f 1311/1351/1338 973/1366/1209 972/1367/1208
f 1311/1368/1339 88/1369/1340 1312/1370/1341
f 1312/1370/1341 88/1369/1340 87/1371/1342
f 1312/1370/1341 87/1371/1342 86/1372/1343
f 1311/1368/1339 972/1373/1344 88/1369/1340
f 88/1369/1340 972/1373/1344 939/1374/1345
f 939/1374/1345 972/1373/1344 971/1375/1346
f 939/1374/1345 971/1375/1346 970/1376/1347
f 970/1376/1347 969/1377/1348 939/1374/1345
f 939/1374/1345 969/1377/1348 968/1378/1349
f 939/1374/1345 968/1378/1349 967/1379/1350
f 967/1379/1350 966/1380/1351 939/1374/1345
f 939/1374/1345 966/1380/1351 965/1381/1352
f 86/1372/1343 85/1382/1353 1312/1370/1341
f 1312/1370/1341 85/1382/1353 84/1383/1354
f 1312/1370/1341 84/1383/1354 83/1384/1355
f 83/1384/1355 82/1385/1356 1312/1370/1341
f 1312/1370/1341 82/1385/1356 81/1386/1357
f 1312/1370/1341 81/1386/1357 80/1387/1358
f 80/1387/1358 79/1388/1359 1312/1370/1341
f 1312/1370/1341 79/1388/1359 78/1389/1360
f 1312/1370/1341 78/1389/1360 77/1390/1361
f 77/1390/1361 76/1391/1362 1312/1370/1341
f 1312/1370/1341 76/1391/1362 75/1392/1363
f 1312/1370/1341 75/1392/1363 74/1393/1364
f 74/1393/1364 73/1394/1365 1312/1370/1341
f 1312/1370/1341 73/1394/1365 72/1395/1366
f 1312/1370/1341 72/1395/1366 71/1396/1367
f 71/1396/1367 70/1397/1368 1312/1370/1341
f 1312/1370/1341 70/1397/1368 69/1398/1369
f 1312/1370/1341 69/1398/1369 68/1399/1370
f 68/1399/1370 67/1400/1371 1312/1370/1341
f 1312/1370/1341 67/1400/1371 66/1401/1372
f 1312/1370/1341 66/1401/1372 65/1402/1373
f 65/1402/1373 64/1403/1374 1312/1370/1341
f 1312/1370/1341 64/1403/1374 63/1404/1375
f 1312/1370/1341 63/1404/1375 62/1405/1376
f 62/1405/1376 61/1406/1377 1312/1370/1341
f 28/1407/1378 1312/1408/1379 29/1409/1380
f 29/1409/1380 1312/1408/1379 30/1410/1381
f 30/1410/1381 1312/1408/1379 31/1411/1382
f 31/1411/1382 1312/1408/1379 32/1412/1383
f 32/1412/1383 1312/1408/1379 33/1413/1384
f 33/1413/1384 1312/1408/1379 34/1414/1385
f 34/1414/1385 1312/1408/1379 35/1415/1386
f 35/1415/1386 1312/1408/1379 36/1416/1387
f 36/1416/1387 1312/1408/1379 37/1417/1388
f 37/1417/1388 1312/1408/1379 38/1418/1389
f 38/1418/1389 1312/1408/1379 39/1419/1390
f 39/1419/1390 1312/1408/1379 40/1420/1391
f 40/1420/1391 1312/1408/1379 41/1421/1392
f 41/1421/1392 1312/1408/1379 42/1422/1393
f 42/1422/1393 1312/1408/1379 43/1423/1394
f 43/1423/1394 1312/1408/1379 44/1424/1395
f 44/1424/1395 1312/1408/1379 45/1425/1396
f 45/1425/1396 1312/1408/1379 46/1426/1397
f 46/1426/1397 1312/1408/1379 47/1427/1398
f 47/1427/1398 1312/1408/1379 48/1428/1399
f 48/1428/1399 1312/1408/1379 49/1429/1400
f 49/1429/1400 1312/1408/1379 50/1430/1401
f 50/1430/1401 1312/1408/1379 51/1431/1402
f 51/1431/1402 1312/1408/1379 52/1432/1403
f 52/1432/1403 1312/1408/1379 53/1433/1404
f 53/1433/1404 1312/1408/1379 54/1434/1405
f 54/1434/1405 1312/1408/1379 55/1435/1406
f 55/1435/1406 1312/1408/1379 56/1436/1407
f 56/1436/1407 1312/1408/1379 57/1437/1408
f 57/1437/1408 1312/1408/1379 58/1438/1409
f 58/1438/1409 1312/1408/1379 59/1439/1410
f 59/1439/1410 1312/1408/1379 60/1440/1411
f 60/1440/1411 1312/1408/1379 61/1441/1412
f 1311/1442/1413 1/1443/1414 957/1444/1415
f 957/1444/1415 1/1443/1414 938/1445/1416
f 957/1444/1415 938/1445/1416 958/1446/1417
f 958/1446/1417 938/1445/1416 959/1447/1418
f 959/1447/1418 938/1445/1416 960/1448/1419
f 960/1448/1419 938/1445/1416 961/1449/1420
f 961/1449/1420 938/1445/1416 962/1450/1421
f 962/1450/1421 938/1445/1416 963/1451/1422
f 963/1451/1422 938/1445/1416 964/1452/1423
f 1311/1442/1413 1312/1453/1424 1/1443/1414
f 1/1443/1414 1312/1453/1424 2/1454/1425
f 2/1454/1425 1312/1453/1424 3/1455/1426
f 3/1455/1426 1312/1453/1424 4/1456/1427
f 4/1456/1427 1312/1453/1424 5/1457/1428
f 5/1457/1428 1312/1453/1424 6/1458/1429
f 6/1458/1429 1312/1453/1424 7/1459/1430
f 7/1459/1430 1312/1453/1424 8/1460/1431
f 8/1460/1431 1312/1453/1424 9/1461/1432
f 9/1461/1432 1312/1453/1424 10/1462/1433
f 10/1462/1433 1312/1453/1424 11/1463/1434
f 11/1463/1434 1312/1453/1424 12/1464/1435
f 12/1464/1435 1312/1453/1424 13/1465/1436
f 13/1465/1436 1312/1453/1424 14/1466/1437
f 14/1466/1437 1312/1453/1424 15/1467/1438
f 15/1467/1438 1312/1453/1424 16/1468/1439
f 16/1468/1439 1312/1453/1424 17/1469/1440
f 17/1469/1440 1312/1453/1424 18/1470/1441
f 18/1470/1441 1312/1453/1424 19/1471/1442
f 19/1471/1442 1312/1453/1424 20/1472/1443
f 20/1472/1443 1312/1453/1424 21/1473/1444
f 21/1473/1444 1312/1453/1424 22/1474/1445
f 22/1474/1445 1312/1453/1424 23/1475/1446
f 23/1475/1446 1312/1453/1424 24/1476/1447
f 24/1476/1447 1312/1453/1424 25/1477/1448
f 25/1477/1448 1312/1453/1424 26/1478/1449
f 26/1478/1449 1312/1453/1424 27/1479/1450
f 27/1479/1450 1312/1453/1424 28/1480/1451
# 1312 vertices
# 1480 texture params
# 1451 normals
# 2620 facets

# 1 groups
