# WaveFront *.obj file (generated by Autodesk ATF)

mtllib Whole_FTR.mtl

g Whole_FTR

v 0.000000 400.000000 0.000000
v 0.000000 0.000000 0.000000
v 0.000000 0.000000 333.436254
v 0.000000 15.631207 333.069663
v 0.000000 31.228044 331.970698
v 0.000000 46.756214 330.141775
v 0.000000 62.181574 327.586916
v 0.000000 77.470205 324.311737
v 0.000000 92.588490 320.323441
v 0.000000 107.503185 315.630798
v 0.000000 122.181495 310.244126
v 0.000000 136.591145 304.175269
v 0.000000 150.700450 297.437573
v 0.000000 164.478385 290.045852
v 0.000000 177.894655 282.016360
v 0.000000 190.919758 273.366752
v 0.000000 203.525055 264.116049
v 0.000000 215.682829 254.284590
v 0.000000 227.366345 243.893994
v 0.000000 238.549914 232.967109
v 0.000000 249.208944 221.527961
v 0.000000 259.319998 209.601703
v 0.000000 268.860843 197.214560
v 0.000000 277.810499 184.393769
v 0.000000 286.149288 171.167521
v 0.000000 293.858874 157.564899
v 0.000000 300.922305 143.615814
v 0.000000 307.324048 129.350937
v 0.000000 313.050028 114.801635
v 0.000000 318.087654 99.999900
v 0.000000 385.000000 99.999900
v -0.000000 387.926217 99.711699
v -0.000000 390.739727 98.858309
v 0.000000 393.333205 97.472166
v 0.000000 395.605816 95.607283
v -0.000000 397.471800 93.333800
v -0.000000 398.857979 90.740658
v -0.000000 399.711745 87.926379
v 0.000000 400.000000 84.999882
v 8.721481 318.087654 99.627607
v 17.377264 318.087654 98.496123
v 25.901389 318.087654 96.614069
v 34.228900 318.087654 93.995788
v 42.296338 318.087654 90.661232
v 50.042229 318.087654 86.635811
v 57.407545 318.087654 81.950200
v 64.336161 318.087654 76.640105
v 70.775279 318.087654 70.745989
v 76.675830 318.087654 64.312769
v 81.992852 318.087654 57.389467
v 86.685826 318.087654 50.028840
v 90.718990 318.087654 42.286979
v 94.061612 318.087654 34.222878
v 96.688219 318.087654 25.897990
v 98.578796 318.087654 17.375751
v 99.718936 318.087654 8.721104
v 100.099950 318.087654 0.000000
v 100.099950 385.000000 0.000000
v 99.719420 385.000000 8.715570
v 98.580726 385.000000 17.364809
v 96.692534 385.000000 25.881892
v 94.069215 385.000000 34.201997
v 90.730733 385.000000 42.261805
v 86.702497 385.000000 49.999975
v 82.015163 385.000000 57.357615
v 76.704406 385.000000 64.278729
v 70.810643 385.000000 70.710643
v 64.378729 385.000000 76.604406
v 57.457615 385.000000 81.915163
v 50.099975 385.000000 86.602497
v 42.361805 385.000000 90.630733
v 34.301997 385.000000 93.969215
v 25.981892 385.000000 96.592534
v 17.464809 385.000000 98.480726
v 8.815570 385.000000 99.619420
v 0.100000 385.000000 99.999950
v 0.066667 385.000000 99.999944
v 0.033333 385.000000 99.999928
v 15.868676 0.000000 333.063199
v 31.701617 0.000000 331.935360
v 47.462943 0.000000 330.055294
v 63.116936 0.000000 327.427261
v 78.628121 0.000000 324.057217
v 93.961346 0.000000 319.952798
v 109.081864 0.000000 315.123307
v 123.955408 0.000000 309.579688
v 138.548274 0.000000 303.334503
v 152.827389 0.000000 296.401906
v 166.760396 0.000000 288.797607
v 180.315719 0.000000 280.538838
v 193.462640 0.000000 271.644317
v 206.171365 0.000000 262.134198
v 218.413094 0.000000 252.030035
v 230.160085 0.000000 241.354724
v 241.385716 0.000000 230.132458
v 252.064550 0.000000 218.388670
v 262.172384 0.000000 206.149972
v 271.686314 0.000000 193.444100
v 280.584778 0.000000 180.299847
v 288.847611 0.000000 166.747001
v 296.456089 0.000000 152.816275
v 303.392968 0.000000 138.539240
v 309.642529 0.000000 123.948248
v 315.190609 0.000000 109.076367
v 320.024634 0.000000 93.957298
v 324.133651 0.000000 78.625304
v 327.508347 0.000000 63.115131
v 330.141075 0.000000 47.461927
v 332.025867 0.000000 31.701166
v 333.158454 0.000000 15.868563
v 333.536269 0.000000 0.000000
v 333.169679 15.631206 0.000000
v 332.070714 31.228042 0.000000
v 330.241791 46.756211 0.000000
v 327.686932 62.181570 0.000000
v 324.411754 77.470200 0.000000
v 320.423459 92.588484 0.000000
v 315.730816 107.503178 0.000000
v 310.344145 122.181488 0.000000
v 304.275289 136.591137 0.000000
v 297.537594 150.700441 0.000000
v 290.145875 164.478376 0.000000
v 282.116384 177.894645 0.000000
v 273.466778 190.919748 0.000000
v 264.216076 203.525045 0.000000
v 254.384619 215.682818 0.000000
v 243.994025 227.366335 0.000000
v 233.067141 238.549904 0.000000
v 221.627995 249.208934 0.000000
v 209.701739 259.319989 0.000000
v 197.314597 268.860834 0.000000
v 184.493808 277.810491 0.000000
v 171.267562 286.149281 0.000000
v 157.664942 293.858868 0.000000
v 143.715859 300.922300 0.000000
v 129.450984 307.324045 0.000000
v 114.901683 313.050026 0.000000
v 16.334673 313.050026 113.647973
v 27.070851 313.050026 111.588528
v 32.353237 313.050026 110.177834
v 42.686722 313.050026 106.610495
v 71.015072 313.050026 90.280004
v 79.280530 313.050026 83.125629
v 83.148462 313.050026 79.261463
v 90.310885 313.050026 71.002977
v 106.668123 313.050026 42.692642
v 110.245679 313.050026 32.362880
v 111.661608 313.050026 27.081988
v 113.731721 313.050026 16.348045
v 15.625475 15.631206 332.707635
v 15.574249 31.228042 331.609865
v 15.488996 46.756211 329.782930
v 15.369906 62.181570 327.230848
v 15.217239 77.470200 323.959230
v 15.031332 92.588484 319.975270
v 14.812592 107.503178 315.287728
v 14.561502 122.181488 309.906913
v 14.278612 136.591137 303.844654
v 13.964546 150.700441 297.114282
v 13.619994 164.478376 289.730597
v 13.245713 177.894645 281.709835
v 12.842526 190.919748 273.069631
v 12.411320 203.525045 263.828984
v 11.953044 215.682818 254.008214
v 11.468704 227.366335 243.628914
v 10.959366 238.549904 232.713908
v 10.426150 249.208934 221.287196
v 9.870228 259.319989 209.373904
v 9.292822 268.860834 197.000227
v 8.695203 277.810491 184.193374
v 8.078684 286.149281 170.981505
v 7.444621 293.858868 157.393671
v 6.794408 300.922300 143.459750
v 6.129475 307.324045 129.210380
v 5.451285 313.050026 114.676895
v 31.448805 15.631206 331.591108
v 31.345369 31.228042 330.497022
v 31.173229 46.756211 328.676218
v 30.932764 62.181570 326.132701
v 30.624501 77.470200 322.872062
v 30.249120 92.588484 318.901472
v 29.807444 107.503178 314.229661
v 29.300446 122.181488 308.866902
v 28.729240 136.591137 302.824988
v 28.095082 150.700441 296.117203
v 27.399367 164.478376 288.758297
v 26.643625 177.894645 280.764451
v 25.829516 190.919748 272.153242
v 24.958832 203.525045 262.943606
v 24.033487 215.682818 253.155793
v 23.055515 227.366335 242.811325
v 22.027068 238.549904 231.932948
v 20.950406 249.208934 220.544583
v 19.827896 259.319989 208.671270
v 18.662008 268.860834 196.339118
v 17.455304 277.810491 183.575243
v 16.210438 286.149281 170.407711
v 14.930148 293.858868 156.865477
v 13.617248 300.922300 142.978316
v 12.274626 307.324045 128.776766
v 10.905233 313.050026 114.292053
v 47.201029 15.631206 329.722465
v 47.045619 31.228042 328.634544
v 46.786982 46.756211 326.824001
v 46.425687 62.181570 324.294817
v 45.962528 77.470200 321.052553
v 45.398523 92.588484 317.104339
v 44.734913 107.503178 312.458856
v 43.973158 122.181488 307.126318
v 43.114931 136.591137 301.118452
v 42.162120 150.700441 294.448468
v 41.116820 164.478376 287.131032
v 39.981330 177.894645 279.182235
v 38.758147 190.919748 270.619554
v 37.449959 203.525045 261.461817
v 36.059644 215.682818 251.729162
v 34.590259 227.366335 241.442990
v 33.045035 238.549904 230.625917
v 31.427368 249.208934 219.301729
v 29.740818 259.319989 207.495327
v 27.989091 268.860834 195.232671
v 26.176040 277.810491 182.540726
v 24.305651 286.149281 169.447398
v 22.382037 293.858868 155.981479
v 20.409428 300.922300 142.172578
v 18.392162 307.324045 128.051059
v 62.846418 15.631206 327.105943
v 62.639386 31.228042 326.026655
v 62.294839 46.756211 324.230480
v 61.813533 62.181570 321.721366
v 61.196528 77.470200 318.504832
v 60.445180 92.588484 314.587948
v 59.561141 107.503178 309.979330
v 58.546356 122.181488 304.689109
v 57.403055 136.591137 298.728918
v 56.133752 150.700441 292.111864
v 54.741239 164.478376 284.852496
v 53.228577 177.894645 276.966776
v 51.599093 190.919748 268.472044
v 49.856369 203.525045 259.386980
v 48.004238 215.682818 249.731558
v 46.046772 227.366335 239.527012
v 43.988275 238.549904 228.795778
v 41.833274 249.208934 217.561454
v 39.586508 259.319989 205.848742
v 37.252916 268.860834 193.683397
v 34.837629 277.810491 181.092169
v 32.345960 286.149281 168.102744
v 29.783386 293.858868 154.743684
v 27.155542 300.922300 141.044364
v 24.468207 307.324045 127.034906
v 21.727290 313.050026 112.746117
v 78.349486 15.631206 323.747477
v 78.091302 31.228042 322.679271
v 77.661625 46.756211 320.901537
v 77.061401 62.181570 318.418185
v 76.291949 77.470200 315.234675
v 75.354962 92.588484 311.358007
v 74.252499 107.503178 306.796706
v 72.986986 122.181488 301.560801
v 71.561203 136.591137 295.661805
v 69.978288 150.700441 289.112690
v 68.241720 164.478376 281.927855
v 66.355317 177.894645 274.123100
v 64.323228 190.919748 265.715585
v 62.149921 203.525045 256.723799
v 59.840174 215.682818 247.167512
v 57.399068 227.366335 237.067737
v 54.831968 238.549904 226.446683
v 52.144521 249.208934 215.327704
v 49.342634 259.319989 203.735249
v 46.432470 268.860834 191.694809
v 43.420427 277.810491 179.232857
v 40.313128 286.149281 166.376797
v 37.117407 293.858868 153.154897
v 33.840289 300.922300 139.596231
v 30.488981 307.324045 125.730612
v 93.675068 15.631206 319.654685
v 93.366316 31.228042 318.599983
v 92.852485 46.756211 316.844723
v 92.134704 62.181570 314.392766
v 91.214551 77.470200 311.249501
v 90.094050 92.588484 307.421842
v 88.775664 107.503178 302.918205
v 87.262293 122.181488 297.748491
v 85.557264 136.591137 291.924070
v 83.664325 150.700441 285.457748
v 81.587641 164.478376 278.363744
v 79.331776 177.894645 270.657655
v 76.901692 190.919748 262.356428
v 74.302731 203.525045 253.478315
v 71.540608 215.682818 244.042838
v 68.621398 227.366335 234.070744
v 65.551518 238.549904 223.583961
v 62.337719 249.208934 212.605547
v 58.987068 259.319989 201.159643
v 55.506933 268.860834 189.271417
v 51.904965 277.810491 176.967008
v 48.189085 286.149281 164.273474
v 44.367464 293.858868 151.218724
v 40.448505 300.922300 137.831466
v 36.440825 307.324045 124.141135
v 108.788402 15.631206 314.836850
v 108.429784 31.228042 313.798044
v 107.832964 46.756211 312.069240
v 106.999254 62.181570 309.654238
v 105.930487 77.470200 306.558349
v 104.629013 92.588484 302.788381
v 103.097694 107.503178 298.352622
v 101.339898 122.181488 293.260827
v 99.359489 136.591137 287.524191
v 97.160822 150.700441 281.155329
v 94.748731 164.478376 274.168246
v 92.128521 177.894645 266.578304
v 89.305953 190.919748 258.402192
v 86.287233 203.525045 249.657890
v 83.079000 215.682818 240.364625
v 79.688307 227.366335 230.542830
v 76.122610 238.549904 220.214104
v 72.389750 249.208934 209.401157
v 68.497934 259.319989 198.127766
v 64.455721 268.860834 186.418718
v 60.271999 277.810491 174.299762
v 55.955966 286.149281 161.797544
v 51.517114 293.858868 148.939556
v 46.965203 300.922300 135.754070
v 42.310242 307.324045 122.270080
v 37.562466 313.050026 108.517234
v 123.655208 15.631206 309.304900
v 123.247537 31.228042 308.284347
v 122.569082 46.756211 306.585920
v 121.621334 62.181570 304.213352
v 120.406377 77.470200 301.171860
v 118.926883 92.588484 297.468133
v 117.186104 107.503178 293.110314
v 115.187870 122.181488 288.107986
v 112.936573 136.591137 282.472148
v 110.437164 150.700441 276.215193
v 107.695139 164.478376 269.350878
v 104.716527 177.894645 261.894297
v 101.507877 190.919748 253.861847
v 98.076246 203.525045 245.271190
v 94.429178 215.682818 236.141215
v 90.574693 227.366335 226.491998
v 86.521267 238.549904 216.344756
v 82.277812 249.208934 205.721802
v 77.853660 259.319989 194.646493
v 73.258538 268.860834 183.143184
v 68.502550 277.810491 171.237168
v 63.596154 286.149281 158.954625
v 58.550140 293.858868 146.322562
v 53.375601 300.922300 133.368756
v 48.083917 307.324045 120.121691
v 138.241766 15.631206 303.071383
v 137.785966 31.228042 302.071398
v 137.027414 46.756211 300.407199
v 135.967778 62.181570 298.082446
v 134.609387 77.470200 295.102251
v 132.955228 92.588484 291.473166
v 131.008939 107.503178 287.203172
v 128.774799 122.181488 282.301657
v 126.257721 136.591137 276.779400
v 123.463239 150.700441 270.648543
v 120.397499 164.478376 263.922567
v 117.067241 177.894645 256.616261
v 113.479787 190.919748 248.745691
v 109.643028 203.525045 240.328164
v 105.565398 215.682818 231.382188
v 101.255864 227.366335 221.927435
v 96.723903 238.549904 211.984693
v 91.979478 249.208934 201.575827
v 87.033024 259.319989 190.723722
v 81.895415 268.860834 179.452243
v 76.577950 277.810491 167.786172
v 71.092320 286.149281 155.751163
v 65.450588 293.858868 143.373678
v 59.665159 300.922300 130.680935
v 53.748754 307.324045 117.700842
v 47.714383 313.050026 104.461941
v 152.514989 15.631206 296.150438
v 152.012095 31.228042 295.173288
v 151.175168 46.756211 293.547093
v 150.006046 62.181570 291.275428
v 148.507302 77.470200 288.363288
v 146.682231 92.588484 284.817078
v 144.534845 107.503178 280.644593
v 142.069867 122.181488 275.855009
v 139.292717 136.591137 270.458859
v 136.209501 150.700441 264.468006
v 132.826999 164.478376 257.895624
v 129.152648 177.894645 250.756166
v 125.194529 190.919748 243.065329
v 120.961344 203.525045 234.840024
v 116.462401 215.682818 226.098339
v 111.707593 227.366335 216.859495
v 106.707376 238.549904 207.143806
v 101.472743 249.208934 196.972636
v 96.015206 259.319989 186.368351
v 90.346764 268.860834 175.354267
v 84.479882 277.810491 163.954603
v 78.427461 286.149281 152.194426
v 72.202808 293.858868 140.099594
v 65.819611 300.922300 127.696702
v 59.291905 307.324045 115.013022
v 52.634045 313.050026 102.076445
v 166.572178 15.631206 288.482971
v 166.017932 31.228042 287.533989
v 165.098899 46.756211 285.952733
v 163.817121 62.181570 283.742669
v 162.175440 77.470200 280.908642
v 160.177485 92.588484 277.456874
v 157.827672 107.503178 273.394941
v 155.131189 122.181488 268.731762
v 152.093984 136.591137 263.477581
v 148.722758 150.700441 257.643937
v 145.024941 164.478376 251.243648
v 141.008686 177.894645 244.290775
v 136.682842 190.919748 236.800597
v 132.056938 203.525045 228.789571
v 127.141165 215.682818 220.275304
v 121.946349 227.366335 211.276507
v 116.483929 238.549904 201.812958
v 110.765931 249.208934 191.905456
v 104.804944 259.319989 181.575779
v 98.614089 268.860834 170.846632
v 92.206992 277.810491 159.741599
v 85.597755 286.149281 148.285091
v 78.800922 293.858868 136.502293
v 71.831449 300.922300 124.419107
v 64.704671 307.324045 112.062096
v 57.436267 313.050026 99.458428
v 180.112961 15.631206 280.233376
v 179.514398 31.228042 279.311705
v 178.521369 46.756211 277.775840
v 177.136076 62.181570 275.629145
v 175.361587 77.470200 272.876327
v 173.201821 92.588484 269.523427
v 170.661550 107.503178 265.577804
v 167.746376 122.181488 261.048122
v 164.462731 136.591137 255.944329
v 160.817852 150.700441 250.277635
v 156.819772 164.478376 244.060489
v 152.477302 177.894645 237.306550
v 147.800006 190.919748 230.030658
v 142.798186 203.525045 222.248800
v 137.482858 215.682818 213.978077
v 131.865725 227.366335 205.236666
v 125.959153 238.549904 196.043777
v 119.776144 249.208934 186.419615
v 113.330308 259.319989 176.385334
v 106.635832 268.860834 165.962990
v 99.707448 277.810491 155.175490
v 92.560403 286.149281 144.046549
v 85.210423 293.858868 132.600630
v 77.673679 300.922300 120.862894
v 69.966753 307.324045 108.859147
v 62.106599 313.050026 96.615776
v 193.245787 15.631206 271.348698
v 192.604252 31.228042 270.456407
v 191.539463 46.756211 268.969392
v 190.053782 62.181570 266.890911
v 188.150492 77.470200 264.225521
v 185.833799 92.588484 260.979068
v 183.108814 107.503178 257.158679
v 179.981546 122.181488 252.772742
v 176.458890 136.591137 247.830887
v 172.548609 150.700441 242.343970
v 168.259318 164.478376 236.324043
v 163.600465 177.894645 229.784331
v 158.582311 190.919748 222.739203
v 153.215905 203.525045 215.204138
v 147.513062 215.682818 207.195696
v 141.486337 227.366335 198.731474
v 135.148996 238.549904 189.830075
v 128.514987 249.208934 180.511062
v 121.598911 259.319989 170.794917
v 114.415986 268.860834 160.702995
v 106.982019 277.810491 150.257481
v 99.313366 286.149281 139.481333
v 91.426901 293.858868 128.398241
v 83.339973 300.922300 117.032567
v 75.070373 307.324045 105.409298
v 66.636292 313.050026 93.553986
v 205.940895 15.631206 261.849073
v 205.257826 31.228042 260.988163
v 204.123677 46.756211 259.553350
v 202.540959 62.181570 257.547774
v 200.513171 77.470200 254.975831
v 198.044786 92.588484 251.843165
v 195.141249 107.503178 248.156650
v 191.808962 122.181488 243.924380
v 188.055268 136.591137 239.155648
v 183.888436 150.700441 233.860927
v 179.317645 164.478376 228.051847
v 174.352959 177.894645 221.741171
v 169.005311 190.919748 214.942762
v 163.286473 203.525045 207.671559
v 157.209035 215.682818 199.943538
v 150.786373 227.366335 191.775682
v 144.032622 238.549904 183.185941
v 136.962646 249.208934 174.193193
v 129.592001 259.319989 164.817203
v 121.936908 268.860834 155.078578
v 114.014207 277.810491 144.998724
v 105.841330 286.149281 134.599797
v 97.436258 293.858868 123.904657
v 88.817480 300.922300 112.936812
v 80.003956 307.324045 101.720376
v 218.169513 15.631206 251.756029
v 217.446443 31.228042 250.928433
v 216.245489 46.756211 249.549053
v 214.569308 62.181570 247.620907
v 212.421600 77.470200 245.148224
v 209.807104 92.588484 242.136426
v 206.731583 107.503178 238.592122
v 203.201816 122.181488 234.523094
v 199.225578 136.591137 229.938276
v 194.811627 150.700441 224.847736
v 189.969684 164.478376 219.262657
v 184.710407 177.894645 213.195305
v 179.045376 190.919748 206.659013
v 172.987060 203.525045 199.668139
v 166.548793 215.682818 192.238047
v 159.744744 227.366335 184.385061
v 152.589886 238.549904 176.126441
v 145.099963 249.208934 167.480336
v 137.291455 259.319989 158.465749
v 129.181542 268.860834 149.102492
v 120.788065 277.810491 139.411145
v 112.129491 286.149281 129.413012
v 103.224866 293.858868 119.130068
v 94.093778 300.922300 108.584919
v 84.756312 307.324045 97.800745
v 75.233007 313.050026 86.801255
v 229.903929 15.631206 241.092441
v 229.142480 31.228042 240.300015
v 227.877427 46.756211 238.979175
v 226.111564 62.181570 237.132812
v 223.848790 77.470200 234.764973
v 221.094092 92.588484 231.880851
v 217.853543 107.503178 228.486775
v 214.134282 122.181488 224.590195
v 209.944499 136.591137 220.199666
v 205.293420 150.700441 215.324831
v 200.191286 164.478376 209.976395
v 194.649328 177.894645 204.166108
v 188.679744 190.919748 197.906734
v 182.295671 203.525045 191.212026
v 175.511161 215.682818 184.096692
v 168.341140 227.366335 176.576369
v 160.801387 238.549904 168.667582
v 152.908489 249.208934 160.387712
v 144.679812 259.319989 151.754956
v 136.133460 268.860834 142.788288
v 127.288232 277.810491 133.507416
v 118.163587 286.149281 123.932739
v 108.779596 293.858868 114.085304
v 99.156899 300.922300 103.986757
v 89.316663 307.324045 93.659298
v 241.117549 15.631206 229.882474
v 240.319430 31.228042 229.126996
v 238.993127 46.756211 227.867672
v 237.141569 62.181570 226.107259
v 234.768839 77.470200 223.849613
v 231.880168 92.588484 221.099687
v 228.481919 107.503178 217.863515
v 224.581578 122.181488 214.148198
v 220.187731 136.591137 209.961895
v 215.310053 150.700441 205.313798
v 209.959280 164.478376 200.214115
v 204.147189 177.894645 194.674049
v 197.886571 190.919748 188.705770
v 191.191203 203.525045 182.322389
v 184.075817 215.682818 175.537934
v 176.556069 227.366335 168.367310
v 168.648503 238.549904 160.826276
v 160.370516 249.208934 152.931403
v 151.740319 259.319989 144.700043
v 142.776897 268.860834 136.150286
v 133.499967 277.810491 127.300924
v 123.929935 286.149281 118.171408
v 114.087850 293.858868 108.781805
v 103.995361 300.922300 99.152755
v 93.674665 307.324045 89.305425
v 251.784961 15.631206 218.151533
v 250.951962 31.228042 217.434698
v 249.567398 46.756211 216.239727
v 247.634322 62.181570 214.569236
v 245.156998 77.470200 212.426885
v 242.140882 92.588484 209.817371
v 238.592620 107.503178 206.746421
v 234.520022 122.181488 203.220773
v 229.932055 136.591137 199.248170
v 224.838818 150.700441 194.837332
v 219.251521 164.478376 189.997948
v 213.182458 177.894645 184.740648
v 206.644985 190.919748 179.076979
v 199.653485 203.525045 173.019386
v 192.223343 215.682818 166.581176
v 184.370904 227.366335 159.776498
v 176.113443 238.549904 152.620303
v 167.469125 249.208934 145.128317
v 158.456966 259.319989 137.317007
v 149.096789 268.860834 129.203538
v 139.409183 277.810491 120.805744
v 129.415457 286.149281 112.142083
v 119.137591 293.858868 103.231598
v 108.598191 300.922300 94.093876
v 97.820435 307.324045 84.749003
v 86.828029 313.050026 75.217522
v 261.881988 15.631206 205.926204
v 261.015980 31.228042 205.249620
v 259.576272 46.756211 204.121694
v 257.566042 62.181570 202.544896
v 254.989720 77.470200 200.522678
v 251.852978 92.588484 198.059476
v 248.162726 107.503178 195.160693
v 243.927087 122.181488 191.832691
v 239.155383 136.591137 188.082776
v 233.858116 150.700441 183.919183
v 228.046943 164.478376 179.351054
v 221.734651 177.894645 174.388424
v 214.935128 190.919748 169.042193
v 207.663334 203.525045 163.324107
v 199.935266 215.682818 157.246728
v 191.767926 227.366335 150.823411
v 183.179279 238.549904 144.068270
v 174.188218 249.208934 136.996148
v 164.814520 259.319989 129.622589
v 155.078803 268.860834 121.963798
v 145.002480 277.810491 114.036607
v 134.607714 286.149281 105.858440
v 123.917366 293.858868 97.447272
v 112.954948 300.922300 88.821594
v 101.744570 307.324045 80.000365
v 271.385749 15.631206 193.234192
v 270.488673 31.228042 192.599377
v 268.997067 46.756211 191.541038
v 266.914220 62.181570 190.061490
v 264.244718 77.470200 188.163974
v 260.994442 92.588484 185.852651
v 257.170547 107.503178 183.132592
v 252.781448 122.181488 180.009765
v 247.836805 136.591137 176.491026
v 242.347499 150.700441 172.584101
v 236.325607 164.478376 168.297569
v 229.784379 177.894645 163.640847
v 222.738206 190.919748 158.624161
v 215.202588 203.525045 153.258534
v 207.194102 215.682818 147.555753
v 198.730364 227.366335 141.528350
v 189.829991 238.549904 135.189568
v 180.512561 249.208934 128.553336
v 170.798567 259.319989 121.634239
v 160.709375 268.860834 114.447482
v 150.267173 277.810491 107.008862
v 139.494930 286.149281 99.334727
v 128.416334 293.858868 91.441945
v 117.055753 300.922300 83.347866
v 105.438168 307.324045 75.070282
v 93.589131 313.050026 66.627389
v 280.274706 15.631206 180.104261
v 279.348576 31.228042 179.512640
v 277.808431 46.756211 178.526271
v 275.657666 62.181570 177.147313
v 272.901017 77.470200 175.378786
v 269.544554 92.588484 173.224567
v 265.595662 107.503178 170.689383
v 261.063034 122.181488 167.778796
v 255.956642 136.591137 164.499195
v 250.287722 150.700441 160.857782
v 244.068746 164.478376 156.862553
v 237.313394 177.894645 152.522282
v 230.036528 190.919748 147.846503
v 222.254154 203.525045 142.845488
v 213.983390 215.682818 137.530224
v 205.242430 227.366335 131.912390
v 196.050498 238.549904 126.004329
v 186.427813 249.208934 119.819025
v 176.395537 259.319989 113.370069
v 165.975735 268.860834 106.671636
v 155.191324 277.810491 99.738447
v 144.066021 286.149281 92.585739
v 132.624293 293.858868 85.229236
v 120.891304 300.922300 77.685107
v 108.892854 307.324045 69.969935
v 96.655331 313.050026 62.100680
v 288.528713 15.631206 166.566167
v 287.575607 31.228042 166.019066
v 285.990393 46.756211 165.106890
v 283.776565 62.181570 163.831634
v 280.938996 77.470200 162.196090
v 277.483932 92.588484 160.203846
v 273.418977 107.503178 157.859270
v 268.753074 122.181488 155.167508
v 263.496489 136.591137 152.134468
v 257.660787 150.700441 148.766809
v 251.258805 164.478376 145.071927
v 244.304626 177.894645 141.057936
v 236.813547 190.919748 136.733653
v 228.802044 203.525045 132.108578
v 220.287740 215.682818 127.192871
v 211.289360 227.366335 121.997334
v 201.826696 238.549904 116.533381
v 191.920560 249.208934 110.813020
v 181.592737 259.319989 104.848821
v 170.865942 268.860834 98.653893
v 159.763765 277.810491 92.241849
v 148.310621 286.149281 85.626783
v 136.531700 293.858868 78.823235
v 124.452902 300.922300 71.846159
v 112.100792 307.324045 64.710893
v 99.502531 313.050026 57.433120
v 296.129066 15.631206 152.650590
v 295.151122 31.228042 152.149238
v 293.524410 46.756211 151.313309
v 291.252515 62.181570 150.144632
v 288.340437 77.470200 148.645768
v 284.794583 92.588484 146.820001
v 280.622756 107.503178 144.671336
v 275.834134 122.181488 142.204488
v 270.439253 136.591137 139.424873
v 264.449978 150.700441 136.338592
v 257.879485 164.478376 132.952422
v 250.742226 177.894645 129.273800
v 243.053899 190.919748 125.310807
v 234.831414 203.525045 121.072147
v 226.092856 215.682818 116.567133
v 216.857443 227.366335 111.805663
v 207.145487 238.549904 106.798198
v 196.978347 249.208934 101.555743
v 186.378383 259.319989 96.089817
v 175.368906 268.860834 90.412433
v 163.974127 277.810491 84.536069
v 152.219105 286.149281 78.473640
v 140.129691 293.858868 72.238470
v 127.732470 300.922300 65.844266
v 115.054705 307.324045 59.305082
v 102.124274 313.050026 52.635293
v 303.058540 15.631206 138.389068
v 302.057951 31.228042 137.934588
v 300.393407 46.756211 137.176790
v 298.068572 62.181570 136.117331
v 295.088562 77.470200 134.758531
v 291.459934 92.588484 133.103368
v 287.190672 107.503178 131.155474
v 282.290165 122.181488 128.919122
v 276.769195 136.591137 126.399221
v 270.639905 150.700441 123.601303
v 263.915776 164.478376 120.531512
v 256.611598 177.894645 117.196590
v 248.743435 190.919748 113.603861
v 240.328592 203.525045 109.761217
v 231.385576 215.682818 105.677101
v 221.934053 227.366335 101.360485
v 211.994811 238.549904 96.820855
v 201.589706 249.208934 92.068185
v 190.741622 259.319989 87.112919
v 179.474415 268.860834 81.965948
v 167.812862 277.810491 76.638582
v 155.782608 286.149281 71.142531
v 143.410109 293.858868 65.489875
v 130.722571 300.922300 59.693039
v 117.747894 307.324045 53.764764
v 104.514611 313.050026 47.718083
v 309.301430 15.631206 123.813919
v 308.280443 31.228042 123.407332
v 306.581816 46.756211 122.729371
v 304.209288 62.181570 121.781521
v 301.168079 77.470200 120.565855
v 297.464879 92.588484 119.085039
v 293.107836 107.503178 117.342321
v 288.106532 122.181488 115.341524
v 282.471967 136.591137 113.087040
v 276.216536 150.700441 110.583819
v 269.353995 164.478376 107.837357
v 261.899438 177.894645 104.853685
v 253.869258 190.919748 101.639357
v 245.281117 203.525045 98.201433
v 236.153900 215.682818 94.547467
v 226.507681 227.366335 90.685485
v 216.363672 238.549904 86.623975
v 205.744181 249.208934 82.371859
v 194.672562 259.319989 77.938483
v 183.173161 268.860834 73.333589
v 171.271266 277.810491 68.567297
v 158.993050 286.149281 63.650084
v 146.365512 293.858868 58.592755
v 133.416421 300.922300 53.406429
v 120.174252 307.324045 48.102505
v 314.843589 15.631206 108.958176
v 313.804494 31.228042 108.600393
v 312.075611 46.756211 108.003798
v 309.660744 62.181570 107.169695
v 306.565206 77.470200 106.099910
v 302.795807 92.588484 104.796787
v 298.360836 107.503178 103.263187
v 293.270049 122.181488 101.502472
v 287.534642 136.591137 99.518507
v 281.167229 150.700441 97.315649
v 274.181812 164.478376 94.898733
v 266.593755 177.894645 92.273068
v 258.419745 190.919748 89.444420
v 249.677758 203.525045 86.419003
v 240.387018 215.682818 83.203464
v 230.567956 227.366335 79.804866
v 220.242164 238.549904 76.230678
v 209.432351 249.208934 72.488753
v 198.162287 259.319989 68.587313
v 186.456754 268.860834 64.534933
v 174.341494 277.810491 60.340518
v 161.843148 286.149281 56.013288
v 148.989199 293.858868 51.562753
v 135.807913 300.922300 46.998695
v 122.328274 307.324045 42.331146
v 108.579924 313.050026 37.570368
v 319.672457 15.631206 93.855505
v 318.617585 31.228042 93.547330
v 316.862341 46.756211 93.033444
v 314.410585 62.181570 92.314970
v 311.267712 77.470200 91.393482
v 307.440633 92.588484 90.271000
v 302.937766 107.503178 88.949984
v 297.769013 122.181488 87.433335
v 291.945743 136.591137 85.724379
v 285.480760 150.700441 83.826870
v 278.388284 164.478376 81.744973
v 270.683910 177.894645 79.483260
v 262.384581 190.919748 77.046699
v 253.508548 203.525045 74.440641
v 244.075330 215.682818 71.670813
v 234.105671 227.366335 68.743299
v 223.621494 238.549904 65.664531
v 212.645853 249.208934 62.441275
v 201.202884 259.319989 59.080614
v 189.317750 268.860834 55.589932
v 177.016585 277.810491 51.976902
v 164.326440 286.149281 48.249464
v 151.275219 293.858868 44.415810
v 137.891621 300.922300 40.484368
v 124.205076 307.324045 36.463778
v 323.777090 15.631206 78.540133
v 322.708808 31.228042 78.282257
v 320.931157 46.756211 77.852237
v 318.448046 62.181570 77.251015
v 315.264937 77.470200 76.479906
v 311.388830 92.588484 75.540601
v 306.828250 107.503178 74.435159
v 301.593226 122.181488 73.166005
v 295.695270 136.591137 71.735926
v 289.147352 150.700441 70.148061
v 281.963873 164.478376 68.405896
v 274.160627 177.894645 66.513257
v 265.754776 190.919748 64.474300
v 256.764802 203.525045 62.293505
v 247.210476 215.682818 59.975662
v 237.112806 227.366335 57.525864
v 226.493997 238.549904 54.949493
v 215.377400 249.208934 52.252211
v 203.787459 259.319989 49.439943
v 191.749660 268.860834 46.518871
v 179.290472 277.810491 43.495414
v 166.437294 286.149281 40.376218
v 153.218388 293.858868 37.168137
v 139.662820 300.922300 33.878223
v 125.800400 307.324045 30.513708
v 327.148186 15.631206 63.046768
v 326.068891 31.228042 62.839769
v 324.272838 46.756211 62.494586
v 321.763975 62.181570 62.011972
v 318.547822 77.470200 61.392984
v 314.631449 92.588484 60.638979
v 310.023470 107.503178 59.751610
v 304.734018 122.181488 58.732824
v 298.774724 136.591137 57.584858
v 292.158693 150.700441 56.310231
v 284.900474 164.478376 54.911742
v 277.016026 177.894645 53.392462
v 268.522689 190.919748 51.755728
v 259.439137 203.525045 50.005135
v 249.785345 215.682818 48.144529
v 239.582542 227.366335 46.177997
v 228.853162 238.549904 44.109860
v 217.620798 249.208934 41.944662
v 205.910151 259.319989 39.687162
v 193.746969 268.860834 37.342320
v 181.157999 277.810491 34.915290
v 168.170923 286.149281 32.411405
v 154.814298 293.858868 29.836170
v 141.117494 300.922300 27.195244
v 127.110629 307.324045 24.494432
v 112.824501 313.050026 21.739671
v 329.778105 15.631206 47.410523
v 328.690220 31.228042 47.254866
v 326.879810 46.756211 46.995296
v 324.350858 62.181570 46.632379
v 321.108925 77.470200 46.166910
v 317.161140 92.588484 45.599910
v 312.516183 107.503178 44.932621
v 307.184270 122.181488 44.166509
v 301.177125 136.591137 43.303253
v 294.507956 150.700441 42.344750
v 287.191430 164.478376 41.293103
v 279.243634 177.894645 40.150623
v 270.682045 190.919748 38.919818
v 261.525489 203.525045 37.603392
v 251.794101 215.682818 36.204236
v 241.509279 227.366335 34.725425
v 230.693638 238.549904 33.170209
v 219.370961 249.208934 31.542003
v 207.566145 259.319989 29.844386
v 195.305148 268.860834 28.081089
v 182.614930 277.810491 26.255986
v 169.523395 286.149281 24.373089
v 156.059331 293.858868 22.436537
v 142.252342 300.922300 20.450585
v 128.132790 307.324045 18.419600
v 331.660888 15.631206 31.666833
v 330.566852 31.228042 31.562868
v 328.746165 46.756211 31.389495
v 326.202831 62.181570 31.147095
v 322.942442 77.470200 30.836197
v 318.972168 92.588484 30.457483
v 314.300740 107.503178 30.011784
v 308.938428 122.181488 29.500077
v 302.897026 136.591137 28.923486
v 296.189815 150.700441 28.283276
v 288.831546 164.478376 27.580852
v 280.838399 177.894645 26.817758
v 272.227948 190.919748 25.995670
v 263.019129 203.525045 25.116392
v 253.232189 215.682818 24.181858
v 242.888649 227.366335 23.194119
v 232.011253 238.549904 22.155345
v 220.623920 249.208934 21.067821
v 208.751689 259.319989 19.933934
v 196.420664 268.860834 18.756178
v 183.657961 277.810491 17.537140
v 170.491644 286.149281 16.279499
v 156.950662 293.858868 14.986020
v 143.064792 300.922300 13.659546
v 128.864566 307.324045 12.302992
v 114.381208 313.050026 10.919340
v 332.792267 15.631206 15.851378
v 331.694535 31.228042 15.799337
v 329.867672 46.756211 15.712553
v 327.315696 62.181570 15.591216
v 324.044217 77.470200 15.435591
v 320.060430 92.588484 15.246020
v 315.373094 107.503178 15.022918
v 309.992517 122.181488 14.766775
v 303.930528 136.591137 14.478153
v 297.200458 150.700441 14.157685
v 289.817106 164.478376 13.806075
v 281.796706 177.894645 13.424096
v 273.156895 190.919748 13.012586
v 263.916669 203.525045 12.572449
v 254.096348 215.682818 12.104651
v 243.717524 227.366335 11.610222
v 232.803019 238.549904 11.090246
v 221.376834 249.208934 10.545867
v 209.464091 259.319989 9.978281
v 197.090987 268.860834 9.388734
v 184.284728 277.810491 8.778524
v 171.073472 286.149281 8.148990
v 157.486271 293.858868 7.501516
v 143.553000 300.922300 6.837527
v 129.304296 307.324045 6.158480
v 114.771491 313.050026 5.465869
v 85.099941 400.000000 0.000000
v 88.026158 399.711800 0.000000
v 90.839667 398.858412 0.000000
v 93.433146 397.472272 0.000000
v 95.705759 395.607392 0.000000
v 97.571746 393.333912 0.000000
v 98.957926 390.740773 0.000000
v 99.811695 387.926496 0.000000
v 84.737346 400.000000 7.842805
v 83.652656 400.000000 15.618698
v 81.855123 400.000000 23.261338
v 79.360085 400.000000 30.705520
v 76.188827 400.000000 37.887734
v 72.368407 400.000000 44.746703
v 67.931417 400.000000 51.223909
v 62.915714 400.000000 57.264090
v 57.364090 400.000000 62.815714
v 51.323909 400.000000 67.831417
v 44.846703 400.000000 72.268407
v 37.987734 400.000000 76.088827
v 30.805520 400.000000 79.260085
v 23.361338 400.000000 81.755123
v 15.718698 400.000000 83.552656
v 7.942805 400.000000 84.637346
v 0.100000 400.000000 84.999941
v 0.100000 399.711779 87.926297
v 0.100000 398.858194 90.740195
v 0.100000 397.472046 93.333498
v 0.100000 395.606603 95.606548
v 0.100000 393.333555 97.471992
v 0.100000 390.740253 98.858142
v 0.100000 387.926356 99.711729
v 29.918342 399.929727 81.133039
v 41.471654 386.439075 90.963325
v 52.833013 399.929727 68.490385
v 82.310936 386.439075 56.809350
v 77.859416 399.929727 37.751512
v 81.942630 399.929727 27.811642
v 94.715926 386.439075 32.152244
v 85.739507 399.929727 11.729376
v 97.385807 386.439075 22.834447
v 86.453079 399.929727 3.853472
v 99.105387 386.439075 13.559997
v 87.938881 399.711779 3.919776
v 89.394906 399.343979 3.984750
v 90.749982 398.858194 4.045220
v 92.051326 398.242560 4.103292
v 93.340706 397.472046 4.160830
v 94.545287 396.574492 4.214584
v 95.611497 395.606603 4.262163
v 96.578423 394.539333 4.305312
v 97.475086 393.333555 4.345325
v 98.244835 392.042892 4.379675
v 98.859858 390.740253 4.407120
v 99.345161 389.383829 4.428777
v 99.712596 387.926356 4.445173
v 99.930327 386.439075 4.454889
v 87.213032 399.711779 11.931193
v 88.657024 399.343979 12.128966
v 90.000903 398.858194 12.313026
v 91.291494 398.242560 12.489788
v 92.570220 397.472046 12.664926
v 93.764846 396.574492 12.828544
v 94.822245 395.606603 12.973368
v 95.781182 394.539333 13.104706
v 96.670435 393.333555 13.226500
v 97.433823 392.042892 13.331055
v 98.043764 390.740253 13.414594
v 98.525057 389.383829 13.480513
v 98.889456 387.926356 13.530422
v 99.625452 386.439075 8.979125
v 99.408386 387.926356 8.959541
v 99.042073 389.383829 8.926493
v 98.558252 390.740253 8.882843
v 97.945107 392.042892 8.827525
v 97.177709 393.333555 8.758291
v 96.283784 394.539333 8.677642
v 95.319811 395.606603 8.590673
v 94.256857 396.574492 8.494774
v 93.055955 397.472046 8.386429
v 91.770513 398.242560 8.270457
v 90.473142 398.858194 8.153409
v 89.122205 399.343979 8.031528
v 87.670627 399.711779 7.900568
v 86.189362 399.929727 7.766929
v 84.252073 399.929727 19.751761
v 85.700005 399.711779 20.091613
v 87.118917 399.343979 20.424653
v 88.439454 398.858194 20.734603
v 89.707629 398.242560 21.032263
v 90.964146 397.472046 21.327186
v 92.138023 396.574492 21.602713
v 93.177057 395.606603 21.846590
v 94.119338 394.539333 22.067757
v 94.993146 393.333555 22.272853
v 95.743276 392.042892 22.448920
v 96.342622 390.740253 22.589596
v 96.815556 389.383829 22.700600
v 97.173626 387.926356 22.784645
v 98.361387 386.439075 18.183509
v 98.147078 387.926356 18.143851
v 97.785418 389.383829 18.076924
v 97.307742 390.740253 17.988529
v 96.702385 392.042892 17.876506
v 95.944733 393.333555 17.736301
v 95.062162 394.539333 17.572979
v 94.110432 395.606603 17.396859
v 93.060979 396.574492 17.202655
v 91.875330 397.472046 16.983248
v 90.606213 398.242560 16.748395
v 89.325321 398.858194 16.511363
v 87.991541 399.343979 16.264544
v 86.558400 399.711779 15.999337
v 85.095948 399.929727 15.728707
v 83.202380 399.929727 23.784405
v 84.632250 399.711779 24.193643
v 86.033464 399.343979 24.594679
v 87.337529 398.858194 24.967910
v 88.589885 398.242560 25.326342
v 89.830728 397.472046 25.681479
v 90.989962 396.574492 26.013259
v 92.016036 395.606603 26.306927
v 92.946563 394.539333 26.573250
v 93.809471 393.333555 26.820219
v 94.550244 392.042892 27.032233
v 95.142115 390.740253 27.201630
v 95.609149 389.383829 27.335298
v 95.962752 387.926356 27.436501
v 96.172287 386.439075 27.496471
v 80.469986 399.929727 31.817744
v 81.852842 399.711779 32.365205
v 83.207984 399.343979 32.901693
v 84.469172 398.858194 33.400986
v 85.680350 398.242560 33.880480
v 86.880394 397.472046 34.355567
v 88.001514 396.574492 34.799408
v 88.993850 395.606603 35.192264
v 89.893782 394.539333 35.548539
v 90.728318 393.333555 35.878924
v 91.444734 392.042892 36.162547
v 92.017144 390.740253 36.389159
v 92.468822 389.383829 36.567974
v 92.810799 387.926356 36.703360
v 93.013444 386.439075 36.783585
v 94.509568 387.926356 32.082120
v 94.161325 389.383829 31.963781
v 93.701370 390.740253 31.807480
v 93.118471 392.042892 31.609400
v 92.388928 393.333555 31.361488
v 91.539101 394.539333 31.072700
v 90.622679 395.606603 30.761283
v 89.612160 396.574492 30.417890
v 88.470498 397.472046 30.029933
v 87.248466 398.242560 29.614663
v 86.015094 398.858194 29.195541
v 84.730797 399.343979 28.759113
v 83.350825 399.711779 28.290173
v 74.769783 399.929727 43.544540
v 76.054561 399.711779 44.293773
v 77.313590 399.343979 45.027990
v 78.485329 398.858194 45.711303
v 79.610605 398.242560 46.367521
v 80.725537 397.472046 47.017706
v 81.767141 396.574492 47.625129
v 82.689096 395.606603 48.162778
v 83.525201 394.539333 48.650362
v 84.300548 393.333555 49.102514
v 84.966153 392.042892 49.490669
v 85.497965 390.740253 49.800802
v 85.917608 389.383829 50.045521
v 86.235330 387.926356 50.230805
v 86.423603 386.439075 50.340598
v 89.995440 386.439075 43.643444
v 89.799377 387.926356 43.548257
v 89.468508 389.383829 43.387623
v 89.031501 390.740253 43.175460
v 88.477684 392.042892 42.906587
v 87.784538 393.333555 42.570071
v 86.977110 394.539333 42.178071
v 86.106409 395.606603 41.755354
v 85.146306 396.574492 41.289232
v 84.061603 397.472046 40.762619
v 82.900539 398.242560 40.198932
v 81.728701 398.858194 39.630015
v 80.508479 399.343979 39.037608
v 79.197355 399.711779 38.401069
v 71.212333 399.929727 49.140000
v 72.435901 399.711779 49.985509
v 73.634947 399.343979 50.814073
v 74.750861 398.858194 51.585191
v 75.822526 398.242560 52.325733
v 76.884340 397.472046 53.059467
v 77.876320 396.574492 53.744944
v 78.754350 395.606603 54.351680
v 79.550621 394.539333 54.901919
v 80.289028 393.333555 55.412173
v 80.922922 392.042892 55.850205
v 81.429398 390.740253 56.200190
v 81.829048 389.383829 56.476356
v 82.131633 387.926356 56.685448
v 67.207206 399.929727 54.482350
v 68.361861 399.711779 55.419780
v 69.493375 399.343979 56.338423
v 70.546440 398.858194 57.193375
v 71.557748 398.242560 58.014426
v 72.559759 397.472046 58.827929
v 73.495869 396.574492 59.587929
v 74.324448 395.606603 60.260628
v 75.075872 394.539333 60.870687
v 75.772691 393.333555 61.436414
v 76.370884 392.042892 61.922068
v 76.848834 390.740253 62.310102
v 77.225975 389.383829 62.616292
v 77.511519 387.926356 62.848116
v 77.680723 386.439075 62.985488
v 62.783208 399.929727 59.519063
v 63.861744 399.711779 60.543156
v 64.918663 399.343979 61.546724
v 65.902305 398.858194 62.480714
v 66.846944 398.242560 63.377668
v 67.782898 397.472046 64.266377
v 68.657296 396.574492 65.096636
v 69.431251 395.606603 65.831524
v 70.133138 394.539333 66.497981
v 70.784020 393.333555 67.116007
v 71.342777 392.042892 67.646559
v 71.789218 390.740253 68.070465
v 72.141497 389.383829 68.404961
v 72.408216 387.926356 68.658217
v 72.566266 386.439075 68.808288
v 57.977185 399.929727 64.202297
v 58.973028 399.711779 65.306970
v 59.948912 399.343979 66.389503
v 60.857136 398.858194 67.396983
v 61.729348 398.242560 68.364514
v 62.593541 397.472046 69.323151
v 63.400897 396.574492 70.218739
v 64.115512 395.606603 71.011451
v 64.763584 394.539333 71.730347
v 65.364562 393.333555 72.397003
v 65.880478 392.042892 72.969301
v 66.292690 390.740253 73.426562
v 66.617959 389.383829 73.787378
v 66.864229 387.926356 74.060561
v 67.010160 386.439075 74.222441
v 47.400273 399.929727 72.349068
v 48.214127 399.711779 73.593916
v 49.011671 399.343979 74.813815
v 49.753920 398.858194 75.949136
v 50.466737 398.242560 77.039439
v 51.173000 397.472046 78.119719
v 51.832814 396.574492 79.128950
v 52.416835 395.606603 80.022251
v 52.946474 394.539333 80.832370
v 53.437625 393.333555 81.583619
v 53.859258 392.042892 82.228537
v 54.196139 390.740253 82.743821
v 54.461966 389.383829 83.150422
v 54.663231 387.926356 83.458269
v 54.782494 386.439075 83.640691
v 61.063130 386.439075 79.179777
v 60.930169 387.926356 79.007085
v 60.705788 389.383829 78.715656
v 60.409429 390.740253 78.330741
v 60.033855 392.042892 77.842940
v 59.563794 393.333555 77.232418
v 59.016231 394.539333 76.521236
v 58.425761 395.606603 75.754324
v 57.774661 396.574492 74.908667
v 57.039063 397.472046 73.953262
v 56.251680 398.242560 72.930598
v 55.456992 398.858194 71.898445
v 54.629491 399.343979 70.823676
v 53.740344 399.711779 69.668839
v 41.732686 399.929727 75.752379
v 42.449023 399.711779 77.055784
v 43.151004 399.343979 78.333067
v 43.804316 398.858194 79.521794
v 44.431722 398.242560 80.663386
v 45.053360 397.472046 81.794482
v 45.634114 396.574492 82.851188
v 46.148157 395.606603 83.786510
v 46.614333 394.539333 84.634737
v 47.046634 393.333555 85.421325
v 47.417747 392.042892 86.096580
v 47.714262 390.740253 86.636102
v 47.948237 389.383829 87.061830
v 48.125386 387.926356 87.384159
v 48.230359 386.439075 87.575161
v 35.886417 399.929727 78.683136
v 36.502162 399.711779 80.036968
v 37.105567 399.343979 81.363667
v 37.667138 398.858194 82.598385
v 38.206440 398.242560 83.784142
v 38.740785 397.472046 84.958999
v 39.239987 396.574492 86.056588
v 39.681845 395.606603 87.028096
v 40.082559 394.539333 87.909140
v 40.454153 393.333555 88.726160
v 40.773152 392.042892 89.427540
v 41.028030 390.740253 89.987936
v 41.229149 389.383829 90.430134
v 41.381422 387.926356 90.764933
v 30.431400 399.711779 82.529024
v 30.934176 399.343979 83.897032
v 31.402094 398.858194 85.170194
v 31.851457 398.242560 86.392872
v 32.296690 397.472046 87.604309
v 32.712640 396.574492 88.736073
v 33.080810 395.606603 89.737830
v 33.414697 394.539333 90.646306
v 33.724321 393.333555 91.488766
v 33.990121 392.042892 92.211984
v 34.202493 390.740253 92.789828
v 34.370071 389.383829 93.245795
v 34.496949 387.926356 93.591019
v 34.572133 386.439075 93.795588
v 17.838131 399.929727 84.599422
v 18.143335 399.711779 86.055051
v 18.442423 399.343979 87.481506
v 18.720775 398.858194 88.809063
v 18.988089 398.242560 90.083980
v 19.252946 397.472046 91.347176
v 19.500383 396.574492 92.527293
v 19.719398 395.606603 93.571851
v 19.918018 394.539333 94.519141
v 20.102205 393.333555 95.397594
v 20.260322 392.042892 96.151711
v 20.386657 390.740253 96.754244
v 20.486345 389.383829 97.229692
v 20.561821 387.926356 97.589665
v 20.606546 386.439075 97.802975
v 27.596471 386.439075 96.072287
v 27.536501 387.926356 95.862752
v 27.435298 389.383829 95.509149
v 27.301630 390.740253 95.042115
v 27.132233 392.042892 94.450244
v 26.920219 393.333555 93.709471
v 26.673250 394.539333 92.846563
v 26.406927 395.606603 91.916036
v 26.113259 396.574492 90.889962
v 25.781479 397.472046 89.730728
v 25.426342 398.242560 88.489885
v 25.067910 398.858194 87.237529
v 24.694679 399.343979 85.933464
v 24.293643 399.711779 84.532250
v 23.884405 399.929727 83.102380
v 11.829376 399.929727 85.639507
v 12.031193 399.711779 87.113032
v 12.228966 399.343979 88.557024
v 12.413026 398.858194 89.900903
v 12.589788 398.242560 91.191494
v 12.764926 397.472046 92.470220
v 12.928544 396.574492 93.664846
v 13.073368 395.606603 94.722245
v 13.204706 394.539333 95.681182
v 13.326500 393.333555 96.570435
v 13.431055 392.042892 97.333823
v 13.514594 390.740253 97.943764
v 13.580513 389.383829 98.425057
v 13.630422 387.926356 98.789456
v 13.659997 386.439075 99.005387
v 5.903363 399.929727 86.243982
v 6.003217 399.711779 87.727907
v 6.101069 399.343979 89.182092
v 6.192137 398.858194 90.535456
v 6.279594 398.242560 91.835156
v 6.366247 397.472046 93.122908
v 6.447201 396.574492 94.325966
v 6.518855 395.606603 95.390829
v 6.583838 394.539333 96.356534
v 6.644098 393.333555 97.252064
v 6.695829 392.042892 98.020841
v 6.737162 390.740253 98.635087
v 6.769776 389.383829 99.119777
v 6.794470 387.926356 99.486748
v 6.809103 386.439075 99.704203
v 0.033333 400.000000 84.999915
v 0.066667 400.000000 84.999935
vt 8.499988 36.671709 0.000000
vt -0.000000 36.671709 0.000000
vt 9.999990 28.480475 0.000000
vt -0.000000 -3.328291 0.000000
vt 11.480164 27.976712 0.000000
vt 12.935094 27.404114 0.000000
vt 14.361581 26.763940 0.000000
vt 15.756490 26.057597 0.000000
vt 17.116752 25.286638 0.000000
vt 18.439377 24.452759 0.000000
vt 19.721456 23.557794 0.000000
vt 20.960170 22.603709 0.000000
vt 22.152796 21.592604 0.000000
vt 23.296711 20.526701 0.000000
vt 24.389399 19.408344 0.000000
vt 25.428459 18.239992 0.000000
vt 26.411605 17.024215 0.000000
vt 27.336675 15.763685 0.000000
vt 28.201636 14.461175 0.000000
vt 29.004585 13.119548 0.000000
vt 29.743757 11.741754 0.000000
vt 30.417527 10.330824 0.000000
vt 31.024413 8.889859 0.000000
vt 31.563080 7.422028 0.000000
vt 32.032344 5.930558 0.000000
vt 32.431174 4.418730 0.000000
vt 32.758692 2.889867 0.000000
vt 33.014178 1.347331 0.000000
vt 33.197070 -0.205486 0.000000
vt 33.306966 -1.765170 0.000000
vt 33.343625 -3.328291 0.000000
vt 9.999990 35.171709 0.000000
vt 8.792638 36.642884 0.000000
vt 9.074066 36.557507 0.000000
vt 9.333380 36.418889 0.000000
vt 9.560728 36.232291 0.000000
vt 9.747217 36.005030 0.000000
vt 9.885831 35.745682 0.000000
vt 9.971170 35.464331 0.000000
vt -3.345617 -0.010000 0.000000
vt 3.345617 -0.010000 0.000000
vt -3.345617 -0.006667 0.000000
vt -3.345617 -0.003333 0.000000
vt -3.345617 0.000000 0.000000
vt 3.345617 0.863220 0.000000
vt -3.345617 0.872664 0.000000
vt 3.345617 1.736439 0.000000
vt -3.345617 1.745328 0.000000
vt 3.345617 2.609659 0.000000
vt -3.345617 2.617993 0.000000
vt 3.345617 3.482879 0.000000
vt -3.345617 3.490657 0.000000
vt 3.345617 4.356099 0.000000
vt -3.345617 4.363321 0.000000
vt 3.345617 5.229318 0.000000
vt -3.345617 5.235985 0.000000
vt 3.345617 6.102538 0.000000
vt -3.345617 6.108649 0.000000
vt 3.345617 6.975758 0.000000
vt -3.345617 6.981314 0.000000
vt 3.345617 7.848978 0.000000
vt -3.345617 7.853978 0.000000
vt 3.345617 8.722197 0.000000
vt -3.345617 8.726642 0.000000
vt 3.345617 9.595417 0.000000
vt -3.345617 9.599306 0.000000
vt 3.345617 10.468637 0.000000
vt -3.345617 10.471970 0.000000
vt 3.345617 11.341857 0.000000
vt -3.345617 11.344634 0.000000
vt 3.345617 12.215076 0.000000
vt -3.345617 12.217299 0.000000
vt 3.345617 13.088296 0.000000
vt -3.345617 13.089963 0.000000
vt 3.345617 13.961516 0.000000
vt -3.345617 13.962627 0.000000
vt 3.345617 14.834736 0.000000
vt -3.345617 14.835291 0.000000
vt 3.345617 15.707955 0.000000
vt -3.345617 15.707955 0.000000
vt -42.219731 86.771292 0.000000
vt -42.219731 84.423943 0.000000
vt -40.656037 85.704315 0.000000
vt -40.656038 84.427409 0.000000
vt -39.092344 84.430042 0.000000
vt -39.092343 85.704315 0.000000
vt -37.528651 84.432107 0.000000
vt -37.528650 85.704315 0.000000
vt -35.964957 84.433764 0.000000
vt -35.964956 85.704315 0.000000
vt -34.401264 84.435120 0.000000
vt -34.401262 85.704315 0.000000
vt -32.837570 84.436246 0.000000
vt -32.837568 85.704315 0.000000
vt -31.273876 84.437194 0.000000
vt -31.273875 85.704315 0.000000
vt -29.710182 84.437999 0.000000
vt -29.710181 85.704315 0.000000
vt -28.146489 84.438690 0.000000
vt -28.146487 85.704315 0.000000
vt -26.582795 84.439286 0.000000
vt -26.582793 85.704315 0.000000
vt -25.019101 84.439802 0.000000
vt -25.019100 85.704315 0.000000
vt -23.455407 84.440253 0.000000
vt -23.455406 85.704315 0.000000
vt -21.891714 84.440646 0.000000
vt -21.891712 85.704315 0.000000
vt -20.328020 84.440991 0.000000
vt -20.328019 85.704315 0.000000
vt -18.764326 84.441292 0.000000
vt -18.764325 85.704315 0.000000
vt -17.200632 84.441556 0.000000
vt -17.200631 85.704315 0.000000
vt -15.636938 84.441787 0.000000
vt -15.636937 85.704315 0.000000
vt -14.073245 84.441987 0.000000
vt -14.073244 85.704315 0.000000
vt -12.509551 84.442160 0.000000
vt -12.509550 85.704315 0.000000
vt -10.945857 84.442308 0.000000
vt -10.945856 85.704315 0.000000
vt -9.382163 84.442432 0.000000
vt -9.382162 85.704315 0.000000
vt -7.818469 84.442536 0.000000
vt -7.818469 85.704315 0.000000
vt -6.254775 84.442618 0.000000
vt -6.254775 85.704315 0.000000
vt -4.691082 84.442682 0.000000
vt -4.691081 85.704315 0.000000
vt -3.127388 84.442727 0.000000
vt -3.127387 85.704315 0.000000
vt -1.563694 84.442753 0.000000
vt -1.563694 85.704315 0.000000
vt -0.000000 84.442762 0.000000
vt -0.000000 85.722565 0.000000
vt -1.563694 86.984688 0.000000
vt -0.000000 87.002367 0.000000
vt -1.563694 88.265060 0.000000
vt -0.000000 88.282169 0.000000
vt -1.563694 89.545433 0.000000
vt -0.000000 89.561971 0.000000
vt -1.563694 90.825805 0.000000
vt -0.000000 90.841774 0.000000
vt -1.563694 92.106178 0.000000
vt -0.000000 92.121576 0.000000
vt -1.563694 93.386551 0.000000
vt -0.000000 93.401378 0.000000
vt -1.563694 94.666923 0.000000
vt -0.000000 94.681180 0.000000
vt -1.563694 95.947296 0.000000
vt -0.000000 95.960983 0.000000
vt -1.563694 97.227668 0.000000
vt -0.000000 97.240785 0.000000
vt -1.563694 98.520122 0.000000
vt -0.000000 98.520587 0.000000
vt -1.563694 99.799946 0.000000
vt -0.000000 99.800389 0.000000
vt -1.563694 101.079769 0.000000
vt -0.000000 101.080192 0.000000
vt -1.563694 102.359592 0.000000
vt -0.000000 102.359994 0.000000
vt -1.563694 103.639416 0.000000
vt -0.000000 103.639796 0.000000
vt -1.563694 104.919239 0.000000
vt -0.000000 104.919598 0.000000
vt -1.563694 106.199063 0.000000
vt -0.000000 106.199401 0.000000
vt -1.563694 107.478886 0.000000
vt -0.000000 107.479203 0.000000
vt -1.563694 108.758709 0.000000
vt -0.000000 108.759005 0.000000
vt -1.563694 110.038533 0.000000
vt -0.000000 110.038807 0.000000
vt -1.563694 111.318356 0.000000
vt -0.000000 111.318610 0.000000
vt -1.563694 112.598179 0.000000
vt -0.000000 112.598412 0.000000
vt -1.563694 113.878003 0.000000
vt -0.000000 113.878214 0.000000
vt -1.563694 115.157826 0.000000
vt -0.000000 115.158016 0.000000
vt -1.563694 116.437650 0.000000
vt -0.000000 116.437818 0.000000
vt -1.563694 117.717473 0.000000
vt -0.000000 117.717621 0.000000
vt -1.563694 118.997296 0.000000
vt -0.000000 118.997423 0.000000
vt -1.563694 120.277120 0.000000
vt -0.000000 120.277225 0.000000
vt -1.563694 121.556943 0.000000
vt -0.000000 121.557027 0.000000
vt -1.563694 122.836766 0.000000
vt -0.000000 122.836830 0.000000
vt -1.563694 124.116590 0.000000
vt -0.000000 124.116632 0.000000
vt -1.563694 125.396413 0.000000
vt -0.000000 125.396434 0.000000
vt -1.563694 126.676236 0.000000
vt -0.000000 126.676236 0.000000
vt -3.127387 126.676236 0.000000
vt -3.127387 125.396392 0.000000
vt -3.127387 124.116547 0.000000
vt -3.127387 122.836703 0.000000
vt -3.127387 121.556859 0.000000
vt -3.127387 120.277014 0.000000
vt -3.127387 118.997170 0.000000
vt -3.127387 117.717325 0.000000
vt -3.127387 116.437481 0.000000
vt -3.127387 115.157636 0.000000
vt -3.127387 113.877792 0.000000
vt -3.127387 112.597947 0.000000
vt -3.127387 111.318103 0.000000
vt -3.127387 110.038258 0.000000
vt -3.127387 108.758414 0.000000
vt -3.127387 107.478569 0.000000
vt -3.127387 106.198725 0.000000
vt -3.127387 104.918880 0.000000
vt -3.127387 103.639036 0.000000
vt -3.127387 102.359191 0.000000
vt -3.127387 101.079347 0.000000
vt -3.127387 99.799502 0.000000
vt -3.127387 98.519658 0.000000
vt -3.127387 97.227668 0.000000
vt -3.127387 95.947296 0.000000
vt -3.127387 94.666923 0.000000
vt -3.127387 93.386551 0.000000
vt -3.127387 92.106178 0.000000
vt -3.127387 90.825805 0.000000
vt -3.127387 89.545433 0.000000
vt -3.127387 88.265060 0.000000
vt -3.127387 86.984688 0.000000
vt -4.691081 126.676236 0.000000
vt -4.691081 125.396371 0.000000
vt -4.691081 124.116505 0.000000
vt -4.691081 122.836640 0.000000
vt -4.691081 121.556774 0.000000
vt -4.691081 120.276908 0.000000
vt -4.691081 118.997043 0.000000
vt -4.691081 117.717177 0.000000
vt -4.691081 116.437312 0.000000
vt -4.691081 115.157446 0.000000
vt -4.691081 113.877580 0.000000
vt -4.691081 112.597715 0.000000
vt -4.691081 111.317849 0.000000
vt -4.691081 110.037984 0.000000
vt -4.691081 108.758118 0.000000
vt -4.691081 107.478252 0.000000
vt -4.691081 106.198387 0.000000
vt -4.691081 104.918521 0.000000
vt -4.691081 103.638655 0.000000
vt -4.691081 102.358790 0.000000
vt -4.691081 101.078924 0.000000
vt -4.691081 99.799059 0.000000
vt -4.691081 98.519193 0.000000
vt -4.691081 97.227668 0.000000
vt -4.691081 95.947296 0.000000
vt -4.691081 94.666923 0.000000
vt -4.691081 93.386551 0.000000
vt -4.691081 92.106178 0.000000
vt -4.691081 90.825805 0.000000
vt -4.691081 89.545433 0.000000
vt -4.691081 88.265060 0.000000
vt -4.691081 86.984688 0.000000
vt -6.254775 126.676236 0.000000
vt -6.254775 125.396350 0.000000
vt -6.254775 124.116463 0.000000
vt -6.254775 122.836576 0.000000
vt -6.254775 121.556690 0.000000
vt -6.254775 120.276803 0.000000
vt -6.254775 118.996916 0.000000
vt -6.254775 117.717029 0.000000
vt -6.254775 116.437143 0.000000
vt -6.254775 115.157256 0.000000
vt -6.254775 113.877369 0.000000
vt -6.254775 112.597482 0.000000
vt -6.254775 111.317596 0.000000
vt -6.254775 110.037709 0.000000
vt -6.254775 108.757822 0.000000
vt -6.254775 107.477935 0.000000
vt -6.254775 106.198049 0.000000
vt -6.254775 104.918162 0.000000
vt -6.254775 103.638275 0.000000
vt -6.254775 102.358389 0.000000
vt -6.254775 101.078502 0.000000
vt -6.254775 99.798615 0.000000
vt -6.254775 98.518728 0.000000
vt -6.254775 97.227668 0.000000
vt -6.254775 95.947296 0.000000
vt -6.254775 94.666923 0.000000
vt -6.254775 93.386551 0.000000
vt -6.254775 92.106178 0.000000
vt -6.254775 90.825805 0.000000
vt -6.254775 89.545433 0.000000
vt -6.254775 88.265060 0.000000
vt -6.254775 86.984688 0.000000
vt -7.818469 126.676236 0.000000
vt -7.818469 125.396329 0.000000
vt -7.818469 124.116421 0.000000
vt -7.818469 122.836513 0.000000
vt -7.818469 121.556605 0.000000
vt -7.818469 120.276697 0.000000
vt -7.818469 118.996789 0.000000
vt -7.818469 117.716881 0.000000
vt -7.818469 116.436974 0.000000
vt -7.818469 115.157066 0.000000
vt -7.818469 113.877158 0.000000
vt -7.818469 112.597250 0.000000
vt -7.818469 111.317342 0.000000
vt -7.818469 110.037434 0.000000
vt -7.818469 108.757526 0.000000
vt -7.818469 107.477619 0.000000
vt -7.818469 106.197711 0.000000
vt -7.818469 104.917803 0.000000
vt -7.818469 103.637895 0.000000
vt -7.818469 102.357987 0.000000
vt -7.818469 101.078079 0.000000
vt -7.818469 99.798171 0.000000
vt -7.818469 98.518264 0.000000
vt -7.818469 97.227668 0.000000
vt -7.818469 95.947296 0.000000
vt -7.818469 94.666923 0.000000
vt -7.818469 93.386551 0.000000
vt -7.818469 92.106178 0.000000
vt -7.818469 90.825805 0.000000
vt -7.818469 89.545433 0.000000
vt -7.818469 88.265060 0.000000
vt -7.818469 86.984688 0.000000
vt -9.382162 126.676236 0.000000
vt -9.382162 125.396307 0.000000
vt -9.382162 124.116379 0.000000
vt -9.382162 122.836450 0.000000
vt -9.382162 121.556521 0.000000
vt -9.382162 120.276592 0.000000
vt -9.382162 118.996663 0.000000
vt -9.382162 117.716734 0.000000
vt -9.382162 116.436805 0.000000
vt -9.382162 115.156876 0.000000
vt -9.382162 113.876947 0.000000
vt -9.382162 112.597018 0.000000
vt -9.382162 111.317089 0.000000
vt -9.382162 110.037160 0.000000
vt -9.382162 108.757231 0.000000
vt -9.382162 107.477302 0.000000
vt -9.382162 106.197373 0.000000
vt -9.382162 104.917444 0.000000
vt -9.382162 103.637515 0.000000
vt -9.382162 102.357586 0.000000
vt -9.382162 101.077657 0.000000
vt -9.382162 99.797728 0.000000
vt -9.382162 98.517799 0.000000
vt -9.382162 97.227668 0.000000
vt -9.382162 95.947296 0.000000
vt -9.382162 94.666923 0.000000
vt -9.382162 93.386551 0.000000
vt -9.382162 92.106178 0.000000
vt -9.382162 90.825805 0.000000
vt -9.382162 89.545433 0.000000
vt -9.382162 88.265060 0.000000
vt -9.382162 86.984688 0.000000
vt -10.945856 126.676236 0.000000
vt -10.945856 125.396286 0.000000
vt -10.945856 124.116336 0.000000
vt -10.945856 122.836386 0.000000
vt -10.945856 121.556436 0.000000
vt -10.945856 120.276486 0.000000
vt -10.945856 118.996536 0.000000
vt -10.945856 117.716586 0.000000
vt -10.945856 116.436636 0.000000
vt -10.945856 115.156686 0.000000
vt -10.945856 113.876735 0.000000
vt -10.945856 112.596785 0.000000
vt -10.945856 111.316835 0.000000
vt -10.945856 110.036885 0.000000
vt -10.945856 108.756935 0.000000
vt -10.945856 107.476985 0.000000
vt -10.945856 106.197035 0.000000
vt -10.945856 104.917085 0.000000
vt -10.945856 103.637135 0.000000
vt -10.945856 102.357185 0.000000
vt -10.945856 101.077234 0.000000
vt -10.945856 99.797284 0.000000
vt -10.945856 98.517334 0.000000
vt -10.945856 97.227668 0.000000
vt -10.945856 95.947296 0.000000
vt -10.945856 94.666923 0.000000
vt -10.945856 93.386551 0.000000
vt -10.945856 92.106178 0.000000
vt -10.945856 90.825805 0.000000
vt -10.945856 89.545433 0.000000
vt -10.945856 88.265060 0.000000
vt -10.945856 86.984688 0.000000
vt -12.509550 126.676236 0.000000
vt -12.509550 125.396265 0.000000
vt -12.509550 124.116294 0.000000
vt -12.509550 122.836323 0.000000
vt -12.509550 121.556352 0.000000
vt -12.509550 120.276380 0.000000
vt -12.509550 118.996409 0.000000
vt -12.509550 117.716438 0.000000
vt -12.509550 116.436467 0.000000
vt -12.509550 115.156495 0.000000
vt -12.509550 113.876524 0.000000
vt -12.509550 112.596553 0.000000
vt -12.509550 111.316582 0.000000
vt -12.509550 110.036611 0.000000
vt -12.509550 108.756639 0.000000
vt -12.509550 107.476668 0.000000
vt -12.509550 106.196697 0.000000
vt -12.509550 104.916726 0.000000
vt -12.509550 103.636754 0.000000
vt -12.509550 102.356783 0.000000
vt -12.509550 101.076812 0.000000
vt -12.509550 99.796841 0.000000
vt -12.509550 98.516870 0.000000
vt -12.509550 97.227668 0.000000
vt -12.509550 95.947296 0.000000
vt -12.509550 94.666923 0.000000
vt -12.509550 93.386551 0.000000
vt -12.509550 92.106178 0.000000
vt -12.509550 90.825805 0.000000
vt -12.509550 89.545433 0.000000
vt -12.509550 88.265060 0.000000
vt -12.509550 86.984688 0.000000
vt -14.073244 126.676236 0.000000
vt -14.073244 125.396244 0.000000
vt -14.073244 124.116252 0.000000
vt -14.073244 122.836259 0.000000
vt -14.073244 121.556267 0.000000
vt -14.073244 120.276275 0.000000
vt -14.073244 118.996282 0.000000
vt -14.073244 117.716290 0.000000
vt -14.073244 116.436298 0.000000
vt -14.073244 115.156305 0.000000
vt -14.073244 113.876313 0.000000
vt -14.073244 112.596321 0.000000
vt -14.073244 111.316328 0.000000
vt -14.073244 110.036336 0.000000
vt -14.073244 108.756344 0.000000
vt -14.073244 107.476351 0.000000
vt -14.073244 106.196359 0.000000
vt -14.073244 104.916367 0.000000
vt -14.073244 103.636374 0.000000
vt -14.073244 102.356382 0.000000
vt -14.073244 101.076390 0.000000
vt -14.073244 99.796397 0.000000
vt -14.073244 98.516405 0.000000
vt -14.073244 97.227668 0.000000
vt -14.073244 95.947296 0.000000
vt -14.073244 94.666923 0.000000
vt -14.073244 93.386551 0.000000
vt -14.073244 92.106178 0.000000
vt -14.073244 90.825805 0.000000
vt -14.073244 89.545433 0.000000
vt -14.073244 88.265060 0.000000
vt -14.073244 86.984688 0.000000
vt -15.636937 126.676236 0.000000
vt -15.636937 125.396223 0.000000
vt -15.636937 124.116210 0.000000
vt -15.636937 122.836196 0.000000
vt -15.636937 121.556183 0.000000
vt -15.636937 120.276169 0.000000
vt -15.636937 118.996156 0.000000
vt -15.636937 117.716142 0.000000
vt -15.636937 116.436129 0.000000
vt -15.636937 115.156115 0.000000
vt -15.636937 113.876102 0.000000
vt -15.636937 112.596088 0.000000
vt -15.636937 111.316075 0.000000
vt -15.636937 110.036061 0.000000
vt -15.636937 108.756048 0.000000
vt -15.636937 107.476034 0.000000
vt -15.636937 106.196021 0.000000
vt -15.636937 104.916008 0.000000
vt -15.636937 103.635994 0.000000
vt -15.636937 102.355981 0.000000
vt -15.636937 101.075967 0.000000
vt -15.636937 99.795954 0.000000
vt -15.636937 98.515940 0.000000
vt -15.636937 97.227668 0.000000
vt -15.636937 95.947296 0.000000
vt -15.636937 94.666923 0.000000
vt -15.636937 93.386551 0.000000
vt -15.636937 92.106178 0.000000
vt -15.636937 90.825805 0.000000
vt -15.636937 89.545433 0.000000
vt -15.636937 88.265060 0.000000
vt -15.636937 86.984688 0.000000
vt -17.200631 126.676236 0.000000
vt -17.200631 125.396202 0.000000
vt -17.200631 124.116167 0.000000
vt -17.200631 122.836133 0.000000
vt -17.200631 121.556098 0.000000
vt -17.200631 120.276064 0.000000
vt -17.200631 118.996029 0.000000
vt -17.200631 117.715994 0.000000
vt -17.200631 116.435960 0.000000
vt -17.200631 115.155925 0.000000
vt -17.200631 113.875891 0.000000
vt -17.200631 112.595856 0.000000
vt -17.200631 111.315821 0.000000
vt -17.200631 110.035787 0.000000
vt -17.200631 108.755752 0.000000
vt -17.200631 107.475718 0.000000
vt -17.200631 106.195683 0.000000
vt -17.200631 104.915648 0.000000
vt -17.200631 103.635614 0.000000
vt -17.200631 102.355579 0.000000
vt -17.200631 101.075545 0.000000
vt -17.200631 99.795510 0.000000
vt -17.200631 98.515476 0.000000
vt -17.200631 97.227668 0.000000
vt -17.200631 95.947296 0.000000
vt -17.200631 94.666923 0.000000
vt -17.200631 93.386551 0.000000
vt -17.200631 92.106178 0.000000
vt -17.200631 90.825805 0.000000
vt -17.200631 89.545433 0.000000
vt -17.200631 88.265060 0.000000
vt -17.200631 86.984688 0.000000
vt -18.764325 126.676236 0.000000
vt -18.764325 125.396181 0.000000
vt -18.764325 124.116125 0.000000
vt -18.764325 122.836069 0.000000
vt -18.764325 121.556014 0.000000
vt -18.764325 120.275958 0.000000
vt -18.764325 118.995902 0.000000
vt -18.764325 117.715847 0.000000
vt -18.764325 116.435791 0.000000
vt -18.764325 115.155735 0.000000
vt -18.764325 113.875679 0.000000
vt -18.764325 112.595624 0.000000
vt -18.764325 111.315568 0.000000
vt -18.764325 110.035512 0.000000
vt -18.764325 108.755457 0.000000
vt -18.764325 107.475401 0.000000
vt -18.764325 106.195345 0.000000
vt -18.764325 104.915289 0.000000
vt -18.764325 103.635234 0.000000
vt -18.764325 102.355178 0.000000
vt -18.764325 101.075122 0.000000
vt -18.764325 99.795067 0.000000
vt -18.764325 98.515011 0.000000
vt -18.764325 97.227668 0.000000
vt -18.764325 95.947296 0.000000
vt -18.764325 94.666923 0.000000
vt -18.764325 93.386551 0.000000
vt -18.764325 92.106178 0.000000
vt -18.764325 90.825805 0.000000
vt -18.764325 89.545433 0.000000
vt -18.764325 88.265060 0.000000
vt -18.764325 86.984688 0.000000
vt -20.328019 126.676236 0.000000
vt -20.328019 125.396160 0.000000
vt -20.328019 124.116083 0.000000
vt -20.328019 122.836006 0.000000
vt -20.328019 121.555929 0.000000
vt -20.328019 120.275852 0.000000
vt -20.328019 118.995775 0.000000
vt -20.328019 117.715699 0.000000
vt -20.328019 116.435622 0.000000
vt -20.328019 115.155545 0.000000
vt -20.328019 113.875468 0.000000
vt -20.328019 112.595391 0.000000
vt -20.328019 111.315314 0.000000
vt -20.328019 110.035238 0.000000
vt -20.328019 108.755161 0.000000
vt -20.328019 107.475084 0.000000
vt -20.328019 106.195007 0.000000
vt -20.328019 104.914930 0.000000
vt -20.328019 103.634854 0.000000
vt -20.328019 102.354777 0.000000
vt -20.328019 101.074700 0.000000
vt -20.328019 99.794623 0.000000
vt -20.328019 98.514546 0.000000
vt -20.328019 97.227668 0.000000
vt -20.328019 95.947296 0.000000
vt -20.328019 94.666923 0.000000
vt -20.328019 93.386551 0.000000
vt -20.328019 92.106178 0.000000
vt -20.328019 90.825805 0.000000
vt -20.328019 89.545433 0.000000
vt -20.328019 88.265060 0.000000
vt -20.328019 86.984688 0.000000
vt -21.891712 126.676236 0.000000
vt -21.891712 125.396139 0.000000
vt -21.891712 124.116041 0.000000
vt -21.891712 122.835943 0.000000
vt -21.891712 121.555845 0.000000
vt -21.891712 120.275747 0.000000
vt -21.891712 118.995649 0.000000
vt -21.891712 117.715551 0.000000
vt -21.891712 116.435453 0.000000
vt -21.891712 115.155355 0.000000
vt -21.891712 113.875257 0.000000
vt -21.891712 112.595159 0.000000
vt -21.891712 111.315061 0.000000
vt -21.891712 110.034963 0.000000
vt -21.891712 108.754865 0.000000
vt -21.891712 107.474767 0.000000
vt -21.891712 106.194669 0.000000
vt -21.891712 104.914571 0.000000
vt -21.891712 103.634473 0.000000
vt -21.891712 102.354375 0.000000
vt -21.891712 101.074277 0.000000
vt -21.891712 99.794179 0.000000
vt -21.891712 98.514082 0.000000
vt -21.891712 97.227668 0.000000
vt -21.891712 95.947296 0.000000
vt -21.891712 94.666923 0.000000
vt -21.891712 93.386551 0.000000
vt -21.891712 92.106178 0.000000
vt -21.891712 90.825805 0.000000
vt -21.891712 89.545433 0.000000
vt -21.891712 88.265060 0.000000
vt -21.891712 86.984688 0.000000
vt -23.455406 126.676236 0.000000
vt -23.455406 125.396117 0.000000
vt -23.455406 124.115998 0.000000
vt -23.455406 122.835879 0.000000
vt -23.455406 121.555760 0.000000
vt -23.455406 120.275641 0.000000
vt -23.455406 118.995522 0.000000
vt -23.455406 117.715403 0.000000
vt -23.455406 116.435284 0.000000
vt -23.455406 115.155165 0.000000
vt -23.455406 113.875046 0.000000
vt -23.455406 112.594927 0.000000
vt -23.455406 111.314808 0.000000
vt -23.455406 110.034688 0.000000
vt -23.455406 108.754569 0.000000
vt -23.455406 107.474450 0.000000
vt -23.455406 106.194331 0.000000
vt -23.455406 104.914212 0.000000
vt -23.455406 103.634093 0.000000
vt -23.455406 102.353974 0.000000
vt -23.455406 101.073855 0.000000
vt -23.455406 99.793736 0.000000
vt -23.455406 98.513617 0.000000
vt -23.455406 97.227668 0.000000
vt -23.455406 95.947296 0.000000
vt -23.455406 94.666923 0.000000
vt -23.455406 93.386551 0.000000
vt -23.455406 92.106178 0.000000
vt -23.455406 90.825805 0.000000
vt -23.455406 89.545433 0.000000
vt -23.455406 88.265060 0.000000
vt -23.455406 86.984688 0.000000
vt -25.019100 126.676236 0.000000
vt -25.019100 125.396096 0.000000
vt -25.019100 124.115956 0.000000
vt -25.019100 122.835816 0.000000
vt -25.019100 121.555676 0.000000
vt -25.019100 120.275535 0.000000
vt -25.019100 118.995395 0.000000
vt -25.019100 117.715255 0.000000
vt -25.019100 116.435115 0.000000
vt -25.019100 115.154975 0.000000
vt -25.019100 113.874835 0.000000
vt -25.019100 112.594694 0.000000
vt -25.019100 111.314554 0.000000
vt -25.019100 110.034414 0.000000
vt -25.019100 108.754274 0.000000
vt -25.019100 107.474134 0.000000
vt -25.019100 106.193993 0.000000
vt -25.019100 104.913853 0.000000
vt -25.019100 103.633713 0.000000
vt -25.019100 102.353573 0.000000
vt -25.019100 101.073433 0.000000
vt -25.019100 99.793292 0.000000
vt -25.019100 98.513152 0.000000
vt -25.019100 97.227668 0.000000
vt -25.019100 95.947296 0.000000
vt -25.019100 94.666923 0.000000
vt -25.019100 93.386551 0.000000
vt -25.019100 92.106178 0.000000
vt -25.019100 90.825805 0.000000
vt -25.019100 89.545433 0.000000
vt -25.019100 88.265060 0.000000
vt -25.019100 86.984688 0.000000
vt -26.582793 126.676236 0.000000
vt -26.582793 125.396075 0.000000
vt -26.582793 124.115914 0.000000
vt -26.582793 122.835753 0.000000
vt -26.582793 121.555591 0.000000
vt -26.582793 120.275430 0.000000
vt -26.582793 118.995269 0.000000
vt -26.582793 117.715107 0.000000
vt -26.582793 116.434946 0.000000
vt -26.582793 115.154785 0.000000
vt -26.582793 113.874623 0.000000
vt -26.582793 112.594462 0.000000
vt -26.582793 111.314301 0.000000
vt -26.582793 110.034139 0.000000
vt -26.582793 108.753978 0.000000
vt -26.582793 107.473817 0.000000
vt -26.582793 106.193655 0.000000
vt -26.582793 104.913494 0.000000
vt -26.582793 103.633333 0.000000
vt -26.582793 102.353171 0.000000
vt -26.582793 101.073010 0.000000
vt -26.582793 99.792849 0.000000
vt -26.582793 98.512687 0.000000
vt -26.582793 97.227668 0.000000
vt -26.582793 95.947296 0.000000
vt -26.582793 94.666923 0.000000
vt -26.582793 93.386551 0.000000
vt -26.582793 92.106178 0.000000
vt -26.582793 90.825805 0.000000
vt -26.582793 89.545433 0.000000
vt -26.582793 88.265060 0.000000
vt -26.582793 86.984688 0.000000
vt -28.146487 126.676236 0.000000
vt -28.146487 125.396054 0.000000
vt -28.146487 124.115872 0.000000
vt -28.146487 122.835689 0.000000
vt -28.146487 121.555507 0.000000
vt -28.146487 120.275324 0.000000
vt -28.146487 118.995142 0.000000
vt -28.146487 117.714959 0.000000
vt -28.146487 116.434777 0.000000
vt -28.146487 115.154595 0.000000
vt -28.146487 113.874412 0.000000
vt -28.146487 112.594230 0.000000
vt -28.146487 111.314047 0.000000
vt -28.146487 110.033865 0.000000
vt -28.146487 108.753682 0.000000
vt -28.146487 107.473500 0.000000
vt -28.146487 106.193317 0.000000
vt -28.146487 104.913135 0.000000
vt -28.146487 103.632953 0.000000
vt -28.146487 102.352770 0.000000
vt -28.146487 101.072588 0.000000
vt -28.146487 99.792405 0.000000
vt -28.146487 98.512223 0.000000
vt -28.146487 97.227668 0.000000
vt -28.146487 95.947296 0.000000
vt -28.146487 94.666923 0.000000
vt -28.146487 93.386551 0.000000
vt -28.146487 92.106178 0.000000
vt -28.146487 90.825805 0.000000
vt -28.146487 89.545433 0.000000
vt -28.146487 88.265060 0.000000
vt -28.146487 86.984688 0.000000
vt -29.710181 126.676236 0.000000
vt -29.710181 125.396033 0.000000
vt -29.710181 124.115829 0.000000
vt -29.710181 122.835626 0.000000
vt -29.710181 121.555422 0.000000
vt -29.710181 120.275219 0.000000
vt -29.710181 118.995015 0.000000
vt -29.710181 117.714812 0.000000
vt -29.710181 116.434608 0.000000
vt -29.710181 115.154404 0.000000
vt -29.710181 113.874201 0.000000
vt -29.710181 112.593997 0.000000
vt -29.710181 111.313794 0.000000
vt -29.710181 110.033590 0.000000
vt -29.710181 108.753387 0.000000
vt -29.710181 107.473183 0.000000
vt -29.710181 106.192979 0.000000
vt -29.710181 104.912776 0.000000
vt -29.710181 103.632572 0.000000
vt -29.710181 102.352369 0.000000
vt -29.710181 101.072165 0.000000
vt -29.710181 99.791962 0.000000
vt -29.710181 98.511758 0.000000
vt -29.710181 97.227668 0.000000
vt -29.710181 95.947296 0.000000
vt -29.710181 94.666923 0.000000
vt -29.710181 93.386551 0.000000
vt -29.710181 92.106178 0.000000
vt -29.710181 90.825805 0.000000
vt -29.710181 89.545433 0.000000
vt -29.710181 88.265060 0.000000
vt -29.710181 86.984688 0.000000
vt -31.273875 126.676236 0.000000
vt -31.273875 125.396012 0.000000
vt -31.273875 124.115787 0.000000
vt -31.273875 122.835562 0.000000
vt -31.273875 121.555338 0.000000
vt -31.273875 120.275113 0.000000
vt -31.273875 118.994888 0.000000
vt -31.273875 117.714664 0.000000
vt -31.273875 116.434439 0.000000
vt -31.273875 115.154214 0.000000
vt -31.273875 113.873990 0.000000
vt -31.273875 112.593765 0.000000
vt -31.273875 111.313540 0.000000
vt -31.273875 110.033316 0.000000
vt -31.273875 108.753091 0.000000
vt -31.273875 107.472866 0.000000
vt -31.273875 106.192642 0.000000
vt -31.273875 104.912417 0.000000
vt -31.273875 103.632192 0.000000
vt -31.273875 102.351967 0.000000
vt -31.273875 101.071743 0.000000
vt -31.273875 99.791518 0.000000
vt -31.273875 98.511293 0.000000
vt -31.273875 97.227668 0.000000
vt -31.273875 95.947296 0.000000
vt -31.273875 94.666923 0.000000
vt -31.273875 93.386551 0.000000
vt -31.273875 92.106178 0.000000
vt -31.273875 90.825805 0.000000
vt -31.273875 89.545433 0.000000
vt -31.273875 88.265060 0.000000
vt -31.273875 86.984688 0.000000
vt -32.837568 126.676236 0.000000
vt -32.837568 125.395991 0.000000
vt -32.837568 124.115745 0.000000
vt -32.837568 122.835499 0.000000
vt -32.837568 121.555253 0.000000
vt -32.837568 120.275007 0.000000
vt -32.837568 118.994762 0.000000
vt -32.837568 117.714516 0.000000
vt -32.837568 116.434270 0.000000
vt -32.837568 115.154024 0.000000
vt -32.837568 113.873778 0.000000
vt -32.837568 112.593533 0.000000
vt -32.837568 111.313287 0.000000
vt -32.837568 110.033041 0.000000
vt -32.837568 108.752795 0.000000
vt -32.837568 107.472549 0.000000
vt -32.837568 106.192304 0.000000
vt -32.837568 104.912058 0.000000
vt -32.837568 103.631812 0.000000
vt -32.837568 102.351566 0.000000
vt -32.837568 101.071320 0.000000
vt -32.837568 99.791075 0.000000
vt -32.837568 98.510829 0.000000
vt -32.837568 97.227668 0.000000
vt -32.837568 95.947296 0.000000
vt -32.837568 94.666923 0.000000
vt -32.837568 93.386551 0.000000
vt -32.837568 92.106178 0.000000
vt -32.837568 90.825805 0.000000
vt -32.837568 89.545433 0.000000
vt -32.837568 88.265060 0.000000
vt -32.837568 86.984688 0.000000
vt -34.401262 126.676236 0.000000
vt -34.401262 125.395970 0.000000
vt -34.401262 124.115703 0.000000
vt -34.401262 122.835436 0.000000
vt -34.401262 121.555169 0.000000
vt -34.401262 120.274902 0.000000
vt -34.401262 118.994635 0.000000
vt -34.401262 117.714368 0.000000
vt -34.401262 116.434101 0.000000
vt -34.401262 115.153834 0.000000
vt -34.401262 113.873567 0.000000
vt -34.401262 112.593300 0.000000
vt -34.401262 111.313033 0.000000
vt -34.401262 110.032766 0.000000
vt -34.401262 108.752499 0.000000
vt -34.401262 107.472233 0.000000
vt -34.401262 106.191966 0.000000
vt -34.401262 104.911699 0.000000
vt -34.401262 103.631432 0.000000
vt -34.401262 102.351165 0.000000
vt -34.401262 101.070898 0.000000
vt -34.401262 99.790631 0.000000
vt -34.401262 98.510364 0.000000
vt -34.401262 97.227668 0.000000
vt -34.401262 95.947296 0.000000
vt -34.401262 94.666923 0.000000
vt -34.401262 93.386551 0.000000
vt -34.401262 92.106178 0.000000
vt -34.401262 90.825805 0.000000
vt -34.401262 89.545433 0.000000
vt -34.401262 88.265060 0.000000
vt -34.401262 86.984688 0.000000
vt -35.964956 126.676236 0.000000
vt -35.964956 125.395948 0.000000
vt -35.964956 124.115660 0.000000
vt -35.964956 122.835372 0.000000
vt -35.964956 121.555084 0.000000
vt -35.964956 120.274796 0.000000
vt -35.964956 118.994508 0.000000
vt -35.964956 117.714220 0.000000
vt -35.964956 116.433932 0.000000
vt -35.964956 115.153644 0.000000
vt -35.964956 113.873356 0.000000
vt -35.964956 112.593068 0.000000
vt -35.964956 111.312780 0.000000
vt -35.964956 110.032492 0.000000
vt -35.964956 108.752204 0.000000
vt -35.964956 107.471916 0.000000
vt -35.964956 106.191628 0.000000
vt -35.964956 104.911340 0.000000
vt -35.964956 103.631052 0.000000
vt -35.964956 102.350764 0.000000
vt -35.964956 101.070475 0.000000
vt -35.964956 99.790187 0.000000
vt -35.964956 98.509899 0.000000
vt -35.964956 97.227668 0.000000
vt -35.964956 95.947296 0.000000
vt -35.964956 94.666923 0.000000
vt -35.964956 93.386551 0.000000
vt -35.964956 92.106178 0.000000
vt -35.964956 90.825805 0.000000
vt -35.964956 89.545433 0.000000
vt -35.964956 88.265060 0.000000
vt -35.964956 86.984688 0.000000
vt -37.528650 126.676236 0.000000
vt -37.528650 125.395927 0.000000
vt -37.528650 124.115618 0.000000
vt -37.528650 122.835309 0.000000
vt -37.528650 121.555000 0.000000
vt -37.528650 120.274691 0.000000
vt -37.528650 118.994381 0.000000
vt -37.528650 117.714072 0.000000
vt -37.528650 116.433763 0.000000
vt -37.528650 115.153454 0.000000
vt -37.528650 113.873145 0.000000
vt -37.528650 112.592836 0.000000
vt -37.528650 111.312526 0.000000
vt -37.528650 110.032217 0.000000
vt -37.528650 108.751908 0.000000
vt -37.528650 107.471599 0.000000
vt -37.528650 106.191290 0.000000
vt -37.528650 104.910981 0.000000
vt -37.528650 103.630671 0.000000
vt -37.528650 102.350362 0.000000
vt -37.528650 101.070053 0.000000
vt -37.528650 99.789744 0.000000
vt -37.528650 98.509435 0.000000
vt -37.528650 97.227668 0.000000
vt -37.528650 95.947296 0.000000
vt -37.528650 94.666923 0.000000
vt -37.528650 93.386551 0.000000
vt -37.528650 92.106178 0.000000
vt -37.528650 90.825805 0.000000
vt -37.528650 89.545433 0.000000
vt -37.528650 88.265060 0.000000
vt -37.528650 86.984688 0.000000
vt -39.092343 126.676236 0.000000
vt -39.092343 125.395906 0.000000
vt -39.092343 124.115576 0.000000
vt -39.092343 122.835246 0.000000
vt -39.092343 121.554915 0.000000
vt -39.092343 120.274585 0.000000
vt -39.092343 118.994255 0.000000
vt -39.092343 117.713924 0.000000
vt -39.092343 116.433594 0.000000
vt -39.092343 115.153264 0.000000
vt -39.092343 113.872934 0.000000
vt -39.092343 112.592603 0.000000
vt -39.092343 111.312273 0.000000
vt -39.092343 110.031943 0.000000
vt -39.092343 108.751612 0.000000
vt -39.092343 107.471282 0.000000
vt -39.092343 106.190952 0.000000
vt -39.092343 104.910621 0.000000
vt -39.092343 103.630291 0.000000
vt -39.092343 102.349961 0.000000
vt -39.092343 101.069631 0.000000
vt -39.092343 99.789300 0.000000
vt -39.092343 98.508970 0.000000
vt -39.092343 97.227668 0.000000
vt -39.092343 95.947296 0.000000
vt -39.092343 94.666923 0.000000
vt -39.092343 93.386551 0.000000
vt -39.092343 92.106178 0.000000
vt -39.092343 90.825805 0.000000
vt -39.092343 89.545433 0.000000
vt -39.092343 88.265060 0.000000
vt -39.092343 86.984688 0.000000
vt -40.656037 126.676236 0.000000
vt -40.656037 125.395885 0.000000
vt -40.656037 124.115534 0.000000
vt -40.656037 122.835182 0.000000
vt -40.656037 121.554831 0.000000
vt -40.656037 120.274479 0.000000
vt -40.656037 118.994128 0.000000
vt -40.656037 117.713777 0.000000
vt -40.656037 116.433425 0.000000
vt -40.656037 115.153074 0.000000
vt -40.656037 113.872722 0.000000
vt -40.656037 112.592371 0.000000
vt -40.656037 111.312019 0.000000
vt -40.656037 110.031668 0.000000
vt -40.656037 108.751317 0.000000
vt -40.656037 107.470965 0.000000
vt -40.656037 106.190614 0.000000
vt -40.656037 104.910262 0.000000
vt -40.656037 103.629911 0.000000
vt -40.656037 102.349560 0.000000
vt -40.656037 101.069208 0.000000
vt -40.656037 99.788857 0.000000
vt -40.656037 98.508505 0.000000
vt -40.656037 97.227668 0.000000
vt -40.656037 95.947296 0.000000
vt -40.656037 94.666923 0.000000
vt -40.656037 93.386551 0.000000
vt -40.656037 92.106178 0.000000
vt -40.656037 90.825805 0.000000
vt -40.656037 89.545433 0.000000
vt -40.656037 88.265060 0.000000
vt -40.656037 86.984688 0.000000
vt -42.219731 126.676236 0.000000
vt -42.219731 124.328887 0.000000
vt -42.219731 121.981537 0.000000
vt -42.219731 119.634188 0.000000
vt -42.219731 117.286838 0.000000
vt -42.219731 114.939488 0.000000
vt -42.219731 112.592139 0.000000
vt -42.219731 110.244789 0.000000
vt -42.219731 107.897439 0.000000
vt -42.219731 105.550090 0.000000
vt -42.219731 103.202740 0.000000
vt -42.219731 100.855390 0.000000
vt -42.219731 98.508041 0.000000
vt -42.219731 96.160691 0.000000
vt -42.219731 93.813341 0.000000
vt -42.219731 91.465992 0.000000
vt -42.219731 89.118642 0.000000
vt -33.343625 -0.010000 0.000000
vt -0.000000 -0.010000 0.000000
vt -33.306320 1.576868 0.000000
vt -33.193536 3.160162 0.000000
vt -33.005529 4.736294 0.000000
vt -32.742726 6.301694 0.000000
vt -32.405722 7.852812 0.000000
vt -31.995280 9.386135 0.000000
vt -31.512331 10.898186 0.000000
vt -30.957969 12.385541 0.000000
vt -30.333450 13.844827 0.000000
vt -29.640191 15.272739 0.000000
vt -28.879761 16.666040 0.000000
vt -28.053884 18.021572 0.000000
vt -27.164432 19.336264 0.000000
vt -26.213420 20.607137 0.000000
vt -25.203003 21.831309 0.000000
vt -24.135472 23.006008 0.000000
vt -23.013246 24.128572 0.000000
vt -21.838867 25.196455 0.000000
vt -20.614997 26.207238 0.000000
vt -19.344410 27.158631 0.000000
vt -18.029985 28.048478 0.000000
vt -16.674700 28.874761 0.000000
vt -15.281628 29.635609 0.000000
vt -13.853924 30.329297 0.000000
vt -12.394825 30.954253 0.000000
vt -10.907637 31.509061 0.000000
vt -9.395730 31.992463 0.000000
vt -7.862530 32.403365 0.000000
vt -6.311513 32.740835 0.000000
vt -4.746193 33.004107 0.000000
vt -3.170117 33.192587 0.000000
vt -1.586856 33.305845 0.000000
vt -0.000000 33.343627 0.000000
vt 0.010000 36.671709 0.000000
vt -9.999995 28.480475 0.000000
vt 0.010000 -3.328291 0.000000
vt -11.480168 27.976712 0.000000
vt -12.935098 27.404114 0.000000
vt -8.499994 36.671709 0.000000
vt -9.999995 35.171709 0.000000
vt -8.792616 36.642889 0.000000
vt -9.073967 36.557550 0.000000
vt -9.333315 36.418936 0.000000
vt -9.560576 36.232448 0.000000
vt -9.747175 36.005100 0.000000
vt -9.885793 35.745787 0.000000
vt -9.971169 35.464359 0.000000
vt -14.361586 26.763939 0.000000
vt -15.756494 26.057596 0.000000
vt -17.116756 25.286637 0.000000
vt -18.439381 24.452758 0.000000
vt -19.721460 23.557793 0.000000
vt -20.960174 22.603708 0.000000
vt -22.152799 21.592603 0.000000
vt -23.296714 20.526700 0.000000
vt -24.389402 19.408343 0.000000
vt -25.428462 18.239991 0.000000
vt -26.411608 17.024214 0.000000
vt -27.336678 15.763684 0.000000
vt -28.201638 14.461174 0.000000
vt -29.004587 13.119547 0.000000
vt -29.743759 11.741753 0.000000
vt -30.417529 10.330823 0.000000
vt -31.024414 8.889858 0.000000
vt -31.563082 7.422027 0.000000
vt -32.032346 5.930558 0.000000
vt -32.431175 4.418729 0.000000
vt -32.758693 2.889866 0.000000
vt -33.014179 1.347330 0.000000
vt -33.197071 -0.205487 0.000000
vt -33.306968 -1.765170 0.000000
vt -33.343627 -3.328291 0.000000
vt -0.000000 14.107023 0.000000
vt 0.000000 15.017841 0.000000
vt -0.138845 14.548534 0.000000
vt -0.277703 15.017841 0.000000
vt -0.277690 14.548534 0.000000
vt -0.416535 14.548534 0.000000
vt -0.277690 14.079226 0.000000
vt -0.416535 14.079226 0.000000
vt -0.277690 13.609919 0.000000
vt -0.416535 13.609919 0.000000
vt -0.277690 13.140611 0.000000
vt -0.416535 13.140611 0.000000
vt -0.277690 12.671304 0.000000
vt -0.416535 12.671304 0.000000
vt -0.277690 12.201996 0.000000
vt -0.416535 12.201996 0.000000
vt -0.277690 11.732689 0.000000
vt -0.416535 11.732689 0.000000
vt -0.277690 11.263381 0.000000
vt -0.416535 11.263381 0.000000
vt -0.277690 10.559420 0.000000
vt -0.416535 10.559420 0.000000
vt -0.277690 9.855458 0.000000
vt -0.416535 9.855458 0.000000
vt -0.277690 9.151497 0.000000
vt -0.416535 9.151497 0.000000
vt -0.277690 8.447536 0.000000
vt -0.416535 8.447536 0.000000
vt -0.277690 7.743574 0.000000
vt -0.416535 7.743574 0.000000
vt -0.277690 7.039613 0.000000
vt -0.416535 7.039613 0.000000
vt -0.277690 6.335652 0.000000
vt -0.416535 6.335652 0.000000
vt -0.277690 5.631691 0.000000
vt -0.416535 5.631691 0.000000
vt -0.277690 4.927729 0.000000
vt -0.416535 4.927729 0.000000
vt -0.277690 4.223768 0.000000
vt -0.416535 4.223768 0.000000
vt -0.277690 3.519807 0.000000
vt -0.416535 3.519807 0.000000
vt -0.277690 2.815845 0.000000
vt -0.416535 2.815845 0.000000
vt -0.277690 2.111884 0.000000
vt -0.416535 2.111884 0.000000
vt -0.277690 1.407923 0.000000
vt -0.416535 1.407923 0.000000
vt -0.277690 0.703961 0.000000
vt -0.416535 0.703961 0.000000
vt -0.277690 0.000000 0.000000
vt -0.555379 0.000000 0.000000
vt -0.555379 0.703961 0.000000
vt -0.694224 0.703961 0.000000
vt -0.694224 1.407923 0.000000
vt -0.833069 1.407923 0.000000
vt -0.833069 2.111884 0.000000
vt -0.971914 2.111884 0.000000
vt -0.971914 2.815845 0.000000
vt -1.110759 2.815845 0.000000
vt -1.110759 3.519807 0.000000
vt -1.249604 3.519807 0.000000
vt -1.249604 4.223768 0.000000
vt -1.388449 4.223768 0.000000
vt -1.388449 4.927729 0.000000
vt -1.527293 4.927729 0.000000
vt -1.527293 5.631691 0.000000
vt -1.666138 5.631691 0.000000
vt -1.666138 6.335652 0.000000
vt -1.804983 6.335652 0.000000
vt -1.804983 7.039613 0.000000
vt -1.943828 7.039613 0.000000
vt -1.943828 7.743574 0.000000
vt -2.082673 7.743574 0.000000
vt -2.082673 8.447536 0.000000
vt -2.221518 7.927754 0.000000
vt -2.221518 8.767213 0.000000
vt -2.082673 9.151497 0.000000
vt -2.221518 9.612076 0.000000
vt -2.082673 9.855458 0.000000
vt -2.221518 10.466052 0.000000
vt -2.082673 10.559420 0.000000
vt -2.221518 11.333006 0.000000
vt -2.082673 11.263381 0.000000
vt -2.082673 11.732689 0.000000
vt -1.943828 11.263381 0.000000
vt -1.943828 11.732689 0.000000
vt -1.804983 11.263381 0.000000
vt -1.804983 11.732689 0.000000
vt -1.666138 11.263381 0.000000
vt -1.666138 11.732689 0.000000
vt -1.527293 11.263381 0.000000
vt -1.527293 11.732689 0.000000
vt -1.388449 11.263381 0.000000
vt -1.388449 11.732689 0.000000
vt -1.249604 11.263381 0.000000
vt -1.249604 11.732689 0.000000
vt -1.110759 11.263381 0.000000
vt -1.110759 11.732689 0.000000
vt -0.971914 11.263381 0.000000
vt -0.971914 11.732689 0.000000
vt -0.833069 11.263381 0.000000
vt -0.833069 11.732689 0.000000
vt -0.694224 11.263381 0.000000
vt -0.694224 11.732689 0.000000
vt -0.555379 11.263381 0.000000
vt -0.555379 11.732689 0.000000
vt -0.555436 15.017841 0.000000
vt -0.555379 14.548534 0.000000
vt -0.555379 14.079226 0.000000
vt -0.555379 13.609919 0.000000
vt -0.555379 13.140611 0.000000
vt -0.555379 12.671304 0.000000
vt -0.555379 12.201996 0.000000
vt -0.694224 14.548534 0.000000
vt -0.833109 15.017841 0.000000
vt -0.833069 14.548534 0.000000
vt -0.971914 14.548534 0.000000
vt -0.833069 14.079226 0.000000
vt -0.971914 14.079226 0.000000
vt -0.833069 13.609919 0.000000
vt -0.971914 13.609919 0.000000
vt -0.833069 13.140611 0.000000
vt -0.971914 13.140611 0.000000
vt -0.833069 12.671304 0.000000
vt -0.971914 12.671304 0.000000
vt -0.833069 12.201996 0.000000
vt -0.971914 12.201996 0.000000
vt -1.110870 15.017841 0.000000
vt -1.110759 14.548534 0.000000
vt -1.110759 14.079226 0.000000
vt -1.110759 13.609919 0.000000
vt -1.110759 13.140611 0.000000
vt -1.110759 12.671304 0.000000
vt -1.110759 12.201996 0.000000
vt -1.249604 14.548534 0.000000
vt -1.388487 15.017841 0.000000
vt -1.388449 14.548534 0.000000
vt -1.527293 14.548534 0.000000
vt -1.388449 14.079226 0.000000
vt -1.527293 14.079226 0.000000
vt -1.388449 13.609919 0.000000
vt -1.527293 13.609919 0.000000
vt -1.388449 13.140611 0.000000
vt -1.527293 13.140611 0.000000
vt -1.388449 12.671304 0.000000
vt -1.527293 12.671304 0.000000
vt -1.388449 12.201996 0.000000
vt -1.527293 12.201996 0.000000
vt -1.666195 15.017841 0.000000
vt -1.666138 14.548534 0.000000
vt -1.666138 14.079226 0.000000
vt -1.666138 13.609919 0.000000
vt -1.666138 13.140611 0.000000
vt -1.666138 12.671304 0.000000
vt -1.666138 12.201996 0.000000
vt -1.804983 14.548534 0.000000
vt -1.943841 15.017841 0.000000
vt -1.943828 14.548534 0.000000
vt -2.082673 14.548534 0.000000
vt -1.943828 14.079226 0.000000
vt -2.082673 14.079226 0.000000
vt -1.943828 13.609919 0.000000
vt -2.082673 13.609919 0.000000
vt -1.943828 13.140611 0.000000
vt -2.082673 13.140611 0.000000
vt -1.943828 12.671304 0.000000
vt -2.082673 12.671304 0.000000
vt -1.943828 12.201996 0.000000
vt -2.082673 12.201996 0.000000
vt -2.221518 15.017841 0.000000
vt -2.221518 14.054380 0.000000
vt -2.221518 13.122556 0.000000
vt -2.221518 12.217038 0.000000
vt -2.221518 7.090087 0.000000
vt -2.082673 7.039613 0.000000
vt -1.943828 6.335652 0.000000
vt -1.804983 5.631691 0.000000
vt -1.666138 4.927729 0.000000
vt -1.527293 4.223768 0.000000
vt -1.388449 3.519807 0.000000
vt -1.249604 2.815845 0.000000
vt -1.110759 2.111884 0.000000
vt -0.971914 1.407923 0.000000
vt -0.833069 0.703961 0.000000
vt -0.833069 0.000000 0.000000
vt -2.082673 6.335652 0.000000
vt -2.221518 6.250629 0.000000
vt -2.082673 5.631691 0.000000
vt -2.221518 5.405765 0.000000
vt -2.082673 4.927729 0.000000
vt -2.221518 4.551789 0.000000
vt -2.082673 4.223768 0.000000
vt -2.221518 3.684835 0.000000
vt -2.082673 3.519807 0.000000
vt -2.221518 2.800804 0.000000
vt -2.082673 2.815845 0.000000
vt -2.082673 2.111884 0.000000
vt -1.943828 2.111884 0.000000
vt -1.943828 1.407923 0.000000
vt -1.804983 1.407923 0.000000
vt -1.804983 0.703961 0.000000
vt -1.666138 0.703961 0.000000
vt -1.666138 0.000000 0.000000
vt -1.527293 0.703961 0.000000
vt -1.388449 0.000000 0.000000
vt -1.388449 0.703961 0.000000
vt -1.249604 0.703961 0.000000
vt -1.388449 1.407923 0.000000
vt -1.249604 1.407923 0.000000
vt -1.388449 2.111884 0.000000
vt -1.249604 2.111884 0.000000
vt -1.388449 2.815845 0.000000
vt -2.221518 1.895285 0.000000
vt -2.082673 1.407923 0.000000
vt -1.943828 0.703961 0.000000
vt -1.943828 0.000000 0.000000
vt -2.221518 0.963462 0.000000
vt -2.082673 0.703961 0.000000
vt -2.221518 0.000000 0.000000
vt -1.110759 0.000000 0.000000
vt -1.110759 0.703961 0.000000
vt -1.110759 1.407923 0.000000
vt -0.971914 0.703961 0.000000
vt -0.138845 0.703961 0.000000
vt 0.000000 0.000000 0.000000
vt -0.000000 0.910818 0.000000
vt -0.138845 1.407923 0.000000
vt 0.000000 1.793141 0.000000
vt -0.138845 2.111884 0.000000
vt 0.000000 2.651501 0.000000
vt -0.138845 2.815845 0.000000
vt 0.000000 3.490009 0.000000
vt -0.138845 3.519807 0.000000
vt -0.138845 4.223768 0.000000
vt 0.000000 4.312441 0.000000
vt -0.138845 4.927729 0.000000
vt 0.000000 5.122306 0.000000
vt -0.138845 5.631691 0.000000
vt 0.000000 5.922914 0.000000
vt -0.138845 6.335652 0.000000
vt 0.000000 6.717429 0.000000
vt -0.138845 7.039613 0.000000
vt 0.000000 7.508921 0.000000
vt -0.138845 7.743574 0.000000
vt 0.000000 8.300412 0.000000
vt -0.138845 8.447536 0.000000
vt 0.000000 9.094927 0.000000
vt -0.138845 9.151497 0.000000
vt 0.000000 9.895535 0.000000
vt -0.138845 9.855458 0.000000
vt -0.138845 10.559420 0.000000
vt 0.000000 10.705401 0.000000
vt -0.138845 11.263381 0.000000
vt 0.000000 11.527832 0.000000
vt -0.138845 11.732689 0.000000
vt 0.000000 12.366341 0.000000
vt -0.138845 12.201996 0.000000
vt -0.138845 12.671304 0.000000
vt 0.000000 13.224701 0.000000
vt -0.138845 13.140611 0.000000
vt -0.138845 13.609919 0.000000
vt -0.138845 14.079226 0.000000
vt -1.804983 14.079226 0.000000
vt -1.804983 13.609919 0.000000
vt -1.804983 13.140611 0.000000
vt -1.804983 12.671304 0.000000
vt -1.804983 12.201996 0.000000
vt -1.249604 14.079226 0.000000
vt -1.249604 13.609919 0.000000
vt -1.249604 13.140611 0.000000
vt -1.249604 12.671304 0.000000
vt -1.249604 12.201996 0.000000
vt -0.694224 14.079226 0.000000
vt -0.694224 13.609919 0.000000
vt -0.694224 13.140611 0.000000
vt -0.694224 12.671304 0.000000
vt -0.694224 12.201996 0.000000
vt -1.943828 10.559420 0.000000
vt -1.943828 9.855458 0.000000
vt -1.943828 9.151497 0.000000
vt -1.943828 8.447536 0.000000
vt -1.804983 10.559420 0.000000
vt -1.804983 9.855458 0.000000
vt -1.804983 9.151497 0.000000
vt -1.804983 8.447536 0.000000
vt -1.804983 7.743574 0.000000
vt -1.666138 10.559420 0.000000
vt -1.666138 9.855458 0.000000
vt -1.666138 9.151497 0.000000
vt -1.666138 8.447536 0.000000
vt -1.666138 7.743574 0.000000
vt -1.666138 7.039613 0.000000
vt -1.527293 10.559420 0.000000
vt -1.527293 9.855458 0.000000
vt -1.527293 9.151497 0.000000
vt -1.527293 8.447536 0.000000
vt -1.527293 7.743574 0.000000
vt -1.527293 7.039613 0.000000
vt -1.527293 6.335652 0.000000
vt -1.388449 10.559420 0.000000
vt -1.388449 9.855458 0.000000
vt -1.388449 9.151497 0.000000
vt -1.388449 8.447536 0.000000
vt -1.388449 7.743574 0.000000
vt -1.388449 7.039613 0.000000
vt -1.388449 6.335652 0.000000
vt -1.388449 5.631691 0.000000
vt -1.249604 10.559420 0.000000
vt -1.249604 9.855458 0.000000
vt -1.249604 9.151497 0.000000
vt -1.249604 8.447536 0.000000
vt -1.249604 7.743574 0.000000
vt -1.249604 7.039613 0.000000
vt -1.249604 6.335652 0.000000
vt -1.249604 5.631691 0.000000
vt -1.249604 4.927729 0.000000
vt -1.110759 10.559420 0.000000
vt -1.110759 9.855458 0.000000
vt -1.110759 9.151497 0.000000
vt -1.110759 8.447536 0.000000
vt -1.110759 7.743574 0.000000
vt -1.110759 7.039613 0.000000
vt -1.110759 6.335652 0.000000
vt -1.110759 5.631691 0.000000
vt -1.110759 4.927729 0.000000
vt -1.110759 4.223768 0.000000
vt -0.971914 10.559420 0.000000
vt -0.971914 9.855458 0.000000
vt -0.971914 9.151497 0.000000
vt -0.971914 8.447536 0.000000
vt -0.971914 7.743574 0.000000
vt -0.971914 7.039613 0.000000
vt -0.971914 6.335652 0.000000
vt -0.971914 5.631691 0.000000
vt -0.971914 4.927729 0.000000
vt -0.971914 4.223768 0.000000
vt -0.971914 3.519807 0.000000
vt -0.833069 10.559420 0.000000
vt -0.833069 9.855458 0.000000
vt -0.833069 9.151497 0.000000
vt -0.833069 8.447536 0.000000
vt -0.833069 7.743574 0.000000
vt -0.833069 7.039613 0.000000
vt -0.833069 6.335652 0.000000
vt -0.833069 5.631691 0.000000
vt -0.833069 4.927729 0.000000
vt -0.833069 4.223768 0.000000
vt -0.833069 3.519807 0.000000
vt -0.833069 2.815845 0.000000
vt -0.694224 10.559420 0.000000
vt -0.694224 9.855458 0.000000
vt -0.694224 9.151497 0.000000
vt -0.694224 8.447536 0.000000
vt -0.694224 7.743574 0.000000
vt -0.694224 7.039613 0.000000
vt -0.694224 6.335652 0.000000
vt -0.694224 5.631691 0.000000
vt -0.694224 4.927729 0.000000
vt -0.694224 4.223768 0.000000
vt -0.694224 3.519807 0.000000
vt -0.694224 2.815845 0.000000
vt -0.694224 2.111884 0.000000
vt -0.555379 10.559420 0.000000
vt -0.555379 9.855458 0.000000
vt -0.555379 9.151497 0.000000
vt -0.555379 8.447536 0.000000
vt -0.555379 7.743574 0.000000
vt -0.555379 7.039613 0.000000
vt -0.555379 6.335652 0.000000
vt -0.555379 5.631691 0.000000
vt -0.555379 4.927729 0.000000
vt -0.555379 4.223768 0.000000
vt -0.555379 3.519807 0.000000
vt -0.555379 2.815845 0.000000
vt -0.555379 2.111884 0.000000
vt -0.555379 1.407923 0.000000
vt -1.943828 5.631691 0.000000
vt -1.804983 4.927729 0.000000
vt -1.666138 4.223768 0.000000
vt -1.527293 3.519807 0.000000
vt -1.943828 4.927729 0.000000
vt -1.943828 4.223768 0.000000
vt -1.943828 3.519807 0.000000
vt -1.943828 2.815845 0.000000
vt -1.804983 4.223768 0.000000
vt -1.666138 3.519807 0.000000
vt -1.527293 2.815845 0.000000
vt -1.804983 3.519807 0.000000
vt -1.804983 2.815845 0.000000
vt -1.804983 2.111884 0.000000
vt -1.666138 2.815845 0.000000
vt -1.527293 2.111884 0.000000
vt -1.666138 2.111884 0.000000
vt -1.666138 1.407923 0.000000
vt -1.527293 1.407923 0.000000
vt 8.499988 -0.010000 0.000000
vt 8.499992 -0.006667 0.000000
vt 0.000000 -0.010000 0.000000
vt 8.499993 -0.003333 0.000000
vt 8.499994 0.000000 0.000000
vt 8.463735 0.784281 0.000000
vt 8.355266 1.561870 0.000000
vt 8.175512 2.326134 0.000000
vt 7.926008 3.070552 0.000000
vt 7.608883 3.788773 0.000000
vt 7.226841 4.474670 0.000000
vt 6.783142 5.122391 0.000000
vt 6.281571 5.726409 0.000000
vt 5.726409 6.281571 0.000000
vt 5.122391 6.783142 0.000000
vt 4.474670 7.226841 0.000000
vt 3.788773 7.608883 0.000000
vt 3.070552 7.926008 0.000000
vt 2.326134 8.175512 0.000000
vt 1.561870 8.355266 0.000000
vt 0.784281 8.463735 0.000000
vt 0.000000 8.499994 0.000000
vt -2.221518 60.060118 0.000000
vt -1.943815 60.060118 0.000000
vt -2.221518 60.063038 0.000000
vt -2.221518 60.067202 0.000000
vt -1.943828 60.071366 0.000000
vt -2.221518 60.071366 0.000000
vt -1.666138 60.071366 0.000000
vt -1.666082 60.060118 0.000000
vt -1.388449 60.071366 0.000000
vt -1.388409 60.060118 0.000000
vt -1.110648 60.060261 0.000000
vt -1.110759 60.071366 0.000000
vt -0.833031 60.060473 0.000000
vt -0.833069 60.071366 0.000000
vt -0.555322 60.060626 0.000000
vt -0.555379 60.071366 0.000000
vt -0.277677 60.060718 0.000000
vt -0.277690 60.071366 0.000000
vt 0.000000 60.067826 0.000000
vt 0.000000 60.071366 0.000000
vt 0.000000 60.060749 0.000000
vt 0.000000 60.064287 0.000000
vn -0.100000 0.000000 0.000000
vn -0.100000 0.000000 0.000000
vn -0.100000 0.000000 0.000000
vn -0.100000 0.000000 0.000000
vn -0.100000 0.000000 0.000000
vn -0.100000 0.000000 0.000000
vn -0.100000 0.000000 0.000000
vn -0.100000 0.000000 0.000000
vn -0.100000 0.000000 0.000000
vn -0.100000 0.000000 0.000000
vn -0.100000 0.000000 0.000000
vn -0.100000 0.000000 0.000000
vn -0.100000 0.000000 0.000000
vn -0.100000 0.000000 0.000000
vn -0.100000 0.000000 0.000000
vn -0.100000 0.000000 0.000000
vn -0.100000 0.000000 0.000000
vn -0.100000 0.000000 0.000000
vn -0.100000 0.000000 0.000000
vn -0.100000 0.000000 0.000000
vn -0.100000 0.000000 0.000000
vn -0.100000 0.000000 0.000000
vn -0.100000 0.000000 0.000000
vn -0.100000 0.000000 0.000000
vn -0.100000 0.000000 0.000000
vn -0.100000 0.000000 0.000000
vn -0.100000 0.000000 0.000000
vn -0.100000 0.000000 0.000000
vn -0.100000 0.000000 0.000000
vn -0.100000 0.000000 0.000000
vn -0.100000 0.000000 0.000000
vn -0.100000 0.000000 0.000000
vn -0.100000 0.000000 0.000000
vn -0.100000 0.000000 0.000000
vn -0.100000 0.000000 0.000000
vn -0.100000 0.000000 0.000000
vn -0.100000 0.000000 0.000000
vn -0.100000 0.000000 0.000000
vn -0.100000 0.000000 0.000000
vn -0.000100 0.000000 0.100000
vn -0.000100 0.000000 0.100000
vn -0.000067 0.000000 0.100000
vn -0.000033 0.000000 0.100000
vn -0.000000 0.000000 0.100000
vn 0.008621 0.000000 0.099628
vn 0.008716 0.000000 0.099619
vn 0.017277 0.000000 0.098496
vn 0.017365 0.000000 0.098481
vn 0.025801 0.000000 0.096614
vn 0.025882 0.000000 0.096593
vn 0.034129 0.000000 0.093996
vn 0.034202 0.000000 0.093969
vn 0.042196 0.000000 0.090661
vn 0.042262 0.000000 0.090631
vn 0.049942 0.000000 0.086636
vn 0.050000 0.000000 0.086603
vn 0.057308 0.000000 0.081950
vn 0.057358 0.000000 0.081915
vn 0.064236 0.000000 0.076640
vn 0.064279 0.000000 0.076604
vn 0.070675 0.000000 0.070746
vn 0.070711 0.000000 0.070711
vn 0.076576 0.000000 0.064313
vn 0.076604 0.000000 0.064279
vn 0.081893 0.000000 0.057389
vn 0.081915 0.000000 0.057358
vn 0.086586 0.000000 0.050029
vn 0.086603 0.000000 0.050000
vn 0.090619 0.000000 0.042287
vn 0.090631 0.000000 0.042262
vn 0.093962 0.000000 0.034223
vn 0.093969 0.000000 0.034202
vn 0.096588 0.000000 0.025898
vn 0.096593 0.000000 0.025882
vn 0.098479 0.000000 0.017376
vn 0.098481 0.000000 0.017365
vn 0.099619 0.000000 0.008721
vn 0.099619 0.000000 0.008716
vn 0.100000 0.000000 0.000000
vn 0.100000 0.000000 0.000000
vn 0.002586 0.095397 0.029879
vn -0.000030 0.095397 0.029991
vn 0.001605 0.093886 0.034392
vn -0.000030 0.093886 0.034430
vn -0.000030 0.092169 0.038793
vn 0.001808 0.092169 0.038751
vn -0.000030 0.090249 0.043071
vn 0.002008 0.090249 0.043025
vn -0.000030 0.088130 0.047255
vn 0.002203 0.088130 0.047204
vn -0.000030 0.085818 0.051334
vn 0.002393 0.085818 0.051279
vn -0.000030 0.083317 0.055301
vn 0.002578 0.083317 0.055241
vn -0.000030 0.080633 0.059146
vn 0.002757 0.080633 0.059082
vn -0.000030 0.077772 0.062861
vn 0.002930 0.077772 0.062793
vn -0.000030 0.074740 0.066438
vn 0.003097 0.074740 0.066366
vn -0.000030 0.071543 0.069869
vn 0.003257 0.071543 0.069793
vn -0.000030 0.068189 0.073146
vn 0.003410 0.068189 0.073066
vn -0.000030 0.064685 0.076262
vn 0.003555 0.064685 0.076179
vn -0.000030 0.061039 0.079210
vn 0.003692 0.061039 0.079124
vn -0.000030 0.057258 0.081985
vn 0.003822 0.057258 0.081896
vn -0.000030 0.053352 0.084579
vn 0.003942 0.053352 0.084487
vn -0.000030 0.049328 0.086987
vn 0.004055 0.049328 0.086892
vn -0.000030 0.045196 0.089204
vn 0.004158 0.045196 0.089107
vn -0.000030 0.040965 0.091224
vn 0.004252 0.040965 0.091125
vn -0.000030 0.036643 0.093045
vn 0.004337 0.036643 0.092943
vn -0.000030 0.032241 0.094660
vn 0.004412 0.032241 0.094557
vn -0.000030 0.027768 0.096067
vn 0.004478 0.027768 0.095963
vn -0.000030 0.023234 0.097263
vn 0.004534 0.023234 0.097158
vn -0.000030 0.018649 0.098246
vn 0.004580 0.018649 0.098139
vn -0.000030 0.014023 0.099012
vn 0.004615 0.014023 0.098904
vn -0.000030 0.009366 0.099560
vn 0.004641 0.009366 0.099452
vn -0.000030 0.004688 0.099890
vn 0.004656 0.004688 0.099781
vn -0.000030 0.000000 0.100000
vn 0.004729 0.000000 0.099888
vn 0.009402 0.004688 0.099447
vn 0.009478 0.000000 0.099550
vn 0.014126 0.004688 0.098886
vn 0.014204 0.000000 0.098986
vn 0.018818 0.004688 0.098101
vn 0.018899 0.000000 0.098198
vn 0.023468 0.004688 0.097094
vn 0.023551 0.000000 0.097187
vn 0.028064 0.004688 0.095867
vn 0.028150 0.000000 0.095956
vn 0.032596 0.004688 0.094422
vn 0.032684 0.000000 0.094508
vn 0.037055 0.004688 0.092763
vn 0.037145 0.000000 0.092845
vn 0.041430 0.004688 0.090893
vn 0.041522 0.000000 0.090972
vn 0.045710 0.004688 0.088818
vn 0.045804 0.000000 0.088893
vn 0.049926 0.004688 0.086518
vn 0.049983 0.000000 0.086613
vn 0.053987 0.004688 0.084044
vn 0.054048 0.000000 0.084136
vn 0.057926 0.004688 0.081379
vn 0.057991 0.000000 0.081468
vn 0.061733 0.004688 0.078530
vn 0.061802 0.000000 0.078616
vn 0.065401 0.004688 0.075503
vn 0.065474 0.000000 0.075586
vn 0.068920 0.004688 0.072305
vn 0.068997 0.000000 0.072384
vn 0.072283 0.004688 0.068943
vn 0.072363 0.000000 0.069018
vn 0.075482 0.004688 0.065425
vn 0.075566 0.000000 0.065496
vn 0.078510 0.004688 0.061759
vn 0.078597 0.000000 0.061826
vn 0.081361 0.004688 0.057952
vn 0.081451 0.000000 0.058015
vn 0.084026 0.004688 0.054015
vn 0.084119 0.000000 0.054073
vn 0.086502 0.004688 0.049954
vn 0.086598 0.000000 0.050009
vn 0.088781 0.004688 0.045781
vn 0.088879 0.000000 0.045831
vn 0.090860 0.004688 0.041504
vn 0.090960 0.000000 0.041549
vn 0.092732 0.004688 0.037133
vn 0.092834 0.000000 0.037173
vn 0.094394 0.004688 0.032677
vn 0.094498 0.000000 0.032713
vn 0.095842 0.004688 0.028148
vn 0.095948 0.000000 0.028178
vn 0.097073 0.004688 0.023555
vn 0.097180 0.000000 0.023580
vn 0.098084 0.004688 0.018908
vn 0.098192 0.000000 0.018929
vn 0.098873 0.004688 0.014219
vn 0.098982 0.000000 0.014234
vn 0.099438 0.004688 0.009497
vn 0.099547 0.000000 0.009507
vn 0.099777 0.004688 0.004754
vn 0.099887 0.000000 0.004759
vn 0.099890 0.004688 0.000000
vn 0.100000 0.000000 0.000000
vn 0.099560 0.009366 0.000000
vn 0.099448 0.009366 0.004738
vn 0.099109 0.009366 0.009466
vn 0.098547 0.009366 0.014172
vn 0.097760 0.009366 0.018846
vn 0.096753 0.009366 0.023477
vn 0.095526 0.009366 0.028056
vn 0.094082 0.009366 0.032570
vn 0.092426 0.009366 0.037011
vn 0.090559 0.009366 0.041368
vn 0.088488 0.009366 0.045631
vn 0.086216 0.009366 0.049790
vn 0.083749 0.009366 0.053837
vn 0.081092 0.009366 0.057762
vn 0.078251 0.009366 0.061556
vn 0.075232 0.009366 0.065210
vn 0.072044 0.009366 0.068717
vn 0.068692 0.009366 0.072068
vn 0.065184 0.009366 0.075255
vn 0.061528 0.009366 0.078272
vn 0.057733 0.009366 0.081112
vn 0.053808 0.009366 0.083768
vn 0.049760 0.009366 0.086234
vn 0.045560 0.009366 0.088525
vn 0.041293 0.009366 0.090593
vn 0.036933 0.009366 0.092457
vn 0.032489 0.009366 0.094110
vn 0.027971 0.009366 0.095550
vn 0.023390 0.009366 0.096774
vn 0.018756 0.009366 0.097778
vn 0.014079 0.009366 0.098560
vn 0.009371 0.009366 0.099118
vn 0.099012 0.014023 0.000000
vn 0.098900 0.014023 0.004712
vn 0.098563 0.014023 0.009414
vn 0.098004 0.014023 0.014094
vn 0.097222 0.014023 0.018743
vn 0.096220 0.014023 0.023348
vn 0.094999 0.014023 0.027901
vn 0.093564 0.014023 0.032391
vn 0.091916 0.014023 0.036807
vn 0.090060 0.014023 0.041140
vn 0.088000 0.014023 0.045380
vn 0.085741 0.014023 0.049517
vn 0.083287 0.014023 0.053541
vn 0.080644 0.014023 0.057445
vn 0.077819 0.014023 0.061218
vn 0.074817 0.014023 0.064852
vn 0.071646 0.014023 0.068339
vn 0.068312 0.014023 0.071672
vn 0.064824 0.014023 0.074842
vn 0.061188 0.014023 0.077842
vn 0.057414 0.014023 0.080666
vn 0.053510 0.014023 0.083307
vn 0.049484 0.014023 0.085759
vn 0.045309 0.014023 0.088037
vn 0.041066 0.014023 0.090094
vn 0.036729 0.014023 0.091947
vn 0.032310 0.014023 0.093592
vn 0.027817 0.014023 0.095024
vn 0.023261 0.014023 0.096241
vn 0.018653 0.014023 0.097239
vn 0.014002 0.014023 0.098017
vn 0.009319 0.014023 0.098572
vn 0.098246 0.018649 0.000000
vn 0.098134 0.018649 0.004676
vn 0.097801 0.018649 0.009341
vn 0.097245 0.018649 0.013985
vn 0.096469 0.018649 0.018598
vn 0.095475 0.018649 0.023168
vn 0.094264 0.018649 0.027686
vn 0.092840 0.018649 0.032141
vn 0.091205 0.018649 0.036523
vn 0.089363 0.018649 0.040823
vn 0.087319 0.018649 0.045029
vn 0.085077 0.018649 0.049134
vn 0.082642 0.018649 0.053128
vn 0.080020 0.018649 0.057001
vn 0.077216 0.018649 0.060745
vn 0.074237 0.018649 0.064351
vn 0.071091 0.018649 0.067811
vn 0.067783 0.018649 0.071118
vn 0.064321 0.018649 0.074263
vn 0.060714 0.018649 0.077240
vn 0.056969 0.018649 0.080043
vn 0.053094 0.018649 0.082663
vn 0.049100 0.018649 0.085097
vn 0.044958 0.018649 0.087356
vn 0.040748 0.018649 0.089397
vn 0.036445 0.018649 0.091236
vn 0.032060 0.018649 0.092868
vn 0.027602 0.018649 0.094289
vn 0.023081 0.018649 0.095496
vn 0.018508 0.018649 0.096487
vn 0.013893 0.018649 0.097258
vn 0.009247 0.018649 0.097810
vn 0.097263 0.023234 0.000000
vn 0.097153 0.023234 0.004629
vn 0.096823 0.023234 0.009248
vn 0.096273 0.023234 0.013846
vn 0.095505 0.023234 0.018412
vn 0.094520 0.023234 0.022937
vn 0.093321 0.023234 0.027410
vn 0.091911 0.023234 0.031820
vn 0.090293 0.023234 0.036159
vn 0.088469 0.023234 0.040415
vn 0.086445 0.023234 0.044580
vn 0.084226 0.023234 0.048644
vn 0.081815 0.023234 0.052597
vn 0.079219 0.023234 0.056432
vn 0.076443 0.023234 0.060138
vn 0.073494 0.023234 0.063708
vn 0.070379 0.023234 0.067134
vn 0.067104 0.023234 0.070408
vn 0.063677 0.023234 0.073522
vn 0.060105 0.023234 0.076469
vn 0.056398 0.023234 0.079243
vn 0.052562 0.023234 0.081838
vn 0.048608 0.023234 0.084247
vn 0.044508 0.023234 0.086482
vn 0.040340 0.023234 0.088503
vn 0.036081 0.023234 0.090324
vn 0.031739 0.023234 0.091939
vn 0.027326 0.023234 0.093346
vn 0.022851 0.023234 0.094541
vn 0.018323 0.023234 0.095522
vn 0.013755 0.023234 0.096286
vn 0.009155 0.023234 0.096832
vn 0.096067 0.027768 0.000000
vn 0.095958 0.027768 0.004572
vn 0.095632 0.027768 0.009134
vn 0.095089 0.027768 0.013676
vn 0.094330 0.027768 0.018186
vn 0.093358 0.027768 0.022655
vn 0.092174 0.027768 0.027073
vn 0.090781 0.027768 0.031429
vn 0.089182 0.027768 0.035714
vn 0.087381 0.027768 0.039919
vn 0.085382 0.027768 0.044032
vn 0.083189 0.027768 0.048046
vn 0.080808 0.027768 0.051951
vn 0.078244 0.027768 0.055739
vn 0.075503 0.027768 0.059399
vn 0.072590 0.027768 0.062926
vn 0.069513 0.027768 0.066309
vn 0.066278 0.027768 0.069543
vn 0.062893 0.027768 0.072619
vn 0.059365 0.027768 0.075530
vn 0.055703 0.027768 0.078270
vn 0.051915 0.027768 0.080832
vn 0.048008 0.027768 0.083211
vn 0.043961 0.027768 0.085419
vn 0.039844 0.027768 0.087415
vn 0.035637 0.027768 0.089213
vn 0.031349 0.027768 0.090808
vn 0.026990 0.027768 0.092198
vn 0.022570 0.027768 0.093379
vn 0.018098 0.027768 0.094347
vn 0.013585 0.027768 0.095102
vn 0.009042 0.027768 0.095641
vn 0.094660 0.032241 0.000000
vn 0.094553 0.032241 0.004505
vn 0.094231 0.032241 0.009001
vn 0.093696 0.032241 0.013476
vn 0.092948 0.032241 0.017920
vn 0.091990 0.032241 0.022324
vn 0.090823 0.032241 0.026677
vn 0.089451 0.032241 0.030969
vn 0.087875 0.032241 0.035192
vn 0.086101 0.032241 0.039334
vn 0.084131 0.032241 0.043388
vn 0.081970 0.032241 0.047343
vn 0.079624 0.032241 0.051191
vn 0.077097 0.032241 0.054923
vn 0.074396 0.032241 0.058530
vn 0.071526 0.032241 0.062005
vn 0.068493 0.032241 0.065339
vn 0.065306 0.032241 0.068525
vn 0.061970 0.032241 0.071556
vn 0.058494 0.032241 0.074424
vn 0.054886 0.032241 0.077124
vn 0.051153 0.032241 0.079649
vn 0.047304 0.032241 0.081993
vn 0.043317 0.032241 0.084167
vn 0.039261 0.032241 0.086134
vn 0.035115 0.032241 0.087906
vn 0.030890 0.032241 0.089478
vn 0.026594 0.032241 0.090847
vn 0.022239 0.032241 0.092011
vn 0.017833 0.032241 0.092965
vn 0.013386 0.032241 0.093709
vn 0.008909 0.032241 0.094240
vn 0.093045 0.036643 0.000000
vn 0.092939 0.036643 0.004429
vn 0.092623 0.036643 0.008847
vn 0.092097 0.036643 0.013246
vn 0.091362 0.036643 0.017614
vn 0.090420 0.036643 0.021943
vn 0.089273 0.036643 0.026222
vn 0.087924 0.036643 0.030441
vn 0.086375 0.036643 0.034592
vn 0.084631 0.036643 0.038664
vn 0.082695 0.036643 0.042648
vn 0.080571 0.036643 0.046536
vn 0.078265 0.036643 0.050318
vn 0.075781 0.036643 0.053986
vn 0.073126 0.036643 0.057532
vn 0.070304 0.036643 0.060947
vn 0.067324 0.036643 0.064225
vn 0.064190 0.036643 0.067356
vn 0.060912 0.036643 0.070335
vn 0.057495 0.036643 0.073155
vn 0.053948 0.036643 0.075808
vn 0.050278 0.036643 0.078290
vn 0.046495 0.036643 0.080595
vn 0.042578 0.036643 0.082731
vn 0.038591 0.036643 0.084664
vn 0.034516 0.036643 0.086406
vn 0.030363 0.036643 0.087951
vn 0.026141 0.036643 0.089297
vn 0.021859 0.036643 0.090440
vn 0.017528 0.036643 0.091379
vn 0.013158 0.036643 0.092109
vn 0.008757 0.036643 0.092631
vn 0.091224 0.040965 0.000000
vn 0.091121 0.040965 0.004342
vn 0.090811 0.040965 0.008674
vn 0.090295 0.040965 0.012987
vn 0.089575 0.040965 0.017270
vn 0.088651 0.040965 0.021514
vn 0.087527 0.040965 0.025709
vn 0.086204 0.040965 0.029846
vn 0.084685 0.040965 0.033916
vn 0.082975 0.040965 0.037908
vn 0.081077 0.040965 0.041815
vn 0.078995 0.040965 0.045626
vn 0.076733 0.040965 0.049335
vn 0.074298 0.040965 0.052931
vn 0.071694 0.040965 0.056407
vn 0.068928 0.040965 0.059756
vn 0.066006 0.040965 0.062969
vn 0.062934 0.040965 0.066040
vn 0.059719 0.040965 0.068960
vn 0.056369 0.040965 0.071725
vn 0.052891 0.040965 0.074326
vn 0.049294 0.040965 0.076760
vn 0.045584 0.040965 0.079019
vn 0.041745 0.040965 0.081113
vn 0.037836 0.040965 0.083008
vn 0.033841 0.040965 0.084715
vn 0.029769 0.040965 0.086231
vn 0.025629 0.040965 0.087550
vn 0.021432 0.040965 0.088671
vn 0.017186 0.040965 0.089591
vn 0.012900 0.040965 0.090308
vn 0.008586 0.040965 0.090819
vn 0.089204 0.045196 0.000000
vn 0.089103 0.045196 0.004246
vn 0.088800 0.045196 0.008482
vn 0.088295 0.045196 0.012700
vn 0.087591 0.045196 0.016888
vn 0.086687 0.045196 0.021038
vn 0.085588 0.045196 0.025140
vn 0.084294 0.045196 0.029186
vn 0.082809 0.045196 0.033165
vn 0.081137 0.045196 0.037069
vn 0.079281 0.045196 0.040889
vn 0.077244 0.045196 0.044616
vn 0.075033 0.045196 0.048242
vn 0.072652 0.045196 0.051759
vn 0.070106 0.045196 0.055159
vn 0.067401 0.045196 0.058433
vn 0.064543 0.045196 0.061575
vn 0.061539 0.045196 0.064578
vn 0.058395 0.045196 0.067433
vn 0.055120 0.045196 0.070137
vn 0.051719 0.045196 0.072681
vn 0.048200 0.045196 0.075060
vn 0.044573 0.045196 0.077269
vn 0.040820 0.045196 0.079316
vn 0.036998 0.045196 0.081169
vn 0.033091 0.045196 0.082839
vn 0.029109 0.045196 0.084321
vn 0.025062 0.045196 0.085611
vn 0.020957 0.045196 0.086707
vn 0.016805 0.045196 0.087607
vn 0.012615 0.045196 0.088307
vn 0.008396 0.045196 0.088808
vn 0.086987 0.049328 0.000000
vn 0.086888 0.049328 0.004141
vn 0.086593 0.049328 0.008272
vn 0.086101 0.049328 0.012384
vn 0.085414 0.049328 0.016468
vn 0.084533 0.049328 0.020515
vn 0.083461 0.049328 0.024516
vn 0.082199 0.049328 0.028461
vn 0.080751 0.049328 0.032341
vn 0.079120 0.049328 0.036148
vn 0.077310 0.049328 0.039873
vn 0.075324 0.049328 0.043508
vn 0.073168 0.049328 0.047044
vn 0.070846 0.049328 0.050474
vn 0.068363 0.049328 0.053789
vn 0.065725 0.049328 0.056982
vn 0.062938 0.049328 0.060046
vn 0.060009 0.049328 0.062973
vn 0.056943 0.049328 0.065758
vn 0.053749 0.049328 0.068394
vn 0.050432 0.049328 0.070875
vn 0.047001 0.049328 0.073196
vn 0.043464 0.049328 0.075350
vn 0.039806 0.049328 0.077345
vn 0.036078 0.049328 0.079152
vn 0.032269 0.049328 0.080780
vn 0.028386 0.049328 0.082225
vn 0.024439 0.049328 0.083483
vn 0.020436 0.049328 0.084552
vn 0.016387 0.049328 0.085429
vn 0.012301 0.049328 0.086113
vn 0.008187 0.049328 0.086601
vn 0.084579 0.053352 0.000000
vn 0.084483 0.053352 0.004026
vn 0.084196 0.053352 0.008043
vn 0.083717 0.053352 0.012041
vn 0.083049 0.053352 0.016013
vn 0.082193 0.053352 0.019948
vn 0.081150 0.053352 0.023838
vn 0.079923 0.053352 0.027673
vn 0.078516 0.053352 0.031446
vn 0.076930 0.053352 0.035148
vn 0.075169 0.053352 0.038770
vn 0.073239 0.053352 0.042304
vn 0.071142 0.053352 0.045743
vn 0.068884 0.053352 0.049077
vn 0.066470 0.053352 0.052300
vn 0.063905 0.053352 0.055405
vn 0.061195 0.053352 0.058384
vn 0.058347 0.053352 0.061231
vn 0.055366 0.053352 0.063939
vn 0.052260 0.053352 0.066502
vn 0.049035 0.053352 0.068914
vn 0.045699 0.053352 0.071170
vn 0.042260 0.053352 0.073265
vn 0.038704 0.053352 0.075204
vn 0.035079 0.053352 0.076961
vn 0.031375 0.053352 0.078544
vn 0.027600 0.053352 0.079949
vn 0.023762 0.053352 0.081172
vn 0.019870 0.053352 0.082212
vn 0.015934 0.053352 0.083064
vn 0.011961 0.053352 0.083729
vn 0.007961 0.053352 0.084203
vn 0.081985 0.057258 0.000000
vn 0.081892 0.057258 0.003903
vn 0.081613 0.057258 0.007796
vn 0.081150 0.057258 0.011672
vn 0.080502 0.057258 0.015522
vn 0.079672 0.057258 0.019336
vn 0.078661 0.057258 0.023107
vn 0.077472 0.057258 0.026825
vn 0.076107 0.057258 0.030482
vn 0.074570 0.057258 0.034071
vn 0.072864 0.057258 0.037582
vn 0.070992 0.057258 0.041007
vn 0.068960 0.057258 0.044340
vn 0.066771 0.057258 0.047573
vn 0.064431 0.057258 0.050697
vn 0.061944 0.057258 0.053707
vn 0.059318 0.057258 0.056594
vn 0.056556 0.057258 0.059354
vn 0.053667 0.057258 0.061979
vn 0.050656 0.057258 0.064463
vn 0.047530 0.057258 0.066801
vn 0.044296 0.057258 0.068988
vn 0.040962 0.057258 0.071018
vn 0.037517 0.057258 0.072897
vn 0.034003 0.057258 0.074601
vn 0.030413 0.057258 0.076135
vn 0.026754 0.057258 0.077497
vn 0.023033 0.057258 0.078683
vn 0.019261 0.057258 0.079690
vn 0.015445 0.057258 0.080517
vn 0.011594 0.057258 0.081161
vn 0.007716 0.057258 0.081621
vn 0.079210 0.061039 0.000000
vn 0.079121 0.061039 0.003771
vn 0.078851 0.061039 0.007533
vn 0.078403 0.061039 0.011278
vn 0.077778 0.061039 0.014997
vn 0.076976 0.061039 0.018682
vn 0.075999 0.061039 0.022325
vn 0.074850 0.061039 0.025918
vn 0.073532 0.061039 0.029451
vn 0.072046 0.061039 0.032918
vn 0.070398 0.061039 0.036310
vn 0.068589 0.061039 0.039620
vn 0.066626 0.061039 0.042840
vn 0.064511 0.061039 0.045963
vn 0.062250 0.061039 0.048982
vn 0.059848 0.061039 0.051890
vn 0.057310 0.061039 0.054680
vn 0.054642 0.061039 0.057346
vn 0.051850 0.061039 0.059882
vn 0.048941 0.061039 0.062282
vn 0.045921 0.061039 0.064541
vn 0.042796 0.061039 0.066654
vn 0.039575 0.061039 0.068616
vn 0.036247 0.061039 0.070430
vn 0.032853 0.061039 0.072076
vn 0.029384 0.061039 0.073559
vn 0.025848 0.061039 0.074874
vn 0.022254 0.061039 0.076020
vn 0.018609 0.061039 0.076993
vn 0.014922 0.061039 0.077792
vn 0.011202 0.061039 0.078414
vn 0.007455 0.061039 0.078859
vn 0.076262 0.064685 0.000000
vn 0.076175 0.064685 0.003630
vn 0.075916 0.064685 0.007252
vn 0.075485 0.064685 0.010858
vn 0.074882 0.064685 0.014439
vn 0.074110 0.064685 0.017987
vn 0.073170 0.064685 0.021495
vn 0.072064 0.064685 0.024953
vn 0.070794 0.064685 0.028355
vn 0.069364 0.064685 0.031693
vn 0.067777 0.064685 0.034959
vn 0.066036 0.064685 0.038146
vn 0.064145 0.064685 0.041246
vn 0.062109 0.064685 0.044253
vn 0.059932 0.064685 0.047159
vn 0.057619 0.064685 0.049959
vn 0.055176 0.064685 0.052645
vn 0.052607 0.064685 0.055212
vn 0.049919 0.064685 0.057654
vn 0.047118 0.064685 0.059965
vn 0.044210 0.064685 0.062140
vn 0.041202 0.064685 0.064174
vn 0.038101 0.064685 0.066062
vn 0.034898 0.064685 0.067809
vn 0.031630 0.064685 0.069393
vn 0.028290 0.064685 0.070820
vn 0.024886 0.064685 0.072087
vn 0.021426 0.064685 0.073190
vn 0.017917 0.064685 0.074127
vn 0.014367 0.064685 0.074896
vn 0.010785 0.064685 0.075495
vn 0.007178 0.064685 0.075923
vn 0.073146 0.068189 0.000000
vn 0.073063 0.068189 0.003482
vn 0.072814 0.068189 0.006956
vn 0.072400 0.068189 0.010414
vn 0.071823 0.068189 0.013849
vn 0.071082 0.068189 0.017252
vn 0.070180 0.068189 0.020617
vn 0.069119 0.068189 0.023934
vn 0.067901 0.068189 0.027197
vn 0.066530 0.068189 0.030399
vn 0.065007 0.068189 0.033531
vn 0.063337 0.068189 0.036588
vn 0.061524 0.068189 0.039562
vn 0.059571 0.068189 0.042445
vn 0.057483 0.068189 0.045233
vn 0.055264 0.068189 0.047918
vn 0.052920 0.068189 0.050495
vn 0.050457 0.068189 0.052957
vn 0.047879 0.068189 0.055298
vn 0.045192 0.068189 0.057515
vn 0.042403 0.068189 0.059601
vn 0.039518 0.068189 0.061552
vn 0.036543 0.068189 0.063363
vn 0.033472 0.068189 0.065038
vn 0.030337 0.068189 0.066558
vn 0.027134 0.068189 0.067927
vn 0.023869 0.068189 0.069141
vn 0.020550 0.068189 0.070200
vn 0.017184 0.068189 0.071098
vn 0.013780 0.068189 0.071836
vn 0.010344 0.068189 0.072411
vn 0.006885 0.068189 0.072821
vn 0.069869 0.071543 0.000000
vn 0.069789 0.071543 0.003326
vn 0.069552 0.071543 0.006645
vn 0.069157 0.071543 0.009948
vn 0.068605 0.071543 0.013229
vn 0.067897 0.071543 0.016480
vn 0.067036 0.071543 0.019693
vn 0.066022 0.071543 0.022862
vn 0.064859 0.071543 0.025979
vn 0.063549 0.071543 0.029037
vn 0.062094 0.071543 0.032030
vn 0.060499 0.071543 0.034949
vn 0.058767 0.071543 0.037790
vn 0.056901 0.071543 0.040544
vn 0.054907 0.071543 0.043207
vn 0.052788 0.071543 0.045772
vn 0.050549 0.071543 0.048233
vn 0.048196 0.071543 0.050585
vn 0.045733 0.071543 0.052822
vn 0.043166 0.071543 0.054939
vn 0.040502 0.071543 0.056931
vn 0.037746 0.071543 0.058795
vn 0.034904 0.071543 0.060525
vn 0.031972 0.071543 0.062124
vn 0.028978 0.071543 0.063576
vn 0.025918 0.071543 0.064883
vn 0.022800 0.071543 0.066044
vn 0.019629 0.071543 0.067054
vn 0.016415 0.071543 0.067913
vn 0.013162 0.071543 0.068618
vn 0.009880 0.071543 0.069166
vn 0.006576 0.071543 0.069558
vn 0.066438 0.074740 0.000000
vn 0.066363 0.074740 0.003163
vn 0.066137 0.074740 0.006318
vn 0.065761 0.074740 0.009460
vn 0.065236 0.074740 0.012580
vn 0.064563 0.074740 0.015671
vn 0.063744 0.074740 0.018727
vn 0.062780 0.074740 0.021740
vn 0.061674 0.074740 0.024704
vn 0.060428 0.074740 0.027612
vn 0.059045 0.074740 0.030457
vn 0.057528 0.074740 0.033234
vn 0.055881 0.074740 0.035935
vn 0.054107 0.074740 0.038554
vn 0.052210 0.074740 0.041086
vn 0.050195 0.074740 0.043525
vn 0.048066 0.074740 0.045865
vn 0.045828 0.074740 0.048101
vn 0.043487 0.074740 0.050229
vn 0.041046 0.074740 0.052242
vn 0.038513 0.074740 0.054137
vn 0.035892 0.074740 0.055909
vn 0.033190 0.074740 0.057554
vn 0.030402 0.074740 0.059074
vn 0.027555 0.074740 0.060454
vn 0.024646 0.074740 0.061697
vn 0.021680 0.074740 0.062801
vn 0.018666 0.074740 0.063762
vn 0.015609 0.074740 0.064578
vn 0.012516 0.074740 0.065248
vn 0.009395 0.074740 0.065770
vn 0.006253 0.074740 0.066143
vn 0.062861 0.077772 0.000000
vn 0.062790 0.077772 0.002993
vn 0.062576 0.077772 0.005978
vn 0.062221 0.077772 0.008951
vn 0.061724 0.077772 0.011902
vn 0.061087 0.077772 0.014827
vn 0.060312 0.077772 0.017719
vn 0.059400 0.077772 0.020570
vn 0.058354 0.077772 0.023374
vn 0.057175 0.077772 0.026126
vn 0.055866 0.077772 0.028818
vn 0.054431 0.077772 0.031445
vn 0.052872 0.077772 0.034001
vn 0.051194 0.077772 0.036479
vn 0.049399 0.077772 0.038875
vn 0.047492 0.077772 0.041182
vn 0.045478 0.077772 0.043397
vn 0.043361 0.077772 0.045512
vn 0.041145 0.077772 0.047525
vn 0.038836 0.077772 0.049430
vn 0.036438 0.077772 0.051223
vn 0.033959 0.077772 0.052899
vn 0.031402 0.077772 0.054456
vn 0.028766 0.077772 0.055893
vn 0.026072 0.077772 0.057199
vn 0.023319 0.077772 0.058376
vn 0.020513 0.077772 0.059420
vn 0.017661 0.077772 0.060329
vn 0.014768 0.077772 0.061102
vn 0.011842 0.077772 0.061736
vn 0.008890 0.077772 0.062229
vn 0.005917 0.077772 0.062582
vn 0.059146 0.080633 0.000000
vn 0.059079 0.080633 0.002816
vn 0.058878 0.080633 0.005625
vn 0.058543 0.080633 0.008422
vn 0.058076 0.080633 0.011199
vn 0.057477 0.080633 0.013951
vn 0.056748 0.080633 0.016672
vn 0.055890 0.080633 0.019355
vn 0.054905 0.080633 0.021993
vn 0.053796 0.080633 0.024582
vn 0.052564 0.080633 0.027115
vn 0.051214 0.080633 0.029587
vn 0.049747 0.080633 0.031992
vn 0.048168 0.080633 0.034324
vn 0.046479 0.080633 0.036578
vn 0.044685 0.080633 0.038749
vn 0.042790 0.080633 0.040832
vn 0.040797 0.080633 0.042823
vn 0.038713 0.080633 0.044717
vn 0.036540 0.080633 0.046509
vn 0.034284 0.080633 0.048196
vn 0.031951 0.080633 0.049774
vn 0.029545 0.080633 0.051238
vn 0.027066 0.080633 0.052590
vn 0.024531 0.080633 0.053819
vn 0.021941 0.080633 0.054926
vn 0.019301 0.080633 0.055908
vn 0.016617 0.080633 0.056764
vn 0.013895 0.080633 0.057491
vn 0.011142 0.080633 0.058087
vn 0.008364 0.080633 0.058552
vn 0.005567 0.080633 0.058884
vn 0.055301 0.083317 0.000000
vn 0.055238 0.083317 0.002633
vn 0.055050 0.083317 0.005260
vn 0.054738 0.083317 0.007874
vn 0.054301 0.083317 0.010471
vn 0.053741 0.083317 0.013045
vn 0.053059 0.083317 0.015588
vn 0.052256 0.083317 0.018097
vn 0.051336 0.083317 0.020564
vn 0.050298 0.083317 0.022984
vn 0.049147 0.083317 0.025353
vn 0.047884 0.083317 0.027664
vn 0.046513 0.083317 0.029912
vn 0.045036 0.083317 0.032093
vn 0.043457 0.083317 0.034200
vn 0.041780 0.083317 0.036231
vn 0.040008 0.083317 0.038178
vn 0.038145 0.083317 0.040040
vn 0.036195 0.083317 0.041810
vn 0.034164 0.083317 0.043486
vn 0.032055 0.083317 0.045063
vn 0.029873 0.083317 0.046538
vn 0.027624 0.083317 0.047908
vn 0.025306 0.083317 0.049171
vn 0.022936 0.083317 0.050320
vn 0.020514 0.083317 0.051355
vn 0.018046 0.083317 0.052274
vn 0.015537 0.083317 0.053074
vn 0.012992 0.083317 0.053753
vn 0.010418 0.083317 0.054311
vn 0.007820 0.083317 0.054745
vn 0.005205 0.083317 0.055056
vn 0.051334 0.085818 0.000000
vn 0.051276 0.085818 0.002444
vn 0.051102 0.085818 0.004882
vn 0.050811 0.085818 0.007310
vn 0.050406 0.085818 0.009720
vn 0.049886 0.085818 0.012109
vn 0.049253 0.085818 0.014470
vn 0.048508 0.085818 0.016799
vn 0.047653 0.085818 0.019089
vn 0.046690 0.085818 0.021336
vn 0.045622 0.085818 0.023535
vn 0.044449 0.085818 0.025680
vn 0.043176 0.085818 0.027767
vn 0.041806 0.085818 0.029791
vn 0.040340 0.085818 0.031748
vn 0.038783 0.085818 0.033632
vn 0.037138 0.085818 0.035440
vn 0.035408 0.085818 0.037168
vn 0.033598 0.085818 0.038812
vn 0.031713 0.085818 0.040367
vn 0.029755 0.085818 0.041831
vn 0.027730 0.085818 0.043201
vn 0.025641 0.085818 0.044472
vn 0.023491 0.085818 0.045644
vn 0.021291 0.085818 0.046711
vn 0.019043 0.085818 0.047672
vn 0.016752 0.085818 0.048524
vn 0.014422 0.085818 0.049267
vn 0.012060 0.085818 0.049898
vn 0.009671 0.085818 0.050415
vn 0.007259 0.085818 0.050819
vn 0.004832 0.085818 0.051107
vn 0.047255 0.088130 0.000000
vn 0.047201 0.088130 0.002250
vn 0.047041 0.088130 0.004494
vn 0.046773 0.088130 0.006729
vn 0.046400 0.088130 0.008948
vn 0.045921 0.088130 0.011147
vn 0.045339 0.088130 0.013321
vn 0.044653 0.088130 0.015464
vn 0.043866 0.088130 0.017572
vn 0.042980 0.088130 0.019641
vn 0.041996 0.088130 0.021665
vn 0.040917 0.088130 0.023640
vn 0.039745 0.088130 0.025561
vn 0.038483 0.088130 0.027424
vn 0.037134 0.088130 0.029225
vn 0.035700 0.088130 0.030960
vn 0.034186 0.088130 0.032624
vn 0.032594 0.088130 0.034215
vn 0.030928 0.088130 0.035728
vn 0.029192 0.088130 0.037160
vn 0.027390 0.088130 0.038508
vn 0.025525 0.088130 0.039768
vn 0.023603 0.088130 0.040938
vn 0.021624 0.088130 0.042017
vn 0.019599 0.088130 0.042999
vn 0.017530 0.088130 0.043883
vn 0.015420 0.088130 0.044668
vn 0.013276 0.088130 0.045352
vn 0.011102 0.088130 0.045932
vn 0.008902 0.088130 0.046409
vn 0.006683 0.088130 0.046780
vn 0.004448 0.088130 0.047045
vn 0.043071 0.090249 0.000000
vn 0.043023 0.090249 0.002051
vn 0.042876 0.090249 0.004097
vn 0.042633 0.090249 0.006133
vn 0.042292 0.090249 0.008156
vn 0.041856 0.090249 0.010160
vn 0.041325 0.090249 0.012142
vn 0.040700 0.090249 0.014095
vn 0.039983 0.090249 0.016017
vn 0.039175 0.090249 0.017902
vn 0.038278 0.090249 0.019747
vn 0.037294 0.090249 0.021547
vn 0.036226 0.090249 0.023298
vn 0.035076 0.090249 0.024997
vn 0.033846 0.090249 0.026638
vn 0.032539 0.090249 0.028219
vn 0.031159 0.090249 0.029737
vn 0.029708 0.090249 0.031186
vn 0.028189 0.090249 0.032565
vn 0.026607 0.090249 0.033871
vn 0.024964 0.090249 0.035099
vn 0.023265 0.090249 0.036248
vn 0.021513 0.090249 0.037314
vn 0.019710 0.090249 0.038297
vn 0.017864 0.090249 0.039192
vn 0.015978 0.090249 0.039998
vn 0.014055 0.090249 0.040714
vn 0.012101 0.090249 0.041337
vn 0.010119 0.090249 0.041866
vn 0.008114 0.090249 0.042300
vn 0.006091 0.090249 0.042639
vn 0.004054 0.090249 0.042880
vn 0.038793 0.092169 0.000000
vn 0.038749 0.092169 0.001847
vn 0.038617 0.092169 0.003690
vn 0.038398 0.092169 0.005524
vn 0.038091 0.092169 0.007346
vn 0.037698 0.092169 0.009151
vn 0.037220 0.092169 0.010936
vn 0.036657 0.092169 0.012695
vn 0.036011 0.092169 0.014426
vn 0.035283 0.092169 0.016124
vn 0.034476 0.092169 0.017786
vn 0.033590 0.092169 0.019407
vn 0.032628 0.092169 0.020985
vn 0.031592 0.092169 0.022514
vn 0.030484 0.092169 0.023993
vn 0.029307 0.092169 0.025417
vn 0.028064 0.092169 0.026783
vn 0.026757 0.092169 0.028089
vn 0.025389 0.092169 0.029331
vn 0.023964 0.092169 0.030507
vn 0.022484 0.092169 0.031613
vn 0.020954 0.092169 0.032648
vn 0.019375 0.092169 0.033608
vn 0.017752 0.092169 0.034493
vn 0.016090 0.092169 0.035299
vn 0.014391 0.092169 0.036025
vn 0.012659 0.092169 0.036670
vn 0.010899 0.092169 0.037231
vn 0.009114 0.092169 0.037708
vn 0.007308 0.092169 0.038099
vn 0.005486 0.092169 0.038403
vn 0.003651 0.092169 0.038621
vn 0.034430 0.093886 0.000000
vn 0.034391 0.093886 0.001639
vn 0.034274 0.093886 0.003275
vn 0.034079 0.093886 0.004903
vn 0.033807 0.093886 0.006520
vn 0.033458 0.093886 0.008122
vn 0.033034 0.093886 0.009706
vn 0.032534 0.093886 0.011268
vn 0.031961 0.093886 0.012804
vn 0.031315 0.093886 0.014311
vn 0.030598 0.093886 0.015786
vn 0.029812 0.093886 0.017225
vn 0.028958 0.093886 0.018624
vn 0.028038 0.093886 0.019982
vn 0.027055 0.093886 0.021294
vn 0.026010 0.093886 0.022558
vn 0.024907 0.093886 0.023771
vn 0.023747 0.093886 0.024930
vn 0.022533 0.093886 0.026032
vn 0.021268 0.093886 0.027076
vn 0.019955 0.093886 0.028058
vn 0.018596 0.093886 0.028976
vn 0.017196 0.093886 0.029828
vn 0.015755 0.093886 0.030613
vn 0.014280 0.093886 0.031329
vn 0.012772 0.093886 0.031973
vn 0.011235 0.093886 0.032545
vn 0.009673 0.093886 0.033043
vn 0.008089 0.093886 0.033466
vn 0.006486 0.093886 0.033813
vn 0.004869 0.093886 0.034084
vn 0.003241 0.093886 0.034277
vn 0.029991 0.095397 0.000000
vn 0.029876 0.095397 0.002616
vn 0.029535 0.095397 0.005211
vn 0.028968 0.095397 0.007767
vn 0.028180 0.095397 0.010264
vn 0.027177 0.095397 0.012682
vn 0.025968 0.095397 0.015004
vn 0.024560 0.095397 0.017212
vn 0.022966 0.095397 0.019288
vn 0.021196 0.095397 0.021217
vn 0.019265 0.095397 0.022985
vn 0.017187 0.095397 0.024577
vn 0.014978 0.095397 0.025983
vn 0.012655 0.095397 0.027190
vn 0.010236 0.095397 0.028190
vn 0.007738 0.095397 0.028975
vn 0.005182 0.095397 0.029540
vn 0.000000 -0.100000 0.000000
vn 0.000000 -0.100000 0.000000
vn 0.000000 -0.100000 0.000000
vn 0.000000 -0.100000 0.000000
vn 0.000000 -0.100000 0.000000
vn 0.000000 -0.100000 0.000000
vn 0.000000 -0.100000 0.000000
vn 0.000000 -0.100000 0.000000
vn 0.000000 -0.100000 0.000000
vn 0.000000 -0.100000 0.000000
vn 0.000000 -0.100000 0.000000
vn 0.000000 -0.100000 0.000000
vn 0.000000 -0.100000 0.000000
vn 0.000000 -0.100000 0.000000
vn 0.000000 -0.100000 0.000000
vn 0.000000 -0.100000 0.000000
vn 0.000000 -0.100000 0.000000
vn 0.000000 -0.100000 0.000000
vn 0.000000 -0.100000 0.000000
vn 0.000000 -0.100000 0.000000
vn 0.000000 -0.100000 0.000000
vn 0.000000 -0.100000 0.000000
vn 0.000000 -0.100000 0.000000
vn 0.000000 -0.100000 0.000000
vn 0.000000 -0.100000 0.000000
vn 0.000000 -0.100000 0.000000
vn 0.000000 -0.100000 0.000000
vn 0.000000 -0.100000 0.000000
vn 0.000000 -0.100000 0.000000
vn 0.000000 -0.100000 0.000000
vn 0.000000 -0.100000 0.000000
vn 0.000000 -0.100000 0.000000
vn 0.000000 -0.100000 0.000000
vn 0.000000 -0.100000 0.000000
vn 0.000000 -0.100000 0.000000
vn 0.000000 0.000000 -0.100000
vn 0.000000 0.000000 -0.100000
vn 0.000000 0.000000 -0.100000
vn 0.000000 0.000000 -0.100000
vn 0.000000 0.000000 -0.100000
vn 0.000000 0.000000 -0.100000
vn 0.000000 0.000000 -0.100000
vn 0.000000 0.000000 -0.100000
vn 0.000000 0.000000 -0.100000
vn 0.000000 0.000000 -0.100000
vn 0.000000 0.000000 -0.100000
vn 0.000000 0.000000 -0.100000
vn 0.000000 0.000000 -0.100000
vn 0.000000 0.000000 -0.100000
vn 0.000000 0.000000 -0.100000
vn 0.000000 0.000000 -0.100000
vn 0.000000 0.000000 -0.100000
vn 0.000000 0.000000 -0.100000
vn 0.000000 0.000000 -0.100000
vn 0.000000 0.000000 -0.100000
vn 0.000000 0.000000 -0.100000
vn 0.000000 0.000000 -0.100000
vn 0.000000 0.000000 -0.100000
vn 0.000000 0.000000 -0.100000
vn 0.000000 0.000000 -0.100000
vn 0.000000 0.000000 -0.100000
vn 0.000000 0.000000 -0.100000
vn 0.000000 0.000000 -0.100000
vn 0.000000 0.000000 -0.100000
vn 0.000000 0.000000 -0.100000
vn 0.000000 0.000000 -0.100000
vn 0.000000 0.000000 -0.100000
vn 0.000000 0.000000 -0.100000
vn 0.000000 0.000000 -0.100000
vn 0.000000 0.000000 -0.100000
vn 0.000000 0.000000 -0.100000
vn 0.000000 0.000000 -0.100000
vn 0.000000 0.000000 -0.100000
vn 0.000000 0.000000 -0.100000
vn 0.099619 0.000000 0.008716
vn 0.099440 0.009595 0.004437
vn 0.098078 0.019510 0.000000
vn 0.097981 0.019509 0.004372
vn 0.095539 0.029227 0.004263
vn 0.097682 0.019509 0.008813
vn 0.095247 0.029227 0.008593
vn 0.097171 0.019509 0.013309
vn 0.094749 0.029227 0.012977
vn 0.096441 0.019509 0.017847
vn 0.094037 0.029227 0.017402
vn 0.095484 0.019509 0.022411
vn 0.093103 0.029227 0.021853
vn 0.094293 0.019509 0.026987
vn 0.091942 0.029227 0.026314
vn 0.092863 0.019509 0.031557
vn 0.090548 0.029227 0.030770
vn 0.091192 0.019509 0.036102
vn 0.088919 0.029227 0.035202
vn 0.088230 0.019509 0.042835
vn 0.086031 0.029227 0.041767
vn 0.084724 0.019509 0.049408
vn 0.082612 0.029227 0.048176
vn 0.080688 0.019509 0.055757
vn 0.078677 0.029227 0.054367
vn 0.076144 0.019509 0.061819
vn 0.074245 0.029227 0.060278
vn 0.071124 0.019509 0.067534
vn 0.069351 0.029227 0.065850
vn 0.065671 0.019509 0.072848
vn 0.064034 0.029227 0.071032
vn 0.059834 0.019509 0.077713
vn 0.058342 0.029227 0.075776
vn 0.053670 0.019509 0.082091
vn 0.052332 0.029227 0.080045
vn 0.047239 0.019509 0.085953
vn 0.046061 0.029227 0.083810
vn 0.040605 0.019509 0.089278
vn 0.039593 0.029227 0.087053
vn 0.033834 0.019509 0.092058
vn 0.032990 0.029227 0.089763
vn 0.026987 0.019509 0.094293
vn 0.026314 0.029227 0.091942
vn 0.020127 0.019509 0.095991
vn 0.019625 0.029227 0.093598
vn 0.013309 0.019509 0.097171
vn 0.012977 0.029227 0.094749
vn 0.006585 0.019509 0.097857
vn 0.006421 0.029227 0.095418
vn 0.000000 0.019509 0.098079
vn 0.000000 0.038268 0.092388
vn 0.006203 0.038268 0.092179
vn 0.005928 0.046957 0.088090
vn 0.011980 0.046957 0.087473
vn 0.011283 0.055557 0.082378
vn 0.017063 0.055557 0.081377
vn 0.015836 0.063599 0.075527
vn 0.021234 0.063599 0.074191
vn 0.019457 0.070711 0.067981
vn 0.024393 0.070711 0.066370
vn 0.021940 0.077169 0.059695
vn 0.026331 0.077169 0.057893
vn 0.023001 0.083147 0.050572
vn 0.026759 0.083147 0.048688
vn 0.022616 0.088290 0.041151
vn 0.025695 0.088290 0.039303
vn 0.020941 0.092388 0.032030
vn 0.023346 0.092388 0.030322
vn 0.017830 0.095634 0.023158
vn 0.019569 0.095634 0.021708
vn 0.013063 0.098079 0.014490
vn 0.014147 0.098079 0.013433
vn 0.006958 0.099539 0.006607
vn 0.007449 0.099539 0.006048
vn 0.000000 0.100000 0.000000
vn -0.000000 0.100000 0.000000
vn 0.007894 0.099539 0.005455
vn 0.000000 0.100000 -0.000000
vn 0.008289 0.099539 0.004834
vn -0.000000 0.100000 0.000000
vn 0.008632 0.099539 0.004191
vn 0.000000 0.100000 -0.000000
vn 0.008922 0.099539 0.003532
vn 0.009085 0.099539 0.003087
vn 0.018139 0.098079 0.007181
vn 0.018472 0.098079 0.006277
vn 0.027175 0.095634 0.010758
vn 0.027673 0.095634 0.009404
vn 0.035581 0.092388 0.014086
vn 0.036233 0.092388 0.012313
vn 0.043660 0.088290 0.017285
vn 0.044460 0.088290 0.015108
vn 0.051656 0.083147 0.020450
vn 0.052603 0.083147 0.017875
vn 0.059134 0.077169 0.023411
vn 0.060218 0.077169 0.020463
vn 0.065746 0.070711 0.026028
vn 0.066951 0.070711 0.022751
vn 0.071751 0.063599 0.028406
vn 0.073066 0.063599 0.024829
vn 0.077309 0.055557 0.030606
vn 0.078726 0.055557 0.026752
vn 0.082091 0.046957 0.032499
vn 0.083595 0.046957 0.028407
vn 0.085901 0.038268 0.034008
vn 0.087475 0.038268 0.029726
vn 0.092386 0.038272 0.000000
vn 0.092296 0.038268 0.004119
vn 0.092014 0.038268 0.008301
vn 0.091533 0.038268 0.012537
vn 0.090846 0.038268 0.016811
vn 0.089944 0.038268 0.021111
vn 0.088822 0.038268 0.025421
vn 0.088202 0.046957 0.003936
vn 0.083145 0.055560 0.000000
vn 0.083064 0.055557 0.003707
vn 0.077093 0.063599 0.003440
vn 0.082811 0.055557 0.007471
vn 0.076857 0.063599 0.006934
vn 0.082378 0.055557 0.011283
vn 0.076456 0.063599 0.010472
vn 0.081759 0.055557 0.015130
vn 0.075881 0.063599 0.014042
vn 0.080947 0.055557 0.019000
vn 0.075128 0.063599 0.017634
vn 0.079937 0.055557 0.022879
vn 0.074191 0.063599 0.021234
vn 0.070705 0.070716 0.000000
vn 0.070640 0.070711 0.003152
vn 0.070425 0.070711 0.006354
vn 0.070057 0.070711 0.009595
vn 0.069530 0.070711 0.012867
vn 0.068840 0.070711 0.016158
vn 0.067981 0.070711 0.019457
vn 0.063536 0.077169 0.002835
vn 0.055555 0.083149 -0.000000
vn 0.055502 0.083147 0.002477
vn 0.046910 0.088290 0.002093
vn 0.055332 0.083147 0.004992
vn 0.046767 0.088290 0.004219
vn 0.055043 0.083147 0.007539
vn 0.046522 0.088290 0.006372
vn 0.054629 0.083147 0.010109
vn 0.046173 0.088290 0.008544
vn 0.054087 0.083147 0.012695
vn 0.045714 0.088290 0.010730
vn 0.053412 0.083147 0.015287
vn 0.045144 0.088290 0.012921
vn 0.038265 0.092390 0.000000
vn 0.038230 0.092388 0.001706
vn 0.038114 0.092388 0.003439
vn 0.037914 0.092388 0.005193
vn 0.037629 0.092388 0.006963
vn 0.037256 0.092388 0.008745
vn 0.036791 0.092388 0.010530
vn 0.029198 0.095634 0.001303
vn 0.019508 0.098079 -0.000000
vn 0.019490 0.098079 0.000870
vn 0.009586 0.099539 0.000428
vn 0.019430 0.098079 0.001753
vn 0.009557 0.099539 0.000862
vn 0.019329 0.098079 0.002647
vn 0.009507 0.099539 0.001302
vn 0.019183 0.098079 0.003550
vn 0.009435 0.099539 0.001746
vn 0.018993 0.098079 0.004458
vn 0.009341 0.099539 0.002193
vn 0.018756 0.098079 0.005368
vn 0.009225 0.099539 0.002640
vn 0.000000 0.100000 0.000000
vn -0.000000 0.100000 0.000000
vn 0.000000 0.100000 0.000000
vn 0.000000 0.100000 0.000000
vn -0.000000 0.100000 0.000000
vn 0.006425 0.099539 0.007127
vn 0.011902 0.098079 0.015458
vn 0.015993 0.095634 0.024463
vn 0.018432 0.092388 0.033537
vn 0.019440 0.088290 0.042743
vn 0.019165 0.083147 0.052147
vn 0.017500 0.077169 0.061144
vn 0.014511 0.070711 0.069206
vn 0.010472 0.063599 0.076456
vn 0.005582 0.055557 0.082959
vn 0.000000 0.055557 0.083147
vn 0.005854 0.099539 0.007603
vn 0.000000 0.100000 0.000000
vn 0.005251 0.099539 0.008031
vn -0.000000 0.100000 0.000000
vn 0.004622 0.099539 0.008409
vn 0.000000 0.100000 0.000000
vn 0.003973 0.099539 0.008734
vn 0.000000 0.100000 -0.000000
vn 0.003310 0.099539 0.009006
vn 0.000000 0.100000 0.000000
vn 0.002640 0.099539 0.009225
vn 0.001969 0.099539 0.009391
vn 0.004003 0.098079 0.019094
vn 0.002647 0.098079 0.019329
vn 0.003966 0.095634 0.028956
vn 0.001962 0.095634 0.029161
vn 0.002569 0.092388 0.038182
vn 0.000000 0.092388 0.038268
vn 0.003153 0.088290 0.046851
vn 0.000000 0.083147 0.055557
vn 0.003730 0.083147 0.055432
vn 0.004270 0.077169 0.063456
vn 0.007539 0.083147 0.055043
vn 0.008630 0.077169 0.063011
vn 0.011401 0.083147 0.054375
vn 0.013051 0.077169 0.062246
vn 0.015287 0.083147 0.053412
vn 0.000000 0.100000 -0.000000
vn 0.001302 0.099539 0.009507
vn 0.001310 0.098079 0.019465
vn 0.000000 0.098079 0.019509
vn -0.000000 0.100000 0.000000
vn 0.000644 0.099539 0.009574
vn 0.000000 0.100000 0.000000
vn 0.000000 0.070711 0.070711
vn 0.004747 0.070711 0.070551
vn 0.009595 0.070711 0.070057
vn 0.005181 0.063599 0.076995
vn 0.006683 0.009595 0.099314
vn 0.008716 -0.000000 0.099619
vn 0.013507 0.009595 0.098618
vn 0.020426 0.009595 0.097420
vn 0.027389 0.009595 0.095696
vn 0.034337 0.009595 0.093428
vn 0.041210 0.009595 0.090607
vn 0.042262 0.000000 0.090631
vn 0.047942 0.009595 0.087232
vn 0.050000 0.000000 0.086603
vn 0.054468 0.009595 0.083313
vn 0.057358 0.000000 0.081915
vn 0.060725 0.009595 0.078870
vn 0.066648 0.009595 0.073932
vn 0.072183 0.009595 0.068539
vn 0.077277 0.009595 0.062739
vn 0.081915 0.000000 0.057358
vn 0.081889 0.009595 0.056587
vn 0.086603 0.000000 0.050000
vn 0.085986 0.009595 0.050144
vn 0.089544 0.009595 0.043473
vn 0.090631 0.000000 0.042262
vn 0.092550 0.009595 0.036640
vn 0.094246 0.009595 0.032026
vn 0.095696 0.009595 0.027389
vn 0.096905 0.009595 0.022745
vn 0.097877 0.009595 0.018112
vn 0.098618 0.009595 0.013507
vn 0.099136 0.009595 0.008944
vn 0.029109 0.095634 0.002626
vn 0.028956 0.095634 0.003966
vn 0.028739 0.095634 0.005318
vn 0.028454 0.095634 0.006678
vn 0.028099 0.095634 0.008042
vn 0.063342 0.077169 0.005715
vn 0.063011 0.077169 0.008630
vn 0.062538 0.077169 0.011573
vn 0.061917 0.077169 0.014533
vn 0.061144 0.077169 0.017500
vn 0.087933 0.046957 0.007933
vn 0.087473 0.046957 0.011980
vn 0.086816 0.046957 0.016065
vn 0.085954 0.046957 0.020175
vn 0.084882 0.046957 0.024294
vn 0.017550 0.098079 0.008520
vn 0.016853 0.098079 0.009828
vn 0.016050 0.098079 0.011091
vn 0.015146 0.098079 0.012296
vn 0.026292 0.095634 0.012765
vn 0.025247 0.095634 0.014723
vn 0.024045 0.095634 0.016615
vn 0.022690 0.095634 0.018422
vn 0.021194 0.095634 0.020125
vn 0.034426 0.092388 0.016713
vn 0.033058 0.092388 0.019278
vn 0.031483 0.092388 0.021755
vn 0.029710 0.092388 0.024120
vn 0.027751 0.092388 0.026350
vn 0.025623 0.092388 0.028424
vn 0.042242 0.088290 0.020508
vn 0.040563 0.088290 0.023655
vn 0.038631 0.088290 0.026695
vn 0.036455 0.088290 0.029597
vn 0.034052 0.088290 0.032333
vn 0.031441 0.088290 0.034877
vn 0.028646 0.088290 0.037206
vn 0.049978 0.083147 0.024264
vn 0.047993 0.083147 0.027987
vn 0.045706 0.083147 0.031584
vn 0.043132 0.083147 0.035017
vn 0.040288 0.083147 0.038255
vn 0.037199 0.083147 0.041265
vn 0.033893 0.083147 0.044021
vn 0.030401 0.083147 0.046501
vn 0.057213 0.077169 0.027777
vn 0.054940 0.077169 0.032039
vn 0.052322 0.077169 0.036156
vn 0.049376 0.077169 0.040087
vn 0.046121 0.077169 0.043792
vn 0.042584 0.077169 0.047238
vn 0.038799 0.077169 0.050393
vn 0.034802 0.077169 0.053232
vn 0.030632 0.077169 0.055736
vn 0.063610 0.070711 0.030882
vn 0.061083 0.070711 0.035621
vn 0.058173 0.070711 0.040199
vn 0.054896 0.070711 0.044569
vn 0.051277 0.070711 0.048689
vn 0.047346 0.070711 0.052520
vn 0.043138 0.070711 0.056028
vn 0.038694 0.070711 0.059184
vn 0.034057 0.070711 0.061969
vn 0.029275 0.070711 0.064366
vn 0.069421 0.063599 0.033703
vn 0.066662 0.063599 0.038875
vn 0.063486 0.063599 0.043870
vn 0.059911 0.063599 0.048640
vn 0.055961 0.063599 0.053136
vn 0.051670 0.063599 0.057317
vn 0.047078 0.063599 0.061145
vn 0.042228 0.063599 0.064590
vn 0.037168 0.063599 0.067629
vn 0.031949 0.063599 0.070245
vn 0.026621 0.063599 0.072432
vn 0.074798 0.055557 0.036314
vn 0.071826 0.055557 0.041886
vn 0.068404 0.055557 0.047268
vn 0.064551 0.055557 0.052407
vn 0.060296 0.055557 0.057252
vn 0.055673 0.055557 0.061757
vn 0.050725 0.055557 0.065882
vn 0.045499 0.055557 0.069594
vn 0.040047 0.055557 0.072867
vn 0.034423 0.055557 0.075686
vn 0.028683 0.055557 0.078043
vn 0.022879 0.055557 0.079937
vn 0.079424 0.046957 0.038560
vn 0.076268 0.046957 0.044477
vn 0.072635 0.046957 0.050192
vn 0.068544 0.046957 0.055649
vn 0.064025 0.046957 0.060793
vn 0.059116 0.046957 0.065577
vn 0.053862 0.046957 0.069957
vn 0.048313 0.046957 0.073898
vn 0.042524 0.046957 0.077374
vn 0.036553 0.046957 0.080368
vn 0.030457 0.046957 0.082870
vn 0.024294 0.046957 0.084882
vn 0.018118 0.046957 0.086411
vn 0.083111 0.038268 0.040350
vn 0.079809 0.038268 0.046541
vn 0.076006 0.038268 0.052522
vn 0.071726 0.038268 0.058232
vn 0.066997 0.038268 0.063615
vn 0.061860 0.038268 0.068621
vn 0.056362 0.038268 0.073204
vn 0.050556 0.038268 0.077328
vn 0.044498 0.038268 0.080966
vn 0.038249 0.038268 0.084098
vn 0.031871 0.038268 0.086717
vn 0.025421 0.038268 0.088822
vn 0.018959 0.038268 0.090422
vn 0.012537 0.038268 0.091533
vn 0.010676 0.098079 0.016329
vn 0.014077 0.095634 0.025613
vn 0.015843 0.092388 0.034835
vn 0.016198 0.088290 0.044074
vn 0.009396 0.098079 0.017097
vn 0.008077 0.098079 0.017759
vn 0.006730 0.098079 0.018311
vn 0.005368 0.098079 0.018756
vn 0.012100 0.095634 0.026604
vn 0.013201 0.092388 0.035919
vn 0.012921 0.088290 0.045144
vn 0.010082 0.095634 0.027433
vn 0.008042 0.095634 0.028099
vn 0.005998 0.095634 0.028605
vn 0.010530 0.092388 0.036791
vn 0.009636 0.088290 0.045957
vn 0.007853 0.092388 0.037454
vn 0.005193 0.092388 0.037914
vn 0.006372 0.088290 0.046522
vn -0.000000 0.100000 -0.000000
vn -0.000000 0.100000 -0.000000
vn -0.000000 0.100000 -0.000000
vn -0.000000 0.100000 -0.000000
vn -0.000021 0.098078 0.019510
vn -0.000041 0.092386 0.038272
vn -0.000059 0.083145 0.055559
vn -0.000074 0.070705 0.070716
vn -0.000085 0.055555 0.083149
vn -0.000093 0.038265 0.092389
vn -0.000098 0.019508 0.098079
usemtl Steel_-_Satin
f 39/1/1 1/2/2 30/3/3
f 30/3/3 1/2/2 2/4/4
f 30/3/3 2/4/4 29/5/5
f 29/5/5 2/4/4 28/6/6
f 28/6/6 2/4/4 27/7/7
f 27/7/7 2/4/4 26/8/8
f 26/8/8 2/4/4 25/9/9
f 25/9/9 2/4/4 24/10/10
f 24/10/10 2/4/4 23/11/11
f 23/11/11 2/4/4 22/12/12
f 22/12/12 2/4/4 21/13/13
f 21/13/13 2/4/4 20/14/14
f 20/14/14 2/4/4 19/15/15
f 19/15/15 2/4/4 18/16/16
f 18/16/16 2/4/4 17/17/17
f 17/17/17 2/4/4 16/18/18
f 16/18/18 2/4/4 15/19/19
f 15/19/19 2/4/4 14/20/20
f 14/20/20 2/4/4 13/21/21
f 13/21/21 2/4/4 12/22/22
f 12/22/22 2/4/4 11/23/23
f 11/23/23 2/4/4 10/24/24
f 10/24/24 2/4/4 9/25/25
f 9/25/25 2/4/4 8/26/26
f 8/26/26 2/4/4 7/27/27
f 7/27/27 2/4/4 6/28/28
f 6/28/28 2/4/4 5/29/29
f 5/29/29 2/4/4 4/30/30
f 4/30/30 2/4/4 3/31/31
f 30/3/3 31/32/32 39/1/1
f 39/1/1 31/32/32 38/33/33
f 38/33/33 31/32/32 37/34/34
f 37/34/34 31/32/32 36/35/35
f 36/35/35 31/32/32 35/36/36
f 35/36/36 31/32/32 34/37/37
f 34/37/37 31/32/32 33/38/38
f 33/38/38 31/32/32 32/39/39
f 31/40/40 30/41/41 78/42/42
f 78/42/42 30/41/41 77/43/43
f 77/43/43 30/41/41 76/44/44
f 76/44/44 30/41/41 40/45/45
f 76/44/44 40/45/45 75/46/46
f 75/46/46 40/45/45 41/47/47
f 75/46/46 41/47/47 74/48/48
f 74/48/48 41/47/47 42/49/49
f 74/48/48 42/49/49 73/50/50
f 73/50/50 42/49/49 43/51/51
f 73/50/50 43/51/51 72/52/52
f 72/52/52 43/51/51 44/53/53
f 72/52/52 44/53/53 71/54/54
f 71/54/54 44/53/53 45/55/55
f 71/54/54 45/55/55 70/56/56
f 70/56/56 45/55/55 46/57/57
f 70/56/56 46/57/57 69/58/58
f 69/58/58 46/57/57 47/59/59
f 69/58/58 47/59/59 68/60/60
f 68/60/60 47/59/59 48/61/61
f 68/60/60 48/61/61 67/62/62
f 67/62/62 48/61/61 49/63/63
f 67/62/62 49/63/63 66/64/64
f 66/64/64 49/63/63 50/65/65
f 66/64/64 50/65/65 65/66/66
f 65/66/66 50/65/65 51/67/67
f 65/66/66 51/67/67 64/68/68
f 64/68/68 51/67/67 52/69/69
f 64/68/68 52/69/69 63/70/70
f 63/70/70 52/69/69 53/71/71
f 63/70/70 53/71/71 62/72/72
f 62/72/72 53/71/71 54/73/73
f 62/72/72 54/73/73 61/74/74
f 61/74/74 54/73/73 55/75/75
f 61/74/74 55/75/75 60/76/76
f 60/76/76 55/75/75 56/77/77
f 60/76/76 56/77/77 59/78/78
f 59/78/78 56/77/77 57/79/79
f 59/78/78 57/79/79 58/80/80
f 40/81/81 30/82/82 175/83/83
f 175/83/83 30/82/82 29/84/84
f 175/83/83 29/84/84 28/85/85
f 175/83/83 28/85/85 174/86/86
f 174/86/86 28/85/85 27/87/87
f 174/86/86 27/87/87 173/88/88
f 173/88/88 27/87/87 26/89/89
f 173/88/88 26/89/89 172/90/90
f 172/90/90 26/89/89 25/91/91
f 172/90/90 25/91/91 171/92/92
f 171/92/92 25/91/91 24/93/93
f 171/92/92 24/93/93 170/94/94
f 170/94/94 24/93/93 23/95/95
f 170/94/94 23/95/95 169/96/96
f 169/96/96 23/95/95 22/97/97
f 169/96/96 22/97/97 168/98/98
f 168/98/98 22/97/97 21/99/99
f 168/98/98 21/99/99 167/100/100
f 167/100/100 21/99/99 20/101/101
f 167/100/100 20/101/101 166/102/102
f 166/102/102 20/101/101 19/103/103
f 166/102/102 19/103/103 165/104/104
f 165/104/104 19/103/103 18/105/105
f 165/104/104 18/105/105 164/106/106
f 164/106/106 18/105/105 17/107/107
f 164/106/106 17/107/107 163/108/108
f 163/108/108 17/107/107 16/109/109
f 163/108/108 16/109/109 162/110/110
f 162/110/110 16/109/109 15/111/111
f 162/110/110 15/111/111 161/112/112
f 161/112/112 15/111/111 14/113/113
f 161/112/112 14/113/113 160/114/114
f 160/114/114 14/113/113 13/115/115
f 160/114/114 13/115/115 159/116/116
f 159/116/116 13/115/115 12/117/117
f 159/116/116 12/117/117 158/118/118
f 158/118/118 12/117/117 11/119/119
f 158/118/118 11/119/119 157/120/120
f 157/120/120 11/119/119 10/121/121
f 157/120/120 10/121/121 156/122/122
f 156/122/122 10/121/121 9/123/123
f 156/122/122 9/123/123 155/124/124
f 155/124/124 9/123/123 8/125/125
f 155/124/124 8/125/125 154/126/126
f 154/126/126 8/125/125 7/127/127
f 154/126/126 7/127/127 153/128/128
f 153/128/128 7/127/127 6/129/129
f 153/128/128 6/129/129 152/130/130
f 152/130/130 6/129/129 5/131/131
f 152/130/130 5/131/131 151/132/132
f 151/132/132 5/131/131 4/133/133
f 151/132/132 4/133/133 150/134/134
f 150/134/134 4/133/133 3/135/135
f 150/134/134 3/135/135 79/136/136
f 150/134/134 79/136/136 176/137/137
f 176/137/137 79/136/136 80/138/138
f 176/137/137 80/138/138 202/139/139
f 202/139/139 80/138/138 81/140/140
f 202/139/139 81/140/140 227/141/141
f 227/141/141 81/140/140 82/142/142
f 227/141/141 82/142/142 253/143/143
f 253/143/143 82/142/142 83/144/144
f 253/143/143 83/144/144 278/145/145
f 278/145/145 83/144/144 84/146/146
f 278/145/145 84/146/146 303/147/147
f 303/147/147 84/146/146 85/148/148
f 303/147/147 85/148/148 329/149/149
f 329/149/149 85/148/148 86/150/150
f 329/149/149 86/150/150 354/151/151
f 354/151/151 86/150/150 87/152/152
f 354/151/151 87/152/152 380/153/153
f 380/153/153 87/152/152 88/154/154
f 380/153/153 88/154/154 406/155/155
f 406/155/155 88/154/154 89/156/156
f 406/155/155 89/156/156 432/157/157
f 432/157/157 89/156/156 90/158/158
f 432/157/157 90/158/158 458/159/159
f 458/159/159 90/158/158 91/160/160
f 458/159/159 91/160/160 484/161/161
f 484/161/161 91/160/160 92/162/162
f 484/161/161 92/162/162 509/163/163
f 509/163/163 92/162/162 93/164/164
f 509/163/163 93/164/164 535/165/165
f 535/165/165 93/164/164 94/166/166
f 535/165/165 94/166/166 560/167/167
f 560/167/167 94/166/166 95/168/168
f 560/167/167 95/168/168 585/169/169
f 585/169/169 95/168/168 96/170/170
f 585/169/169 96/170/170 611/171/171
f 611/171/171 96/170/170 97/172/172
f 611/171/171 97/172/172 636/173/173
f 636/173/173 97/172/172 98/174/174
f 636/173/173 98/174/174 662/175/175
f 662/175/175 98/174/174 99/176/176
f 662/175/175 99/176/176 688/177/177
f 688/177/177 99/176/176 100/178/178
f 688/177/177 100/178/178 714/179/179
f 714/179/179 100/178/178 101/180/180
f 714/179/179 101/180/180 740/181/181
f 740/181/181 101/180/180 102/182/182
f 740/181/181 102/182/182 766/183/183
f 766/183/183 102/182/182 103/184/184
f 766/183/183 103/184/184 791/185/185
f 791/185/185 103/184/184 104/186/186
f 791/185/185 104/186/186 817/187/187
f 817/187/187 104/186/186 105/188/188
f 817/187/187 105/188/188 842/189/189
f 842/189/189 105/188/188 106/190/190
f 842/189/189 106/190/190 867/191/191
f 867/191/191 106/190/190 107/192/192
f 867/191/191 107/192/192 893/193/193
f 893/193/193 107/192/192 108/194/194
f 893/193/193 108/194/194 918/195/195
f 918/195/195 108/194/194 109/196/196
f 918/195/195 109/196/196 944/197/197
f 944/197/197 109/196/196 110/198/198
f 944/197/197 110/198/198 112/199/199
f 112/199/199 110/198/198 111/200/200
f 112/199/199 113/201/201 944/197/197
f 944/197/197 113/201/201 945/202/202
f 944/197/197 945/202/202 918/195/195
f 918/195/195 945/202/202 919/203/203
f 918/195/195 919/203/203 893/193/193
f 893/193/193 919/203/203 894/204/204
f 893/193/193 894/204/204 867/191/191
f 867/191/191 894/204/204 868/205/205
f 867/191/191 868/205/205 842/189/189
f 842/189/189 868/205/205 843/206/206
f 842/189/189 843/206/206 817/187/187
f 817/187/187 843/206/206 818/207/207
f 817/187/187 818/207/207 791/185/185
f 791/185/185 818/207/207 792/208/208
f 791/185/185 792/208/208 766/183/183
f 766/183/183 792/208/208 767/209/209
f 766/183/183 767/209/209 740/181/181
f 740/181/181 767/209/209 741/210/210
f 740/181/181 741/210/210 714/179/179
f 714/179/179 741/210/210 715/211/211
f 714/179/179 715/211/211 688/177/177
f 688/177/177 715/211/211 689/212/212
f 688/177/177 689/212/212 662/175/175
f 662/175/175 689/212/212 663/213/213
f 662/175/175 663/213/213 636/173/173
f 636/173/173 663/213/213 637/214/214
f 636/173/173 637/214/214 611/171/171
f 611/171/171 637/214/214 612/215/215
f 611/171/171 612/215/215 585/169/169
f 585/169/169 612/215/215 586/216/216
f 585/169/169 586/216/216 560/167/167
f 560/167/167 586/216/216 561/217/217
f 560/167/167 561/217/217 535/165/165
f 535/165/165 561/217/217 536/218/218
f 535/165/165 536/218/218 509/163/163
f 509/163/163 536/218/218 510/219/219
f 509/163/163 510/219/219 484/161/161
f 484/161/161 510/219/219 485/220/220
f 484/161/161 485/220/220 458/159/159
f 458/159/159 485/220/220 459/221/221
f 458/159/159 459/221/221 432/157/157
f 432/157/157 459/221/221 433/222/222
f 432/157/157 433/222/222 406/155/155
f 406/155/155 433/222/222 407/223/223
f 406/155/155 407/223/223 380/153/153
f 380/153/153 407/223/223 381/224/224
f 380/153/153 381/224/224 354/151/151
f 354/151/151 381/224/224 355/225/225
f 354/151/151 355/225/225 329/149/149
f 329/149/149 355/225/225 330/226/226
f 329/149/149 330/226/226 303/147/147
f 303/147/147 330/226/226 304/227/227
f 303/147/147 304/227/227 278/145/145
f 278/145/145 304/227/227 279/228/228
f 278/145/145 279/228/228 253/143/143
f 253/143/143 279/228/228 254/229/229
f 253/143/143 254/229/229 227/141/141
f 227/141/141 254/229/229 228/230/230
f 227/141/141 228/230/230 202/139/139
f 202/139/139 228/230/230 203/231/231
f 202/139/139 203/231/231 176/137/137
f 176/137/137 203/231/231 177/232/232
f 176/137/137 177/232/232 150/134/134
f 150/134/134 177/232/232 151/132/132
f 113/201/201 114/233/233 945/202/202
f 945/202/202 114/233/233 946/234/234
f 945/202/202 946/234/234 919/203/203
f 919/203/203 946/234/234 920/235/235
f 919/203/203 920/235/235 894/204/204
f 894/204/204 920/235/235 895/236/236
f 894/204/204 895/236/236 868/205/205
f 868/205/205 895/236/236 869/237/237
f 868/205/205 869/237/237 843/206/206
f 843/206/206 869/237/237 844/238/238
f 843/206/206 844/238/238 818/207/207
f 818/207/207 844/238/238 819/239/239
f 818/207/207 819/239/239 792/208/208
f 792/208/208 819/239/239 793/240/240
f 792/208/208 793/240/240 767/209/209
f 767/209/209 793/240/240 768/241/241
f 767/209/209 768/241/241 741/210/210
f 741/210/210 768/241/241 742/242/242
f 741/210/210 742/242/242 715/211/211
f 715/211/211 742/242/242 716/243/243
f 715/211/211 716/243/243 689/212/212
f 689/212/212 716/243/243 690/244/244
f 689/212/212 690/244/244 663/213/213
f 663/213/213 690/244/244 664/245/245
f 663/213/213 664/245/245 637/214/214
f 637/214/214 664/245/245 638/246/246
f 637/214/214 638/246/246 612/215/215
f 612/215/215 638/246/246 613/247/247
f 612/215/215 613/247/247 586/216/216
f 586/216/216 613/247/247 587/248/248
f 586/216/216 587/248/248 561/217/217
f 561/217/217 587/248/248 562/249/249
f 561/217/217 562/249/249 536/218/218
f 536/218/218 562/249/249 537/250/250
f 536/218/218 537/250/250 510/219/219
f 510/219/219 537/250/250 511/251/251
f 510/219/219 511/251/251 485/220/220
f 485/220/220 511/251/251 486/252/252
f 485/220/220 486/252/252 459/221/221
f 459/221/221 486/252/252 460/253/253
f 459/221/221 460/253/253 433/222/222
f 433/222/222 460/253/253 434/254/254
f 433/222/222 434/254/254 407/223/223
f 407/223/223 434/254/254 408/255/255
f 407/223/223 408/255/255 381/224/224
f 381/224/224 408/255/255 382/256/256
f 381/224/224 382/256/256 355/225/225
f 355/225/225 382/256/256 356/257/257
f 355/225/225 356/257/257 330/226/226
f 330/226/226 356/257/257 331/258/258
f 330/226/226 331/258/258 304/227/227
f 304/227/227 331/258/258 305/259/259
f 304/227/227 305/259/259 279/228/228
f 279/228/228 305/259/259 280/260/260
f 279/228/228 280/260/260 254/229/229
f 254/229/229 280/260/260 255/261/261
f 254/229/229 255/261/261 228/230/230
f 228/230/230 255/261/261 229/262/262
f 228/230/230 229/262/262 203/231/231
f 203/231/231 229/262/262 204/263/263
f 203/231/231 204/263/263 177/232/232
f 177/232/232 204/263/263 178/264/264
f 177/232/232 178/264/264 151/132/132
f 151/132/132 178/264/264 152/130/130
f 114/233/233 115/265/265 946/234/234
f 946/234/234 115/265/265 947/266/266
f 946/234/234 947/266/266 920/235/235
f 920/235/235 947/266/266 921/267/267
f 920/235/235 921/267/267 895/236/236
f 895/236/236 921/267/267 896/268/268
f 895/236/236 896/268/268 869/237/237
f 869/237/237 896/268/268 870/269/269
f 869/237/237 870/269/269 844/238/238
f 844/238/238 870/269/269 845/270/270
f 844/238/238 845/270/270 819/239/239
f 819/239/239 845/270/270 820/271/271
f 819/239/239 820/271/271 793/240/240
f 793/240/240 820/271/271 794/272/272
f 793/240/240 794/272/272 768/241/241
f 768/241/241 794/272/272 769/273/273
f 768/241/241 769/273/273 742/242/242
f 742/242/242 769/273/273 743/274/274
f 742/242/242 743/274/274 716/243/243
f 716/243/243 743/274/274 717/275/275
f 716/243/243 717/275/275 690/244/244
f 690/244/244 717/275/275 691/276/276
f 690/244/244 691/276/276 664/245/245
f 664/245/245 691/276/276 665/277/277
f 664/245/245 665/277/277 638/246/246
f 638/246/246 665/277/277 639/278/278
f 638/246/246 639/278/278 613/247/247
f 613/247/247 639/278/278 614/279/279
f 613/247/247 614/279/279 587/248/248
f 587/248/248 614/279/279 588/280/280
f 587/248/248 588/280/280 562/249/249
f 562/249/249 588/280/280 563/281/281
f 562/249/249 563/281/281 537/250/250
f 537/250/250 563/281/281 538/282/282
f 537/250/250 538/282/282 511/251/251
f 511/251/251 538/282/282 512/283/283
f 511/251/251 512/283/283 486/252/252
f 486/252/252 512/283/283 487/284/284
f 486/252/252 487/284/284 460/253/253
f 460/253/253 487/284/284 461/285/285
f 460/253/253 461/285/285 434/254/254
f 434/254/254 461/285/285 435/286/286
f 434/254/254 435/286/286 408/255/255
f 408/255/255 435/286/286 409/287/287
f 408/255/255 409/287/287 382/256/256
f 382/256/256 409/287/287 383/288/288
f 382/256/256 383/288/288 356/257/257
f 356/257/257 383/288/288 357/289/289
f 356/257/257 357/289/289 331/258/258
f 331/258/258 357/289/289 332/290/290
f 331/258/258 332/290/290 305/259/259
f 305/259/259 332/290/290 306/291/291
f 305/259/259 306/291/291 280/260/260
f 280/260/260 306/291/291 281/292/292
f 280/260/260 281/292/292 255/261/261
f 255/261/261 281/292/292 256/293/293
f 255/261/261 256/293/293 229/262/262
f 229/262/262 256/293/293 230/294/294
f 229/262/262 230/294/294 204/263/263
f 204/263/263 230/294/294 205/295/295
f 204/263/263 205/295/295 178/264/264
f 178/264/264 205/295/295 179/296/296
f 178/264/264 179/296/296 152/130/130
f 152/130/130 179/296/296 153/128/128
f 115/265/265 116/297/297 947/266/266
f 947/266/266 116/297/297 948/298/298
f 947/266/266 948/298/298 921/267/267
f 921/267/267 948/298/298 922/299/299
f 921/267/267 922/299/299 896/268/268
f 896/268/268 922/299/299 897/300/300
f 896/268/268 897/300/300 870/269/269
f 870/269/269 897/300/300 871/301/301
f 870/269/269 871/301/301 845/270/270
f 845/270/270 871/301/301 846/302/302
f 845/270/270 846/302/302 820/271/271
f 820/271/271 846/302/302 821/303/303
f 820/271/271 821/303/303 794/272/272
f 794/272/272 821/303/303 795/304/304
f 794/272/272 795/304/304 769/273/273
f 769/273/273 795/304/304 770/305/305
f 769/273/273 770/305/305 743/274/274
f 743/274/274 770/305/305 744/306/306
f 743/274/274 744/306/306 717/275/275
f 717/275/275 744/306/306 718/307/307
f 717/275/275 718/307/307 691/276/276
f 691/276/276 718/307/307 692/308/308
f 691/276/276 692/308/308 665/277/277
f 665/277/277 692/308/308 666/309/309
f 665/277/277 666/309/309 639/278/278
f 639/278/278 666/309/309 640/310/310
f 639/278/278 640/310/310 614/279/279
f 614/279/279 640/310/310 615/311/311
f 614/279/279 615/311/311 588/280/280
f 588/280/280 615/311/311 589/312/312
f 588/280/280 589/312/312 563/281/281
f 563/281/281 589/312/312 564/313/313
f 563/281/281 564/313/313 538/282/282
f 538/282/282 564/313/313 539/314/314
f 538/282/282 539/314/314 512/283/283
f 512/283/283 539/314/314 513/315/315
f 512/283/283 513/315/315 487/284/284
f 487/284/284 513/315/315 488/316/316
f 487/284/284 488/316/316 461/285/285
f 461/285/285 488/316/316 462/317/317
f 461/285/285 462/317/317 435/286/286
f 435/286/286 462/317/317 436/318/318
f 435/286/286 436/318/318 409/287/287
f 409/287/287 436/318/318 410/319/319
f 409/287/287 410/319/319 383/288/288
f 383/288/288 410/319/319 384/320/320
f 383/288/288 384/320/320 357/289/289
f 357/289/289 384/320/320 358/321/321
f 357/289/289 358/321/321 332/290/290
f 332/290/290 358/321/321 333/322/322
f 332/290/290 333/322/322 306/291/291
f 306/291/291 333/322/322 307/323/323
f 306/291/291 307/323/323 281/292/292
f 281/292/292 307/323/323 282/324/324
f 281/292/292 282/324/324 256/293/293
f 256/293/293 282/324/324 257/325/325
f 256/293/293 257/325/325 230/294/294
f 230/294/294 257/325/325 231/326/326
f 230/294/294 231/326/326 205/295/295
f 205/295/295 231/326/326 206/327/327
f 205/295/295 206/327/327 179/296/296
f 179/296/296 206/327/327 180/328/328
f 179/296/296 180/328/328 153/128/128
f 153/128/128 180/328/328 154/126/126
f 116/297/297 117/329/329 948/298/298
f 948/298/298 117/329/329 949/330/330
f 948/298/298 949/330/330 922/299/299
f 922/299/299 949/330/330 923/331/331
f 922/299/299 923/331/331 897/300/300
f 897/300/300 923/331/331 898/332/332
f 897/300/300 898/332/332 871/301/301
f 871/301/301 898/332/332 872/333/333
f 871/301/301 872/333/333 846/302/302
f 846/302/302 872/333/333 847/334/334
f 846/302/302 847/334/334 821/303/303
f 821/303/303 847/334/334 822/335/335
f 821/303/303 822/335/335 795/304/304
f 795/304/304 822/335/335 796/336/336
f 795/304/304 796/336/336 770/305/305
f 770/305/305 796/336/336 771/337/337
f 770/305/305 771/337/337 744/306/306
f 744/306/306 771/337/337 745/338/338
f 744/306/306 745/338/338 718/307/307
f 718/307/307 745/338/338 719/339/339
f 718/307/307 719/339/339 692/308/308
f 692/308/308 719/339/339 693/340/340
f 692/308/308 693/340/340 666/309/309
f 666/309/309 693/340/340 667/341/341
f 666/309/309 667/341/341 640/310/310
f 640/310/310 667/341/341 641/342/342
f 640/310/310 641/342/342 615/311/311
f 615/311/311 641/342/342 616/343/343
f 615/311/311 616/343/343 589/312/312
f 589/312/312 616/343/343 590/344/344
f 589/312/312 590/344/344 564/313/313
f 564/313/313 590/344/344 565/345/345
f 564/313/313 565/345/345 539/314/314
f 539/314/314 565/345/345 540/346/346
f 539/314/314 540/346/346 513/315/315
f 513/315/315 540/346/346 514/347/347
f 513/315/315 514/347/347 488/316/316
f 488/316/316 514/347/347 489/348/348
f 488/316/316 489/348/348 462/317/317
f 462/317/317 489/348/348 463/349/349
f 462/317/317 463/349/349 436/318/318
f 436/318/318 463/349/349 437/350/350
f 436/318/318 437/350/350 410/319/319
f 410/319/319 437/350/350 411/351/351
f 410/319/319 411/351/351 384/320/320
f 384/320/320 411/351/351 385/352/352
f 384/320/320 385/352/352 358/321/321
f 358/321/321 385/352/352 359/353/353
f 358/321/321 359/353/353 333/322/322
f 333/322/322 359/353/353 334/354/354
f 333/322/322 334/354/354 307/323/323
f 307/323/323 334/354/354 308/355/355
f 307/323/323 308/355/355 282/324/324
f 282/324/324 308/355/355 283/356/356
f 282/324/324 283/356/356 257/325/325
f 257/325/325 283/356/356 258/357/357
f 257/325/325 258/357/357 231/326/326
f 231/326/326 258/357/357 232/358/358
f 231/326/326 232/358/358 206/327/327
f 206/327/327 232/358/358 207/359/359
f 206/327/327 207/359/359 180/328/328
f 180/328/328 207/359/359 181/360/360
f 180/328/328 181/360/360 154/126/126
f 154/126/126 181/360/360 155/124/124
f 117/329/329 118/361/361 949/330/330
f 949/330/330 118/361/361 950/362/362
f 949/330/330 950/362/362 923/331/331
f 923/331/331 950/362/362 924/363/363
f 923/331/331 924/363/363 898/332/332
f 898/332/332 924/363/363 899/364/364
f 898/332/332 899/364/364 872/333/333
f 872/333/333 899/364/364 873/365/365
f 872/333/333 873/365/365 847/334/334
f 847/334/334 873/365/365 848/366/366
f 847/334/334 848/366/366 822/335/335
f 822/335/335 848/366/366 823/367/367
f 822/335/335 823/367/367 796/336/336
f 796/336/336 823/367/367 797/368/368
f 796/336/336 797/368/368 771/337/337
f 771/337/337 797/368/368 772/369/369
f 771/337/337 772/369/369 745/338/338
f 745/338/338 772/369/369 746/370/370
f 745/338/338 746/370/370 719/339/339
f 719/339/339 746/370/370 720/371/371
f 719/339/339 720/371/371 693/340/340
f 693/340/340 720/371/371 694/372/372
f 693/340/340 694/372/372 667/341/341
f 667/341/341 694/372/372 668/373/373
f 667/341/341 668/373/373 641/342/342
f 641/342/342 668/373/373 642/374/374
f 641/342/342 642/374/374 616/343/343
f 616/343/343 642/374/374 617/375/375
f 616/343/343 617/375/375 590/344/344
f 590/344/344 617/375/375 591/376/376
f 590/344/344 591/376/376 565/345/345
f 565/345/345 591/376/376 566/377/377
f 565/345/345 566/377/377 540/346/346
f 540/346/346 566/377/377 541/378/378
f 540/346/346 541/378/378 514/347/347
f 514/347/347 541/378/378 515/379/379
f 514/347/347 515/379/379 489/348/348
f 489/348/348 515/379/379 490/380/380
f 489/348/348 490/380/380 463/349/349
f 463/349/349 490/380/380 464/381/381
f 463/349/349 464/381/381 437/350/350
f 437/350/350 464/381/381 438/382/382
f 437/350/350 438/382/382 411/351/351
f 411/351/351 438/382/382 412/383/383
f 411/351/351 412/383/383 385/352/352
f 385/352/352 412/383/383 386/384/384
f 385/352/352 386/384/384 359/353/353
f 359/353/353 386/384/384 360/385/385
f 359/353/353 360/385/385 334/354/354
f 334/354/354 360/385/385 335/386/386
f 334/354/354 335/386/386 308/355/355
f 308/355/355 335/386/386 309/387/387
f 308/355/355 309/387/387 283/356/356
f 283/356/356 309/387/387 284/388/388
f 283/356/356 284/388/388 258/357/357
f 258/357/357 284/388/388 259/389/389
f 258/357/357 259/389/389 232/358/358
f 232/358/358 259/389/389 233/390/390
f 232/358/358 233/390/390 207/359/359
f 207/359/359 233/390/390 208/391/391
f 207/359/359 208/391/391 181/360/360
f 181/360/360 208/391/391 182/392/392
f 181/360/360 182/392/392 155/124/124
f 155/124/124 182/392/392 156/122/122
f 118/361/361 119/393/393 950/362/362
f 950/362/362 119/393/393 951/394/394
f 950/362/362 951/394/394 924/363/363
f 924/363/363 951/394/394 925/395/395
f 924/363/363 925/395/395 899/364/364
f 899/364/364 925/395/395 900/396/396
f 899/364/364 900/396/396 873/365/365
f 873/365/365 900/396/396 874/397/397
f 873/365/365 874/397/397 848/366/366
f 848/366/366 874/397/397 849/398/398
f 848/366/366 849/398/398 823/367/367
f 823/367/367 849/398/398 824/399/399
f 823/367/367 824/399/399 797/368/368
f 797/368/368 824/399/399 798/400/400
f 797/368/368 798/400/400 772/369/369
f 772/369/369 798/400/400 773/401/401
f 772/369/369 773/401/401 746/370/370
f 746/370/370 773/401/401 747/402/402
f 746/370/370 747/402/402 720/371/371
f 720/371/371 747/402/402 721/403/403
f 720/371/371 721/403/403 694/372/372
f 694/372/372 721/403/403 695/404/404
f 694/372/372 695/404/404 668/373/373
f 668/373/373 695/404/404 669/405/405
f 668/373/373 669/405/405 642/374/374
f 642/374/374 669/405/405 643/406/406
f 642/374/374 643/406/406 617/375/375
f 617/375/375 643/406/406 618/407/407
f 617/375/375 618/407/407 591/376/376
f 591/376/376 618/407/407 592/408/408
f 591/376/376 592/408/408 566/377/377
f 566/377/377 592/408/408 567/409/409
f 566/377/377 567/409/409 541/378/378
f 541/378/378 567/409/409 542/410/410
f 541/378/378 542/410/410 515/379/379
f 515/379/379 542/410/410 516/411/411
f 515/379/379 516/411/411 490/380/380
f 490/380/380 516/411/411 491/412/412
f 490/380/380 491/412/412 464/381/381
f 464/381/381 491/412/412 465/413/413
f 464/381/381 465/413/413 438/382/382
f 438/382/382 465/413/413 439/414/414
f 438/382/382 439/414/414 412/383/383
f 412/383/383 439/414/414 413/415/415
f 412/383/383 413/415/415 386/384/384
f 386/384/384 413/415/415 387/416/416
f 386/384/384 387/416/416 360/385/385
f 360/385/385 387/416/416 361/417/417
f 360/385/385 361/417/417 335/386/386
f 335/386/386 361/417/417 336/418/418
f 335/386/386 336/418/418 309/387/387
f 309/387/387 336/418/418 310/419/419
f 309/387/387 310/419/419 284/388/388
f 284/388/388 310/419/419 285/420/420
f 284/388/388 285/420/420 259/389/389
f 259/389/389 285/420/420 260/421/421
f 259/389/389 260/421/421 233/390/390
f 233/390/390 260/421/421 234/422/422
f 233/390/390 234/422/422 208/391/391
f 208/391/391 234/422/422 209/423/423
f 208/391/391 209/423/423 182/392/392
f 182/392/392 209/423/423 183/424/424
f 182/392/392 183/424/424 156/122/122
f 156/122/122 183/424/424 157/120/120
f 119/393/393 120/425/425 951/394/394
f 951/394/394 120/425/425 952/426/426
f 951/394/394 952/426/426 925/395/395
f 925/395/395 952/426/426 926/427/427
f 925/395/395 926/427/427 900/396/396
f 900/396/396 926/427/427 901/428/428
f 900/396/396 901/428/428 874/397/397
f 874/397/397 901/428/428 875/429/429
f 874/397/397 875/429/429 849/398/398
f 849/398/398 875/429/429 850/430/430
f 849/398/398 850/430/430 824/399/399
f 824/399/399 850/430/430 825/431/431
f 824/399/399 825/431/431 798/400/400
f 798/400/400 825/431/431 799/432/432
f 798/400/400 799/432/432 773/401/401
f 773/401/401 799/432/432 774/433/433
f 773/401/401 774/433/433 747/402/402
f 747/402/402 774/433/433 748/434/434
f 747/402/402 748/434/434 721/403/403
f 721/403/403 748/434/434 722/435/435
f 721/403/403 722/435/435 695/404/404
f 695/404/404 722/435/435 696/436/436
f 695/404/404 696/436/436 669/405/405
f 669/405/405 696/436/436 670/437/437
f 669/405/405 670/437/437 643/406/406
f 643/406/406 670/437/437 644/438/438
f 643/406/406 644/438/438 618/407/407
f 618/407/407 644/438/438 619/439/439
f 618/407/407 619/439/439 592/408/408
f 592/408/408 619/439/439 593/440/440
f 592/408/408 593/440/440 567/409/409
f 567/409/409 593/440/440 568/441/441
f 567/409/409 568/441/441 542/410/410
f 542/410/410 568/441/441 543/442/442
f 542/410/410 543/442/442 516/411/411
f 516/411/411 543/442/442 517/443/443
f 516/411/411 517/443/443 491/412/412
f 491/412/412 517/443/443 492/444/444
f 491/412/412 492/444/444 465/413/413
f 465/413/413 492/444/444 466/445/445
f 465/413/413 466/445/445 439/414/414
f 439/414/414 466/445/445 440/446/446
f 439/414/414 440/446/446 413/415/415
f 413/415/415 440/446/446 414/447/447
f 413/415/415 414/447/447 387/416/416
f 387/416/416 414/447/447 388/448/448
f 387/416/416 388/448/448 361/417/417
f 361/417/417 388/448/448 362/449/449
f 361/417/417 362/449/449 336/418/418
f 336/418/418 362/449/449 337/450/450
f 336/418/418 337/450/450 310/419/419
f 310/419/419 337/450/450 311/451/451
f 310/419/419 311/451/451 285/420/420
f 285/420/420 311/451/451 286/452/452
f 285/420/420 286/452/452 260/421/421
f 260/421/421 286/452/452 261/453/453
f 260/421/421 261/453/453 234/422/422
f 234/422/422 261/453/453 235/454/454
f 234/422/422 235/454/454 209/423/423
f 209/423/423 235/454/454 210/455/455
f 209/423/423 210/455/455 183/424/424
f 183/424/424 210/455/455 184/456/456
f 183/424/424 184/456/456 157/120/120
f 157/120/120 184/456/456 158/118/118
f 120/425/425 121/457/457 952/426/426
f 952/426/426 121/457/457 953/458/458
f 952/426/426 953/458/458 926/427/427
f 926/427/427 953/458/458 927/459/459
f 926/427/427 927/459/459 901/428/428
f 901/428/428 927/459/459 902/460/460
f 901/428/428 902/460/460 875/429/429
f 875/429/429 902/460/460 876/461/461
f 875/429/429 876/461/461 850/430/430
f 850/430/430 876/461/461 851/462/462
f 850/430/430 851/462/462 825/431/431
f 825/431/431 851/462/462 826/463/463
f 825/431/431 826/463/463 799/432/432
f 799/432/432 826/463/463 800/464/464
f 799/432/432 800/464/464 774/433/433
f 774/433/433 800/464/464 775/465/465
f 774/433/433 775/465/465 748/434/434
f 748/434/434 775/465/465 749/466/466
f 748/434/434 749/466/466 722/435/435
f 722/435/435 749/466/466 723/467/467
f 722/435/435 723/467/467 696/436/436
f 696/436/436 723/467/467 697/468/468
f 696/436/436 697/468/468 670/437/437
f 670/437/437 697/468/468 671/469/469
f 670/437/437 671/469/469 644/438/438
f 644/438/438 671/469/469 645/470/470
f 644/438/438 645/470/470 619/439/439
f 619/439/439 645/470/470 620/471/471
f 619/439/439 620/471/471 593/440/440
f 593/440/440 620/471/471 594/472/472
f 593/440/440 594/472/472 568/441/441
f 568/441/441 594/472/472 569/473/473
f 568/441/441 569/473/473 543/442/442
f 543/442/442 569/473/473 544/474/474
f 543/442/442 544/474/474 517/443/443
f 517/443/443 544/474/474 518/475/475
f 517/443/443 518/475/475 492/444/444
f 492/444/444 518/475/475 493/476/476
f 492/444/444 493/476/476 466/445/445
f 466/445/445 493/476/476 467/477/477
f 466/445/445 467/477/477 440/446/446
f 440/446/446 467/477/477 441/478/478
f 440/446/446 441/478/478 414/447/447
f 414/447/447 441/478/478 415/479/479
f 414/447/447 415/479/479 388/448/448
f 388/448/448 415/479/479 389/480/480
f 388/448/448 389/480/480 362/449/449
f 362/449/449 389/480/480 363/481/481
f 362/449/449 363/481/481 337/450/450
f 337/450/450 363/481/481 338/482/482
f 337/450/450 338/482/482 311/451/451
f 311/451/451 338/482/482 312/483/483
f 311/451/451 312/483/483 286/452/452
f 286/452/452 312/483/483 287/484/484
f 286/452/452 287/484/484 261/453/453
f 261/453/453 287/484/484 262/485/485
f 261/453/453 262/485/485 235/454/454
f 235/454/454 262/485/485 236/486/486
f 235/454/454 236/486/486 210/455/455
f 210/455/455 236/486/486 211/487/487
f 210/455/455 211/487/487 184/456/456
f 184/456/456 211/487/487 185/488/488
f 184/456/456 185/488/488 158/118/118
f 158/118/118 185/488/488 159/116/116
f 121/457/457 122/489/489 953/458/458
f 953/458/458 122/489/489 954/490/490
f 953/458/458 954/490/490 927/459/459
f 927/459/459 954/490/490 928/491/491
f 927/459/459 928/491/491 902/460/460
f 902/460/460 928/491/491 903/492/492
f 902/460/460 903/492/492 876/461/461
f 876/461/461 903/492/492 877/493/493
f 876/461/461 877/493/493 851/462/462
f 851/462/462 877/493/493 852/494/494
f 851/462/462 852/494/494 826/463/463
f 826/463/463 852/494/494 827/495/495
f 826/463/463 827/495/495 800/464/464
f 800/464/464 827/495/495 801/496/496
f 800/464/464 801/496/496 775/465/465
f 775/465/465 801/496/496 776/497/497
f 775/465/465 776/497/497 749/466/466
f 749/466/466 776/497/497 750/498/498
f 749/466/466 750/498/498 723/467/467
f 723/467/467 750/498/498 724/499/499
f 723/467/467 724/499/499 697/468/468
f 697/468/468 724/499/499 698/500/500
f 697/468/468 698/500/500 671/469/469
f 671/469/469 698/500/500 672/501/501
f 671/469/469 672/501/501 645/470/470
f 645/470/470 672/501/501 646/502/502
f 645/470/470 646/502/502 620/471/471
f 620/471/471 646/502/502 621/503/503
f 620/471/471 621/503/503 594/472/472
f 594/472/472 621/503/503 595/504/504
f 594/472/472 595/504/504 569/473/473
f 569/473/473 595/504/504 570/505/505
f 569/473/473 570/505/505 544/474/474
f 544/474/474 570/505/505 545/506/506
f 544/474/474 545/506/506 518/475/475
f 518/475/475 545/506/506 519/507/507
f 518/475/475 519/507/507 493/476/476
f 493/476/476 519/507/507 494/508/508
f 493/476/476 494/508/508 467/477/477
f 467/477/477 494/508/508 468/509/509
f 467/477/477 468/509/509 441/478/478
f 441/478/478 468/509/509 442/510/510
f 441/478/478 442/510/510 415/479/479
f 415/479/479 442/510/510 416/511/511
f 415/479/479 416/511/511 389/480/480
f 389/480/480 416/511/511 390/512/512
f 389/480/480 390/512/512 363/481/481
f 363/481/481 390/512/512 364/513/513
f 363/481/481 364/513/513 338/482/482
f 338/482/482 364/513/513 339/514/514
f 338/482/482 339/514/514 312/483/483
f 312/483/483 339/514/514 313/515/515
f 312/483/483 313/515/515 287/484/484
f 287/484/484 313/515/515 288/516/516
f 287/484/484 288/516/516 262/485/485
f 262/485/485 288/516/516 263/517/517
f 262/485/485 263/517/517 236/486/486
f 236/486/486 263/517/517 237/518/518
f 236/486/486 237/518/518 211/487/487
f 211/487/487 237/518/518 212/519/519
f 211/487/487 212/519/519 185/488/488
f 185/488/488 212/519/519 186/520/520
f 185/488/488 186/520/520 159/116/116
f 159/116/116 186/520/520 160/114/114
f 122/489/489 123/521/521 954/490/490
f 954/490/490 123/521/521 955/522/522
f 954/490/490 955/522/522 928/491/491
f 928/491/491 955/522/522 929/523/523
f 928/491/491 929/523/523 903/492/492
f 903/492/492 929/523/523 904/524/524
f 903/492/492 904/524/524 877/493/493
f 877/493/493 904/524/524 878/525/525
f 877/493/493 878/525/525 852/494/494
f 852/494/494 878/525/525 853/526/526
f 852/494/494 853/526/526 827/495/495
f 827/495/495 853/526/526 828/527/527
f 827/495/495 828/527/527 801/496/496
f 801/496/496 828/527/527 802/528/528
f 801/496/496 802/528/528 776/497/497
f 776/497/497 802/528/528 777/529/529
f 776/497/497 777/529/529 750/498/498
f 750/498/498 777/529/529 751/530/530
f 750/498/498 751/530/530 724/499/499
f 724/499/499 751/530/530 725/531/531
f 724/499/499 725/531/531 698/500/500
f 698/500/500 725/531/531 699/532/532
f 698/500/500 699/532/532 672/501/501
f 672/501/501 699/532/532 673/533/533
f 672/501/501 673/533/533 646/502/502
f 646/502/502 673/533/533 647/534/534
f 646/502/502 647/534/534 621/503/503
f 621/503/503 647/534/534 622/535/535
f 621/503/503 622/535/535 595/504/504
f 595/504/504 622/535/535 596/536/536
f 595/504/504 596/536/536 570/505/505
f 570/505/505 596/536/536 571/537/537
f 570/505/505 571/537/537 545/506/506
f 545/506/506 571/537/537 546/538/538
f 545/506/506 546/538/538 519/507/507
f 519/507/507 546/538/538 520/539/539
f 519/507/507 520/539/539 494/508/508
f 494/508/508 520/539/539 495/540/540
f 494/508/508 495/540/540 468/509/509
f 468/509/509 495/540/540 469/541/541
f 468/509/509 469/541/541 442/510/510
f 442/510/510 469/541/541 443/542/542
f 442/510/510 443/542/542 416/511/511
f 416/511/511 443/542/542 417/543/543
f 416/511/511 417/543/543 390/512/512
f 390/512/512 417/543/543 391/544/544
f 390/512/512 391/544/544 364/513/513
f 364/513/513 391/544/544 365/545/545
f 364/513/513 365/545/545 339/514/514
f 339/514/514 365/545/545 340/546/546
f 339/514/514 340/546/546 313/515/515
f 313/515/515 340/546/546 314/547/547
f 313/515/515 314/547/547 288/516/516
f 288/516/516 314/547/547 289/548/548
f 288/516/516 289/548/548 263/517/517
f 263/517/517 289/548/548 264/549/549
f 263/517/517 264/549/549 237/518/518
f 237/518/518 264/549/549 238/550/550
f 237/518/518 238/550/550 212/519/519
f 212/519/519 238/550/550 213/551/551
f 212/519/519 213/551/551 186/520/520
f 186/520/520 213/551/551 187/552/552
f 186/520/520 187/552/552 160/114/114
f 160/114/114 187/552/552 161/112/112
f 123/521/521 124/553/553 955/522/522
f 955/522/522 124/553/553 956/554/554
f 955/522/522 956/554/554 929/523/523
f 929/523/523 956/554/554 930/555/555
f 929/523/523 930/555/555 904/524/524
f 904/524/524 930/555/555 905/556/556
f 904/524/524 905/556/556 878/525/525
f 878/525/525 905/556/556 879/557/557
f 878/525/525 879/557/557 853/526/526
f 853/526/526 879/557/557 854/558/558
f 853/526/526 854/558/558 828/527/527
f 828/527/527 854/558/558 829/559/559
f 828/527/527 829/559/559 802/528/528
f 802/528/528 829/559/559 803/560/560
f 802/528/528 803/560/560 777/529/529
f 777/529/529 803/560/560 778/561/561
f 777/529/529 778/561/561 751/530/530
f 751/530/530 778/561/561 752/562/562
f 751/530/530 752/562/562 725/531/531
f 725/531/531 752/562/562 726/563/563
f 725/531/531 726/563/563 699/532/532
f 699/532/532 726/563/563 700/564/564
f 699/532/532 700/564/564 673/533/533
f 673/533/533 700/564/564 674/565/565
f 673/533/533 674/565/565 647/534/534
f 647/534/534 674/565/565 648/566/566
f 647/534/534 648/566/566 622/535/535
f 622/535/535 648/566/566 623/567/567
f 622/535/535 623/567/567 596/536/536
f 596/536/536 623/567/567 597/568/568
f 596/536/536 597/568/568 571/537/537
f 571/537/537 597/568/568 572/569/569
f 571/537/537 572/569/569 546/538/538
f 546/538/538 572/569/569 547/570/570
f 546/538/538 547/570/570 520/539/539
f 520/539/539 547/570/570 521/571/571
f 520/539/539 521/571/571 495/540/540
f 495/540/540 521/571/571 496/572/572
f 495/540/540 496/572/572 469/541/541
f 469/541/541 496/572/572 470/573/573
f 469/541/541 470/573/573 443/542/542
f 443/542/542 470/573/573 444/574/574
f 443/542/542 444/574/574 417/543/543
f 417/543/543 444/574/574 418/575/575
f 417/543/543 418/575/575 391/544/544
f 391/544/544 418/575/575 392/576/576
f 391/544/544 392/576/576 365/545/545
f 365/545/545 392/576/576 366/577/577
f 365/545/545 366/577/577 340/546/546
f 340/546/546 366/577/577 341/578/578
f 340/546/546 341/578/578 314/547/547
f 314/547/547 341/578/578 315/579/579
f 314/547/547 315/579/579 289/548/548
f 289/548/548 315/579/579 290/580/580
f 289/548/548 290/580/580 264/549/549
f 264/549/549 290/580/580 265/581/581
f 264/549/549 265/581/581 238/550/550
f 238/550/550 265/581/581 239/582/582
f 238/550/550 239/582/582 213/551/551
f 213/551/551 239/582/582 214/583/583
f 213/551/551 214/583/583 187/552/552
f 187/552/552 214/583/583 188/584/584
f 187/552/552 188/584/584 161/112/112
f 161/112/112 188/584/584 162/110/110
f 124/553/553 125/585/585 956/554/554
f 956/554/554 125/585/585 957/586/586
f 956/554/554 957/586/586 930/555/555
f 930/555/555 957/586/586 931/587/587
f 930/555/555 931/587/587 905/556/556
f 905/556/556 931/587/587 906/588/588
f 905/556/556 906/588/588 879/557/557
f 879/557/557 906/588/588 880/589/589
f 879/557/557 880/589/589 854/558/558
f 854/558/558 880/589/589 855/590/590
f 854/558/558 855/590/590 829/559/559
f 829/559/559 855/590/590 830/591/591
f 829/559/559 830/591/591 803/560/560
f 803/560/560 830/591/591 804/592/592
f 803/560/560 804/592/592 778/561/561
f 778/561/561 804/592/592 779/593/593
f 778/561/561 779/593/593 752/562/562
f 752/562/562 779/593/593 753/594/594
f 752/562/562 753/594/594 726/563/563
f 726/563/563 753/594/594 727/595/595
f 726/563/563 727/595/595 700/564/564
f 700/564/564 727/595/595 701/596/596
f 700/564/564 701/596/596 674/565/565
f 674/565/565 701/596/596 675/597/597
f 674/565/565 675/597/597 648/566/566
f 648/566/566 675/597/597 649/598/598
f 648/566/566 649/598/598 623/567/567
f 623/567/567 649/598/598 624/599/599
f 623/567/567 624/599/599 597/568/568
f 597/568/568 624/599/599 598/600/600
f 597/568/568 598/600/600 572/569/569
f 572/569/569 598/600/600 573/601/601
f 572/569/569 573/601/601 547/570/570
f 547/570/570 573/601/601 548/602/602
f 547/570/570 548/602/602 521/571/571
f 521/571/571 548/602/602 522/603/603
f 521/571/571 522/603/603 496/572/572
f 496/572/572 522/603/603 497/604/604
f 496/572/572 497/604/604 470/573/573
f 470/573/573 497/604/604 471/605/605
f 470/573/573 471/605/605 444/574/574
f 444/574/574 471/605/605 445/606/606
f 444/574/574 445/606/606 418/575/575
f 418/575/575 445/606/606 419/607/607
f 418/575/575 419/607/607 392/576/576
f 392/576/576 419/607/607 393/608/608
f 392/576/576 393/608/608 366/577/577
f 366/577/577 393/608/608 367/609/609
f 366/577/577 367/609/609 341/578/578
f 341/578/578 367/609/609 342/610/610
f 341/578/578 342/610/610 315/579/579
f 315/579/579 342/610/610 316/611/611
f 315/579/579 316/611/611 290/580/580
f 290/580/580 316/611/611 291/612/612
f 290/580/580 291/612/612 265/581/581
f 265/581/581 291/612/612 266/613/613
f 265/581/581 266/613/613 239/582/582
f 239/582/582 266/613/613 240/614/614
f 239/582/582 240/614/614 214/583/583
f 214/583/583 240/614/614 215/615/615
f 214/583/583 215/615/615 188/584/584
f 188/584/584 215/615/615 189/616/616
f 188/584/584 189/616/616 162/110/110
f 162/110/110 189/616/616 163/108/108
f 125/585/585 126/617/617 957/586/586
f 957/586/586 126/617/617 958/618/618
f 957/586/586 958/618/618 931/587/587
f 931/587/587 958/618/618 932/619/619
f 931/587/587 932/619/619 906/588/588
f 906/588/588 932/619/619 907/620/620
f 906/588/588 907/620/620 880/589/589
f 880/589/589 907/620/620 881/621/621
f 880/589/589 881/621/621 855/590/590
f 855/590/590 881/621/621 856/622/622
f 855/590/590 856/622/622 830/591/591
f 830/591/591 856/622/622 831/623/623
f 830/591/591 831/623/623 804/592/592
f 804/592/592 831/623/623 805/624/624
f 804/592/592 805/624/624 779/593/593
f 779/593/593 805/624/624 780/625/625
f 779/593/593 780/625/625 753/594/594
f 753/594/594 780/625/625 754/626/626
f 753/594/594 754/626/626 727/595/595
f 727/595/595 754/626/626 728/627/627
f 727/595/595 728/627/627 701/596/596
f 701/596/596 728/627/627 702/628/628
f 701/596/596 702/628/628 675/597/597
f 675/597/597 702/628/628 676/629/629
f 675/597/597 676/629/629 649/598/598
f 649/598/598 676/629/629 650/630/630
f 649/598/598 650/630/630 624/599/599
f 624/599/599 650/630/630 625/631/631
f 624/599/599 625/631/631 598/600/600
f 598/600/600 625/631/631 599/632/632
f 598/600/600 599/632/632 573/601/601
f 573/601/601 599/632/632 574/633/633
f 573/601/601 574/633/633 548/602/602
f 548/602/602 574/633/633 549/634/634
f 548/602/602 549/634/634 522/603/603
f 522/603/603 549/634/634 523/635/635
f 522/603/603 523/635/635 497/604/604
f 497/604/604 523/635/635 498/636/636
f 497/604/604 498/636/636 471/605/605
f 471/605/605 498/636/636 472/637/637
f 471/605/605 472/637/637 445/606/606
f 445/606/606 472/637/637 446/638/638
f 445/606/606 446/638/638 419/607/607
f 419/607/607 446/638/638 420/639/639
f 419/607/607 420/639/639 393/608/608
f 393/608/608 420/639/639 394/640/640
f 393/608/608 394/640/640 367/609/609
f 367/609/609 394/640/640 368/641/641
f 367/609/609 368/641/641 342/610/610
f 342/610/610 368/641/641 343/642/642
f 342/610/610 343/642/642 316/611/611
f 316/611/611 343/642/642 317/643/643
f 316/611/611 317/643/643 291/612/612
f 291/612/612 317/643/643 292/644/644
f 291/612/612 292/644/644 266/613/613
f 266/613/613 292/644/644 267/645/645
f 266/613/613 267/645/645 240/614/614
f 240/614/614 267/645/645 241/646/646
f 240/614/614 241/646/646 215/615/615
f 215/615/615 241/646/646 216/647/647
f 215/615/615 216/647/647 189/616/616
f 189/616/616 216/647/647 190/648/648
f 189/616/616 190/648/648 163/108/108
f 163/108/108 190/648/648 164/106/106
f 126/617/617 127/649/649 958/618/618
f 958/618/618 127/649/649 959/650/650
f 958/618/618 959/650/650 932/619/619
f 932/619/619 959/650/650 933/651/651
f 932/619/619 933/651/651 907/620/620
f 907/620/620 933/651/651 908/652/652
f 907/620/620 908/652/652 881/621/621
f 881/621/621 908/652/652 882/653/653
f 881/621/621 882/653/653 856/622/622
f 856/622/622 882/653/653 857/654/654
f 856/622/622 857/654/654 831/623/623
f 831/623/623 857/654/654 832/655/655
f 831/623/623 832/655/655 805/624/624
f 805/624/624 832/655/655 806/656/656
f 805/624/624 806/656/656 780/625/625
f 780/625/625 806/656/656 781/657/657
f 780/625/625 781/657/657 754/626/626
f 754/626/626 781/657/657 755/658/658
f 754/626/626 755/658/658 728/627/627
f 728/627/627 755/658/658 729/659/659
f 728/627/627 729/659/659 702/628/628
f 702/628/628 729/659/659 703/660/660
f 702/628/628 703/660/660 676/629/629
f 676/629/629 703/660/660 677/661/661
f 676/629/629 677/661/661 650/630/630
f 650/630/630 677/661/661 651/662/662
f 650/630/630 651/662/662 625/631/631
f 625/631/631 651/662/662 626/663/663
f 625/631/631 626/663/663 599/632/632
f 599/632/632 626/663/663 600/664/664
f 599/632/632 600/664/664 574/633/633
f 574/633/633 600/664/664 575/665/665
f 574/633/633 575/665/665 549/634/634
f 549/634/634 575/665/665 550/666/666
f 549/634/634 550/666/666 523/635/635
f 523/635/635 550/666/666 524/667/667
f 523/635/635 524/667/667 498/636/636
f 498/636/636 524/667/667 499/668/668
f 498/636/636 499/668/668 472/637/637
f 472/637/637 499/668/668 473/669/669
f 472/637/637 473/669/669 446/638/638
f 446/638/638 473/669/669 447/670/670
f 446/638/638 447/670/670 420/639/639
f 420/639/639 447/670/670 421/671/671
f 420/639/639 421/671/671 394/640/640
f 394/640/640 421/671/671 395/672/672
f 394/640/640 395/672/672 368/641/641
f 368/641/641 395/672/672 369/673/673
f 368/641/641 369/673/673 343/642/642
f 343/642/642 369/673/673 344/674/674
f 343/642/642 344/674/674 317/643/643
f 317/643/643 344/674/674 318/675/675
f 317/643/643 318/675/675 292/644/644
f 292/644/644 318/675/675 293/676/676
f 292/644/644 293/676/676 267/645/645
f 267/645/645 293/676/676 268/677/677
f 267/645/645 268/677/677 241/646/646
f 241/646/646 268/677/677 242/678/678
f 241/646/646 242/678/678 216/647/647
f 216/647/647 242/678/678 217/679/679
f 216/647/647 217/679/679 190/648/648
f 190/648/648 217/679/679 191/680/680
f 190/648/648 191/680/680 164/106/106
f 164/106/106 191/680/680 165/104/104
f 127/649/649 128/681/681 959/650/650
f 959/650/650 128/681/681 960/682/682
f 959/650/650 960/682/682 933/651/651
f 933/651/651 960/682/682 934/683/683
f 933/651/651 934/683/683 908/652/652
f 908/652/652 934/683/683 909/684/684
f 908/652/652 909/684/684 882/653/653
f 882/653/653 909/684/684 883/685/685
f 882/653/653 883/685/685 857/654/654
f 857/654/654 883/685/685 858/686/686
f 857/654/654 858/686/686 832/655/655
f 832/655/655 858/686/686 833/687/687
f 832/655/655 833/687/687 806/656/656
f 806/656/656 833/687/687 807/688/688
f 806/656/656 807/688/688 781/657/657
f 781/657/657 807/688/688 782/689/689
f 781/657/657 782/689/689 755/658/658
f 755/658/658 782/689/689 756/690/690
f 755/658/658 756/690/690 729/659/659
f 729/659/659 756/690/690 730/691/691
f 729/659/659 730/691/691 703/660/660
f 703/660/660 730/691/691 704/692/692
f 703/660/660 704/692/692 677/661/661
f 677/661/661 704/692/692 678/693/693
f 677/661/661 678/693/693 651/662/662
f 651/662/662 678/693/693 652/694/694
f 651/662/662 652/694/694 626/663/663
f 626/663/663 652/694/694 627/695/695
f 626/663/663 627/695/695 600/664/664
f 600/664/664 627/695/695 601/696/696
f 600/664/664 601/696/696 575/665/665
f 575/665/665 601/696/696 576/697/697
f 575/665/665 576/697/697 550/666/666
f 550/666/666 576/697/697 551/698/698
f 550/666/666 551/698/698 524/667/667
f 524/667/667 551/698/698 525/699/699
f 524/667/667 525/699/699 499/668/668
f 499/668/668 525/699/699 500/700/700
f 499/668/668 500/700/700 473/669/669
f 473/669/669 500/700/700 474/701/701
f 473/669/669 474/701/701 447/670/670
f 447/670/670 474/701/701 448/702/702
f 447/670/670 448/702/702 421/671/671
f 421/671/671 448/702/702 422/703/703
f 421/671/671 422/703/703 395/672/672
f 395/672/672 422/703/703 396/704/704
f 395/672/672 396/704/704 369/673/673
f 369/673/673 396/704/704 370/705/705
f 369/673/673 370/705/705 344/674/674
f 344/674/674 370/705/705 345/706/706
f 344/674/674 345/706/706 318/675/675
f 318/675/675 345/706/706 319/707/707
f 318/675/675 319/707/707 293/676/676
f 293/676/676 319/707/707 294/708/708
f 293/676/676 294/708/708 268/677/677
f 268/677/677 294/708/708 269/709/709
f 268/677/677 269/709/709 242/678/678
f 242/678/678 269/709/709 243/710/710
f 242/678/678 243/710/710 217/679/679
f 217/679/679 243/710/710 218/711/711
f 217/679/679 218/711/711 191/680/680
f 191/680/680 218/711/711 192/712/712
f 191/680/680 192/712/712 165/104/104
f 165/104/104 192/712/712 166/102/102
f 128/681/681 129/713/713 960/682/682
f 960/682/682 129/713/713 961/714/714
f 960/682/682 961/714/714 934/683/683
f 934/683/683 961/714/714 935/715/715
f 934/683/683 935/715/715 909/684/684
f 909/684/684 935/715/715 910/716/716
f 909/684/684 910/716/716 883/685/685
f 883/685/685 910/716/716 884/717/717
f 883/685/685 884/717/717 858/686/686
f 858/686/686 884/717/717 859/718/718
f 858/686/686 859/718/718 833/687/687
f 833/687/687 859/718/718 834/719/719
f 833/687/687 834/719/719 807/688/688
f 807/688/688 834/719/719 808/720/720
f 807/688/688 808/720/720 782/689/689
f 782/689/689 808/720/720 783/721/721
f 782/689/689 783/721/721 756/690/690
f 756/690/690 783/721/721 757/722/722
f 756/690/690 757/722/722 730/691/691
f 730/691/691 757/722/722 731/723/723
f 730/691/691 731/723/723 704/692/692
f 704/692/692 731/723/723 705/724/724
f 704/692/692 705/724/724 678/693/693
f 678/693/693 705/724/724 679/725/725
f 678/693/693 679/725/725 652/694/694
f 652/694/694 679/725/725 653/726/726
f 652/694/694 653/726/726 627/695/695
f 627/695/695 653/726/726 628/727/727
f 627/695/695 628/727/727 601/696/696
f 601/696/696 628/727/727 602/728/728
f 601/696/696 602/728/728 576/697/697
f 576/697/697 602/728/728 577/729/729
f 576/697/697 577/729/729 551/698/698
f 551/698/698 577/729/729 552/730/730
f 551/698/698 552/730/730 525/699/699
f 525/699/699 552/730/730 526/731/731
f 525/699/699 526/731/731 500/700/700
f 500/700/700 526/731/731 501/732/732
f 500/700/700 501/732/732 474/701/701
f 474/701/701 501/732/732 475/733/733
f 474/701/701 475/733/733 448/702/702
f 448/702/702 475/733/733 449/734/734
f 448/702/702 449/734/734 422/703/703
f 422/703/703 449/734/734 423/735/735
f 422/703/703 423/735/735 396/704/704
f 396/704/704 423/735/735 397/736/736
f 396/704/704 397/736/736 370/705/705
f 370/705/705 397/736/736 371/737/737
f 370/705/705 371/737/737 345/706/706
f 345/706/706 371/737/737 346/738/738
f 345/706/706 346/738/738 319/707/707
f 319/707/707 346/738/738 320/739/739
f 319/707/707 320/739/739 294/708/708
f 294/708/708 320/739/739 295/740/740
f 294/708/708 295/740/740 269/709/709
f 269/709/709 295/740/740 270/741/741
f 269/709/709 270/741/741 243/710/710
f 243/710/710 270/741/741 244/742/742
f 243/710/710 244/742/742 218/711/711
f 218/711/711 244/742/742 219/743/743
f 218/711/711 219/743/743 192/712/712
f 192/712/712 219/743/743 193/744/744
f 192/712/712 193/744/744 166/102/102
f 166/102/102 193/744/744 167/100/100
f 129/713/713 130/745/745 961/714/714
f 961/714/714 130/745/745 962/746/746
f 961/714/714 962/746/746 935/715/715
f 935/715/715 962/746/746 936/747/747
f 935/715/715 936/747/747 910/716/716
f 910/716/716 936/747/747 911/748/748
f 910/716/716 911/748/748 884/717/717
f 884/717/717 911/748/748 885/749/749
f 884/717/717 885/749/749 859/718/718
f 859/718/718 885/749/749 860/750/750
f 859/718/718 860/750/750 834/719/719
f 834/719/719 860/750/750 835/751/751
f 834/719/719 835/751/751 808/720/720
f 808/720/720 835/751/751 809/752/752
f 808/720/720 809/752/752 783/721/721
f 783/721/721 809/752/752 784/753/753
f 783/721/721 784/753/753 757/722/722
f 757/722/722 784/753/753 758/754/754
f 757/722/722 758/754/754 731/723/723
f 731/723/723 758/754/754 732/755/755
f 731/723/723 732/755/755 705/724/724
f 705/724/724 732/755/755 706/756/756
f 705/724/724 706/756/756 679/725/725
f 679/725/725 706/756/756 680/757/757
f 679/725/725 680/757/757 653/726/726
f 653/726/726 680/757/757 654/758/758
f 653/726/726 654/758/758 628/727/727
f 628/727/727 654/758/758 629/759/759
f 628/727/727 629/759/759 602/728/728
f 602/728/728 629/759/759 603/760/760
f 602/728/728 603/760/760 577/729/729
f 577/729/729 603/760/760 578/761/761
f 577/729/729 578/761/761 552/730/730
f 552/730/730 578/761/761 553/762/762
f 552/730/730 553/762/762 526/731/731
f 526/731/731 553/762/762 527/763/763
f 526/731/731 527/763/763 501/732/732
f 501/732/732 527/763/763 502/764/764
f 501/732/732 502/764/764 475/733/733
f 475/733/733 502/764/764 476/765/765
f 475/733/733 476/765/765 449/734/734
f 449/734/734 476/765/765 450/766/766
f 449/734/734 450/766/766 423/735/735
f 423/735/735 450/766/766 424/767/767
f 423/735/735 424/767/767 397/736/736
f 397/736/736 424/767/767 398/768/768
f 397/736/736 398/768/768 371/737/737
f 371/737/737 398/768/768 372/769/769
f 371/737/737 372/769/769 346/738/738
f 346/738/738 372/769/769 347/770/770
f 346/738/738 347/770/770 320/739/739
f 320/739/739 347/770/770 321/771/771
f 320/739/739 321/771/771 295/740/740
f 295/740/740 321/771/771 296/772/772
f 295/740/740 296/772/772 270/741/741
f 270/741/741 296/772/772 271/773/773
f 270/741/741 271/773/773 244/742/742
f 244/742/742 271/773/773 245/774/774
f 244/742/742 245/774/774 219/743/743
f 219/743/743 245/774/774 220/775/775
f 219/743/743 220/775/775 193/744/744
f 193/744/744 220/775/775 194/776/776
f 193/744/744 194/776/776 167/100/100
f 167/100/100 194/776/776 168/98/98
f 130/745/745 131/777/777 962/746/746
f 962/746/746 131/777/777 963/778/778
f 962/746/746 963/778/778 936/747/747
f 936/747/747 963/778/778 937/779/779
f 936/747/747 937/779/779 911/748/748
f 911/748/748 937/779/779 912/780/780
f 911/748/748 912/780/780 885/749/749
f 885/749/749 912/780/780 886/781/781
f 885/749/749 886/781/781 860/750/750
f 860/750/750 886/781/781 861/782/782
f 860/750/750 861/782/782 835/751/751
f 835/751/751 861/782/782 836/783/783
f 835/751/751 836/783/783 809/752/752
f 809/752/752 836/783/783 810/784/784
f 809/752/752 810/784/784 784/753/753
f 784/753/753 810/784/784 785/785/785
f 784/753/753 785/785/785 758/754/754
f 758/754/754 785/785/785 759/786/786
f 758/754/754 759/786/786 732/755/755
f 732/755/755 759/786/786 733/787/787
f 732/755/755 733/787/787 706/756/756
f 706/756/756 733/787/787 707/788/788
f 706/756/756 707/788/788 680/757/757
f 680/757/757 707/788/788 681/789/789
f 680/757/757 681/789/789 654/758/758
f 654/758/758 681/789/789 655/790/790
f 654/758/758 655/790/790 629/759/759
f 629/759/759 655/790/790 630/791/791
f 629/759/759 630/791/791 603/760/760
f 603/760/760 630/791/791 604/792/792
f 603/760/760 604/792/792 578/761/761
f 578/761/761 604/792/792 579/793/793
f 578/761/761 579/793/793 553/762/762
f 553/762/762 579/793/793 554/794/794
f 553/762/762 554/794/794 527/763/763
f 527/763/763 554/794/794 528/795/795
f 527/763/763 528/795/795 502/764/764
f 502/764/764 528/795/795 503/796/796
f 502/764/764 503/796/796 476/765/765
f 476/765/765 503/796/796 477/797/797
f 476/765/765 477/797/797 450/766/766
f 450/766/766 477/797/797 451/798/798
f 450/766/766 451/798/798 424/767/767
f 424/767/767 451/798/798 425/799/799
f 424/767/767 425/799/799 398/768/768
f 398/768/768 425/799/799 399/800/800
f 398/768/768 399/800/800 372/769/769
f 372/769/769 399/800/800 373/801/801
f 372/769/769 373/801/801 347/770/770
f 347/770/770 373/801/801 348/802/802
f 347/770/770 348/802/802 321/771/771
f 321/771/771 348/802/802 322/803/803
f 321/771/771 322/803/803 296/772/772
f 296/772/772 322/803/803 297/804/804
f 296/772/772 297/804/804 271/773/773
f 271/773/773 297/804/804 272/805/805
f 271/773/773 272/805/805 245/774/774
f 245/774/774 272/805/805 246/806/806
f 245/774/774 246/806/806 220/775/775
f 220/775/775 246/806/806 221/807/807
f 220/775/775 221/807/807 194/776/776
f 194/776/776 221/807/807 195/808/808
f 194/776/776 195/808/808 168/98/98
f 168/98/98 195/808/808 169/96/96
f 131/777/777 132/809/809 963/778/778
f 963/778/778 132/809/809 964/810/810
f 963/778/778 964/810/810 937/779/779
f 937/779/779 964/810/810 938/811/811
f 937/779/779 938/811/811 912/780/780
f 912/780/780 938/811/811 913/812/812
f 912/780/780 913/812/812 886/781/781
f 886/781/781 913/812/812 887/813/813
f 886/781/781 887/813/813 861/782/782
f 861/782/782 887/813/813 862/814/814
f 861/782/782 862/814/814 836/783/783
f 836/783/783 862/814/814 837/815/815
f 836/783/783 837/815/815 810/784/784
f 810/784/784 837/815/815 811/816/816
f 810/784/784 811/816/816 785/785/785
f 785/785/785 811/816/816 786/817/817
f 785/785/785 786/817/817 759/786/786
f 759/786/786 786/817/817 760/818/818
f 759/786/786 760/818/818 733/787/787
f 733/787/787 760/818/818 734/819/819
f 733/787/787 734/819/819 707/788/788
f 707/788/788 734/819/819 708/820/820
f 707/788/788 708/820/820 681/789/789
f 681/789/789 708/820/820 682/821/821
f 681/789/789 682/821/821 655/790/790
f 655/790/790 682/821/821 656/822/822
f 655/790/790 656/822/822 630/791/791
f 630/791/791 656/822/822 631/823/823
f 630/791/791 631/823/823 604/792/792
f 604/792/792 631/823/823 605/824/824
f 604/792/792 605/824/824 579/793/793
f 579/793/793 605/824/824 580/825/825
f 579/793/793 580/825/825 554/794/794
f 554/794/794 580/825/825 555/826/826
f 554/794/794 555/826/826 528/795/795
f 528/795/795 555/826/826 529/827/827
f 528/795/795 529/827/827 503/796/796
f 503/796/796 529/827/827 504/828/828
f 503/796/796 504/828/828 477/797/797
f 477/797/797 504/828/828 478/829/829
f 477/797/797 478/829/829 451/798/798
f 451/798/798 478/829/829 452/830/830
f 451/798/798 452/830/830 425/799/799
f 425/799/799 452/830/830 426/831/831
f 425/799/799 426/831/831 399/800/800
f 399/800/800 426/831/831 400/832/832
f 399/800/800 400/832/832 373/801/801
f 373/801/801 400/832/832 374/833/833
f 373/801/801 374/833/833 348/802/802
f 348/802/802 374/833/833 349/834/834
f 348/802/802 349/834/834 322/803/803
f 322/803/803 349/834/834 323/835/835
f 322/803/803 323/835/835 297/804/804
f 297/804/804 323/835/835 298/836/836
f 297/804/804 298/836/836 272/805/805
f 272/805/805 298/836/836 273/837/837
f 272/805/805 273/837/837 246/806/806
f 246/806/806 273/837/837 247/838/838
f 246/806/806 247/838/838 221/807/807
f 221/807/807 247/838/838 222/839/839
f 221/807/807 222/839/839 195/808/808
f 195/808/808 222/839/839 196/840/840
f 195/808/808 196/840/840 169/96/96
f 169/96/96 196/840/840 170/94/94
f 132/809/809 133/841/841 964/810/810
f 964/810/810 133/841/841 965/842/842
f 964/810/810 965/842/842 938/811/811
f 938/811/811 965/842/842 939/843/843
f 938/811/811 939/843/843 913/812/812
f 913/812/812 939/843/843 914/844/844
f 913/812/812 914/844/844 887/813/813
f 887/813/813 914/844/844 888/845/845
f 887/813/813 888/845/845 862/814/814
f 862/814/814 888/845/845 863/846/846
f 862/814/814 863/846/846 837/815/815
f 837/815/815 863/846/846 838/847/847
f 837/815/815 838/847/847 811/816/816
f 811/816/816 838/847/847 812/848/848
f 811/816/816 812/848/848 786/817/817
f 786/817/817 812/848/848 787/849/849
f 786/817/817 787/849/849 760/818/818
f 760/818/818 787/849/849 761/850/850
f 760/818/818 761/850/850 734/819/819
f 734/819/819 761/850/850 735/851/851
f 734/819/819 735/851/851 708/820/820
f 708/820/820 735/851/851 709/852/852
f 708/820/820 709/852/852 682/821/821
f 682/821/821 709/852/852 683/853/853
f 682/821/821 683/853/853 656/822/822
f 656/822/822 683/853/853 657/854/854
f 656/822/822 657/854/854 631/823/823
f 631/823/823 657/854/854 632/855/855
f 631/823/823 632/855/855 605/824/824
f 605/824/824 632/855/855 606/856/856
f 605/824/824 606/856/856 580/825/825
f 580/825/825 606/856/856 581/857/857
f 580/825/825 581/857/857 555/826/826
f 555/826/826 581/857/857 556/858/858
f 555/826/826 556/858/858 529/827/827
f 529/827/827 556/858/858 530/859/859
f 529/827/827 530/859/859 504/828/828
f 504/828/828 530/859/859 505/860/860
f 504/828/828 505/860/860 478/829/829
f 478/829/829 505/860/860 479/861/861
f 478/829/829 479/861/861 452/830/830
f 452/830/830 479/861/861 453/862/862
f 452/830/830 453/862/862 426/831/831
f 426/831/831 453/862/862 427/863/863
f 426/831/831 427/863/863 400/832/832
f 400/832/832 427/863/863 401/864/864
f 400/832/832 401/864/864 374/833/833
f 374/833/833 401/864/864 375/865/865
f 374/833/833 375/865/865 349/834/834
f 349/834/834 375/865/865 350/866/866
f 349/834/834 350/866/866 323/835/835
f 323/835/835 350/866/866 324/867/867
f 323/835/835 324/867/867 298/836/836
f 298/836/836 324/867/867 299/868/868
f 298/836/836 299/868/868 273/837/837
f 273/837/837 299/868/868 274/869/869
f 273/837/837 274/869/869 247/838/838
f 247/838/838 274/869/869 248/870/870
f 247/838/838 248/870/870 222/839/839
f 222/839/839 248/870/870 223/871/871
f 222/839/839 223/871/871 196/840/840
f 196/840/840 223/871/871 197/872/872
f 196/840/840 197/872/872 170/94/94
f 170/94/94 197/872/872 171/92/92
f 133/841/841 134/873/873 965/842/842
f 965/842/842 134/873/873 966/874/874
f 965/842/842 966/874/874 939/843/843
f 939/843/843 966/874/874 940/875/875
f 939/843/843 940/875/875 914/844/844
f 914/844/844 940/875/875 915/876/876
f 914/844/844 915/876/876 888/845/845
f 888/845/845 915/876/876 889/877/877
f 888/845/845 889/877/877 863/846/846
f 863/846/846 889/877/877 864/878/878
f 863/846/846 864/878/878 838/847/847
f 838/847/847 864/878/878 839/879/879
f 838/847/847 839/879/879 812/848/848
f 812/848/848 839/879/879 813/880/880
f 812/848/848 813/880/880 787/849/849
f 787/849/849 813/880/880 788/881/881
f 787/849/849 788/881/881 761/850/850
f 761/850/850 788/881/881 762/882/882
f 761/850/850 762/882/882 735/851/851
f 735/851/851 762/882/882 736/883/883
f 735/851/851 736/883/883 709/852/852
f 709/852/852 736/883/883 710/884/884
f 709/852/852 710/884/884 683/853/853
f 683/853/853 710/884/884 684/885/885
f 683/853/853 684/885/885 657/854/854
f 657/854/854 684/885/885 658/886/886
f 657/854/854 658/886/886 632/855/855
f 632/855/855 658/886/886 633/887/887
f 632/855/855 633/887/887 606/856/856
f 606/856/856 633/887/887 607/888/888
f 606/856/856 607/888/888 581/857/857
f 581/857/857 607/888/888 582/889/889
f 581/857/857 582/889/889 556/858/858
f 556/858/858 582/889/889 557/890/890
f 556/858/858 557/890/890 530/859/859
f 530/859/859 557/890/890 531/891/891
f 530/859/859 531/891/891 505/860/860
f 505/860/860 531/891/891 506/892/892
f 505/860/860 506/892/892 479/861/861
f 479/861/861 506/892/892 480/893/893
f 479/861/861 480/893/893 453/862/862
f 453/862/862 480/893/893 454/894/894
f 453/862/862 454/894/894 427/863/863
f 427/863/863 454/894/894 428/895/895
f 427/863/863 428/895/895 401/864/864
f 401/864/864 428/895/895 402/896/896
f 401/864/864 402/896/896 375/865/865
f 375/865/865 402/896/896 376/897/897
f 375/865/865 376/897/897 350/866/866
f 350/866/866 376/897/897 351/898/898
f 350/866/866 351/898/898 324/867/867
f 324/867/867 351/898/898 325/899/899
f 324/867/867 325/899/899 299/868/868
f 299/868/868 325/899/899 300/900/900
f 299/868/868 300/900/900 274/869/869
f 274/869/869 300/900/900 275/901/901
f 274/869/869 275/901/901 248/870/870
f 248/870/870 275/901/901 249/902/902
f 248/870/870 249/902/902 223/871/871
f 223/871/871 249/902/902 224/903/903
f 223/871/871 224/903/903 197/872/872
f 197/872/872 224/903/903 198/904/904
f 197/872/872 198/904/904 171/92/92
f 171/92/92 198/904/904 172/90/90
f 134/873/873 135/905/905 966/874/874
f 966/874/874 135/905/905 967/906/906
f 966/874/874 967/906/906 940/875/875
f 940/875/875 967/906/906 941/907/907
f 940/875/875 941/907/907 915/876/876
f 915/876/876 941/907/907 916/908/908
f 915/876/876 916/908/908 889/877/877
f 889/877/877 916/908/908 890/909/909
f 889/877/877 890/909/909 864/878/878
f 864/878/878 890/909/909 865/910/910
f 864/878/878 865/910/910 839/879/879
f 839/879/879 865/910/910 840/911/911
f 839/879/879 840/911/911 813/880/880
f 813/880/880 840/911/911 814/912/912
f 813/880/880 814/912/912 788/881/881
f 788/881/881 814/912/912 789/913/913
f 788/881/881 789/913/913 762/882/882
f 762/882/882 789/913/913 763/914/914
f 762/882/882 763/914/914 736/883/883
f 736/883/883 763/914/914 737/915/915
f 736/883/883 737/915/915 710/884/884
f 710/884/884 737/915/915 711/916/916
f 710/884/884 711/916/916 684/885/885
f 684/885/885 711/916/916 685/917/917
f 684/885/885 685/917/917 658/886/886
f 658/886/886 685/917/917 659/918/918
f 658/886/886 659/918/918 633/887/887
f 633/887/887 659/918/918 634/919/919
f 633/887/887 634/919/919 607/888/888
f 607/888/888 634/919/919 608/920/920
f 607/888/888 608/920/920 582/889/889
f 582/889/889 608/920/920 583/921/921
f 582/889/889 583/921/921 557/890/890
f 557/890/890 583/921/921 558/922/922
f 557/890/890 558/922/922 531/891/891
f 531/891/891 558/922/922 532/923/923
f 531/891/891 532/923/923 506/892/892
f 506/892/892 532/923/923 507/924/924
f 506/892/892 507/924/924 480/893/893
f 480/893/893 507/924/924 481/925/925
f 480/893/893 481/925/925 454/894/894
f 454/894/894 481/925/925 455/926/926
f 454/894/894 455/926/926 428/895/895
f 428/895/895 455/926/926 429/927/927
f 428/895/895 429/927/927 402/896/896
f 402/896/896 429/927/927 403/928/928
f 402/896/896 403/928/928 376/897/897
f 376/897/897 403/928/928 377/929/929
f 376/897/897 377/929/929 351/898/898
f 351/898/898 377/929/929 352/930/930
f 351/898/898 352/930/930 325/899/899
f 325/899/899 352/930/930 326/931/931
f 325/899/899 326/931/931 300/900/900
f 300/900/900 326/931/931 301/932/932
f 300/900/900 301/932/932 275/901/901
f 275/901/901 301/932/932 276/933/933
f 275/901/901 276/933/933 249/902/902
f 249/902/902 276/933/933 250/934/934
f 249/902/902 250/934/934 224/903/903
f 224/903/903 250/934/934 225/935/935
f 224/903/903 225/935/935 198/904/904
f 198/904/904 225/935/935 199/936/936
f 198/904/904 199/936/936 172/90/90
f 172/90/90 199/936/936 173/88/88
f 135/905/905 136/937/937 967/906/906
f 967/906/906 136/937/937 968/938/938
f 967/906/906 968/938/938 941/907/907
f 941/907/907 968/938/938 942/939/939
f 941/907/907 942/939/939 916/908/908
f 916/908/908 942/939/939 917/940/940
f 916/908/908 917/940/940 890/909/909
f 890/909/909 917/940/940 891/941/941
f 890/909/909 891/941/941 865/910/910
f 865/910/910 891/941/941 866/942/942
f 865/910/910 866/942/942 840/911/911
f 840/911/911 866/942/942 841/943/943
f 840/911/911 841/943/943 814/912/912
f 814/912/912 841/943/943 815/944/944
f 814/912/912 815/944/944 789/913/913
f 789/913/913 815/944/944 790/945/945
f 789/913/913 790/945/945 763/914/914
f 763/914/914 790/945/945 764/946/946
f 763/914/914 764/946/946 737/915/915
f 737/915/915 764/946/946 738/947/947
f 737/915/915 738/947/947 711/916/916
f 711/916/916 738/947/947 712/948/948
f 711/916/916 712/948/948 685/917/917
f 685/917/917 712/948/948 686/949/949
f 685/917/917 686/949/949 659/918/918
f 659/918/918 686/949/949 660/950/950
f 659/918/918 660/950/950 634/919/919
f 634/919/919 660/950/950 635/951/951
f 634/919/919 635/951/951 608/920/920
f 608/920/920 635/951/951 609/952/952
f 608/920/920 609/952/952 583/921/921
f 583/921/921 609/952/952 584/953/953
f 583/921/921 584/953/953 558/922/922
f 558/922/922 584/953/953 559/954/954
f 558/922/922 559/954/954 532/923/923
f 532/923/923 559/954/954 533/955/955
f 532/923/923 533/955/955 507/924/924
f 507/924/924 533/955/955 508/956/956
f 507/924/924 508/956/956 481/925/925
f 481/925/925 508/956/956 482/957/957
f 481/925/925 482/957/957 455/926/926
f 455/926/926 482/957/957 456/958/958
f 455/926/926 456/958/958 429/927/927
f 429/927/927 456/958/958 430/959/959
f 429/927/927 430/959/959 403/928/928
f 403/928/928 430/959/959 404/960/960
f 403/928/928 404/960/960 377/929/929
f 377/929/929 404/960/960 378/961/961
f 377/929/929 378/961/961 352/930/930
f 352/930/930 378/961/961 353/962/962
f 352/930/930 353/962/962 326/931/931
f 326/931/931 353/962/962 327/963/963
f 326/931/931 327/963/963 301/932/932
f 301/932/932 327/963/963 302/964/964
f 301/932/932 302/964/964 276/933/933
f 276/933/933 302/964/964 277/965/965
f 276/933/933 277/965/965 250/934/934
f 250/934/934 277/965/965 251/966/966
f 250/934/934 251/966/966 225/935/935
f 225/935/935 251/966/966 226/967/967
f 225/935/935 226/967/967 199/936/936
f 199/936/936 226/967/967 200/968/968
f 199/936/936 200/968/968 173/88/88
f 173/88/88 200/968/968 174/86/86
f 136/937/937 137/969/969 968/938/938
f 968/938/938 137/969/969 969/970/970
f 968/938/938 969/970/970 942/939/939
f 942/939/939 969/970/970 943/971/971
f 942/939/939 943/971/971 917/940/940
f 917/940/940 943/971/971 149/972/972
f 917/940/940 149/972/972 891/941/941
f 891/941/941 149/972/972 892/973/973
f 891/941/941 892/973/973 866/942/942
f 866/942/942 892/973/973 148/974/974
f 866/942/942 148/974/974 841/943/943
f 841/943/943 148/974/974 147/975/975
f 841/943/943 147/975/975 815/944/944
f 815/944/944 147/975/975 816/976/976
f 815/944/944 816/976/976 790/945/945
f 790/945/945 816/976/976 146/977/977
f 790/945/945 146/977/977 764/946/946
f 764/946/946 146/977/977 765/978/978
f 764/946/946 765/978/978 738/947/947
f 738/947/947 765/978/978 739/979/979
f 738/947/947 739/979/979 712/948/948
f 712/948/948 739/979/979 713/980/980
f 712/948/948 713/980/980 686/949/949
f 686/949/949 713/980/980 687/981/981
f 686/949/949 687/981/981 660/950/950
f 660/950/950 687/981/981 661/982/982
f 660/950/950 661/982/982 635/951/951
f 635/951/951 661/982/982 145/983/983
f 635/951/951 145/983/983 609/952/952
f 609/952/952 145/983/983 610/984/984
f 609/952/952 610/984/984 584/953/953
f 584/953/953 610/984/984 144/985/985
f 584/953/953 144/985/985 559/954/954
f 559/954/954 144/985/985 143/986/986
f 559/954/954 143/986/986 533/955/955
f 533/955/955 143/986/986 534/987/987
f 533/955/955 534/987/987 508/956/956
f 508/956/956 534/987/987 142/988/988
f 508/956/956 142/988/988 482/957/957
f 482/957/957 142/988/988 483/989/989
f 482/957/957 483/989/989 456/958/958
f 456/958/958 483/989/989 457/990/990
f 456/958/958 457/990/990 430/959/959
f 430/959/959 457/990/990 431/991/991
f 430/959/959 431/991/991 404/960/960
f 404/960/960 431/991/991 405/992/992
f 404/960/960 405/992/992 378/961/961
f 378/961/961 405/992/992 379/993/993
f 378/961/961 379/993/993 353/962/962
f 353/962/962 379/993/993 141/994/994
f 353/962/962 141/994/994 327/963/963
f 327/963/963 141/994/994 328/995/995
f 327/963/963 328/995/995 302/964/964
f 302/964/964 328/995/995 140/996/996
f 302/964/964 140/996/996 277/965/965
f 277/965/965 140/996/996 139/997/997
f 277/965/965 139/997/997 251/966/966
f 251/966/966 139/997/997 252/998/998
f 251/966/966 252/998/998 226/967/967
f 226/967/967 252/998/998 138/999/999
f 226/967/967 138/999/999 200/968/968
f 200/968/968 138/999/999 201/1000/1000
f 200/968/968 201/1000/1000 174/86/86
f 174/86/86 201/1000/1000 175/83/83
f 137/969/969 57/1001/1001 969/970/970
f 969/970/970 57/1001/1001 56/1002/1002
f 969/970/970 56/1002/1002 943/971/971
f 943/971/971 56/1002/1002 149/972/972
f 56/1002/1002 55/1003/1003 149/972/972
f 149/972/972 55/1003/1003 892/973/973
f 892/973/973 55/1003/1003 148/974/974
f 148/974/974 55/1003/1003 54/1004/1004
f 148/974/974 54/1004/1004 147/975/975
f 147/975/975 54/1004/1004 53/1005/1005
f 147/975/975 53/1005/1005 816/976/976
f 816/976/976 53/1005/1005 146/977/977
f 53/1005/1005 52/1006/1006 146/977/977
f 146/977/977 52/1006/1006 765/978/978
f 765/978/978 52/1006/1006 739/979/979
f 739/979/979 52/1006/1006 51/1007/1007
f 739/979/979 51/1007/1007 713/980/980
f 713/980/980 51/1007/1007 687/981/981
f 51/1007/1007 50/1008/1008 687/981/981
f 687/981/981 50/1008/1008 661/982/982
f 661/982/982 50/1008/1008 145/983/983
f 145/983/983 50/1008/1008 49/1009/1009
f 145/983/983 49/1009/1009 610/984/984
f 610/984/984 49/1009/1009 144/985/985
f 49/1009/1009 48/1010/1010 144/985/985
f 144/985/985 48/1010/1010 143/986/986
f 48/1010/1010 47/1011/1011 143/986/986
f 143/986/986 47/1011/1011 534/987/987
f 534/987/987 47/1011/1011 142/988/988
f 142/988/988 47/1011/1011 46/1012/1012
f 142/988/988 46/1012/1012 483/989/989
f 483/989/989 46/1012/1012 457/990/990
f 46/1012/1012 45/1013/1013 457/990/990
f 457/990/990 45/1013/1013 431/991/991
f 431/991/991 45/1013/1013 405/992/992
f 405/992/992 45/1013/1013 44/1014/1014
f 405/992/992 44/1014/1014 379/993/993
f 379/993/993 44/1014/1014 141/994/994
f 44/1014/1014 43/1015/1015 141/994/994
f 141/994/994 43/1015/1015 328/995/995
f 328/995/995 43/1015/1015 140/996/996
f 140/996/996 43/1015/1015 42/1016/1016
f 140/996/996 42/1016/1016 139/997/997
f 139/997/997 42/1016/1016 41/1017/1017
f 139/997/997 41/1017/1017 252/998/998
f 252/998/998 41/1017/1017 138/999/999
f 41/1017/1017 40/81/81 138/999/999
f 138/999/999 40/81/81 201/1000/1000
f 201/1000/1000 40/81/81 175/83/83
f 3/1018/1018 2/1019/1019 79/1020/1020
f 79/1020/1020 2/1019/1019 80/1021/1021
f 80/1021/1021 2/1019/1019 81/1022/1022
f 81/1022/1022 2/1019/1019 82/1023/1023
f 82/1023/1023 2/1019/1019 83/1024/1024
f 83/1024/1024 2/1019/1019 84/1025/1025
f 84/1025/1025 2/1019/1019 85/1026/1026
f 85/1026/1026 2/1019/1019 86/1027/1027
f 86/1027/1027 2/1019/1019 87/1028/1028
f 87/1028/1028 2/1019/1019 88/1029/1029
f 88/1029/1029 2/1019/1019 89/1030/1030
f 89/1030/1030 2/1019/1019 90/1031/1031
f 90/1031/1031 2/1019/1019 91/1032/1032
f 91/1032/1032 2/1019/1019 92/1033/1033
f 92/1033/1033 2/1019/1019 93/1034/1034
f 93/1034/1034 2/1019/1019 94/1035/1035
f 94/1035/1035 2/1019/1019 95/1036/1036
f 95/1036/1036 2/1019/1019 96/1037/1037
f 96/1037/1037 2/1019/1019 97/1038/1038
f 97/1038/1038 2/1019/1019 98/1039/1039
f 98/1039/1039 2/1019/1019 99/1040/1040
f 99/1040/1040 2/1019/1019 100/1041/1041
f 100/1041/1041 2/1019/1019 101/1042/1042
f 101/1042/1042 2/1019/1019 102/1043/1043
f 102/1043/1043 2/1019/1019 103/1044/1044
f 103/1044/1044 2/1019/1019 104/1045/1045
f 104/1045/1045 2/1019/1019 105/1046/1046
f 105/1046/1046 2/1019/1019 106/1047/1047
f 106/1047/1047 2/1019/1019 107/1048/1048
f 107/1048/1048 2/1019/1019 108/1049/1049
f 108/1049/1049 2/1019/1019 109/1050/1050
f 109/1050/1050 2/1019/1019 110/1051/1051
f 110/1051/1051 2/1019/1019 111/1052/1052
f 1/1053/1053 57/1054/1054 2/1055/1055
f 2/1055/1055 57/1054/1054 137/1056/1056
f 2/1055/1055 137/1056/1056 136/1057/1057
f 1/1053/1053 970/1058/1058 57/1054/1054
f 57/1054/1054 970/1058/1058 58/1059/1059
f 58/1059/1059 970/1058/1058 971/1060/1060
f 58/1059/1059 971/1060/1060 972/1061/1061
f 972/1061/1061 973/1062/1062 58/1059/1059
f 58/1059/1059 973/1062/1062 974/1063/1063
f 58/1059/1059 974/1063/1063 975/1064/1064
f 975/1064/1064 976/1065/1065 58/1059/1059
f 58/1059/1059 976/1065/1065 977/1066/1066
f 136/1057/1057 135/1067/1067 2/1055/1055
f 2/1055/1055 135/1067/1067 134/1068/1068
f 2/1055/1055 134/1068/1068 133/1069/1069
f 133/1069/1069 132/1070/1070 2/1055/1055
f 2/1055/1055 132/1070/1070 131/1071/1071
f 2/1055/1055 131/1071/1071 130/1072/1072
f 130/1072/1072 129/1073/1073 2/1055/1055
f 2/1055/1055 129/1073/1073 128/1074/1074
f 2/1055/1055 128/1074/1074 127/1075/1075
f 127/1075/1075 126/1076/1076 2/1055/1055
f 2/1055/1055 126/1076/1076 125/1077/1077
f 2/1055/1055 125/1077/1077 124/1078/1078
f 124/1078/1078 123/1079/1079 2/1055/1055
f 2/1055/1055 123/1079/1079 122/1080/1080
f 2/1055/1055 122/1080/1080 121/1081/1081
f 121/1081/1081 120/1082/1082 2/1055/1055
f 2/1055/1055 120/1082/1082 119/1083/1083
f 2/1055/1055 119/1083/1083 118/1084/1084
f 118/1084/1084 117/1085/1085 2/1055/1055
f 2/1055/1055 117/1085/1085 116/1086/1086
f 2/1055/1055 116/1086/1086 115/1087/1087
f 115/1087/1087 114/1088/1088 2/1055/1055
f 2/1055/1055 114/1088/1088 113/1089/1089
f 2/1055/1055 113/1089/1089 112/1090/1090
f 112/1090/1090 111/1091/1091 2/1055/1055
f 59/1092/1092 58/1093/80 1026/1094/1093
f 1026/1094/1093 58/1093/80 977/1095/1094
f 1026/1094/1093 977/1095/1094 1025/1096/1095
f 1025/1096/1095 977/1095/1094 1024/1097/1096
f 1025/1096/1095 1024/1097/1096 1041/1098/1097
f 1041/1098/1097 1024/1097/1096 1042/1099/1098
f 1041/1098/1097 1042/1099/1098 1039/1100/1099
f 1039/1100/1099 1042/1099/1098 1038/1101/1100
f 1039/1100/1099 1038/1101/1100 1070/1102/1101
f 1070/1102/1101 1038/1101/1100 1071/1103/1102
f 1070/1102/1101 1071/1103/1102 1068/1104/1103
f 1068/1104/1103 1071/1103/1102 1067/1105/1104
f 1068/1104/1103 1067/1105/1104 1097/1106/1105
f 1097/1106/1105 1067/1105/1104 1096/1107/1106
f 1097/1106/1105 1096/1107/1106 1114/1108/1107
f 1114/1108/1107 1096/1107/1106 1115/1109/1108
f 1114/1108/1107 1115/1109/1108 1112/1110/1109
f 1112/1110/1109 1115/1109/1108 1111/1111/1110
f 1112/1110/1109 1111/1111/1110 1143/1112/1111
f 1143/1112/1111 1111/1111/1110 1144/1113/1112
f 1143/1112/1111 1144/1113/1112 1140/1114/1113
f 1140/1114/1113 1144/1113/1112 1139/1115/1114
f 1140/1114/1113 1139/1115/1114 1169/1116/1115
f 1169/1116/1115 1139/1115/1114 1168/1117/1116
f 1169/1116/1115 1168/1117/1116 1183/1118/1117
f 1183/1118/1117 1168/1117/1116 1182/1119/1118
f 1183/1118/1117 1182/1119/1118 1198/1120/1119
f 1198/1120/1119 1182/1119/1118 1197/1121/1120
f 1198/1120/1119 1197/1121/1120 1213/1122/1121
f 1213/1122/1121 1197/1121/1120 1212/1123/1122
f 1213/1122/1121 1212/1123/1122 1231/1124/1123
f 1231/1124/1123 1212/1123/1122 1232/1125/1124
f 1231/1124/1123 1232/1125/1124 1228/1126/1125
f 1228/1126/1125 1232/1125/1124 1227/1127/1126
f 1228/1126/1125 1227/1127/1126 1257/1128/1127
f 1257/1128/1127 1227/1127/1126 1256/1129/1128
f 1257/1128/1127 1256/1129/1128 1272/1130/1129
f 1272/1130/1129 1256/1129/1128 1271/1131/1130
f 1272/1130/1129 1271/1131/1130 1285/1132/1131
f 1285/1132/1131 1271/1131/1130 1284/1133/1132
f 1285/1132/1131 1284/1133/1132 1303/1134/1133
f 1303/1134/1133 1284/1133/1132 1304/1135/1134
f 1303/1134/1133 1304/1135/1134 1300/1136/1135
f 1300/1136/1135 1304/1135/1134 1299/1137/1136
f 1300/1136/1135 1299/1137/1136 1330/1138/1137
f 1330/1138/1137 1299/1137/1136 1329/1139/1138
f 1330/1138/1137 1329/1139/1138 1345/1140/1139
f 1345/1140/1139 1329/1139/1138 1344/1141/1140
f 1345/1140/1139 1344/1141/1140 1001/1142/1141
f 1001/1142/1141 1344/1141/1140 1000/1143/1142
f 1000/1143/1142 1344/1141/1140 1343/1144/1143
f 1000/1143/1142 1343/1144/1143 1342/1145/1144
f 1342/1145/1144 1343/1144/1143 1327/1146/1145
f 1342/1145/1144 1327/1146/1145 1326/1147/1146
f 1326/1147/1146 1327/1146/1145 1296/1148/1147
f 1326/1147/1146 1296/1148/1147 1295/1149/1148
f 1295/1149/1148 1296/1148/1147 1308/1150/1149
f 1295/1149/1148 1308/1150/1149 1309/1151/1150
f 1309/1151/1150 1308/1150/1149 1279/1152/1151
f 1309/1151/1150 1279/1152/1151 1278/1153/1152
f 1278/1153/1152 1279/1152/1151 1265/1154/1153
f 1278/1153/1152 1265/1154/1153 1264/1155/1154
f 1264/1155/1154 1265/1154/1153 1249/1156/1155
f 1264/1155/1154 1249/1156/1155 1248/1157/1156
f 1248/1157/1156 1249/1156/1155 1219/1158/1157
f 1248/1157/1156 1219/1158/1157 1218/1159/1158
f 1218/1159/1158 1219/1158/1157 1241/1160/1159
f 1218/1159/1158 1241/1160/1159 1242/1161/1160
f 1242/1161/1160 1241/1160/1159 1202/1162/1161
f 1242/1161/1160 1202/1162/1161 1201/1163/1162
f 1201/1163/1162 1202/1162/1161 1186/1164/1163
f 1201/1163/1162 1186/1164/1163 1185/1165/1164
f 1185/1165/1164 1186/1164/1163 1170/1166/1165
f 1185/1165/1164 1170/1166/1165 985/1167/1166
f 985/1167/1166 1170/1166/1165 984/1168/1167
f 984/1168/1167 1170/1166/1165 1156/1169/1168
f 984/1168/1167 1156/1169/1168 983/1170/1169
f 983/1170/1169 1156/1169/1168 1127/1171/1170
f 983/1170/1169 1127/1171/1170 982/1172/1171
f 982/1172/1171 1127/1171/1170 1006/1173/1172
f 982/1172/1171 1006/1173/1172 981/1174/1173
f 981/1174/1173 1006/1173/1172 1099/1175/1174
f 981/1174/1173 1099/1175/1174 1007/1176/1175
f 1007/1176/1175 1099/1175/1174 1100/1177/1176
f 1007/1176/1175 1100/1177/1176 1126/1178/1177
f 1126/1178/1177 1100/1177/1176 1101/1179/1178
f 1126/1178/1177 1101/1179/1178 1125/1180/1179
f 1125/1180/1179 1101/1179/1178 1102/1181/1180
f 1125/1180/1179 1102/1181/1180 1124/1182/1181
f 1124/1182/1181 1102/1181/1180 1103/1183/1182
f 1124/1182/1181 1103/1183/1182 1123/1184/1183
f 1123/1184/1183 1103/1183/1182 1104/1185/1184
f 1123/1184/1183 1104/1185/1184 1122/1186/1185
f 1122/1186/1185 1104/1185/1184 1105/1187/1186
f 1122/1186/1185 1105/1187/1186 1121/1188/1187
f 1121/1188/1187 1105/1187/1186 1106/1189/1188
f 1121/1188/1187 1106/1189/1188 1120/1190/1189
f 1120/1190/1189 1106/1189/1188 1107/1191/1190
f 1120/1190/1189 1107/1191/1190 1119/1192/1191
f 1119/1192/1191 1107/1191/1190 1108/1193/1192
f 1119/1192/1191 1108/1193/1192 1118/1194/1193
f 1118/1194/1193 1108/1193/1192 1109/1195/1194
f 1118/1194/1193 1109/1195/1194 1117/1196/1195
f 1117/1196/1195 1109/1195/1194 1110/1197/1196
f 1117/1196/1195 1110/1197/1196 1116/1198/1197
f 1116/1198/1197 1110/1197/1196 1111/1111/1110
f 1116/1198/1197 1111/1111/1110 1115/1109/1108
f 977/1095/1094 976/1199/1198 1024/1097/1096
f 1024/1097/1096 976/1199/1198 1023/1200/1199
f 1024/1097/1096 1023/1200/1199 1042/1099/1098
f 1042/1099/1098 1023/1200/1199 1043/1201/1200
f 1042/1099/1098 1043/1201/1200 1038/1101/1100
f 1038/1101/1100 1043/1201/1200 1037/1202/1201
f 1038/1101/1100 1037/1202/1201 1071/1103/1102
f 1071/1103/1102 1037/1202/1201 1072/1203/1202
f 1071/1103/1102 1072/1203/1202 1067/1105/1104
f 1067/1105/1104 1072/1203/1202 1066/1204/1203
f 1067/1105/1104 1066/1204/1203 1096/1107/1106
f 1096/1107/1106 1066/1204/1203 1095/1205/1204
f 1096/1107/1106 1095/1205/1204 1115/1109/1108
f 1115/1109/1108 1095/1205/1204 1116/1198/1197
f 1023/1200/1199 976/1199/1198 1022/1206/1205
f 1022/1206/1205 976/1199/1198 975/1207/1206
f 1022/1206/1205 975/1207/1206 1021/1208/1207
f 1021/1208/1207 975/1207/1206 1020/1209/1208
f 1021/1208/1207 1020/1209/1208 1045/1210/1209
f 1045/1210/1209 1020/1209/1208 1046/1211/1210
f 1045/1210/1209 1046/1211/1210 1035/1212/1211
f 1035/1212/1211 1046/1211/1210 1034/1213/1212
f 1035/1212/1211 1034/1213/1212 1074/1214/1213
f 1074/1214/1213 1034/1213/1212 1075/1215/1214
f 1074/1214/1213 1075/1215/1214 1064/1216/1215
f 1064/1216/1215 1075/1215/1214 1063/1217/1216
f 1064/1216/1215 1063/1217/1216 1093/1218/1217
f 1093/1218/1217 1063/1217/1216 1092/1219/1218
f 1093/1218/1217 1092/1219/1218 1118/1194/1193
f 1118/1194/1193 1092/1219/1218 1119/1192/1191
f 975/1207/1206 974/1220/1219 1020/1209/1208
f 1020/1209/1208 974/1220/1219 1019/1221/1220
f 1020/1209/1208 1019/1221/1220 1046/1211/1210
f 1046/1211/1210 1019/1221/1220 1047/1222/1221
f 1046/1211/1210 1047/1222/1221 1034/1213/1212
f 1034/1213/1212 1047/1222/1221 1033/1223/1222
f 1034/1213/1212 1033/1223/1222 1075/1215/1214
f 1075/1215/1214 1033/1223/1222 1076/1224/1223
f 1075/1215/1214 1076/1224/1223 1063/1217/1216
f 1063/1217/1216 1076/1224/1223 1062/1225/1224
f 1063/1217/1216 1062/1225/1224 1092/1219/1218
f 1092/1219/1218 1062/1225/1224 1091/1226/1225
f 1092/1219/1218 1091/1226/1225 1119/1192/1191
f 1119/1192/1191 1091/1226/1225 1120/1190/1189
f 1019/1221/1220 974/1220/1219 1018/1227/1226
f 1018/1227/1226 974/1220/1219 973/1228/1227
f 1018/1227/1226 973/1228/1227 1017/1229/1228
f 1017/1229/1228 973/1228/1227 1016/1230/1229
f 1017/1229/1228 1016/1230/1229 1049/1231/1230
f 1049/1231/1230 1016/1230/1229 1050/1232/1231
f 1049/1231/1230 1050/1232/1231 1031/1233/1232
f 1031/1233/1232 1050/1232/1231 1030/1234/1233
f 1031/1233/1232 1030/1234/1233 1078/1235/1234
f 1078/1235/1234 1030/1234/1233 1079/1236/1235
f 1078/1235/1234 1079/1236/1235 1060/1237/1236
f 1060/1237/1236 1079/1236/1235 1059/1238/1237
f 1060/1237/1236 1059/1238/1237 1089/1239/1238
f 1089/1239/1238 1059/1238/1237 1088/1240/1239
f 1089/1239/1238 1088/1240/1239 1122/1186/1185
f 1122/1186/1185 1088/1240/1239 1123/1184/1183
f 973/1228/1227 972/1241/1240 1016/1230/1229
f 1016/1230/1229 972/1241/1240 1015/1242/1241
f 1016/1230/1229 1015/1242/1241 1050/1232/1231
f 1050/1232/1231 1015/1242/1241 1051/1243/1242
f 1050/1232/1231 1051/1243/1242 1030/1234/1233
f 1030/1234/1233 1051/1243/1242 1029/1244/1243
f 1030/1234/1233 1029/1244/1243 1079/1236/1235
f 1079/1236/1235 1029/1244/1243 1080/1245/1244
f 1079/1236/1235 1080/1245/1244 1059/1238/1237
f 1059/1238/1237 1080/1245/1244 1058/1246/1245
f 1059/1238/1237 1058/1246/1245 1088/1240/1239
f 1088/1240/1239 1058/1246/1245 1087/1247/1246
f 1088/1240/1239 1087/1247/1246 1123/1184/1183
f 1123/1184/1183 1087/1247/1246 1124/1182/1181
f 1015/1242/1241 972/1241/1240 1014/1248/1247
f 1014/1248/1247 972/1241/1240 971/1249/1248
f 1014/1248/1247 971/1249/1248 1013/1250/1249
f 1013/1250/1249 971/1249/1248 1011/1251/1250
f 1013/1250/1249 1011/1251/1250 1053/1252/1251
f 1053/1252/1251 1011/1251/1250 1054/1253/1252
f 1053/1252/1251 1054/1253/1252 1027/1254/1253
f 1027/1254/1253 1054/1253/1252 1009/1255/1254
f 1027/1254/1253 1009/1255/1254 1082/1256/1255
f 1082/1256/1255 1009/1255/1254 1083/1257/1256
f 1082/1256/1255 1083/1257/1256 1056/1258/1257
f 1056/1258/1257 1083/1257/1256 1055/1259/1258
f 1056/1258/1257 1055/1259/1258 1085/1260/1259
f 1085/1260/1259 1055/1259/1258 1084/1261/1260
f 1085/1260/1259 1084/1261/1260 1126/1178/1177
f 1126/1178/1177 1084/1261/1260 1007/1176/1175
f 971/1249/1248 970/1262/1261 1011/1251/1250
f 1011/1251/1250 970/1262/1261 978/1263/1262
f 1011/1251/1250 978/1263/1262 1054/1253/1252
f 1054/1253/1252 978/1263/1262 1009/1255/1254
f 978/1263/1262 979/1264/1263 1009/1255/1254
f 1009/1255/1254 979/1264/1263 1083/1257/1256
f 1083/1257/1256 979/1264/1263 1055/1259/1258
f 1055/1259/1258 979/1264/1263 980/1265/1264
f 1055/1259/1258 980/1265/1264 1084/1261/1260
f 1084/1261/1260 980/1265/1264 1007/1176/1175
f 980/1265/1264 981/1174/1173 1007/1176/1175
f 985/1167/1166 986/1266/1265 1185/1165/1164
f 1185/1165/1164 986/1266/1265 1200/1267/1266
f 1185/1165/1164 1200/1267/1266 1201/1163/1162
f 1201/1163/1162 1200/1267/1266 1243/1268/1267
f 1201/1163/1162 1243/1268/1267 1242/1161/1160
f 1242/1161/1160 1243/1268/1267 1217/1269/1268
f 1242/1161/1160 1217/1269/1268 1218/1159/1158
f 1218/1159/1158 1217/1269/1268 1247/1270/1269
f 1218/1159/1158 1247/1270/1269 1248/1157/1156
f 1248/1157/1156 1247/1270/1269 1263/1271/1270
f 1248/1157/1156 1263/1271/1270 1264/1155/1154
f 1264/1155/1154 1263/1271/1270 1277/1272/1271
f 1264/1155/1154 1277/1272/1271 1278/1153/1152
f 1278/1153/1152 1277/1272/1271 1310/1273/1272
f 1278/1153/1152 1310/1273/1272 1309/1151/1150
f 1309/1151/1150 1310/1273/1272 1294/1274/1273
f 1309/1151/1150 1294/1274/1273 1295/1149/1148
f 1295/1149/1148 1294/1274/1273 1325/1275/1274
f 1295/1149/1148 1325/1275/1274 1326/1147/1146
f 1326/1147/1146 1325/1275/1274 1341/1276/1275
f 1326/1147/1146 1341/1276/1275 1342/1145/1144
f 1342/1145/1144 1341/1276/1275 999/1277/1276
f 1342/1145/1144 999/1277/1276 1000/1143/1142
f 1200/1267/1266 986/1266/1265 1004/1278/1277
f 1004/1278/1277 986/1266/1265 987/1279/1278
f 1004/1278/1277 987/1279/1278 1215/1280/1279
f 1215/1280/1279 987/1279/1278 988/1281/1280
f 1215/1280/1279 988/1281/1280 1244/1282/1281
f 1244/1282/1281 988/1281/1280 989/1283/1282
f 1244/1282/1281 989/1283/1282 1259/1284/1283
f 1259/1284/1283 989/1283/1282 990/1285/1284
f 1259/1284/1283 990/1285/1284 1002/1286/1285
f 1002/1286/1285 990/1285/1284 991/1287/1286
f 1002/1286/1285 991/1287/1286 1316/1288/1287
f 1316/1288/1287 991/1287/1286 1287/1289/1288
f 1316/1288/1287 1287/1289/1288 1288/1290/1289
f 1288/1290/1289 1287/1289/1288 1318/1291/1290
f 1288/1290/1289 1318/1291/1290 1319/1292/1291
f 1319/1292/1291 1318/1291/1290 1334/1293/1292
f 1319/1292/1291 1334/1293/1292 1335/1294/1293
f 1335/1294/1293 1334/1293/1292 996/1295/1294
f 1335/1294/1293 996/1295/1294 1336/1296/1295
f 1336/1296/1295 996/1295/1294 997/1297/1296
f 1336/1296/1295 997/1297/1296 1337/1298/1297
f 1337/1298/1297 997/1297/1296 1338/1299/1298
f 1337/1298/1297 1338/1299/1298 1322/1300/1299
f 1322/1300/1299 1338/1299/1298 1323/1301/1300
f 1322/1300/1299 1323/1301/1300 1292/1302/1301
f 1292/1302/1301 1323/1301/1300 1293/1303/1302
f 1292/1302/1301 1293/1303/1302 1311/1304/1303
f 1311/1304/1303 1293/1303/1302 1310/1273/1272
f 1311/1304/1303 1310/1273/1272 1277/1272/1271
f 991/1287/1286 992/1305/1304 1287/1289/1288
f 1287/1289/1288 992/1305/1304 1317/1306/1305
f 1287/1289/1288 1317/1306/1305 1318/1291/1290
f 1318/1291/1290 1317/1306/1305 1333/1307/1306
f 1318/1291/1290 1333/1307/1306 1334/1293/1292
f 1334/1293/1292 1333/1307/1306 995/1308/1307
f 1334/1293/1292 995/1308/1307 996/1295/1294
f 992/1305/1304 993/1309/1308 1317/1306/1305
f 1317/1306/1305 993/1309/1308 1332/1310/1309
f 1317/1306/1305 1332/1310/1309 1333/1307/1306
f 1333/1307/1306 1332/1310/1309 995/1308/1307
f 993/1309/1308 994/1311/1310 1332/1310/1309
f 1332/1310/1309 994/1311/1310 995/1308/1307
f 997/1297/1296 998/1312/1311 1338/1299/1298
f 1338/1299/1298 998/1312/1311 1339/1313/1312
f 1338/1299/1298 1339/1313/1312 1323/1301/1300
f 1323/1301/1300 1339/1313/1312 1324/1314/1313
f 1323/1301/1300 1324/1314/1313 1293/1303/1302
f 1293/1303/1302 1324/1314/1313 1294/1274/1273
f 1293/1303/1302 1294/1274/1273 1310/1273/1272
f 1339/1313/1312 998/1312/1311 1340/1315/1314
f 1340/1315/1314 998/1312/1311 999/1277/1276
f 1340/1315/1314 999/1277/1276 1341/1276/1275
f 1345/1140/1139 1001/1142/1141 1346/1316/1315
f 1346/1316/1315 1001/1142/1141 76/1317/44
f 1346/1316/1315 76/1317/44 75/1318/1316
f 1346/1316/1315 75/1318/1316 1331/1319/1317
f 1331/1319/1317 75/1318/1316 74/1320/48
f 1331/1319/1317 74/1320/48 1301/1321/1318
f 1301/1321/1318 74/1320/48 73/1322/50
f 1301/1321/1318 73/1322/50 1302/1323/1319
f 1302/1323/1319 73/1322/50 72/1324/52
f 1302/1323/1319 72/1324/52 1286/1325/1320
f 1286/1325/1320 72/1324/52 1003/1326/1321
f 1286/1325/1320 1003/1326/1321 1272/1130/1129
f 1272/1130/1129 1003/1326/1321 1257/1128/1127
f 72/1324/52 71/1327/1322 1003/1326/1321
f 1003/1326/1321 71/1327/1322 1258/1328/1323
f 1003/1326/1321 1258/1328/1323 1257/1128/1127
f 1257/1128/1127 1258/1328/1323 1228/1126/1125
f 71/1327/1322 70/1329/1324 1258/1328/1323
f 1258/1328/1323 70/1329/1324 1229/1330/1325
f 1258/1328/1323 1229/1330/1325 1228/1126/1125
f 1228/1126/1125 1229/1330/1325 1231/1124/1123
f 70/1329/1324 69/1331/1326 1229/1330/1325
f 1229/1330/1325 69/1331/1326 1230/1332/1327
f 1229/1330/1325 1230/1332/1327 1231/1124/1123
f 1231/1124/1123 1230/1332/1327 1213/1122/1121
f 69/1331/1326 68/1333/60 1230/1332/1327
f 1230/1332/1327 68/1333/60 1214/1334/1328
f 1230/1332/1327 1214/1334/1328 1213/1122/1121
f 1213/1122/1121 1214/1334/1328 1198/1120/1119
f 68/1333/60 67/1335/62 1214/1334/1328
f 1214/1334/1328 67/1335/62 1199/1336/1329
f 1214/1334/1328 1199/1336/1329 1198/1120/1119
f 1198/1120/1119 1199/1336/1329 1183/1118/1117
f 67/1335/62 66/1337/64 1199/1336/1329
f 1199/1336/1329 66/1337/64 1184/1338/1330
f 1199/1336/1329 1184/1338/1330 1183/1118/1117
f 1183/1118/1117 1184/1338/1330 1169/1116/1115
f 66/1337/64 65/1339/1331 1184/1338/1330
f 1184/1338/1330 65/1339/1331 1005/1340/1332
f 1184/1338/1330 1005/1340/1332 1169/1116/1115
f 1169/1116/1115 1005/1340/1332 1140/1114/1113
f 65/1339/1331 64/1341/1333 1005/1340/1332
f 1005/1340/1332 64/1341/1333 1141/1342/1334
f 1005/1340/1332 1141/1342/1334 1140/1114/1113
f 1140/1114/1113 1141/1342/1334 1143/1112/1111
f 1141/1342/1334 64/1341/1333 1142/1343/1335
f 1142/1343/1335 64/1341/1333 63/1344/1336
f 1142/1343/1335 63/1344/1336 1113/1345/1337
f 1113/1345/1337 63/1344/1336 62/1346/72
f 1113/1345/1337 62/1346/72 1008/1347/1338
f 1008/1347/1338 62/1346/72 61/1348/74
f 1008/1347/1338 61/1348/74 1098/1349/1339
f 1098/1349/1339 61/1348/74 1010/1350/1340
f 1098/1349/1339 1010/1350/1340 1068/1104/1103
f 1068/1104/1103 1010/1350/1340 1070/1102/1101
f 61/1348/74 60/1351/76 1010/1350/1340
f 1010/1350/1340 60/1351/76 1069/1352/1341
f 1010/1350/1340 1069/1352/1341 1070/1102/1101
f 1070/1102/1101 1069/1352/1341 1039/1100/1099
f 1069/1352/1341 60/1351/76 1012/1353/1342
f 1012/1353/1342 60/1351/76 59/1092/1092
f 1012/1353/1342 59/1092/1092 1040/1354/1343
f 1040/1354/1343 59/1092/1092 1026/1094/1093
f 1040/1354/1343 1026/1094/1093 1025/1096/1095
f 1051/1243/1242 1015/1242/1241 1014/1248/1247
f 1014/1248/1247 1013/1250/1249 1052/1355/1344
f 1052/1355/1344 1013/1250/1249 1053/1252/1251
f 1052/1355/1344 1053/1252/1251 1028/1356/1345
f 1028/1356/1345 1053/1252/1251 1027/1254/1253
f 1028/1356/1345 1027/1254/1253 1081/1357/1346
f 1081/1357/1346 1027/1254/1253 1082/1256/1255
f 1081/1357/1346 1082/1256/1255 1057/1358/1347
f 1057/1358/1347 1082/1256/1255 1056/1258/1257
f 1057/1358/1347 1056/1258/1257 1086/1359/1348
f 1086/1359/1348 1056/1258/1257 1085/1260/1259
f 1086/1359/1348 1085/1260/1259 1125/1180/1179
f 1125/1180/1179 1085/1260/1259 1126/1178/1177
f 1047/1222/1221 1019/1221/1220 1018/1227/1226
f 1018/1227/1226 1017/1229/1228 1048/1360/1349
f 1048/1360/1349 1017/1229/1228 1049/1231/1230
f 1048/1360/1349 1049/1231/1230 1032/1361/1350
f 1032/1361/1350 1049/1231/1230 1031/1233/1232
f 1032/1361/1350 1031/1233/1232 1077/1362/1351
f 1077/1362/1351 1031/1233/1232 1078/1235/1234
f 1077/1362/1351 1078/1235/1234 1061/1363/1352
f 1061/1363/1352 1078/1235/1234 1060/1237/1236
f 1061/1363/1352 1060/1237/1236 1090/1364/1353
f 1090/1364/1353 1060/1237/1236 1089/1239/1238
f 1090/1364/1353 1089/1239/1238 1121/1188/1187
f 1121/1188/1187 1089/1239/1238 1122/1186/1185
f 1043/1201/1200 1023/1200/1199 1022/1206/1205
f 1022/1206/1205 1021/1208/1207 1044/1365/1354
f 1044/1365/1354 1021/1208/1207 1045/1210/1209
f 1044/1365/1354 1045/1210/1209 1036/1366/1355
f 1036/1366/1355 1045/1210/1209 1035/1212/1211
f 1036/1366/1355 1035/1212/1211 1073/1367/1356
f 1073/1367/1356 1035/1212/1211 1074/1214/1213
f 1073/1367/1356 1074/1214/1213 1065/1368/1357
f 1065/1368/1357 1074/1214/1213 1064/1216/1215
f 1065/1368/1357 1064/1216/1215 1094/1369/1358
f 1094/1369/1358 1064/1216/1215 1093/1218/1217
f 1094/1369/1358 1093/1218/1217 1117/1196/1195
f 1117/1196/1195 1093/1218/1217 1118/1194/1193
f 1040/1354/1343 1025/1096/1095 1041/1098/1097
f 1028/1356/1345 1029/1244/1243 1052/1355/1344
f 1052/1355/1344 1029/1244/1243 1051/1243/1242
f 1052/1355/1344 1051/1243/1242 1014/1248/1247
f 1029/1244/1243 1028/1356/1345 1080/1245/1244
f 1080/1245/1244 1028/1356/1345 1081/1357/1346
f 1080/1245/1244 1081/1357/1346 1058/1246/1245
f 1058/1246/1245 1081/1357/1346 1057/1358/1347
f 1058/1246/1245 1057/1358/1347 1087/1247/1246
f 1087/1247/1246 1057/1358/1347 1086/1359/1348
f 1087/1247/1246 1086/1359/1348 1124/1182/1181
f 1124/1182/1181 1086/1359/1348 1125/1180/1179
f 1032/1361/1350 1033/1223/1222 1048/1360/1349
f 1048/1360/1349 1033/1223/1222 1047/1222/1221
f 1048/1360/1349 1047/1222/1221 1018/1227/1226
f 1033/1223/1222 1032/1361/1350 1076/1224/1223
f 1076/1224/1223 1032/1361/1350 1077/1362/1351
f 1076/1224/1223 1077/1362/1351 1062/1225/1224
f 1062/1225/1224 1077/1362/1351 1061/1363/1352
f 1062/1225/1224 1061/1363/1352 1091/1226/1225
f 1091/1226/1225 1061/1363/1352 1090/1364/1353
f 1091/1226/1225 1090/1364/1353 1120/1190/1189
f 1120/1190/1189 1090/1364/1353 1121/1188/1187
f 1036/1366/1355 1037/1202/1201 1044/1365/1354
f 1044/1365/1354 1037/1202/1201 1043/1201/1200
f 1044/1365/1354 1043/1201/1200 1022/1206/1205
f 1037/1202/1201 1036/1366/1355 1072/1203/1202
f 1072/1203/1202 1036/1366/1355 1073/1367/1356
f 1072/1203/1202 1073/1367/1356 1066/1204/1203
f 1066/1204/1203 1073/1367/1356 1065/1368/1357
f 1066/1204/1203 1065/1368/1357 1095/1205/1204
f 1095/1205/1204 1065/1368/1357 1094/1369/1358
f 1095/1205/1204 1094/1369/1358 1116/1198/1197
f 1116/1198/1197 1094/1369/1358 1117/1196/1195
f 1040/1354/1343 1041/1098/1097 1012/1353/1342
f 1012/1353/1342 1041/1098/1097 1039/1100/1099
f 1012/1353/1342 1039/1100/1099 1069/1352/1341
f 1098/1349/1339 1068/1104/1103 1097/1106/1105
f 1008/1347/1338 1098/1349/1339 1097/1106/1105
f 1008/1347/1338 1097/1106/1105 1114/1108/1107
f 1100/1177/1176 1099/1175/1174 1155/1370/1359
f 1155/1370/1359 1099/1175/1174 1006/1173/1172
f 1155/1370/1359 1006/1173/1172 1128/1371/1360
f 1128/1371/1360 1006/1173/1172 1127/1171/1170
f 1128/1371/1360 1127/1171/1170 1157/1372/1361
f 1157/1372/1361 1127/1171/1170 1156/1169/1168
f 1157/1372/1361 1156/1169/1168 1171/1373/1362
f 1171/1373/1362 1156/1169/1168 1170/1166/1165
f 1171/1373/1362 1170/1166/1165 1186/1164/1163
f 1101/1179/1178 1100/1177/1176 1154/1374/1363
f 1154/1374/1363 1100/1177/1176 1155/1370/1359
f 1154/1374/1363 1155/1370/1359 1129/1375/1364
f 1129/1375/1364 1155/1370/1359 1128/1371/1360
f 1129/1375/1364 1128/1371/1360 1158/1376/1365
f 1158/1376/1365 1128/1371/1360 1157/1372/1361
f 1158/1376/1365 1157/1372/1361 1172/1377/1366
f 1172/1377/1366 1157/1372/1361 1171/1373/1362
f 1172/1377/1366 1171/1373/1362 1187/1378/1367
f 1187/1378/1367 1171/1373/1362 1186/1164/1163
f 1187/1378/1367 1186/1164/1163 1202/1162/1161
f 1102/1181/1180 1101/1179/1178 1153/1379/1368
f 1153/1379/1368 1101/1179/1178 1154/1374/1363
f 1153/1379/1368 1154/1374/1363 1130/1380/1369
f 1130/1380/1369 1154/1374/1363 1129/1375/1364
f 1130/1380/1369 1129/1375/1364 1159/1381/1370
f 1159/1381/1370 1129/1375/1364 1158/1376/1365
f 1159/1381/1370 1158/1376/1365 1173/1382/1371
f 1173/1382/1371 1158/1376/1365 1172/1377/1366
f 1173/1382/1371 1172/1377/1366 1188/1383/1372
f 1188/1383/1372 1172/1377/1366 1187/1378/1367
f 1188/1383/1372 1187/1378/1367 1203/1384/1373
f 1203/1384/1373 1187/1378/1367 1202/1162/1161
f 1203/1384/1373 1202/1162/1161 1241/1160/1159
f 1103/1183/1182 1102/1181/1180 1152/1385/1374
f 1152/1385/1374 1102/1181/1180 1153/1379/1368
f 1152/1385/1374 1153/1379/1368 1131/1386/1375
f 1131/1386/1375 1153/1379/1368 1130/1380/1369
f 1131/1386/1375 1130/1380/1369 1160/1387/1376
f 1160/1387/1376 1130/1380/1369 1159/1381/1370
f 1160/1387/1376 1159/1381/1370 1174/1388/1377
f 1174/1388/1377 1159/1381/1370 1173/1382/1371
f 1174/1388/1377 1173/1382/1371 1189/1389/1378
f 1189/1389/1378 1173/1382/1371 1188/1383/1372
f 1189/1389/1378 1188/1383/1372 1204/1390/1379
f 1204/1390/1379 1188/1383/1372 1203/1384/1373
f 1204/1390/1379 1203/1384/1373 1240/1391/1380
f 1240/1391/1380 1203/1384/1373 1241/1160/1159
f 1240/1391/1380 1241/1160/1159 1219/1158/1157
f 1104/1185/1184 1103/1183/1182 1151/1392/1381
f 1151/1392/1381 1103/1183/1182 1152/1385/1374
f 1151/1392/1381 1152/1385/1374 1132/1393/1382
f 1132/1393/1382 1152/1385/1374 1131/1386/1375
f 1132/1393/1382 1131/1386/1375 1161/1394/1383
f 1161/1394/1383 1131/1386/1375 1160/1387/1376
f 1161/1394/1383 1160/1387/1376 1175/1395/1384
f 1175/1395/1384 1160/1387/1376 1174/1388/1377
f 1175/1395/1384 1174/1388/1377 1190/1396/1385
f 1190/1396/1385 1174/1388/1377 1189/1389/1378
f 1190/1396/1385 1189/1389/1378 1205/1397/1386
f 1205/1397/1386 1189/1389/1378 1204/1390/1379
f 1205/1397/1386 1204/1390/1379 1239/1398/1387
f 1239/1398/1387 1204/1390/1379 1240/1391/1380
f 1239/1398/1387 1240/1391/1380 1220/1399/1388
f 1220/1399/1388 1240/1391/1380 1219/1158/1157
f 1220/1399/1388 1219/1158/1157 1249/1156/1155
f 1105/1187/1186 1104/1185/1184 1150/1400/1389
f 1150/1400/1389 1104/1185/1184 1151/1392/1381
f 1150/1400/1389 1151/1392/1381 1133/1401/1390
f 1133/1401/1390 1151/1392/1381 1132/1393/1382
f 1133/1401/1390 1132/1393/1382 1162/1402/1391
f 1162/1402/1391 1132/1393/1382 1161/1394/1383
f 1162/1402/1391 1161/1394/1383 1176/1403/1392
f 1176/1403/1392 1161/1394/1383 1175/1395/1384
f 1176/1403/1392 1175/1395/1384 1191/1404/1393
f 1191/1404/1393 1175/1395/1384 1190/1396/1385
f 1191/1404/1393 1190/1396/1385 1206/1405/1394
f 1206/1405/1394 1190/1396/1385 1205/1397/1386
f 1206/1405/1394 1205/1397/1386 1238/1406/1395
f 1238/1406/1395 1205/1397/1386 1239/1398/1387
f 1238/1406/1395 1239/1398/1387 1221/1407/1396
f 1221/1407/1396 1239/1398/1387 1220/1399/1388
f 1221/1407/1396 1220/1399/1388 1250/1408/1397
f 1250/1408/1397 1220/1399/1388 1249/1156/1155
f 1250/1408/1397 1249/1156/1155 1265/1154/1153
f 1106/1189/1188 1105/1187/1186 1149/1409/1398
f 1149/1409/1398 1105/1187/1186 1150/1400/1389
f 1149/1409/1398 1150/1400/1389 1134/1410/1399
f 1134/1410/1399 1150/1400/1389 1133/1401/1390
f 1134/1410/1399 1133/1401/1390 1163/1411/1400
f 1163/1411/1400 1133/1401/1390 1162/1402/1391
f 1163/1411/1400 1162/1402/1391 1177/1412/1401
f 1177/1412/1401 1162/1402/1391 1176/1403/1392
f 1177/1412/1401 1176/1403/1392 1192/1413/1402
f 1192/1413/1402 1176/1403/1392 1191/1404/1393
f 1192/1413/1402 1191/1404/1393 1207/1414/1403
f 1207/1414/1403 1191/1404/1393 1206/1405/1394
f 1207/1414/1403 1206/1405/1394 1237/1415/1404
f 1237/1415/1404 1206/1405/1394 1238/1406/1395
f 1237/1415/1404 1238/1406/1395 1222/1416/1405
f 1222/1416/1405 1238/1406/1395 1221/1407/1396
f 1222/1416/1405 1221/1407/1396 1251/1417/1406
f 1251/1417/1406 1221/1407/1396 1250/1408/1397
f 1251/1417/1406 1250/1408/1397 1266/1418/1407
f 1266/1418/1407 1250/1408/1397 1265/1154/1153
f 1266/1418/1407 1265/1154/1153 1279/1152/1151
f 1107/1191/1190 1106/1189/1188 1148/1419/1408
f 1148/1419/1408 1106/1189/1188 1149/1409/1398
f 1148/1419/1408 1149/1409/1398 1135/1420/1409
f 1135/1420/1409 1149/1409/1398 1134/1410/1399
f 1135/1420/1409 1134/1410/1399 1164/1421/1410
f 1164/1421/1410 1134/1410/1399 1163/1411/1400
f 1164/1421/1410 1163/1411/1400 1178/1422/1411
f 1178/1422/1411 1163/1411/1400 1177/1412/1401
f 1178/1422/1411 1177/1412/1401 1193/1423/1412
f 1193/1423/1412 1177/1412/1401 1192/1413/1402
f 1193/1423/1412 1192/1413/1402 1208/1424/1413
f 1208/1424/1413 1192/1413/1402 1207/1414/1403
f 1208/1424/1413 1207/1414/1403 1236/1425/1414
f 1236/1425/1414 1207/1414/1403 1237/1415/1404
f 1236/1425/1414 1237/1415/1404 1223/1426/1415
f 1223/1426/1415 1237/1415/1404 1222/1416/1405
f 1223/1426/1415 1222/1416/1405 1252/1427/1416
f 1252/1427/1416 1222/1416/1405 1251/1417/1406
f 1252/1427/1416 1251/1417/1406 1267/1428/1417
f 1267/1428/1417 1251/1417/1406 1266/1418/1407
f 1267/1428/1417 1266/1418/1407 1280/1429/1418
f 1280/1429/1418 1266/1418/1407 1279/1152/1151
f 1280/1429/1418 1279/1152/1151 1308/1150/1149
f 1108/1193/1192 1107/1191/1190 1147/1430/1419
f 1147/1430/1419 1107/1191/1190 1148/1419/1408
f 1147/1430/1419 1148/1419/1408 1136/1431/1420
f 1136/1431/1420 1148/1419/1408 1135/1420/1409
f 1136/1431/1420 1135/1420/1409 1165/1432/1421
f 1165/1432/1421 1135/1420/1409 1164/1421/1410
f 1165/1432/1421 1164/1421/1410 1179/1433/1422
f 1179/1433/1422 1164/1421/1410 1178/1422/1411
f 1179/1433/1422 1178/1422/1411 1194/1434/1423
f 1194/1434/1423 1178/1422/1411 1193/1423/1412
f 1194/1434/1423 1193/1423/1412 1209/1435/1424
f 1209/1435/1424 1193/1423/1412 1208/1424/1413
f 1209/1435/1424 1208/1424/1413 1235/1436/1425
f 1235/1436/1425 1208/1424/1413 1236/1425/1414
f 1235/1436/1425 1236/1425/1414 1224/1437/1426
f 1224/1437/1426 1236/1425/1414 1223/1426/1415
f 1224/1437/1426 1223/1426/1415 1253/1438/1427
f 1253/1438/1427 1223/1426/1415 1252/1427/1416
f 1253/1438/1427 1252/1427/1416 1268/1439/1428
f 1268/1439/1428 1252/1427/1416 1267/1428/1417
f 1268/1439/1428 1267/1428/1417 1281/1440/1429
f 1281/1440/1429 1267/1428/1417 1280/1429/1418
f 1281/1440/1429 1280/1429/1418 1307/1441/1430
f 1307/1441/1430 1280/1429/1418 1308/1150/1149
f 1307/1441/1430 1308/1150/1149 1296/1148/1147
f 1109/1195/1194 1108/1193/1192 1146/1442/1431
f 1146/1442/1431 1108/1193/1192 1147/1430/1419
f 1146/1442/1431 1147/1430/1419 1137/1443/1432
f 1137/1443/1432 1147/1430/1419 1136/1431/1420
f 1137/1443/1432 1136/1431/1420 1166/1444/1433
f 1166/1444/1433 1136/1431/1420 1165/1432/1421
f 1166/1444/1433 1165/1432/1421 1180/1445/1434
f 1180/1445/1434 1165/1432/1421 1179/1433/1422
f 1180/1445/1434 1179/1433/1422 1195/1446/1435
f 1195/1446/1435 1179/1433/1422 1194/1434/1423
f 1195/1446/1435 1194/1434/1423 1210/1447/1436
f 1210/1447/1436 1194/1434/1423 1209/1435/1424
f 1210/1447/1436 1209/1435/1424 1234/1448/1437
f 1234/1448/1437 1209/1435/1424 1235/1436/1425
f 1234/1448/1437 1235/1436/1425 1225/1449/1438
f 1225/1449/1438 1235/1436/1425 1224/1437/1426
f 1225/1449/1438 1224/1437/1426 1254/1450/1439
f 1254/1450/1439 1224/1437/1426 1253/1438/1427
f 1254/1450/1439 1253/1438/1427 1269/1451/1440
f 1269/1451/1440 1253/1438/1427 1268/1439/1428
f 1269/1451/1440 1268/1439/1428 1282/1452/1441
f 1282/1452/1441 1268/1439/1428 1281/1440/1429
f 1282/1452/1441 1281/1440/1429 1306/1453/1442
f 1306/1453/1442 1281/1440/1429 1307/1441/1430
f 1306/1453/1442 1307/1441/1430 1297/1454/1443
f 1297/1454/1443 1307/1441/1430 1296/1148/1147
f 1297/1454/1443 1296/1148/1147 1327/1146/1145
f 1144/1113/1112 1111/1111/1110 1110/1197/1196
f 1110/1197/1196 1109/1195/1194 1145/1455/1444
f 1145/1455/1444 1109/1195/1194 1146/1442/1431
f 1145/1455/1444 1146/1442/1431 1138/1456/1445
f 1138/1456/1445 1146/1442/1431 1137/1443/1432
f 1138/1456/1445 1137/1443/1432 1167/1457/1446
f 1167/1457/1446 1137/1443/1432 1166/1444/1433
f 1167/1457/1446 1166/1444/1433 1181/1458/1447
f 1181/1458/1447 1166/1444/1433 1180/1445/1434
f 1181/1458/1447 1180/1445/1434 1196/1459/1448
f 1196/1459/1448 1180/1445/1434 1195/1446/1435
f 1196/1459/1448 1195/1446/1435 1211/1460/1449
f 1211/1460/1449 1195/1446/1435 1210/1447/1436
f 1211/1460/1449 1210/1447/1436 1233/1461/1450
f 1233/1461/1450 1210/1447/1436 1234/1448/1437
f 1233/1461/1450 1234/1448/1437 1226/1462/1451
f 1226/1462/1451 1234/1448/1437 1225/1449/1438
f 1226/1462/1451 1225/1449/1438 1255/1463/1452
f 1255/1463/1452 1225/1449/1438 1254/1450/1439
f 1255/1463/1452 1254/1450/1439 1270/1464/1453
f 1270/1464/1453 1254/1450/1439 1269/1451/1440
f 1270/1464/1453 1269/1451/1440 1283/1465/1454
f 1283/1465/1454 1269/1451/1440 1282/1452/1441
f 1283/1465/1454 1282/1452/1441 1305/1466/1455
f 1305/1466/1455 1282/1452/1441 1306/1453/1442
f 1305/1466/1455 1306/1453/1442 1298/1467/1456
f 1298/1467/1456 1306/1453/1442 1297/1454/1443
f 1298/1467/1456 1297/1454/1443 1328/1468/1457
f 1328/1468/1457 1297/1454/1443 1327/1146/1145
f 1328/1468/1457 1327/1146/1145 1343/1144/1143
f 1008/1347/1338 1114/1108/1107 1113/1345/1337
f 1113/1345/1337 1114/1108/1107 1112/1110/1109
f 1113/1345/1337 1112/1110/1109 1142/1343/1335
f 1142/1343/1335 1112/1110/1109 1143/1112/1111
f 1142/1343/1335 1143/1112/1111 1141/1342/1334
f 1138/1456/1445 1139/1115/1114 1145/1455/1444
f 1145/1455/1444 1139/1115/1114 1144/1113/1112
f 1145/1455/1444 1144/1113/1112 1110/1197/1196
f 1139/1115/1114 1138/1456/1445 1168/1117/1116
f 1168/1117/1116 1138/1456/1445 1167/1457/1446
f 1168/1117/1116 1167/1457/1446 1182/1119/1118
f 1182/1119/1118 1167/1457/1446 1181/1458/1447
f 1182/1119/1118 1181/1458/1447 1197/1121/1120
f 1197/1121/1120 1181/1458/1447 1196/1459/1448
f 1197/1121/1120 1196/1459/1448 1212/1123/1122
f 1212/1123/1122 1196/1459/1448 1211/1460/1449
f 1212/1123/1122 1211/1460/1449 1232/1125/1124
f 1232/1125/1124 1211/1460/1449 1233/1461/1450
f 1232/1125/1124 1233/1461/1450 1227/1127/1126
f 1227/1127/1126 1233/1461/1450 1226/1462/1451
f 1227/1127/1126 1226/1462/1451 1256/1129/1128
f 1256/1129/1128 1226/1462/1451 1255/1463/1452
f 1256/1129/1128 1255/1463/1452 1271/1131/1130
f 1271/1131/1130 1255/1463/1452 1270/1464/1453
f 1271/1131/1130 1270/1464/1453 1284/1133/1132
f 1284/1133/1132 1270/1464/1453 1283/1465/1454
f 1284/1133/1132 1283/1465/1454 1304/1135/1134
f 1304/1135/1134 1283/1465/1454 1305/1466/1455
f 1304/1135/1134 1305/1466/1455 1299/1137/1136
f 1299/1137/1136 1305/1466/1455 1298/1467/1456
f 1299/1137/1136 1298/1467/1456 1329/1139/1138
f 1329/1139/1138 1298/1467/1456 1328/1468/1457
f 1329/1139/1138 1328/1468/1457 1344/1141/1140
f 1344/1141/1140 1328/1468/1457 1343/1144/1143
f 1215/1280/1279 1216/1469/1458 1004/1278/1277
f 1004/1278/1277 1216/1469/1458 1243/1268/1267
f 1004/1278/1277 1243/1268/1267 1200/1267/1266
f 1243/1268/1267 1216/1469/1458 1217/1269/1268
f 1217/1269/1268 1216/1469/1458 1246/1470/1459
f 1217/1269/1268 1246/1470/1459 1247/1270/1269
f 1247/1270/1269 1246/1470/1459 1262/1471/1460
f 1247/1270/1269 1262/1471/1460 1263/1271/1270
f 1263/1271/1270 1262/1471/1460 1276/1472/1461
f 1263/1271/1270 1276/1472/1461 1277/1272/1271
f 1277/1272/1271 1276/1472/1461 1311/1304/1303
f 1216/1469/1458 1215/1280/1279 1245/1473/1462
f 1245/1473/1462 1215/1280/1279 1244/1282/1281
f 1245/1473/1462 1244/1282/1281 1260/1474/1463
f 1260/1474/1463 1244/1282/1281 1259/1284/1283
f 1260/1474/1463 1259/1284/1283 1273/1475/1464
f 1273/1475/1464 1259/1284/1283 1002/1286/1285
f 1273/1475/1464 1002/1286/1285 1315/1476/1465
f 1315/1476/1465 1002/1286/1285 1316/1288/1287
f 1315/1476/1465 1316/1288/1287 1288/1290/1289
f 1216/1469/1458 1245/1473/1462 1246/1470/1459
f 1246/1470/1459 1245/1473/1462 1261/1477/1466
f 1246/1470/1459 1261/1477/1466 1262/1471/1460
f 1262/1471/1460 1261/1477/1466 1275/1478/1467
f 1262/1471/1460 1275/1478/1467 1276/1472/1461
f 1276/1472/1461 1275/1478/1467 1312/1479/1468
f 1276/1472/1461 1312/1479/1468 1311/1304/1303
f 1311/1304/1303 1312/1479/1468 1292/1302/1301
f 1261/1477/1466 1245/1473/1462 1260/1474/1463
f 1261/1477/1466 1260/1474/1463 1274/1480/1469
f 1274/1480/1469 1260/1474/1463 1273/1475/1464
f 1274/1480/1469 1273/1475/1464 1314/1481/1470
f 1314/1481/1470 1273/1475/1464 1315/1476/1465
f 1314/1481/1470 1315/1476/1465 1289/1482/1471
f 1289/1482/1471 1315/1476/1465 1288/1290/1289
f 1289/1482/1471 1288/1290/1289 1319/1292/1291
f 1286/1325/1320 1272/1130/1129 1285/1132/1131
f 1261/1477/1466 1274/1480/1469 1275/1478/1467
f 1275/1478/1467 1274/1480/1469 1313/1483/1472
f 1275/1478/1467 1313/1483/1472 1312/1479/1468
f 1312/1479/1468 1313/1483/1472 1291/1484/1473
f 1312/1479/1468 1291/1484/1473 1292/1302/1301
f 1292/1302/1301 1291/1484/1473 1322/1300/1299
f 1313/1483/1472 1274/1480/1469 1314/1481/1470
f 1302/1323/1319 1286/1325/1320 1285/1132/1131
f 1302/1323/1319 1285/1132/1131 1303/1134/1133
f 1313/1483/1472 1314/1481/1470 1290/1485/1474
f 1290/1485/1474 1314/1481/1470 1289/1482/1471
f 1290/1485/1474 1289/1482/1471 1320/1486/1475
f 1320/1486/1475 1289/1482/1471 1319/1292/1291
f 1320/1486/1475 1319/1292/1291 1335/1294/1293
f 1313/1483/1472 1290/1485/1474 1291/1484/1473
f 1291/1484/1473 1290/1485/1474 1321/1487/1476
f 1291/1484/1473 1321/1487/1476 1322/1300/1299
f 1322/1300/1299 1321/1487/1476 1337/1298/1297
f 1321/1487/1476 1290/1485/1474 1320/1486/1475
f 1325/1275/1274 1294/1274/1273 1324/1314/1313
f 1302/1323/1319 1303/1134/1133 1301/1321/1318
f 1301/1321/1318 1303/1134/1133 1300/1136/1135
f 1301/1321/1318 1300/1136/1135 1331/1319/1317
f 1331/1319/1317 1300/1136/1135 1330/1138/1137
f 1331/1319/1317 1330/1138/1137 1346/1316/1315
f 1346/1316/1315 1330/1138/1137 1345/1140/1139
f 1335/1294/1293 1336/1296/1295 1320/1486/1475
f 1320/1486/1475 1336/1296/1295 1321/1487/1476
f 1336/1296/1295 1337/1298/1297 1321/1487/1476
f 1339/1313/1312 1340/1315/1314 1324/1314/1313
f 1324/1314/1313 1340/1315/1314 1325/1275/1274
f 1340/1315/1314 1341/1276/1275 1325/1275/1274
f 39/1488/1477 1347/1489/1478 1/1490/1479
f 1/1490/1479 1347/1489/1478 1348/1491/1480
f 1/1490/1479 1348/1491/1480 994/1492/1310
f 994/1492/1310 993/1493/1308 1/1490/1479
f 1/1490/1479 993/1493/1308 992/1494/1304
f 1/1490/1479 992/1494/1304 991/1495/1286
f 991/1495/1286 990/1496/1284 1/1490/1479
f 1/1490/1479 990/1496/1284 989/1497/1282
f 1/1490/1479 989/1497/1282 988/1498/1280
f 988/1498/1280 987/1499/1278 1/1490/1479
f 1/1490/1479 987/1499/1278 986/1500/1265
f 1/1490/1479 986/1500/1265 985/1501/1166
f 985/1501/1166 984/1502/1167 1/1490/1479
f 1/1490/1479 984/1502/1167 983/1503/1169
f 1/1490/1479 983/1503/1169 982/1504/1171
f 982/1504/1171 981/1505/1173 1/1490/1479
f 1/1490/1479 981/1505/1173 980/1506/1264
f 1/1490/1479 980/1506/1264 979/1507/1263
f 979/1507/1263 978/1508/1262 1/1490/1479
f 1/1490/1479 978/1508/1262 970/1509/1261
f 39/1510/1477 38/1511/1481 1347/1512/1478
f 1347/1512/1478 38/1511/1481 1348/1513/1480
f 1348/1513/1480 38/1511/1481 995/1514/1307
f 1348/1513/1480 995/1514/1307 994/1515/1310
f 995/1514/1307 38/1511/1481 996/1516/1294
f 996/1516/1294 38/1511/1481 37/1517/1482
f 996/1516/1294 37/1517/1482 997/1518/1296
f 997/1518/1296 37/1517/1482 36/1519/1483
f 997/1518/1296 36/1519/1483 35/1520/1484
f 997/1518/1296 35/1520/1484 998/1521/1311
f 998/1521/1311 35/1520/1484 34/1522/1485
f 998/1521/1311 34/1522/1485 999/1523/1276
f 999/1523/1276 34/1522/1485 33/1524/1486
f 999/1523/1276 33/1524/1486 1000/1525/1142
f 1000/1525/1142 33/1524/1486 32/1526/1487
f 1000/1525/1142 32/1526/1487 1001/1527/1141
f 1001/1527/1141 32/1526/1487 77/1528/43
f 1001/1527/1141 77/1528/43 76/1529/44
f 31/1530/40 78/1531/42 32/1526/1487
f 32/1526/1487 78/1531/42 77/1528/43
# 1348 vertices
# 1531 texture params
# 1487 normals
# 2692 facets

# 1 groups
