# WaveFront *.obj file (generated by Autodesk ATF)

mtllib Whole_BBL.mtl

g Whole_BBL

v 0.000000 -333.436254 0.000000
v 0.000000 0.000000 0.000000
v -333.336269 0.000000 0.000000
v -332.980620 -15.396302 0.000000
v -331.914431 -30.759760 0.000000
v -330.139978 -46.057601 0.000000
v -327.661044 -61.257189 0.000000
v -324.482919 -76.326102 0.000000
v -320.612383 -91.232193 0.000000
v -316.057691 -105.943664 0.000000
v -310.828560 -120.429133 0.000000
v -304.936145 -134.657697 0.000000
v -298.393017 -148.599005 0.000000
v -291.213132 -162.223317 0.000000
v -283.411808 -175.501568 0.000000
v -275.005686 -188.405432 0.000000
v -266.012699 -200.907384 0.000000
v -256.452031 -212.980752 0.000000
v -246.344077 -224.599783 0.000000
v -235.710399 -235.739689 0.000000
v -224.573683 -246.376707 0.000000
v -212.957684 -256.488145 0.000000
v -200.887184 -266.052434 0.000000
v -188.387930 -275.049170 0.000000
v -175.486587 -283.459161 0.000000
v -162.210676 -291.264467 0.000000
v -148.588519 -298.448437 0.000000
v -134.649174 -304.995747 0.000000
v -120.422377 -310.892428 0.000000
v -105.938477 -316.125903 0.000000
v -91.228373 -320.685007 0.000000
v -76.323443 -324.560014 0.000000
v -61.255484 -327.742658 0.000000
v -46.056640 -330.226150 0.000000
v -30.759332 -332.005191 0.000000
v -15.396195 -333.075987 0.000000
v 0.000000 0.000000 -333.436254
v 0.000000 -15.399239 -333.080469
v 0.000000 -30.765616 -332.013874
v 0.000000 -46.066337 -330.238744
v 0.000000 -61.268751 -327.758868
v 0.000000 -76.340414 -324.579538
v 0.000000 -91.249162 -320.707539
v 0.000000 -105.963180 -316.151134
v 0.000000 -120.451068 -310.920047
v 0.000000 -134.681907 -305.025441
v 0.000000 -148.625328 -298.479894
v 0.000000 -162.251574 -291.297377
v 0.000000 -175.531568 -283.493217
v 0.000000 -188.436969 -275.084067
v 0.000000 -200.940236 -266.087875
v 0.000000 -213.014686 -256.523837
v 0.000000 -224.634552 -246.412365
v 0.000000 -235.775036 -235.775036
v 0.000000 -246.412365 -224.634552
v 0.000000 -256.523837 -213.014686
v 0.000000 -266.087875 -200.940236
v 0.000000 -275.084067 -188.436969
v 0.000000 -283.493217 -175.531568
v 0.000000 -291.297377 -162.251574
v 0.000000 -298.479894 -148.625328
v 0.000000 -305.025441 -134.681907
v 0.000000 -310.920047 -120.451068
v 0.000000 -316.151134 -105.963180
v 0.000000 -320.707539 -91.249162
v 0.000000 -324.579538 -76.340414
v 0.000000 -327.758868 -61.268751
v 0.000000 -330.238744 -46.066337
v 0.000000 -332.013874 -30.765616
v 0.000000 -333.080469 -15.399239
v -332.980620 0.000000 -15.396302
v -331.914431 0.000000 -30.759760
v -330.139978 0.000000 -46.057601
v -327.661044 0.000000 -61.257189
v -324.482919 0.000000 -76.326102
v -320.612383 0.000000 -91.232193
v -316.057691 0.000000 -105.943664
v -310.828560 0.000000 -120.429133
v -304.936145 0.000000 -134.657697
v -298.393017 0.000000 -148.599005
v -291.213132 0.000000 -162.223317
v -283.411808 0.000000 -175.501568
v -275.005686 0.000000 -188.405432
v -266.012699 0.000000 -200.907384
v -256.452031 0.000000 -212.980752
v -246.344077 0.000000 -224.599783
v -235.710399 0.000000 -235.739689
v -224.573683 0.000000 -246.376707
v -212.957684 0.000000 -256.488145
v -200.887184 0.000000 -266.052434
v -188.387930 0.000000 -275.049170
v -175.486587 0.000000 -283.459161
v -162.210676 0.000000 -291.264467
v -148.588519 0.000000 -298.448437
v -134.649174 0.000000 -304.995747
v -120.422377 0.000000 -310.892428
v -105.938477 0.000000 -316.125903
v -91.228373 0.000000 -320.685007
v -76.323443 0.000000 -324.560014
v -61.255484 0.000000 -327.742658
v -46.056640 0.000000 -330.226150
v -30.759332 0.000000 -332.005191
v -15.396195 0.000000 -333.075987
v -192.409520 -192.509520 -192.509520
v -181.488352 -192.310359 -203.032366
v -170.191461 -191.713289 -213.135118
v -158.542219 -190.719546 -222.796872
v -146.564732 -189.331185 -231.997638
v -134.283780 -187.551079 -240.718378
v -121.724775 -185.382912 -248.941048
v -108.913703 -182.831169 -256.648634
v -95.877071 -179.901130 -263.825189
v -82.641853 -176.598858 -270.455864
v -69.235433 -172.931186 -276.526939
v -55.685552 -168.905702 -282.025852
v -42.020245 -164.530736 -286.941226
v -28.267787 -159.815339 -291.262891
v -14.456633 -154.769268 -294.981904
v -0.615360 -149.402965 -298.090570
v -146.619597 -2.075205 -299.414093
v -174.860744 -5.555554 -283.791507
v -206.393049 -11.399098 -261.553869
v -232.504293 -8.074492 -238.767231
v -238.667231 -8.074492 -232.604293
v -261.453869 -11.399098 -206.493049
v -288.134092 -8.664703 -167.409010
v -303.063539 -6.369309 -138.676046
v -311.630111 -118.333560 -1.118925
v -277.328653 -184.957823 -1.921329
v -248.546602 -221.984012 -8.815403
v -242.680259 -228.405925 -8.259833
v -217.525930 -252.449792 -9.370294
v -204.130074 -263.301875 -11.914068
v -179.871596 -280.671588 -3.664620
v -157.199689 -293.699567 -13.308549
v -127.891042 -307.635707 -12.582146
v -7.771034 -304.338630 -135.999231
v -1.005587 -275.762039 -187.440179
v -10.378043 -257.983731 -210.984242
v -9.270294 -252.449792 -217.625930
v -8.159833 -228.405925 -242.780259
v -8.715403 -221.984012 -248.646602
v -14.233859 -195.075240 -270.036917
v -1.821329 -184.957823 -277.428653
v -186.443582 -185.705880 -204.681616
v -180.091666 -178.517996 -216.430205
v -173.366917 -170.960742 -227.730979
v -166.283247 -163.049752 -238.560556
v -158.855315 -154.801397 -248.896527
v -151.098487 -146.232742 -258.717506
v -143.028816 -137.361517 -268.003174
v -134.662996 -128.206078 -276.734316
v -126.018339 -118.785368 -284.892868
v -117.112731 -109.118879 -292.461949
v -107.964597 -99.226612 -299.425897
v -98.592868 -89.129036 -305.770303
v -89.016933 -78.847043 -311.482040
v -79.256607 -68.401908 -316.549291
v -69.332084 -57.815242 -320.961569
v -59.263899 -47.108951 -324.709747
v -49.072884 -36.305187 -327.786068
v -38.780126 -25.426304 -330.184167
v -28.406921 -14.494811 -331.899083
v -17.974732 -3.533327 -332.927267
v -9.170792 -12.179784 -333.084750
v -19.923437 -22.826544 -332.050834
v -30.634651 -33.426073 -330.329872
v -41.282273 -43.956441 -327.925425
v -51.844270 -54.395859 -324.842468
v -62.298790 -64.722726 -321.087379
v -72.624200 -74.915675 -316.667930
v -82.799137 -84.953617 -311.593263
v -92.802547 -94.815781 -305.873879
v -102.613733 -104.481762 -299.521612
v -112.212394 -113.931560 -292.549605
v -121.578669 -123.145622 -284.972284
v -130.693180 -132.104884 -276.805327
v -139.537066 -140.790807 -268.065633
v -148.092029 -149.185421 -258.771285
v -156.340369 -157.271355 -248.941513
v -164.265018 -165.031880 -238.596657
v -171.849580 -172.450937 -227.758121
v -179.078361 -179.513176 -216.448331
v -185.936404 -186.203985 -204.690688
v -0.606255 -21.059248 -332.769822
v -11.670642 -31.382803 -331.747369
v -22.710675 -41.641424 -330.038498
v -33.703509 -51.813884 -327.646745
v -44.626401 -61.879137 -324.577058
v -55.456750 -71.816355 -320.835790
v -66.172146 -81.604978 -316.430680
v -76.750419 -91.224753 -311.370845
v -87.169680 -100.655774 -305.666752
v -97.408372 -109.878529 -299.330205
v -107.445310 -118.873934 -292.374314
v -117.259726 -127.623378 -284.813472
v -126.831313 -136.108756 -276.663322
v -136.140266 -144.312511 -267.940729
v -145.167325 -152.217670 -258.663740
v -153.893811 -159.807876 -248.851551
v -162.301670 -167.067423 -238.524463
v -170.373503 -173.981291 -227.703844
v -178.092609 -180.535175 -216.412084
v -185.443018 -186.715514 -204.672545
v -3.666678 -40.144781 -330.989356
v -15.025614 -50.054296 -329.310687
v -26.353253 -59.860244 -326.950642
v -37.626158 -69.542335 -323.914103
v -48.821005 -79.080536 -320.207354
v -59.914628 -88.455112 -315.838064
v -70.884076 -97.646666 -310.815275
v -81.706650 -106.636179 -305.149378
v -92.359959 -115.405051 -298.852097
v -102.821959 -123.935139 -291.936461
v -113.071003 -132.208792 -284.416780
v -123.085885 -140.208893 -276.308613
v -132.845883 -147.918888 -267.628736
v -142.330803 -155.322824 -258.395109
v -151.521020 -162.405381 -248.626836
v -160.397518 -169.151906 -238.344131
v -168.941931 -175.548439 -227.568268
v -177.136579 -181.581745 -216.321543
v -184.964508 -187.239341 -204.627228
v -7.596362 -58.646197 -328.148038
v -19.247662 -68.077833 -325.838644
v -30.858930 -77.368609 -322.855058
v -42.406140 -86.499302 -319.203453
v -53.865402 -95.451019 -314.891384
v -65.213003 -104.205239 -309.927774
v -76.425466 -112.743848 -304.322893
v -87.479590 -121.049179 -298.088338
v -98.352503 -129.104047 -291.237009
v -109.021708 -136.891786 -283.783081
v -119.465129 -144.396283 -275.741979
v -129.661159 -151.602009 -267.130339
v -139.588700 -158.494056 -257.965980
v -149.227211 -165.058163 -248.267864
v -158.556749 -171.280748 -238.056058
v -167.558011 -177.148937 -227.351690
v -176.212372 -182.650587 -216.176908
v -184.501926 -187.774315 -204.554836
v -0.439250 -67.398239 -326.553107
v -12.402355 -76.448586 -324.313198
v -24.339591 -85.340754 -321.402252
v -36.226259 -94.056343 -317.826293
v -48.037764 -102.577321 -313.592721
v -59.749667 -110.886055 -308.710294
v -71.337736 -118.965356 -303.189115
v -82.777993 -126.798506 -297.040608
v -94.046767 -134.369297 -290.277494
v -105.120742 -141.662064 -282.913768
v -115.977006 -148.661719 -274.964666
v -126.593094 -155.353779 -266.446634
v -136.947042 -161.724395 -257.377298
v -147.017426 -167.760389 -247.775423
v -156.783410 -173.449269 -237.660877
v -166.224786 -178.779266 -227.054586
v -175.322020 -183.739351 -215.978497
v -184.056289 -188.319261 -204.455528
v -5.832380 -84.954104 -322.377655
v -18.082472 -93.441246 -319.558878
v -30.294944 -101.735048 -316.078903
v -42.444525 -109.818351 -311.944929
v -54.506078 -117.674429 -307.165510
v -66.454645 -125.287027 -301.750535
v -78.265504 -132.640393 -295.711209
v -89.914217 -139.719314 -289.060027
v -101.376682 -146.509141 -281.810752
v -112.629181 -152.995827 -273.978382
v -123.648433 -159.165949 -265.579124
v -134.411637 -165.006742 -256.630357
v -144.896523 -170.506119 -247.150596
v -155.081397 -175.652702 -237.159456
v -164.945186 -180.435842 -226.677610
v -174.467479 -184.845643 -215.726746
v -183.628576 -188.872980 -204.329522
v -12.101330 -101.652278 -317.328989
v -24.625235 -109.518538 -313.965122
v -37.097981 -117.158194 -309.951631
v -49.493761 -124.555437 -305.296818
v -61.786926 -131.694964 -300.010317
v -73.952042 -138.562000 -294.103065
v -85.963936 -145.142338 -287.587284
v -97.797756 -151.422362 -280.476457
v -109.429015 -157.389079 -272.785297
v -120.833648 -163.030142 -264.529717
v -131.988058 -168.333879 -255.726799
v -142.869164 -173.289317 -246.394757
v -153.454453 -177.886202 -236.552899
v -163.722023 -182.115024 -226.221591
v -173.650629 -185.967031 -215.422208
v -183.219727 -189.434254 -204.177095
v -6.409310 -109.955800 -314.717486
v -19.229594 -117.389702 -311.489599
v -32.009884 -124.580713 -307.617208
v -44.723735 -131.513955 -303.108327
v -57.344841 -138.175081 -297.972285
v -69.847088 -144.550309 -292.219709
v -82.204608 -150.626448 -285.862502
v -94.391832 -156.390926 -278.913817
v -106.383542 -161.831817 -271.388032
v -118.154928 -166.937861 -263.300718
v -129.681633 -171.698494 -254.668609
v -140.939806 -176.103866 -245.509566
v -151.906154 -180.144862 -235.842539
v -162.557987 -183.813120 -225.687531
v -172.873264 -187.101051 -215.065552
v -182.830643 -190.001852 -203.998583
v -182.462176 -190.574524 -203.794377
v -172.137094 -188.245210 -214.657564
v -161.455636 -185.526399 -225.076603
v -150.439904 -182.423715 -235.029936
v -139.112690 -178.943578 -244.496969
v -127.497431 -175.093190 -253.458114
v -115.618160 -170.880517 -261.894830
v -103.499457 -166.314275 -269.789659
v -91.166397 -161.403912 -277.126266
v -78.644497 -156.159589 -283.889472
v -65.959668 -150.592156 -290.065283
v -53.138154 -144.713133 -295.640920
v -40.206485 -138.534684 -300.604847
v -27.191419 -132.069594 -304.946792
v -14.119883 -125.331238 -308.657773
v -1.018925 -118.333560 -311.730111
v -9.307334 -133.325690 -305.475871
v -22.653177 -139.608374 -301.946254
v -35.951942 -145.602194 -297.791880
v -49.176112 -151.294749 -293.021346
v -62.298325 -156.674260 -287.644521
v -75.291429 -161.729597 -281.672532
v -88.128541 -166.450299 -275.117734
v -100.783100 -170.826600 -267.993691
v -113.228921 -174.849443 -260.315142
v -125.440254 -178.510505 -252.097976
v -137.391832 -181.802212 -243.359194
v -149.058925 -184.717752 -234.116878
v -160.417394 -187.251093 -224.390151
v -171.443737 -189.396992 -214.199138
v -182.115139 -191.151011 -203.564927
v -4.802525 -141.355482 -301.950887
v -18.405136 -147.180480 -298.622189
v -31.969458 -152.700947 -294.675612
v -45.467425 -157.905460 -290.119322
v -58.871108 -162.783252 -284.962746
v -72.152775 -167.324229 -279.216555
v -85.284943 -171.518996 -272.892636
v -98.240441 -175.358873 -266.004077
v -110.992464 -178.835915 -258.565128
v -123.514625 -181.942928 -250.591183
v -135.781015 -184.673483 -242.098740
v -147.766254 -187.021930 -233.105371
v -159.445543 -188.983411 -223.629683
v -170.794717 -190.553867 -213.691284
v -181.790293 -191.730047 -203.310737
v -181.209981 -192.890671 -202.730425
v -169.635294 -192.872712 -212.531862
v -157.709409 -192.455681 -221.893549
v -145.456999 -191.640440 -230.796116
v -132.903419 -190.428676 -239.221143
v -120.074641 -188.822896 -247.151199
v -106.997210 -186.826423 -254.569874
v -93.698184 -184.443388 -261.461819
v -80.205080 -181.678721 -267.812774
v -66.545818 -178.538143 -273.609597
v -52.748658 -175.028152 -278.840296
v -38.842150 -171.156011 -283.494046
v -24.855066 -166.929731 -287.561220
v -10.816348 -162.358057 -291.033400
v -7.492283 -169.930163 -286.785359
v -21.738797 -174.028484 -283.578735
v -35.940125 -177.766722 -279.785359
v -50.066883 -181.137144 -275.413079
v -64.089840 -184.132775 -270.470943
v -77.979982 -186.747417 -264.969175
v -91.708569 -188.975661 -258.919160
v -105.247196 -190.812895 -252.333416
v -118.567848 -192.255318 -245.225569
v -131.642965 -193.299947 -237.610327
v -144.445492 -193.944618 -229.503445
v -156.948941 -194.187999 -220.921697
v -169.127440 -194.029586 -211.882842
v -180.955791 -193.469707 -202.405579
v -4.491744 -177.468943 -282.247118
v -18.925831 -181.095993 -279.324192
v -33.320551 -184.348338 -275.823317
v -47.646121 -187.219248 -271.751737
v -61.872900 -189.702783 -267.117875
v -75.971451 -191.793805 -261.931320
v -89.912602 -193.487986 -256.202803
v -103.667508 -194.781821 -249.944177
v -117.207709 -195.672634 -243.168393
v -130.505189 -196.158580 -235.889469
v -143.532434 -196.238655 -228.122466
v -156.262489 -195.912693 -219.883455
v -168.669015 -195.181369 -211.189484
v -180.726341 -194.046194 -202.058542
v -180.522135 -194.618866 -201.690075
v -168.261026 -196.325527 -210.453314
v -155.651561 -197.625972 -218.781105
v -142.719831 -198.517508 -226.656216
v -129.492593 -198.998293 -234.062352
v -115.997215 -199.067330 -240.984191
v -102.261620 -198.724477 -247.407410
v -88.314229 -197.970444 -253.318718
v -74.183900 -196.806790 -258.705885
v -59.899870 -195.235924 -263.557764
v -45.491695 -193.261095 -267.864316
v -30.989186 -190.886391 -271.616630
v -16.422351 -188.116723 -274.806943
v -28.951154 -197.366508 -267.174545
v -43.608340 -199.249404 -263.759363
v -58.175088 -200.720034 -259.798436
v -72.621259 -201.775354 -255.299961
v -86.916964 -202.413182 -250.273245
v -101.032621 -202.632196 -244.728689
v -114.939025 -202.431945 -238.677766
v -128.607402 -201.812841 -232.132994
v -142.009471 -200.776168 -225.107917
v -155.117501 -199.324068 -217.617069
v -167.904371 -197.459547 -209.675950
v -180.343623 -195.186464 -201.300990
v -180.191196 -195.747738 -200.892142
v -167.599833 -198.580936 -208.859099
v -154.661481 -201.003250 -216.393906
v -141.402914 -203.009669 -223.480973
v -127.851562 -204.596040 -230.105636
v -114.035467 -205.759082 -236.254187
v -99.983213 -206.496388 -241.913905
v -85.723878 -206.806433 -247.073079
v -71.286965 -206.688575 -251.721035
v -56.702345 -206.143058 -255.848155
v -42.000195 -205.171011 -259.445900
v -27.210936 -203.774444 -262.506826
v -12.365168 -201.956249 -265.024600
v -10.820384 -208.744622 -259.781010
v -25.772356 -210.096115 -257.623735
v -40.670796 -211.012899 -254.933411
v -55.484878 -211.493075 -251.715605
v -70.183948 -211.535652 -247.976974
v -84.737595 -211.140541 -243.725255
v -99.115704 -210.308559 -238.969244
v -113.288525 -209.041428 -233.718782
v -127.226735 -207.341770 -227.984733
v -140.901494 -205.213101 -221.778961
v -154.284506 -202.659826 -215.114306
v -167.348081 -199.687228 -208.004559
v -180.065190 -196.301457 -200.464429
v -9.602904 -215.425439 -254.317674
v -24.638578 -216.317623 -252.536005
v -39.623066 -216.762225 -250.231815
v -54.525364 -216.758325 -247.409869
v -69.314635 -216.305931 -244.076009
v -83.960282 -215.405978 -240.237131
v -98.431999 -214.060329 -235.901179
v -112.699844 -212.271768 -231.077124
v -126.734294 -210.043996 -225.774948
v -140.506313 -207.381622 -220.005621
v -153.987402 -204.290155 -213.781081
v -167.149670 -200.775992 -207.114206
v -179.965882 -196.846403 -200.018792
v -179.893490 -197.381377 -199.556210
v -167.005035 -201.844833 -206.189999
v -153.770824 -205.890653 -212.397161
v -140.218239 -209.510464 -218.164852
v -126.375322 -212.696777 -223.481138
v -112.270715 -215.443000 -228.335020
v -97.933602 -217.743450 -232.716455
v -83.393648 -219.593367 -236.616376
v -68.680937 -220.988924 -240.026714
v -53.825911 -221.927233 -242.940414
v -38.859308 -222.406353 -245.351445
v -23.812093 -222.425293 -247.254821
v -23.294719 -228.405697 -241.791791
v -38.381199 -227.932875 -240.303032
v -53.388058 -226.988438 -238.317062
v -68.284245 -225.574339 -235.837991
v -83.038938 -223.693505 -232.870948
v -97.621609 -221.349826 -229.422072
v -112.002083 -218.548153 -225.498499
v -126.150608 -215.294283 -221.108347
v -140.037907 -211.594947 -216.260701
v -153.635248 -207.457801 -210.965589
v -166.914495 -202.891404 -205.233969
v -179.848172 -197.905204 -199.077700
v -8.048637 -240.783635 -230.513744
v -23.191168 -239.932435 -230.368603
v -38.285508 -238.584792 -229.746807
v -53.300423 -236.743493 -228.649641
v -68.204849 -234.412349 -227.079378
v -82.967944 -231.596182 -225.039264
v -97.559164 -228.300820 -222.533522
v -111.948318 -224.533082 -219.567336
v -126.105632 -220.300762 -216.146844
v -140.001815 -215.612618 -212.279123
v -153.608113 -210.478350 -207.972175
v -166.896374 -204.908582 -203.234912
v -179.839102 -198.914838 -198.077136
v -179.830030 -198.416733 -198.584314
v -166.878248 -203.913402 -204.248218
v -153.580971 -208.988155 -209.489512
v -139.965713 -213.630490 -214.297352
v -126.060645 -217.830803 -218.661790
v -111.894539 -221.580403 -222.573794
v -97.496704 -224.871530 -226.025272
v -82.896933 -227.697377 -229.009081
v -68.125433 -230.052095 -231.519048
v -53.212767 -231.930813 -233.549978
v -38.189792 -233.329642 -235.097671
v -23.087592 -234.245690 -236.158924
v -7.937415 -234.677061 -236.731541
v -8.493256 -246.712223 -224.140538
v -23.605220 -245.453431 -224.433556
v -38.668134 -243.686772 -224.262200
v -53.650834 -241.415901 -223.626823
v -68.522318 -238.645516 -222.528740
v -83.251816 -235.381351 -220.970224
v -97.808850 -231.630158 -218.954498
v -112.163302 -227.399700 -216.485733
v -126.285469 -222.698730 -213.569039
v -140.146133 -217.536973 -210.210449
v -153.716614 -211.925112 -206.416912
v -166.968832 -205.874756 -202.196279
v -179.875369 -199.398425 -197.557282
v -25.360427 -255.950020 -212.181761
v -40.290130 -253.386722 -212.940254
v -55.136262 -250.299143 -213.258153
v -69.868105 -246.693670 -213.134800
v -84.455178 -242.577763 -212.570450
v -98.867297 -237.959939 -211.566271
v -113.074643 -232.849753 -210.124340
v -127.047819 -227.257777 -208.247641
v -140.757914 -221.195583 -205.940058
v -154.176561 -214.675713 -203.206364
v -167.275994 -207.711659 -200.052216
v -180.029109 -200.317828 -196.484140
v -179.938751 -199.866431 -197.025894
v -167.095465 -206.809800 -201.134603
v -153.906235 -213.325259 -204.827144
v -140.398351 -219.399326 -208.095878
v -126.599762 -225.019435 -210.934040
v -112.539019 -230.173957 -213.335760
v -98.245214 -234.852226 -215.296067
v -83.747924 -239.044562 -216.810905
v -69.077144 -242.742292 -217.877139
v -54.263229 -245.937764 -218.492565
v -39.336832 -248.624366 -218.655908
v -24.328836 -250.796541 -218.366830
v -13.575211 -268.392532 -197.378273
v -28.337789 -265.643212 -199.511206
v -43.041525 -262.344251 -201.231331
v -57.655998 -258.502473 -202.535088
v -72.150968 -254.125827 -203.419780
v -86.496443 -249.223371 -203.883577
v -100.662742 -243.805247 -203.925518
v -114.620553 -237.882665 -203.545518
v -128.340995 -231.467881 -202.744361
v -141.795681 -224.574167 -201.523707
v -154.956770 -217.215788 -199.886080
v -167.797032 -209.407967 -197.834869
v -180.289898 -201.166860 -195.374319
v -180.146244 -200.751622 -195.933211
v -167.510021 -208.578349 -198.951498
v -154.526996 -215.973507 -201.558135
v -141.224033 -222.921795 -203.747728
v -127.628656 -229.408836 -205.515746
v -113.768996 -235.421207 -206.858533
v -99.673730 -240.946468 -207.773308
v -85.372022 -245.973187 -208.258181
v -70.893465 -250.490964 -208.312146
v -56.268015 -254.490450 -207.935093
v -41.525933 -257.963370 -207.127802
v -26.697724 -260.902539 -205.891944
v -11.814068 -263.301875 -204.230074
v -15.657603 -273.244514 -190.443900
v -30.277015 -270.161619 -193.053573
v -44.833574 -266.519732 -195.263800
v -59.297161 -262.326391 -197.070006
v -73.637850 -257.590270 -198.468456
v -87.825967 -252.321169 -199.456254
v -101.832158 -246.529991 -200.031358
v -115.627440 -240.228718 -200.192577
v -129.183271 -233.430388 -199.939578
v -142.471602 -226.149068 -199.272885
v -155.464939 -218.399823 -198.193876
v -168.136396 -210.198688 -196.704784
v -180.459756 -201.562630 -194.808691
v -6.455815 -285.304377 -172.447613
v -20.767122 -282.190333 -176.388561
v -35.035253 -278.492410 -179.964543
v -49.230686 -274.218259 -183.168161
v -63.324049 -269.376723 -185.992786
v -77.286181 -263.977820 -188.432574
v -91.088194 -258.032721 -190.482476
v -104.701529 -251.553726 -192.138252
v -118.098019 -244.554243 -193.396474
v -131.249946 -237.048752 -194.254540
v -144.130097 -229.052784 -194.710674
v -156.711822 -220.582884 -194.763932
v -168.969088 -211.656576 -194.414205
v -180.876533 -202.292329 -193.662215
v -180.655444 -201.938061 -194.237571
v -168.527368 -210.948773 -195.563727
v -156.050385 -219.523012 -196.485241
v -143.250312 -227.643035 -197.000208
v -130.153633 -235.292043 -197.107562
v -116.787446 -242.454208 -196.807082
v -103.179407 -249.114712 -196.099388
v -89.357673 -255.259772 -194.985945
v -75.350843 -260.876675 -193.469057
v -61.187897 -265.953799 -191.551863
v -46.898140 -270.480638 -189.238328
v -32.511140 -274.447825 -186.533241
v -18.056664 -277.847153 -183.442199
v -3.564620 -280.671588 -179.971596
v -9.672815 -289.650221 -164.884769
v -23.783019 -286.264507 -169.298491
v -37.843806 -282.286483 -173.361918
v -51.826084 -277.724380 -177.066642
v -65.700921 -272.587639 -180.404998
v -79.439610 -266.886887 -183.370078
v -93.013724 -260.633919 -185.955748
v -106.395176 -253.841674 -188.156656
v -119.556279 -246.524206 -189.968250
v -132.469802 -238.696655 -191.386781
v -145.109025 -230.375217 -192.409314
v -157.447795 -221.577110 -193.033733
v -169.460584 -212.320538 -193.258746
v -181.122536 -202.624654 -193.083887
v -3.371041 -300.700970 -144.036884
v -17.055244 -297.443515 -149.709046
v -30.703951 -293.570620 -155.071445
v -44.288922 -289.090298 -160.112986
v -57.782048 -284.011821 -164.823238
v -71.155410 -278.345694 -169.192454
v -84.381338 -272.103643 -173.211594
v -97.432466 -265.298583 -176.872342
v -110.281789 -257.944594 -180.167124
v -122.902721 -250.056892 -183.089122
v -135.269149 -241.651798 -185.632291
v -147.355484 -232.746702 -187.791368
v -159.136720 -223.360031 -189.561887
v -170.588479 -213.511205 -190.940183
v -181.687067 -203.220604 -191.923406
v -181.392912 -202.934306 -192.503859
v -170.000777 -212.939201 -192.099889
v -158.256687 -222.503504 -191.298446
v -146.184942 -231.607426 -190.101187
v -133.810519 -240.232129 -188.510591
v -121.159021 -248.359768 -186.529947
v -108.256627 -255.973526 -184.163354
v -95.130032 -263.057649 -181.415709
v -81.806397 -269.597481 -178.292698
v -68.313289 -275.579488 -174.800781
v -54.678628 -280.991295 -170.947184
v -40.930624 -285.821703 -166.739880
v -27.097724 -290.060717 -162.187575
v -13.208549 -293.699567 -157.299689
v -21.204445 -300.873833 -142.129527
v -34.593774 -296.786500 -147.965743
v -47.911318 -292.085085 -153.495803
v -61.129522 -286.779318 -158.708266
v -74.221037 -280.880177 -163.592345
v -87.158773 -274.399866 -168.137936
v -99.915963 -267.351795 -172.335632
v -112.466210 -259.750547 -176.176749
v -124.783546 -251.611849 -179.653340
v -136.842486 -242.952542 -182.758209
v -148.618079 -233.790542 -185.484934
v -160.085959 -224.144806 -187.827873
v -171.222398 -214.035293 -189.782177
v -182.004355 -203.482919 -191.343803
v -4.578401 -313.763151 -112.741045
v -17.494019 -310.584954 -120.029921
v -30.373234 -306.764127 -127.070444
v -43.189397 -302.308575 -133.848045
v -55.915989 -297.227516 -140.348702
v -68.526679 -291.531464 -146.558963
v -80.995374 -285.232205 -152.465979
v -93.296274 -278.342773 -158.057528
v -105.403928 -270.877422 -163.322041
v -117.293284 -262.851598 -168.248624
v -128.939742 -254.281909 -172.827084
v -140.319204 -245.186086 -177.047948
v -151.408125 -235.582948 -180.902482
v -162.183560 -225.492366 -184.382712
v -172.623215 -214.935218 -187.481435
v -182.705489 -203.933348 -190.192240
v -182.344078 -203.720675 -190.766325
v -171.901141 -214.510312 -188.628415
v -161.102317 -224.856106 -186.100215
v -149.969949 -234.736651 -183.186955
v -138.527072 -244.131502 -179.894664
v -126.797362 -253.021221 -176.230152
v -114.805089 -261.387414 -172.201003
v -102.575066 -269.212771 -167.815553
v -90.132598 -276.481101 -163.082876
v -77.503430 -283.177363 -158.012765
v -64.713692 -289.287704 -152.615710
v -51.789849 -294.799480 -146.902877
v -38.758641 -299.701287 -140.886089
v -25.647030 -303.982982 -134.577793
v -12.482146 -307.635707 -127.991042
v -10.171234 -316.500623 -104.410739
v -22.795637 -313.179889 -112.133369
v -35.372668 -309.211154 -119.623983
v -47.876302 -304.602631 -126.867083
v -60.280668 -299.363856 -133.847683
v -72.560101 -293.505666 -140.551339
v -84.689193 -287.040185 -146.964180
v -96.642847 -279.980789 -153.072938
v -108.396332 -272.342086 -158.864973
v -119.925326 -264.139880 -164.328301
v -131.205977 -255.391142 -169.451617
v -142.214942 -246.113975 -174.224321
v -152.929444 -236.327574 -178.636538
v -163.327312 -226.052188 -182.679138
v -173.387034 -215.309077 -186.343757
v -183.087793 -204.120471 -189.622812
v -3.706087 -321.642051 -87.816000
v -16.057432 -318.858303 -96.166861
v -28.375346 -315.414806 -104.318743
v -40.634341 -311.318685 -112.254779
v -52.809054 -306.578414 -119.958549
v -64.874292 -301.203803 -127.414113
v -76.805091 -295.205971 -134.606044
v -88.576767 -288.597329 -141.519462
v -100.164962 -281.391550 -148.140063
v -111.545698 -273.603545 -154.454147
v -122.695429 -265.249427 -160.448651
v -133.591084 -256.346482 -166.111170
v -144.210119 -246.913130 -171.429989
v -154.530561 -236.968892 -176.394102
v -164.531058 -226.534341 -180.993239
v -174.190918 -215.631068 -185.217883
v -183.490152 -204.281633 -189.059292
v -10.181045 -323.713391 -79.269702
v -22.224058 -320.831008 -88.027531
v -34.220880 -317.284793 -96.603222
v -46.146689 -313.082085 -104.979031
v -57.976808 -308.231580 -113.137628
v -69.686762 -302.743313 -121.062132
v -81.252319 -296.628640 -128.736147
v -92.649551 -289.900213 -136.143794
v -103.854875 -282.571954 -143.269746
v -114.845105 -274.659026 -150.099259
v -125.597503 -266.177801 -156.618202
v -136.089821 -257.145828 -162.813086
v -146.300348 -247.581795 -168.671094
v -156.207959 -237.505491 -174.180105
v -165.792153 -226.937765 -179.328720
v -175.033100 -215.900482 -184.106286
v -183.911679 -204.416480 -188.502919
v -5.179631 -327.664272 -61.546694
v -16.936217 -325.375954 -70.851968
v -28.657554 -322.414401 -80.010642
v -40.319389 -318.785740 -89.003766
v -51.897592 -314.497480 -97.812733
v -63.368207 -309.558494 -106.419315
v -74.707500 -303.979001 -114.805706
v -85.892008 -297.770546 -122.954552
v -96.898591 -290.945974 -130.848993
v -107.704475 -283.519406 -138.472695
v -118.287300 -275.506208 -145.809883
v -128.625170 -266.922961 -152.845375
v -138.696695 -257.787424 -159.564616
v -148.481036 -248.118500 -165.953702
v -157.957948 -237.936193 -171.999413
v -167.107823 -227.261574 -177.689241
v -175.911728 -216.116727 -183.011412
v -184.351448 -204.524714 -187.954914
v -1.057042 -330.635934 -43.107838
v -12.519955 -328.971346 -52.899296
v -23.956755 -326.626084 -62.581299
v -35.343780 -323.605001 -72.133816
v -46.657468 -319.914346 -81.537081
v -57.874410 -315.561758 -90.771637
v -68.971397 -310.556241 -99.818378
v -79.925469 -304.908153 -108.658585
v -90.713960 -298.629179 -117.273967
v -101.314548 -291.732313 -125.646697
v -111.705300 -284.231823 -133.759452
v -121.864715 -276.143230 -141.595446
v -131.771773 -267.483269 -149.138464
v -141.405976 -258.269859 -156.372900
v -150.747389 -248.522064 -163.283786
v -159.776683 -238.260051 -169.856821
v -168.475177 -227.505055 -176.078405
v -176.824873 -216.279329 -181.935666
v -184.808493 -204.606099 -187.416485
v -8.974126 -331.545142 -34.281547
v -20.121596 -329.844328 -44.424672
v -31.227226 -327.461034 -54.475879
v -42.268036 -324.400191 -64.414369
v -53.221183 -320.668132 -74.219580
v -64.064003 -316.272579 -83.871223
v -74.774062 -311.222626 -93.349328
v -85.329199 -305.528724 -102.634284
v -95.707574 -299.202652 -111.706880
v -105.887714 -292.257501 -120.548343
v -115.848555 -284.707640 -129.140380
v -125.569487 -276.568691 -137.465213
v -135.030396 -267.857494 -145.505617
v -144.211708 -258.592073 -153.244955
v -153.094424 -248.791600 -160.667214
v -161.660166 -238.476353 -167.757037
v -169.891210 -227.667674 -174.499754
v -177.770525 -216.387929 -180.881414
v -185.281809 -204.660456 -186.888812
v -6.288405 -333.032251 -15.114669
v -17.145967 -332.000246 -25.654602
v -27.967844 -330.281300 -36.141452
v -38.731647 -327.878969 -46.553523
v -49.415103 -324.798224 -56.869269
v -59.996108 -321.045439 -67.067348
v -70.452767 -316.628380 -77.126657
v -80.763446 -311.556186 -87.026384
v -90.906811 -305.839351 -96.746045
v -100.861874 -299.489704 -106.265529
v -110.608036 -292.520384 -115.565138
v -120.125133 -284.945810 -124.625632
v -129.393472 -276.781655 -133.428264
v -138.393876 -268.044812 -141.954819
v -147.107723 -258.753357 -150.187655
v -155.516982 -248.926517 -158.109739
v -163.604255 -238.584622 -165.704678
v -171.352807 -227.749073 -172.956757
v -178.746607 -216.442289 -179.850973
v -185.770355 -204.687664 -186.373058
v -15.014669 -333.032251 -6.388405
v -25.554602 -332.000246 -17.245967
v -36.041452 -330.281300 -28.067844
v -46.453523 -327.878969 -38.831647
v -56.769269 -324.798224 -49.515103
v -66.967348 -321.045439 -60.096108
v -77.026657 -316.628380 -70.552767
v -86.926384 -311.556186 -80.863446
v -96.646045 -305.839351 -91.006811
v -106.165529 -299.489704 -100.961874
v -115.465138 -292.520384 -110.708036
v -124.525632 -284.945810 -120.225133
v -133.328264 -276.781655 -129.493472
v -141.854819 -268.044812 -138.493876
v -150.087655 -258.753357 -147.207723
v -158.009739 -248.926517 -155.616982
v -165.604678 -238.584622 -163.704255
v -172.856757 -227.749073 -171.452807
v -179.750973 -216.442289 -178.846607
v -186.273058 -204.687664 -185.870355
v -34.181547 -331.545142 -9.074126
v -44.324672 -329.844328 -20.221596
v -54.375879 -327.461034 -31.327226
v -64.314369 -324.400191 -42.368036
v -74.119580 -320.668132 -53.321183
v -83.771223 -316.272579 -64.164003
v -93.249328 -311.222626 -74.874062
v -102.534284 -305.528724 -85.429199
v -111.606880 -299.202652 -95.807574
v -120.448343 -292.257501 -105.987714
v -129.040380 -284.707640 -115.948555
v -137.365213 -276.568691 -125.669487
v -145.405617 -267.857494 -135.130396
v -153.144955 -258.592073 -144.311708
v -160.567214 -248.791600 -153.194424
v -167.657037 -238.476353 -161.760166
v -174.399754 -227.667674 -169.991210
v -180.781414 -216.387929 -177.870525
v -186.788812 -204.660456 -185.381809
v -43.007838 -330.635934 -1.157042
v -52.799296 -328.971346 -12.619955
v -62.481299 -326.626084 -24.056755
v -72.033816 -323.605001 -35.443780
v -81.437081 -319.914346 -46.757468
v -90.671637 -315.561758 -57.974410
v -99.718378 -310.556241 -69.071397
v -108.558585 -304.908153 -80.025469
v -117.173967 -298.629179 -90.813960
v -125.546697 -291.732313 -101.414548
v -133.659452 -284.231823 -111.805300
v -141.495446 -276.143230 -121.964715
v -149.038464 -267.483269 -131.871773
v -156.272900 -258.269859 -141.505976
v -163.183786 -248.522064 -150.847389
v -169.756821 -238.260051 -159.876683
v -175.978405 -227.505055 -168.575177
v -181.835666 -216.279329 -176.924873
v -187.316485 -204.606099 -184.908493
v -61.446694 -327.664272 -5.279631
v -70.751968 -325.375954 -17.036217
v -79.910642 -322.414401 -28.757554
v -88.903766 -318.785740 -40.419389
v -97.712733 -314.497480 -51.997592
v -106.319315 -309.558494 -63.468207
v -114.705706 -303.979001 -74.807500
v -122.854552 -297.770546 -85.992008
v -130.748993 -290.945974 -96.998591
v -138.372695 -283.519406 -107.804475
v -145.709883 -275.506208 -118.387300
v -152.745375 -266.922961 -128.725170
v -159.464616 -257.787424 -138.796695
v -165.853702 -248.118500 -148.581036
v -171.899413 -237.936193 -158.057948
v -177.589241 -227.261574 -167.207823
v -182.911412 -216.116727 -176.011728
v -187.854914 -204.524714 -184.451448
v -79.169702 -323.713391 -10.281045
v -87.927531 -320.831008 -22.324058
v -96.503222 -317.284793 -34.320880
v -104.879031 -313.082085 -46.246689
v -113.037628 -308.231580 -58.076808
v -120.962132 -302.743313 -69.786762
v -128.636147 -296.628640 -81.352319
v -136.043794 -289.900213 -92.749551
v -143.169746 -282.571954 -103.954875
v -149.999259 -274.659026 -114.945105
v -156.518202 -266.177801 -125.697503
v -162.713086 -257.145828 -136.189821
v -168.571094 -247.581795 -146.400348
v -174.080105 -237.505491 -156.307959
v -179.228720 -226.937765 -165.892153
v -184.006286 -215.900482 -175.133100
v -188.402919 -204.416480 -184.011679
v -87.716000 -321.642051 -3.806087
v -96.066861 -318.858303 -16.157432
v -104.218743 -315.414806 -28.475346
v -112.154779 -311.318685 -40.734341
v -119.858549 -306.578414 -52.909054
v -127.314113 -301.203803 -64.974292
v -134.506044 -295.205971 -76.905091
v -141.419462 -288.597329 -88.676767
v -148.040063 -281.391550 -100.264962
v -154.354147 -273.603545 -111.645698
v -160.348651 -265.249427 -122.795429
v -166.011170 -256.346482 -133.691084
v -171.329989 -246.913130 -144.310119
v -176.294102 -236.968892 -154.630561
v -180.893239 -226.534341 -164.631058
v -185.117883 -215.631068 -174.290918
v -188.959292 -204.281633 -183.590152
v -104.310739 -316.500623 -10.271234
v -112.033369 -313.179889 -22.895637
v -119.523983 -309.211154 -35.472668
v -126.767083 -304.602631 -47.976302
v -133.747683 -299.363856 -60.380668
v -140.451339 -293.505666 -72.660101
v -146.864180 -287.040185 -84.789193
v -152.972938 -279.980789 -96.742847
v -158.764973 -272.342086 -108.496332
v -164.228301 -264.139880 -120.025326
v -169.351617 -255.391142 -131.305977
v -174.124321 -246.113975 -142.314942
v -178.536538 -236.327574 -153.029444
v -182.579138 -226.052188 -163.427312
v -186.243757 -215.309077 -173.487034
v -189.522812 -204.120471 -183.187793
v -112.641045 -313.763151 -4.678401
v -119.929921 -310.584954 -17.594019
v -126.970444 -306.764127 -30.473234
v -133.748045 -302.308575 -43.289397
v -140.248702 -297.227516 -56.015989
v -146.458963 -291.531464 -68.626679
v -152.365979 -285.232205 -81.095374
v -157.957528 -278.342773 -93.396274
v -163.222041 -270.877422 -105.503928
v -168.148624 -262.851598 -117.393284
v -172.727084 -254.281909 -129.039742
v -176.947948 -245.186086 -140.419204
v -180.802482 -235.582948 -151.508125
v -184.282712 -225.492366 -162.283560
v -187.381435 -214.935218 -172.723215
v -190.092240 -203.933348 -182.805489
v -134.477793 -303.982982 -25.747030
v -140.786089 -299.701287 -38.858641
v -146.802877 -294.799480 -51.889849
v -152.515710 -289.287704 -64.813692
v -157.912765 -283.177363 -77.603430
v -162.982876 -276.481101 -90.232598
v -167.715553 -269.212771 -102.675066
v -172.101003 -261.387414 -114.905089
v -176.130152 -253.021221 -126.897362
v -179.794664 -244.131502 -138.627072
v -183.086955 -234.736651 -150.069949
v -186.000215 -224.856106 -161.202317
v -188.528415 -214.510312 -172.001141
v -190.666325 -203.720675 -182.444078
v -191.243803 -203.482919 -182.104355
v -189.682177 -214.035293 -171.322398
v -187.727873 -224.144806 -160.185959
v -185.384934 -233.790542 -148.718079
v -182.658209 -242.952542 -136.942486
v -179.553340 -251.611849 -124.883546
v -176.076749 -259.750547 -112.566210
v -172.235632 -267.351795 -100.015963
v -168.037936 -274.399866 -87.258773
v -163.492345 -280.880177 -74.321037
v -158.608266 -286.779318 -61.229522
v -153.395803 -292.085085 -48.011318
v -147.865743 -296.786500 -34.693774
v -142.029527 -300.873833 -21.304445
v -135.899231 -304.338630 -7.871034
v -143.936884 -300.700970 -3.471041
v -149.609046 -297.443515 -17.155244
v -154.971445 -293.570620 -30.803951
v -160.012986 -289.090298 -44.388922
v -164.723238 -284.011821 -57.882048
v -169.092454 -278.345694 -71.255410
v -173.111594 -272.103643 -84.481338
v -176.772342 -265.298583 -97.532466
v -180.067124 -257.944594 -110.381789
v -182.989122 -250.056892 -123.002721
v -185.532291 -241.651798 -135.369149
v -187.691368 -232.746702 -147.455484
v -189.461887 -223.360031 -159.236720
v -190.840183 -213.511205 -170.688479
v -191.823406 -203.220604 -181.787067
v -162.087575 -290.060717 -27.197724
v -166.639880 -285.821703 -41.030624
v -170.847184 -280.991295 -54.778628
v -174.700781 -275.579488 -68.413289
v -178.192698 -269.597481 -81.906397
v -181.315709 -263.057649 -95.230032
v -184.063354 -255.973526 -108.356627
v -186.429947 -248.359768 -121.259021
v -188.410591 -240.232129 -133.910519
v -190.001187 -231.607426 -146.284942
v -191.198446 -222.503504 -158.356687
v -191.999889 -212.939201 -170.100777
v -192.403859 -202.934306 -181.492912
v -192.983887 -202.624654 -181.222536
v -193.158746 -212.320538 -169.560584
v -192.933733 -221.577110 -157.547795
v -192.309314 -230.375217 -145.209025
v -191.286781 -238.696655 -132.569802
v -189.868250 -246.524206 -119.656279
v -188.056656 -253.841674 -106.495176
v -185.855748 -260.633919 -93.113724
v -183.270078 -266.886887 -79.539610
v -180.304998 -272.587639 -65.800921
v -176.966642 -277.724380 -51.926084
v -173.261918 -282.286483 -37.943806
v -169.198491 -286.264507 -23.883019
v -164.784769 -289.650221 -9.772815
v -172.347613 -285.304377 -6.555815
v -176.288561 -282.190333 -20.867122
v -179.864543 -278.492410 -35.135253
v -183.068161 -274.218259 -49.330686
v -185.892786 -269.376723 -63.424049
v -188.332574 -263.977820 -77.386181
v -190.382476 -258.032721 -91.188194
v -192.038252 -251.553726 -104.801529
v -193.296474 -244.554243 -118.198019
v -194.154540 -237.048752 -131.349946
v -194.610674 -229.052784 -144.230097
v -194.663932 -220.582884 -156.811822
v -194.314205 -211.656576 -169.069088
v -193.562215 -202.292329 -180.976533
v -183.342199 -277.847153 -18.156664
v -186.433241 -274.447825 -32.611140
v -189.138328 -270.480638 -46.998140
v -191.451863 -265.953799 -61.287897
v -193.369057 -260.876675 -75.450843
v -194.885945 -255.259772 -89.457673
v -195.999388 -249.114712 -103.279407
v -196.707082 -242.454208 -116.887446
v -197.007562 -235.292043 -130.253633
v -196.900208 -227.643035 -143.350312
v -196.385241 -219.523012 -156.150385
v -195.463727 -210.948773 -168.627368
v -194.137571 -201.938061 -180.755444
v -194.708691 -201.562630 -180.559756
v -196.604784 -210.198688 -168.236396
v -198.093876 -218.399823 -155.564939
v -199.172885 -226.149068 -142.571602
v -199.839578 -233.430388 -129.283271
v -200.092577 -240.228718 -115.727440
v -199.931358 -246.529991 -101.932158
v -199.356254 -252.321169 -87.925967
v -198.368456 -257.590270 -73.737850
v -196.970006 -262.326391 -59.397161
v -195.163800 -266.519732 -44.933574
v -192.953573 -270.161619 -30.377015
v -190.343900 -273.244514 -15.757603
v -187.340179 -275.762039 -1.105587
v -197.278273 -268.392532 -13.675211
v -199.411206 -265.643212 -28.437789
v -201.131331 -262.344251 -43.141525
v -202.435088 -258.502473 -57.755998
v -203.319780 -254.125827 -72.250968
v -203.783577 -249.223371 -86.596443
v -203.825518 -243.805247 -100.762742
v -203.445518 -237.882665 -114.720553
v -202.644361 -231.467881 -128.440995
v -201.423707 -224.574167 -141.895681
v -199.786080 -217.215788 -155.056770
v -197.734869 -209.407967 -167.897032
v -195.274319 -201.166860 -180.389898
v -205.791944 -260.902539 -26.797724
v -207.027802 -257.963370 -41.625933
v -207.835093 -254.490450 -56.368015
v -208.212146 -250.490964 -70.993465
v -208.158181 -245.973187 -85.472022
v -207.673308 -240.946468 -99.773730
v -206.758533 -235.421207 -113.868996
v -205.415746 -229.408836 -127.728656
v -203.647728 -222.921795 -141.324033
v -201.458135 -215.973507 -154.626996
v -198.851498 -208.578349 -167.610021
v -195.833211 -200.751622 -180.246244
v -196.384140 -200.317828 -180.129109
v -199.952216 -207.711659 -167.375994
v -203.106364 -214.675713 -154.276561
v -205.840058 -221.195583 -140.857914
v -208.147641 -227.257777 -127.147819
v -210.024340 -232.849753 -113.174643
v -211.466271 -237.959939 -98.967297
v -212.470450 -242.577763 -84.555178
v -213.034800 -246.693670 -69.968105
v -213.158153 -250.299143 -55.236262
v -212.840254 -253.386722 -40.390130
v -212.081761 -255.950020 -25.460427
v -210.884242 -257.983731 -10.478043
v -218.266830 -250.796541 -24.428836
v -218.555908 -248.624366 -39.436832
v -218.392565 -245.937764 -54.363229
v -217.777139 -242.742292 -69.177144
v -216.710905 -239.044562 -83.847924
v -215.196067 -234.852226 -98.345214
v -213.235760 -230.173957 -112.639019
v -210.834040 -225.019435 -126.699762
v -207.995878 -219.399326 -140.498351
v -204.727144 -213.325259 -154.006235
v -201.034603 -206.809800 -167.195465
v -196.925894 -199.866431 -180.038751
v -197.457282 -199.398425 -179.975369
v -202.096279 -205.874756 -167.068832
v -206.316912 -211.925112 -153.816614
v -210.110449 -217.536973 -140.246133
v -213.469039 -222.698730 -126.385469
v -216.385733 -227.399700 -112.263302
v -218.854498 -231.630158 -97.908850
v -220.870224 -235.381351 -83.351816
v -222.428740 -238.645516 -68.622318
v -223.526823 -241.415901 -53.750834
v -224.162200 -243.686772 -38.768134
v -224.333556 -245.453431 -23.705220
v -224.040538 -246.712223 -8.593256
v -230.413744 -240.783635 -8.148637
v -230.268603 -239.932435 -23.291168
v -229.646807 -238.584792 -38.385508
v -228.549641 -236.743493 -53.400423
v -226.979378 -234.412349 -68.304849
v -224.939264 -231.596182 -83.067944
v -222.433522 -228.300820 -97.659164
v -219.467336 -224.533082 -112.048318
v -216.046844 -220.300762 -126.205632
v -212.179123 -215.612618 -140.101815
v -207.872175 -210.478350 -153.708113
v -203.134912 -204.908582 -166.996374
v -197.977136 -198.914838 -179.939102
v -236.631541 -234.677061 -8.037415
v -236.058924 -234.245690 -23.187592
v -234.997671 -233.329642 -38.289792
v -233.449978 -231.930813 -53.312767
v -231.419048 -230.052095 -68.225433
v -228.909081 -227.697377 -82.996933
v -225.925272 -224.871530 -97.596704
v -222.473794 -221.580403 -111.994539
v -218.561790 -217.830803 -126.160645
v -214.197352 -213.630490 -140.065713
v -209.389512 -208.988155 -153.680971
v -204.148218 -203.913402 -166.978248
v -198.484314 -198.416733 -179.930030
v -247.154821 -222.425293 -23.912093
v -245.251445 -222.406353 -38.959308
v -242.840414 -221.927233 -53.925911
v -239.926714 -220.988924 -68.780937
v -236.516376 -219.593367 -83.493648
v -232.616455 -217.743450 -98.033602
v -228.235020 -215.443000 -112.370715
v -223.381138 -212.696777 -126.475322
v -218.064852 -209.510464 -140.318239
v -212.297161 -205.890653 -153.870824
v -206.089999 -201.844833 -167.105035
v -199.456210 -197.381377 -179.993490
v -198.977700 -197.905204 -179.948172
v -205.133969 -202.891404 -167.014495
v -210.865589 -207.457801 -153.735248
v -216.160701 -211.594947 -140.137907
v -221.008347 -215.294283 -126.250608
v -225.398499 -218.548153 -112.102083
v -229.322072 -221.349826 -97.721609
v -232.770948 -223.693505 -83.138938
v -235.737991 -225.574339 -68.384245
v -238.217062 -226.988438 -53.488058
v -240.203032 -227.932875 -38.481199
v -241.691791 -228.405697 -23.394719
v -259.681010 -208.744622 -10.920384
v -257.523735 -210.096115 -25.872356
v -254.833411 -211.012899 -40.770796
v -251.615605 -211.493075 -55.584878
v -247.876974 -211.535652 -70.283948
v -243.625255 -211.140541 -84.837595
v -238.869244 -210.308559 -99.215704
v -233.618782 -209.041428 -113.388525
v -227.884733 -207.341770 -127.326735
v -221.678961 -205.213101 -141.001494
v -215.014306 -202.659826 -154.384506
v -207.904559 -199.687228 -167.448081
v -200.364429 -196.301457 -180.165190
v -199.918792 -196.846403 -180.065882
v -207.014206 -200.775992 -167.249670
v -213.681081 -204.290155 -154.087402
v -219.905621 -207.381622 -140.606313
v -225.674948 -210.043996 -126.834294
v -230.977124 -212.271768 -112.799844
v -235.801179 -214.060329 -98.531999
v -240.137131 -215.405978 -84.060282
v -243.976009 -216.305931 -69.414635
v -247.309869 -216.758325 -54.625364
v -250.131815 -216.762225 -39.723066
v -252.436005 -216.317623 -24.738578
v -254.217674 -215.425439 -9.702904
v -264.924600 -201.956249 -12.465168
v -262.406826 -203.774444 -27.310936
v -259.345900 -205.171011 -42.100195
v -255.748155 -206.143058 -56.802345
v -251.621035 -206.688575 -71.386965
v -246.973079 -206.806433 -85.823878
v -241.813905 -206.496388 -100.083213
v -236.154187 -205.759082 -114.135467
v -230.005636 -204.596040 -127.951562
v -223.380973 -203.009669 -141.502914
v -216.293906 -201.003250 -154.761481
v -208.759099 -198.580936 -167.699833
v -200.792142 -195.747738 -180.291196
v -274.706943 -188.116723 -16.522351
v -271.516630 -190.886391 -31.089186
v -267.764316 -193.261095 -45.591695
v -263.457764 -195.235924 -59.999870
v -258.605885 -196.806790 -74.283900
v -253.218718 -197.970444 -88.414229
v -247.307410 -198.724477 -102.361620
v -240.884191 -199.067330 -116.097215
v -233.962352 -198.998293 -129.592593
v -226.556216 -198.517508 -142.819831
v -218.681105 -197.625972 -155.751561
v -210.353314 -196.325527 -168.361026
v -201.590075 -194.618866 -180.622135
v -201.200990 -195.186464 -180.443623
v -209.575950 -197.459547 -168.004371
v -217.517069 -199.324068 -155.217501
v -225.007917 -200.776168 -142.109471
v -232.032994 -201.812841 -128.707402
v -238.577766 -202.431945 -115.039025
v -244.628689 -202.632196 -101.132621
v -250.173245 -202.413182 -87.016964
v -255.199961 -201.775354 -72.721259
v -259.698436 -200.720034 -58.275088
v -263.659363 -199.249404 -43.708340
v -267.074545 -197.366508 -29.051154
v -269.936917 -195.075240 -14.333859
v -286.685359 -169.930163 -7.592283
v -283.478735 -174.028484 -21.838797
v -279.685359 -177.766722 -36.040125
v -275.313079 -181.137144 -50.166883
v -270.370943 -184.132775 -64.189840
v -264.869175 -186.747417 -78.079982
v -258.819160 -188.975661 -91.808569
v -252.233416 -190.812895 -105.347196
v -245.125569 -192.255318 -118.667848
v -237.510327 -193.299947 -131.742965
v -229.403445 -193.944618 -144.545492
v -220.821697 -194.187999 -157.048941
v -211.782842 -194.029586 -169.227440
v -202.305579 -193.469707 -181.055791
v -201.958542 -194.046194 -180.826341
v -211.089484 -195.181369 -168.769015
v -219.783455 -195.912693 -156.362489
v -228.022466 -196.238655 -143.632434
v -235.789469 -196.158580 -130.605189
v -243.068393 -195.672634 -117.307709
v -249.844177 -194.781821 -103.767508
v -256.102803 -193.487986 -90.012602
v -261.831320 -191.793805 -76.071451
v -267.017875 -189.702783 -61.972900
v -271.651737 -187.219248 -47.746121
v -275.723317 -184.348338 -33.420551
v -279.224192 -181.095993 -19.025831
v -282.147118 -177.468943 -4.591744
v -290.933400 -162.358057 -10.916348
v -287.461220 -166.929731 -24.955066
v -283.394046 -171.156011 -38.942150
v -278.740296 -175.028152 -52.848658
v -273.509597 -178.538143 -66.645818
v -267.712774 -181.678721 -80.305080
v -261.361819 -184.443388 -93.798184
v -254.469874 -186.826423 -107.097210
v -247.051199 -188.822896 -120.174641
v -239.121143 -190.428676 -133.003419
v -230.696116 -191.640440 -145.556999
v -221.793549 -192.455681 -157.809409
v -212.431862 -192.872712 -169.735294
v -202.630425 -192.890671 -181.309981
v -301.850887 -141.355482 -4.902525
v -298.522189 -147.180480 -18.505136
v -294.575612 -152.700947 -32.069458
v -290.019322 -157.905460 -45.567425
v -284.862746 -162.783252 -58.971108
v -279.116555 -167.324229 -72.252775
v -272.792636 -171.518996 -85.384943
v -265.904077 -175.358873 -98.340441
v -258.465128 -178.835915 -111.092464
v -250.491183 -181.942928 -123.614625
v -241.998740 -184.673483 -135.881015
v -233.005371 -187.021930 -147.866254
v -223.529683 -188.983411 -159.545543
v -213.591284 -190.553867 -170.894717
v -203.210737 -191.730047 -181.890293
v -202.932366 -192.310359 -181.588352
v -213.035118 -191.713289 -170.291461
v -222.696872 -190.719546 -158.642219
v -231.897638 -189.331185 -146.664732
v -240.618378 -187.551079 -134.383780
v -248.841048 -185.382912 -121.824775
v -256.548634 -182.831169 -109.013703
v -263.725189 -179.901130 -95.977071
v -270.355864 -176.598858 -82.741853
v -276.426939 -172.931186 -69.335433
v -281.925852 -168.905702 -55.785552
v -286.841226 -164.530736 -42.120245
v -291.162891 -159.815339 -28.367787
v -294.881904 -154.769268 -14.556633
v -297.990570 -149.402965 -0.715360
v -305.375871 -133.325690 -9.407334
v -301.846254 -139.608374 -22.753177
v -297.691880 -145.602194 -36.051942
v -292.921346 -151.294749 -49.276112
v -287.544521 -156.674260 -62.398325
v -281.572532 -161.729597 -75.391429
v -275.017734 -166.450299 -88.228541
v -267.893691 -170.826600 -100.883100
v -260.215142 -174.849443 -113.328921
v -251.997976 -178.510505 -125.540254
v -243.259194 -181.802212 -137.491832
v -234.016878 -184.717752 -149.158925
v -224.290151 -187.251093 -160.517394
v -214.099138 -189.396992 -171.543737
v -203.464927 -191.151011 -182.215139
v -308.557773 -125.331238 -14.219883
v -304.846792 -132.069594 -27.291419
v -300.504847 -138.534684 -40.306485
v -295.540920 -144.713133 -53.238154
v -289.965283 -150.592156 -66.059668
v -283.789472 -156.159589 -78.744497
v -277.026266 -161.403912 -91.266397
v -269.689659 -166.314275 -103.599457
v -261.794830 -170.880517 -115.718160
v -253.358114 -175.093190 -127.597431
v -244.396969 -178.943578 -139.212690
v -234.929936 -182.423715 -150.539904
v -224.976603 -185.526399 -161.555636
v -214.557564 -188.245210 -172.237094
v -203.694377 -190.574524 -182.562176
v -317.228989 -101.652278 -12.201330
v -313.865122 -109.518538 -24.725235
v -309.851631 -117.158194 -37.197981
v -305.196818 -124.555437 -49.593761
v -299.910317 -131.694964 -61.886926
v -294.003065 -138.562000 -74.052042
v -287.487284 -145.142338 -86.063936
v -280.376457 -151.422362 -97.897756
v -272.685297 -157.389079 -109.529015
v -264.429717 -163.030142 -120.933648
v -255.626799 -168.333879 -132.088058
v -246.294757 -173.289317 -142.969164
v -236.452899 -177.886202 -153.554453
v -226.121591 -182.115024 -163.822023
v -215.322208 -185.967031 -173.750629
v -204.077095 -189.434254 -183.319727
v -203.898583 -190.001852 -182.930643
v -214.965552 -187.101051 -172.973264
v -225.587531 -183.813120 -162.657987
v -235.742539 -180.144862 -152.006154
v -245.409566 -176.103866 -141.039806
v -254.568609 -171.698494 -129.781633
v -263.200718 -166.937861 -118.254928
v -271.288032 -161.831817 -106.483542
v -278.813817 -156.390926 -94.491832
v -285.762502 -150.626448 -82.304608
v -292.119709 -144.550309 -69.947088
v -297.872285 -138.175081 -57.444841
v -303.008327 -131.513955 -44.823735
v -307.517208 -124.580713 -32.109884
v -311.389599 -117.389702 -19.329594
v -314.617486 -109.955800 -6.509310
v -322.277655 -84.954104 -5.932380
v -319.458878 -93.441246 -18.182472
v -315.978903 -101.735048 -30.394944
v -311.844929 -109.818351 -42.544525
v -307.065510 -117.674429 -54.606078
v -301.650535 -125.287027 -66.554645
v -295.611209 -132.640393 -78.365504
v -288.960027 -139.719314 -90.014217
v -281.710752 -146.509141 -101.476682
v -273.878382 -152.995827 -112.729181
v -265.479124 -159.165949 -123.748433
v -256.530357 -165.006742 -134.511637
v -247.050596 -170.506119 -144.996523
v -237.059456 -175.652702 -155.181397
v -226.577610 -180.435842 -165.045186
v -215.626746 -184.845643 -174.567479
v -204.229522 -188.872980 -183.728576
v -326.453107 -67.398239 -0.539250
v -324.213198 -76.448586 -12.502355
v -321.302252 -85.340754 -24.439591
v -317.726293 -94.056343 -36.326259
v -313.492721 -102.577321 -48.137764
v -308.610294 -110.886055 -59.849667
v -303.089115 -118.965356 -71.437736
v -296.940608 -126.798506 -82.877993
v -290.177494 -134.369297 -94.146767
v -282.813768 -141.662064 -105.220742
v -274.864666 -148.661719 -116.077006
v -266.346634 -155.353779 -126.693094
v -257.277298 -161.724395 -137.047042
v -247.675423 -167.760389 -147.117426
v -237.560877 -173.449269 -156.883410
v -226.954586 -178.779266 -166.324786
v -215.878497 -183.739351 -175.422020
v -204.355528 -188.319261 -184.156289
v -328.048038 -58.646197 -7.696362
v -325.738644 -68.077833 -19.347662
v -322.755058 -77.368609 -30.958930
v -319.103453 -86.499302 -42.506140
v -314.791384 -95.451019 -53.965402
v -309.827774 -104.205239 -65.313003
v -304.222893 -112.743848 -76.525466
v -297.988338 -121.049179 -87.579590
v -291.137009 -129.104047 -98.452503
v -283.683081 -136.891786 -109.121708
v -275.641979 -144.396283 -119.565129
v -267.030339 -151.602009 -129.761159
v -257.865980 -158.494056 -139.688700
v -248.167864 -165.058163 -149.327211
v -237.956058 -171.280748 -158.656749
v -227.251690 -177.148937 -167.658011
v -216.076908 -182.650587 -176.312372
v -204.454836 -187.774315 -184.601926
v -330.889356 -40.144781 -3.766678
v -329.210687 -50.054296 -15.125614
v -326.850642 -59.860244 -26.453253
v -323.814103 -69.542335 -37.726158
v -320.107354 -79.080536 -48.921005
v -315.738064 -88.455112 -60.014628
v -310.715275 -97.646666 -70.984076
v -305.049378 -106.636179 -81.806650
v -298.752097 -115.405051 -92.459959
v -291.836461 -123.935139 -102.921959
v -284.316780 -132.208792 -113.171003
v -276.208613 -140.208893 -123.185885
v -267.528736 -147.918888 -132.945883
v -258.295109 -155.322824 -142.430803
v -248.526836 -162.405381 -151.621020
v -238.244131 -169.151906 -160.497518
v -227.468268 -175.548439 -169.041931
v -216.221543 -181.581745 -177.236579
v -204.527228 -187.239341 -185.064508
v -332.669822 -21.059248 -0.706255
v -331.647369 -31.382803 -11.770642
v -329.938498 -41.641424 -22.810675
v -327.546745 -51.813884 -33.803509
v -324.477058 -61.879137 -44.726401
v -320.735790 -71.816355 -55.556750
v -316.330680 -81.604978 -66.272146
v -311.270845 -91.224753 -76.850419
v -305.566752 -100.655774 -87.269680
v -299.230205 -109.878529 -97.508372
v -292.274314 -118.873934 -107.545310
v -284.713472 -127.623378 -117.359726
v -276.563322 -136.108756 -126.931313
v -267.840729 -144.312511 -136.240266
v -258.563740 -152.217670 -145.267325
v -248.751551 -159.807876 -153.993811
v -238.424463 -167.067423 -162.401670
v -227.603844 -173.981291 -170.473503
v -216.312084 -180.535175 -178.192609
v -204.572545 -186.715514 -185.543018
v -332.984750 -12.179784 -9.270792
v -331.950834 -22.826544 -20.023437
v -330.229872 -33.426073 -30.734651
v -327.825425 -43.956441 -41.382273
v -324.742468 -54.395859 -51.944270
v -320.987379 -64.722726 -62.398790
v -316.567930 -74.915675 -72.724200
v -311.493263 -84.953617 -82.899137
v -305.773879 -94.815781 -92.902547
v -299.421612 -104.481762 -102.713733
v -292.449605 -113.931560 -112.312394
v -284.872284 -123.145622 -121.678669
v -276.705327 -132.104884 -130.793180
v -267.965633 -140.790807 -139.637066
v -258.671285 -149.185421 -148.192029
v -248.841513 -157.271355 -156.440369
v -238.496657 -165.031880 -164.365018
v -227.658121 -172.450937 -171.949580
v -216.348331 -179.513176 -179.178361
v -204.590688 -186.203985 -186.036404
v -332.827267 -3.533327 -18.074732
v -331.799083 -14.494811 -28.506921
v -330.084167 -25.426304 -38.880126
v -327.686068 -36.305187 -49.172884
v -324.609747 -47.108951 -59.363899
v -320.861569 -57.815242 -69.432084
v -316.449291 -68.401908 -79.356607
v -311.382040 -78.847043 -89.116933
v -305.670303 -89.129036 -98.692868
v -299.325897 -99.226612 -108.064597
v -292.361949 -109.118879 -117.212731
v -284.792868 -118.785368 -126.118339
v -276.634316 -128.206078 -134.762996
v -267.903174 -137.361517 -143.128816
v -258.617506 -146.232742 -151.198487
v -248.796527 -154.801397 -158.955315
v -238.460556 -163.049752 -166.383247
v -227.630979 -170.960742 -173.466917
v -216.330205 -178.517996 -180.191666
v -204.581616 -185.705880 -186.543582
v -331.192450 -6.405920 -37.202444
v -329.501705 -17.659700 -47.229191
v -327.128981 -28.876941 -57.158217
v -324.079188 -40.034432 -66.968977
v -320.358636 -51.109088 -76.641171
v -315.975024 -62.077994 -86.154787
v -310.937421 -72.918455 -95.490140
v -305.256252 -83.608040 -104.627915
v -298.943270 -94.124632 -113.549204
v -292.011538 -104.446471 -122.235549
v -284.475399 -114.552200 -130.668976
v -276.350445 -124.420909 -138.832037
v -267.653487 -134.032179 -146.707840
v -258.402522 -143.366123 -154.280090
v -248.616689 -152.403429 -161.533120
v -238.316237 -161.125397 -168.451921
v -227.522478 -169.513980 -175.022179
v -216.257746 -177.551823 -181.230299
v -204.545349 -185.222293 -187.063436
v -328.483765 -10.143336 -55.763496
v -326.155388 -21.688032 -65.320719
v -323.151957 -33.187853 -74.742786
v -319.479685 -44.619005 -84.010204
v -315.146172 -55.957837 -93.103796
v -310.160383 -67.180885 -102.004748
v -304.532635 -78.264931 -110.694641
v -298.274572 -89.187038 -119.155496
v -291.399143 -99.924608 -127.369807
v -283.920573 -110.455425 -135.320577
v -275.854337 -120.757698 -142.991356
v -267.217123 -130.810112 -150.366271
v -258.026805 -140.591867 -157.430064
v -248.302396 -150.082723 -164.168118
v -238.064019 -159.263044 -170.566493
v -227.332857 -168.113833 -176.611948
v -216.131113 -176.616779 -182.291976
v -204.481967 -184.754287 -187.594824
v -327.032585 -2.893733 -64.464279
v -324.767430 -14.754262 -73.642446
v -321.830092 -26.584264 -82.668240
v -318.226649 -38.359260 -91.522985
v -313.964557 -50.054888 -100.188360
v -309.052635 -61.646946 -108.646435
v -303.501045 -73.111452 -116.879711
v -297.321274 -84.424682 -124.871150
v -290.526110 -95.563229 -132.604219
v -283.129611 -106.504047 -140.062917
v -275.147083 -117.224497 -147.231811
v -266.595041 -127.702398 -154.096067
v -257.491181 -137.916071 -160.641484
v -247.854339 -147.844381 -166.854517
v -237.704456 -157.466787 -172.722313
v -227.062531 -166.763378 -178.232728
v -215.950585 -175.714920 -183.374363
v -204.391609 -184.302890 -188.136578
v -204.274446 -183.869005 -188.687626
v -215.716446 -174.847865 -184.475557
v -226.711845 -165.464766 -179.882028
v -237.237891 -155.739122 -174.916541
v -247.272808 -145.691060 -169.589370
v -256.795830 -135.341371 -163.911534
v -265.787257 -124.711472 -157.894778
v -274.228482 -113.823359 -151.551550
v -282.102043 -102.699563 -144.894969
v -289.391649 -91.363105 -137.938805
v -296.082217 -79.837443 -130.697446
v -302.159906 -68.146430 -123.185871
v -307.612141 -56.314259 -115.419616
v -312.427643 -44.365417 -107.414745
v -316.596450 -32.324632 -99.187813
v -320.109936 -20.216822 -90.755838
v -322.960835 -8.067046 -82.136258
v -320.761526 -1.712516 -90.690096
v -318.014947 -14.163556 -98.904094
v -314.610155 -26.585289 -106.913450
v -310.554198 -38.952015 -114.701592
v -305.855466 -51.238145 -122.252405
v -300.523683 -63.418259 -129.550265
v -294.569879 -75.467154 -136.580074
v -288.006374 -87.359900 -143.327284
v -280.846749 -99.071889 -149.777937
v -273.105817 -110.578890 -155.918684
v -264.799596 -121.857091 -161.736820
v -255.945271 -132.883158 -167.220306
v -246.561163 -143.634277 -172.357797
v -236.666689 -154.088203 -177.138663
v -226.282322 -164.223304 -181.553012
v -215.429547 -174.018612 -185.591709
v -204.130820 -183.453858 -189.246399
v -315.530052 -8.373739 -107.178806
v -312.254647 -21.096944 -114.757304
v -308.332950 -33.776497 -122.098357
v -303.773075 -46.386164 -129.186778
v -298.584456 -58.899853 -136.007898
v -292.777830 -71.291672 -142.547604
v -286.365211 -83.535981 -148.792366
v -279.359867 -95.607447 -154.729261
v -271.776293 -107.481091 -160.346006
v -263.630180 -119.132347 -165.630980
v -254.938383 -130.537106 -170.573246
v -245.718887 -141.671770 -175.162580
v -235.990768 -152.513302 -179.389486
v -225.774153 -163.039269 -183.245216
v -215.090182 -173.227891 -186.721794
v -203.960962 -183.058088 -189.812027
v -312.667278 -2.881460 -115.533859
v -309.540936 -15.890644 -122.677315
v -305.773916 -28.866948 -129.566941
v -301.374013 -41.783524 -136.188479
v -296.350331 -54.613646 -142.528230
v -290.713264 -67.330767 -148.573076
v -284.474475 -79.908573 -154.310510
v -277.646874 -92.321041 -159.728660
v -270.244587 -104.542488 -164.816315
v -262.282931 -116.547626 -169.562950
v -253.778378 -128.311616 -173.958742
v -244.748526 -139.810116 -177.994596
v -235.212058 -151.019335 -181.662162
v -225.188707 -161.916080 -184.953851
v -214.699211 -172.477805 -187.862852
v -203.765274 -182.682657 -190.383147
v -306.474987 -10.977832 -130.656076
v -302.882721 -24.234160 -137.090924
v -298.663555 -37.440344 -143.242117
v -293.826218 -50.569061 -149.096928
v -288.380718 -63.593145 -154.643243
v -282.338323 -76.485649 -159.869586
v -275.711536 -89.219897 -164.765143
v -268.514067 -101.769540 -169.319784
v -260.760809 -114.108611 -173.524086
v -252.467805 -126.211581 -177.369350
v -243.652212 -138.053406 -180.847619
v -234.332273 -149.609586 -183.951697
v -224.527270 -160.856208 -186.675160
v -214.257491 -171.770003 -189.012374
v -203.544185 -182.328389 -190.958503
v -299.665721 -19.888316 -144.653768
v -295.647659 -33.366171 -150.332187
v -291.017665 -46.774988 -155.699553
v -285.785320 -60.087024 -160.744762
v -279.961451 -73.274733 -165.457374
v -273.558106 -86.310830 -169.827638
v -266.588536 -99.168341 -173.846513
v -259.067162 -111.820663 -177.505682
v -251.009544 -124.241618 -180.797574
v -242.432357 -136.405504 -183.715378
v -233.353346 -148.287153 -186.253056
v -223.791297 -159.861982 -188.405359
v -213.765994 -171.106041 -190.167833
v -203.298182 -181.996064 -191.536831
v -203.027806 -181.686412 -192.116859
v -213.225801 -170.487377 -191.326689
v -222.982405 -158.935588 -190.140646
v -232.277428 -147.054944 -188.561183
v -241.091640 -134.870030 -186.591568
v -249.406802 -122.406056 -184.235877
v -257.205711 -109.688812 -181.498984
v -264.472228 -96.744611 -178.386551
v -271.191320 -83.600236 -174.905019
v -277.349083 -70.282884 -171.061591
v -282.932776 -56.820110 -166.864220
v -287.930847 -43.239769 -162.321591
v -292.332954 -29.569961 -157.443102
v -296.129988 -15.838969 -152.238848
v -299.314093 -2.075205 -146.719597
v -292.283293 -12.095022 -159.829491
v -288.726726 -26.060058 -164.559233
v -284.572549 -39.971173 -168.948485
v -279.829356 -53.799584 -172.988167
v -274.506962 -67.516678 -176.669919
v -268.616379 -81.094073 -179.986123
v -262.169795 -94.503677 -182.929919
v -255.180549 -107.717744 -185.495214
v -247.663102 -120.708931 -187.676702
v -239.633010 -133.450361 -189.469868
v -231.106886 -145.915668 -190.871002
v -222.102372 -158.079061 -191.877205
v -212.638099 -169.915373 -192.486395
v -202.733651 -181.400114 -192.697312
v -284.836904 -22.844178 -171.664935
v -280.950153 -36.976386 -175.565668
v -276.481882 -51.032086 -179.103139
v -271.441335 -64.982196 -182.270027
v -265.838943 -78.797851 -185.059781
v -259.686297 -92.450465 -187.466628
v -252.996128 -105.911791 -189.485588
v -245.782277 -119.153974 -191.112484
v -238.059672 -132.149616 -192.343949
v -229.844291 -144.871828 -193.177436
v -221.153133 -157.294286 -193.611219
v -212.004180 -169.391286 -193.644402
v -202.416363 -181.137799 -193.276915
v -202.076640 -180.900043 -193.854393
v -211.325438 -168.916267 -194.798163
v -220.136775 -156.582986 -195.338877
v -228.492421 -143.925720 -195.475415
v -236.375086 -130.970657 -195.207495
v -243.768461 -117.744603 -194.535672
v -250.657249 -104.274923 -193.461335
v -257.027194 -90.589489 -191.986707
v -262.865119 -76.716616 -190.114840
v -268.158942 -62.685009 -187.849607
v -272.897712 -48.523700 -185.195694
v -277.071622 -34.261991 -182.158594
v -280.672037 -19.929391 -178.744589
v -283.691507 -5.555554 -174.960744
v -278.965303 -2.774409 -182.468093
v -276.241281 -17.322103 -185.782633
v -272.945482 -31.833955 -188.712770
v -269.084725 -46.279940 -191.252441
v -264.666998 -60.630167 -193.396393
v -259.701443 -74.854944 -195.140188
v -254.198332 -88.924839 -196.480219
v -248.169053 -102.810740 -197.413714
v -241.626081 -116.483915 -197.938739
v -234.582954 -129.916073 -198.054210
v -227.054245 -143.079422 -197.759888
v -219.055532 -155.946726 -197.056380
v -210.603363 -168.491361 -195.945144
v -201.715229 -180.687370 -194.428478
v -273.965869 -0.327382 -189.914554
v -271.554376 -15.028046 -192.763594
v -268.580803 -29.697616 -195.213788
v -265.051303 -44.305738 -197.260065
v -260.973179 -58.822187 -198.898192
v -256.354869 -73.216927 -200.124779
v -251.205929 -87.460174 -200.937287
v -245.537012 -101.522458 -201.334037
v -239.359847 -115.374682 -201.314207
v -232.687217 -128.988184 -200.877838
v -225.532927 -142.334796 -200.025832
v -217.911780 -155.386904 -198.759954
v -209.839545 -168.117501 -197.082822
v -201.332925 -180.500247 -194.997906
v -200.930566 -180.339085 -195.561426
v -209.035661 -167.795511 -198.208696
v -216.708033 -154.904751 -200.445853
v -223.931809 -141.693479 -202.268268
v -230.692040 -128.189028 -203.672170
v -236.974740 -114.419342 -204.654654
v -242.766909 -100.412911 -205.213687
v -248.056562 -86.198715 -205.348113
v -252.832755 -71.806166 -205.057654
v -257.085605 -57.265043 -204.342910
v -260.806313 -42.605433 -203.205360
v -263.987180 -27.857669 -201.647359
v -266.621624 -13.052263 -199.672129
v -259.174709 -26.318159 -207.999339
v -256.359085 -41.182764 -209.075257
v -253.012821 -55.962159 -209.718578
v -249.142842 -70.625763 -209.927970
v -244.757155 -85.143235 -209.703001
v -239.864834 -99.484537 -209.044136
v -234.476003 -113.619995 -207.952737
v -228.601810 -127.520363 -206.431064
v -222.254411 -141.156879 -204.482265
v -215.446939 -154.501327 -202.110372
v -208.193479 -167.526097 -199.320292
v -200.509039 -180.204238 -196.117799
v -200.069270 -180.096004 -196.665804
v -207.314850 -167.309851 -200.415167
v -214.131269 -154.177518 -203.749851
v -220.504422 -140.726177 -206.662957
v -226.421122 -126.983659 -209.148456
v -231.869129 -112.978399 -211.201207
v -236.837168 -98.739377 -212.816962
v -241.314961 -84.296052 -213.992378
v -245.293242 -69.678311 -214.725022
v -248.763781 -54.916398 -215.013379
v -251.719396 -40.040858 -214.856852
v -254.153972 -25.082470 -214.255765
v -256.062471 -10.072183 -213.211362
v -250.459281 -9.074437 -219.812299
v -248.936002 -24.153319 -220.402886
v -246.897444 -39.182225 -220.537437
v -244.347824 -54.130059 -220.215675
v -241.292417 -68.965894 -219.438264
v -237.737545 -83.659030 -218.206815
v -233.690565 -98.179068 -216.523874
v -229.159848 -112.495964 -214.392923
v -224.154770 -126.580095 -211.818373
v -218.685687 -140.402319 -208.805549
v -212.763915 -153.934037 -205.360687
v -206.401706 -167.147250 -201.490912
v -199.612225 -180.014619 -197.204233
v -244.656616 -8.408051 -226.281350
v -243.532272 -23.532747 -226.427187
v -241.903830 -38.608752 -226.104524
v -239.774658 -53.604871 -225.314029
v -237.149162 -68.490077 -224.057336
v -234.032773 -83.233570 -222.337047
v -230.431941 -97.804844 -220.156721
v -226.354116 -112.173751 -217.520869
v -221.807735 -126.310559 -214.434944
v -216.802205 -140.186017 -210.905333
v -211.347882 -153.771418 -206.939338
v -205.456054 -167.038650 -202.545165
v -199.138909 -179.960262 -197.731905
v -232.215426 -23.222120 -238.054660
v -231.445876 -38.321700 -236.849531
v -230.197234 -53.341988 -235.154336
v -228.472084 -68.251907 -232.972584
v -226.273997 -83.020605 -230.308789
v -223.607519 -97.617526 -227.168462
v -220.478168 -112.012466 -223.558101
v -216.892420 -126.175642 -219.485176
v -212.857692 -140.077748 -214.958115
v -208.382334 -153.690019 -209.986285
v -203.475606 -166.984290 -204.579972
v -198.147660 -179.933054 -198.750363
v -198.650363 -179.933054 -198.247660
v -204.479972 -166.984290 -203.575606
v -209.886285 -153.690019 -208.482334
v -214.858115 -140.077748 -212.957692
v -219.385176 -126.175642 -216.992420
v -223.458101 -112.012466 -220.578168
v -227.068462 -97.617526 -223.707519
v -230.208789 -83.020605 -226.373997
v -232.872584 -68.251907 -228.572084
v -235.054336 -53.341988 -230.297234
v -236.749531 -38.321700 -231.545876
v -237.954660 -23.222120 -232.315426
v -219.712299 -9.074437 -250.559281
v -220.302886 -24.153319 -249.036002
v -220.437437 -39.182225 -246.997444
v -220.115675 -54.130059 -244.447824
v -219.338264 -68.965894 -241.392417
v -218.106815 -83.659030 -237.837545
v -216.423874 -98.179068 -233.790565
v -214.292923 -112.495964 -229.259848
v -211.718373 -126.580095 -224.254770
v -208.705549 -140.402319 -218.785687
v -205.260687 -153.934037 -212.863915
v -201.390912 -167.147250 -206.501706
v -197.104233 -180.014619 -199.712225
v -197.631905 -179.960262 -199.238909
v -202.445165 -167.038650 -205.556054
v -206.839338 -153.771418 -211.447882
v -210.805333 -140.186017 -216.902205
v -214.334944 -126.310559 -221.907735
v -217.420869 -112.173751 -226.454116
v -220.056721 -97.804844 -230.531941
v -222.237047 -83.233570 -234.132773
v -223.957336 -68.490077 -237.249162
v -225.214029 -53.604871 -239.874658
v -226.004524 -38.608752 -242.003830
v -226.327187 -23.532747 -243.632272
v -226.181350 -8.408051 -244.756616
v -213.111362 -10.072183 -256.162471
v -214.155765 -25.082470 -254.253972
v -214.756852 -40.040858 -251.819396
v -214.913379 -54.916398 -248.863781
v -214.625022 -69.678311 -245.393242
v -213.892378 -84.296052 -241.414961
v -212.716962 -98.739377 -236.937168
v -211.101207 -112.978399 -231.969129
v -209.048456 -126.983659 -226.521122
v -206.562957 -140.726177 -220.604422
v -203.649851 -154.177518 -214.231269
v -200.315167 -167.309851 -207.414850
v -196.565804 -180.096004 -200.169270
v -199.572129 -13.052263 -266.721624
v -201.547359 -27.857669 -264.087180
v -203.105360 -42.605433 -260.906313
v -204.242910 -57.265043 -257.185605
v -204.957654 -71.806166 -252.932755
v -205.248113 -86.198715 -248.156562
v -205.113687 -100.412911 -242.866909
v -204.554654 -114.419342 -237.074740
v -203.572170 -128.189028 -230.792040
v -202.168268 -141.693479 -224.031809
v -200.345853 -154.904751 -216.808033
v -198.108696 -167.795511 -209.135661
v -195.461426 -180.339085 -201.030566
v -196.017799 -180.204238 -200.609039
v -199.220292 -167.526097 -208.293479
v -202.010372 -154.501327 -215.546939
v -204.382265 -141.156879 -222.354411
v -206.331064 -127.520363 -228.701810
v -207.852737 -113.619995 -234.576003
v -208.944136 -99.484537 -239.964834
v -209.603001 -85.143235 -244.857155
v -209.827970 -70.625763 -249.242842
v -209.618578 -55.962159 -253.112821
v -208.975257 -41.182764 -256.459085
v -207.899339 -26.318159 -259.274709
v -182.368093 -2.774409 -279.065303
v -185.682633 -17.322103 -276.341281
v -188.612770 -31.833955 -273.045482
v -191.152441 -46.279940 -269.184725
v -193.296393 -60.630167 -264.766998
v -195.040188 -74.854944 -259.801443
v -196.380219 -88.924839 -254.298332
v -197.313714 -102.810740 -248.269053
v -197.838739 -116.483915 -241.726081
v -197.954210 -129.916073 -234.682954
v -197.659888 -143.079422 -227.154245
v -196.956380 -155.946726 -219.155532
v -195.845144 -168.491361 -210.703363
v -194.328478 -180.687370 -201.815229
v -194.897906 -180.500247 -201.432925
v -196.982822 -168.117501 -209.939545
v -198.659954 -155.386904 -218.011780
v -199.925832 -142.334796 -225.632927
v -200.777838 -128.988184 -232.787217
v -201.214207 -115.374682 -239.459847
v -201.234037 -101.522458 -245.637012
v -200.837287 -87.460174 -251.305929
v -200.024779 -73.216927 -256.454869
v -198.798192 -58.822187 -261.073179
v -197.160065 -44.305738 -265.151303
v -195.113788 -29.697616 -268.680803
v -192.663594 -15.028046 -271.654376
v -189.814554 -0.327382 -274.065869
v -178.644589 -19.929391 -280.772037
v -182.058594 -34.261991 -277.171622
v -185.095694 -48.523700 -272.997712
v -187.749607 -62.685009 -268.258942
v -190.014840 -76.716616 -262.965119
v -191.886707 -90.589489 -257.127194
v -193.361335 -104.274923 -250.757249
v -194.435672 -117.744603 -243.868461
v -195.107495 -130.970657 -236.475086
v -195.375415 -143.925720 -228.592421
v -195.238877 -156.582986 -220.236775
v -194.698163 -168.916267 -211.425438
v -193.754393 -180.900043 -202.176640
v -159.729491 -12.095022 -292.383293
v -164.459233 -26.060058 -288.826726
v -168.848485 -39.971173 -284.672549
v -172.888167 -53.799584 -279.929356
v -176.569919 -67.516678 -274.606962
v -179.886123 -81.094073 -268.716379
v -182.829919 -94.503677 -262.269795
v -185.395214 -107.717744 -255.280549
v -187.576702 -120.708931 -247.763102
v -189.369868 -133.450361 -239.733010
v -190.771002 -145.915668 -231.206886
v -191.777205 -158.079061 -222.202372
v -192.386395 -169.915373 -212.738099
v -192.597312 -181.400114 -202.833651
v -193.176915 -181.137799 -202.516363
v -193.544402 -169.391286 -212.104180
v -193.511219 -157.294286 -221.253133
v -193.077436 -144.871828 -229.944291
v -192.243949 -132.149616 -238.159672
v -191.012484 -119.153974 -245.882277
v -189.385588 -105.911791 -253.096128
v -187.366628 -92.450465 -259.786297
v -184.959781 -78.797851 -265.938943
v -182.170027 -64.982196 -271.541335
v -179.003139 -51.032086 -276.581882
v -175.465668 -36.976386 -281.050153
v -171.564935 -22.844178 -284.936904
v -167.309010 -8.664703 -288.234092
v -152.138848 -15.838969 -296.229988
v -157.343102 -29.569961 -292.432954
v -162.221591 -43.239769 -288.030847
v -166.764220 -56.820110 -283.032776
v -170.961591 -70.282884 -277.449083
v -174.805019 -83.600236 -271.291320
v -178.286551 -96.744611 -264.572228
v -181.398984 -109.688812 -257.305711
v -184.135877 -122.406056 -249.506802
v -186.491568 -134.870030 -241.191640
v -188.461183 -147.054944 -232.377428
v -190.040646 -158.935588 -223.082405
v -191.226689 -170.487377 -213.325801
v -192.016859 -181.686412 -203.127806
v -130.556076 -10.977832 -306.574987
v -136.990924 -24.234160 -302.982721
v -143.142117 -37.440344 -298.763555
v -148.996928 -50.569061 -293.926218
v -154.543243 -63.593145 -288.480718
v -159.769586 -76.485649 -282.438323
v -164.665143 -89.219897 -275.811536
v -169.219784 -101.769540 -268.614067
v -173.424086 -114.108611 -260.860809
v -177.269350 -126.211581 -252.567805
v -180.747619 -138.053406 -243.752212
v -183.851697 -149.609586 -234.432273
v -186.575160 -160.856208 -224.627270
v -188.912374 -171.770003 -214.357491
v -190.858503 -182.328389 -203.644185
v -191.436831 -181.996064 -203.398182
v -190.067833 -171.106041 -213.865994
v -188.305359 -159.861982 -223.891297
v -186.153056 -148.287153 -233.453346
v -183.615378 -136.405504 -242.532357
v -180.697574 -124.241618 -251.109544
v -177.405682 -111.820663 -259.167162
v -173.746513 -99.168341 -266.688536
v -169.727638 -86.310830 -273.658106
v -165.357374 -73.274733 -280.061451
v -160.644762 -60.087024 -285.885320
v -155.599553 -46.774988 -291.117665
v -150.232187 -33.366171 -295.747659
v -144.553768 -19.888316 -299.765721
v -138.576046 -6.369309 -303.163539
v -115.433859 -2.881460 -312.767278
v -122.577315 -15.890644 -309.640936
v -129.466941 -28.866948 -305.873916
v -136.088479 -41.783524 -301.474013
v -142.428230 -54.613646 -296.450331
v -148.473076 -67.330767 -290.813264
v -154.210510 -79.908573 -284.574475
v -159.628660 -92.321041 -277.746874
v -164.716315 -104.542488 -270.344587
v -169.462950 -116.547626 -262.382931
v -173.858742 -128.311616 -253.878378
v -177.894596 -139.810116 -244.848526
v -181.562162 -151.019335 -235.312058
v -184.853851 -161.916080 -225.288707
v -187.762852 -172.477805 -214.799211
v -190.283147 -182.682657 -203.865274
v -107.078806 -8.373739 -315.630052
v -114.657304 -21.096944 -312.354647
v -121.998357 -33.776497 -308.432950
v -129.086778 -46.386164 -303.873075
v -135.907898 -58.899853 -298.684456
v -142.447604 -71.291672 -292.877830
v -148.692366 -83.535981 -286.465211
v -154.629261 -95.607447 -279.459867
v -160.246006 -107.481091 -271.876293
v -165.530980 -119.132347 -263.730180
v -170.473246 -130.537106 -255.038383
v -175.062580 -141.671770 -245.818887
v -179.289486 -152.513302 -236.090768
v -183.145216 -163.039269 -225.874153
v -186.621794 -173.227891 -215.190182
v -189.712027 -183.058088 -204.060962
v -90.590096 -1.712516 -320.861526
v -98.804094 -14.163556 -318.114947
v -106.813450 -26.585289 -314.710155
v -114.601592 -38.952015 -310.654198
v -122.152405 -51.238145 -305.955466
v -129.450265 -63.418259 -300.623683
v -136.480074 -75.467154 -294.669879
v -143.227284 -87.359900 -288.106374
v -149.677937 -99.071889 -280.946749
v -155.818684 -110.578890 -273.205817
v -161.636820 -121.857091 -264.899596
v -167.120306 -132.883158 -256.045271
v -172.257797 -143.634277 -246.661163
v -177.038663 -154.088203 -236.766689
v -181.453012 -164.223304 -226.382322
v -185.491709 -174.018612 -215.529547
v -189.146399 -183.453858 -204.230820
v -82.005106 -8.090875 -323.068158
v -90.627915 -20.238182 -320.216500
v -99.062999 -32.343614 -316.702283
v -107.292904 -44.382124 -312.532777
v -115.300604 -56.328803 -307.716610
v -123.069528 -68.158932 -302.263747
v -130.583602 -79.848034 -296.185471
v -137.827279 -91.371922 -289.494358
v -144.785570 -102.706753 -282.204252
v -151.444080 -113.829073 -274.330238
v -157.789029 -124.715870 -265.888608
v -163.807291 -135.344617 -256.896828
v -169.486412 -145.693323 -247.373503
v -174.814642 -155.740575 -237.338338
v -179.780957 -165.465585 -226.812096
v -184.375080 -174.848229 -215.816558
v -188.587507 -183.869096 -204.374474
v -55.663496 -10.143336 -328.583765
v -65.220719 -21.688032 -326.255388
v -74.642786 -33.187853 -323.251957
v -83.910204 -44.619005 -319.579685
v -93.003796 -55.957837 -315.246172
v -101.904748 -67.180885 -310.260383
v -110.594641 -78.264931 -304.632635
v -119.055496 -89.187038 -298.374572
v -127.269807 -99.924608 -291.499143
v -135.220577 -110.455425 -284.020573
v -142.891356 -120.757698 -275.954337
v -150.266271 -130.810112 -267.317123
v -157.330064 -140.591867 -258.126805
v -164.068118 -150.082723 -248.402396
v -170.466493 -159.263044 -238.164019
v -176.511948 -168.113833 -227.432857
v -182.191976 -176.616779 -216.231113
v -187.494824 -184.754287 -204.581967
v -188.036578 -184.302890 -204.491609
v -183.274363 -175.714920 -216.050585
v -178.132728 -166.763378 -227.162531
v -172.622313 -157.466787 -237.804456
v -166.754517 -147.844381 -247.954339
v -160.541484 -137.916071 -257.591181
v -153.996067 -127.702398 -266.695041
v -147.131811 -117.224497 -275.247083
v -139.962917 -106.504047 -283.229611
v -132.504219 -95.563229 -290.626110
v -124.771150 -84.424682 -297.421274
v -116.779711 -73.111452 -303.601045
v -108.546435 -61.646946 -309.152635
v -100.088360 -50.054888 -314.064557
v -91.422985 -38.359260 -318.326649
v -82.568240 -26.584264 -321.930092
v -73.542446 -14.754262 -324.867430
v -64.364279 -2.893733 -327.132585
v -37.102444 -6.405920 -331.292450
v -47.129191 -17.659700 -329.601705
v -57.058217 -28.876941 -327.228981
v -66.868977 -40.034432 -324.179188
v -76.541171 -51.109088 -320.458636
v -86.054787 -62.077994 -316.075024
v -95.390140 -72.918455 -311.037421
v -104.527915 -83.608040 -305.356252
v -113.449204 -94.124632 -299.043270
v -122.135549 -104.446471 -292.111538
v -130.568976 -114.552200 -284.575399
v -138.732037 -124.420909 -276.450445
v -146.607840 -134.032179 -267.753487
v -154.180090 -143.366123 -258.502522
v -161.433120 -152.403429 -248.716689
v -168.351921 -161.125397 -238.416237
v -174.922179 -169.513980 -227.622478
v -181.130299 -177.551823 -216.357746
v -186.963436 -185.222293 -204.645349
vt -0.010000 -36.671916 0.000000
vt -0.010000 -3.328291 0.000000
vt -1.549619 -36.635889 0.000000
vt -3.085933 -36.528810 0.000000
vt -4.615664 -36.350906 0.000000
vt -6.135548 -36.102557 0.000000
vt -7.642344 -35.784292 0.000000
vt -9.132837 -35.396791 0.000000
vt -10.603848 -34.940881 0.000000
vt -12.052238 -34.417534 0.000000
vt -13.474917 -33.827865 0.000000
vt -14.868852 -33.173134 0.000000
vt -16.231068 -32.454737 0.000000
vt -17.558659 -31.674207 0.000000
vt -18.848793 -30.833208 0.000000
vt -20.098718 -29.933534 0.000000
vt -21.305768 -28.977105 0.000000
vt -22.467368 -27.965961 0.000000
vt -23.581040 -26.902260 0.000000
vt -24.644408 -25.788269 0.000000
vt -25.655203 -24.626366 0.000000
vt -26.611270 -23.419029 0.000000
vt -27.510569 -22.168834 0.000000
vt -28.351181 -20.878448 0.000000
vt -29.131313 -19.550622 0.000000
vt -29.849302 -18.188191 0.000000
vt -30.503615 -16.794060 0.000000
vt -31.092856 -15.371204 0.000000
vt -31.615769 -13.922657 0.000000
vt -32.071238 -12.451510 0.000000
vt -32.458292 -10.960901 0.000000
vt -32.776104 -9.454010 0.000000
vt -33.023998 -7.934051 0.000000
vt -33.201443 -6.404267 0.000000
vt -33.308062 -4.867921 0.000000
vt -33.343627 -3.328291 0.000000
vt 21.605220 -39.496914 0.000000
vt 20.529396 -40.124873 0.000000
vt 22.039170 -40.248642 0.000000
vt 21.605765 -40.752767 0.000000
vt 22.039170 -40.967368 0.000000
vt 22.653888 -41.411687 0.000000
vt 23.556013 -40.967368 0.000000
vt 23.556013 -41.686094 0.000000
vt 25.072857 -41.686094 0.000000
vt 23.670356 -42.104396 0.000000
vt 25.072857 -42.404820 0.000000
vt 24.651391 -42.833698 0.000000
vt 25.072857 -43.123545 0.000000
vt 25.592819 -43.602362 0.000000
vt 26.589701 -43.123545 0.000000
vt 26.589701 -43.842271 0.000000
vt 28.106545 -43.842271 0.000000
vt 26.490057 -44.413028 0.000000
vt 28.106545 -44.560997 0.000000
vt 27.338111 -45.268064 0.000000
vt 28.106545 -45.279723 0.000000
vt 28.106545 -45.998448 0.000000
vt 29.623389 -45.998448 0.000000
vt 28.131594 -46.169401 0.000000
vt 29.623389 -46.717174 0.000000
vt 28.864774 -47.118318 0.000000
vt 29.623389 -47.435900 0.000000
vt 29.531657 -48.115202 0.000000
vt 29.623389 -48.154626 0.000000
vt 29.623389 48.154626 0.000000
vt 29.531657 48.194050 0.000000
vt 30.126114 47.149961 0.000000
vt 31.140233 47.435900 0.000000
vt 31.140233 46.717174 0.000000
vt 32.657077 46.717174 0.000000
vt 32.657077 45.998448 0.000000
vt 34.173920 45.998448 0.000000
vt 34.173920 45.279723 0.000000
vt 35.690764 45.279723 0.000000
vt 35.690764 44.560997 0.000000
vt 37.207608 44.560997 0.000000
vt 37.207608 43.842271 0.000000
vt 38.724452 43.842271 0.000000
vt 38.724452 43.123545 0.000000
vt 40.241296 43.123545 0.000000
vt 40.241296 42.404820 0.000000
vt 41.758140 42.404820 0.000000
vt 41.758140 41.686094 0.000000
vt 43.274984 41.686094 0.000000
vt 43.274984 40.967368 0.000000
vt 44.791827 40.967368 0.000000
vt 44.791827 40.248642 0.000000
vt 46.308671 40.248642 0.000000
vt 46.308671 39.529917 0.000000
vt 47.825515 39.529917 0.000000
vt 47.825515 38.811191 0.000000
vt 49.342359 38.811191 0.000000
vt 49.342359 38.092465 0.000000
vt 50.859203 38.092465 0.000000
vt 50.859203 37.373739 0.000000
vt 52.376047 37.373739 0.000000
vt 30.642054 46.060825 0.000000
vt 31.140233 45.998448 0.000000
vt 32.657077 45.279723 0.000000
vt 34.173920 44.560997 0.000000
vt 35.690764 43.842271 0.000000
vt 37.207608 43.123545 0.000000
vt 38.724452 42.404820 0.000000
vt 40.241296 41.686094 0.000000
vt 41.758140 40.967368 0.000000
vt 43.274984 40.248642 0.000000
vt 44.791827 39.529917 0.000000
vt 46.308671 38.811191 0.000000
vt 47.825515 38.092465 0.000000
vt 49.342359 37.373739 0.000000
vt 50.859203 36.655014 0.000000
vt 52.376047 36.655014 0.000000
vt 31.140233 45.279723 0.000000
vt 31.073648 44.930400 0.000000
vt 32.657077 44.560997 0.000000
vt 34.173920 43.842271 0.000000
vt 35.690764 43.123545 0.000000
vt 37.207608 42.404820 0.000000
vt 38.724452 41.686094 0.000000
vt 40.241296 40.967368 0.000000
vt 41.758140 40.248642 0.000000
vt 43.274984 39.529917 0.000000
vt 44.791827 38.811191 0.000000
vt 46.308671 38.092465 0.000000
vt 47.825515 37.373739 0.000000
vt 49.342359 36.655014 0.000000
vt 50.859203 35.936288 0.000000
vt 52.376047 35.936288 0.000000
vt 31.415581 43.764146 0.000000
vt 32.657077 43.842271 0.000000
vt 34.173920 43.123545 0.000000
vt 35.690764 42.404820 0.000000
vt 37.207608 41.686094 0.000000
vt 38.724452 40.967368 0.000000
vt 40.241296 40.248642 0.000000
vt 41.758140 39.529917 0.000000
vt 43.274984 38.811191 0.000000
vt 44.791827 38.092465 0.000000
vt 46.308671 37.373739 0.000000
vt 47.825515 36.655014 0.000000
vt 49.342359 35.936288 0.000000
vt 50.859203 35.217562 0.000000
vt 52.376047 35.217562 0.000000
vt 32.657077 43.123545 0.000000
vt 31.663331 42.569204 0.000000
vt 32.657077 42.404820 0.000000
vt 32.657077 41.686094 0.000000
vt 34.173920 41.686094 0.000000
vt 34.173920 40.967368 0.000000
vt 35.690764 40.967368 0.000000
vt 35.690764 40.248642 0.000000
vt 37.207608 40.248642 0.000000
vt 37.207608 39.529917 0.000000
vt 38.724452 39.529917 0.000000
vt 38.724452 38.811191 0.000000
vt 40.241296 38.811191 0.000000
vt 40.241296 38.092465 0.000000
vt 41.758140 38.092465 0.000000
vt 41.758140 37.373739 0.000000
vt 43.274984 37.373739 0.000000
vt 43.274984 36.655014 0.000000
vt 44.791827 36.655014 0.000000
vt 44.791827 35.936288 0.000000
vt 46.308671 35.936288 0.000000
vt 46.308671 35.217562 0.000000
vt 47.825515 35.217562 0.000000
vt 47.825515 34.498836 0.000000
vt 49.342359 34.498836 0.000000
vt 49.342359 33.780110 0.000000
vt 50.859203 33.780110 0.000000
vt 50.859203 33.061385 0.000000
vt 52.376047 33.061385 0.000000
vt 31.813438 41.354195 0.000000
vt 32.657077 40.967368 0.000000
vt 34.173920 40.248642 0.000000
vt 35.690764 39.529917 0.000000
vt 37.207608 38.811191 0.000000
vt 38.724452 38.092465 0.000000
vt 40.241296 37.373739 0.000000
vt 41.758140 36.655014 0.000000
vt 43.274984 35.936288 0.000000
vt 44.791827 35.217562 0.000000
vt 46.308671 34.498836 0.000000
vt 47.825515 33.780110 0.000000
vt 49.342359 33.061385 0.000000
vt 50.859203 32.342659 0.000000
vt 52.376047 32.342659 0.000000
vt 31.863721 40.128855 0.000000
vt 32.657077 40.248642 0.000000
vt 34.173920 39.529917 0.000000
vt 35.690764 38.811191 0.000000
vt 37.207608 38.092465 0.000000
vt 38.724452 37.373739 0.000000
vt 40.241296 36.655014 0.000000
vt 41.758140 35.936288 0.000000
vt 43.274984 35.217562 0.000000
vt 44.791827 34.498836 0.000000
vt 46.308671 33.780110 0.000000
vt 47.825515 33.061385 0.000000
vt 49.342359 32.342659 0.000000
vt 50.859203 31.623933 0.000000
vt 52.376047 31.623933 0.000000
vt 32.657077 39.529917 0.000000
vt 31.813438 38.903514 0.000000
vt 32.657077 38.811191 0.000000
vt 32.657077 38.092465 0.000000
vt 34.173920 38.092465 0.000000
vt 34.173920 37.373739 0.000000
vt 35.690764 37.373739 0.000000
vt 35.690764 36.655014 0.000000
vt 37.207608 36.655014 0.000000
vt 37.207608 35.936288 0.000000
vt 38.724452 35.936288 0.000000
vt 38.724452 35.217562 0.000000
vt 40.241296 35.217562 0.000000
vt 40.241296 34.498836 0.000000
vt 41.758140 34.498836 0.000000
vt 41.758140 33.780110 0.000000
vt 43.274984 33.780110 0.000000
vt 43.274984 33.061385 0.000000
vt 44.791827 33.061385 0.000000
vt 44.791827 32.342659 0.000000
vt 46.308671 32.342659 0.000000
vt 46.308671 31.623933 0.000000
vt 47.825515 31.623933 0.000000
vt 47.825515 30.905207 0.000000
vt 49.342359 30.905207 0.000000
vt 49.342359 30.186482 0.000000
vt 50.859203 30.186482 0.000000
vt 50.859203 29.467756 0.000000
vt 52.376047 29.467756 0.000000
vt 31.663331 37.688506 0.000000
vt 32.657077 37.373739 0.000000
vt 34.173920 36.655014 0.000000
vt 35.690764 35.936288 0.000000
vt 37.207608 35.217562 0.000000
vt 38.724452 34.498836 0.000000
vt 40.241296 33.780110 0.000000
vt 41.758140 33.061385 0.000000
vt 43.274984 32.342659 0.000000
vt 44.791827 31.623933 0.000000
vt 46.308671 30.905207 0.000000
vt 47.825515 30.186482 0.000000
vt 49.342359 29.467756 0.000000
vt 50.859203 28.749030 0.000000
vt 52.376047 28.749030 0.000000
vt 31.415581 36.493563 0.000000
vt 32.657077 36.655014 0.000000
vt 34.173920 35.936288 0.000000
vt 35.690764 35.217562 0.000000
vt 37.207608 34.498836 0.000000
vt 38.724452 33.780110 0.000000
vt 40.241296 33.061385 0.000000
vt 41.758140 32.342659 0.000000
vt 43.274984 31.623933 0.000000
vt 44.791827 30.905207 0.000000
vt 46.308671 30.186482 0.000000
vt 47.825515 29.467756 0.000000
vt 49.342359 28.749030 0.000000
vt 50.859203 28.030304 0.000000
vt 52.376047 28.030304 0.000000
vt 32.657077 35.936288 0.000000
vt 31.073648 35.327309 0.000000
vt 32.657077 35.217562 0.000000
vt 31.140233 35.217562 0.000000
vt 32.657077 34.498836 0.000000
vt 31.140233 34.498836 0.000000
vt 32.657077 33.780110 0.000000
vt 31.140233 33.780110 0.000000
vt 32.657077 33.061385 0.000000
vt 31.140233 33.061385 0.000000
vt 32.657077 32.342659 0.000000
vt 31.140233 32.342659 0.000000
vt 32.657077 31.623933 0.000000
vt 31.140233 31.623933 0.000000
vt 32.657077 30.905207 0.000000
vt 31.140233 30.905207 0.000000
vt 32.657077 30.186482 0.000000
vt 31.140233 30.186482 0.000000
vt 32.657077 29.467756 0.000000
vt 31.140233 29.467756 0.000000
vt 32.657077 28.749030 0.000000
vt 31.140233 28.749030 0.000000
vt 32.657077 28.030304 0.000000
vt 31.140233 28.030304 0.000000
vt 32.657077 27.311579 0.000000
vt 31.140233 27.311579 0.000000
vt 32.657077 26.592853 0.000000
vt 31.140233 26.592853 0.000000
vt 32.657077 25.874127 0.000000
vt 31.140233 25.874127 0.000000
vt 32.657077 25.155401 0.000000
vt 31.140233 25.155401 0.000000
vt 32.657077 24.436676 0.000000
vt 31.140233 24.436676 0.000000
vt 32.657077 23.717950 0.000000
vt 31.140233 23.717950 0.000000
vt 32.657077 22.999224 0.000000
vt 31.140233 22.999224 0.000000
vt 32.657077 22.280498 0.000000
vt 31.140233 22.280498 0.000000
vt 32.657077 21.561773 0.000000
vt 31.140233 21.561773 0.000000
vt 32.657077 20.843047 0.000000
vt 31.140233 20.843047 0.000000
vt 32.657077 20.124321 0.000000
vt 31.140233 20.124321 0.000000
vt 32.657077 19.405595 0.000000
vt 31.140233 19.405595 0.000000
vt 32.657077 18.686870 0.000000
vt 31.140233 18.686870 0.000000
vt 32.657077 17.968144 0.000000
vt 31.140233 17.968144 0.000000
vt 32.657077 17.249418 0.000000
vt 31.140233 17.249418 0.000000
vt 32.657077 16.530692 0.000000
vt 31.140233 16.530692 0.000000
vt 32.657077 15.811967 0.000000
vt 31.140233 15.811967 0.000000
vt 32.657077 15.093241 0.000000
vt 31.140233 15.093241 0.000000
vt 32.657077 14.374515 0.000000
vt 31.140233 14.374515 0.000000
vt 32.657077 13.655789 0.000000
vt 31.140233 13.655789 0.000000
vt 32.657077 12.937064 0.000000
vt 31.140233 12.937064 0.000000
vt 32.657077 12.218338 0.000000
vt 31.406894 11.655052 0.000000
vt 32.657077 11.499612 0.000000
vt 31.654138 10.460723 0.000000
vt 32.657077 10.780886 0.000000
vt 32.657077 10.062161 0.000000
vt 34.173920 10.062161 0.000000
vt 34.173920 9.343435 0.000000
vt 35.690764 9.343435 0.000000
vt 35.690764 8.624709 0.000000
vt 37.207608 8.624709 0.000000
vt 37.207608 7.905983 0.000000
vt 38.724452 7.905983 0.000000
vt 38.724452 7.187258 0.000000
vt 40.241296 7.187258 0.000000
vt 40.241296 6.468532 0.000000
vt 41.758140 6.468532 0.000000
vt 41.758140 5.749806 0.000000
vt 43.274984 5.749806 0.000000
vt 43.274984 5.031080 0.000000
vt 44.791827 5.031080 0.000000
vt 44.791827 4.312355 0.000000
vt 46.308671 4.312355 0.000000
vt 46.308671 3.593629 0.000000
vt 47.825515 3.593629 0.000000
vt 47.825515 2.874903 0.000000
vt 49.342359 2.874903 0.000000
vt 49.342359 2.156177 0.000000
vt 50.859203 2.156177 0.000000
vt 50.859203 1.437452 0.000000
vt 52.376047 1.437452 0.000000
vt 30.642054 34.196884 0.000000
vt 30.126114 33.107749 0.000000
vt 29.531657 32.063660 0.000000
vt 29.623389 31.623933 0.000000
vt 28.864774 31.066776 0.000000
vt 29.623389 30.905207 0.000000
vt 28.131594 30.117859 0.000000
vt 29.623389 30.186482 0.000000
vt 29.623389 29.467756 0.000000
vt 28.106545 29.467756 0.000000
vt 27.338111 29.216522 0.000000
vt 28.106545 28.749030 0.000000
vt 26.490057 28.361486 0.000000
vt 28.106545 28.030304 0.000000
vt 26.589701 28.030304 0.000000
vt 28.106545 27.311579 0.000000
vt 26.589701 27.311579 0.000000
vt 28.106545 26.592853 0.000000
vt 26.589701 26.592853 0.000000
vt 28.106545 25.874127 0.000000
vt 26.589701 25.874127 0.000000
vt 28.106545 25.155401 0.000000
vt 26.589701 25.155401 0.000000
vt 28.106545 24.436676 0.000000
vt 26.589701 24.436676 0.000000
vt 28.106545 23.717950 0.000000
vt 26.589701 23.717950 0.000000
vt 28.106545 22.999224 0.000000
vt 26.589701 22.999224 0.000000
vt 28.106545 22.280498 0.000000
vt 26.589701 22.280498 0.000000
vt 28.106545 21.561773 0.000000
vt 26.589701 21.561773 0.000000
vt 28.106545 20.843047 0.000000
vt 26.589701 20.843047 0.000000
vt 28.106545 20.124321 0.000000
vt 26.589701 20.124321 0.000000
vt 26.486488 19.784970 0.000000
vt 25.589891 20.595620 0.000000
vt 25.072857 21.561773 0.000000
vt 25.072857 22.280498 0.000000
vt 25.072857 22.999224 0.000000
vt 25.072857 23.717950 0.000000
vt 25.072857 24.436676 0.000000
vt 25.072857 25.155401 0.000000
vt 25.072857 25.874127 0.000000
vt 25.072857 26.592853 0.000000
vt 25.592819 27.550821 0.000000
vt 24.651391 26.782156 0.000000
vt 23.670356 26.052855 0.000000
vt 22.653888 25.360145 0.000000
vt 23.556013 25.874127 0.000000
vt 21.605765 24.701225 0.000000
vt 22.039170 24.436676 0.000000
vt 23.556013 25.155401 0.000000
vt 20.529396 24.073331 0.000000
vt 22.039170 23.717950 0.000000
vt 23.556013 23.717950 0.000000
vt 23.556013 22.999224 0.000000
vt 21.605220 23.445372 0.000000
vt 22.652777 22.786392 0.000000
vt 23.556013 22.280498 0.000000
vt 23.668659 22.093634 0.000000
vt 24.649088 21.364298 0.000000
vt 28.106545 19.405595 0.000000
vt 27.333886 18.929985 0.000000
vt 28.106545 18.686870 0.000000
vt 28.126704 18.028745 0.000000
vt 29.623389 18.686870 0.000000
vt 29.623389 17.968144 0.000000
vt 28.859214 17.079979 0.000000
vt 29.623389 17.249418 0.000000
vt 29.623389 16.530692 0.000000
vt 29.525429 16.083311 0.000000
vt 30.119229 15.039511 0.000000
vt 30.634533 13.950744 0.000000
vt 31.065522 12.820770 0.000000
vt 31.803803 9.246396 0.000000
vt 32.657077 9.343435 0.000000
vt 34.173920 8.624709 0.000000
vt 35.690764 7.905983 0.000000
vt 37.207608 7.187258 0.000000
vt 38.724452 6.468532 0.000000
vt 40.241296 5.749806 0.000000
vt 41.758140 5.031080 0.000000
vt 43.274984 4.312355 0.000000
vt 44.791827 3.593629 0.000000
vt 46.308671 2.874903 0.000000
vt 47.825515 2.156177 0.000000
vt 49.342359 1.437452 0.000000
vt 50.859203 0.718726 0.000000
vt 52.376047 0.718726 0.000000
vt 32.657077 8.624709 0.000000
vt 31.853720 8.021790 0.000000
vt 32.657077 7.905983 0.000000
vt 32.657077 7.187258 0.000000
vt 34.173920 7.187258 0.000000
vt 34.173920 6.468532 0.000000
vt 35.690764 6.468532 0.000000
vt 35.690764 5.749806 0.000000
vt 37.207608 5.749806 0.000000
vt 37.207608 5.031080 0.000000
vt 38.724452 5.031080 0.000000
vt 38.724452 4.312355 0.000000
vt 40.241296 4.312355 0.000000
vt 40.241296 3.593629 0.000000
vt 41.758140 3.593629 0.000000
vt 41.758140 2.874903 0.000000
vt 43.274984 2.874903 0.000000
vt 43.274984 2.156177 0.000000
vt 44.791827 2.156177 0.000000
vt 44.791827 1.437452 0.000000
vt 46.308671 1.437452 0.000000
vt 46.308671 0.718726 0.000000
vt 47.825515 0.718726 0.000000
vt 47.825515 0.000000 0.000000
vt 49.342359 0.000000 0.000000
vt 49.342359 -0.718726 0.000000
vt 50.859203 -0.718726 0.000000
vt 50.859203 -1.437452 0.000000
vt 52.376047 -1.437452 0.000000
vt 31.803152 6.797217 0.000000
vt 32.657077 6.468532 0.000000
vt 34.173920 5.749806 0.000000
vt 35.690764 5.031080 0.000000
vt 37.207608 4.312355 0.000000
vt 38.724452 3.593629 0.000000
vt 40.241296 2.874903 0.000000
vt 41.758140 2.156177 0.000000
vt 43.274984 1.437452 0.000000
vt 44.791827 0.718726 0.000000
vt 46.308671 0.000000 0.000000
vt 47.825515 -0.718726 0.000000
vt 49.342359 -1.437452 0.000000
vt 50.859203 -2.156177 0.000000
vt 52.376047 -2.156177 0.000000
vt 31.652844 5.582990 0.000000
vt 32.657077 5.749806 0.000000
vt 34.173920 5.031080 0.000000
vt 35.690764 4.312355 0.000000
vt 37.207608 3.593629 0.000000
vt 38.724452 2.874903 0.000000
vt 40.241296 2.156177 0.000000
vt 41.758140 1.437452 0.000000
vt 43.274984 0.718726 0.000000
vt 44.791827 0.000000 0.000000
vt 46.308671 -0.718726 0.000000
vt 47.825515 -1.437452 0.000000
vt 49.342359 -2.156177 0.000000
vt 50.859203 -2.874903 0.000000
vt 52.376047 -2.874903 0.000000
vt 32.657077 5.031080 0.000000
vt 31.404977 4.388821 0.000000
vt 32.657077 4.312355 0.000000
vt 32.657077 3.593629 0.000000
vt 34.173920 3.593629 0.000000
vt 34.173920 2.874903 0.000000
vt 35.690764 2.874903 0.000000
vt 35.690764 2.156177 0.000000
vt 37.207608 2.156177 0.000000
vt 37.207608 1.437452 0.000000
vt 38.724452 1.437452 0.000000
vt 38.724452 0.718726 0.000000
vt 40.241296 0.718726 0.000000
vt 40.241296 0.000000 0.000000
vt 41.758140 0.000000 0.000000
vt 41.758140 -0.718726 0.000000
vt 43.274984 -0.718726 0.000000
vt 43.274984 -1.437452 0.000000
vt 44.791827 -1.437452 0.000000
vt 44.791827 -2.156177 0.000000
vt 46.308671 -2.156177 0.000000
vt 46.308671 -2.874903 0.000000
vt 47.825515 -2.874903 0.000000
vt 47.825515 -3.593629 0.000000
vt 49.342359 -3.593629 0.000000
vt 49.342359 -4.312355 0.000000
vt 50.859203 -4.312355 0.000000
vt 50.859203 -5.031080 0.000000
vt 52.376047 -5.031080 0.000000
vt 31.063008 3.223313 0.000000
vt 32.657077 2.874903 0.000000
vt 34.173920 2.156177 0.000000
vt 35.690764 1.437452 0.000000
vt 37.207608 0.718726 0.000000
vt 38.724452 0.000000 0.000000
vt 40.241296 -0.718726 0.000000
vt 41.758140 -1.437452 0.000000
vt 43.274984 -2.156177 0.000000
vt 44.791827 -2.874903 0.000000
vt 46.308671 -3.593629 0.000000
vt 47.825515 -4.312355 0.000000
vt 49.342359 -5.031080 0.000000
vt 50.859203 -5.749806 0.000000
vt 52.376047 -5.749806 0.000000
vt 31.140233 2.874903 0.000000
vt 30.631453 2.093591 0.000000
vt 31.140233 2.156177 0.000000
vt 31.140233 1.437452 0.000000
vt 32.657077 1.437452 0.000000
vt 32.657077 0.718726 0.000000
vt 34.173920 0.718726 0.000000
vt 34.173920 0.000000 0.000000
vt 35.690764 0.000000 0.000000
vt 35.690764 -0.718726 0.000000
vt 37.207608 -0.718726 0.000000
vt 37.207608 -1.437452 0.000000
vt 38.724452 -1.437452 0.000000
vt 38.724452 -2.156177 0.000000
vt 40.241296 -2.156177 0.000000
vt 40.241296 -2.874903 0.000000
vt 41.758140 -2.874903 0.000000
vt 41.758140 -3.593629 0.000000
vt 43.274984 -3.593629 0.000000
vt 43.274984 -4.312355 0.000000
vt 44.791827 -4.312355 0.000000
vt 44.791827 -5.031080 0.000000
vt 46.308671 -5.031080 0.000000
vt 46.308671 -5.749806 0.000000
vt 47.825515 -5.749806 0.000000
vt 47.825515 -6.468532 0.000000
vt 49.342359 -6.468532 0.000000
vt 49.342359 -7.187258 0.000000
vt 50.859203 -7.187258 0.000000
vt 50.859203 -7.905983 0.000000
vt 52.376047 -7.905983 0.000000
vt 30.115620 1.005106 0.000000
vt 31.140233 0.718726 0.000000
vt 32.657077 0.000000 0.000000
vt 34.173920 -0.718726 0.000000
vt 35.690764 -1.437452 0.000000
vt 37.207608 -2.156177 0.000000
vt 38.724452 -2.874903 0.000000
vt 40.241296 -3.593629 0.000000
vt 41.758140 -4.312355 0.000000
vt 43.274984 -5.031080 0.000000
vt 44.791827 -5.749806 0.000000
vt 46.308671 -6.468532 0.000000
vt 47.825515 -7.187258 0.000000
vt 49.342359 -7.905983 0.000000
vt 50.859203 -8.624709 0.000000
vt 52.376047 -8.624709 0.000000
vt 29.623389 0.000000 0.000000
vt 29.521330 -0.038394 0.000000
vt 29.623389 -0.718726 0.000000
vt 28.854665 -1.034752 0.000000
vt 29.623389 -1.437452 0.000000
vt 28.121744 -1.983207 0.000000
vt 29.623389 -2.156177 0.000000
vt 28.106545 -2.156177 0.000000
vt 29.623389 -2.874903 0.000000
vt 28.106545 -2.874903 0.000000
vt 29.623389 -3.593629 0.000000
vt 28.106545 -3.593629 0.000000
vt 29.623389 -4.312355 0.000000
vt 28.106545 -4.312355 0.000000
vt 29.623389 -5.031080 0.000000
vt 28.106545 -5.031080 0.000000
vt 29.623389 -5.749806 0.000000
vt 28.106545 -5.749806 0.000000
vt 29.623389 -6.468532 0.000000
vt 28.106545 -6.468532 0.000000
vt 29.623389 -7.187258 0.000000
vt 28.106545 -7.187258 0.000000
vt 29.623389 -7.905983 0.000000
vt 28.106545 -7.905983 0.000000
vt 29.623389 -8.624709 0.000000
vt 28.106545 -8.624709 0.000000
vt 29.623389 -9.343435 0.000000
vt 28.106545 -9.343435 0.000000
vt 29.623389 -10.062161 0.000000
vt 28.106545 -10.062161 0.000000
vt 29.623389 -10.780886 0.000000
vt 28.106545 -10.780886 0.000000
vt 29.623389 -11.501929 0.000000
vt 28.106545 -11.502083 0.000000
vt 29.623389 -12.218338 0.000000
vt 28.106545 -12.218338 0.000000
vt 29.623389 -12.937064 0.000000
vt 28.106545 -12.937064 0.000000
vt 29.623389 -13.655789 0.000000
vt 28.106545 -13.655789 0.000000
vt 28.121744 -14.068335 0.000000
vt 27.328554 -13.167400 0.000000
vt 26.589701 -12.218338 0.000000
vt 26.589701 -11.502238 0.000000
vt 26.589701 -10.780886 0.000000
vt 26.589701 -10.062161 0.000000
vt 26.589701 -9.343435 0.000000
vt 26.589701 -8.624709 0.000000
vt 26.589701 -7.905983 0.000000
vt 26.589701 -7.187258 0.000000
vt 26.589701 -6.468532 0.000000
vt 26.589701 -5.749806 0.000000
vt 26.589701 -5.031080 0.000000
vt 26.589701 -4.312355 0.000000
vt 26.480819 -3.738832 0.000000
vt 27.328554 -2.884142 0.000000
vt 25.583920 -4.549202 0.000000
vt 25.072857 -5.031080 0.000000
vt 24.642845 -5.317615 0.000000
vt 25.072857 -5.749806 0.000000
vt 23.662173 -6.046705 0.000000
vt 25.072857 -6.468532 0.000000
vt 23.556013 -6.468532 0.000000
vt 25.072857 -7.187258 0.000000
vt 23.556013 -7.187258 0.000000
vt 25.072857 -7.905983 0.000000
vt 23.556013 -7.905983 0.000000
vt 25.072857 -8.624709 0.000000
vt 23.556013 -8.624709 0.000000
vt 25.072857 -9.343435 0.000000
vt 23.556013 -9.343435 0.000000
vt 23.662173 -10.004837 0.000000
vt 22.646074 -9.312307 0.000000
vt 22.039170 -8.624709 0.000000
vt 22.039170 -7.905983 0.000000
vt 21.598322 -8.653537 0.000000
vt 20.522326 -8.025771 0.000000
vt 21.598322 -7.398004 0.000000
vt 22.039170 -7.187258 0.000000
vt 22.646074 -6.739235 0.000000
vt 25.072857 -10.062161 0.000000
vt 24.642845 -10.733927 0.000000
vt 25.072857 -10.780886 0.000000
vt 25.583920 -11.502340 0.000000
vt 26.480819 -12.312710 0.000000
vt 29.623389 -14.374515 0.000000
vt 28.854665 -15.016790 0.000000
vt 29.623389 -15.093241 0.000000
vt 29.521330 -16.013148 0.000000
vt 29.623389 -15.811967 0.000000
vt 31.140233 -15.811967 0.000000
vt 31.140233 -15.093241 0.000000
vt 31.140233 -14.374515 0.000000
vt 31.140233 -13.655789 0.000000
vt 31.140233 -12.937064 0.000000
vt 31.140233 -12.218338 0.000000
vt 31.140233 -11.501774 0.000000
vt 31.140233 -10.780886 0.000000
vt 31.140233 -10.062161 0.000000
vt 31.140233 -9.343435 0.000000
vt 31.140233 -8.624709 0.000000
vt 31.140233 -7.905983 0.000000
vt 31.140233 -7.187258 0.000000
vt 31.140233 -6.468532 0.000000
vt 31.140233 -5.749806 0.000000
vt 31.140233 -5.031080 0.000000
vt 31.140233 -4.312355 0.000000
vt 31.140233 -3.593629 0.000000
vt 31.140233 -2.874903 0.000000
vt 31.140233 -2.156177 0.000000
vt 31.140233 -1.437452 0.000000
vt 31.140233 -0.718726 0.000000
vt 31.140233 0.000000 0.000000
vt 31.140233 -16.530692 0.000000
vt 30.115620 -17.056647 0.000000
vt 31.140233 -17.249418 0.000000
vt 30.631453 -18.145133 0.000000
vt 31.140233 -17.968144 0.000000
vt 31.140233 -18.686870 0.000000
vt 32.657077 -18.686870 0.000000
vt 32.657077 -19.405595 0.000000
vt 34.173920 -19.405595 0.000000
vt 34.173920 -20.124321 0.000000
vt 35.690764 -20.124321 0.000000
vt 35.690764 -20.843047 0.000000
vt 37.207608 -20.843047 0.000000
vt 37.207608 -21.561773 0.000000
vt 38.724452 -21.561773 0.000000
vt 38.724452 -22.280498 0.000000
vt 40.241296 -22.280498 0.000000
vt 40.241296 -22.999224 0.000000
vt 41.758140 -22.999224 0.000000
vt 41.758140 -23.717950 0.000000
vt 43.274984 -23.717950 0.000000
vt 43.274984 -24.436676 0.000000
vt 44.791827 -24.436676 0.000000
vt 44.791827 -25.155401 0.000000
vt 46.308671 -25.155401 0.000000
vt 46.308671 -25.874127 0.000000
vt 47.825515 -25.874127 0.000000
vt 47.825515 -26.592853 0.000000
vt 49.342359 -26.592853 0.000000
vt 49.342359 -27.311579 0.000000
vt 50.859203 -27.311579 0.000000
vt 50.859203 -28.030304 0.000000
vt 52.376047 -28.030304 0.000000
vt 31.063008 -19.274855 0.000000
vt 31.140233 -19.405595 0.000000
vt 32.657077 -20.124321 0.000000
vt 34.173920 -20.843047 0.000000
vt 35.690764 -21.561773 0.000000
vt 37.207608 -22.280498 0.000000
vt 38.724452 -22.999224 0.000000
vt 40.241296 -23.717950 0.000000
vt 41.758140 -24.436676 0.000000
vt 43.274984 -25.155401 0.000000
vt 44.791827 -25.874127 0.000000
vt 46.308671 -26.592853 0.000000
vt 47.825515 -27.311579 0.000000
vt 49.342359 -28.030304 0.000000
vt 50.859203 -28.749030 0.000000
vt 52.376047 -28.749030 0.000000
vt 31.404977 -20.440363 0.000000
vt 32.657077 -20.843047 0.000000
vt 31.652844 -21.634532 0.000000
vt 32.657077 -21.561773 0.000000
vt 32.657077 -22.280498 0.000000
vt 34.173920 -22.280498 0.000000
vt 34.173920 -22.999224 0.000000
vt 35.690764 -22.999224 0.000000
vt 35.690764 -23.717950 0.000000
vt 37.207608 -23.717950 0.000000
vt 37.207608 -24.436676 0.000000
vt 38.724452 -24.436676 0.000000
vt 38.724452 -25.155401 0.000000
vt 40.241296 -25.155401 0.000000
vt 40.241296 -25.874127 0.000000
vt 41.758140 -25.874127 0.000000
vt 41.758140 -26.592853 0.000000
vt 43.274984 -26.592853 0.000000
vt 43.274984 -27.311579 0.000000
vt 44.791827 -27.311579 0.000000
vt 44.791827 -28.030304 0.000000
vt 46.308671 -28.030304 0.000000
vt 46.308671 -28.749030 0.000000
vt 47.825515 -28.749030 0.000000
vt 47.825515 -29.467756 0.000000
vt 49.342359 -29.467756 0.000000
vt 49.342359 -30.186482 0.000000
vt 50.859203 -30.186482 0.000000
vt 50.859203 -30.905207 0.000000
vt 52.376047 -30.905207 0.000000
vt 31.803152 -22.848759 0.000000
vt 32.657077 -22.999224 0.000000
vt 34.173920 -23.717950 0.000000
vt 35.690764 -24.436676 0.000000
vt 37.207608 -25.155401 0.000000
vt 38.724452 -25.874127 0.000000
vt 40.241296 -26.592853 0.000000
vt 41.758140 -27.311579 0.000000
vt 43.274984 -28.030304 0.000000
vt 44.791827 -28.749030 0.000000
vt 46.308671 -29.467756 0.000000
vt 47.825515 -30.186482 0.000000
vt 49.342359 -30.905207 0.000000
vt 50.859203 -31.623933 0.000000
vt 52.376047 -31.623933 0.000000
vt 32.657077 -23.717950 0.000000
vt 31.853720 -24.073332 0.000000
vt 32.657077 -24.436676 0.000000
vt 31.803803 -25.297938 0.000000
vt 32.657077 -25.155401 0.000000
vt 32.657077 -25.874127 0.000000
vt 34.173920 -25.874127 0.000000
vt 34.173920 -26.592853 0.000000
vt 35.690764 -26.592853 0.000000
vt 35.690764 -27.311579 0.000000
vt 37.207608 -27.311579 0.000000
vt 37.207608 -28.030304 0.000000
vt 38.724452 -28.030304 0.000000
vt 38.724452 -28.749030 0.000000
vt 40.241296 -28.749030 0.000000
vt 40.241296 -29.467756 0.000000
vt 41.758140 -29.467756 0.000000
vt 41.758140 -30.186482 0.000000
vt 43.274984 -30.186482 0.000000
vt 43.274984 -30.905207 0.000000
vt 44.791827 -30.905207 0.000000
vt 44.791827 -31.623933 0.000000
vt 46.308671 -31.623933 0.000000
vt 46.308671 -32.342659 0.000000
vt 47.825515 -32.342659 0.000000
vt 47.825515 -33.061385 0.000000
vt 49.342359 -33.061385 0.000000
vt 49.342359 -33.780110 0.000000
vt 50.859203 -33.780110 0.000000
vt 50.859203 -34.498836 0.000000
vt 52.376047 -34.498836 0.000000
vt 31.654138 -26.512265 0.000000
vt 32.657077 -26.592853 0.000000
vt 34.173920 -27.311579 0.000000
vt 35.690764 -28.030304 0.000000
vt 37.207608 -28.749030 0.000000
vt 38.724452 -29.467756 0.000000
vt 40.241296 -30.186482 0.000000
vt 41.758140 -30.905207 0.000000
vt 43.274984 -31.623933 0.000000
vt 44.791827 -32.342659 0.000000
vt 46.308671 -33.061385 0.000000
vt 47.825515 -33.780110 0.000000
vt 49.342359 -34.498836 0.000000
vt 50.859203 -35.217562 0.000000
vt 52.376047 -35.217562 0.000000
vt 32.657077 -27.311579 0.000000
vt 31.406894 -27.706593 0.000000
vt 32.657077 -28.030304 0.000000
vt 31.140233 -28.749030 0.000000
vt 32.657077 -28.749030 0.000000
vt 32.657077 -29.467756 0.000000
vt 34.173920 -29.467756 0.000000
vt 34.173920 -30.186482 0.000000
vt 35.690764 -30.186482 0.000000
vt 35.690764 -30.905207 0.000000
vt 37.207608 -30.905207 0.000000
vt 37.207608 -31.623933 0.000000
vt 38.724452 -31.623933 0.000000
vt 38.724452 -32.342659 0.000000
vt 40.241296 -32.342659 0.000000
vt 40.241296 -33.061385 0.000000
vt 41.758140 -33.061385 0.000000
vt 41.758140 -33.780110 0.000000
vt 43.274984 -33.780110 0.000000
vt 43.274984 -34.498836 0.000000
vt 44.791827 -34.498836 0.000000
vt 44.791827 -35.217562 0.000000
vt 46.308671 -35.217562 0.000000
vt 46.308671 -35.936288 0.000000
vt 47.825515 -35.936288 0.000000
vt 47.825515 -36.655014 0.000000
vt 49.342359 -36.655014 0.000000
vt 49.342359 -37.373739 0.000000
vt 50.859203 -37.373739 0.000000
vt 50.859203 -38.092465 0.000000
vt 52.376047 -38.092465 0.000000
vt 31.065522 -28.872312 0.000000
vt 31.140233 -29.467756 0.000000
vt 32.657077 -30.186482 0.000000
vt 34.173920 -30.905207 0.000000
vt 35.690764 -31.623933 0.000000
vt 37.207608 -32.342659 0.000000
vt 38.724452 -33.061385 0.000000
vt 40.241296 -33.780110 0.000000
vt 41.758140 -34.498836 0.000000
vt 43.274984 -35.217562 0.000000
vt 44.791827 -35.936288 0.000000
vt 46.308671 -36.655014 0.000000
vt 47.825515 -37.373739 0.000000
vt 49.342359 -38.092465 0.000000
vt 50.859203 -38.811191 0.000000
vt 52.376047 -38.811191 0.000000
vt 30.634533 -30.002286 0.000000
vt 31.140233 -30.186482 0.000000
vt 32.657077 -30.905207 0.000000
vt 34.173920 -31.623933 0.000000
vt 35.690764 -32.342659 0.000000
vt 37.207608 -33.061385 0.000000
vt 38.724452 -33.780110 0.000000
vt 40.241296 -34.498836 0.000000
vt 41.758140 -35.217562 0.000000
vt 43.274984 -35.936288 0.000000
vt 44.791827 -36.655014 0.000000
vt 46.308671 -37.373739 0.000000
vt 47.825515 -38.092465 0.000000
vt 49.342359 -38.811191 0.000000
vt 50.859203 -39.529917 0.000000
vt 52.376047 -39.529917 0.000000
vt 30.119229 -31.091053 0.000000
vt 31.140233 -30.905207 0.000000
vt 32.657077 -31.623933 0.000000
vt 34.173920 -32.342659 0.000000
vt 35.690764 -33.061385 0.000000
vt 37.207608 -33.780110 0.000000
vt 38.724452 -34.498836 0.000000
vt 40.241296 -35.217562 0.000000
vt 41.758140 -35.936288 0.000000
vt 43.274984 -36.655014 0.000000
vt 44.791827 -37.373739 0.000000
vt 46.308671 -38.092465 0.000000
vt 47.825515 -38.811191 0.000000
vt 49.342359 -39.529917 0.000000
vt 50.859203 -40.248642 0.000000
vt 52.376047 -40.248642 0.000000
vt 31.140233 -31.623933 0.000000
vt 29.525429 -32.134853 0.000000
vt 31.140233 -32.342659 0.000000
vt 29.623389 -32.342659 0.000000
vt 31.140233 -33.061385 0.000000
vt 29.623389 -33.061385 0.000000
vt 31.140233 -33.780110 0.000000
vt 29.623389 -33.780110 0.000000
vt 31.140233 -34.498836 0.000000
vt 29.623389 -34.498836 0.000000
vt 31.140233 -35.217562 0.000000
vt 29.623389 -35.217562 0.000000
vt 31.140233 -35.936288 0.000000
vt 29.623389 -35.936288 0.000000
vt 31.140233 -36.655014 0.000000
vt 29.623389 -36.655014 0.000000
vt 31.140233 -37.373739 0.000000
vt 29.623389 -37.373739 0.000000
vt 31.140233 -38.092465 0.000000
vt 29.623389 -38.092465 0.000000
vt 31.140233 -38.811191 0.000000
vt 29.623389 -38.811191 0.000000
vt 31.140233 -39.529917 0.000000
vt 29.623389 -39.529917 0.000000
vt 31.140233 -40.248642 0.000000
vt 29.623389 -40.248642 0.000000
vt 31.140233 -40.967368 0.000000
vt 29.623389 -40.967368 0.000000
vt 31.140233 -41.686094 0.000000
vt 29.623389 -41.686094 0.000000
vt 31.140233 -42.404820 0.000000
vt 29.623389 -42.404820 0.000000
vt 31.140233 -43.123545 0.000000
vt 29.623389 -43.123545 0.000000
vt 31.140233 -43.842271 0.000000
vt 29.623389 -43.842271 0.000000
vt 31.140233 -44.560997 0.000000
vt 29.623389 -44.560997 0.000000
vt 31.140233 -45.279723 0.000000
vt 29.623389 -45.279723 0.000000
vt 31.140233 -45.998448 0.000000
vt 31.140233 -46.717174 0.000000
vt 31.140233 -47.435900 0.000000
vt 31.140233 -48.154626 0.000000
vt 31.140233 48.154626 0.000000
vt 28.859214 -33.131521 0.000000
vt 28.126704 -34.080286 0.000000
vt 28.106545 -34.498836 0.000000
vt 28.106545 -35.217562 0.000000
vt 28.106545 -35.936288 0.000000
vt 28.106545 -36.655014 0.000000
vt 28.106545 -37.373739 0.000000
vt 28.106545 -38.092465 0.000000
vt 28.106545 -38.811191 0.000000
vt 28.106545 -39.529917 0.000000
vt 28.106545 -40.248642 0.000000
vt 28.106545 -40.967368 0.000000
vt 28.106545 -41.686094 0.000000
vt 28.106545 -42.404820 0.000000
vt 28.106545 -43.123545 0.000000
vt 27.333886 -34.981527 0.000000
vt 26.486488 -35.836512 0.000000
vt 26.589701 -35.936288 0.000000
vt 25.589891 -36.647162 0.000000
vt 26.589701 -36.655014 0.000000
vt 26.589701 -37.373739 0.000000
vt 25.072857 -37.373739 0.000000
vt 24.649088 -37.415840 0.000000
vt 25.072857 -38.092465 0.000000
vt 23.668659 -38.145175 0.000000
vt 25.072857 -38.811191 0.000000
vt 23.556013 -38.811191 0.000000
vt 25.072857 -39.529917 0.000000
vt 23.556013 -39.529917 0.000000
vt 25.072857 -40.248642 0.000000
vt 23.556013 -40.248642 0.000000
vt 25.072857 -40.967368 0.000000
vt 22.652777 -38.837934 0.000000
vt 22.039170 -39.529917 0.000000
vt 50.859203 -48.154626 0.000000
vt 52.376047 -48.154626 0.000000
vt 50.859203 -47.435900 0.000000
vt 52.376047 -47.435900 0.000000
vt 50.859203 -46.717174 0.000000
vt 52.376047 -46.717174 0.000000
vt 50.859203 -45.998448 0.000000
vt 52.376047 -45.998448 0.000000
vt 50.859203 -45.279723 0.000000
vt 52.376047 -45.279723 0.000000
vt 50.859203 -44.560997 0.000000
vt 52.376047 -44.560997 0.000000
vt 50.859203 -43.842271 0.000000
vt 52.376047 -43.842271 0.000000
vt 50.859203 -43.123545 0.000000
vt 52.376047 -43.123545 0.000000
vt 50.859203 -42.404820 0.000000
vt 52.376047 -42.404820 0.000000
vt 50.859203 -41.686094 0.000000
vt 52.376047 -41.686094 0.000000
vt 50.859203 -40.967368 0.000000
vt 52.376047 -40.967368 0.000000
vt 52.376047 -37.373739 0.000000
vt 50.859203 -36.655014 0.000000
vt 52.376047 -36.655014 0.000000
vt 50.859203 -35.936288 0.000000
vt 52.376047 -35.936288 0.000000
vt 52.376047 -33.780110 0.000000
vt 50.859203 -33.061385 0.000000
vt 52.376047 -33.061385 0.000000
vt 50.859203 -32.342659 0.000000
vt 52.376047 -32.342659 0.000000
vt 52.376047 -30.186482 0.000000
vt 50.859203 -29.467756 0.000000
vt 52.376047 -29.467756 0.000000
vt 52.376047 -27.311579 0.000000
vt 50.859203 -26.592853 0.000000
vt 52.376047 -26.592853 0.000000
vt 50.859203 -25.874127 0.000000
vt 52.376047 -25.874127 0.000000
vt 50.859203 -25.155401 0.000000
vt 52.376047 -25.155401 0.000000
vt 50.859203 -24.436676 0.000000
vt 52.376047 -24.436676 0.000000
vt 50.859203 -23.717950 0.000000
vt 52.376047 -23.717950 0.000000
vt 50.859203 -22.999224 0.000000
vt 52.376047 -22.999224 0.000000
vt 50.859203 -22.280498 0.000000
vt 52.376047 -22.280498 0.000000
vt 50.859203 -21.561773 0.000000
vt 52.376047 -21.561773 0.000000
vt 50.859203 -20.843047 0.000000
vt 52.376047 -20.843047 0.000000
vt 50.859203 -20.124321 0.000000
vt 52.376047 -20.124321 0.000000
vt 50.859203 -19.405595 0.000000
vt 52.376047 -19.405595 0.000000
vt 50.859203 -18.686870 0.000000
vt 52.376047 -18.686870 0.000000
vt 50.859203 -17.968144 0.000000
vt 52.376047 -17.968144 0.000000
vt 50.859203 -17.249418 0.000000
vt 52.376047 -17.249418 0.000000
vt 50.859203 -16.530692 0.000000
vt 50.859203 -15.811967 0.000000
vt 52.376047 -15.811967 0.000000
vt 50.859203 -15.093241 0.000000
vt 52.376047 -15.093241 0.000000
vt 50.859203 -14.374515 0.000000
vt 52.376047 -14.374515 0.000000
vt 50.859203 -13.655789 0.000000
vt 52.376047 -13.655789 0.000000
vt 50.859203 -12.937064 0.000000
vt 52.376047 -12.937064 0.000000
vt 50.859203 -12.218338 0.000000
vt 52.376047 -12.218338 0.000000
vt 50.859203 -11.499767 0.000000
vt 52.376047 -11.499612 0.000000
vt 50.859203 -10.780886 0.000000
vt 52.376047 -10.780886 0.000000
vt 50.859203 -10.062161 0.000000
vt 52.376047 -10.062161 0.000000
vt 50.859203 -9.343435 0.000000
vt 52.376047 -9.343435 0.000000
vt 52.376047 -7.187258 0.000000
vt 50.859203 -6.468532 0.000000
vt 52.376047 -6.468532 0.000000
vt 52.376047 -4.312355 0.000000
vt 50.859203 -3.593629 0.000000
vt 52.376047 -3.593629 0.000000
vt 52.376047 -0.718726 0.000000
vt 50.859203 0.000000 0.000000
vt 52.376047 0.000000 0.000000
vt 52.376047 2.156177 0.000000
vt 50.859203 2.874903 0.000000
vt 52.376047 2.874903 0.000000
vt 50.859203 3.593629 0.000000
vt 52.376047 3.593629 0.000000
vt 50.859203 4.312355 0.000000
vt 52.376047 4.312355 0.000000
vt 50.859203 5.031080 0.000000
vt 52.376047 5.031080 0.000000
vt 50.859203 5.749806 0.000000
vt 52.376047 5.749806 0.000000
vt 50.859203 6.468532 0.000000
vt 52.376047 6.468532 0.000000
vt 50.859203 7.187258 0.000000
vt 52.376047 7.187258 0.000000
vt 50.859203 7.905983 0.000000
vt 52.376047 7.905983 0.000000
vt 50.859203 8.624709 0.000000
vt 52.376047 8.624709 0.000000
vt 50.859203 9.343435 0.000000
vt 52.376047 9.343435 0.000000
vt 50.859203 10.062161 0.000000
vt 52.376047 10.062161 0.000000
vt 50.859203 10.780886 0.000000
vt 52.376047 10.780886 0.000000
vt 50.859203 11.499612 0.000000
vt 52.376047 11.499612 0.000000
vt 50.859203 12.218338 0.000000
vt 52.376047 12.218338 0.000000
vt 50.859203 12.937064 0.000000
vt 52.376047 12.937064 0.000000
vt 50.859203 13.655789 0.000000
vt 52.376047 13.655789 0.000000
vt 50.859203 14.374515 0.000000
vt 52.376047 14.374515 0.000000
vt 50.859203 15.093241 0.000000
vt 52.376047 15.093241 0.000000
vt 50.859203 15.811967 0.000000
vt 50.859203 16.530692 0.000000
vt 52.376047 16.530692 0.000000
vt 50.859203 17.249418 0.000000
vt 52.376047 17.249418 0.000000
vt 50.859203 17.968144 0.000000
vt 52.376047 17.968144 0.000000
vt 50.859203 18.686870 0.000000
vt 52.376047 18.686870 0.000000
vt 50.859203 19.405595 0.000000
vt 52.376047 19.405595 0.000000
vt 50.859203 20.124321 0.000000
vt 52.376047 20.124321 0.000000
vt 50.859203 20.843047 0.000000
vt 52.376047 20.843047 0.000000
vt 50.859203 21.561773 0.000000
vt 52.376047 21.561773 0.000000
vt 50.859203 22.280498 0.000000
vt 52.376047 22.280498 0.000000
vt 50.859203 22.999224 0.000000
vt 52.376047 22.999224 0.000000
vt 50.859203 23.717950 0.000000
vt 52.376047 23.717950 0.000000
vt 50.859203 24.436676 0.000000
vt 52.376047 24.436676 0.000000
vt 50.859203 25.155401 0.000000
vt 52.376047 25.155401 0.000000
vt 50.859203 25.874127 0.000000
vt 52.376047 25.874127 0.000000
vt 50.859203 26.592853 0.000000
vt 52.376047 26.592853 0.000000
vt 50.859203 27.311579 0.000000
vt 52.376047 27.311579 0.000000
vt 52.376047 30.186482 0.000000
vt 50.859203 30.905207 0.000000
vt 52.376047 30.905207 0.000000
vt 52.376047 33.780110 0.000000
vt 50.859203 34.498836 0.000000
vt 52.376047 34.498836 0.000000
vt 52.376047 38.092465 0.000000
vt 50.859203 38.811191 0.000000
vt 52.376047 38.811191 0.000000
vt 50.859203 39.529917 0.000000
vt 52.376047 39.529917 0.000000
vt 50.859203 40.248642 0.000000
vt 52.376047 40.248642 0.000000
vt 50.859203 40.967368 0.000000
vt 52.376047 40.967368 0.000000
vt 50.859203 41.686094 0.000000
vt 52.376047 41.686094 0.000000
vt 50.859203 42.404820 0.000000
vt 52.376047 42.404820 0.000000
vt 50.859203 43.123545 0.000000
vt 52.376047 43.123545 0.000000
vt 50.859203 43.842271 0.000000
vt 52.376047 43.842271 0.000000
vt 50.859203 44.560997 0.000000
vt 52.376047 44.560997 0.000000
vt 50.859203 45.279723 0.000000
vt 52.376047 45.279723 0.000000
vt 50.859203 45.998448 0.000000
vt 52.376047 45.998448 0.000000
vt 50.859203 46.717174 0.000000
vt 52.376047 46.717174 0.000000
vt 50.859203 47.435900 0.000000
vt 52.376047 47.435900 0.000000
vt 50.859203 48.154626 0.000000
vt 49.342359 48.154626 0.000000
vt 49.342359 47.435900 0.000000
vt 49.342359 46.717174 0.000000
vt 49.342359 45.998448 0.000000
vt 49.342359 45.279723 0.000000
vt 49.342359 44.560997 0.000000
vt 49.342359 43.842271 0.000000
vt 49.342359 43.123545 0.000000
vt 49.342359 42.404820 0.000000
vt 49.342359 41.686094 0.000000
vt 49.342359 40.967368 0.000000
vt 49.342359 40.248642 0.000000
vt 49.342359 39.529917 0.000000
vt 47.825515 48.154626 0.000000
vt 47.825515 47.435900 0.000000
vt 47.825515 46.717174 0.000000
vt 47.825515 45.998448 0.000000
vt 47.825515 45.279723 0.000000
vt 47.825515 44.560997 0.000000
vt 47.825515 43.842271 0.000000
vt 47.825515 43.123545 0.000000
vt 47.825515 42.404820 0.000000
vt 47.825515 41.686094 0.000000
vt 47.825515 40.967368 0.000000
vt 47.825515 40.248642 0.000000
vt 49.342359 -48.154626 0.000000
vt 49.342359 -47.435900 0.000000
vt 49.342359 -46.717174 0.000000
vt 49.342359 -45.998448 0.000000
vt 49.342359 -45.279723 0.000000
vt 49.342359 -44.560997 0.000000
vt 49.342359 -43.842271 0.000000
vt 49.342359 -43.123545 0.000000
vt 49.342359 -42.404820 0.000000
vt 49.342359 -41.686094 0.000000
vt 49.342359 -40.967368 0.000000
vt 49.342359 -40.248642 0.000000
vt 46.308671 48.154626 0.000000
vt 46.308671 47.435900 0.000000
vt 46.308671 46.717174 0.000000
vt 46.308671 45.998448 0.000000
vt 46.308671 45.279723 0.000000
vt 46.308671 44.560997 0.000000
vt 46.308671 43.842271 0.000000
vt 46.308671 43.123545 0.000000
vt 46.308671 42.404820 0.000000
vt 46.308671 41.686094 0.000000
vt 46.308671 40.967368 0.000000
vt 47.825515 -48.154626 0.000000
vt 47.825515 -47.435900 0.000000
vt 47.825515 -46.717174 0.000000
vt 47.825515 -45.998448 0.000000
vt 47.825515 -45.279723 0.000000
vt 47.825515 -44.560997 0.000000
vt 47.825515 -43.842271 0.000000
vt 47.825515 -43.123545 0.000000
vt 47.825515 -42.404820 0.000000
vt 47.825515 -41.686094 0.000000
vt 47.825515 -40.967368 0.000000
vt 47.825515 -40.248642 0.000000
vt 47.825515 -39.529917 0.000000
vt 44.791827 48.154626 0.000000
vt 44.791827 47.435900 0.000000
vt 44.791827 46.717174 0.000000
vt 44.791827 45.998448 0.000000
vt 44.791827 45.279723 0.000000
vt 44.791827 44.560997 0.000000
vt 44.791827 43.842271 0.000000
vt 44.791827 43.123545 0.000000
vt 44.791827 42.404820 0.000000
vt 44.791827 41.686094 0.000000
vt 46.308671 -48.154626 0.000000
vt 46.308671 -47.435900 0.000000
vt 46.308671 -46.717174 0.000000
vt 46.308671 -45.998448 0.000000
vt 46.308671 -45.279723 0.000000
vt 46.308671 -44.560997 0.000000
vt 46.308671 -43.842271 0.000000
vt 46.308671 -43.123545 0.000000
vt 46.308671 -42.404820 0.000000
vt 46.308671 -41.686094 0.000000
vt 46.308671 -40.967368 0.000000
vt 46.308671 -40.248642 0.000000
vt 46.308671 -39.529917 0.000000
vt 46.308671 -38.811191 0.000000
vt 43.274984 48.154626 0.000000
vt 43.274984 47.435900 0.000000
vt 43.274984 46.717174 0.000000
vt 43.274984 45.998448 0.000000
vt 43.274984 45.279723 0.000000
vt 43.274984 44.560997 0.000000
vt 43.274984 43.842271 0.000000
vt 43.274984 43.123545 0.000000
vt 43.274984 42.404820 0.000000
vt 44.791827 -48.154626 0.000000
vt 44.791827 -47.435900 0.000000
vt 44.791827 -46.717174 0.000000
vt 44.791827 -45.998448 0.000000
vt 44.791827 -45.279723 0.000000
vt 44.791827 -44.560997 0.000000
vt 44.791827 -43.842271 0.000000
vt 44.791827 -43.123545 0.000000
vt 44.791827 -42.404820 0.000000
vt 44.791827 -41.686094 0.000000
vt 44.791827 -40.967368 0.000000
vt 44.791827 -40.248642 0.000000
vt 44.791827 -39.529917 0.000000
vt 44.791827 -38.811191 0.000000
vt 44.791827 -38.092465 0.000000
vt 41.758140 48.154626 0.000000
vt 41.758140 47.435900 0.000000
vt 41.758140 46.717174 0.000000
vt 41.758140 45.998448 0.000000
vt 41.758140 45.279723 0.000000
vt 41.758140 44.560997 0.000000
vt 41.758140 43.842271 0.000000
vt 41.758140 43.123545 0.000000
vt 43.274984 -48.154626 0.000000
vt 43.274984 -47.435900 0.000000
vt 43.274984 -46.717174 0.000000
vt 43.274984 -45.998448 0.000000
vt 43.274984 -45.279723 0.000000
vt 43.274984 -44.560997 0.000000
vt 43.274984 -43.842271 0.000000
vt 43.274984 -43.123545 0.000000
vt 43.274984 -42.404820 0.000000
vt 43.274984 -41.686094 0.000000
vt 43.274984 -40.967368 0.000000
vt 43.274984 -40.248642 0.000000
vt 43.274984 -39.529917 0.000000
vt 43.274984 -38.811191 0.000000
vt 43.274984 -38.092465 0.000000
vt 43.274984 -37.373739 0.000000
vt 40.241296 48.154626 0.000000
vt 40.241296 47.435900 0.000000
vt 40.241296 46.717174 0.000000
vt 40.241296 45.998448 0.000000
vt 40.241296 45.279723 0.000000
vt 40.241296 44.560997 0.000000
vt 40.241296 43.842271 0.000000
vt 41.758140 -48.154626 0.000000
vt 41.758140 -47.435900 0.000000
vt 41.758140 -46.717174 0.000000
vt 41.758140 -45.998448 0.000000
vt 41.758140 -45.279723 0.000000
vt 41.758140 -44.560997 0.000000
vt 41.758140 -43.842271 0.000000
vt 41.758140 -43.123545 0.000000
vt 41.758140 -42.404820 0.000000
vt 41.758140 -41.686094 0.000000
vt 41.758140 -40.967368 0.000000
vt 41.758140 -40.248642 0.000000
vt 41.758140 -39.529917 0.000000
vt 41.758140 -38.811191 0.000000
vt 41.758140 -38.092465 0.000000
vt 41.758140 -37.373739 0.000000
vt 41.758140 -36.655014 0.000000
vt 38.724452 48.154626 0.000000
vt 38.724452 47.435900 0.000000
vt 38.724452 46.717174 0.000000
vt 38.724452 45.998448 0.000000
vt 38.724452 45.279723 0.000000
vt 38.724452 44.560997 0.000000
vt 40.241296 -48.154626 0.000000
vt 40.241296 -47.435900 0.000000
vt 40.241296 -46.717174 0.000000
vt 40.241296 -45.998448 0.000000
vt 40.241296 -45.279723 0.000000
vt 40.241296 -44.560997 0.000000
vt 40.241296 -43.842271 0.000000
vt 40.241296 -43.123545 0.000000
vt 40.241296 -42.404820 0.000000
vt 40.241296 -41.686094 0.000000
vt 40.241296 -40.967368 0.000000
vt 40.241296 -40.248642 0.000000
vt 40.241296 -39.529917 0.000000
vt 40.241296 -38.811191 0.000000
vt 40.241296 -38.092465 0.000000
vt 40.241296 -37.373739 0.000000
vt 40.241296 -36.655014 0.000000
vt 40.241296 -35.936288 0.000000
vt 37.207608 48.154626 0.000000
vt 37.207608 47.435900 0.000000
vt 37.207608 46.717174 0.000000
vt 37.207608 45.998448 0.000000
vt 37.207608 45.279723 0.000000
vt 38.724452 -48.154626 0.000000
vt 38.724452 -47.435900 0.000000
vt 38.724452 -46.717174 0.000000
vt 38.724452 -45.998448 0.000000
vt 38.724452 -45.279723 0.000000
vt 38.724452 -44.560997 0.000000
vt 38.724452 -43.842271 0.000000
vt 38.724452 -43.123545 0.000000
vt 38.724452 -42.404820 0.000000
vt 38.724452 -41.686094 0.000000
vt 38.724452 -40.967368 0.000000
vt 38.724452 -40.248642 0.000000
vt 38.724452 -39.529917 0.000000
vt 38.724452 -38.811191 0.000000
vt 38.724452 -38.092465 0.000000
vt 38.724452 -37.373739 0.000000
vt 38.724452 -36.655014 0.000000
vt 38.724452 -35.936288 0.000000
vt 38.724452 -35.217562 0.000000
vt 35.690764 48.154626 0.000000
vt 35.690764 47.435900 0.000000
vt 35.690764 46.717174 0.000000
vt 35.690764 45.998448 0.000000
vt 37.207608 -48.154626 0.000000
vt 37.207608 -47.435900 0.000000
vt 37.207608 -46.717174 0.000000
vt 37.207608 -45.998448 0.000000
vt 37.207608 -45.279723 0.000000
vt 37.207608 -44.560997 0.000000
vt 37.207608 -43.842271 0.000000
vt 37.207608 -43.123545 0.000000
vt 37.207608 -42.404820 0.000000
vt 37.207608 -41.686094 0.000000
vt 37.207608 -40.967368 0.000000
vt 37.207608 -40.248642 0.000000
vt 37.207608 -39.529917 0.000000
vt 37.207608 -38.811191 0.000000
vt 37.207608 -38.092465 0.000000
vt 37.207608 -37.373739 0.000000
vt 37.207608 -36.655014 0.000000
vt 37.207608 -35.936288 0.000000
vt 37.207608 -35.217562 0.000000
vt 37.207608 -34.498836 0.000000
vt 34.173920 48.154626 0.000000
vt 34.173920 47.435900 0.000000
vt 34.173920 46.717174 0.000000
vt 35.690764 -48.154626 0.000000
vt 35.690764 -47.435900 0.000000
vt 35.690764 -46.717174 0.000000
vt 35.690764 -45.998448 0.000000
vt 35.690764 -45.279723 0.000000
vt 35.690764 -44.560997 0.000000
vt 35.690764 -43.842271 0.000000
vt 35.690764 -43.123545 0.000000
vt 35.690764 -42.404820 0.000000
vt 35.690764 -41.686094 0.000000
vt 35.690764 -40.967368 0.000000
vt 35.690764 -40.248642 0.000000
vt 35.690764 -39.529917 0.000000
vt 35.690764 -38.811191 0.000000
vt 35.690764 -38.092465 0.000000
vt 35.690764 -37.373739 0.000000
vt 35.690764 -36.655014 0.000000
vt 35.690764 -35.936288 0.000000
vt 35.690764 -35.217562 0.000000
vt 35.690764 -34.498836 0.000000
vt 35.690764 -33.780110 0.000000
vt 32.657077 48.154626 0.000000
vt 32.657077 47.435900 0.000000
vt 34.173920 -48.154626 0.000000
vt 34.173920 -47.435900 0.000000
vt 34.173920 -46.717174 0.000000
vt 34.173920 -45.998448 0.000000
vt 34.173920 -45.279723 0.000000
vt 34.173920 -44.560997 0.000000
vt 34.173920 -43.842271 0.000000
vt 34.173920 -43.123545 0.000000
vt 34.173920 -42.404820 0.000000
vt 34.173920 -41.686094 0.000000
vt 34.173920 -40.967368 0.000000
vt 34.173920 -40.248642 0.000000
vt 34.173920 -39.529917 0.000000
vt 34.173920 -38.811191 0.000000
vt 34.173920 -38.092465 0.000000
vt 34.173920 -37.373739 0.000000
vt 34.173920 -36.655014 0.000000
vt 34.173920 -35.936288 0.000000
vt 34.173920 -35.217562 0.000000
vt 34.173920 -34.498836 0.000000
vt 34.173920 -33.780110 0.000000
vt 34.173920 -33.061385 0.000000
vt 32.657077 -48.154626 0.000000
vt 32.657077 -47.435900 0.000000
vt 32.657077 -46.717174 0.000000
vt 32.657077 -45.998448 0.000000
vt 32.657077 -45.279723 0.000000
vt 32.657077 -44.560997 0.000000
vt 32.657077 -43.842271 0.000000
vt 32.657077 -43.123545 0.000000
vt 32.657077 -42.404820 0.000000
vt 32.657077 -41.686094 0.000000
vt 32.657077 -40.967368 0.000000
vt 32.657077 -40.248642 0.000000
vt 32.657077 -39.529917 0.000000
vt 32.657077 -38.811191 0.000000
vt 32.657077 -38.092465 0.000000
vt 32.657077 -37.373739 0.000000
vt 32.657077 -36.655014 0.000000
vt 32.657077 -35.936288 0.000000
vt 32.657077 -35.217562 0.000000
vt 32.657077 -34.498836 0.000000
vt 32.657077 -33.780110 0.000000
vt 32.657077 -33.061385 0.000000
vt 32.657077 -32.342659 0.000000
vt 52.376047 -16.051542 0.000000
vt 52.376047 16.051542 0.000000
vt 26.589701 -39.529917 0.000000
vt 26.589701 -40.248642 0.000000
vt 26.589701 -40.967368 0.000000
vt 26.589701 -41.686094 0.000000
vt 26.589701 -42.404820 0.000000
vt 26.589701 -38.811191 0.000000
vt 26.589701 -38.092465 0.000000
vt 34.173920 42.404820 0.000000
vt 35.690764 41.686094 0.000000
vt 37.207608 40.967368 0.000000
vt 38.724452 40.248642 0.000000
vt 40.241296 39.529917 0.000000
vt 41.758140 38.811191 0.000000
vt 43.274984 38.092465 0.000000
vt 44.791827 37.373739 0.000000
vt 46.308671 36.655014 0.000000
vt 47.825515 35.936288 0.000000
vt 49.342359 35.217562 0.000000
vt 34.173920 38.811191 0.000000
vt 35.690764 38.092465 0.000000
vt 37.207608 37.373739 0.000000
vt 38.724452 36.655014 0.000000
vt 40.241296 35.936288 0.000000
vt 41.758140 35.217562 0.000000
vt 43.274984 34.498836 0.000000
vt 44.791827 33.780110 0.000000
vt 46.308671 33.061385 0.000000
vt 47.825515 32.342659 0.000000
vt 49.342359 31.623933 0.000000
vt 34.173920 35.217562 0.000000
vt 35.690764 34.498836 0.000000
vt 37.207608 33.780110 0.000000
vt 38.724452 33.061385 0.000000
vt 40.241296 32.342659 0.000000
vt 41.758140 31.623933 0.000000
vt 43.274984 30.905207 0.000000
vt 44.791827 30.186482 0.000000
vt 46.308671 29.467756 0.000000
vt 47.825515 28.749030 0.000000
vt 49.342359 28.030304 0.000000
vt 34.173920 34.498836 0.000000
vt 35.690764 33.780110 0.000000
vt 37.207608 33.061385 0.000000
vt 38.724452 32.342659 0.000000
vt 40.241296 31.623933 0.000000
vt 41.758140 30.905207 0.000000
vt 43.274984 30.186482 0.000000
vt 44.791827 29.467756 0.000000
vt 46.308671 28.749030 0.000000
vt 47.825515 28.030304 0.000000
vt 49.342359 27.311579 0.000000
vt 34.173920 33.780110 0.000000
vt 34.173920 33.061385 0.000000
vt 34.173920 32.342659 0.000000
vt 34.173920 31.623933 0.000000
vt 34.173920 30.905207 0.000000
vt 34.173920 30.186482 0.000000
vt 34.173920 29.467756 0.000000
vt 34.173920 28.749030 0.000000
vt 34.173920 28.030304 0.000000
vt 34.173920 27.311579 0.000000
vt 34.173920 26.592853 0.000000
vt 34.173920 25.874127 0.000000
vt 34.173920 25.155401 0.000000
vt 34.173920 24.436676 0.000000
vt 34.173920 23.717950 0.000000
vt 34.173920 22.999224 0.000000
vt 34.173920 22.280498 0.000000
vt 34.173920 21.561773 0.000000
vt 34.173920 20.843047 0.000000
vt 34.173920 20.124321 0.000000
vt 34.173920 19.405595 0.000000
vt 34.173920 18.686870 0.000000
vt 34.173920 17.968144 0.000000
vt 34.173920 17.249418 0.000000
vt 34.173920 16.530692 0.000000
vt 34.173920 15.811967 0.000000
vt 34.173920 15.093241 0.000000
vt 34.173920 14.374515 0.000000
vt 34.173920 13.655789 0.000000
vt 34.173920 12.937064 0.000000
vt 34.173920 12.218338 0.000000
vt 34.173920 11.499612 0.000000
vt 34.173920 10.780886 0.000000
vt 35.690764 33.061385 0.000000
vt 37.207608 32.342659 0.000000
vt 38.724452 31.623933 0.000000
vt 40.241296 30.905207 0.000000
vt 41.758140 30.186482 0.000000
vt 43.274984 29.467756 0.000000
vt 44.791827 28.749030 0.000000
vt 46.308671 28.030304 0.000000
vt 47.825515 27.311579 0.000000
vt 49.342359 26.592853 0.000000
vt 35.690764 32.342659 0.000000
vt 35.690764 31.623933 0.000000
vt 35.690764 30.905207 0.000000
vt 35.690764 30.186482 0.000000
vt 35.690764 29.467756 0.000000
vt 35.690764 28.749030 0.000000
vt 35.690764 28.030304 0.000000
vt 35.690764 27.311579 0.000000
vt 35.690764 26.592853 0.000000
vt 35.690764 25.874127 0.000000
vt 35.690764 25.155401 0.000000
vt 35.690764 24.436676 0.000000
vt 35.690764 23.717950 0.000000
vt 35.690764 22.999224 0.000000
vt 35.690764 22.280498 0.000000
vt 35.690764 21.561773 0.000000
vt 35.690764 20.843047 0.000000
vt 35.690764 20.124321 0.000000
vt 35.690764 19.405595 0.000000
vt 35.690764 18.686870 0.000000
vt 35.690764 17.968144 0.000000
vt 35.690764 17.249418 0.000000
vt 35.690764 16.530692 0.000000
vt 35.690764 15.811967 0.000000
vt 35.690764 15.093241 0.000000
vt 35.690764 14.374515 0.000000
vt 35.690764 13.655789 0.000000
vt 35.690764 12.937064 0.000000
vt 35.690764 12.218338 0.000000
vt 35.690764 11.499612 0.000000
vt 35.690764 10.780886 0.000000
vt 35.690764 10.062161 0.000000
vt 37.207608 31.623933 0.000000
vt 38.724452 30.905207 0.000000
vt 40.241296 30.186482 0.000000
vt 41.758140 29.467756 0.000000
vt 43.274984 28.749030 0.000000
vt 44.791827 28.030304 0.000000
vt 46.308671 27.311579 0.000000
vt 47.825515 26.592853 0.000000
vt 49.342359 25.874127 0.000000
vt 37.207608 30.905207 0.000000
vt 37.207608 30.186482 0.000000
vt 37.207608 29.467756 0.000000
vt 37.207608 28.749030 0.000000
vt 37.207608 28.030304 0.000000
vt 37.207608 27.311579 0.000000
vt 37.207608 26.592853 0.000000
vt 37.207608 25.874127 0.000000
vt 37.207608 25.155401 0.000000
vt 37.207608 24.436676 0.000000
vt 37.207608 23.717950 0.000000
vt 37.207608 22.999224 0.000000
vt 37.207608 22.280498 0.000000
vt 37.207608 21.561773 0.000000
vt 37.207608 20.843047 0.000000
vt 37.207608 20.124321 0.000000
vt 37.207608 19.405595 0.000000
vt 37.207608 18.686870 0.000000
vt 37.207608 17.968144 0.000000
vt 37.207608 17.249418 0.000000
vt 37.207608 16.530692 0.000000
vt 37.207608 15.811967 0.000000
vt 37.207608 15.093241 0.000000
vt 37.207608 14.374515 0.000000
vt 37.207608 13.655789 0.000000
vt 37.207608 12.937064 0.000000
vt 37.207608 12.218338 0.000000
vt 37.207608 11.499612 0.000000
vt 37.207608 10.780886 0.000000
vt 37.207608 10.062161 0.000000
vt 37.207608 9.343435 0.000000
vt 38.724452 30.186482 0.000000
vt 40.241296 29.467756 0.000000
vt 41.758140 28.749030 0.000000
vt 43.274984 28.030304 0.000000
vt 44.791827 27.311579 0.000000
vt 46.308671 26.592853 0.000000
vt 47.825515 25.874127 0.000000
vt 49.342359 25.155401 0.000000
vt 29.623389 28.749030 0.000000
vt 29.623389 28.030304 0.000000
vt 29.623389 27.311579 0.000000
vt 29.623389 26.592853 0.000000
vt 29.623389 25.874127 0.000000
vt 29.623389 25.155401 0.000000
vt 29.623389 24.436676 0.000000
vt 29.623389 23.717950 0.000000
vt 29.623389 22.999224 0.000000
vt 29.623389 22.280498 0.000000
vt 29.623389 21.561773 0.000000
vt 29.623389 20.843047 0.000000
vt 29.623389 20.124321 0.000000
vt 29.623389 19.405595 0.000000
vt 38.724452 29.467756 0.000000
vt 38.724452 28.749030 0.000000
vt 38.724452 28.030304 0.000000
vt 38.724452 27.311579 0.000000
vt 38.724452 26.592853 0.000000
vt 38.724452 25.874127 0.000000
vt 38.724452 25.155401 0.000000
vt 38.724452 24.436676 0.000000
vt 38.724452 23.717950 0.000000
vt 38.724452 22.999224 0.000000
vt 38.724452 22.280498 0.000000
vt 38.724452 21.561773 0.000000
vt 38.724452 20.843047 0.000000
vt 38.724452 20.124321 0.000000
vt 38.724452 19.405595 0.000000
vt 38.724452 18.686870 0.000000
vt 38.724452 17.968144 0.000000
vt 38.724452 17.249418 0.000000
vt 38.724452 16.530692 0.000000
vt 38.724452 15.811967 0.000000
vt 38.724452 15.093241 0.000000
vt 38.724452 14.374515 0.000000
vt 38.724452 13.655789 0.000000
vt 38.724452 12.937064 0.000000
vt 38.724452 12.218338 0.000000
vt 38.724452 11.499612 0.000000
vt 38.724452 10.780886 0.000000
vt 38.724452 10.062161 0.000000
vt 38.724452 9.343435 0.000000
vt 38.724452 8.624709 0.000000
vt 40.241296 28.749030 0.000000
vt 41.758140 28.030304 0.000000
vt 43.274984 27.311579 0.000000
vt 44.791827 26.592853 0.000000
vt 46.308671 25.874127 0.000000
vt 47.825515 25.155401 0.000000
vt 49.342359 24.436676 0.000000
vt 40.241296 28.030304 0.000000
vt 40.241296 27.311579 0.000000
vt 40.241296 26.592853 0.000000
vt 40.241296 25.874127 0.000000
vt 40.241296 25.155401 0.000000
vt 40.241296 24.436676 0.000000
vt 40.241296 23.717950 0.000000
vt 40.241296 22.999224 0.000000
vt 40.241296 22.280498 0.000000
vt 40.241296 21.561773 0.000000
vt 40.241296 20.843047 0.000000
vt 40.241296 20.124321 0.000000
vt 40.241296 19.405595 0.000000
vt 40.241296 18.686870 0.000000
vt 40.241296 17.968144 0.000000
vt 40.241296 17.249418 0.000000
vt 40.241296 16.530692 0.000000
vt 40.241296 15.811967 0.000000
vt 40.241296 15.093241 0.000000
vt 40.241296 14.374515 0.000000
vt 40.241296 13.655789 0.000000
vt 40.241296 12.937064 0.000000
vt 40.241296 12.218338 0.000000
vt 40.241296 11.499612 0.000000
vt 40.241296 10.780886 0.000000
vt 40.241296 10.062161 0.000000
vt 40.241296 9.343435 0.000000
vt 40.241296 8.624709 0.000000
vt 40.241296 7.905983 0.000000
vt 41.758140 27.311579 0.000000
vt 43.274984 26.592853 0.000000
vt 44.791827 25.874127 0.000000
vt 46.308671 25.155401 0.000000
vt 47.825515 24.436676 0.000000
vt 49.342359 23.717950 0.000000
vt 41.758140 26.592853 0.000000
vt 41.758140 25.874127 0.000000
vt 41.758140 25.155401 0.000000
vt 41.758140 24.436676 0.000000
vt 41.758140 23.717950 0.000000
vt 41.758140 22.999224 0.000000
vt 41.758140 22.280498 0.000000
vt 41.758140 21.561773 0.000000
vt 41.758140 20.843047 0.000000
vt 41.758140 20.124321 0.000000
vt 41.758140 19.405595 0.000000
vt 41.758140 18.686870 0.000000
vt 41.758140 17.968144 0.000000
vt 41.758140 17.249418 0.000000
vt 41.758140 16.530692 0.000000
vt 41.758140 15.811967 0.000000
vt 41.758140 15.093241 0.000000
vt 41.758140 14.374515 0.000000
vt 41.758140 13.655789 0.000000
vt 41.758140 12.937064 0.000000
vt 41.758140 12.218338 0.000000
vt 41.758140 11.499612 0.000000
vt 41.758140 10.780886 0.000000
vt 41.758140 10.062161 0.000000
vt 41.758140 9.343435 0.000000
vt 41.758140 8.624709 0.000000
vt 41.758140 7.905983 0.000000
vt 41.758140 7.187258 0.000000
vt 43.274984 25.874127 0.000000
vt 44.791827 25.155401 0.000000
vt 46.308671 24.436676 0.000000
vt 47.825515 23.717950 0.000000
vt 49.342359 22.999224 0.000000
vt 43.274984 25.155401 0.000000
vt 43.274984 24.436676 0.000000
vt 43.274984 23.717950 0.000000
vt 43.274984 22.999224 0.000000
vt 43.274984 22.280498 0.000000
vt 43.274984 21.561773 0.000000
vt 43.274984 20.843047 0.000000
vt 43.274984 20.124321 0.000000
vt 43.274984 19.405595 0.000000
vt 43.274984 18.686870 0.000000
vt 43.274984 17.968144 0.000000
vt 43.274984 17.249418 0.000000
vt 43.274984 16.530692 0.000000
vt 43.274984 15.811967 0.000000
vt 43.274984 15.093241 0.000000
vt 43.274984 14.374515 0.000000
vt 43.274984 13.655789 0.000000
vt 43.274984 12.937064 0.000000
vt 43.274984 12.218338 0.000000
vt 43.274984 11.499612 0.000000
vt 43.274984 10.780886 0.000000
vt 43.274984 10.062161 0.000000
vt 43.274984 9.343435 0.000000
vt 43.274984 8.624709 0.000000
vt 43.274984 7.905983 0.000000
vt 43.274984 7.187258 0.000000
vt 43.274984 6.468532 0.000000
vt 44.791827 24.436676 0.000000
vt 46.308671 23.717950 0.000000
vt 47.825515 22.999224 0.000000
vt 49.342359 22.280498 0.000000
vt 23.556013 24.436676 0.000000
vt 44.791827 23.717950 0.000000
vt 44.791827 22.999224 0.000000
vt 44.791827 22.280498 0.000000
vt 44.791827 21.561773 0.000000
vt 44.791827 20.843047 0.000000
vt 44.791827 20.124321 0.000000
vt 44.791827 19.405595 0.000000
vt 44.791827 18.686870 0.000000
vt 44.791827 17.968144 0.000000
vt 44.791827 17.249418 0.000000
vt 44.791827 16.530692 0.000000
vt 44.791827 15.811967 0.000000
vt 44.791827 15.093241 0.000000
vt 44.791827 14.374515 0.000000
vt 44.791827 13.655789 0.000000
vt 44.791827 12.937064 0.000000
vt 44.791827 12.218338 0.000000
vt 44.791827 11.499612 0.000000
vt 44.791827 10.780886 0.000000
vt 44.791827 10.062161 0.000000
vt 44.791827 9.343435 0.000000
vt 44.791827 8.624709 0.000000
vt 44.791827 7.905983 0.000000
vt 44.791827 7.187258 0.000000
vt 44.791827 6.468532 0.000000
vt 44.791827 5.749806 0.000000
vt 46.308671 22.999224 0.000000
vt 47.825515 22.280498 0.000000
vt 49.342359 21.561773 0.000000
vt 46.308671 22.280498 0.000000
vt 46.308671 21.561773 0.000000
vt 46.308671 20.843047 0.000000
vt 46.308671 20.124321 0.000000
vt 46.308671 19.405595 0.000000
vt 46.308671 18.686870 0.000000
vt 46.308671 17.968144 0.000000
vt 46.308671 17.249418 0.000000
vt 46.308671 16.530692 0.000000
vt 46.308671 15.811967 0.000000
vt 46.308671 15.093241 0.000000
vt 46.308671 14.374515 0.000000
vt 46.308671 13.655789 0.000000
vt 46.308671 12.937064 0.000000
vt 46.308671 12.218338 0.000000
vt 46.308671 11.499612 0.000000
vt 46.308671 10.780886 0.000000
vt 46.308671 10.062161 0.000000
vt 46.308671 9.343435 0.000000
vt 46.308671 8.624709 0.000000
vt 46.308671 7.905983 0.000000
vt 46.308671 7.187258 0.000000
vt 46.308671 6.468532 0.000000
vt 46.308671 5.749806 0.000000
vt 46.308671 5.031080 0.000000
vt 47.825515 21.561773 0.000000
vt 49.342359 20.843047 0.000000
vt 47.825515 20.843047 0.000000
vt 47.825515 20.124321 0.000000
vt 47.825515 19.405595 0.000000
vt 47.825515 18.686870 0.000000
vt 47.825515 17.968144 0.000000
vt 47.825515 17.249418 0.000000
vt 47.825515 16.530692 0.000000
vt 47.825515 15.811967 0.000000
vt 47.825515 15.093241 0.000000
vt 47.825515 14.374515 0.000000
vt 47.825515 13.655789 0.000000
vt 47.825515 12.937064 0.000000
vt 47.825515 12.218338 0.000000
vt 47.825515 11.499612 0.000000
vt 47.825515 10.780886 0.000000
vt 47.825515 10.062161 0.000000
vt 47.825515 9.343435 0.000000
vt 47.825515 8.624709 0.000000
vt 47.825515 7.905983 0.000000
vt 47.825515 7.187258 0.000000
vt 47.825515 6.468532 0.000000
vt 47.825515 5.749806 0.000000
vt 47.825515 5.031080 0.000000
vt 47.825515 4.312355 0.000000
vt 49.342359 20.124321 0.000000
vt 49.342359 19.405595 0.000000
vt 49.342359 18.686870 0.000000
vt 49.342359 17.968144 0.000000
vt 49.342359 17.249418 0.000000
vt 49.342359 16.530692 0.000000
vt 49.342359 15.811967 0.000000
vt 49.342359 15.093241 0.000000
vt 49.342359 14.374515 0.000000
vt 49.342359 13.655789 0.000000
vt 49.342359 12.937064 0.000000
vt 49.342359 12.218338 0.000000
vt 49.342359 11.499612 0.000000
vt 49.342359 10.780886 0.000000
vt 49.342359 10.062161 0.000000
vt 49.342359 9.343435 0.000000
vt 49.342359 8.624709 0.000000
vt 49.342359 7.905983 0.000000
vt 49.342359 7.187258 0.000000
vt 49.342359 6.468532 0.000000
vt 49.342359 5.749806 0.000000
vt 49.342359 5.031080 0.000000
vt 49.342359 4.312355 0.000000
vt 49.342359 3.593629 0.000000
vt 34.173920 7.905983 0.000000
vt 35.690764 7.187258 0.000000
vt 37.207608 6.468532 0.000000
vt 38.724452 5.749806 0.000000
vt 40.241296 5.031080 0.000000
vt 41.758140 4.312355 0.000000
vt 43.274984 3.593629 0.000000
vt 44.791827 2.874903 0.000000
vt 46.308671 2.156177 0.000000
vt 47.825515 1.437452 0.000000
vt 49.342359 0.718726 0.000000
vt 34.173920 4.312355 0.000000
vt 35.690764 3.593629 0.000000
vt 37.207608 2.874903 0.000000
vt 38.724452 2.156177 0.000000
vt 40.241296 1.437452 0.000000
vt 41.758140 0.718726 0.000000
vt 43.274984 0.000000 0.000000
vt 44.791827 -0.718726 0.000000
vt 46.308671 -1.437452 0.000000
vt 47.825515 -2.156177 0.000000
vt 49.342359 -2.874903 0.000000
vt 32.657077 2.156177 0.000000
vt 34.173920 1.437452 0.000000
vt 35.690764 0.718726 0.000000
vt 37.207608 0.000000 0.000000
vt 38.724452 -0.718726 0.000000
vt 40.241296 -1.437452 0.000000
vt 41.758140 -2.156177 0.000000
vt 43.274984 -2.874903 0.000000
vt 44.791827 -3.593629 0.000000
vt 46.308671 -4.312355 0.000000
vt 47.825515 -5.031080 0.000000
vt 49.342359 -5.749806 0.000000
vt 32.657077 -0.718726 0.000000
vt 32.657077 -1.437452 0.000000
vt 32.657077 -2.156177 0.000000
vt 32.657077 -2.874903 0.000000
vt 32.657077 -3.593629 0.000000
vt 32.657077 -4.312355 0.000000
vt 32.657077 -5.031080 0.000000
vt 32.657077 -5.749806 0.000000
vt 32.657077 -6.468532 0.000000
vt 32.657077 -7.187258 0.000000
vt 32.657077 -7.905983 0.000000
vt 32.657077 -8.624709 0.000000
vt 32.657077 -9.343435 0.000000
vt 32.657077 -10.062161 0.000000
vt 32.657077 -10.780886 0.000000
vt 32.657077 -11.501620 0.000000
vt 32.657077 -12.218338 0.000000
vt 32.657077 -12.937064 0.000000
vt 32.657077 -13.655789 0.000000
vt 32.657077 -14.374515 0.000000
vt 32.657077 -15.093241 0.000000
vt 32.657077 -15.811967 0.000000
vt 32.657077 -16.530692 0.000000
vt 32.657077 -17.249418 0.000000
vt 32.657077 -17.968144 0.000000
vt 34.173920 -1.437452 0.000000
vt 35.690764 -2.156177 0.000000
vt 37.207608 -2.874903 0.000000
vt 38.724452 -3.593629 0.000000
vt 40.241296 -4.312355 0.000000
vt 41.758140 -5.031080 0.000000
vt 43.274984 -5.749806 0.000000
vt 44.791827 -6.468532 0.000000
vt 46.308671 -7.187258 0.000000
vt 47.825515 -7.905983 0.000000
vt 49.342359 -8.624709 0.000000
vt 34.173920 -2.156177 0.000000
vt 34.173920 -2.874903 0.000000
vt 34.173920 -3.593629 0.000000
vt 34.173920 -4.312355 0.000000
vt 34.173920 -5.031080 0.000000
vt 34.173920 -5.749806 0.000000
vt 34.173920 -6.468532 0.000000
vt 34.173920 -7.187258 0.000000
vt 34.173920 -7.905983 0.000000
vt 34.173920 -8.624709 0.000000
vt 34.173920 -9.343435 0.000000
vt 34.173920 -10.062161 0.000000
vt 34.173920 -10.780886 0.000000
vt 34.173920 -11.501466 0.000000
vt 34.173920 -12.218338 0.000000
vt 34.173920 -12.937064 0.000000
vt 34.173920 -13.655789 0.000000
vt 34.173920 -14.374515 0.000000
vt 34.173920 -15.093241 0.000000
vt 34.173920 -15.811967 0.000000
vt 34.173920 -16.530692 0.000000
vt 34.173920 -17.249418 0.000000
vt 34.173920 -17.968144 0.000000
vt 34.173920 -18.686870 0.000000
vt 35.690764 -2.874903 0.000000
vt 37.207608 -3.593629 0.000000
vt 38.724452 -4.312355 0.000000
vt 40.241296 -5.031080 0.000000
vt 41.758140 -5.749806 0.000000
vt 43.274984 -6.468532 0.000000
vt 44.791827 -7.187258 0.000000
vt 46.308671 -7.905983 0.000000
vt 47.825515 -8.624709 0.000000
vt 49.342359 -9.343435 0.000000
vt 35.690764 -3.593629 0.000000
vt 35.690764 -4.312355 0.000000
vt 35.690764 -5.031080 0.000000
vt 35.690764 -5.749806 0.000000
vt 35.690764 -6.468532 0.000000
vt 35.690764 -7.187258 0.000000
vt 35.690764 -7.905983 0.000000
vt 35.690764 -8.624709 0.000000
vt 35.690764 -9.343435 0.000000
vt 35.690764 -10.062161 0.000000
vt 35.690764 -10.780886 0.000000
vt 35.690764 -11.501311 0.000000
vt 35.690764 -12.218338 0.000000
vt 35.690764 -12.937064 0.000000
vt 35.690764 -13.655789 0.000000
vt 35.690764 -14.374515 0.000000
vt 35.690764 -15.093241 0.000000
vt 35.690764 -15.811967 0.000000
vt 35.690764 -16.530692 0.000000
vt 35.690764 -17.249418 0.000000
vt 35.690764 -17.968144 0.000000
vt 35.690764 -18.686870 0.000000
vt 35.690764 -19.405595 0.000000
vt 37.207608 -4.312355 0.000000
vt 38.724452 -5.031080 0.000000
vt 40.241296 -5.749806 0.000000
vt 41.758140 -6.468532 0.000000
vt 43.274984 -7.187258 0.000000
vt 44.791827 -7.905983 0.000000
vt 46.308671 -8.624709 0.000000
vt 47.825515 -9.343435 0.000000
vt 49.342359 -10.062161 0.000000
vt 37.207608 -5.031080 0.000000
vt 37.207608 -5.749806 0.000000
vt 37.207608 -6.468532 0.000000
vt 37.207608 -7.187258 0.000000
vt 37.207608 -7.905983 0.000000
vt 37.207608 -8.624709 0.000000
vt 37.207608 -9.343435 0.000000
vt 37.207608 -10.062161 0.000000
vt 37.207608 -10.780886 0.000000
vt 37.207608 -11.501157 0.000000
vt 37.207608 -12.218338 0.000000
vt 37.207608 -12.937064 0.000000
vt 37.207608 -13.655789 0.000000
vt 37.207608 -14.374515 0.000000
vt 37.207608 -15.093241 0.000000
vt 37.207608 -15.811967 0.000000
vt 37.207608 -16.530692 0.000000
vt 37.207608 -17.249418 0.000000
vt 37.207608 -17.968144 0.000000
vt 37.207608 -18.686870 0.000000
vt 37.207608 -19.405595 0.000000
vt 37.207608 -20.124321 0.000000
vt 38.724452 -5.749806 0.000000
vt 40.241296 -6.468532 0.000000
vt 41.758140 -7.187258 0.000000
vt 43.274984 -7.905983 0.000000
vt 44.791827 -8.624709 0.000000
vt 46.308671 -9.343435 0.000000
vt 47.825515 -10.062161 0.000000
vt 49.342359 -10.780886 0.000000
vt 38.724452 -6.468532 0.000000
vt 38.724452 -7.187258 0.000000
vt 38.724452 -7.905983 0.000000
vt 38.724452 -8.624709 0.000000
vt 38.724452 -9.343435 0.000000
vt 38.724452 -10.062161 0.000000
vt 38.724452 -10.780886 0.000000
vt 38.724452 -11.501002 0.000000
vt 38.724452 -12.218338 0.000000
vt 38.724452 -12.937064 0.000000
vt 38.724452 -13.655789 0.000000
vt 38.724452 -14.374515 0.000000
vt 38.724452 -15.093241 0.000000
vt 38.724452 -15.811967 0.000000
vt 38.724452 -16.530692 0.000000
vt 38.724452 -17.249418 0.000000
vt 38.724452 -17.968144 0.000000
vt 38.724452 -18.686870 0.000000
vt 38.724452 -19.405595 0.000000
vt 38.724452 -20.124321 0.000000
vt 38.724452 -20.843047 0.000000
vt 40.241296 -7.187258 0.000000
vt 41.758140 -7.905983 0.000000
vt 43.274984 -8.624709 0.000000
vt 44.791827 -9.343435 0.000000
vt 46.308671 -10.062161 0.000000
vt 47.825515 -10.780886 0.000000
vt 49.342359 -11.499921 0.000000
vt 40.241296 -7.905983 0.000000
vt 40.241296 -8.624709 0.000000
vt 40.241296 -9.343435 0.000000
vt 40.241296 -10.062161 0.000000
vt 40.241296 -10.780886 0.000000
vt 40.241296 -11.500848 0.000000
vt 40.241296 -12.218338 0.000000
vt 40.241296 -12.937064 0.000000
vt 40.241296 -13.655789 0.000000
vt 40.241296 -14.374515 0.000000
vt 40.241296 -15.093241 0.000000
vt 40.241296 -15.811967 0.000000
vt 40.241296 -16.530692 0.000000
vt 40.241296 -17.249418 0.000000
vt 40.241296 -17.968144 0.000000
vt 40.241296 -18.686870 0.000000
vt 40.241296 -19.405595 0.000000
vt 40.241296 -20.124321 0.000000
vt 40.241296 -20.843047 0.000000
vt 40.241296 -21.561773 0.000000
vt 41.758140 -8.624709 0.000000
vt 43.274984 -9.343435 0.000000
vt 44.791827 -10.062161 0.000000
vt 46.308671 -10.780886 0.000000
vt 47.825515 -11.500075 0.000000
vt 49.342359 -12.218338 0.000000
vt 41.758140 -9.343435 0.000000
vt 41.758140 -10.062161 0.000000
vt 41.758140 -10.780886 0.000000
vt 41.758140 -11.500693 0.000000
vt 41.758140 -12.218338 0.000000
vt 41.758140 -12.937064 0.000000
vt 41.758140 -13.655789 0.000000
vt 41.758140 -14.374515 0.000000
vt 41.758140 -15.093241 0.000000
vt 41.758140 -15.811967 0.000000
vt 41.758140 -16.530692 0.000000
vt 41.758140 -17.249418 0.000000
vt 41.758140 -17.968144 0.000000
vt 41.758140 -18.686870 0.000000
vt 41.758140 -19.405595 0.000000
vt 41.758140 -20.124321 0.000000
vt 41.758140 -20.843047 0.000000
vt 41.758140 -21.561773 0.000000
vt 41.758140 -22.280498 0.000000
vt 43.274984 -10.062161 0.000000
vt 44.791827 -10.780886 0.000000
vt 46.308671 -11.500230 0.000000
vt 47.825515 -12.218338 0.000000
vt 49.342359 -12.937064 0.000000
vt 43.274984 -10.780886 0.000000
vt 43.274984 -11.500539 0.000000
vt 43.274984 -12.218338 0.000000
vt 43.274984 -12.937064 0.000000
vt 43.274984 -13.655789 0.000000
vt 43.274984 -14.374515 0.000000
vt 43.274984 -15.093241 0.000000
vt 43.274984 -15.811967 0.000000
vt 43.274984 -16.530692 0.000000
vt 43.274984 -17.249418 0.000000
vt 43.274984 -17.968144 0.000000
vt 43.274984 -18.686870 0.000000
vt 43.274984 -19.405595 0.000000
vt 43.274984 -20.124321 0.000000
vt 43.274984 -20.843047 0.000000
vt 43.274984 -21.561773 0.000000
vt 43.274984 -22.280498 0.000000
vt 43.274984 -22.999224 0.000000
vt 44.791827 -11.500384 0.000000
vt 46.308671 -12.218338 0.000000
vt 47.825515 -12.937064 0.000000
vt 49.342359 -13.655789 0.000000
vt 44.791827 -12.218338 0.000000
vt 44.791827 -12.937064 0.000000
vt 44.791827 -13.655789 0.000000
vt 44.791827 -14.374515 0.000000
vt 44.791827 -15.093241 0.000000
vt 44.791827 -15.811967 0.000000
vt 44.791827 -16.530692 0.000000
vt 44.791827 -17.249418 0.000000
vt 44.791827 -17.968144 0.000000
vt 44.791827 -18.686870 0.000000
vt 44.791827 -19.405595 0.000000
vt 44.791827 -20.124321 0.000000
vt 44.791827 -20.843047 0.000000
vt 44.791827 -21.561773 0.000000
vt 44.791827 -22.280498 0.000000
vt 44.791827 -22.999224 0.000000
vt 44.791827 -23.717950 0.000000
vt 46.308671 -12.937064 0.000000
vt 47.825515 -13.655789 0.000000
vt 49.342359 -14.374515 0.000000
vt 46.308671 -13.655789 0.000000
vt 46.308671 -14.374515 0.000000
vt 46.308671 -15.093241 0.000000
vt 46.308671 -15.811967 0.000000
vt 46.308671 -16.530692 0.000000
vt 46.308671 -17.249418 0.000000
vt 46.308671 -17.968144 0.000000
vt 46.308671 -18.686870 0.000000
vt 46.308671 -19.405595 0.000000
vt 46.308671 -20.124321 0.000000
vt 46.308671 -20.843047 0.000000
vt 46.308671 -21.561773 0.000000
vt 46.308671 -22.280498 0.000000
vt 46.308671 -22.999224 0.000000
vt 46.308671 -23.717950 0.000000
vt 46.308671 -24.436676 0.000000
vt 47.825515 -14.374515 0.000000
vt 49.342359 -15.093241 0.000000
vt 47.825515 -15.093241 0.000000
vt 47.825515 -15.811967 0.000000
vt 47.825515 -16.530692 0.000000
vt 47.825515 -17.249418 0.000000
vt 47.825515 -17.968144 0.000000
vt 47.825515 -18.686870 0.000000
vt 47.825515 -19.405595 0.000000
vt 47.825515 -20.124321 0.000000
vt 47.825515 -20.843047 0.000000
vt 47.825515 -21.561773 0.000000
vt 47.825515 -22.280498 0.000000
vt 47.825515 -22.999224 0.000000
vt 47.825515 -23.717950 0.000000
vt 47.825515 -24.436676 0.000000
vt 47.825515 -25.155401 0.000000
vt 49.342359 -15.811967 0.000000
vt 49.342359 -16.530692 0.000000
vt 49.342359 -17.249418 0.000000
vt 49.342359 -17.968144 0.000000
vt 49.342359 -18.686870 0.000000
vt 49.342359 -19.405595 0.000000
vt 49.342359 -20.124321 0.000000
vt 49.342359 -20.843047 0.000000
vt 49.342359 -21.561773 0.000000
vt 49.342359 -22.280498 0.000000
vt 49.342359 -22.999224 0.000000
vt 49.342359 -23.717950 0.000000
vt 49.342359 -24.436676 0.000000
vt 49.342359 -25.155401 0.000000
vt 49.342359 -25.874127 0.000000
vt 34.173920 -21.561773 0.000000
vt 35.690764 -22.280498 0.000000
vt 37.207608 -22.999224 0.000000
vt 38.724452 -23.717950 0.000000
vt 40.241296 -24.436676 0.000000
vt 41.758140 -25.155401 0.000000
vt 43.274984 -25.874127 0.000000
vt 44.791827 -26.592853 0.000000
vt 46.308671 -27.311579 0.000000
vt 47.825515 -28.030304 0.000000
vt 49.342359 -28.749030 0.000000
vt 34.173920 -24.436676 0.000000
vt 35.690764 -25.155401 0.000000
vt 37.207608 -25.874127 0.000000
vt 38.724452 -26.592853 0.000000
vt 40.241296 -27.311579 0.000000
vt 41.758140 -28.030304 0.000000
vt 43.274984 -28.749030 0.000000
vt 44.791827 -29.467756 0.000000
vt 46.308671 -30.186482 0.000000
vt 47.825515 -30.905207 0.000000
vt 49.342359 -31.623933 0.000000
vt 34.173920 -25.155401 0.000000
vt 35.690764 -25.874127 0.000000
vt 37.207608 -26.592853 0.000000
vt 38.724452 -27.311579 0.000000
vt 40.241296 -28.030304 0.000000
vt 41.758140 -28.749030 0.000000
vt 43.274984 -29.467756 0.000000
vt 44.791827 -30.186482 0.000000
vt 46.308671 -30.905207 0.000000
vt 47.825515 -31.623933 0.000000
vt 49.342359 -32.342659 0.000000
vt 34.173920 -28.030304 0.000000
vt 35.690764 -28.749030 0.000000
vt 37.207608 -29.467756 0.000000
vt 38.724452 -30.186482 0.000000
vt 40.241296 -30.905207 0.000000
vt 41.758140 -31.623933 0.000000
vt 43.274984 -32.342659 0.000000
vt 44.791827 -33.061385 0.000000
vt 46.308671 -33.780110 0.000000
vt 47.825515 -34.498836 0.000000
vt 49.342359 -35.217562 0.000000
vt 34.173920 -28.749030 0.000000
vt 35.690764 -29.467756 0.000000
vt 37.207608 -30.186482 0.000000
vt 38.724452 -30.905207 0.000000
vt 40.241296 -31.623933 0.000000
vt 41.758140 -32.342659 0.000000
vt 43.274984 -33.061385 0.000000
vt 44.791827 -33.780110 0.000000
vt 46.308671 -34.498836 0.000000
vt 47.825515 -35.217562 0.000000
vt 49.342359 -35.936288 0.000000
vt -33.343625 -0.010000 0.000000
vt -33.307599 -1.549619 0.000000
vt 0.000000 -0.010000 0.000000
vt -33.200519 -3.085933 0.000000
vt -33.022615 -4.615664 0.000000
vt -32.774266 -6.135548 0.000000
vt -32.456001 -7.642344 0.000000
vt -32.068501 -9.132837 0.000000
vt -31.612590 -10.603848 0.000000
vt -31.089243 -12.052238 0.000000
vt -30.499575 -13.474917 0.000000
vt -29.844844 -14.868852 0.000000
vt -29.126447 -16.231068 0.000000
vt -28.345916 -17.558659 0.000000
vt -27.504917 -18.848793 0.000000
vt -26.605243 -20.098718 0.000000
vt -25.648814 -21.305768 0.000000
vt -24.637671 -22.467368 0.000000
vt -23.573969 -23.581040 0.000000
vt -22.459978 -24.644408 0.000000
vt -21.298075 -25.655203 0.000000
vt -20.090738 -26.611270 0.000000
vt -18.840543 -27.510569 0.000000
vt -17.550157 -28.351181 0.000000
vt -16.222332 -29.131313 0.000000
vt -14.859901 -29.849302 0.000000
vt -13.465770 -30.503615 0.000000
vt -12.042913 -31.092856 0.000000
vt -10.594366 -31.615769 0.000000
vt -9.123219 -32.071238 0.000000
vt -7.632610 -32.458292 0.000000
vt -6.125719 -32.776104 0.000000
vt -4.605760 -33.023998 0.000000
vt -3.075976 -33.201443 0.000000
vt -1.539630 -33.308062 0.000000
vt 0.000000 -33.343627 0.000000
vt 0.000000 -36.671916 0.000000
vt 1.539924 -36.636338 0.000000
vt 0.000000 -3.328291 0.000000
vt 3.076562 -36.529678 0.000000
vt 4.606634 -36.352165 0.000000
vt 6.126875 -36.104178 0.000000
vt 7.634041 -35.786245 0.000000
vt 9.124916 -35.399045 0.000000
vt 10.596318 -34.943404 0.000000
vt 12.045107 -34.420295 0.000000
vt 13.468191 -33.830835 0.000000
vt 14.862533 -33.176280 0.000000
vt 16.225157 -32.458028 0.000000
vt 17.553157 -31.677612 0.000000
vt 18.843697 -30.836697 0.000000
vt 20.094024 -29.937078 0.000000
vt 21.301469 -28.980674 0.000000
vt 22.463455 -27.969527 0.000000
vt 23.577504 -26.905794 0.000000
vt 24.641236 -25.791746 0.000000
vt 25.652384 -24.629759 0.000000
vt 26.608787 -23.422314 0.000000
vt 27.508407 -22.171988 0.000000
vt 28.349322 -20.881448 0.000000
vt 29.129738 -19.553448 0.000000
vt 29.847989 -18.190824 0.000000
vt 30.502544 -16.796481 0.000000
vt 31.092005 -15.373398 0.000000
vt 31.615113 -13.924609 0.000000
vt 32.070754 -12.453207 0.000000
vt 32.457954 -10.962332 0.000000
vt 32.775887 -9.455166 0.000000
vt 33.023874 -7.934924 0.000000
vt 33.201387 -6.404852 0.000000
vt 33.308047 -4.868215 0.000000
vt 33.343625 -3.328291 0.000000
vn 0.000000 0.000000 0.100000
vn 0.000000 0.000000 0.100000
vn 0.000000 0.000000 0.100000
vn 0.000000 0.000000 0.100000
vn 0.000000 0.000000 0.100000
vn 0.000000 0.000000 0.100000
vn 0.000000 0.000000 0.100000
vn 0.000000 0.000000 0.100000
vn 0.000000 0.000000 0.100000
vn 0.000000 0.000000 0.100000
vn 0.000000 0.000000 0.100000
vn 0.000000 0.000000 0.100000
vn 0.000000 0.000000 0.100000
vn 0.000000 0.000000 0.100000
vn 0.000000 0.000000 0.100000
vn 0.000000 0.000000 0.100000
vn 0.000000 0.000000 0.100000
vn 0.000000 0.000000 0.100000
vn 0.000000 0.000000 0.100000
vn 0.000000 0.000000 0.100000
vn 0.000000 0.000000 0.100000
vn 0.000000 0.000000 0.100000
vn 0.000000 0.000000 0.100000
vn 0.000000 0.000000 0.100000
vn 0.000000 0.000000 0.100000
vn 0.000000 0.000000 0.100000
vn 0.000000 0.000000 0.100000
vn 0.000000 0.000000 0.100000
vn 0.000000 0.000000 0.100000
vn 0.000000 0.000000 0.100000
vn 0.000000 0.000000 0.100000
vn 0.000000 0.000000 0.100000
vn 0.000000 0.000000 0.100000
vn 0.000000 0.000000 0.100000
vn 0.000000 0.000000 0.100000
vn 0.000000 0.000000 0.100000
vn -0.004647 -0.000000 -0.099892
vn -0.000030 0.000000 -0.100000
vn -0.002780 -0.003653 -0.099895
vn -0.000030 -0.004618 -0.099893
vn -0.000212 -0.006316 -0.099800
vn -0.000030 -0.009227 -0.099573
vn -0.003530 -0.009412 -0.099493
vn -0.001130 -0.012040 -0.099266
vn -0.004536 -0.015012 -0.098763
vn -0.000030 -0.013816 -0.099041
vn -0.002308 -0.017588 -0.098414
vn -0.000030 -0.018375 -0.098297
vn -0.000162 -0.020213 -0.097936
vn -0.000030 -0.022895 -0.097344
vn -0.003750 -0.022927 -0.097264
vn -0.001779 -0.025478 -0.096683
vn -0.005453 -0.028024 -0.095838
vn -0.000030 -0.027366 -0.096183
vn -0.003659 -0.030486 -0.095169
vn -0.000030 -0.031779 -0.094816
vn -0.001952 -0.032977 -0.094386
vn -0.000336 -0.035489 -0.093490
vn -0.004265 -0.037588 -0.092569
vn -0.000030 -0.036124 -0.093247
vn -0.002821 -0.039985 -0.091614
vn -0.000030 -0.040392 -0.091479
vn -0.001470 -0.042394 -0.090557
vn -0.000030 -0.044574 -0.089516
vn -0.000215 -0.044807 -0.089400
vn -0.000030 -0.048660 -0.087362
vn -0.003274 -0.048692 -0.087283
vn -0.002277 -0.050963 -0.086009
vn -0.006550 -0.052192 -0.085047
vn -0.005706 -0.054312 -0.083771
vn -0.010023 -0.055287 -0.082721
vn -0.009324 -0.057248 -0.081460
vn -0.013673 -0.057960 -0.080334
vn -0.013108 -0.059756 -0.079103
vn -0.017477 -0.060197 -0.077915
vn -0.017035 -0.061824 -0.076731
vn -0.021409 -0.061987 -0.075493
vn -0.021079 -0.063441 -0.074370
vn -0.025443 -0.063323 -0.073095
vn -0.025210 -0.064602 -0.072049
vn -0.029550 -0.064198 -0.070749
vn -0.029401 -0.065303 -0.069793
vn -0.033701 -0.064613 -0.068479
vn -0.033620 -0.065544 -0.067629
vn -0.037863 -0.064568 -0.066312
vn -0.037837 -0.065329 -0.065578
vn -0.042007 -0.064069 -0.064269
vn -0.042018 -0.064664 -0.063664
vn -0.046098 -0.063124 -0.062372
vn -0.046131 -0.063558 -0.061906
vn -0.050105 -0.061743 -0.060640
vn -0.050143 -0.062024 -0.060322
vn -0.053995 -0.059941 -0.059090
vn -0.054022 -0.060077 -0.058927
vn -0.057735 -0.057735 -0.057735
vn -0.000030 -0.052643 -0.085022
vn -0.001377 -0.053224 -0.084648
vn -0.004955 -0.056418 -0.082417
vn -0.008713 -0.059192 -0.080128
vn -0.012626 -0.061532 -0.077810
vn -0.016670 -0.063428 -0.075491
vn -0.020818 -0.064872 -0.073200
vn -0.025040 -0.065858 -0.070963
vn -0.029307 -0.066384 -0.068805
vn -0.033588 -0.066454 -0.066752
vn -0.037850 -0.066070 -0.064824
vn -0.042061 -0.065241 -0.063044
vn -0.046188 -0.063978 -0.061429
vn -0.050197 -0.062294 -0.059997
vn -0.054057 -0.060207 -0.058762
vn -0.000576 -0.055470 -0.083203
vn -0.000030 -0.056514 -0.082500
vn -0.004299 -0.058505 -0.080986
vn -0.008191 -0.061113 -0.078728
vn -0.012227 -0.063284 -0.076456
vn -0.016383 -0.065007 -0.074200
vn -0.020628 -0.066276 -0.071986
vn -0.024934 -0.067087 -0.069840
vn -0.029270 -0.067441 -0.067787
vn -0.033604 -0.067339 -0.065850
vn -0.037904 -0.066789 -0.064051
vn -0.042136 -0.065799 -0.062409
vn -0.046269 -0.064383 -0.060943
vn -0.050267 -0.062554 -0.059667
vn -0.054100 -0.060331 -0.058594
vn -0.000030 -0.060263 -0.079802
vn -0.003738 -0.060568 -0.079483
vn -0.007759 -0.063009 -0.077263
vn -0.011913 -0.065009 -0.075046
vn -0.016173 -0.066558 -0.072860
vn -0.020509 -0.067651 -0.070730
vn -0.024891 -0.068288 -0.068682
vn -0.029289 -0.068469 -0.066739
vn -0.033669 -0.068199 -0.064926
vn -0.037998 -0.067485 -0.063261
vn -0.042244 -0.066338 -0.061763
vn -0.046374 -0.064772 -0.060449
vn -0.050354 -0.062803 -0.059332
vn -0.054151 -0.060450 -0.058425
vn -0.003275 -0.062604 -0.077910
vn -0.000030 -0.063885 -0.076933
vn -0.002910 -0.064608 -0.076272
vn -0.002644 -0.066575 -0.074571
vn -0.007171 -0.066707 -0.074154
vn -0.007016 -0.068501 -0.072515
vn -0.011541 -0.068359 -0.072069
vn -0.011483 -0.069977 -0.070508
vn -0.015989 -0.069558 -0.070043
vn -0.016015 -0.071001 -0.068574
vn -0.020485 -0.070302 -0.068103
vn -0.020580 -0.071572 -0.066738
vn -0.024998 -0.070593 -0.066271
vn -0.025147 -0.071691 -0.065023
vn -0.029494 -0.070434 -0.064569
vn -0.029681 -0.071366 -0.063450
vn -0.033942 -0.069833 -0.063018
vn -0.034150 -0.070605 -0.062038
vn -0.038307 -0.068801 -0.061636
vn -0.038520 -0.069419 -0.060805
vn -0.042556 -0.067351 -0.060438
vn -0.042758 -0.067824 -0.059763
vn -0.046655 -0.065500 -0.059440
vn -0.046831 -0.065837 -0.058927
vn -0.050573 -0.063265 -0.058651
vn -0.050705 -0.063477 -0.058306
vn -0.054276 -0.060669 -0.058081
vn -0.054350 -0.060769 -0.057907
vn -0.000030 -0.067370 -0.073901
vn -0.002477 -0.068501 -0.072812
vn -0.006954 -0.070252 -0.070826
vn -0.011512 -0.071553 -0.068903
vn -0.016120 -0.072402 -0.067067
vn -0.020747 -0.072800 -0.065343
vn -0.025359 -0.072751 -0.063751
vn -0.029923 -0.072262 -0.062313
vn -0.034406 -0.071343 -0.061045
vn -0.038773 -0.070007 -0.059963
vn -0.042992 -0.068272 -0.059082
vn -0.047029 -0.066154 -0.058411
vn -0.050852 -0.063676 -0.057960
vn -0.054431 -0.060861 -0.057733
vn -0.000030 -0.070711 -0.070711
vn -0.002410 -0.070381 -0.070998
vn -0.006985 -0.071958 -0.069089
vn -0.011627 -0.073083 -0.067258
vn -0.016304 -0.073759 -0.065528
vn -0.020984 -0.073985 -0.063921
vn -0.025634 -0.073769 -0.062458
vn -0.030219 -0.073119 -0.061159
vn -0.034708 -0.072046 -0.060039
vn -0.039064 -0.070566 -0.059114
vn -0.043256 -0.068695 -0.058395
vn -0.047250 -0.066453 -0.057892
vn -0.051014 -0.063862 -0.057612
vn -0.054519 -0.060947 -0.057559
vn -0.002444 -0.072213 -0.069133
vn -0.000030 -0.073901 -0.067370
vn -0.002577 -0.073991 -0.067221
vn -0.002810 -0.075712 -0.065268
vn -0.007326 -0.075216 -0.065490
vn -0.007636 -0.076761 -0.063635
vn -0.012113 -0.075993 -0.063862
vn -0.012484 -0.077365 -0.062119
vn -0.016905 -0.076324 -0.062361
vn -0.017321 -0.077527 -0.060742
vn -0.021669 -0.076214 -0.061007
vn -0.022115 -0.077253 -0.059522
vn -0.026370 -0.075673 -0.059818
vn -0.026829 -0.076554 -0.058478
vn -0.030974 -0.074711 -0.058812
vn -0.031431 -0.075443 -0.057624
vn -0.035448 -0.073344 -0.058001
vn -0.035886 -0.073934 -0.056973
vn -0.039759 -0.071587 -0.057398
vn -0.040161 -0.072047 -0.056536
vn -0.043872 -0.069461 -0.057013
vn -0.044223 -0.069802 -0.056320
vn -0.047756 -0.066987 -0.056851
vn -0.048041 -0.067223 -0.056331
vn -0.051381 -0.064191 -0.056917
vn -0.051584 -0.064333 -0.056571
vn -0.054716 -0.061097 -0.057212
vn -0.054825 -0.061161 -0.057040
vn -0.000030 -0.076933 -0.063885
vn -0.003142 -0.077371 -0.063276
vn -0.008037 -0.078247 -0.061749
vn -0.012938 -0.078679 -0.060351
vn -0.017814 -0.078674 -0.059103
vn -0.022628 -0.078239 -0.058023
vn -0.027348 -0.077386 -0.057127
vn -0.031939 -0.076129 -0.056430
vn -0.036366 -0.074485 -0.055942
vn -0.040598 -0.072473 -0.055672
vn -0.044602 -0.070116 -0.055628
vn -0.048346 -0.067436 -0.055813
vn -0.051801 -0.064461 -0.056227
vn -0.054939 -0.061217 -0.056869
vn -0.000030 -0.079802 -0.060263
vn -0.003573 -0.078966 -0.061250
vn -0.008529 -0.079668 -0.059835
vn -0.013476 -0.079931 -0.058561
vn -0.018381 -0.079762 -0.057448
vn -0.023209 -0.079169 -0.056512
vn -0.027925 -0.078166 -0.055770
vn -0.032497 -0.076768 -0.055232
vn -0.036889 -0.074994 -0.054910
vn -0.041070 -0.072863 -0.054811
vn -0.045007 -0.070399 -0.054939
vn -0.048670 -0.067627 -0.055298
vn -0.052030 -0.064573 -0.055886
vn -0.055060 -0.061266 -0.056700
vn -0.004101 -0.080493 -0.059195
vn -0.000030 -0.082500 -0.056514
vn -0.004726 -0.081948 -0.057116
vn -0.000332 -0.082703 -0.056215
vn -0.005445 -0.083328 -0.055016
vn -0.001099 -0.084175 -0.053975
vn -0.006258 -0.084631 -0.052900
vn -0.001966 -0.085565 -0.051718
vn -0.007163 -0.085853 -0.050774
vn -0.002931 -0.086868 -0.049450
vn -0.008157 -0.086991 -0.048641
vn -0.003991 -0.088083 -0.047175
vn -0.009238 -0.088044 -0.046507
vn -0.005145 -0.089206 -0.044899
vn -0.010405 -0.089008 -0.044376
vn -0.006389 -0.090234 -0.042626
vn -0.011654 -0.089883 -0.042253
vn -0.007722 -0.091167 -0.040361
vn -0.012983 -0.090665 -0.040142
vn -0.009139 -0.092001 -0.038109
vn -0.014388 -0.091353 -0.038048
vn -0.010639 -0.092735 -0.035876
vn -0.015868 -0.091945 -0.035976
vn -0.012217 -0.093367 -0.033666
vn -0.017418 -0.092441 -0.033931
vn -0.013870 -0.093896 -0.031484
vn -0.019035 -0.092839 -0.031916
vn -0.015594 -0.094320 -0.029335
vn -0.020715 -0.093138 -0.029936
vn -0.017387 -0.094639 -0.027223
vn -0.022455 -0.093338 -0.027996
vn -0.019243 -0.094852 -0.025154
vn -0.024252 -0.093438 -0.026100
vn -0.021159 -0.094959 -0.023131
vn -0.026100 -0.093438 -0.024252
vn -0.023131 -0.094959 -0.021159
vn -0.027996 -0.093338 -0.022455
vn -0.025154 -0.094852 -0.019243
vn -0.029936 -0.093138 -0.020715
vn -0.027223 -0.094639 -0.017387
vn -0.031916 -0.092839 -0.019035
vn -0.029335 -0.094320 -0.015594
vn -0.033931 -0.092441 -0.017418
vn -0.031484 -0.093896 -0.013870
vn -0.035976 -0.091945 -0.015868
vn -0.033666 -0.093367 -0.012217
vn -0.038048 -0.091353 -0.014388
vn -0.035876 -0.092735 -0.010639
vn -0.040142 -0.090665 -0.012983
vn -0.038109 -0.092001 -0.009139
vn -0.042253 -0.089883 -0.011654
vn -0.040361 -0.091167 -0.007722
vn -0.044376 -0.089008 -0.010405
vn -0.042626 -0.090234 -0.006389
vn -0.046507 -0.088044 -0.009238
vn -0.044899 -0.089206 -0.005145
vn -0.048641 -0.086991 -0.008157
vn -0.047175 -0.088083 -0.003991
vn -0.050774 -0.085853 -0.007163
vn -0.049450 -0.086868 -0.002931
vn -0.052900 -0.084631 -0.006258
vn -0.051718 -0.085565 -0.001966
vn -0.055016 -0.083328 -0.005445
vn -0.053975 -0.084175 -0.001099
vn -0.057116 -0.081948 -0.004726
vn -0.056215 -0.082703 -0.000332
vn -0.059195 -0.080493 -0.004101
vn -0.060278 -0.079791 -0.000000
vn -0.061250 -0.078966 -0.003573
vn -0.063898 -0.076923 -0.000000
vn -0.063276 -0.077371 -0.003142
vn -0.065268 -0.075712 -0.002810
vn -0.065490 -0.075216 -0.007326
vn -0.067309 -0.073613 -0.007109
vn -0.067258 -0.073083 -0.011627
vn -0.068903 -0.071553 -0.011512
vn -0.068574 -0.071001 -0.016015
vn -0.070043 -0.069558 -0.015989
vn -0.069434 -0.068994 -0.020461
vn -0.070730 -0.067651 -0.020509
vn -0.069840 -0.067087 -0.024934
vn -0.070963 -0.065858 -0.025040
vn -0.069793 -0.065303 -0.029401
vn -0.070749 -0.064198 -0.029550
vn -0.069302 -0.063662 -0.033830
vn -0.070094 -0.062693 -0.034006
vn -0.068374 -0.062183 -0.038186
vn -0.069010 -0.061360 -0.038374
vn -0.067024 -0.060884 -0.042438
vn -0.067512 -0.060214 -0.042620
vn -0.065265 -0.059779 -0.046551
vn -0.065614 -0.059269 -0.046711
vn -0.063117 -0.058879 -0.050493
vn -0.063337 -0.058536 -0.050615
vn -0.060599 -0.058196 -0.054231
vn -0.060703 -0.058023 -0.054300
vn -0.000030 -0.085022 -0.052643
vn -0.000030 -0.087362 -0.048660
vn -0.000030 -0.089516 -0.044574
vn -0.001041 -0.090182 -0.043198
vn -0.000030 -0.091479 -0.040392
vn -0.002361 -0.091273 -0.040787
vn -0.000030 -0.093247 -0.036124
vn -0.003773 -0.092262 -0.038385
vn -0.005277 -0.093147 -0.035998
vn -0.001403 -0.094100 -0.033812
vn -0.000030 -0.094816 -0.031779
vn -0.003080 -0.094921 -0.031314
vn -0.000030 -0.096183 -0.027366
vn -0.004846 -0.095628 -0.028841
vn -0.001141 -0.096463 -0.026337
vn -0.006695 -0.096220 -0.026400
vn -0.003083 -0.097084 -0.023774
vn -0.008625 -0.096694 -0.023996
vn -0.005109 -0.097583 -0.021249
vn -0.010630 -0.097052 -0.021633
vn -0.007215 -0.097958 -0.018769
vn -0.012706 -0.097290 -0.019318
vn -0.009395 -0.098208 -0.016338
vn -0.014850 -0.097409 -0.017056
vn -0.011646 -0.098333 -0.013962
vn -0.017056 -0.097409 -0.014850
vn -0.013962 -0.098333 -0.011646
vn -0.019318 -0.097290 -0.012706
vn -0.016338 -0.098208 -0.009395
vn -0.021633 -0.097052 -0.010630
vn -0.018769 -0.097958 -0.007215
vn -0.023996 -0.096694 -0.008625
vn -0.021249 -0.097583 -0.005109
vn -0.026400 -0.096220 -0.006695
vn -0.023774 -0.097084 -0.003083
vn -0.028841 -0.095628 -0.004846
vn -0.026337 -0.096463 -0.001141
vn -0.027390 -0.096176 0.000000
vn -0.022920 -0.097338 -0.000000
vn -0.018458 -0.098269 -0.001583
vn -0.015865 -0.098661 -0.003785
vn -0.013323 -0.098923 -0.006065
vn -0.010839 -0.099054 -0.008418
vn -0.008418 -0.099054 -0.010839
vn -0.006065 -0.098923 -0.013323
vn -0.003785 -0.098661 -0.015865
vn -0.001583 -0.098269 -0.018458
vn -0.000030 -0.097344 -0.022895
vn -0.000030 -0.098297 -0.018375
vn -0.000030 -0.099041 -0.013816
vn -0.000030 -0.099573 -0.009227
vn -0.000347 -0.099160 -0.012928
vn -0.000030 -0.099893 -0.004618
vn -0.001916 -0.099879 -0.004533
vn -0.002721 -0.099433 -0.010281
vn -0.000030 -0.100000 0.000000
vn -0.004533 -0.099879 -0.001916
vn -0.007694 -0.099569 -0.005172
vn -0.010281 -0.099433 -0.002721
vn -0.004647 -0.099892 -0.000000
vn -0.009255 -0.099571 -0.000000
vn -0.012928 -0.099160 -0.000347
vn -0.013843 -0.099037 -0.000000
vn -0.018401 -0.098292 -0.000000
vn -0.031314 -0.094921 -0.003080
vn -0.031802 -0.094808 0.000000
vn -0.033812 -0.094100 -0.001403
vn -0.036146 -0.093239 0.000000
vn -0.035998 -0.093147 -0.005277
vn -0.038385 -0.092262 -0.003773
vn -0.040412 -0.091470 -0.000000
vn -0.040787 -0.091273 -0.002361
vn -0.043198 -0.090182 -0.001041
vn -0.044593 -0.089507 0.000000
vn -0.048678 -0.087352 -0.000000
vn -0.052660 -0.085011 -0.000000
vn -0.056529 -0.082489 -0.000000
vn -0.067381 -0.073890 -0.000000
vn -0.067221 -0.073991 -0.002577
vn -0.069089 -0.071958 -0.006985
vn -0.070508 -0.069977 -0.011483
vn -0.071473 -0.068076 -0.016041
vn -0.071986 -0.066276 -0.020628
vn -0.072049 -0.064602 -0.025210
vn -0.071669 -0.063073 -0.029756
vn -0.070854 -0.061709 -0.034230
vn -0.069618 -0.060525 -0.038600
vn -0.067976 -0.059537 -0.042833
vn -0.065945 -0.058756 -0.046894
vn -0.063545 -0.058191 -0.050753
vn -0.060800 -0.057849 -0.054376
vn -0.069133 -0.072213 -0.002444
vn -0.070721 -0.070700 -0.000000
vn -0.070998 -0.070381 -0.002410
vn -0.072812 -0.068501 -0.002477
vn -0.072515 -0.068501 -0.007016
vn -0.074154 -0.066707 -0.007171
vn -0.073583 -0.066701 -0.011684
vn -0.075046 -0.065009 -0.011913
vn -0.074200 -0.065007 -0.016383
vn -0.075491 -0.063428 -0.016670
vn -0.074370 -0.063441 -0.021079
vn -0.075493 -0.061987 -0.021409
vn -0.074099 -0.062023 -0.025739
vn -0.075059 -0.060705 -0.026097
vn -0.073396 -0.060771 -0.030330
vn -0.074199 -0.059599 -0.030699
vn -0.072273 -0.059702 -0.034818
vn -0.072928 -0.058684 -0.035181
vn -0.070745 -0.058829 -0.039169
vn -0.071261 -0.057972 -0.039511
vn -0.068830 -0.058165 -0.043350
vn -0.069217 -0.057474 -0.043654
vn -0.066548 -0.057719 -0.047328
vn -0.066818 -0.057198 -0.047578
vn -0.063921 -0.057496 -0.051072
vn -0.064088 -0.057149 -0.051253
vn -0.060974 -0.057501 -0.054550
vn -0.061051 -0.057328 -0.054648
vn -0.073910 -0.067359 0.000000
vn -0.074571 -0.066575 -0.002644
vn -0.075737 -0.064875 -0.007419
vn -0.076456 -0.063284 -0.012227
vn -0.076731 -0.061824 -0.017035
vn -0.076566 -0.060514 -0.021810
vn -0.075972 -0.059373 -0.026516
vn -0.074960 -0.058417 -0.031121
vn -0.073545 -0.057659 -0.035589
vn -0.071744 -0.057111 -0.039889
vn -0.069578 -0.056782 -0.043986
vn -0.067068 -0.056678 -0.047849
vn -0.064240 -0.056802 -0.051447
vn -0.061119 -0.057155 -0.054752
vn -0.076942 -0.063875 -0.000000
vn -0.076272 -0.064608 -0.002910
vn -0.077263 -0.063009 -0.007759
vn -0.077810 -0.061532 -0.012626
vn -0.077915 -0.060197 -0.017477
vn -0.077588 -0.059024 -0.022278
vn -0.076837 -0.058028 -0.026995
vn -0.075677 -0.057226 -0.031594
vn -0.074122 -0.056629 -0.036041
vn -0.072193 -0.056248 -0.040303
vn -0.069910 -0.056089 -0.044346
vn -0.067296 -0.056158 -0.048140
vn -0.064377 -0.056456 -0.051655
vn -0.061181 -0.056983 -0.054862
vn -0.077910 -0.062604 -0.003275
vn -0.079809 -0.060254 -0.000000
vn -0.079483 -0.060568 -0.003738
vn -0.080986 -0.058505 -0.004299
vn -0.080128 -0.059192 -0.008713
vn -0.081460 -0.057248 -0.009324
vn -0.080334 -0.057960 -0.013673
vn -0.081500 -0.056148 -0.014319
vn -0.080111 -0.056893 -0.018586
vn -0.081116 -0.055223 -0.019251
vn -0.079466 -0.056007 -0.023417
vn -0.080319 -0.054487 -0.024084
vn -0.078414 -0.055316 -0.028131
vn -0.079123 -0.053954 -0.028784
vn -0.076971 -0.054832 -0.032694
vn -0.077546 -0.053634 -0.033317
vn -0.075154 -0.054566 -0.037073
vn -0.075606 -0.053537 -0.037650
vn -0.072985 -0.054524 -0.041235
vn -0.073326 -0.053667 -0.041751
vn -0.070487 -0.054710 -0.045148
vn -0.070731 -0.054027 -0.045588
vn -0.067685 -0.055127 -0.048782
vn -0.067846 -0.054618 -0.049131
vn -0.064607 -0.055773 -0.052109
vn -0.064698 -0.055437 -0.052354
vn -0.061280 -0.056644 -0.055102
vn -0.061318 -0.056478 -0.055230
vn -0.082506 -0.056504 -0.000000
vn -0.082417 -0.056418 -0.004955
vn -0.082721 -0.055287 -0.010023
vn -0.082598 -0.054324 -0.015045
vn -0.082058 -0.053545 -0.019988
vn -0.081112 -0.052963 -0.024815
vn -0.079777 -0.052591 -0.029493
vn -0.078070 -0.052439 -0.033988
vn -0.076014 -0.052512 -0.038267
vn -0.073630 -0.052815 -0.042299
vn -0.070944 -0.053349 -0.046052
vn -0.067982 -0.054114 -0.049498
vn -0.064774 -0.055105 -0.052610
vn -0.061348 -0.056315 -0.055363
vn -0.083203 -0.055470 -0.000576
vn -0.085027 -0.052634 -0.000000
vn -0.084648 -0.053224 -0.001377
vn -0.086009 -0.050963 -0.002277
vn -0.085047 -0.052192 -0.006550
vn -0.086242 -0.050063 -0.007484
vn -0.085022 -0.051331 -0.011679
vn -0.086056 -0.049344 -0.012632
vn -0.084582 -0.050656 -0.016730
vn -0.085462 -0.048820 -0.017686
vn -0.083739 -0.050182 -0.021669
vn -0.084476 -0.048504 -0.022610
vn -0.082510 -0.049920 -0.026460
vn -0.083112 -0.048406 -0.027371
vn -0.080912 -0.049879 -0.031070
vn -0.081391 -0.048535 -0.031935
vn -0.078966 -0.050066 -0.035466
vn -0.079334 -0.048894 -0.036269
vn -0.076694 -0.050485 -0.039614
vn -0.076965 -0.049487 -0.040341
vn -0.074122 -0.051136 -0.043486
vn -0.074310 -0.050313 -0.044122
vn -0.071276 -0.052019 -0.047050
vn -0.071395 -0.051368 -0.047582
vn -0.068184 -0.053128 -0.050282
vn -0.068249 -0.052648 -0.050697
vn -0.064876 -0.054458 -0.053155
vn -0.064904 -0.054144 -0.053441
vn -0.061383 -0.055997 -0.055646
vn -0.061388 -0.055844 -0.055794
vn -0.087367 -0.048652 -0.000000
vn -0.087283 -0.048692 -0.003274
vn -0.087352 -0.047930 -0.008508
vn -0.087009 -0.047357 -0.013666
vn -0.086267 -0.046988 -0.018714
vn -0.085141 -0.046833 -0.023616
vn -0.083648 -0.046903 -0.028339
vn -0.081810 -0.047202 -0.032849
vn -0.079649 -0.047735 -0.037113
vn -0.077189 -0.048502 -0.041101
vn -0.074457 -0.049502 -0.044784
vn -0.071481 -0.050730 -0.048134
vn -0.068290 -0.052178 -0.051126
vn -0.064914 -0.053837 -0.053737
vn -0.061386 -0.055695 -0.055946
vn -0.089400 -0.044807 -0.000215
vn -0.089520 -0.044566 -0.000000
vn -0.090557 -0.042394 -0.001470
vn -0.091483 -0.040385 -0.000000
vn -0.091614 -0.039985 -0.002821
vn -0.093250 -0.036118 -0.000000
vn -0.092569 -0.037588 -0.004265
vn -0.093490 -0.035489 -0.000336
vn -0.093418 -0.035206 -0.005797
vn -0.094386 -0.032977 -0.001952
vn -0.094160 -0.032845 -0.007415
vn -0.095169 -0.030486 -0.003659
vn -0.094794 -0.030511 -0.009116
vn -0.095838 -0.028024 -0.005453
vn -0.095318 -0.028208 -0.010895
vn -0.096391 -0.025594 -0.007330
vn -0.095731 -0.025942 -0.012748
vn -0.096827 -0.023203 -0.009285
vn -0.096033 -0.023717 -0.014672
vn -0.097144 -0.020856 -0.011314
vn -0.096221 -0.021538 -0.016662
vn -0.097343 -0.018558 -0.013414
vn -0.096296 -0.019411 -0.018714
vn -0.097423 -0.016314 -0.015578
vn -0.096259 -0.017339 -0.020823
vn -0.097383 -0.014128 -0.017804
vn -0.096108 -0.015328 -0.022985
vn -0.097224 -0.012007 -0.020084
vn -0.095844 -0.013382 -0.025195
vn -0.096946 -0.009953 -0.022416
vn -0.095469 -0.011504 -0.027448
vn -0.096549 -0.007973 -0.024793
vn -0.094980 -0.009694 -0.029747
vn -0.096033 -0.006063 -0.027218
vn -0.094384 -0.007973 -0.032064
vn -0.095405 -0.004248 -0.029662
vn -0.093677 -0.006327 -0.034417
vn -0.094660 -0.002511 -0.032144
vn -0.092864 -0.004766 -0.036792
vn -0.093801 -0.000864 -0.034649
vn -0.093250 0.000000 -0.036118
vn -0.094818 -0.000000 -0.031773
vn -0.096229 -0.000514 -0.027199
vn -0.096888 -0.002419 -0.024633
vn -0.097430 -0.004425 -0.022086
vn -0.097846 -0.006504 -0.019590
vn -0.098138 -0.008660 -0.017142
vn -0.098305 -0.010888 -0.014747
vn -0.098347 -0.013183 -0.012411
vn -0.098264 -0.015539 -0.010138
vn -0.098055 -0.017953 -0.007934
vn -0.097721 -0.020417 -0.005803
vn -0.097264 -0.022927 -0.003750
vn -0.096683 -0.025478 -0.001779
vn -0.096184 -0.027361 -0.000000
vn -0.094818 -0.031773 0.000000
vn -0.097345 -0.022891 0.000000
vn -0.097936 -0.020213 -0.000162
vn -0.098298 -0.018371 -0.000000
vn -0.098414 -0.017588 -0.002308
vn -0.099041 -0.013813 -0.000000
vn -0.098763 -0.015012 -0.004536
vn -0.099266 -0.012040 -0.001130
vn -0.098981 -0.012489 -0.006841
vn -0.099493 -0.009412 -0.003530
vn -0.099068 -0.010025 -0.009218
vn -0.099584 -0.006846 -0.006005
vn -0.099025 -0.007626 -0.011660
vn -0.099539 -0.004347 -0.008549
vn -0.098850 -0.005296 -0.014164
vn -0.099357 -0.001921 -0.011157
vn -0.099041 0.000000 -0.013813
vn -0.099574 -0.000000 -0.009225
vn -0.099847 -0.001060 -0.005421
vn -0.099895 -0.003653 -0.002780
vn -0.099893 -0.000000 -0.004617
vn -0.100000 0.000000 0.000000
vn -0.099893 -0.004617 -0.000000
vn -0.099800 -0.006316 -0.000212
vn -0.099574 -0.009225 0.000000
vn -0.098545 -0.003042 -0.016724
vn -0.098298 0.000000 -0.018371
vn -0.098109 -0.000868 -0.019333
vn -0.097345 -0.000000 -0.022891
vn -0.096184 -0.000000 -0.027361
vn -0.091944 -0.003292 -0.039185
vn -0.091483 -0.000000 -0.040385
vn -0.090921 -0.001910 -0.041590
vn -0.089520 -0.000000 -0.044566
vn -0.089796 -0.000622 -0.044002
vn -0.088842 -0.004750 -0.045658
vn -0.089902 -0.005965 -0.043383
vn -0.090867 -0.007268 -0.041115
vn -0.091734 -0.008657 -0.038858
vn -0.092501 -0.010130 -0.036618
vn -0.093167 -0.011682 -0.034400
vn -0.093729 -0.013306 -0.032214
vn -0.094190 -0.015012 -0.030047
vn -0.094545 -0.016782 -0.027923
vn -0.094793 -0.018618 -0.025838
vn -0.094935 -0.020514 -0.023800
vn -0.094971 -0.022468 -0.021811
vn -0.094900 -0.024474 -0.019876
vn -0.094722 -0.026528 -0.017999
vn -0.094438 -0.028626 -0.016185
vn -0.094049 -0.030764 -0.014437
vn -0.093555 -0.032935 -0.012759
vn -0.092957 -0.035137 -0.011156
vn -0.092257 -0.037363 -0.009630
vn -0.091456 -0.039609 -0.008185
vn -0.090556 -0.041870 -0.006824
vn -0.089559 -0.044141 -0.005550
vn -0.088467 -0.046416 -0.004366
vn -0.087688 -0.003627 -0.047934
vn -0.087367 -0.000000 -0.048652
vn -0.086444 -0.002599 -0.050207
vn -0.085027 -0.000000 -0.052634
vn -0.085111 -0.001666 -0.052472
vn -0.083694 -0.000832 -0.054724
vn -0.082877 -0.005195 -0.055718
vn -0.081471 -0.004507 -0.057811
vn -0.080579 -0.008907 -0.058546
vn -0.079202 -0.008355 -0.060476
vn -0.078248 -0.012778 -0.060943
vn -0.076914 -0.012351 -0.062703
vn -0.075910 -0.016783 -0.062896
vn -0.074636 -0.016470 -0.064484
vn -0.073595 -0.020897 -0.064398
vn -0.072395 -0.020683 -0.065811
vn -0.071329 -0.025090 -0.065442
vn -0.070218 -0.024962 -0.066681
vn -0.069138 -0.029332 -0.066027
vn -0.068129 -0.029276 -0.067092
vn -0.067047 -0.033593 -0.066153
vn -0.066153 -0.033593 -0.067047
vn -0.065078 -0.037841 -0.065825
vn -0.064311 -0.037881 -0.066552
vn -0.063252 -0.042043 -0.065051
vn -0.062622 -0.042108 -0.065615
vn -0.061589 -0.046166 -0.063839
vn -0.061106 -0.046239 -0.064250
vn -0.060106 -0.050177 -0.062205
vn -0.059778 -0.050242 -0.062469
vn -0.058817 -0.054045 -0.060164
vn -0.058650 -0.054085 -0.060291
vn -0.082506 0.000000 -0.056504
vn -0.082194 -0.000098 -0.056957
vn -0.079992 -0.003914 -0.059883
vn -0.077758 -0.007893 -0.062381
vn -0.075522 -0.012009 -0.064437
vn -0.073312 -0.016234 -0.066044
vn -0.071153 -0.020541 -0.067196
vn -0.069071 -0.024898 -0.067891
vn -0.067092 -0.029276 -0.068129
vn -0.065236 -0.033642 -0.067915
vn -0.063526 -0.037962 -0.067256
vn -0.061980 -0.042205 -0.066161
vn -0.060614 -0.046336 -0.064644
vn -0.059444 -0.050323 -0.062721
vn -0.058481 -0.054133 -0.060411
vn -0.079809 -0.000000 -0.060254
vn -0.078442 -0.003419 -0.061929
vn -0.076942 -0.000000 -0.063875
vn -0.076825 -0.003021 -0.063944
vn -0.075145 -0.002721 -0.065923
vn -0.074688 -0.007244 -0.066100
vn -0.073067 -0.007058 -0.067907
vn -0.072579 -0.011579 -0.067810
vn -0.071033 -0.011493 -0.069442
vn -0.070525 -0.015998 -0.069068
vn -0.069068 -0.015998 -0.070525
vn -0.068550 -0.020469 -0.069870
vn -0.067196 -0.020541 -0.071153
vn -0.066681 -0.024962 -0.070218
vn -0.065442 -0.025090 -0.071329
vn -0.064937 -0.029445 -0.070116
vn -0.063825 -0.029613 -0.071059
vn -0.063341 -0.033883 -0.069569
vn -0.062367 -0.034075 -0.070351
vn -0.061910 -0.038244 -0.068589
vn -0.061083 -0.038445 -0.069216
vn -0.060662 -0.042495 -0.067189
vn -0.059989 -0.042687 -0.067669
vn -0.059610 -0.046602 -0.065383
vn -0.059099 -0.046770 -0.065726
vn -0.058765 -0.050532 -0.063191
vn -0.058421 -0.050659 -0.063408
vn -0.058138 -0.054253 -0.060634
vn -0.057965 -0.054325 -0.060736
vn -0.073910 0.000000 -0.067359
vn -0.073404 -0.002522 -0.067863
vn -0.071394 -0.006964 -0.069673
vn -0.069442 -0.011493 -0.071033
vn -0.067573 -0.016076 -0.071940
vn -0.065811 -0.020683 -0.072395
vn -0.064178 -0.025281 -0.072402
vn -0.062694 -0.029836 -0.071967
vn -0.061377 -0.034315 -0.071100
vn -0.060245 -0.038685 -0.069815
vn -0.059310 -0.042911 -0.068125
vn -0.058584 -0.046960 -0.066051
vn -0.058075 -0.050802 -0.063612
vn -0.057791 -0.054403 -0.060831
vn -0.071608 -0.002422 -0.069760
vn -0.070721 -0.000000 -0.070700
vn -0.069760 -0.002422 -0.071608
vn -0.067381 -0.000000 -0.073890
vn -0.067863 -0.002522 -0.073404
vn -0.065923 -0.002721 -0.075145
vn -0.066100 -0.007244 -0.074688
vn -0.064257 -0.007522 -0.076253
vn -0.064437 -0.012009 -0.075522
vn -0.062703 -0.012351 -0.076914
vn -0.062896 -0.016783 -0.075910
vn -0.061284 -0.017174 -0.077132
vn -0.061498 -0.021535 -0.075856
vn -0.060019 -0.021958 -0.076913
vn -0.060263 -0.026230 -0.075369
vn -0.058926 -0.026669 -0.076266
vn -0.059206 -0.030834 -0.074458
vn -0.058020 -0.031273 -0.075204
vn -0.058343 -0.035312 -0.073138
vn -0.057316 -0.035735 -0.073742
vn -0.057685 -0.039633 -0.071426
vn -0.056823 -0.040023 -0.071898
vn -0.057244 -0.043761 -0.069341
vn -0.056551 -0.044103 -0.069692
vn -0.057025 -0.047666 -0.066904
vn -0.056504 -0.047944 -0.067147
vn -0.057033 -0.051316 -0.064140
vn -0.056686 -0.051515 -0.064287
vn -0.057270 -0.054682 -0.061074
vn -0.057097 -0.054788 -0.061141
vn -0.063898 0.000000 -0.076923
vn -0.063944 -0.003021 -0.076825
vn -0.062381 -0.007893 -0.077758
vn -0.060943 -0.012778 -0.078248
vn -0.059651 -0.017641 -0.078298
vn -0.058524 -0.022450 -0.077916
vn -0.057578 -0.027168 -0.077114
vn -0.056828 -0.031764 -0.075905
vn -0.056286 -0.036202 -0.074306
vn -0.055960 -0.040449 -0.072335
vn -0.055859 -0.044472 -0.070014
vn -0.055985 -0.048242 -0.067367
vn -0.056341 -0.051727 -0.064420
vn -0.056926 -0.054900 -0.061199
vn -0.061929 -0.003419 -0.078442
vn -0.060278 -0.000000 -0.079791
vn -0.059883 -0.003914 -0.079992
vn -0.056957 -0.000098 -0.082194
vn -0.057811 -0.004507 -0.081471
vn -0.055718 -0.005195 -0.082877
vn -0.056596 -0.009547 -0.081888
vn -0.054631 -0.010275 -0.083126
vn -0.055542 -0.014553 -0.081874
vn -0.053714 -0.015305 -0.082949
vn -0.054664 -0.019489 -0.081437
vn -0.052985 -0.020249 -0.082357
vn -0.053979 -0.024321 -0.080590
vn -0.052455 -0.025072 -0.081362
vn -0.053499 -0.029014 -0.079347
vn -0.052138 -0.029741 -0.079982
vn -0.053235 -0.033536 -0.077726
vn -0.052041 -0.034222 -0.078234
vn -0.053194 -0.037852 -0.075747
vn -0.052172 -0.038482 -0.076140
vn -0.053382 -0.041930 -0.073432
vn -0.052533 -0.042488 -0.073723
vn -0.053800 -0.045740 -0.070805
vn -0.053125 -0.046212 -0.071008
vn -0.054449 -0.049252 -0.067894
vn -0.053948 -0.049624 -0.068023
vn -0.055325 -0.052438 -0.064725
vn -0.054995 -0.052698 -0.064795
vn -0.056424 -0.055274 -0.061329
vn -0.056261 -0.055409 -0.061356
vn -0.056529 -0.000000 -0.082489
vn -0.054724 -0.000832 -0.083694
vn -0.053607 -0.005977 -0.084206
vn -0.052653 -0.011089 -0.084289
vn -0.051880 -0.016135 -0.083953
vn -0.051303 -0.021078 -0.083209
vn -0.050933 -0.025885 -0.082072
vn -0.050780 -0.030521 -0.080559
vn -0.050853 -0.034953 -0.078691
vn -0.051156 -0.039149 -0.076488
vn -0.051691 -0.043077 -0.073976
vn -0.052458 -0.046708 -0.071180
vn -0.053453 -0.050014 -0.068128
vn -0.054671 -0.052969 -0.064849
vn -0.056102 -0.055550 -0.061375
vn -0.052660 -0.000000 -0.085011
vn -0.052472 -0.001666 -0.085111
vn -0.051484 -0.006851 -0.085455
vn -0.050669 -0.011988 -0.085375
vn -0.050044 -0.017041 -0.084884
vn -0.049622 -0.021976 -0.083992
vn -0.049414 -0.026758 -0.082718
vn -0.049430 -0.031353 -0.081078
vn -0.049674 -0.035729 -0.079095
vn -0.050151 -0.039853 -0.076790
vn -0.050860 -0.043695 -0.074189
vn -0.051801 -0.047225 -0.071319
vn -0.052967 -0.050419 -0.068209
vn -0.054352 -0.053249 -0.064887
vn -0.055946 -0.055695 -0.061386
vn -0.048678 -0.000000 -0.087352
vn -0.050207 -0.002599 -0.086444
vn -0.049353 -0.007816 -0.086621
vn -0.048681 -0.012968 -0.086383
vn -0.048209 -0.018021 -0.085739
vn -0.047946 -0.022939 -0.084705
vn -0.047904 -0.027688 -0.083298
vn -0.048089 -0.032234 -0.081538
vn -0.048506 -0.036546 -0.079445
vn -0.049157 -0.040591 -0.077045
vn -0.050041 -0.044340 -0.074363
vn -0.051154 -0.047764 -0.071427
vn -0.052490 -0.050838 -0.068266
vn -0.054041 -0.053539 -0.064909
vn -0.055794 -0.055844 -0.061388
vn -0.047934 -0.003627 -0.087688
vn -0.044593 0.000000 -0.089507
vn -0.045658 -0.004750 -0.088842
vn -0.044002 -0.000622 -0.089796
vn -0.043383 -0.005965 -0.089902
vn -0.041590 -0.001910 -0.090921
vn -0.041115 -0.007268 -0.090867
vn -0.039185 -0.003292 -0.091944
vn -0.038858 -0.008657 -0.091734
vn -0.036792 -0.004766 -0.092864
vn -0.036618 -0.010130 -0.092501
vn -0.034417 -0.006327 -0.093677
vn -0.034400 -0.011682 -0.093167
vn -0.032064 -0.007973 -0.094384
vn -0.032208 -0.013311 -0.093731
vn -0.029740 -0.009700 -0.094981
vn -0.030047 -0.015012 -0.094190
vn -0.027448 -0.011504 -0.095469
vn -0.027923 -0.016782 -0.094545
vn -0.025195 -0.013382 -0.095844
vn -0.025838 -0.018618 -0.094793
vn -0.022985 -0.015328 -0.096108
vn -0.023800 -0.020514 -0.094935
vn -0.020823 -0.017339 -0.096259
vn -0.021811 -0.022468 -0.094971
vn -0.018714 -0.019411 -0.096296
vn -0.019876 -0.024474 -0.094900
vn -0.016662 -0.021538 -0.096221
vn -0.017999 -0.026528 -0.094722
vn -0.014672 -0.023717 -0.096033
vn -0.016185 -0.028626 -0.094438
vn -0.012748 -0.025942 -0.095731
vn -0.014437 -0.030764 -0.094049
vn -0.010895 -0.028208 -0.095318
vn -0.012759 -0.032935 -0.093555
vn -0.009116 -0.030511 -0.094794
vn -0.011156 -0.035137 -0.092957
vn -0.007415 -0.032845 -0.094160
vn -0.009630 -0.037363 -0.092257
vn -0.005797 -0.035206 -0.093418
vn -0.008185 -0.039609 -0.091456
vn -0.006824 -0.041870 -0.090556
vn -0.005550 -0.044141 -0.089559
vn -0.004366 -0.046416 -0.088467
vn -0.040412 -0.000000 -0.091470
vn -0.036146 -0.000000 -0.093239
vn -0.034649 -0.000864 -0.093801
vn -0.032144 -0.002511 -0.094660
vn -0.029662 -0.004248 -0.095405
vn -0.027210 -0.006070 -0.096035
vn -0.024793 -0.007973 -0.096549
vn -0.022416 -0.009953 -0.096946
vn -0.020084 -0.012007 -0.097224
vn -0.017804 -0.014128 -0.097383
vn -0.015578 -0.016314 -0.097423
vn -0.013414 -0.018558 -0.097343
vn -0.011314 -0.020856 -0.097144
vn -0.009285 -0.023203 -0.096827
vn -0.007330 -0.025594 -0.096391
vn -0.031802 0.000000 -0.094808
vn -0.027390 0.000000 -0.096176
vn -0.027199 -0.000514 -0.096229
vn -0.022920 -0.000000 -0.097338
vn -0.024624 -0.002427 -0.096891
vn -0.022086 -0.004425 -0.097430
vn -0.019333 -0.000868 -0.098109
vn -0.018401 0.000000 -0.098292
vn -0.016724 -0.003042 -0.098545
vn -0.013843 -0.000000 -0.099037
vn -0.014164 -0.005296 -0.098850
vn -0.011157 -0.001921 -0.099357
vn -0.011660 -0.007626 -0.099025
vn -0.008549 -0.004347 -0.099539
vn -0.009218 -0.010025 -0.099068
vn -0.006005 -0.006846 -0.099584
vn -0.006841 -0.012489 -0.098981
vn -0.009255 0.000000 -0.099571
vn -0.005421 -0.001060 -0.099847
vn -0.054460 -0.057675 -0.060891
vn -0.054550 -0.057501 -0.060974
vn -0.054648 -0.057328 -0.061051
vn -0.054752 -0.057155 -0.061119
vn -0.054862 -0.056983 -0.061181
vn -0.054979 -0.056813 -0.061234
vn -0.055102 -0.056644 -0.061280
vn -0.055230 -0.056478 -0.061318
vn -0.055363 -0.056315 -0.061348
vn -0.055502 -0.056154 -0.061369
vn -0.055646 -0.055997 -0.061383
vn -0.056589 -0.055144 -0.061293
vn -0.056756 -0.055019 -0.061250
vn -0.057443 -0.054582 -0.061001
vn -0.057617 -0.054489 -0.060920
vn -0.058311 -0.054189 -0.060526
vn -0.058982 -0.054012 -0.060032
vn -0.059143 -0.053988 -0.059895
vn -0.059301 -0.053971 -0.059753
vn -0.059456 -0.053963 -0.059607
vn -0.059607 -0.053963 -0.059456
vn -0.059753 -0.053971 -0.059301
vn -0.059895 -0.053988 -0.059143
vn -0.060032 -0.054012 -0.058982
vn -0.060164 -0.054045 -0.058817
vn -0.060291 -0.054085 -0.058650
vn -0.060411 -0.054133 -0.058481
vn -0.060526 -0.054189 -0.058311
vn -0.060634 -0.054253 -0.058138
vn -0.060736 -0.054325 -0.057965
vn -0.060831 -0.054403 -0.057791
vn -0.060920 -0.054489 -0.057617
vn -0.061001 -0.054582 -0.057443
vn -0.061074 -0.054682 -0.057270
vn -0.061141 -0.054788 -0.057097
vn -0.061199 -0.054900 -0.056926
vn -0.061250 -0.055019 -0.056756
vn -0.061293 -0.055144 -0.056589
vn -0.061329 -0.055274 -0.056424
vn -0.061356 -0.055409 -0.056261
vn -0.061375 -0.055550 -0.056102
vn -0.061369 -0.056154 -0.055502
vn -0.061234 -0.056813 -0.054979
vn -0.060891 -0.057675 -0.054460
vn -0.060488 -0.058368 -0.054170
vn -0.060372 -0.058538 -0.054116
vn -0.060249 -0.058706 -0.054071
vn -0.060121 -0.058872 -0.054033
vn -0.059987 -0.059036 -0.054003
vn -0.059848 -0.059196 -0.053981
vn -0.059705 -0.059353 -0.053968
vn -0.059557 -0.059507 -0.053962
vn -0.059405 -0.059656 -0.053965
vn -0.059249 -0.059801 -0.053976
vn -0.059090 -0.059941 -0.053995
vn -0.058927 -0.060077 -0.054022
vn -0.058762 -0.060207 -0.054057
vn -0.058594 -0.060331 -0.054100
vn -0.058425 -0.060450 -0.054151
vn -0.058253 -0.060563 -0.054210
vn -0.058081 -0.060669 -0.054276
vn -0.057907 -0.060769 -0.054350
vn -0.057733 -0.060861 -0.054431
vn -0.057559 -0.060947 -0.054519
vn -0.057385 -0.061026 -0.054614
vn -0.057212 -0.061097 -0.054716
vn -0.057040 -0.061161 -0.054825
vn -0.056869 -0.061217 -0.054939
vn -0.056700 -0.061266 -0.055060
vn -0.056533 -0.061306 -0.055186
vn -0.056369 -0.061338 -0.055318
vn -0.056208 -0.061363 -0.055455
vn -0.056049 -0.061379 -0.055597
vn -0.055895 -0.061387 -0.055744
vn -0.055744 -0.061387 -0.055895
vn -0.055597 -0.061379 -0.056049
vn -0.055455 -0.061363 -0.056208
vn -0.055318 -0.061338 -0.056369
vn -0.055186 -0.061306 -0.056533
vn -0.054614 -0.061026 -0.057385
vn -0.054210 -0.060563 -0.058253
vn -0.053976 -0.059801 -0.059249
vn -0.053965 -0.059656 -0.059405
vn -0.053962 -0.059507 -0.059557
vn -0.053968 -0.059353 -0.059705
vn -0.053981 -0.059196 -0.059848
vn -0.054003 -0.059036 -0.059987
vn -0.054033 -0.058872 -0.060121
vn -0.054071 -0.058706 -0.060249
vn -0.054116 -0.058538 -0.060372
vn -0.054170 -0.058368 -0.060488
vn -0.054231 -0.058196 -0.060599
vn -0.054300 -0.058023 -0.060703
vn -0.054376 -0.057849 -0.060800
vn -0.051072 -0.057496 -0.063921
vn -0.050905 -0.057844 -0.063740
vn -0.050753 -0.058191 -0.063545
vn -0.050615 -0.058536 -0.063337
vn -0.050493 -0.058879 -0.063117
vn -0.050386 -0.059220 -0.062883
vn -0.050294 -0.059556 -0.062638
vn -0.050219 -0.059888 -0.062382
vn -0.050159 -0.060214 -0.062115
vn -0.050116 -0.060535 -0.061838
vn -0.050089 -0.060849 -0.061551
vn -0.050078 -0.061155 -0.061256
vn -0.050083 -0.061454 -0.060952
vn -0.047578 -0.057198 -0.066818
vn -0.047328 -0.057719 -0.066548
vn -0.047100 -0.058238 -0.066256
vn -0.046894 -0.058756 -0.065945
vn -0.046711 -0.059269 -0.065614
vn -0.046551 -0.059779 -0.065265
vn -0.046414 -0.060282 -0.064898
vn -0.046301 -0.060779 -0.064514
vn -0.046212 -0.061268 -0.064115
vn -0.046147 -0.061748 -0.063699
vn -0.046106 -0.062218 -0.063270
vn -0.046090 -0.062677 -0.062827
vn -0.051253 -0.057149 -0.064088
vn -0.051447 -0.056802 -0.064240
vn -0.051655 -0.056456 -0.064377
vn -0.051876 -0.056113 -0.064500
vn -0.052109 -0.055773 -0.064607
vn -0.052354 -0.055437 -0.064698
vn -0.052610 -0.055105 -0.064774
vn -0.052877 -0.054778 -0.064833
vn -0.053155 -0.054458 -0.064876
vn -0.053441 -0.054144 -0.064904
vn -0.053737 -0.053837 -0.064914
vn -0.043986 -0.056782 -0.069578
vn -0.043654 -0.057474 -0.069217
vn -0.043350 -0.058165 -0.068830
vn -0.043076 -0.058853 -0.068416
vn -0.042833 -0.059537 -0.067976
vn -0.042620 -0.060214 -0.067512
vn -0.042438 -0.060884 -0.067024
vn -0.042287 -0.061545 -0.066513
vn -0.042169 -0.062195 -0.065981
vn -0.042082 -0.062834 -0.065429
vn -0.042028 -0.063459 -0.064858
vn -0.047849 -0.056678 -0.067068
vn -0.048140 -0.056158 -0.067296
vn -0.048452 -0.055641 -0.067502
vn -0.048782 -0.055127 -0.067685
vn -0.049131 -0.054618 -0.067846
vn -0.049498 -0.054114 -0.067982
vn -0.049882 -0.053617 -0.068095
vn -0.050282 -0.053128 -0.068184
vn -0.050697 -0.052648 -0.068249
vn -0.051126 -0.052178 -0.068290
vn -0.051569 -0.051719 -0.068306
vn -0.052024 -0.051272 -0.068298
vn -0.040303 -0.056248 -0.072193
vn -0.039889 -0.057111 -0.071744
vn -0.039511 -0.057972 -0.071261
vn -0.039169 -0.058829 -0.070745
vn -0.038866 -0.059681 -0.070197
vn -0.038600 -0.060525 -0.069618
vn -0.038374 -0.061360 -0.069010
vn -0.038186 -0.062183 -0.068374
vn -0.038039 -0.062994 -0.067712
vn -0.037931 -0.063789 -0.067024
vn -0.044346 -0.056089 -0.069910
vn -0.044734 -0.055398 -0.070213
vn -0.045148 -0.054710 -0.070487
vn -0.045588 -0.054027 -0.070731
vn -0.046052 -0.053349 -0.070944
vn -0.046540 -0.052680 -0.071126
vn -0.047050 -0.052019 -0.071276
vn -0.047582 -0.051368 -0.071395
vn -0.048134 -0.050730 -0.071481
vn -0.048705 -0.050105 -0.071535
vn -0.049294 -0.049494 -0.071557
vn -0.049900 -0.048900 -0.071546
vn -0.050520 -0.048323 -0.071503
vn -0.036536 -0.055598 -0.074659
vn -0.036041 -0.056629 -0.074122
vn -0.035589 -0.057659 -0.073545
vn -0.035181 -0.058684 -0.072928
vn -0.034818 -0.059702 -0.072273
vn -0.034501 -0.060711 -0.071581
vn -0.034230 -0.061709 -0.070854
vn -0.034006 -0.062693 -0.070094
vn -0.033830 -0.063662 -0.069302
vn -0.040752 -0.055385 -0.072607
vn -0.041235 -0.054524 -0.072985
vn -0.041751 -0.053667 -0.073326
vn -0.042299 -0.052815 -0.073630
vn -0.042878 -0.051971 -0.073896
vn -0.043486 -0.051136 -0.074122
vn -0.044122 -0.050313 -0.074310
vn -0.044784 -0.049502 -0.074457
vn -0.045472 -0.048707 -0.074565
vn -0.046184 -0.047928 -0.074632
vn -0.046918 -0.047167 -0.074659
vn -0.047672 -0.046426 -0.074646
vn -0.048445 -0.045707 -0.074592
vn -0.049235 -0.045011 -0.074498
vn -0.032694 -0.054832 -0.076971
vn -0.032119 -0.056031 -0.076347
vn -0.031594 -0.057226 -0.075677
vn -0.031121 -0.058417 -0.074960
vn -0.030699 -0.059599 -0.074199
vn -0.030330 -0.060771 -0.073396
vn -0.030016 -0.061930 -0.072552
vn -0.029756 -0.063073 -0.071669
vn -0.037073 -0.054566 -0.075154
vn -0.037650 -0.053537 -0.075606
vn -0.038267 -0.052512 -0.076014
vn -0.038922 -0.051494 -0.076377
vn -0.039614 -0.050485 -0.076694
vn -0.040341 -0.049487 -0.076965
vn -0.041101 -0.048502 -0.077189
vn -0.041894 -0.047534 -0.077366
vn -0.042716 -0.046582 -0.077495
vn -0.043567 -0.045651 -0.077575
vn -0.044444 -0.044742 -0.077607
vn -0.045346 -0.043856 -0.077591
vn -0.046270 -0.042997 -0.077527
vn -0.047214 -0.042165 -0.077414
vn -0.048178 -0.041362 -0.077253
vn -0.028784 -0.053954 -0.079123
vn -0.028131 -0.055316 -0.078414
vn -0.027534 -0.056675 -0.077652
vn -0.026995 -0.058028 -0.076837
vn -0.026516 -0.059373 -0.075972
vn -0.026097 -0.060705 -0.075059
vn -0.025739 -0.062023 -0.074099
vn -0.033317 -0.053634 -0.077546
vn -0.033988 -0.052439 -0.078070
vn -0.034705 -0.051248 -0.078544
vn -0.035466 -0.050066 -0.078966
vn -0.036269 -0.048894 -0.079334
vn -0.037113 -0.047735 -0.079649
vn -0.037996 -0.046592 -0.079909
vn -0.038916 -0.045467 -0.080114
vn -0.039871 -0.044362 -0.080264
vn -0.040859 -0.043280 -0.080357
vn -0.041878 -0.042224 -0.080395
vn -0.042925 -0.041196 -0.080376
vn -0.043999 -0.040197 -0.080301
vn -0.045096 -0.039231 -0.080170
vn -0.046215 -0.038299 -0.079984
vn -0.047352 -0.037403 -0.079742
vn -0.024815 -0.052963 -0.081112
vn -0.024084 -0.054487 -0.080319
vn -0.023417 -0.056007 -0.079466
vn -0.022814 -0.057520 -0.078555
vn -0.022278 -0.059024 -0.077588
vn -0.021810 -0.060514 -0.076566
vn -0.029493 -0.052591 -0.079777
vn -0.030256 -0.051232 -0.080373
vn -0.031070 -0.049879 -0.080912
vn -0.031935 -0.048535 -0.081391
vn -0.032849 -0.047202 -0.081810
vn -0.033808 -0.045885 -0.082168
vn -0.034812 -0.044585 -0.082464
vn -0.035858 -0.043306 -0.082697
vn -0.036944 -0.042050 -0.082867
vn -0.038068 -0.040820 -0.082973
vn -0.039226 -0.039619 -0.083016
vn -0.040416 -0.038450 -0.082995
vn -0.041637 -0.037315 -0.082910
vn -0.042884 -0.036216 -0.082761
vn -0.044156 -0.035156 -0.082549
vn -0.045449 -0.034138 -0.082274
vn -0.046761 -0.033163 -0.081936
vn -0.020794 -0.051863 -0.082932
vn -0.019988 -0.053545 -0.082058
vn -0.019251 -0.055223 -0.081116
vn -0.018586 -0.056893 -0.080111
vn -0.017994 -0.058553 -0.079043
vn -0.025608 -0.051440 -0.081843
vn -0.026460 -0.049920 -0.082510
vn -0.027371 -0.048406 -0.083112
vn -0.028339 -0.046903 -0.083648
vn -0.029360 -0.045413 -0.084117
vn -0.030434 -0.043939 -0.084517
vn -0.031556 -0.042485 -0.084848
vn -0.032726 -0.041055 -0.085109
vn -0.033941 -0.039650 -0.085299
vn -0.035197 -0.038275 -0.085418
vn -0.036492 -0.036932 -0.085465
vn -0.037824 -0.035625 -0.085441
vn -0.039189 -0.034355 -0.085346
vn -0.040584 -0.033126 -0.085180
vn -0.042006 -0.031941 -0.084943
vn -0.043452 -0.030803 -0.084635
vn -0.044920 -0.029712 -0.084258
vn -0.046404 -0.028673 -0.083812
vn -0.016730 -0.050656 -0.084582
vn -0.015850 -0.052492 -0.083626
vn -0.015045 -0.054324 -0.082598
vn -0.014319 -0.056148 -0.081500
vn -0.021669 -0.050182 -0.083739
vn -0.022610 -0.048504 -0.084476
vn -0.023616 -0.046833 -0.085141
vn -0.024684 -0.045174 -0.085732
vn -0.025811 -0.043529 -0.086250
vn -0.026996 -0.041903 -0.086691
vn -0.028235 -0.040298 -0.087056
vn -0.029527 -0.038719 -0.087344
vn -0.030867 -0.037169 -0.087554
vn -0.032254 -0.035651 -0.087685
vn -0.033683 -0.034169 -0.087738
vn -0.035153 -0.032726 -0.087711
vn -0.036659 -0.031324 -0.087606
vn -0.038199 -0.029968 -0.087423
vn -0.039769 -0.028660 -0.087161
vn -0.041365 -0.027403 -0.086821
vn -0.042985 -0.026200 -0.086405
vn -0.044624 -0.025053 -0.085913
vn -0.046279 -0.023965 -0.085346
vn -0.012632 -0.049344 -0.086056
vn -0.011679 -0.051331 -0.085022
vn -0.010809 -0.053314 -0.083910
vn -0.017686 -0.048820 -0.085462
vn -0.018714 -0.046988 -0.086267
vn -0.019812 -0.045164 -0.086993
vn -0.020978 -0.043352 -0.087639
vn -0.022209 -0.041556 -0.088204
vn -0.023502 -0.039780 -0.088686
vn -0.024856 -0.038028 -0.089085
vn -0.026266 -0.036304 -0.089399
vn -0.027729 -0.034611 -0.089628
vn -0.029243 -0.032953 -0.089771
vn -0.030805 -0.031335 -0.089829
vn -0.032409 -0.029759 -0.089800
vn -0.034054 -0.028229 -0.089685
vn -0.035736 -0.026748 -0.089485
vn -0.037450 -0.025320 -0.089199
vn -0.039193 -0.023947 -0.088828
vn -0.040961 -0.022633 -0.088374
vn -0.042751 -0.021381 -0.087836
vn -0.044558 -0.020193 -0.087217
vn -0.046379 -0.019072 -0.086517
vn -0.008508 -0.047930 -0.087352
vn -0.007484 -0.050063 -0.086242
vn -0.013666 -0.047357 -0.087009
vn -0.014778 -0.045374 -0.087879
vn -0.015967 -0.043401 -0.088665
vn -0.017228 -0.041440 -0.089364
vn -0.018560 -0.039496 -0.089975
vn -0.019960 -0.037575 -0.090497
vn -0.021425 -0.035679 -0.090929
vn -0.022951 -0.033813 -0.091269
vn -0.024534 -0.031981 -0.091517
vn -0.026173 -0.030187 -0.091672
vn -0.027862 -0.028436 -0.091734
vn -0.029599 -0.026730 -0.091703
vn -0.031379 -0.025075 -0.091579
vn -0.033198 -0.023472 -0.091362
vn -0.035053 -0.021927 -0.091052
vn -0.036939 -0.020441 -0.090651
vn -0.038853 -0.019020 -0.090159
vn -0.040790 -0.017665 -0.089578
vn -0.042745 -0.016379 -0.088908
vn -0.044715 -0.015166 -0.088151
vn -0.046695 -0.014028 -0.087308
vn -0.009618 -0.045796 -0.088375
vn -0.010812 -0.043667 -0.089310
vn -0.012088 -0.041548 -0.090154
vn -0.013443 -0.039442 -0.090904
vn -0.014874 -0.037355 -0.091561
vn -0.016377 -0.035291 -0.092121
vn -0.017949 -0.033256 -0.092584
vn -0.019588 -0.031252 -0.092950
vn -0.021289 -0.029285 -0.093216
vn -0.023048 -0.027359 -0.093382
vn -0.024862 -0.025478 -0.093449
vn -0.026727 -0.023647 -0.093416
vn -0.028638 -0.021869 -0.093282
vn -0.030592 -0.020148 -0.093049
vn -0.032584 -0.018488 -0.092717
vn -0.034609 -0.016893 -0.092286
vn -0.036664 -0.015367 -0.091758
vn -0.038744 -0.013912 -0.091134
vn -0.040844 -0.012531 -0.090414
vn -0.042959 -0.011229 -0.089601
vn -0.045086 -0.010007 -0.088697
vn -0.047218 -0.008868 -0.087703
vn -0.014747 -0.010888 -0.098305
vn -0.012411 -0.013183 -0.098347
vn -0.010138 -0.015539 -0.098264
vn -0.007934 -0.017953 -0.098055
vn -0.005803 -0.020417 -0.097721
vn -0.017142 -0.008660 -0.098138
vn -0.019590 -0.006504 -0.097846
vn -0.007419 -0.064875 -0.075737
vn -0.011684 -0.066701 -0.073583
vn -0.016041 -0.068076 -0.071473
vn -0.020461 -0.068994 -0.069434
vn -0.024913 -0.069457 -0.067491
vn -0.029364 -0.069468 -0.065666
vn -0.033781 -0.069031 -0.063981
vn -0.038133 -0.068156 -0.062455
vn -0.042384 -0.066856 -0.061105
vn -0.046503 -0.065145 -0.059947
vn -0.050455 -0.063040 -0.058993
vn -0.007109 -0.073613 -0.067309
vn -0.011827 -0.074564 -0.065577
vn -0.016566 -0.075067 -0.063958
vn -0.021291 -0.075124 -0.062474
vn -0.025971 -0.074744 -0.061146
vn -0.030570 -0.073936 -0.059991
vn -0.035055 -0.072714 -0.059024
vn -0.039393 -0.071093 -0.058258
vn -0.043549 -0.069091 -0.057705
vn -0.047492 -0.066730 -0.057372
vn -0.051191 -0.064034 -0.057264
vn -0.009110 -0.081023 -0.057898
vn -0.014095 -0.081119 -0.056754
vn -0.019021 -0.080788 -0.055781
vn -0.023855 -0.080041 -0.054994
vn -0.028560 -0.078893 -0.054408
vn -0.033104 -0.077359 -0.054033
vn -0.037453 -0.075460 -0.053879
vn -0.041575 -0.073217 -0.053952
vn -0.045438 -0.070653 -0.054254
vn -0.049013 -0.067795 -0.054787
vn -0.052271 -0.064669 -0.055548
vn -0.009780 -0.082309 -0.055943
vn -0.014795 -0.082240 -0.054933
vn -0.019734 -0.081751 -0.054105
vn -0.024564 -0.080854 -0.053471
vn -0.029251 -0.079565 -0.053045
vn -0.033759 -0.077901 -0.052837
vn -0.038057 -0.075883 -0.052853
vn -0.042113 -0.073533 -0.053098
vn -0.045895 -0.070876 -0.053574
vn -0.049374 -0.067939 -0.054281
vn -0.052524 -0.064750 -0.055215
vn -0.010537 -0.083522 -0.053973
vn -0.011380 -0.084660 -0.051993
vn -0.012305 -0.085720 -0.050007
vn -0.013313 -0.086700 -0.048019
vn -0.014399 -0.087598 -0.046035
vn -0.015562 -0.088413 -0.044057
vn -0.016800 -0.089141 -0.042092
vn -0.018109 -0.089781 -0.040142
vn -0.019486 -0.090333 -0.038212
vn -0.020930 -0.090795 -0.036307
vn -0.022435 -0.091166 -0.034431
vn -0.024000 -0.091444 -0.032588
vn -0.025621 -0.091630 -0.030781
vn -0.027294 -0.091723 -0.029015
vn -0.029015 -0.091723 -0.027294
vn -0.030781 -0.091630 -0.025621
vn -0.032588 -0.091444 -0.024000
vn -0.034431 -0.091166 -0.022435
vn -0.036307 -0.090795 -0.020930
vn -0.038212 -0.090333 -0.019486
vn -0.040142 -0.089781 -0.018109
vn -0.042092 -0.089141 -0.016800
vn -0.044057 -0.088413 -0.015562
vn -0.046035 -0.087598 -0.014399
vn -0.048019 -0.086700 -0.013313
vn -0.050007 -0.085720 -0.012305
vn -0.051993 -0.084660 -0.011380
vn -0.053973 -0.083522 -0.010537
vn -0.055943 -0.082309 -0.009780
vn -0.057898 -0.081023 -0.009110
vn -0.059835 -0.079668 -0.008529
vn -0.061749 -0.078247 -0.008037
vn -0.063635 -0.076761 -0.007636
vn -0.015573 -0.083292 -0.053104
vn -0.020518 -0.082648 -0.052424
vn -0.025337 -0.081606 -0.051947
vn -0.029996 -0.080181 -0.051685
vn -0.034461 -0.078392 -0.051644
vn -0.038700 -0.076261 -0.051832
vn -0.042681 -0.073811 -0.052251
vn -0.046375 -0.071069 -0.052902
vn -0.049752 -0.068060 -0.053782
vn -0.052787 -0.064815 -0.054886
vn -0.016429 -0.084271 -0.051268
vn -0.017359 -0.085177 -0.049432
vn -0.018363 -0.086007 -0.047598
vn -0.019438 -0.086760 -0.045771
vn -0.020582 -0.087432 -0.043954
vn -0.021791 -0.088025 -0.042152
vn -0.023064 -0.088534 -0.040369
vn -0.024398 -0.088961 -0.038609
vn -0.025790 -0.089304 -0.036875
vn -0.027236 -0.089561 -0.035171
vn -0.028733 -0.089733 -0.033502
vn -0.030279 -0.089819 -0.031870
vn -0.031870 -0.089819 -0.030279
vn -0.033502 -0.089733 -0.028733
vn -0.035171 -0.089561 -0.027236
vn -0.036875 -0.089304 -0.025790
vn -0.038609 -0.088961 -0.024398
vn -0.040369 -0.088534 -0.023064
vn -0.042152 -0.088025 -0.021791
vn -0.043954 -0.087432 -0.020582
vn -0.045771 -0.086760 -0.019438
vn -0.047598 -0.086007 -0.018363
vn -0.049432 -0.085177 -0.017359
vn -0.051268 -0.084271 -0.016429
vn -0.053104 -0.083292 -0.015573
vn -0.054933 -0.082240 -0.014795
vn -0.056754 -0.081119 -0.014095
vn -0.058561 -0.079931 -0.013476
vn -0.060351 -0.078679 -0.012938
vn -0.062119 -0.077365 -0.012484
vn -0.063862 -0.075993 -0.012113
vn -0.065577 -0.074564 -0.011827
vn -0.021370 -0.083478 -0.050742
vn -0.026170 -0.082295 -0.050426
vn -0.030793 -0.080739 -0.050329
vn -0.035207 -0.078831 -0.050459
vn -0.039380 -0.076594 -0.050820
vn -0.043280 -0.074051 -0.051413
vn -0.046878 -0.071230 -0.052238
vn -0.050147 -0.068157 -0.053290
vn -0.053061 -0.064864 -0.054564
vn -0.022289 -0.084238 -0.049063
vn -0.023274 -0.084927 -0.047389
vn -0.024321 -0.085543 -0.045726
vn -0.025429 -0.086085 -0.044076
vn -0.026595 -0.086552 -0.042443
vn -0.027816 -0.086943 -0.040831
vn -0.029091 -0.087257 -0.039243
vn -0.030415 -0.087493 -0.037682
vn -0.031786 -0.087650 -0.036153
vn -0.033202 -0.087729 -0.034659
vn -0.034659 -0.087729 -0.033202
vn -0.036153 -0.087650 -0.031786
vn -0.037682 -0.087493 -0.030415
vn -0.039243 -0.087257 -0.029091
vn -0.040831 -0.086943 -0.027816
vn -0.042443 -0.086552 -0.026595
vn -0.044076 -0.086085 -0.025429
vn -0.045726 -0.085543 -0.024321
vn -0.047389 -0.084927 -0.023274
vn -0.049063 -0.084238 -0.022289
vn -0.050742 -0.083478 -0.021370
vn -0.052424 -0.082648 -0.020518
vn -0.054105 -0.081751 -0.019734
vn -0.055781 -0.080788 -0.019021
vn -0.057448 -0.079762 -0.018381
vn -0.059103 -0.078674 -0.017814
vn -0.060742 -0.077527 -0.017321
vn -0.062361 -0.076324 -0.016905
vn -0.063958 -0.075067 -0.016566
vn -0.065528 -0.073759 -0.016304
vn -0.067067 -0.072402 -0.016120
vn -0.027061 -0.082919 -0.048910
vn -0.031641 -0.081238 -0.048981
vn -0.035996 -0.079218 -0.049283
vn -0.040095 -0.076880 -0.049818
vn -0.043907 -0.074252 -0.050586
vn -0.047403 -0.071359 -0.051584
vn -0.050557 -0.068230 -0.052807
vn -0.053345 -0.064896 -0.054248
vn -0.006867 -0.093925 -0.033630
vn -0.008540 -0.094595 -0.031286
vn -0.010293 -0.095156 -0.028972
vn -0.012122 -0.095606 -0.026693
vn -0.014023 -0.095945 -0.024454
vn -0.015991 -0.096171 -0.022259
vn -0.018023 -0.096284 -0.020114
vn -0.020114 -0.096284 -0.018023
vn -0.022259 -0.096171 -0.015991
vn -0.024454 -0.095945 -0.014023
vn -0.026693 -0.095606 -0.012122
vn -0.028972 -0.095156 -0.010293
vn -0.031286 -0.094595 -0.008540
vn -0.033630 -0.093925 -0.006867
vn -0.028010 -0.083477 -0.047403
vn -0.029014 -0.083968 -0.045908
vn -0.030070 -0.084391 -0.044428
vn -0.031177 -0.084745 -0.042968
vn -0.032331 -0.085030 -0.041529
vn -0.033531 -0.085243 -0.040115
vn -0.034774 -0.085386 -0.038730
vn -0.036056 -0.085457 -0.037376
vn -0.037376 -0.085457 -0.036056
vn -0.038730 -0.085386 -0.034774
vn -0.040115 -0.085243 -0.033531
vn -0.041529 -0.085030 -0.032331
vn -0.042968 -0.084745 -0.031177
vn -0.044428 -0.084391 -0.030070
vn -0.045908 -0.083968 -0.029014
vn -0.047403 -0.083477 -0.028010
vn -0.048910 -0.082919 -0.027061
vn -0.050426 -0.082295 -0.026170
vn -0.051947 -0.081606 -0.025337
vn -0.053471 -0.080854 -0.024564
vn -0.054994 -0.080041 -0.023855
vn -0.056512 -0.079169 -0.023209
vn -0.058023 -0.078239 -0.022628
vn -0.059522 -0.077253 -0.022115
vn -0.061007 -0.076214 -0.021669
vn -0.062474 -0.075124 -0.021291
vn -0.063921 -0.073985 -0.020984
vn -0.065343 -0.072800 -0.020747
vn -0.066738 -0.071572 -0.020580
vn -0.068103 -0.070302 -0.020485
vn -0.032539 -0.081677 -0.047645
vn -0.036827 -0.079550 -0.048120
vn -0.040844 -0.077120 -0.048829
vn -0.044561 -0.074413 -0.049771
vn -0.047948 -0.071456 -0.050941
vn -0.050982 -0.068279 -0.052334
vn -0.053637 -0.064913 -0.053939
vn -0.033483 -0.082056 -0.046322
vn -0.034473 -0.082372 -0.045016
vn -0.035505 -0.082626 -0.043729
vn -0.036578 -0.082817 -0.042466
vn -0.037689 -0.082945 -0.041227
vn -0.038836 -0.083009 -0.040016
vn -0.040016 -0.083009 -0.038836
vn -0.041227 -0.082945 -0.037689
vn -0.042466 -0.082817 -0.036578
vn -0.043729 -0.082626 -0.035505
vn -0.045016 -0.082372 -0.034473
vn -0.046322 -0.082056 -0.033483
vn -0.047645 -0.081677 -0.032539
vn -0.048981 -0.081238 -0.031641
vn -0.050329 -0.080739 -0.030793
vn -0.051685 -0.080181 -0.029996
vn -0.053045 -0.079565 -0.029251
vn -0.054408 -0.078893 -0.028560
vn -0.055770 -0.078166 -0.027925
vn -0.057127 -0.077386 -0.027348
vn -0.058478 -0.076554 -0.026829
vn -0.059818 -0.075673 -0.026370
vn -0.061146 -0.074744 -0.025971
vn -0.062458 -0.073769 -0.025634
vn -0.063751 -0.072751 -0.025359
vn -0.065023 -0.071691 -0.025147
vn -0.066271 -0.070593 -0.024998
vn -0.067491 -0.069457 -0.024913
vn -0.068682 -0.068288 -0.024891
vn -0.037698 -0.079829 -0.046971
vn -0.041626 -0.077312 -0.047855
vn -0.045240 -0.074534 -0.048970
vn -0.048513 -0.071521 -0.050312
vn -0.051420 -0.068304 -0.051871
vn -0.053939 -0.064913 -0.053637
vn -0.038606 -0.080052 -0.045839
vn -0.039549 -0.080220 -0.044728
vn -0.040527 -0.080332 -0.043638
vn -0.041535 -0.080389 -0.042573
vn -0.042573 -0.080389 -0.041535
vn -0.043638 -0.080332 -0.040527
vn -0.044728 -0.080220 -0.039549
vn -0.045839 -0.080052 -0.038606
vn -0.046971 -0.079829 -0.037698
vn -0.048120 -0.079550 -0.036827
vn -0.049283 -0.079218 -0.035996
vn -0.050459 -0.078831 -0.035207
vn -0.051644 -0.078392 -0.034461
vn -0.052837 -0.077901 -0.033759
vn -0.054033 -0.077359 -0.033104
vn -0.055232 -0.076768 -0.032497
vn -0.056430 -0.076129 -0.031939
vn -0.057624 -0.075443 -0.031431
vn -0.058812 -0.074711 -0.030974
vn -0.059991 -0.073936 -0.030570
vn -0.061159 -0.073119 -0.030219
vn -0.062313 -0.072262 -0.029923
vn -0.063450 -0.071366 -0.029681
vn -0.064569 -0.070434 -0.029494
vn -0.065666 -0.069468 -0.029364
vn -0.066739 -0.068469 -0.029289
vn -0.067787 -0.067441 -0.029270
vn -0.068805 -0.066384 -0.029307
vn -0.042439 -0.077457 -0.046897
vn -0.045944 -0.074614 -0.048185
vn -0.049096 -0.071553 -0.049696
vn -0.051871 -0.068304 -0.051420
vn -0.054248 -0.064896 -0.053345
vn -0.043280 -0.077554 -0.045959
vn -0.044149 -0.077602 -0.045042
vn -0.045042 -0.077602 -0.044149
vn -0.045959 -0.077554 -0.043280
vn -0.046897 -0.077457 -0.042439
vn -0.047855 -0.077312 -0.041626
vn -0.048829 -0.077120 -0.040844
vn -0.049818 -0.076880 -0.040095
vn -0.050820 -0.076594 -0.039380
vn -0.051832 -0.076261 -0.038700
vn -0.052853 -0.075883 -0.038057
vn -0.053879 -0.075460 -0.037453
vn -0.054910 -0.074994 -0.036889
vn -0.055942 -0.074485 -0.036366
vn -0.056973 -0.073934 -0.035886
vn -0.058001 -0.073344 -0.035448
vn -0.059024 -0.072714 -0.035055
vn -0.060039 -0.072046 -0.034708
vn -0.061045 -0.071343 -0.034406
vn -0.062038 -0.070605 -0.034150
vn -0.063018 -0.069833 -0.033942
vn -0.063981 -0.069031 -0.033781
vn -0.064926 -0.068199 -0.033669
vn -0.065850 -0.067339 -0.033604
vn -0.066752 -0.066454 -0.033588
vn -0.067629 -0.065544 -0.033620
vn -0.068479 -0.064613 -0.033701
vn -0.046671 -0.074655 -0.047418
vn -0.049696 -0.071553 -0.049096
vn -0.052334 -0.068279 -0.050982
vn -0.054564 -0.064864 -0.053061
vn -0.005172 -0.099569 -0.007694
vn -0.047418 -0.074655 -0.046671
vn -0.048185 -0.074614 -0.045944
vn -0.048970 -0.074534 -0.045240
vn -0.049771 -0.074413 -0.044561
vn -0.050586 -0.074252 -0.043907
vn -0.051413 -0.074051 -0.043280
vn -0.052251 -0.073811 -0.042681
vn -0.053098 -0.073533 -0.042113
vn -0.053952 -0.073217 -0.041575
vn -0.054811 -0.072863 -0.041070
vn -0.055672 -0.072473 -0.040598
vn -0.056536 -0.072047 -0.040161
vn -0.057398 -0.071587 -0.039759
vn -0.058258 -0.071093 -0.039393
vn -0.059114 -0.070566 -0.039064
vn -0.059963 -0.070007 -0.038773
vn -0.060805 -0.069419 -0.038520
vn -0.061636 -0.068801 -0.038307
vn -0.062455 -0.068156 -0.038133
vn -0.063261 -0.067485 -0.037998
vn -0.064051 -0.066789 -0.037904
vn -0.064824 -0.066070 -0.037850
vn -0.065578 -0.065329 -0.037837
vn -0.066312 -0.064568 -0.037863
vn -0.067024 -0.063789 -0.037931
vn -0.067712 -0.062994 -0.038039
vn -0.050312 -0.071521 -0.048513
vn -0.052807 -0.068230 -0.050557
vn -0.054886 -0.064815 -0.052787
vn -0.050941 -0.071456 -0.047948
vn -0.051584 -0.071359 -0.047403
vn -0.052238 -0.071230 -0.046878
vn -0.052902 -0.071069 -0.046375
vn -0.053574 -0.070876 -0.045895
vn -0.054254 -0.070653 -0.045438
vn -0.054939 -0.070399 -0.045007
vn -0.055628 -0.070116 -0.044602
vn -0.056320 -0.069802 -0.044223
vn -0.057013 -0.069461 -0.043872
vn -0.057705 -0.069091 -0.043549
vn -0.058395 -0.068695 -0.043256
vn -0.059082 -0.068272 -0.042992
vn -0.059763 -0.067824 -0.042758
vn -0.060438 -0.067351 -0.042556
vn -0.061105 -0.066856 -0.042384
vn -0.061763 -0.066338 -0.042244
vn -0.062409 -0.065799 -0.042136
vn -0.063044 -0.065241 -0.042061
vn -0.063664 -0.064664 -0.042018
vn -0.064269 -0.064069 -0.042007
vn -0.064858 -0.063459 -0.042028
vn -0.065429 -0.062834 -0.042082
vn -0.065981 -0.062195 -0.042169
vn -0.066513 -0.061545 -0.042287
vn -0.053290 -0.068157 -0.050147
vn -0.055215 -0.064750 -0.052524
vn -0.053782 -0.068060 -0.049752
vn -0.054281 -0.067939 -0.049374
vn -0.054787 -0.067795 -0.049013
vn -0.055298 -0.067627 -0.048670
vn -0.055813 -0.067436 -0.048346
vn -0.056331 -0.067223 -0.048041
vn -0.056851 -0.066987 -0.047756
vn -0.057372 -0.066730 -0.047492
vn -0.057892 -0.066453 -0.047250
vn -0.058411 -0.066154 -0.047029
vn -0.058927 -0.065837 -0.046831
vn -0.059440 -0.065500 -0.046655
vn -0.059947 -0.065145 -0.046503
vn -0.060449 -0.064772 -0.046374
vn -0.060943 -0.064383 -0.046269
vn -0.061429 -0.063978 -0.046188
vn -0.061906 -0.063558 -0.046131
vn -0.062372 -0.063124 -0.046098
vn -0.062827 -0.062677 -0.046090
vn -0.063270 -0.062218 -0.046106
vn -0.063699 -0.061748 -0.046147
vn -0.064115 -0.061268 -0.046212
vn -0.064514 -0.060779 -0.046301
vn -0.064898 -0.060282 -0.046414
vn -0.055548 -0.064669 -0.052271
vn -0.055886 -0.064573 -0.052030
vn -0.056227 -0.064461 -0.051801
vn -0.056571 -0.064333 -0.051584
vn -0.056917 -0.064191 -0.051381
vn -0.057264 -0.064034 -0.051191
vn -0.057612 -0.063862 -0.051014
vn -0.057960 -0.063676 -0.050852
vn -0.058306 -0.063477 -0.050705
vn -0.058651 -0.063265 -0.050573
vn -0.058993 -0.063040 -0.050455
vn -0.059332 -0.062803 -0.050354
vn -0.059667 -0.062554 -0.050267
vn -0.059997 -0.062294 -0.050197
vn -0.060322 -0.062024 -0.050143
vn -0.060640 -0.061743 -0.050105
vn -0.060952 -0.061454 -0.050083
vn -0.061256 -0.061155 -0.050078
vn -0.061551 -0.060849 -0.050089
vn -0.061838 -0.060535 -0.050116
vn -0.062115 -0.060214 -0.050159
vn -0.062382 -0.059888 -0.050219
vn -0.062638 -0.059556 -0.050294
vn -0.062883 -0.059220 -0.050386
vn -0.070826 -0.070252 -0.006954
vn -0.072069 -0.068359 -0.011541
vn -0.072860 -0.066558 -0.016173
vn -0.073200 -0.064872 -0.020818
vn -0.073095 -0.063323 -0.025443
vn -0.072552 -0.061930 -0.030016
vn -0.071581 -0.060711 -0.034501
vn -0.070197 -0.059681 -0.038866
vn -0.068416 -0.058853 -0.043076
vn -0.066256 -0.058238 -0.047100
vn -0.063740 -0.057844 -0.050905
vn -0.078728 -0.061113 -0.008191
vn -0.079103 -0.059756 -0.013108
vn -0.079043 -0.058553 -0.017994
vn -0.078555 -0.057520 -0.022814
vn -0.077652 -0.056675 -0.027534
vn -0.076347 -0.056031 -0.032119
vn -0.074659 -0.055598 -0.036536
vn -0.072607 -0.055385 -0.040752
vn -0.070213 -0.055398 -0.044734
vn -0.067502 -0.055641 -0.048452
vn -0.064500 -0.056113 -0.051876
vn -0.083771 -0.054312 -0.005706
vn -0.083910 -0.053314 -0.010809
vn -0.083626 -0.052492 -0.015850
vn -0.082932 -0.051863 -0.020794
vn -0.081843 -0.051440 -0.025608
vn -0.080373 -0.051232 -0.030256
vn -0.078544 -0.051248 -0.034705
vn -0.076377 -0.051494 -0.038922
vn -0.073896 -0.051971 -0.042878
vn -0.071126 -0.052680 -0.046540
vn -0.068095 -0.053617 -0.049882
vn -0.064833 -0.054778 -0.052877
vn -0.088375 -0.045796 -0.009618
vn -0.089310 -0.043667 -0.010812
vn -0.090154 -0.041548 -0.012088
vn -0.090904 -0.039442 -0.013443
vn -0.091561 -0.037355 -0.014874
vn -0.092121 -0.035291 -0.016377
vn -0.092584 -0.033256 -0.017949
vn -0.092950 -0.031252 -0.019588
vn -0.093216 -0.029285 -0.021289
vn -0.093382 -0.027359 -0.023048
vn -0.093449 -0.025478 -0.024862
vn -0.093416 -0.023647 -0.026727
vn -0.093282 -0.021869 -0.028638
vn -0.093049 -0.020148 -0.030592
vn -0.092717 -0.018488 -0.032584
vn -0.092285 -0.016889 -0.034615
vn -0.091758 -0.015367 -0.036664
vn -0.091134 -0.013912 -0.038744
vn -0.090414 -0.012531 -0.040844
vn -0.089601 -0.011229 -0.042959
vn -0.088697 -0.010007 -0.045086
vn -0.087703 -0.008868 -0.047218
vn -0.086621 -0.007816 -0.049353
vn -0.085455 -0.006851 -0.051484
vn -0.084206 -0.005977 -0.053607
vn -0.087879 -0.045374 -0.014778
vn -0.086993 -0.045164 -0.019812
vn -0.085732 -0.045174 -0.024684
vn -0.084117 -0.045413 -0.029360
vn -0.082168 -0.045885 -0.033808
vn -0.079909 -0.046592 -0.037996
vn -0.077366 -0.047534 -0.041894
vn -0.074565 -0.048707 -0.045472
vn -0.071535 -0.050105 -0.048705
vn -0.068306 -0.051719 -0.051569
vn -0.064909 -0.053539 -0.054041
vn -0.088665 -0.043401 -0.015967
vn -0.089364 -0.041440 -0.017228
vn -0.089975 -0.039496 -0.018560
vn -0.090497 -0.037575 -0.019960
vn -0.090929 -0.035679 -0.021425
vn -0.091269 -0.033813 -0.022951
vn -0.091517 -0.031981 -0.024534
vn -0.091672 -0.030187 -0.026173
vn -0.091734 -0.028436 -0.027862
vn -0.091703 -0.026730 -0.029599
vn -0.091579 -0.025075 -0.031379
vn -0.091362 -0.023472 -0.033198
vn -0.091052 -0.021927 -0.035053
vn -0.090650 -0.020438 -0.036944
vn -0.090159 -0.019020 -0.038853
vn -0.089578 -0.017665 -0.040790
vn -0.088908 -0.016379 -0.042745
vn -0.088151 -0.015166 -0.044715
vn -0.087308 -0.014028 -0.046695
vn -0.086383 -0.012968 -0.048681
vn -0.085375 -0.011988 -0.050669
vn -0.084289 -0.011089 -0.052653
vn -0.083126 -0.010275 -0.054631
vn -0.081888 -0.009547 -0.056596
vn -0.087639 -0.043352 -0.020978
vn -0.086250 -0.043529 -0.025811
vn -0.084517 -0.043939 -0.030434
vn -0.082464 -0.044585 -0.034812
vn -0.080114 -0.045467 -0.038916
vn -0.077495 -0.046582 -0.042716
vn -0.074632 -0.047928 -0.046184
vn -0.071557 -0.049494 -0.049294
vn -0.068298 -0.051272 -0.052024
vn -0.064887 -0.053249 -0.054352
vn -0.088204 -0.041556 -0.022209
vn -0.088686 -0.039780 -0.023502
vn -0.089085 -0.038028 -0.024856
vn -0.089399 -0.036304 -0.026266
vn -0.089628 -0.034611 -0.027729
vn -0.089771 -0.032953 -0.029243
vn -0.089829 -0.031335 -0.030805
vn -0.089800 -0.029759 -0.032409
vn -0.089685 -0.028229 -0.034054
vn -0.089485 -0.026748 -0.035736
vn -0.089199 -0.025320 -0.037450
vn -0.088827 -0.023944 -0.039197
vn -0.088374 -0.022633 -0.040961
vn -0.087836 -0.021381 -0.042751
vn -0.087217 -0.020193 -0.044558
vn -0.086517 -0.019072 -0.046379
vn -0.085739 -0.018021 -0.048209
vn -0.084884 -0.017041 -0.050044
vn -0.083953 -0.016135 -0.051880
vn -0.082949 -0.015305 -0.053714
vn -0.081874 -0.014553 -0.055542
vn -0.080730 -0.013880 -0.057358
vn -0.079521 -0.013288 -0.059160
vn -0.086691 -0.041903 -0.026996
vn -0.084848 -0.042485 -0.031556
vn -0.082697 -0.043306 -0.035858
vn -0.080264 -0.044362 -0.039871
vn -0.077575 -0.045651 -0.043567
vn -0.074659 -0.047167 -0.046918
vn -0.071546 -0.048900 -0.049900
vn -0.068266 -0.050838 -0.052490
vn -0.064849 -0.052969 -0.054671
vn -0.087056 -0.040298 -0.028235
vn -0.087344 -0.038719 -0.029527
vn -0.087554 -0.037169 -0.030867
vn -0.087685 -0.035651 -0.032254
vn -0.087738 -0.034169 -0.033683
vn -0.087711 -0.032726 -0.035153
vn -0.087606 -0.031324 -0.036659
vn -0.087423 -0.029968 -0.038199
vn -0.087161 -0.028660 -0.039769
vn -0.086821 -0.027400 -0.041369
vn -0.086405 -0.026200 -0.042985
vn -0.085913 -0.025053 -0.044624
vn -0.085346 -0.023965 -0.046279
vn -0.084705 -0.022939 -0.047946
vn -0.083992 -0.021976 -0.049622
vn -0.083209 -0.021078 -0.051303
vn -0.082357 -0.020249 -0.052985
vn -0.081437 -0.019489 -0.054664
vn -0.080453 -0.018800 -0.056337
vn -0.079406 -0.018183 -0.058001
vn -0.078298 -0.017641 -0.059651
vn -0.077132 -0.017174 -0.061284
vn -0.085109 -0.041055 -0.032726
vn -0.082867 -0.042050 -0.036944
vn -0.080357 -0.043280 -0.040859
vn -0.077607 -0.044742 -0.044444
vn -0.074646 -0.046426 -0.047672
vn -0.071503 -0.048323 -0.050520
vn -0.068209 -0.050419 -0.052967
vn -0.064795 -0.052698 -0.054995
vn -0.085299 -0.039650 -0.033941
vn -0.085418 -0.038275 -0.035197
vn -0.085465 -0.036932 -0.036492
vn -0.085441 -0.035625 -0.037824
vn -0.085346 -0.034355 -0.039189
vn -0.085180 -0.033126 -0.040584
vn -0.084943 -0.031941 -0.042006
vn -0.084634 -0.030800 -0.043455
vn -0.084258 -0.029712 -0.044920
vn -0.083812 -0.028673 -0.046404
vn -0.083298 -0.027688 -0.047904
vn -0.082718 -0.026758 -0.049414
vn -0.082072 -0.025885 -0.050933
vn -0.081362 -0.025072 -0.052455
vn -0.080590 -0.024321 -0.053979
vn -0.079757 -0.023632 -0.055501
vn -0.078865 -0.023008 -0.057017
vn -0.077916 -0.022450 -0.058524
vn -0.076913 -0.021958 -0.060019
vn -0.075856 -0.021535 -0.061498
vn -0.074750 -0.021181 -0.062959
vn -0.082973 -0.040820 -0.038068
vn -0.080395 -0.042224 -0.041878
vn -0.077591 -0.043856 -0.045346
vn -0.074592 -0.045707 -0.048445
vn -0.071427 -0.047764 -0.051154
vn -0.068128 -0.050014 -0.053453
vn -0.064725 -0.052438 -0.055326
vn -0.083016 -0.039619 -0.039226
vn -0.082995 -0.038450 -0.040416
vn -0.082910 -0.037315 -0.041637
vn -0.082761 -0.036216 -0.042884
vn -0.082549 -0.035156 -0.044156
vn -0.082273 -0.034136 -0.045451
vn -0.081936 -0.033163 -0.046761
vn -0.081538 -0.032234 -0.048089
vn -0.081078 -0.031353 -0.049430
vn -0.080559 -0.030521 -0.050780
vn -0.079982 -0.029741 -0.052138
vn -0.079347 -0.029014 -0.053499
vn -0.078657 -0.028342 -0.054862
vn -0.077912 -0.027727 -0.056223
vn -0.077114 -0.027168 -0.057578
vn -0.076266 -0.026669 -0.058926
vn -0.075369 -0.026230 -0.060263
vn -0.074424 -0.025852 -0.061585
vn -0.073434 -0.025535 -0.062891
vn -0.072402 -0.025281 -0.064178
vn -0.080376 -0.041196 -0.042925
vn -0.077527 -0.042997 -0.046270
vn -0.074498 -0.045011 -0.049235
vn -0.071319 -0.047225 -0.051801
vn -0.068023 -0.049624 -0.053948
vn -0.064639 -0.052189 -0.055660
vn -0.080301 -0.040197 -0.043999
vn -0.080170 -0.039231 -0.045096
vn -0.079984 -0.038299 -0.046215
vn -0.079742 -0.037402 -0.047354
vn -0.079445 -0.036546 -0.048506
vn -0.079095 -0.035729 -0.049674
vn -0.078691 -0.034953 -0.050853
vn -0.078234 -0.034222 -0.052041
vn -0.077726 -0.033536 -0.053235
vn -0.077168 -0.032896 -0.054433
vn -0.076561 -0.032305 -0.055631
vn -0.075905 -0.031764 -0.056828
vn -0.075204 -0.031273 -0.058020
vn -0.074458 -0.030834 -0.059206
vn -0.073668 -0.030447 -0.060382
vn -0.072838 -0.030115 -0.061545
vn -0.071967 -0.029836 -0.062694
vn -0.071059 -0.029613 -0.063825
vn -0.070116 -0.029445 -0.064937
vn -0.077414 -0.042165 -0.047214
vn -0.074363 -0.044340 -0.050041
vn -0.071179 -0.046707 -0.052459
vn -0.067894 -0.049252 -0.054449
vn -0.064537 -0.051952 -0.055999
vn -0.077253 -0.041362 -0.048178
vn -0.077045 -0.040590 -0.049158
vn -0.076790 -0.039853 -0.050151
vn -0.076488 -0.039149 -0.051156
vn -0.076140 -0.038482 -0.052172
vn -0.075747 -0.037852 -0.053194
vn -0.075310 -0.037261 -0.054223
vn -0.074829 -0.036710 -0.055254
vn -0.074306 -0.036202 -0.056286
vn -0.073742 -0.035735 -0.057316
vn -0.073138 -0.035312 -0.058343
vn -0.072495 -0.034934 -0.059363
vn -0.071816 -0.034602 -0.060376
vn -0.071100 -0.034315 -0.061377
vn -0.070351 -0.034075 -0.062367
vn -0.069569 -0.033883 -0.063341
vn -0.068757 -0.033738 -0.064298
vn -0.067915 -0.033642 -0.065236
vn -0.074189 -0.043694 -0.050861
vn -0.071008 -0.046212 -0.053125
vn -0.067741 -0.048897 -0.054957
vn -0.064420 -0.051727 -0.056341
vn -0.073976 -0.043077 -0.051691
vn -0.073723 -0.042488 -0.052533
vn -0.073432 -0.041930 -0.053382
vn -0.073103 -0.041403 -0.054238
vn -0.072737 -0.040909 -0.055098
vn -0.072335 -0.040449 -0.055960
vn -0.071898 -0.040023 -0.056823
vn -0.071426 -0.039633 -0.057685
vn -0.070921 -0.039279 -0.058544
vn -0.070383 -0.038963 -0.059398
vn -0.069815 -0.038685 -0.060245
vn -0.069216 -0.038445 -0.061083
vn -0.068589 -0.038244 -0.061910
vn -0.067935 -0.038083 -0.062725
vn -0.067256 -0.037962 -0.063526
vn -0.066552 -0.037881 -0.064311
vn -0.065825 -0.037841 -0.065078
vn -0.070805 -0.045740 -0.053800
vn -0.067566 -0.048560 -0.055469
vn -0.064287 -0.051515 -0.056686
vn -0.070572 -0.045292 -0.054482
vn -0.070308 -0.044869 -0.055168
vn -0.070014 -0.044472 -0.055859
vn -0.069692 -0.044103 -0.056551
vn -0.069341 -0.043761 -0.057244
vn -0.068962 -0.043448 -0.057935
vn -0.068557 -0.043164 -0.058625
vn -0.068125 -0.042911 -0.059310
vn -0.067669 -0.042687 -0.059989
vn -0.067189 -0.042495 -0.060662
vn -0.066686 -0.042334 -0.061326
vn -0.066161 -0.042205 -0.061980
vn -0.065615 -0.042108 -0.062622
vn -0.065051 -0.042043 -0.063252
vn -0.064468 -0.042010 -0.063868
vn -0.063868 -0.042010 -0.064468
vn -0.067367 -0.048242 -0.055985
vn -0.064140 -0.051316 -0.057033
vn -0.067147 -0.047944 -0.056504
vn -0.066904 -0.047666 -0.057025
vn -0.066640 -0.047409 -0.057545
vn -0.066355 -0.047174 -0.058065
vn -0.066051 -0.046960 -0.058584
vn -0.065726 -0.046770 -0.059099
vn -0.065383 -0.046602 -0.059610
vn -0.065022 -0.046457 -0.060115
vn -0.064644 -0.046336 -0.060614
vn -0.064250 -0.046239 -0.061106
vn -0.063839 -0.046166 -0.061589
vn -0.063415 -0.046117 -0.062063
vn -0.062976 -0.046093 -0.062525
vn -0.062525 -0.046093 -0.062976
vn -0.062063 -0.046117 -0.063415
vn -0.063978 -0.051130 -0.057380
vn -0.063802 -0.050959 -0.057728
vn -0.063612 -0.050802 -0.058075
vn -0.063408 -0.050659 -0.058421
vn -0.063191 -0.050532 -0.058765
vn -0.062962 -0.050420 -0.059107
vn -0.062721 -0.050323 -0.059444
vn -0.062469 -0.050242 -0.059778
vn -0.062205 -0.050177 -0.060106
vn -0.061931 -0.050129 -0.060429
vn -0.061648 -0.050096 -0.060745
vn -0.061355 -0.050080 -0.061054
vn -0.061054 -0.050080 -0.061355
vn -0.060745 -0.050096 -0.061648
vn -0.060429 -0.050129 -0.061931
vn -0.076253 -0.007522 -0.064257
vn -0.074076 -0.011751 -0.066141
vn -0.071940 -0.016076 -0.067573
vn -0.069870 -0.020469 -0.068550
vn -0.067891 -0.024898 -0.069071
vn -0.066027 -0.029332 -0.069138
vn -0.064298 -0.033738 -0.068757
vn -0.062725 -0.038083 -0.067935
vn -0.061326 -0.042334 -0.066686
vn -0.060115 -0.046457 -0.065022
vn -0.059107 -0.050420 -0.062962
vn -0.069673 -0.006964 -0.071394
vn -0.067810 -0.011579 -0.072579
vn -0.066044 -0.016234 -0.073312
vn -0.064398 -0.020897 -0.073595
vn -0.062891 -0.025535 -0.073434
vn -0.061545 -0.030115 -0.072838
vn -0.060376 -0.034602 -0.071816
vn -0.059398 -0.038963 -0.070383
vn -0.058625 -0.043164 -0.068557
vn -0.058065 -0.047174 -0.066355
vn -0.057728 -0.050959 -0.063802
vn -0.067907 -0.007058 -0.073067
vn -0.066141 -0.011751 -0.074076
vn -0.064484 -0.016470 -0.074636
vn -0.062959 -0.021181 -0.074750
vn -0.061585 -0.025852 -0.074424
vn -0.060382 -0.030447 -0.073668
vn -0.059363 -0.034934 -0.072495
vn -0.058544 -0.039279 -0.070921
vn -0.057935 -0.043448 -0.068962
vn -0.057545 -0.047409 -0.066640
vn -0.057380 -0.051130 -0.063978
vn -0.060476 -0.008355 -0.079202
vn -0.059160 -0.013288 -0.079521
vn -0.058001 -0.018183 -0.079406
vn -0.057017 -0.023008 -0.078865
vn -0.056223 -0.027727 -0.077912
vn -0.055631 -0.032305 -0.076561
vn -0.055254 -0.036710 -0.074829
vn -0.055098 -0.040909 -0.072737
vn -0.055168 -0.044869 -0.070308
vn -0.055469 -0.048560 -0.067566
vn -0.055999 -0.051952 -0.064537
vn -0.058546 -0.008907 -0.080579
vn -0.057358 -0.013880 -0.080730
vn -0.056337 -0.018800 -0.080453
vn -0.055501 -0.023632 -0.079757
vn -0.054862 -0.028342 -0.078657
vn -0.054433 -0.032896 -0.077168
vn -0.054223 -0.037261 -0.075310
vn -0.054238 -0.041403 -0.073103
vn -0.054482 -0.045292 -0.070572
vn -0.054957 -0.048897 -0.067741
vn -0.055660 -0.052189 -0.064639
vn 0.000000 0.100000 0.000000
vn 0.000000 0.100000 0.000000
vn 0.000000 0.100000 0.000000
vn 0.000000 0.100000 0.000000
vn 0.000000 0.100000 0.000000
vn 0.000000 0.100000 0.000000
vn 0.000000 0.100000 0.000000
vn 0.000000 0.100000 0.000000
vn 0.000000 0.100000 0.000000
vn 0.000000 0.100000 0.000000
vn 0.000000 0.100000 0.000000
vn 0.000000 0.100000 0.000000
vn 0.000000 0.100000 0.000000
vn 0.000000 0.100000 0.000000
vn 0.000000 0.100000 0.000000
vn 0.000000 0.100000 0.000000
vn 0.000000 0.100000 0.000000
vn 0.000000 0.100000 0.000000
vn 0.000000 0.100000 0.000000
vn 0.000000 0.100000 0.000000
vn 0.000000 0.100000 0.000000
vn 0.000000 0.100000 0.000000
vn 0.000000 0.100000 0.000000
vn 0.000000 0.100000 0.000000
vn 0.000000 0.100000 0.000000
vn 0.000000 0.100000 0.000000
vn 0.000000 0.100000 0.000000
vn 0.000000 0.100000 0.000000
vn 0.000000 0.100000 0.000000
vn 0.000000 0.100000 0.000000
vn 0.000000 0.100000 0.000000
vn 0.000000 0.100000 0.000000
vn 0.000000 0.100000 0.000000
vn 0.000000 0.100000 0.000000
vn 0.000000 0.100000 0.000000
vn 0.000000 0.100000 0.000000
vn 0.100000 0.000000 0.000000
vn 0.100000 0.000000 0.000000
vn 0.100000 0.000000 0.000000
vn 0.100000 0.000000 0.000000
vn 0.100000 0.000000 0.000000
vn 0.100000 0.000000 0.000000
vn 0.100000 0.000000 0.000000
vn 0.100000 0.000000 0.000000
vn 0.100000 0.000000 0.000000
vn 0.100000 0.000000 0.000000
vn 0.100000 0.000000 0.000000
vn 0.100000 0.000000 0.000000
vn 0.100000 0.000000 0.000000
vn 0.100000 0.000000 0.000000
vn 0.100000 0.000000 0.000000
vn 0.100000 0.000000 0.000000
vn 0.100000 0.000000 0.000000
vn 0.100000 0.000000 0.000000
vn 0.100000 0.000000 0.000000
vn 0.100000 0.000000 0.000000
vn 0.100000 0.000000 0.000000
vn 0.100000 0.000000 0.000000
vn 0.100000 0.000000 0.000000
vn 0.100000 0.000000 0.000000
vn 0.100000 0.000000 0.000000
vn 0.100000 0.000000 0.000000
vn 0.100000 0.000000 0.000000
vn 0.100000 0.000000 0.000000
vn 0.100000 0.000000 0.000000
vn 0.100000 0.000000 0.000000
vn 0.100000 0.000000 0.000000
vn 0.100000 0.000000 0.000000
vn 0.100000 0.000000 0.000000
vn 0.100000 0.000000 0.000000
vn 0.100000 0.000000 0.000000
vn 0.100000 0.000000 0.000000
usemtl Steel_-_Satin
f 1/1/1 2/2/2 36/3/3
f 36/3/3 2/2/2 35/4/4
f 35/4/4 2/2/2 34/5/5
f 34/5/5 2/2/2 33/6/6
f 33/6/6 2/2/2 32/7/7
f 32/7/7 2/2/2 31/8/8
f 31/8/8 2/2/2 30/9/9
f 30/9/9 2/2/2 29/10/10
f 29/10/10 2/2/2 28/11/11
f 28/11/11 2/2/2 27/12/12
f 27/12/12 2/2/2 26/13/13
f 26/13/13 2/2/2 25/14/14
f 25/14/14 2/2/2 24/15/15
f 24/15/15 2/2/2 23/16/16
f 23/16/16 2/2/2 22/17/17
f 22/17/17 2/2/2 21/18/18
f 21/18/18 2/2/2 20/19/19
f 20/19/19 2/2/2 19/20/20
f 19/20/20 2/2/2 18/21/21
f 18/21/21 2/2/2 17/22/22
f 17/22/22 2/2/2 16/23/23
f 16/23/23 2/2/2 15/24/24
f 15/24/24 2/2/2 14/25/25
f 14/25/25 2/2/2 13/26/26
f 13/26/26 2/2/2 12/27/27
f 12/27/27 2/2/2 11/28/28
f 11/28/28 2/2/2 10/29/29
f 10/29/29 2/2/2 9/30/30
f 9/30/30 2/2/2 8/31/31
f 8/31/31 2/2/2 7/32/32
f 7/32/32 2/2/2 6/33/33
f 6/33/33 2/2/2 5/34/34
f 5/34/34 2/2/2 4/35/35
f 4/35/35 2/2/2 3/36/36
f 103/37/37 37/38/38 165/39/39
f 165/39/39 37/38/38 38/40/40
f 165/39/39 38/40/40 185/41/41
f 185/41/41 38/40/40 39/42/42
f 185/41/41 39/42/42 186/43/43
f 186/43/43 39/42/42 205/44/44
f 186/43/43 205/44/44 206/45/45
f 206/45/45 205/44/44 40/46/46
f 206/45/45 40/46/46 224/47/47
f 224/47/47 40/46/46 41/48/48
f 224/47/47 41/48/48 242/49/49
f 242/49/49 41/48/48 42/50/50
f 242/49/49 42/50/50 243/51/51
f 243/51/51 42/50/50 260/52/52
f 243/51/51 260/52/52 261/53/53
f 261/53/53 260/52/52 43/54/54
f 261/53/53 43/54/54 277/55/55
f 277/55/55 43/54/54 44/56/56
f 277/55/55 44/56/56 293/57/57
f 293/57/57 44/56/56 324/58/58
f 293/57/57 324/58/58 323/59/59
f 323/59/59 324/58/58 45/60/60
f 323/59/59 45/60/60 325/61/61
f 325/61/61 45/60/60 46/62/62
f 325/61/61 46/62/62 340/63/63
f 340/63/63 46/62/62 47/64/64
f 340/63/63 47/64/64 119/65/65
f 119/66/65 47/67/64 48/68/66
f 119/66/65 48/68/66 368/69/67
f 368/69/67 48/68/66 369/70/68
f 368/69/67 369/70/68 370/71/69
f 370/71/69 369/70/68 384/72/70
f 370/71/69 384/72/70 385/73/71
f 385/73/71 384/72/70 408/74/72
f 385/73/71 408/74/72 407/75/73
f 407/75/73 408/74/72 411/76/74
f 407/75/73 411/76/74 412/77/75
f 412/77/75 411/76/74 431/78/76
f 412/77/75 431/78/76 430/79/77
f 430/79/77 431/78/76 439/80/78
f 430/79/77 439/80/78 440/81/79
f 440/81/79 439/80/78 453/82/80
f 440/81/79 453/82/80 454/83/81
f 454/83/81 453/82/80 467/84/82
f 454/83/81 467/84/82 466/85/83
f 466/85/83 467/84/82 479/86/84
f 466/85/83 479/86/84 480/87/85
f 480/87/85 479/86/84 502/88/86
f 480/87/85 502/88/86 501/89/87
f 501/89/87 502/88/86 494/90/88
f 501/89/87 494/90/88 495/91/89
f 495/91/89 494/90/88 521/92/90
f 495/91/89 521/92/90 522/93/91
f 522/93/91 521/92/90 537/94/92
f 522/93/91 537/94/92 536/95/93
f 536/95/93 537/94/92 535/96/94
f 536/95/93 535/96/94 104/97/95
f 39/42/42 40/46/46 205/44/44
f 42/50/50 43/54/54 260/52/52
f 44/56/56 45/60/60 324/58/58
f 48/68/66 49/98/96 369/70/68
f 369/70/68 49/98/96 383/99/97
f 369/70/68 383/99/97 384/72/70
f 384/72/70 383/99/97 409/100/98
f 384/72/70 409/100/98 408/74/72
f 408/74/72 409/100/98 410/101/99
f 408/74/72 410/101/99 411/76/74
f 411/76/74 410/101/99 432/102/100
f 411/76/74 432/102/100 431/78/76
f 431/78/76 432/102/100 438/103/101
f 431/78/76 438/103/101 439/80/78
f 439/80/78 438/103/101 452/104/102
f 439/80/78 452/104/102 453/82/80
f 453/82/80 452/104/102 468/105/103
f 453/82/80 468/105/103 467/84/82
f 467/84/82 468/105/103 478/106/104
f 467/84/82 478/106/104 479/86/84
f 479/86/84 478/106/104 503/107/105
f 479/86/84 503/107/105 502/88/86
f 502/88/86 503/107/105 493/108/106
f 502/88/86 493/108/106 494/90/88
f 494/90/88 493/108/106 520/109/107
f 494/90/88 520/109/107 521/92/90
f 521/92/90 520/109/107 538/110/108
f 521/92/90 538/110/108 537/94/92
f 537/94/92 538/110/108 534/111/109
f 537/94/92 534/111/109 535/96/94
f 535/96/94 534/111/109 561/112/110
f 535/96/94 561/112/110 104/113/95
f 383/99/97 49/98/96 144/114/111
f 144/114/111 49/98/96 50/115/112
f 144/114/111 50/115/112 409/100/98
f 409/100/98 50/115/112 143/116/113
f 409/100/98 143/116/113 410/101/99
f 410/101/99 143/116/113 433/117/114
f 410/101/99 433/117/114 432/102/100
f 432/102/100 433/117/114 437/118/115
f 432/102/100 437/118/115 438/103/101
f 438/103/101 437/118/115 451/119/116
f 438/103/101 451/119/116 452/104/102
f 452/104/102 451/119/116 469/120/117
f 452/104/102 469/120/117 468/105/103
f 468/105/103 469/120/117 477/121/118
f 468/105/103 477/121/118 478/106/104
f 478/106/104 477/121/118 504/122/119
f 478/106/104 504/122/119 503/107/105
f 503/107/105 504/122/119 492/123/120
f 503/107/105 492/123/120 493/108/106
f 493/108/106 492/123/120 519/124/121
f 493/108/106 519/124/121 520/109/107
f 520/109/107 519/124/121 539/125/122
f 520/109/107 539/125/122 538/110/108
f 538/110/108 539/125/122 533/126/123
f 538/110/108 533/126/123 534/111/109
f 534/111/109 533/126/123 562/127/124
f 534/111/109 562/127/124 561/112/110
f 561/112/110 562/127/124 560/128/125
f 561/112/110 560/128/125 104/129/95
f 50/115/112 51/130/126 143/116/113
f 143/116/113 51/130/126 434/131/127
f 143/116/113 434/131/127 433/117/114
f 433/117/114 434/131/127 436/132/128
f 433/117/114 436/132/128 437/118/115
f 437/118/115 436/132/128 450/133/129
f 437/118/115 450/133/129 451/119/116
f 451/119/116 450/133/129 470/134/130
f 451/119/116 470/134/130 469/120/117
f 469/120/117 470/134/130 476/135/131
f 469/120/117 476/135/131 477/121/118
f 477/121/118 476/135/131 505/136/132
f 477/121/118 505/136/132 504/122/119
f 504/122/119 505/136/132 491/137/133
f 504/122/119 491/137/133 492/123/120
f 492/123/120 491/137/133 518/138/134
f 492/123/120 518/138/134 519/124/121
f 519/124/121 518/138/134 540/139/135
f 519/124/121 540/139/135 539/125/122
f 539/125/122 540/139/135 532/140/136
f 539/125/122 532/140/136 533/126/123
f 533/126/123 532/140/136 563/141/137
f 533/126/123 563/141/137 562/127/124
f 562/127/124 563/141/137 559/142/138
f 562/127/124 559/142/138 560/128/125
f 560/128/125 559/142/138 586/143/139
f 560/128/125 586/143/139 104/144/95
f 434/131/127 51/130/126 435/145/140
f 435/145/140 51/130/126 52/146/141
f 435/145/140 52/146/141 448/147/142
f 448/147/142 52/146/141 142/148/143
f 448/147/142 142/148/143 472/149/144
f 472/149/144 142/148/143 473/150/145
f 472/149/144 473/150/145 474/151/146
f 474/151/146 473/150/145 508/152/147
f 474/151/146 508/152/147 507/153/148
f 507/153/148 508/152/147 488/154/149
f 507/153/148 488/154/149 489/155/150
f 489/155/150 488/154/149 515/156/151
f 489/155/150 515/156/151 516/157/152
f 516/157/152 515/156/151 543/158/153
f 516/157/152 543/158/153 542/159/154
f 542/159/154 543/158/153 529/160/155
f 542/159/154 529/160/155 530/161/156
f 530/161/156 529/160/155 566/162/157
f 530/161/156 566/162/157 565/163/158
f 565/163/158 566/162/157 556/164/159
f 565/163/158 556/164/159 557/165/160
f 557/165/160 556/164/159 583/166/161
f 557/165/160 583/166/161 584/167/162
f 584/167/162 583/166/161 603/168/163
f 584/167/162 603/168/163 602/169/164
f 602/169/164 603/168/163 599/170/165
f 602/169/164 599/170/165 600/171/166
f 600/171/166 599/170/165 628/172/167
f 600/171/166 628/172/167 104/173/95
f 52/146/141 53/174/168 142/148/143
f 142/148/143 53/174/168 141/175/169
f 142/148/143 141/175/169 473/150/145
f 473/150/145 141/175/169 509/176/170
f 473/150/145 509/176/170 508/152/147
f 508/152/147 509/176/170 487/177/171
f 508/152/147 487/177/171 488/154/149
f 488/154/149 487/177/171 514/178/172
f 488/154/149 514/178/172 515/156/151
f 515/156/151 514/178/172 544/179/173
f 515/156/151 544/179/173 543/158/153
f 543/158/153 544/179/173 528/180/174
f 543/158/153 528/180/174 529/160/155
f 529/160/155 528/180/174 567/181/175
f 529/160/155 567/181/175 566/162/157
f 566/162/157 567/181/175 555/182/176
f 566/162/157 555/182/176 556/164/159
f 556/164/159 555/182/176 582/183/177
f 556/164/159 582/183/177 583/166/161
f 583/166/161 582/183/177 604/184/178
f 583/166/161 604/184/178 603/168/163
f 603/168/163 604/184/178 598/185/179
f 603/168/163 598/185/179 599/170/165
f 599/170/165 598/185/179 627/186/180
f 599/170/165 627/186/180 628/172/167
f 628/172/167 627/186/180 644/187/181
f 628/172/167 644/187/181 104/188/95
f 53/174/168 54/189/182 141/175/169
f 141/175/169 54/189/182 510/190/183
f 141/175/169 510/190/183 509/176/170
f 509/176/170 510/190/183 486/191/184
f 509/176/170 486/191/184 487/177/171
f 487/177/171 486/191/184 513/192/185
f 487/177/171 513/192/185 514/178/172
f 514/178/172 513/192/185 545/193/186
f 514/178/172 545/193/186 544/179/173
f 544/179/173 545/193/186 527/194/187
f 544/179/173 527/194/187 528/180/174
f 528/180/174 527/194/187 568/195/188
f 528/180/174 568/195/188 567/181/175
f 567/181/175 568/195/188 554/196/189
f 567/181/175 554/196/189 555/182/176
f 555/182/176 554/196/189 581/197/190
f 555/182/176 581/197/190 582/183/177
f 582/183/177 581/197/190 605/198/191
f 582/183/177 605/198/191 604/184/178
f 604/184/178 605/198/191 597/199/192
f 604/184/178 597/199/192 598/185/179
f 598/185/179 597/199/192 626/200/193
f 598/185/179 626/200/193 627/186/180
f 627/186/180 626/200/193 645/201/194
f 627/186/180 645/201/194 644/187/181
f 644/187/181 645/201/194 643/202/195
f 644/187/181 643/202/195 104/203/95
f 510/190/183 54/189/182 485/204/196
f 485/204/196 54/189/182 55/205/197
f 485/204/196 55/205/197 511/206/198
f 511/206/198 55/205/197 140/207/199
f 511/206/198 140/207/199 547/208/200
f 547/208/200 140/207/199 524/209/201
f 547/208/200 524/209/201 525/210/202
f 525/210/202 524/209/201 571/211/203
f 525/210/202 571/211/203 570/212/204
f 570/212/204 571/211/203 551/213/205
f 570/212/204 551/213/205 552/214/206
f 552/214/206 551/213/205 578/215/207
f 552/214/206 578/215/207 579/216/208
f 579/216/208 578/215/207 608/217/209
f 579/216/208 608/217/209 607/218/210
f 607/218/210 608/217/209 594/219/211
f 607/218/210 594/219/211 595/220/212
f 595/220/212 594/219/211 623/221/213
f 595/220/212 623/221/213 624/222/214
f 624/222/214 623/221/213 648/223/215
f 624/222/214 648/223/215 647/224/216
f 647/224/216 648/223/215 640/225/217
f 647/224/216 640/225/217 641/226/218
f 641/226/218 640/225/217 669/227/219
f 641/226/218 669/227/219 670/228/220
f 670/228/220 669/227/219 689/229/221
f 670/228/220 689/229/221 688/230/222
f 688/230/222 689/229/221 687/231/223
f 688/230/222 687/231/223 104/232/95
f 55/205/197 56/233/224 140/207/199
f 140/207/199 56/233/224 139/234/225
f 140/207/199 139/234/225 524/209/201
f 524/209/201 139/234/225 572/235/226
f 524/209/201 572/235/226 571/211/203
f 571/211/203 572/235/226 550/236/227
f 571/211/203 550/236/227 551/213/205
f 551/213/205 550/236/227 577/237/228
f 551/213/205 577/237/228 578/215/207
f 578/215/207 577/237/228 609/238/229
f 578/215/207 609/238/229 608/217/209
f 608/217/209 609/238/229 593/239/230
f 608/217/209 593/239/230 594/219/211
f 594/219/211 593/239/230 622/240/231
f 594/219/211 622/240/231 623/221/213
f 623/221/213 622/240/231 649/241/232
f 623/221/213 649/241/232 648/223/215
f 648/223/215 649/241/232 639/242/233
f 648/223/215 639/242/233 640/225/217
f 640/225/217 639/242/233 668/243/234
f 640/225/217 668/243/234 669/227/219
f 669/227/219 668/243/234 690/244/235
f 669/227/219 690/244/235 689/229/221
f 689/229/221 690/244/235 686/245/236
f 689/229/221 686/245/236 687/231/223
f 687/231/223 686/245/236 718/246/237
f 687/231/223 718/246/237 104/247/95
f 56/233/224 57/248/238 139/234/225
f 139/234/225 57/248/238 573/249/239
f 139/234/225 573/249/239 572/235/226
f 572/235/226 573/249/239 549/250/240
f 572/235/226 549/250/240 550/236/227
f 550/236/227 549/250/240 576/251/241
f 550/236/227 576/251/241 577/237/228
f 577/237/228 576/251/241 610/252/242
f 577/237/228 610/252/242 609/238/229
f 609/238/229 610/252/242 592/253/243
f 609/238/229 592/253/243 593/239/230
f 593/239/230 592/253/243 621/254/244
f 593/239/230 621/254/244 622/240/231
f 622/240/231 621/254/244 650/255/245
f 622/240/231 650/255/245 649/241/232
f 649/241/232 650/255/245 638/256/246
f 649/241/232 638/256/246 639/242/233
f 639/242/233 638/256/246 667/257/247
f 639/242/233 667/257/247 668/243/234
f 668/243/234 667/257/247 691/258/248
f 668/243/234 691/258/248 690/244/235
f 690/244/235 691/258/248 685/259/249
f 690/244/235 685/259/249 686/245/236
f 686/245/236 685/259/249 717/260/250
f 686/245/236 717/260/250 718/246/237
f 718/246/237 717/260/250 735/261/251
f 718/246/237 735/261/251 104/262/95
f 573/249/239 57/248/238 548/263/252
f 548/263/252 57/248/238 58/264/253
f 548/263/252 58/264/253 574/265/254
f 574/265/254 58/264/253 138/266/255
f 574/265/254 138/266/255 613/267/256
f 613/267/256 138/266/255 614/268/257
f 613/267/256 614/268/257 588/269/258
f 588/269/258 614/268/257 587/270/259
f 588/269/258 587/270/259 616/271/260
f 616/271/260 587/270/259 615/272/261
f 616/271/260 615/272/261 656/273/262
f 656/273/262 615/272/261 657/274/263
f 656/273/262 657/274/263 631/275/264
f 631/275/264 657/274/263 630/276/265
f 631/275/264 630/276/265 659/277/266
f 659/277/266 630/276/265 658/278/267
f 659/277/266 658/278/267 700/279/268
f 700/279/268 658/278/267 701/280/269
f 700/279/268 701/280/269 675/281/270
f 675/281/270 701/280/269 674/282/271
f 675/281/270 674/282/271 706/283/272
f 706/283/272 674/282/271 705/284/273
f 706/283/272 705/284/273 723/285/274
f 723/285/274 705/284/273 722/286/275
f 723/285/274 722/286/275 740/287/276
f 740/287/276 722/286/275 739/288/277
f 740/287/276 739/288/277 758/289/278
f 758/289/278 739/288/277 757/290/279
f 758/289/278 757/290/279 777/291/280
f 777/291/280 757/290/279 776/292/281
f 777/291/280 776/292/281 796/293/282
f 796/293/282 776/292/281 795/294/283
f 796/293/282 795/294/283 816/295/284
f 816/295/284 795/294/283 815/296/285
f 816/295/284 815/296/285 836/297/286
f 836/297/286 815/296/285 835/298/287
f 836/297/286 835/298/287 855/299/288
f 855/299/288 835/298/287 854/300/289
f 855/299/288 854/300/289 874/301/290
f 874/301/290 854/300/289 873/302/291
f 874/301/290 873/302/291 892/303/292
f 892/303/292 873/302/291 891/304/293
f 892/303/292 891/304/293 909/305/294
f 909/305/294 891/304/293 908/306/295
f 909/305/294 908/306/295 926/307/296
f 926/307/296 908/306/295 925/308/297
f 926/307/296 925/308/297 942/309/298
f 942/309/298 925/308/297 941/310/299
f 942/309/298 941/310/299 958/311/300
f 958/311/300 941/310/299 957/312/301
f 958/311/300 957/312/301 972/313/302
f 972/313/302 957/312/301 971/314/303
f 972/313/302 971/314/303 997/315/304
f 997/315/304 971/314/303 998/316/305
f 997/315/304 998/316/305 1002/317/306
f 1002/317/306 998/316/305 1001/318/307
f 1002/317/306 1001/318/307 1015/319/308
f 1015/319/308 1001/318/307 135/320/309
f 1015/319/308 135/320/309 1040/321/310
f 1040/321/310 135/320/309 1041/322/311
f 1040/321/310 1041/322/311 1043/323/312
f 1043/323/312 1041/322/311 1042/324/313
f 1043/323/312 1042/324/313 1056/325/314
f 1056/325/314 1042/324/313 134/326/315
f 1056/325/314 134/326/315 1081/327/316
f 1081/327/316 134/326/315 1082/328/317
f 1081/327/316 1082/328/317 1083/329/318
f 1083/329/318 1082/328/317 23/330/319
f 1083/329/318 23/330/319 133/331/320
f 133/331/320 23/330/319 22/332/321
f 133/331/320 22/332/321 1120/333/322
f 1120/333/322 22/332/321 132/334/323
f 1120/333/322 132/334/323 1121/335/324
f 1121/335/324 132/334/323 1144/336/325
f 1121/335/324 1144/336/325 1143/337/326
f 1143/337/326 1144/336/325 1148/338/327
f 1143/337/326 1148/338/327 1149/339/328
f 1149/339/328 1148/338/327 1162/340/329
f 1149/339/328 1162/340/329 1163/341/330
f 1163/341/330 1162/340/329 1192/342/331
f 1163/341/330 1192/342/331 1191/343/332
f 1191/343/332 1192/342/331 1176/344/333
f 1191/343/332 1176/344/333 1177/345/334
f 1177/345/334 1176/344/333 1215/346/335
f 1177/345/334 1215/346/335 1214/347/336
f 1214/347/336 1215/346/335 1203/348/337
f 1214/347/336 1203/348/337 1204/349/338
f 1204/349/338 1203/348/337 1230/350/339
f 1204/349/338 1230/350/339 1231/351/340
f 1231/351/340 1230/350/339 1251/352/341
f 1231/351/340 1251/352/341 1250/353/342
f 1250/353/342 1251/352/341 1245/354/343
f 1250/353/342 1245/354/343 1246/355/344
f 1246/355/344 1245/354/343 1276/356/345
f 1246/355/344 1276/356/345 1275/357/346
f 1275/357/346 1276/356/345 1274/358/347
f 1275/357/346 1274/358/347 104/359/95
f 58/264/253 59/360/348 138/266/255
f 138/266/255 59/360/348 614/268/257
f 614/268/257 59/360/348 587/270/259
f 587/270/259 59/360/348 60/361/349
f 587/270/259 60/361/349 615/272/261
f 615/272/261 60/361/349 657/274/263
f 60/361/349 61/362/350 657/274/263
f 657/274/263 61/362/350 630/276/265
f 630/276/265 61/362/350 629/363/351
f 629/363/351 61/362/350 62/364/352
f 629/363/351 62/364/352 137/365/353
f 137/365/353 62/364/352 63/366/354
f 137/365/353 63/366/354 702/367/355
f 702/367/355 63/366/354 673/368/356
f 702/367/355 673/368/356 674/282/271
f 674/282/271 673/368/356 705/284/273
f 673/368/356 63/366/354 672/369/357
f 672/369/357 63/366/354 64/370/358
f 672/369/357 64/370/358 703/371/359
f 703/371/359 64/370/358 65/372/360
f 703/371/359 65/372/360 720/373/361
f 720/373/361 65/372/360 719/374/362
f 720/373/361 719/374/362 737/375/363
f 737/375/363 719/374/362 736/376/364
f 737/375/363 736/376/364 755/377/365
f 755/377/365 736/376/364 754/378/366
f 755/377/365 754/378/366 774/379/367
f 774/379/367 754/378/366 773/380/368
f 774/379/367 773/380/368 793/381/369
f 793/381/369 773/380/368 792/382/370
f 793/381/369 792/382/370 813/383/371
f 813/383/371 792/382/370 812/384/372
f 813/383/371 812/384/372 833/385/373
f 833/385/373 812/384/372 832/386/374
f 833/385/373 832/386/374 852/387/375
f 852/387/375 832/386/374 851/388/376
f 852/387/375 851/388/376 871/389/377
f 871/389/377 851/388/376 870/390/378
f 871/389/377 870/390/378 889/391/379
f 889/391/379 870/390/378 888/392/380
f 889/391/379 888/392/380 906/393/381
f 906/393/381 888/392/380 905/394/382
f 906/393/381 905/394/382 923/395/383
f 923/395/383 905/394/382 922/396/384
f 923/395/383 922/396/384 31/397/385
f 31/397/385 922/396/384 32/398/386
f 32/398/386 922/396/384 905/394/382
f 32/398/386 905/394/382 887/399/387
f 887/399/387 905/394/382 888/392/380
f 887/399/387 888/392/380 869/400/388
f 869/400/388 888/392/380 870/390/378
f 869/400/388 870/390/378 850/401/389
f 850/401/389 870/390/378 851/388/376
f 850/401/389 851/388/376 831/402/390
f 831/402/390 851/388/376 832/386/374
f 831/402/390 832/386/374 811/403/391
f 811/403/391 832/386/374 812/384/372
f 811/403/391 812/384/372 791/404/392
f 791/404/392 812/384/372 792/382/370
f 791/404/392 792/382/370 772/405/393
f 772/405/393 792/382/370 773/380/368
f 772/405/393 773/380/368 753/406/394
f 753/406/394 773/380/368 754/378/366
f 753/406/394 754/378/366 736/376/364
f 65/372/360 66/407/395 719/374/362
f 719/374/362 66/407/395 736/376/364
f 736/376/364 66/407/395 753/406/394
f 753/406/394 66/407/395 67/408/396
f 753/406/394 67/408/396 68/409/397
f 69/410/398 771/411/399 68/409/397
f 68/409/397 771/411/399 772/405/393
f 68/409/397 772/405/393 753/406/394
f 70/412/400 809/413/401 69/410/398
f 69/410/398 809/413/401 790/414/402
f 69/410/398 790/414/402 771/411/399
f 771/411/399 790/414/402 791/404/392
f 771/411/399 791/404/392 772/405/393
f 70/412/400 1/415/403 809/413/401
f 809/413/401 1/415/403 829/416/404
f 809/413/401 829/416/404 830/417/405
f 830/417/405 829/416/404 849/418/406
f 830/417/405 849/418/406 850/401/389
f 850/401/389 849/418/406 869/400/388
f 1/415/403 36/419/407 829/416/404
f 829/416/404 36/419/407 35/420/408
f 829/416/404 35/420/408 849/418/406
f 849/418/406 35/420/408 868/421/409
f 849/418/406 868/421/409 869/400/388
f 869/400/388 868/421/409 34/422/410
f 869/400/388 34/422/410 887/399/387
f 887/399/387 34/422/410 33/423/411
f 887/399/387 33/423/411 32/398/386
f 35/420/408 34/422/410 868/421/409
f 923/395/383 31/397/385 939/424/412
f 939/424/412 31/397/385 30/425/413
f 939/424/412 30/425/413 955/426/414
f 955/426/414 30/425/413 29/427/415
f 955/426/414 29/427/415 956/428/416
f 956/428/416 29/427/415 136/429/417
f 956/428/416 136/429/417 971/314/303
f 971/314/303 136/429/417 998/316/305
f 29/427/415 28/430/418 136/429/417
f 136/429/417 28/430/418 999/431/419
f 136/429/417 999/431/419 998/316/305
f 998/316/305 999/431/419 1001/318/307
f 999/431/419 28/430/418 1000/432/420
f 1000/432/420 28/430/418 27/433/421
f 1000/432/420 27/433/421 1001/318/307
f 1001/318/307 27/433/421 135/320/309
f 27/433/421 26/434/422 135/320/309
f 135/320/309 26/434/422 1041/322/311
f 1041/322/311 26/434/422 1042/324/313
f 1042/324/313 26/434/422 25/435/423
f 1042/324/313 25/435/423 134/326/315
f 134/326/315 25/435/423 24/436/424
f 134/326/315 24/436/424 1082/328/317
f 1082/328/317 24/436/424 23/330/319
f 22/332/321 21/437/425 132/334/323
f 132/334/323 21/437/425 1145/438/426
f 132/334/323 1145/438/426 1144/336/325
f 1144/336/325 1145/438/426 1147/439/427
f 1144/336/325 1147/439/427 1148/338/327
f 1148/338/327 1147/439/427 1161/440/428
f 1148/338/327 1161/440/428 1162/340/329
f 1162/340/329 1161/440/428 1193/441/429
f 1162/340/329 1193/441/429 1192/342/331
f 1192/342/331 1193/441/429 1175/442/430
f 1192/342/331 1175/442/430 1176/344/333
f 1176/344/333 1175/442/430 1216/443/431
f 1176/344/333 1216/443/431 1215/346/335
f 1215/346/335 1216/443/431 1202/444/432
f 1215/346/335 1202/444/432 1203/348/337
f 1203/348/337 1202/444/432 1229/445/433
f 1203/348/337 1229/445/433 1230/350/339
f 1230/350/339 1229/445/433 1252/446/434
f 1230/350/339 1252/446/434 1251/352/341
f 1251/352/341 1252/446/434 1244/447/435
f 1251/352/341 1244/447/435 1245/354/343
f 1245/354/343 1244/447/435 1277/448/436
f 1245/354/343 1277/448/436 1276/356/345
f 1276/356/345 1277/448/436 1273/449/437
f 1276/356/345 1273/449/437 1274/358/347
f 1274/358/347 1273/449/437 1302/450/438
f 1274/358/347 1302/450/438 104/451/95
f 1145/438/426 21/437/425 1146/452/439
f 1146/452/439 21/437/425 20/453/440
f 1146/452/439 20/453/440 1159/454/441
f 1159/454/441 20/453/440 131/455/442
f 1159/454/441 131/455/442 1195/456/443
f 1195/456/443 131/455/442 1172/457/444
f 1195/456/443 1172/457/444 1173/458/445
f 1173/458/445 1172/457/444 1219/459/446
f 1173/458/445 1219/459/446 1218/460/447
f 1218/460/447 1219/459/446 1199/461/448
f 1218/460/447 1199/461/448 1200/462/449
f 1200/462/449 1199/461/448 1226/463/450
f 1200/462/449 1226/463/450 1227/464/451
f 1227/464/451 1226/463/450 1255/465/452
f 1227/464/451 1255/465/452 1254/466/453
f 1254/466/453 1255/465/452 1241/467/454
f 1254/466/453 1241/467/454 1242/468/455
f 1242/468/455 1241/467/454 1280/469/456
f 1242/468/455 1280/469/456 1279/470/457
f 1279/470/457 1280/469/456 1270/471/458
f 1279/470/457 1270/471/458 1271/472/459
f 1271/472/459 1270/471/458 1299/473/460
f 1271/472/459 1299/473/460 1300/474/461
f 1300/474/461 1299/473/460 1320/475/462
f 1300/474/461 1320/475/462 1319/476/463
f 1319/476/463 1320/475/462 1316/477/464
f 1319/476/463 1316/477/464 1317/478/465
f 1317/478/465 1316/477/464 1347/479/466
f 1317/478/465 1347/479/466 104/480/95
f 20/453/440 19/481/467 131/455/442
f 131/455/442 19/481/467 130/482/468
f 131/455/442 130/482/468 1172/457/444
f 1172/457/444 130/482/468 1220/483/469
f 1172/457/444 1220/483/469 1219/459/446
f 1219/459/446 1220/483/469 1198/484/470
f 1219/459/446 1198/484/470 1199/461/448
f 1199/461/448 1198/484/470 1225/485/471
f 1199/461/448 1225/485/471 1226/463/450
f 1226/463/450 1225/485/471 1256/486/472
f 1226/463/450 1256/486/472 1255/465/452
f 1255/465/452 1256/486/472 1240/487/473
f 1255/465/452 1240/487/473 1241/467/454
f 1241/467/454 1240/487/473 1281/488/474
f 1241/467/454 1281/488/474 1280/469/456
f 1280/469/456 1281/488/474 1269/489/475
f 1280/469/456 1269/489/475 1270/471/458
f 1270/471/458 1269/489/475 1298/490/476
f 1270/471/458 1298/490/476 1299/473/460
f 1299/473/460 1298/490/476 1321/491/477
f 1299/473/460 1321/491/477 1320/475/462
f 1320/475/462 1321/491/477 1315/492/478
f 1320/475/462 1315/492/478 1316/477/464
f 1316/477/464 1315/492/478 1346/493/479
f 1316/477/464 1346/493/479 1347/479/466
f 1347/479/466 1346/493/479 1362/494/480
f 1347/479/466 1362/494/480 104/495/95
f 19/481/467 18/496/481 130/482/468
f 130/482/468 18/496/481 1221/497/482
f 130/482/468 1221/497/482 1220/483/469
f 1220/483/469 1221/497/482 1197/498/483
f 1220/483/469 1197/498/483 1198/484/470
f 1198/484/470 1197/498/483 1224/499/484
f 1198/484/470 1224/499/484 1225/485/471
f 1225/485/471 1224/499/484 1257/500/485
f 1225/485/471 1257/500/485 1256/486/472
f 1256/486/472 1257/500/485 1239/501/486
f 1256/486/472 1239/501/486 1240/487/473
f 1240/487/473 1239/501/486 1282/502/487
f 1240/487/473 1282/502/487 1281/488/474
f 1281/488/474 1282/502/487 1268/503/488
f 1281/488/474 1268/503/488 1269/489/475
f 1269/489/475 1268/503/488 1297/504/489
f 1269/489/475 1297/504/489 1298/490/476
f 1298/490/476 1297/504/489 1322/505/490
f 1298/490/476 1322/505/490 1321/491/477
f 1321/491/477 1322/505/490 1314/506/491
f 1321/491/477 1314/506/491 1315/492/478
f 1315/492/478 1314/506/491 1345/507/492
f 1315/492/478 1345/507/492 1346/493/479
f 1346/493/479 1345/507/492 1361/508/493
f 1346/493/479 1361/508/493 1362/494/480
f 1362/494/480 1361/508/493 1379/509/494
f 1362/494/480 1379/509/494 104/510/95
f 1221/497/482 18/496/481 1196/511/495
f 1196/511/495 18/496/481 17/512/496
f 1196/511/495 17/512/496 1222/513/497
f 1222/513/497 17/512/496 1260/514/498
f 1222/513/497 1260/514/498 1259/515/499
f 1259/515/499 1260/514/498 1236/516/500
f 1259/515/499 1236/516/500 1237/517/501
f 1237/517/501 1236/516/500 1285/518/502
f 1237/517/501 1285/518/502 1284/519/503
f 1284/519/503 1285/518/502 1265/520/504
f 1284/519/503 1265/520/504 1266/521/505
f 1266/521/505 1265/520/504 1294/522/506
f 1266/521/505 1294/522/506 1295/523/507
f 1295/523/507 1294/522/506 1325/524/508
f 1295/523/507 1325/524/508 1324/525/509
f 1324/525/509 1325/524/508 1311/526/510
f 1324/525/509 1311/526/510 1312/527/511
f 1312/527/511 1311/526/510 1342/528/512
f 1312/527/511 1342/528/512 1343/529/513
f 1343/529/513 1342/528/512 1358/530/514
f 1343/529/513 1358/530/514 1359/531/515
f 1359/531/515 1358/530/514 1382/532/516
f 1359/531/515 1382/532/516 1381/533/517
f 1381/533/517 1382/532/516 1376/534/518
f 1381/533/517 1376/534/518 1377/535/519
f 1377/535/519 1376/534/518 1410/536/520
f 1377/535/519 1410/536/520 1411/537/521
f 1411/537/521 1410/536/520 1429/538/522
f 1411/537/521 1429/538/522 104/539/95
f 17/512/496 16/540/523 1260/514/498
f 1260/514/498 16/540/523 1235/541/524
f 1260/514/498 1235/541/524 1236/516/500
f 1236/516/500 1235/541/524 1286/542/525
f 1236/516/500 1286/542/525 1285/518/502
f 1285/518/502 1286/542/525 1264/543/526
f 1285/518/502 1264/543/526 1265/520/504
f 1265/520/504 1264/543/526 1293/544/527
f 1265/520/504 1293/544/527 1294/522/506
f 1294/522/506 1293/544/527 1326/545/528
f 1294/522/506 1326/545/528 1325/524/508
f 1325/524/508 1326/545/528 1310/546/529
f 1325/524/508 1310/546/529 1311/526/510
f 1311/526/510 1310/546/529 1341/547/530
f 1311/526/510 1341/547/530 1342/528/512
f 1342/528/512 1341/547/530 1357/548/531
f 1342/528/512 1357/548/531 1358/530/514
f 1358/530/514 1357/548/531 1383/549/532
f 1358/530/514 1383/549/532 1382/532/516
f 1382/532/516 1383/549/532 1375/550/533
f 1382/532/516 1375/550/533 1376/534/518
f 1376/534/518 1375/550/533 1409/551/534
f 1376/534/518 1409/551/534 1410/536/520
f 1410/536/520 1409/551/534 1428/552/535
f 1410/536/520 1428/552/535 1429/538/522
f 1429/538/522 1428/552/535 1447/553/536
f 1429/538/522 1447/553/536 104/554/95
f 1235/541/524 16/540/523 129/555/537
f 129/555/537 16/540/523 15/556/538
f 129/555/537 15/556/538 1288/557/539
f 1288/557/539 15/556/538 1261/558/540
f 1288/557/539 1261/558/540 1262/559/541
f 1262/559/541 1261/558/540 1290/560/542
f 1262/559/541 1290/560/542 1291/561/543
f 1291/561/543 1290/560/542 1329/562/544
f 1291/561/543 1329/562/544 1328/563/545
f 1328/563/545 1329/562/544 1307/564/546
f 1328/563/545 1307/564/546 1308/565/547
f 1308/565/547 1307/564/546 1338/566/548
f 1308/565/547 1338/566/548 1339/567/549
f 1339/567/549 1338/566/548 1354/568/550
f 1339/567/549 1354/568/550 1355/569/551
f 1355/569/551 1354/568/550 1386/570/552
f 1355/569/551 1386/570/552 1385/571/553
f 1385/571/553 1386/570/552 1372/572/554
f 1385/571/553 1372/572/554 1373/573/555
f 1373/573/555 1372/572/554 1406/574/556
f 1373/573/555 1406/574/556 1407/575/557
f 1407/575/557 1406/574/556 1425/576/558
f 1407/575/557 1425/576/558 1426/577/559
f 1426/577/559 1425/576/558 1444/578/560
f 1426/577/559 1444/578/560 1445/579/561
f 1445/579/561 1444/578/560 1464/580/562
f 1445/579/561 1464/580/562 1465/581/563
f 1465/581/563 1464/580/562 1485/582/564
f 1465/581/563 1485/582/564 1486/583/565
f 1486/583/565 1485/582/564 1506/584/566
f 1486/583/565 1506/584/566 104/585/95
f 15/556/538 14/586/567 1261/558/540
f 1261/558/540 14/586/567 1289/587/568
f 1261/558/540 1289/587/568 1290/560/542
f 1290/560/542 1289/587/568 1330/588/569
f 1290/560/542 1330/588/569 1329/562/544
f 1329/562/544 1330/588/569 1306/589/570
f 1329/562/544 1306/589/570 1307/564/546
f 1307/564/546 1306/589/570 1337/590/571
f 1307/564/546 1337/590/571 1338/566/548
f 1338/566/548 1337/590/571 1353/591/572
f 1338/566/548 1353/591/572 1354/568/550
f 1354/568/550 1353/591/572 1387/592/573
f 1354/568/550 1387/592/573 1386/570/552
f 1386/570/552 1387/592/573 1371/593/574
f 1386/570/552 1371/593/574 1372/572/554
f 1372/572/554 1371/593/574 1405/594/575
f 1372/572/554 1405/594/575 1406/574/556
f 1406/574/556 1405/594/575 1424/595/576
f 1406/574/556 1424/595/576 1425/576/558
f 1425/576/558 1424/595/576 1443/596/577
f 1425/576/558 1443/596/577 1444/578/560
f 1444/578/560 1443/596/577 1463/597/578
f 1444/578/560 1463/597/578 1464/580/562
f 1464/580/562 1463/597/578 1484/598/579
f 1464/580/562 1484/598/579 1485/582/564
f 1485/582/564 1484/598/579 1505/599/580
f 1485/582/564 1505/599/580 1506/584/566
f 1506/584/566 1505/599/580 1526/600/581
f 1506/584/566 1526/600/581 104/601/95
f 1289/587/568 14/586/567 1332/602/582
f 1332/602/582 14/586/567 13/603/583
f 1332/602/582 13/603/583 1303/604/584
f 1303/604/584 13/603/583 12/605/585
f 1303/604/584 12/605/585 1333/606/586
f 1333/606/586 12/605/585 11/607/587
f 1333/606/586 11/607/587 1348/608/588
f 1348/608/588 11/607/587 128/609/589
f 1348/608/588 128/609/589 1393/610/590
f 1393/610/590 128/609/589 1394/611/591
f 1393/610/590 1394/611/591 1364/612/592
f 1364/612/592 1394/611/591 1363/613/593
f 1364/612/592 1363/613/593 1397/614/594
f 1397/614/594 1363/613/593 1396/615/595
f 1397/614/594 1396/615/595 1415/616/596
f 1415/616/596 1396/615/595 1414/617/597
f 1415/616/596 1414/617/597 1433/618/598
f 1433/618/598 1414/617/597 1432/619/599
f 1433/618/598 1432/619/599 1452/620/600
f 1452/620/600 1432/619/599 1451/621/601
f 1452/620/600 1451/621/601 1472/622/602
f 1472/622/602 1451/621/601 1471/623/603
f 1472/622/602 1471/623/603 1492/624/604
f 1492/624/604 1471/623/603 1491/625/605
f 1492/624/604 1491/625/605 1512/626/606
f 1512/626/606 1491/625/605 1511/627/607
f 1512/626/606 1511/627/607 1531/628/608
f 1531/628/608 1511/627/607 1530/629/609
f 1531/628/608 1530/629/609 1549/630/610
f 1549/630/610 1530/629/609 1548/631/611
f 1549/630/610 1548/631/611 1567/632/612
f 1567/632/612 1548/631/611 1566/633/613
f 1567/632/612 1566/633/613 1596/634/614
f 1596/634/614 1566/633/613 1597/635/615
f 1596/634/614 1597/635/615 1601/636/616
f 1601/636/616 1597/635/615 1600/637/617
f 1601/636/616 1600/637/617 1617/638/618
f 1617/638/618 1600/637/617 1616/639/619
f 1617/638/618 1616/639/619 1633/640/620
f 1633/640/620 1616/639/619 1632/641/621
f 1633/640/620 1632/641/621 78/642/622
f 78/642/622 1632/641/621 77/643/623
f 77/643/623 1632/641/621 1616/639/619
f 77/643/623 1616/639/619 1599/644/624
f 1599/644/624 1616/639/619 1600/637/617
f 1599/644/624 1600/637/617 1598/645/625
f 1598/645/625 1600/637/617 1597/635/615
f 1598/645/625 1597/635/615 1565/646/626
f 1565/646/626 1597/635/615 1566/633/613
f 1565/646/626 1566/633/613 1547/647/627
f 1547/647/627 1566/633/613 1548/631/611
f 1547/647/627 1548/631/611 1529/648/628
f 1529/648/628 1548/631/611 1530/629/609
f 1529/648/628 1530/629/609 1510/649/629
f 1510/649/629 1530/629/609 1511/627/607
f 1510/649/629 1511/627/607 1490/650/630
f 1490/650/630 1511/627/607 1491/625/605
f 1490/650/630 1491/625/605 1470/651/631
f 1470/651/631 1491/625/605 1471/623/603
f 1470/651/631 1471/623/603 1450/652/632
f 1450/652/632 1471/623/603 1451/621/601
f 1450/652/632 1451/621/601 1431/653/633
f 1431/653/633 1451/621/601 1432/619/599
f 1431/653/633 1432/619/599 1413/654/634
f 1413/654/634 1432/619/599 1414/617/597
f 1413/654/634 1414/617/597 1395/655/635
f 1395/655/635 1414/617/597 1396/615/595
f 1395/655/635 1396/615/595 9/656/636
f 9/656/636 1396/615/595 1363/613/593
f 9/656/636 1363/613/593 10/657/637
f 10/657/637 1363/613/593 1394/611/591
f 10/657/637 1394/611/591 128/609/589
f 11/607/587 10/657/637 128/609/589
f 9/656/636 8/658/638 1395/655/635
f 1395/655/635 8/658/638 1413/654/634
f 1413/654/634 8/658/638 1412/659/639
f 1412/659/639 8/658/638 7/660/640
f 1412/659/639 7/660/640 1430/661/641
f 1430/661/641 7/660/640 6/662/642
f 1430/661/641 6/662/642 1449/663/643
f 1449/663/643 6/662/642 1448/664/644
f 1449/663/643 1448/664/644 1469/665/645
f 1469/665/645 1448/664/644 1468/666/646
f 1469/665/645 1468/666/646 1489/667/647
f 1489/667/647 1468/666/646 1488/668/648
f 1489/667/647 1488/668/648 1509/669/649
f 1509/669/649 1488/668/648 1508/670/650
f 1509/669/649 1508/670/650 1528/671/651
f 1528/671/651 1508/670/650 1527/672/652
f 1528/671/651 1527/672/652 73/673/653
f 73/673/653 1527/672/652 72/674/654
f 72/674/654 1527/672/652 1508/670/650
f 72/674/654 1508/670/650 1507/675/655
f 1507/675/655 1508/670/650 1487/676/656
f 1507/675/655 1487/676/656 71/677/657
f 71/677/657 1487/676/656 3/678/658
f 3/678/658 1487/676/656 4/679/659
f 4/679/659 1487/676/656 1467/680/660
f 4/679/659 1467/680/660 5/681/661
f 5/681/661 1467/680/660 1468/666/646
f 5/681/661 1468/666/646 1448/664/644
f 6/662/642 5/681/661 1448/664/644
f 71/677/657 72/674/654 1507/675/655
f 1528/671/651 73/673/653 1546/682/662
f 1546/682/662 73/673/653 74/683/663
f 1546/682/662 74/683/663 1564/684/664
f 1564/684/664 74/683/663 75/685/665
f 1564/684/664 75/685/665 1565/646/626
f 1565/646/626 75/685/665 1598/645/625
f 1598/645/625 75/685/665 1599/644/624
f 1599/644/624 75/685/665 76/686/666
f 1599/644/624 76/686/666 77/643/623
f 1633/640/620 78/642/622 1648/687/667
f 1648/687/667 78/642/622 79/688/668
f 1648/687/667 79/688/668 127/689/669
f 127/689/669 79/688/668 80/690/670
f 127/689/669 80/690/670 1691/691/671
f 1691/691/671 80/690/670 1690/692/672
f 1691/691/671 1690/692/672 127/689/669
f 127/689/669 1690/692/672 1663/693/673
f 127/689/669 1663/693/673 1648/687/667
f 1648/687/667 1663/693/673 1649/694/674
f 1648/687/667 1649/694/674 1633/640/620
f 1633/640/620 1649/694/674 1634/695/675
f 1633/640/620 1634/695/675 1617/638/618
f 1617/638/618 1634/695/675 1618/696/676
f 1617/638/618 1618/696/676 1601/636/616
f 1601/636/616 1618/696/676 1602/697/677
f 1601/636/616 1602/697/677 1596/634/614
f 1596/634/614 1602/697/677 1595/698/678
f 1596/634/614 1595/698/678 1567/632/612
f 1567/632/612 1595/698/678 1568/699/679
f 1567/632/612 1568/699/679 1549/630/610
f 1549/630/610 1568/699/679 1550/700/680
f 1549/630/610 1550/700/680 1531/628/608
f 1531/628/608 1550/700/680 1532/701/681
f 1531/628/608 1532/701/681 1512/626/606
f 1512/626/606 1532/701/681 1513/702/682
f 1512/626/606 1513/702/682 1492/624/604
f 1492/624/604 1513/702/682 1493/703/683
f 1492/624/604 1493/703/683 1472/622/602
f 1472/622/602 1493/703/683 1473/704/684
f 1472/622/602 1473/704/684 1452/620/600
f 1452/620/600 1473/704/684 1453/705/685
f 1452/620/600 1453/705/685 1433/618/598
f 1433/618/598 1453/705/685 1434/706/686
f 1433/618/598 1434/706/686 1415/616/596
f 1415/616/596 1434/706/686 1416/707/687
f 1415/616/596 1416/707/687 1397/614/594
f 1397/614/594 1416/707/687 1398/708/688
f 1397/614/594 1398/708/688 1364/612/592
f 1364/612/592 1398/708/688 1365/709/689
f 1364/612/592 1365/709/689 1393/610/590
f 1393/610/590 1365/709/689 1392/710/690
f 1393/610/590 1392/710/690 1348/608/588
f 1348/608/588 1392/710/690 1349/711/691
f 1348/608/588 1349/711/691 1333/606/586
f 1333/606/586 1349/711/691 1334/712/692
f 1333/606/586 1334/712/692 1303/604/584
f 1303/604/584 1334/712/692 1304/713/693
f 1303/604/584 1304/713/693 1332/602/582
f 1332/602/582 1304/713/693 1331/714/694
f 1332/602/582 1331/714/694 1289/587/568
f 1289/587/568 1331/714/694 1330/588/569
f 1690/692/672 80/690/670 1692/715/695
f 1692/715/695 80/690/670 81/716/696
f 1692/715/695 81/716/696 126/717/697
f 126/717/697 81/716/696 82/718/698
f 126/717/697 82/718/698 1732/719/699
f 1732/719/699 82/718/698 1733/720/700
f 1732/719/699 1733/720/700 1734/721/701
f 1734/721/701 1733/720/700 1748/722/702
f 1734/721/701 1748/722/702 1749/723/703
f 1749/723/703 1748/722/702 1772/724/704
f 1749/723/703 1772/724/704 1771/725/705
f 1771/725/705 1772/724/704 1775/726/706
f 1771/725/705 1775/726/706 1776/727/707
f 1776/727/707 1775/726/706 1795/728/708
f 1776/727/707 1795/728/708 1794/729/709
f 1794/729/709 1795/728/708 1803/730/710
f 1794/729/709 1803/730/710 1804/731/711
f 1804/731/711 1803/730/710 1817/732/712
f 1804/731/711 1817/732/712 1818/733/713
f 1818/733/713 1817/732/712 1843/734/714
f 1818/733/713 1843/734/714 1842/735/715
f 1842/735/715 1843/734/714 1831/736/716
f 1842/735/715 1831/736/716 1832/737/717
f 1832/737/717 1831/736/716 1866/738/718
f 1832/737/717 1866/738/718 1865/739/719
f 1865/739/719 1866/738/718 1858/740/720
f 1865/739/719 1858/740/720 1859/741/721
f 1859/741/721 1858/740/720 1885/742/722
f 1859/741/721 1885/742/722 1886/743/723
f 1886/743/723 1885/742/722 1902/744/724
f 1886/743/723 1902/744/724 1901/745/725
f 1901/745/725 1902/744/724 1900/746/726
f 1901/745/725 1900/746/726 104/747/95
f 82/718/698 83/748/727 1733/720/700
f 1733/720/700 83/748/727 1747/749/728
f 1733/720/700 1747/749/728 1748/722/702
f 1748/722/702 1747/749/728 1773/750/729
f 1748/722/702 1773/750/729 1772/724/704
f 1772/724/704 1773/750/729 1774/751/730
f 1772/724/704 1774/751/730 1775/726/706
f 1775/726/706 1774/751/730 1796/752/731
f 1775/726/706 1796/752/731 1795/728/708
f 1795/728/708 1796/752/731 1802/753/732
f 1795/728/708 1802/753/732 1803/730/710
f 1803/730/710 1802/753/732 1816/754/733
f 1803/730/710 1816/754/733 1817/732/712
f 1817/732/712 1816/754/733 1844/755/734
f 1817/732/712 1844/755/734 1843/734/714
f 1843/734/714 1844/755/734 1830/756/735
f 1843/734/714 1830/756/735 1831/736/716
f 1831/736/716 1830/756/735 1867/757/736
f 1831/736/716 1867/757/736 1866/738/718
f 1866/738/718 1867/757/736 1857/758/737
f 1866/738/718 1857/758/737 1858/740/720
f 1858/740/720 1857/758/737 1884/759/738
f 1858/740/720 1884/759/738 1885/742/722
f 1885/742/722 1884/759/738 1903/760/739
f 1885/742/722 1903/760/739 1902/744/724
f 1902/744/724 1903/760/739 1899/761/740
f 1902/744/724 1899/761/740 1900/746/726
f 1900/746/726 1899/761/740 1927/762/741
f 1900/746/726 1927/762/741 104/763/95
f 83/748/727 84/764/742 1747/749/728
f 1747/749/728 84/764/742 1773/750/729
f 1773/750/729 84/764/742 125/765/743
f 125/765/743 84/764/742 85/766/744
f 125/765/743 85/766/744 1798/767/745
f 1798/767/745 85/766/744 1799/768/746
f 1798/767/745 1799/768/746 1800/769/747
f 1800/769/747 1799/768/746 1813/770/748
f 1800/769/747 1813/770/748 1814/771/749
f 1814/771/749 1813/770/748 1847/772/750
f 1814/771/749 1847/772/750 1846/773/751
f 1846/773/751 1847/772/750 1827/774/752
f 1846/773/751 1827/774/752 1828/775/753
f 1828/775/753 1827/774/752 1870/776/754
f 1828/775/753 1870/776/754 1869/777/755
f 1869/777/755 1870/776/754 1854/778/756
f 1869/777/755 1854/778/756 1855/779/757
f 1855/779/757 1854/778/756 1881/780/758
f 1855/779/757 1881/780/758 1882/781/759
f 1882/781/759 1881/780/758 1906/782/760
f 1882/781/759 1906/782/760 1905/783/761
f 1905/783/761 1906/782/760 1896/784/762
f 1905/783/761 1896/784/762 1897/785/763
f 1897/785/763 1896/784/762 1930/786/764
f 1897/785/763 1930/786/764 1929/787/765
f 1929/787/765 1930/786/764 1924/788/766
f 1929/787/765 1924/788/766 1925/789/767
f 1925/789/767 1924/788/766 1952/790/768
f 1925/789/767 1952/790/768 1953/791/769
f 1953/791/769 1952/790/768 1968/792/770
f 1953/791/769 1968/792/770 104/793/95
f 85/766/744 86/794/771 1799/768/746
f 1799/768/746 86/794/771 1812/795/772
f 1799/768/746 1812/795/772 1813/770/748
f 1813/770/748 1812/795/772 1848/796/773
f 1813/770/748 1848/796/773 1847/772/750
f 1847/772/750 1848/796/773 1826/797/774
f 1847/772/750 1826/797/774 1827/774/752
f 1827/774/752 1826/797/774 1871/798/775
f 1827/774/752 1871/798/775 1870/776/754
f 1870/776/754 1871/798/775 1853/799/776
f 1870/776/754 1853/799/776 1854/778/756
f 1854/778/756 1853/799/776 1880/800/777
f 1854/778/756 1880/800/777 1881/780/758
f 1881/780/758 1880/800/777 1907/801/778
f 1881/780/758 1907/801/778 1906/782/760
f 1906/782/760 1907/801/778 1895/802/779
f 1906/782/760 1895/802/779 1896/784/762
f 1896/784/762 1895/802/779 1931/803/780
f 1896/784/762 1931/803/780 1930/786/764
f 1930/786/764 1931/803/780 1923/804/781
f 1930/786/764 1923/804/781 1924/788/766
f 1924/788/766 1923/804/781 1951/805/782
f 1924/788/766 1951/805/782 1952/790/768
f 1952/790/768 1951/805/782 1969/806/783
f 1952/790/768 1969/806/783 1968/792/770
f 1968/792/770 1969/806/783 1967/807/784
f 1968/792/770 1967/807/784 104/808/95
f 1812/795/772 86/794/771 124/809/785
f 124/809/785 86/794/771 87/810/786
f 124/809/785 87/810/786 123/811/787
f 123/811/787 87/810/786 88/812/788
f 123/811/787 88/812/788 1874/813/789
f 1874/813/789 88/812/788 1849/814/790
f 1874/813/789 1849/814/790 1850/815/791
f 1850/815/791 1849/814/790 1876/816/792
f 1850/815/791 1876/816/792 1877/817/793
f 1877/817/793 1876/816/792 1911/818/794
f 1877/817/793 1911/818/794 1910/819/795
f 1910/819/795 1911/818/794 1891/820/796
f 1910/819/795 1891/820/796 1892/821/797
f 1892/821/797 1891/820/796 1935/822/798
f 1892/821/797 1935/822/798 1934/823/799
f 1934/823/799 1935/822/798 1919/824/800
f 1934/823/799 1919/824/800 1920/825/801
f 1920/825/801 1919/824/800 1947/826/802
f 1920/825/801 1947/826/802 1948/827/803
f 1948/827/803 1947/826/802 1973/828/804
f 1948/827/803 1973/828/804 1972/829/805
f 1972/829/805 1973/828/804 1963/830/806
f 1972/829/805 1963/830/806 1964/831/807
f 1964/831/807 1963/830/806 1992/832/808
f 1964/831/807 1992/832/808 1993/833/809
f 1993/833/809 1992/832/808 2013/834/810
f 1993/833/809 2013/834/810 2012/835/811
f 2012/835/811 2013/834/810 2009/836/812
f 2012/835/811 2009/836/812 2010/837/813
f 2010/837/813 2009/836/812 2041/838/814
f 2010/837/813 2041/838/814 104/839/95
f 88/812/788 89/840/815 1849/814/790
f 1849/814/790 89/840/815 1875/841/816
f 1849/814/790 1875/841/816 1876/816/792
f 1876/816/792 1875/841/816 1912/842/817
f 1876/816/792 1912/842/817 1911/818/794
f 1911/818/794 1912/842/817 1890/843/818
f 1911/818/794 1890/843/818 1891/820/796
f 1891/820/796 1890/843/818 1936/844/819
f 1891/820/796 1936/844/819 1935/822/798
f 1935/822/798 1936/844/819 1918/845/820
f 1935/822/798 1918/845/820 1919/824/800
f 1919/824/800 1918/845/820 1946/846/821
f 1919/824/800 1946/846/821 1947/826/802
f 1947/826/802 1946/846/821 1974/847/822
f 1947/826/802 1974/847/822 1973/828/804
f 1973/828/804 1974/847/822 1962/848/823
f 1973/828/804 1962/848/823 1963/830/806
f 1963/830/806 1962/848/823 1991/849/824
f 1963/830/806 1991/849/824 1992/832/808
f 1992/832/808 1991/849/824 2014/850/825
f 1992/832/808 2014/850/825 2013/834/810
f 2013/834/810 2014/850/825 2008/851/826
f 2013/834/810 2008/851/826 2009/836/812
f 2009/836/812 2008/851/826 2040/852/827
f 2009/836/812 2040/852/827 2041/838/814
f 2041/838/814 2040/852/827 2057/853/828
f 2041/838/814 2057/853/828 104/854/95
f 1875/841/816 89/840/815 122/855/829
f 122/855/829 89/840/815 90/856/830
f 122/855/829 90/856/830 1888/857/831
f 1888/857/831 90/856/830 1940/858/832
f 1888/857/831 1940/858/832 1939/859/833
f 1939/859/833 1940/858/832 1914/860/834
f 1939/859/833 1914/860/834 1915/861/835
f 1915/861/835 1914/860/834 1942/862/836
f 1915/861/835 1942/862/836 1943/863/837
f 1943/863/837 1942/862/836 1978/864/838
f 1943/863/837 1978/864/838 1977/865/839
f 1977/865/839 1978/864/838 1958/866/840
f 1977/865/839 1958/866/840 1959/867/841
f 1959/867/841 1958/866/840 1987/868/842
f 1959/867/841 1987/868/842 1988/869/843
f 1988/869/843 1987/868/842 2018/870/844
f 1988/869/843 2018/870/844 2017/871/845
f 2017/871/845 2018/870/844 2004/872/846
f 2017/871/845 2004/872/846 2005/873/847
f 2005/873/847 2004/872/846 2036/874/848
f 2005/873/847 2036/874/848 2037/875/849
f 2037/875/849 2036/874/848 2053/876/850
f 2037/875/849 2053/876/850 2054/877/851
f 2054/877/851 2053/876/850 2071/878/852
f 2054/877/851 2071/878/852 2072/879/853
f 2072/879/853 2071/878/852 2089/880/854
f 2072/879/853 2089/880/854 2090/881/855
f 2090/881/855 2089/880/854 2111/882/856
f 2090/881/855 2111/882/856 2110/883/857
f 2110/883/857 2111/882/856 2109/884/858
f 2110/883/857 2109/884/858 104/885/95
f 90/856/830 91/886/859 1940/858/832
f 1940/858/832 91/886/859 1913/887/860
f 1940/858/832 1913/887/860 1914/860/834
f 1914/860/834 1913/887/860 1941/888/861
f 1914/860/834 1941/888/861 1942/862/836
f 1942/862/836 1941/888/861 1979/889/862
f 1942/862/836 1979/889/862 1978/864/838
f 1978/864/838 1979/889/862 1957/890/863
f 1978/864/838 1957/890/863 1958/866/840
f 1958/866/840 1957/890/863 1986/891/864
f 1958/866/840 1986/891/864 1987/868/842
f 1987/868/842 1986/891/864 2019/892/865
f 1987/868/842 2019/892/865 2018/870/844
f 2018/870/844 2019/892/865 2003/893/866
f 2018/870/844 2003/893/866 2004/872/846
f 2004/872/846 2003/893/866 2035/894/867
f 2004/872/846 2035/894/867 2036/874/848
f 2036/874/848 2035/894/867 2052/895/868
f 2036/874/848 2052/895/868 2053/876/850
f 2053/876/850 2052/895/868 2070/896/869
f 2053/876/850 2070/896/869 2071/878/852
f 2071/878/852 2070/896/869 2088/897/870
f 2071/878/852 2088/897/870 2089/880/854
f 2089/880/854 2088/897/870 2112/898/871
f 2089/880/854 2112/898/871 2111/882/856
f 2111/882/856 2112/898/871 2108/899/872
f 2111/882/856 2108/899/872 2109/884/858
f 2109/884/858 2108/899/872 2146/900/873
f 2109/884/858 2146/900/873 104/901/95
f 91/886/859 92/902/874 1913/887/860
f 1913/887/860 92/902/874 121/903/875
f 1913/887/860 121/903/875 1941/888/861
f 1941/888/861 121/903/875 1980/904/876
f 1941/888/861 1980/904/876 1979/889/862
f 1979/889/862 1980/904/876 1956/905/877
f 1979/889/862 1956/905/877 1957/890/863
f 1957/890/863 1956/905/877 1985/906/878
f 1957/890/863 1985/906/878 1986/891/864
f 1986/891/864 1985/906/878 2020/907/879
f 1986/891/864 2020/907/879 2019/892/865
f 2019/892/865 2020/907/879 2002/908/880
f 2019/892/865 2002/908/880 2003/893/866
f 2003/893/866 2002/908/880 2034/909/881
f 2003/893/866 2034/909/881 2035/894/867
f 2035/894/867 2034/909/881 2051/910/882
f 2035/894/867 2051/910/882 2052/895/868
f 2052/895/868 2051/910/882 2069/911/883
f 2052/895/868 2069/911/883 2070/896/869
f 2070/896/869 2069/911/883 2087/912/884
f 2070/896/869 2087/912/884 2088/897/870
f 2088/897/870 2087/912/884 2113/913/885
f 2088/897/870 2113/913/885 2112/898/871
f 2112/898/871 2113/913/885 2107/914/886
f 2112/898/871 2107/914/886 2108/899/872
f 2108/899/872 2107/914/886 2145/915/887
f 2108/899/872 2145/915/887 2146/900/873
f 2146/900/873 2145/915/887 145/916/888
f 2146/900/873 145/916/888 104/917/95
f 92/902/874 93/918/889 121/903/875
f 121/903/875 93/918/889 1981/919/890
f 121/903/875 1981/919/890 1980/904/876
f 1980/904/876 1981/919/890 1955/920/891
f 1980/904/876 1955/920/891 1956/905/877
f 1956/905/877 1955/920/891 1984/921/892
f 1956/905/877 1984/921/892 1985/906/878
f 1985/906/878 1984/921/892 2021/922/893
f 1985/906/878 2021/922/893 2020/907/879
f 2020/907/879 2021/922/893 2001/923/894
f 2020/907/879 2001/923/894 2002/908/880
f 2002/908/880 2001/923/894 2033/924/895
f 2002/908/880 2033/924/895 2034/909/881
f 2034/909/881 2033/924/895 2050/925/896
f 2034/909/881 2050/925/896 2051/910/882
f 2051/910/882 2050/925/896 2068/926/897
f 2051/910/882 2068/926/897 2069/911/883
f 2069/911/883 2068/926/897 2086/927/898
f 2069/911/883 2086/927/898 2087/912/884
f 2087/912/884 2086/927/898 2114/928/899
f 2087/912/884 2114/928/899 2113/913/885
f 2113/913/885 2114/928/899 2106/929/900
f 2113/913/885 2106/929/900 2107/914/886
f 2107/914/886 2106/929/900 2144/930/901
f 2107/914/886 2144/930/901 2145/915/887
f 2145/915/887 2144/930/901 146/931/902
f 2145/915/887 146/931/902 145/916/888
f 145/916/888 146/931/902 184/932/903
f 145/916/888 184/932/903 104/933/95
f 1981/919/890 93/918/889 1954/934/904
f 1954/934/904 93/918/889 94/935/905
f 1954/934/904 94/935/905 1982/936/906
f 1982/936/906 94/935/905 120/937/907
f 1982/936/906 120/937/907 2024/938/908
f 2024/938/908 120/937/907 2025/939/909
f 2024/938/908 2025/939/909 1997/940/910
f 1997/940/910 2025/939/909 1996/941/911
f 1997/940/910 1996/941/911 2028/942/912
f 2028/942/912 1996/941/911 2027/943/913
f 2028/942/912 2027/943/913 2044/944/914
f 2044/944/914 2027/943/913 2043/945/915
f 2044/944/914 2043/945/915 2061/946/916
f 2061/946/916 2043/945/915 2060/947/917
f 2061/946/916 2060/947/917 2078/948/918
f 2078/948/918 2060/947/917 2077/949/919
f 2078/948/918 2077/949/919 2123/950/920
f 2123/950/920 2077/949/919 2124/951/921
f 2123/950/920 2124/951/921 2096/952/922
f 2096/952/922 2124/951/921 2095/953/923
f 2096/952/922 2095/953/923 2133/954/924
f 2133/954/924 2095/953/923 2132/955/925
f 2133/954/924 2132/955/925 158/956/926
f 158/956/926 2132/955/925 159/957/927
f 158/956/926 159/957/927 171/958/928
f 171/958/928 159/957/927 170/959/929
f 171/958/928 170/959/929 191/960/930
f 191/960/930 170/959/929 190/961/931
f 191/960/930 190/961/931 210/962/932
f 210/962/932 190/961/931 209/963/933
f 210/962/932 209/963/933 228/964/934
f 228/964/934 209/963/933 227/965/935
f 228/964/934 227/965/935 246/966/936
f 246/966/936 227/965/935 245/967/937
f 246/966/936 245/967/937 263/968/938
f 263/968/938 245/967/937 262/969/939
f 263/968/938 262/969/939 279/970/940
f 279/970/940 262/969/939 278/971/941
f 279/970/940 278/971/941 295/972/942
f 295/972/942 278/971/941 294/973/943
f 295/972/942 294/973/943 322/974/944
f 322/974/944 294/973/943 323/59/59
f 322/974/944 323/59/59 326/975/945
f 326/975/945 323/59/59 325/61/61
f 326/975/945 325/61/61 341/976/946
f 341/976/946 325/61/61 340/63/63
f 341/976/946 340/63/63 118/977/947
f 118/977/947 340/63/63 119/65/65
f 118/978/947 119/66/65 368/69/67
f 94/935/905 95/979/948 120/937/907
f 120/937/907 95/979/948 2025/939/909
f 2025/939/909 95/979/948 1996/941/911
f 1996/941/911 95/979/948 96/980/949
f 1996/941/911 96/980/949 2027/943/913
f 2027/943/913 96/980/949 2026/981/950
f 2027/943/913 2026/981/950 2043/945/915
f 2043/945/915 2026/981/950 2042/982/951
f 2043/945/915 2042/982/951 2060/947/917
f 2060/947/917 2042/982/951 2059/983/952
f 2060/947/917 2059/983/952 2077/949/919
f 2077/949/919 2059/983/952 2076/984/953
f 2077/949/919 2076/984/953 2124/951/921
f 2124/951/921 2076/984/953 2125/985/954
f 2124/951/921 2125/985/954 2095/953/923
f 2095/953/923 2125/985/954 2094/986/955
f 2095/953/923 2094/986/955 2132/955/925
f 2132/955/925 2094/986/955 2131/987/956
f 2132/955/925 2131/987/956 159/957/927
f 159/957/927 2131/987/956 160/988/957
f 159/957/927 160/988/957 170/959/929
f 170/959/929 160/988/957 169/989/958
f 170/959/929 169/989/958 190/961/931
f 190/961/931 169/989/958 189/990/959
f 190/961/931 189/990/959 209/963/933
f 209/963/933 189/990/959 208/991/960
f 209/963/933 208/991/960 227/965/935
f 227/965/935 208/991/960 226/992/961
f 227/965/935 226/992/961 245/967/937
f 245/967/937 226/992/961 244/993/962
f 245/967/937 244/993/962 262/969/939
f 262/969/939 244/993/962 261/53/53
f 262/969/939 261/53/53 278/971/941
f 278/971/941 261/53/53 277/55/55
f 278/971/941 277/55/55 294/973/943
f 294/973/943 277/55/55 293/57/57
f 294/973/943 293/57/57 323/59/59
f 96/980/949 97/994/963 2026/981/950
f 2026/981/950 97/994/963 2042/982/951
f 97/994/963 98/995/964 2042/982/951
f 2042/982/951 98/995/964 2059/983/952
f 2059/983/952 98/995/964 2058/996/965
f 2058/996/965 98/995/964 99/997/966
f 2058/996/965 99/997/966 2075/998/967
f 2075/998/967 99/997/966 2126/999/968
f 2075/998/967 2126/999/968 2125/985/954
f 2125/985/954 2126/999/968 2094/986/955
f 2126/999/968 99/997/966 2127/1000/969
f 2127/1000/969 99/997/966 100/1001/970
f 2127/1000/969 100/1001/970 2092/1002/971
f 2092/1002/971 100/1001/970 101/1003/972
f 2092/1002/971 101/1003/972 2129/1004/973
f 2129/1004/973 101/1003/972 2128/1005/974
f 2129/1004/973 2128/1005/974 162/1006/975
f 162/1006/975 2128/1005/974 163/1007/976
f 162/1006/975 163/1007/976 167/1008/977
f 167/1008/977 163/1007/976 166/1009/978
f 167/1008/977 166/1009/978 187/1010/979
f 187/1010/979 166/1009/978 186/43/43
f 187/1010/979 186/43/43 206/45/45
f 101/1003/972 102/1011/980 2128/1005/974
f 2128/1005/974 102/1011/980 163/1007/976
f 163/1007/976 102/1011/980 164/1012/981
f 164/1012/981 102/1011/980 103/37/37
f 164/1012/981 103/37/37 165/39/39
f 105/1013/982 104/1014/95 354/1015/983
f 354/1015/983 104/1016/95 339/1017/984
f 339/1017/984 104/1018/95 309/1019/985
f 309/1019/985 104/1020/95 308/1021/986
f 308/1021/986 104/1022/95 292/1023/987
f 292/1023/987 104/1024/95 276/1025/988
f 276/1025/988 104/1026/95 259/1027/989
f 259/1027/989 104/1028/95 241/1029/990
f 241/1029/990 104/1030/95 223/1031/991
f 223/1031/991 104/1032/95 204/1033/992
f 204/1033/992 104/1034/95 184/932/903
f 2110/883/857 104/1035/95 2091/1036/993
f 2091/1036/993 104/1037/95 2074/1038/994
f 2074/1038/994 104/1039/95 2057/853/828
f 2010/837/813 104/1040/95 2011/1041/995
f 2011/1041/995 104/1042/95 1995/1043/996
f 1995/1043/996 104/1044/95 1967/807/784
f 1953/791/769 104/1045/95 1926/1046/997
f 1926/1046/997 104/1047/95 1927/762/741
f 1901/745/725 104/1048/95 1887/1049/998
f 1887/1049/998 104/1050/95 1861/1051/999
f 1861/1051/999 104/1052/95 1862/1053/1000
f 1862/1053/1000 104/1054/95 1836/1055/1001
f 1836/1055/1001 104/1056/95 1837/1057/1002
f 1837/1057/1002 104/1058/95 1824/1059/1003
f 1824/1059/1003 104/1060/95 1811/1061/1004
f 1811/1061/1004 104/1062/95 1786/1063/1005
f 1786/1063/1005 104/1064/95 1785/1065/1006
f 1785/1065/1006 104/1066/95 1761/1067/1007
f 1761/1067/1007 104/1068/95 1760/1069/1008
f 1760/1069/1008 104/1070/95 1746/1071/1009
f 1746/1071/1009 104/1072/95 1719/1073/1010
f 1719/1073/1010 104/1074/95 1718/1075/1011
f 1718/1075/1011 104/1076/95 1705/1077/1012
f 1677/1078/1013 104/1079/95 1676/1080/1014
f 1676/1080/1014 104/1081/95 1662/1082/1015
f 1662/1082/1015 104/1083/95 1647/1084/1016
f 1647/1084/1016 104/1085/95 1631/1086/1017
f 1631/1086/1017 104/1087/95 1615/1088/1018
f 1615/1088/1018 104/1089/95 1582/1090/1019
f 1582/1090/1019 104/1091/95 1581/1092/1020
f 1581/1092/1020 104/1093/95 1563/1094/1021
f 1563/1094/1021 104/1095/95 1545/1096/1022
f 1545/1096/1022 104/1097/95 1526/600/581
f 1486/583/565 104/1098/95 1466/1099/1023
f 1466/1099/1023 104/1100/95 1447/553/536
f 1411/537/521 104/1101/95 1378/1102/1024
f 1378/1102/1024 104/1103/95 1379/509/494
f 1317/478/465 104/1104/95 1318/1105/1025
f 1318/1105/1025 104/1106/95 1302/450/438
f 1275/357/346 104/1107/95 1247/1108/1026
f 1247/1108/1026 104/1109/95 1248/1110/1027
f 1248/1110/1027 104/1111/95 1234/1112/1028
f 1234/1112/1028 104/1113/95 1208/1114/1029
f 1208/1114/1029 104/1115/95 1209/1116/1030
f 1209/1116/1030 104/1117/95 1183/1118/1031
f 1183/1118/1031 104/1119/95 1184/1120/1032
f 1184/1120/1032 104/1121/95 1171/1122/1033
f 1171/1122/1033 104/1123/95 1158/1124/1034
f 1158/1124/1034 104/1125/95 1133/1126/1035
f 1133/1126/1035 104/1127/95 1132/1128/1036
f 1132/1128/1036 104/1129/95 1108/1130/1037
f 1108/1130/1037 104/1131/95 1107/1132/1038
f 1107/1132/1038 104/1133/95 1095/1134/1039
f 1095/1134/1039 104/1135/95 1069/1136/1040
f 1069/1136/1040 104/1137/95 1068/1138/1041
f 1068/1138/1041 104/1139/95 1055/1140/1042
f 1055/1140/1042 104/1141/95 1028/1142/1043
f 1028/1142/1043 104/1143/95 1027/1144/1044
f 1014/1145/1045 104/1146/95 985/1147/1046
f 985/1147/1046 104/1148/95 984/1149/1047
f 984/1149/1047 104/1150/95 970/1151/1048
f 970/1151/1048 104/1152/95 954/1153/1049
f 954/1153/1049 104/1154/95 938/1155/1050
f 938/1155/1050 104/1156/95 921/1157/1051
f 921/1157/1051 104/1158/95 904/1159/1052
f 904/1159/1052 104/1160/95 886/1161/1053
f 886/1161/1053 104/1162/95 867/1163/1054
f 867/1163/1054 104/1164/95 848/1165/1055
f 848/1165/1055 104/1166/95 828/1167/1056
f 828/1167/1056 104/1168/95 808/1169/1057
f 808/1169/1057 104/1170/95 789/1171/1058
f 789/1171/1058 104/1172/95 770/1173/1059
f 770/1173/1059 104/1174/95 752/1175/1060
f 752/1175/1060 104/1176/95 735/261/251
f 688/230/222 104/1177/95 671/1178/1061
f 671/1178/1061 104/1179/95 643/202/195
f 600/171/166 104/1180/95 601/1181/1062
f 601/1181/1062 104/1182/95 586/143/139
f 536/95/93 104/1183/95 523/1184/1063
f 523/1184/1063 104/1185/95 497/1186/1064
f 497/1186/1064 104/1187/95 498/1188/1065
f 498/1188/1065 104/1189/95 484/1190/1066
f 484/1190/1066 104/1191/95 461/1192/1067
f 461/1192/1067 104/1193/95 460/1194/1068
f 460/1194/1068 104/1195/95 447/1196/1069
f 447/1196/1069 104/1197/95 422/1198/1070
f 422/1198/1070 104/1199/95 421/1200/1071
f 421/1200/1071 104/1201/95 397/1202/1072
f 397/1202/1072 104/1203/95 396/1204/1073
f 396/1204/1073 104/1205/95 382/1206/1074
f 382/1206/1074 104/1207/95 355/1208/1075
f 355/1208/1075 104/1209/95 105/1210/982
f 105/1210/982 106/1211/1076 355/1208/1075
f 355/1208/1075 106/1211/1076 356/1212/1077
f 355/1208/1075 356/1212/1077 382/1206/1074
f 382/1206/1074 356/1212/1077 381/1213/1078
f 382/1206/1074 381/1213/1078 396/1204/1073
f 396/1204/1073 381/1213/1078 395/1214/1079
f 396/1204/1073 395/1214/1079 397/1202/1072
f 397/1202/1072 395/1214/1079 398/1215/1080
f 397/1202/1072 398/1215/1080 421/1200/1071
f 421/1200/1071 398/1215/1080 420/1216/1081
f 421/1200/1071 420/1216/1081 422/1198/1070
f 422/1198/1070 420/1216/1081 423/1217/1082
f 422/1198/1070 423/1217/1082 447/1196/1069
f 447/1196/1069 423/1217/1082 446/1218/1083
f 447/1196/1069 446/1218/1083 460/1194/1068
f 460/1194/1068 446/1218/1083 459/1219/1084
f 460/1194/1068 459/1219/1084 461/1192/1067
f 461/1192/1067 459/1219/1084 462/1220/1085
f 461/1192/1067 462/1220/1085 484/1190/1066
f 484/1190/1066 462/1220/1085 483/1221/1086
f 484/1190/1066 483/1221/1086 498/1188/1065
f 498/1188/1065 483/1221/1086 499/1222/1087
f 498/1188/1065 499/1222/1087 497/1186/1064
f 497/1186/1064 499/1222/1087 496/1223/1088
f 497/1186/1064 496/1223/1088 523/1184/1063
f 523/1184/1063 496/1223/1088 522/93/91
f 523/1184/1063 522/93/91 536/95/93
f 106/1211/1076 107/1224/1089 356/1212/1077
f 356/1212/1077 107/1224/1089 357/1225/1090
f 356/1212/1077 357/1225/1090 381/1213/1078
f 381/1213/1078 357/1225/1090 380/1226/1091
f 381/1213/1078 380/1226/1091 395/1214/1079
f 395/1214/1079 380/1226/1091 394/1227/1092
f 395/1214/1079 394/1227/1092 398/1215/1080
f 398/1215/1080 394/1227/1092 399/1228/1093
f 398/1215/1080 399/1228/1093 420/1216/1081
f 420/1216/1081 399/1228/1093 419/1229/1094
f 420/1216/1081 419/1229/1094 423/1217/1082
f 423/1217/1082 419/1229/1094 424/1230/1095
f 423/1217/1082 424/1230/1095 446/1218/1083
f 446/1218/1083 424/1230/1095 445/1231/1096
f 446/1218/1083 445/1231/1096 459/1219/1084
f 459/1219/1084 445/1231/1096 458/1232/1097
f 459/1219/1084 458/1232/1097 462/1220/1085
f 462/1220/1085 458/1232/1097 463/1233/1098
f 462/1220/1085 463/1233/1098 483/1221/1086
f 483/1221/1086 463/1233/1098 482/1234/1099
f 483/1221/1086 482/1234/1099 499/1222/1087
f 499/1222/1087 482/1234/1099 500/1235/1100
f 499/1222/1087 500/1235/1100 496/1223/1088
f 496/1223/1088 500/1235/1100 495/91/89
f 496/1223/1088 495/91/89 522/93/91
f 106/1236/1076 105/1013/982 353/1237/1101
f 353/1237/1101 105/1013/982 354/1015/983
f 353/1237/1101 354/1015/983 338/1238/1102
f 338/1238/1102 354/1015/983 339/1017/984
f 338/1238/1102 339/1017/984 310/1239/1103
f 310/1239/1103 339/1017/984 309/1019/985
f 310/1239/1103 309/1019/985 307/1240/1104
f 307/1240/1104 309/1019/985 308/1021/986
f 307/1240/1104 308/1021/986 291/1241/1105
f 291/1241/1105 308/1021/986 292/1023/987
f 291/1241/1105 292/1023/987 275/1242/1106
f 275/1242/1106 292/1023/987 276/1025/988
f 275/1242/1106 276/1025/988 258/1243/1107
f 258/1243/1107 276/1025/988 259/1027/989
f 258/1243/1107 259/1027/989 240/1244/1108
f 240/1244/1108 259/1027/989 241/1029/990
f 240/1244/1108 241/1029/990 222/1245/1109
f 222/1245/1109 241/1029/990 223/1031/991
f 222/1245/1109 223/1031/991 203/1246/1110
f 203/1246/1110 223/1031/991 204/1033/992
f 203/1246/1110 204/1033/992 183/1247/1111
f 183/1247/1111 204/1033/992 184/932/903
f 183/1247/1111 184/932/903 146/931/902
f 107/1224/1089 108/1248/1112 357/1225/1090
f 357/1225/1090 108/1248/1112 358/1249/1113
f 357/1225/1090 358/1249/1113 380/1226/1091
f 380/1226/1091 358/1249/1113 379/1250/1114
f 380/1226/1091 379/1250/1114 394/1227/1092
f 394/1227/1092 379/1250/1114 393/1251/1115
f 394/1227/1092 393/1251/1115 399/1228/1093
f 399/1228/1093 393/1251/1115 400/1252/1116
f 399/1228/1093 400/1252/1116 419/1229/1094
f 419/1229/1094 400/1252/1116 418/1253/1117
f 419/1229/1094 418/1253/1117 424/1230/1095
f 424/1230/1095 418/1253/1117 425/1254/1118
f 424/1230/1095 425/1254/1118 445/1231/1096
f 445/1231/1096 425/1254/1118 444/1255/1119
f 445/1231/1096 444/1255/1119 458/1232/1097
f 458/1232/1097 444/1255/1119 457/1256/1120
f 458/1232/1097 457/1256/1120 463/1233/1098
f 463/1233/1098 457/1256/1120 464/1257/1121
f 463/1233/1098 464/1257/1121 482/1234/1099
f 482/1234/1099 464/1257/1121 481/1258/1122
f 482/1234/1099 481/1258/1122 500/1235/1100
f 500/1235/1100 481/1258/1122 501/89/87
f 500/1235/1100 501/89/87 495/91/89
f 107/1259/1089 106/1236/1076 352/1260/1123
f 352/1260/1123 106/1236/1076 353/1237/1101
f 352/1260/1123 353/1237/1101 337/1261/1124
f 337/1261/1124 353/1237/1101 338/1238/1102
f 337/1261/1124 338/1238/1102 311/1262/1125
f 311/1262/1125 338/1238/1102 310/1239/1103
f 311/1262/1125 310/1239/1103 306/1263/1126
f 306/1263/1126 310/1239/1103 307/1240/1104
f 306/1263/1126 307/1240/1104 290/1264/1127
f 290/1264/1127 307/1240/1104 291/1241/1105
f 290/1264/1127 291/1241/1105 274/1265/1128
f 274/1265/1128 291/1241/1105 275/1242/1106
f 274/1265/1128 275/1242/1106 257/1266/1129
f 257/1266/1129 275/1242/1106 258/1243/1107
f 257/1266/1129 258/1243/1107 239/1267/1130
f 239/1267/1130 258/1243/1107 240/1244/1108
f 239/1267/1130 240/1244/1108 221/1268/1131
f 221/1268/1131 240/1244/1108 222/1245/1109
f 221/1268/1131 222/1245/1109 202/1269/1132
f 202/1269/1132 222/1245/1109 203/1246/1110
f 202/1269/1132 203/1246/1110 182/1270/1133
f 182/1270/1133 203/1246/1110 183/1247/1111
f 182/1270/1133 183/1247/1111 147/1271/1134
f 147/1271/1134 183/1247/1111 146/931/902
f 147/1271/1134 146/931/902 2144/930/901
f 108/1248/1112 109/1272/1135 358/1249/1113
f 358/1249/1113 109/1272/1135 359/1273/1136
f 358/1249/1113 359/1273/1136 379/1250/1114
f 379/1250/1114 359/1273/1136 378/1274/1137
f 379/1250/1114 378/1274/1137 393/1251/1115
f 393/1251/1115 378/1274/1137 392/1275/1138
f 393/1251/1115 392/1275/1138 400/1252/1116
f 400/1252/1116 392/1275/1138 401/1276/1139
f 400/1252/1116 401/1276/1139 418/1253/1117
f 418/1253/1117 401/1276/1139 417/1277/1140
f 418/1253/1117 417/1277/1140 425/1254/1118
f 425/1254/1118 417/1277/1140 426/1278/1141
f 425/1254/1118 426/1278/1141 444/1255/1119
f 444/1255/1119 426/1278/1141 443/1279/1142
f 444/1255/1119 443/1279/1142 457/1256/1120
f 457/1256/1120 443/1279/1142 456/1280/1143
f 457/1256/1120 456/1280/1143 464/1257/1121
f 464/1257/1121 456/1280/1143 465/1281/1144
f 464/1257/1121 465/1281/1144 481/1258/1122
f 481/1258/1122 465/1281/1144 480/87/85
f 481/1258/1122 480/87/85 501/89/87
f 108/1282/1112 107/1259/1089 351/1283/1145
f 351/1283/1145 107/1259/1089 352/1260/1123
f 351/1283/1145 352/1260/1123 336/1284/1146
f 336/1284/1146 352/1260/1123 337/1261/1124
f 336/1284/1146 337/1261/1124 312/1285/1147
f 312/1285/1147 337/1261/1124 311/1262/1125
f 312/1285/1147 311/1262/1125 305/1286/1148
f 305/1286/1148 311/1262/1125 306/1263/1126
f 305/1286/1148 306/1263/1126 289/1287/1149
f 289/1287/1149 306/1263/1126 290/1264/1127
f 289/1287/1149 290/1264/1127 273/1288/1150
f 273/1288/1150 290/1264/1127 274/1265/1128
f 273/1288/1150 274/1265/1128 256/1289/1151
f 256/1289/1151 274/1265/1128 257/1266/1129
f 256/1289/1151 257/1266/1129 238/1290/1152
f 238/1290/1152 257/1266/1129 239/1267/1130
f 238/1290/1152 239/1267/1130 220/1291/1153
f 220/1291/1153 239/1267/1130 221/1268/1131
f 220/1291/1153 221/1268/1131 201/1292/1154
f 201/1292/1154 221/1268/1131 202/1269/1132
f 201/1292/1154 202/1269/1132 181/1293/1155
f 181/1293/1155 202/1269/1132 182/1270/1133
f 181/1293/1155 182/1270/1133 148/1294/1156
f 148/1294/1156 182/1270/1133 147/1271/1134
f 148/1294/1156 147/1271/1134 2143/1295/1157
f 2143/1295/1157 147/1271/1134 2144/930/901
f 2143/1295/1157 2144/930/901 2106/929/900
f 109/1272/1135 110/1296/1158 359/1273/1136
f 359/1273/1136 110/1296/1158 360/1297/1159
f 359/1273/1136 360/1297/1159 378/1274/1137
f 378/1274/1137 360/1297/1159 377/1298/1160
f 378/1274/1137 377/1298/1160 392/1275/1138
f 392/1275/1138 377/1298/1160 391/1299/1161
f 392/1275/1138 391/1299/1161 401/1276/1139
f 401/1276/1139 391/1299/1161 402/1300/1162
f 401/1276/1139 402/1300/1162 417/1277/1140
f 417/1277/1140 402/1300/1162 416/1301/1163
f 417/1277/1140 416/1301/1163 426/1278/1141
f 426/1278/1141 416/1301/1163 427/1302/1164
f 426/1278/1141 427/1302/1164 443/1279/1142
f 443/1279/1142 427/1302/1164 442/1303/1165
f 443/1279/1142 442/1303/1165 456/1280/1143
f 456/1280/1143 442/1303/1165 455/1304/1166
f 456/1280/1143 455/1304/1166 465/1281/1144
f 465/1281/1144 455/1304/1166 466/85/83
f 465/1281/1144 466/85/83 480/87/85
f 109/1305/1135 108/1282/1112 350/1306/1167
f 350/1306/1167 108/1282/1112 351/1283/1145
f 350/1306/1167 351/1283/1145 335/1307/1168
f 335/1307/1168 351/1283/1145 336/1284/1146
f 335/1307/1168 336/1284/1146 313/1308/1169
f 313/1308/1169 336/1284/1146 312/1285/1147
f 313/1308/1169 312/1285/1147 304/1309/1170
f 304/1309/1170 312/1285/1147 305/1286/1148
f 304/1309/1170 305/1286/1148 288/1310/1171
f 288/1310/1171 305/1286/1148 289/1287/1149
f 288/1310/1171 289/1287/1149 272/1311/1172
f 272/1311/1172 289/1287/1149 273/1288/1150
f 272/1311/1172 273/1288/1150 255/1312/1173
f 255/1312/1173 273/1288/1150 256/1289/1151
f 255/1312/1173 256/1289/1151 237/1313/1174
f 237/1313/1174 256/1289/1151 238/1290/1152
f 237/1313/1174 238/1290/1152 219/1314/1175
f 219/1314/1175 238/1290/1152 220/1291/1153
f 219/1314/1175 220/1291/1153 200/1315/1176
f 200/1315/1176 220/1291/1153 201/1292/1154
f 200/1315/1176 201/1292/1154 180/1316/1177
f 180/1316/1177 201/1292/1154 181/1293/1155
f 180/1316/1177 181/1293/1155 149/1317/1178
f 149/1317/1178 181/1293/1155 148/1294/1156
f 149/1317/1178 148/1294/1156 2142/1318/1179
f 2142/1318/1179 148/1294/1156 2143/1295/1157
f 2142/1318/1179 2143/1295/1157 2105/1319/1180
f 2105/1319/1180 2143/1295/1157 2106/929/900
f 2105/1319/1180 2106/929/900 2114/928/899
f 110/1296/1158 111/1320/1181 360/1297/1159
f 360/1297/1159 111/1320/1181 361/1321/1182
f 360/1297/1159 361/1321/1182 377/1298/1160
f 377/1298/1160 361/1321/1182 376/1322/1183
f 377/1298/1160 376/1322/1183 391/1299/1161
f 391/1299/1161 376/1322/1183 390/1323/1184
f 391/1299/1161 390/1323/1184 402/1300/1162
f 402/1300/1162 390/1323/1184 403/1324/1185
f 402/1300/1162 403/1324/1185 416/1301/1163
f 416/1301/1163 403/1324/1185 415/1325/1186
f 416/1301/1163 415/1325/1186 427/1302/1164
f 427/1302/1164 415/1325/1186 428/1326/1187
f 427/1302/1164 428/1326/1187 442/1303/1165
f 442/1303/1165 428/1326/1187 441/1327/1188
f 442/1303/1165 441/1327/1188 455/1304/1166
f 455/1304/1166 441/1327/1188 454/83/81
f 455/1304/1166 454/83/81 466/85/83
f 110/1328/1158 109/1305/1135 349/1329/1189
f 349/1329/1189 109/1305/1135 350/1306/1167
f 349/1329/1189 350/1306/1167 334/1330/1190
f 334/1330/1190 350/1306/1167 335/1307/1168
f 334/1330/1190 335/1307/1168 314/1331/1191
f 314/1331/1191 335/1307/1168 313/1308/1169
f 314/1331/1191 313/1308/1169 303/1332/1192
f 303/1332/1192 313/1308/1169 304/1309/1170
f 303/1332/1192 304/1309/1170 287/1333/1193
f 287/1333/1193 304/1309/1170 288/1310/1171
f 287/1333/1193 288/1310/1171 271/1334/1194
f 271/1334/1194 288/1310/1171 272/1311/1172
f 271/1334/1194 272/1311/1172 254/1335/1195
f 254/1335/1195 272/1311/1172 255/1312/1173
f 254/1335/1195 255/1312/1173 236/1336/1196
f 236/1336/1196 255/1312/1173 237/1313/1174
f 236/1336/1196 237/1313/1174 218/1337/1197
f 218/1337/1197 237/1313/1174 219/1314/1175
f 218/1337/1197 219/1314/1175 199/1338/1198
f 199/1338/1198 219/1314/1175 200/1315/1176
f 199/1338/1198 200/1315/1176 179/1339/1199
f 179/1339/1199 200/1315/1176 180/1316/1177
f 179/1339/1199 180/1316/1177 150/1340/1200
f 150/1340/1200 180/1316/1177 149/1317/1178
f 150/1340/1200 149/1317/1178 2141/1341/1201
f 2141/1341/1201 149/1317/1178 2142/1318/1179
f 2141/1341/1201 2142/1318/1179 2104/1342/1202
f 2104/1342/1202 2142/1318/1179 2105/1319/1180
f 2104/1342/1202 2105/1319/1180 2115/1343/1203
f 2115/1343/1203 2105/1319/1180 2114/928/899
f 2115/1343/1203 2114/928/899 2086/927/898
f 111/1320/1181 112/1344/1204 361/1321/1182
f 361/1321/1182 112/1344/1204 362/1345/1205
f 361/1321/1182 362/1345/1205 376/1322/1183
f 376/1322/1183 362/1345/1205 375/1346/1206
f 376/1322/1183 375/1346/1206 390/1323/1184
f 390/1323/1184 375/1346/1206 389/1347/1207
f 390/1323/1184 389/1347/1207 403/1324/1185
f 403/1324/1185 389/1347/1207 404/1348/1208
f 403/1324/1185 404/1348/1208 415/1325/1186
f 415/1325/1186 404/1348/1208 414/1349/1209
f 415/1325/1186 414/1349/1209 428/1326/1187
f 428/1326/1187 414/1349/1209 429/1350/1210
f 428/1326/1187 429/1350/1210 441/1327/1188
f 441/1327/1188 429/1350/1210 440/81/79
f 441/1327/1188 440/81/79 454/83/81
f 111/1351/1181 110/1328/1158 348/1352/1211
f 348/1352/1211 110/1328/1158 349/1329/1189
f 348/1352/1211 349/1329/1189 333/1353/1212
f 333/1353/1212 349/1329/1189 334/1330/1190
f 333/1353/1212 334/1330/1190 315/1354/1213
f 315/1354/1213 334/1330/1190 314/1331/1191
f 315/1354/1213 314/1331/1191 302/1355/1214
f 302/1355/1214 314/1331/1191 303/1332/1192
f 302/1355/1214 303/1332/1192 286/1356/1215
f 286/1356/1215 303/1332/1192 287/1333/1193
f 286/1356/1215 287/1333/1193 270/1357/1216
f 270/1357/1216 287/1333/1193 271/1334/1194
f 270/1357/1216 271/1334/1194 253/1358/1217
f 253/1358/1217 271/1334/1194 254/1335/1195
f 253/1358/1217 254/1335/1195 235/1359/1218
f 235/1359/1218 254/1335/1195 236/1336/1196
f 235/1359/1218 236/1336/1196 217/1360/1219
f 217/1360/1219 236/1336/1196 218/1337/1197
f 217/1360/1219 218/1337/1197 198/1361/1220
f 198/1361/1220 218/1337/1197 199/1338/1198
f 198/1361/1220 199/1338/1198 178/1362/1221
f 178/1362/1221 199/1338/1198 179/1339/1199
f 178/1362/1221 179/1339/1199 151/1363/1222
f 151/1363/1222 179/1339/1199 150/1340/1200
f 151/1363/1222 150/1340/1200 2140/1364/1223
f 2140/1364/1223 150/1340/1200 2141/1341/1201
f 2140/1364/1223 2141/1341/1201 2103/1365/1224
f 2103/1365/1224 2141/1341/1201 2104/1342/1202
f 2103/1365/1224 2104/1342/1202 2116/1366/1225
f 2116/1366/1225 2104/1342/1202 2115/1343/1203
f 2116/1366/1225 2115/1343/1203 2085/1367/1226
f 2085/1367/1226 2115/1343/1203 2086/927/898
f 2085/1367/1226 2086/927/898 2068/926/897
f 112/1344/1204 113/1368/1227 362/1345/1205
f 362/1345/1205 113/1368/1227 363/1369/1228
f 362/1345/1205 363/1369/1228 375/1346/1206
f 375/1346/1206 363/1369/1228 374/1370/1229
f 375/1346/1206 374/1370/1229 389/1347/1207
f 389/1347/1207 374/1370/1229 388/1371/1230
f 389/1347/1207 388/1371/1230 404/1348/1208
f 404/1348/1208 388/1371/1230 405/1372/1231
f 404/1348/1208 405/1372/1231 414/1349/1209
f 414/1349/1209 405/1372/1231 413/1373/1232
f 414/1349/1209 413/1373/1232 429/1350/1210
f 429/1350/1210 413/1373/1232 430/79/77
f 429/1350/1210 430/79/77 440/81/79
f 112/1374/1204 111/1351/1181 347/1375/1233
f 347/1375/1233 111/1351/1181 348/1352/1211
f 347/1375/1233 348/1352/1211 332/1376/1234
f 332/1376/1234 348/1352/1211 333/1353/1212
f 332/1376/1234 333/1353/1212 316/1377/1235
f 316/1377/1235 333/1353/1212 315/1354/1213
f 316/1377/1235 315/1354/1213 301/1378/1236
f 301/1378/1236 315/1354/1213 302/1355/1214
f 301/1378/1236 302/1355/1214 285/1379/1237
f 285/1379/1237 302/1355/1214 286/1356/1215
f 285/1379/1237 286/1356/1215 269/1380/1238
f 269/1380/1238 286/1356/1215 270/1357/1216
f 269/1380/1238 270/1357/1216 252/1381/1239
f 252/1381/1239 270/1357/1216 253/1358/1217
f 252/1381/1239 253/1358/1217 234/1382/1240
f 234/1382/1240 253/1358/1217 235/1359/1218
f 234/1382/1240 235/1359/1218 216/1383/1241
f 216/1383/1241 235/1359/1218 217/1360/1219
f 216/1383/1241 217/1360/1219 197/1384/1242
f 197/1384/1242 217/1360/1219 198/1361/1220
f 197/1384/1242 198/1361/1220 177/1385/1243
f 177/1385/1243 198/1361/1220 178/1362/1221
f 177/1385/1243 178/1362/1221 152/1386/1244
f 152/1386/1244 178/1362/1221 151/1363/1222
f 152/1386/1244 151/1363/1222 2139/1387/1245
f 2139/1387/1245 151/1363/1222 2140/1364/1223
f 2139/1387/1245 2140/1364/1223 2102/1388/1246
f 2102/1388/1246 2140/1364/1223 2103/1365/1224
f 2102/1388/1246 2103/1365/1224 2117/1389/1247
f 2117/1389/1247 2103/1365/1224 2116/1366/1225
f 2117/1389/1247 2116/1366/1225 2084/1390/1248
f 2084/1390/1248 2116/1366/1225 2085/1367/1226
f 2084/1390/1248 2085/1367/1226 2067/1391/1249
f 2067/1391/1249 2085/1367/1226 2068/926/897
f 2067/1391/1249 2068/926/897 2050/925/896
f 113/1368/1227 114/1392/1250 363/1369/1228
f 363/1369/1228 114/1392/1250 364/1393/1251
f 363/1369/1228 364/1393/1251 374/1370/1229
f 374/1370/1229 364/1393/1251 373/1394/1252
f 374/1370/1229 373/1394/1252 388/1371/1230
f 388/1371/1230 373/1394/1252 387/1395/1253
f 388/1371/1230 387/1395/1253 405/1372/1231
f 405/1372/1231 387/1395/1253 406/1396/1254
f 405/1372/1231 406/1396/1254 413/1373/1232
f 413/1373/1232 406/1396/1254 412/77/75
f 413/1373/1232 412/77/75 430/79/77
f 113/1397/1227 112/1374/1204 346/1398/1255
f 346/1398/1255 112/1374/1204 347/1375/1233
f 346/1398/1255 347/1375/1233 331/1399/1256
f 331/1399/1256 347/1375/1233 332/1376/1234
f 331/1399/1256 332/1376/1234 317/1400/1257
f 317/1400/1257 332/1376/1234 316/1377/1235
f 317/1400/1257 316/1377/1235 300/1401/1258
f 300/1401/1258 316/1377/1235 301/1378/1236
f 300/1401/1258 301/1378/1236 284/1402/1259
f 284/1402/1259 301/1378/1236 285/1379/1237
f 284/1402/1259 285/1379/1237 268/1403/1260
f 268/1403/1260 285/1379/1237 269/1380/1238
f 268/1403/1260 269/1380/1238 251/1404/1261
f 251/1404/1261 269/1380/1238 252/1381/1239
f 251/1404/1261 252/1381/1239 233/1405/1262
f 233/1405/1262 252/1381/1239 234/1382/1240
f 233/1405/1262 234/1382/1240 215/1406/1263
f 215/1406/1263 234/1382/1240 216/1383/1241
f 215/1406/1263 216/1383/1241 196/1407/1264
f 196/1407/1264 216/1383/1241 197/1384/1242
f 196/1407/1264 197/1384/1242 176/1408/1265
f 176/1408/1265 197/1384/1242 177/1385/1243
f 176/1408/1265 177/1385/1243 153/1409/1266
f 153/1409/1266 177/1385/1243 152/1386/1244
f 153/1409/1266 152/1386/1244 2138/1410/1267
f 2138/1410/1267 152/1386/1244 2139/1387/1245
f 2138/1410/1267 2139/1387/1245 2101/1411/1268
f 2101/1411/1268 2139/1387/1245 2102/1388/1246
f 2101/1411/1268 2102/1388/1246 2118/1412/1269
f 2118/1412/1269 2102/1388/1246 2117/1389/1247
f 2118/1412/1269 2117/1389/1247 2083/1413/1270
f 2083/1413/1270 2117/1389/1247 2084/1390/1248
f 2083/1413/1270 2084/1390/1248 2066/1414/1271
f 2066/1414/1271 2084/1390/1248 2067/1391/1249
f 2066/1414/1271 2067/1391/1249 2049/1415/1272
f 2049/1415/1272 2067/1391/1249 2050/925/896
f 2049/1415/1272 2050/925/896 2033/924/895
f 114/1392/1250 115/1416/1273 364/1393/1251
f 364/1393/1251 115/1416/1273 365/1417/1274
f 364/1393/1251 365/1417/1274 373/1394/1252
f 373/1394/1252 365/1417/1274 372/1418/1275
f 373/1394/1252 372/1418/1275 387/1395/1253
f 387/1395/1253 372/1418/1275 386/1419/1276
f 387/1395/1253 386/1419/1276 406/1396/1254
f 406/1396/1254 386/1419/1276 407/75/73
f 406/1396/1254 407/75/73 412/77/75
f 114/1420/1250 113/1397/1227 345/1421/1277
f 345/1421/1277 113/1397/1227 346/1398/1255
f 345/1421/1277 346/1398/1255 330/1422/1278
f 330/1422/1278 346/1398/1255 331/1399/1256
f 330/1422/1278 331/1399/1256 318/1423/1279
f 318/1423/1279 331/1399/1256 317/1400/1257
f 318/1423/1279 317/1400/1257 299/1424/1280
f 299/1424/1280 317/1400/1257 300/1401/1258
f 299/1424/1280 300/1401/1258 283/1425/1281
f 283/1425/1281 300/1401/1258 284/1402/1259
f 283/1425/1281 284/1402/1259 267/1426/1282
f 267/1426/1282 284/1402/1259 268/1403/1260
f 267/1426/1282 268/1403/1260 250/1427/1283
f 250/1427/1283 268/1403/1260 251/1404/1261
f 250/1427/1283 251/1404/1261 232/1428/1284
f 232/1428/1284 251/1404/1261 233/1405/1262
f 232/1428/1284 233/1405/1262 214/1429/1285
f 214/1429/1285 233/1405/1262 215/1406/1263
f 214/1429/1285 215/1406/1263 195/1430/1286
f 195/1430/1286 215/1406/1263 196/1407/1264
f 195/1430/1286 196/1407/1264 175/1431/1287
f 175/1431/1287 196/1407/1264 176/1408/1265
f 175/1431/1287 176/1408/1265 154/1432/1288
f 154/1432/1288 176/1408/1265 153/1409/1266
f 154/1432/1288 153/1409/1266 2137/1433/1289
f 2137/1433/1289 153/1409/1266 2138/1410/1267
f 2137/1433/1289 2138/1410/1267 2100/1434/1290
f 2100/1434/1290 2138/1410/1267 2101/1411/1268
f 2100/1434/1290 2101/1411/1268 2119/1435/1291
f 2119/1435/1291 2101/1411/1268 2118/1412/1269
f 2119/1435/1291 2118/1412/1269 2082/1436/1292
f 2082/1436/1292 2118/1412/1269 2083/1413/1270
f 2082/1436/1292 2083/1413/1270 2065/1437/1293
f 2065/1437/1293 2083/1413/1270 2066/1414/1271
f 2065/1437/1293 2066/1414/1271 2048/1438/1294
f 2048/1438/1294 2066/1414/1271 2049/1415/1272
f 2048/1438/1294 2049/1415/1272 2032/1439/1295
f 2032/1439/1295 2049/1415/1272 2033/924/895
f 2032/1439/1295 2033/924/895 2001/923/894
f 115/1416/1273 116/1440/1296 365/1417/1274
f 365/1417/1274 116/1440/1296 366/1441/1297
f 365/1417/1274 366/1441/1297 372/1418/1275
f 372/1418/1275 366/1441/1297 371/1442/1298
f 372/1418/1275 371/1442/1298 386/1419/1276
f 386/1419/1276 371/1442/1298 385/73/71
f 386/1419/1276 385/73/71 407/75/73
f 115/1443/1273 114/1420/1250 344/1444/1299
f 344/1444/1299 114/1420/1250 345/1421/1277
f 344/1444/1299 345/1421/1277 329/1445/1300
f 329/1445/1300 345/1421/1277 330/1422/1278
f 329/1445/1300 330/1422/1278 319/1446/1301
f 319/1446/1301 330/1422/1278 318/1423/1279
f 319/1446/1301 318/1423/1279 298/1447/1302
f 298/1447/1302 318/1423/1279 299/1424/1280
f 298/1447/1302 299/1424/1280 282/1448/1303
f 282/1448/1303 299/1424/1280 283/1425/1281
f 282/1448/1303 283/1425/1281 266/1449/1304
f 266/1449/1304 283/1425/1281 267/1426/1282
f 266/1449/1304 267/1426/1282 249/1450/1305
f 249/1450/1305 267/1426/1282 250/1427/1283
f 249/1450/1305 250/1427/1283 231/1451/1306
f 231/1451/1306 250/1427/1283 232/1428/1284
f 231/1451/1306 232/1428/1284 213/1452/1307
f 213/1452/1307 232/1428/1284 214/1429/1285
f 213/1452/1307 214/1429/1285 194/1453/1308
f 194/1453/1308 214/1429/1285 195/1430/1286
f 194/1453/1308 195/1430/1286 174/1454/1309
f 174/1454/1309 195/1430/1286 175/1431/1287
f 174/1454/1309 175/1431/1287 155/1455/1310
f 155/1455/1310 175/1431/1287 154/1432/1288
f 155/1455/1310 154/1432/1288 2136/1456/1311
f 2136/1456/1311 154/1432/1288 2137/1433/1289
f 2136/1456/1311 2137/1433/1289 2099/1457/1312
f 2099/1457/1312 2137/1433/1289 2100/1434/1290
f 2099/1457/1312 2100/1434/1290 2120/1458/1313
f 2120/1458/1313 2100/1434/1290 2119/1435/1291
f 2120/1458/1313 2119/1435/1291 2081/1459/1314
f 2081/1459/1314 2119/1435/1291 2082/1436/1292
f 2081/1459/1314 2082/1436/1292 2064/1460/1315
f 2064/1460/1315 2082/1436/1292 2065/1437/1293
f 2064/1460/1315 2065/1437/1293 2047/1461/1316
f 2047/1461/1316 2065/1437/1293 2048/1438/1294
f 2047/1461/1316 2048/1438/1294 2031/1462/1317
f 2031/1462/1317 2048/1438/1294 2032/1439/1295
f 2031/1462/1317 2032/1439/1295 2000/1463/1318
f 2000/1463/1318 2032/1439/1295 2001/923/894
f 2000/1463/1318 2001/923/894 2021/922/893
f 116/1440/1296 117/1464/1319 366/1441/1297
f 366/1441/1297 117/1464/1319 367/1465/1320
f 366/1441/1297 367/1465/1320 371/1442/1298
f 371/1442/1298 367/1465/1320 370/71/69
f 371/1442/1298 370/71/69 385/73/71
f 116/1466/1296 115/1443/1273 343/1467/1321
f 343/1467/1321 115/1443/1273 344/1444/1299
f 343/1467/1321 344/1444/1299 328/1468/1322
f 328/1468/1322 344/1444/1299 329/1445/1300
f 328/1468/1322 329/1445/1300 320/1469/1323
f 320/1469/1323 329/1445/1300 319/1446/1301
f 320/1469/1323 319/1446/1301 297/1470/1324
f 297/1470/1324 319/1446/1301 298/1447/1302
f 297/1470/1324 298/1447/1302 281/1471/1325
f 281/1471/1325 298/1447/1302 282/1448/1303
f 281/1471/1325 282/1448/1303 265/1472/1326
f 265/1472/1326 282/1448/1303 266/1449/1304
f 265/1472/1326 266/1449/1304 248/1473/1327
f 248/1473/1327 266/1449/1304 249/1450/1305
f 248/1473/1327 249/1450/1305 230/1474/1328
f 230/1474/1328 249/1450/1305 231/1451/1306
f 230/1474/1328 231/1451/1306 212/1475/1329
f 212/1475/1329 231/1451/1306 213/1452/1307
f 212/1475/1329 213/1452/1307 193/1476/1330
f 193/1476/1330 213/1452/1307 194/1453/1308
f 193/1476/1330 194/1453/1308 173/1477/1331
f 173/1477/1331 194/1453/1308 174/1454/1309
f 173/1477/1331 174/1454/1309 156/1478/1332
f 156/1478/1332 174/1454/1309 155/1455/1310
f 156/1478/1332 155/1455/1310 2135/1479/1333
f 2135/1479/1333 155/1455/1310 2136/1456/1311
f 2135/1479/1333 2136/1456/1311 2098/1480/1334
f 2098/1480/1334 2136/1456/1311 2099/1457/1312
f 2098/1480/1334 2099/1457/1312 2121/1481/1335
f 2121/1481/1335 2099/1457/1312 2120/1458/1313
f 2121/1481/1335 2120/1458/1313 2080/1482/1336
f 2080/1482/1336 2120/1458/1313 2081/1459/1314
f 2080/1482/1336 2081/1459/1314 2063/1483/1337
f 2063/1483/1337 2081/1459/1314 2064/1460/1315
f 2063/1483/1337 2064/1460/1315 2046/1484/1338
f 2046/1484/1338 2064/1460/1315 2047/1461/1316
f 2046/1484/1338 2047/1461/1316 2030/1485/1339
f 2030/1485/1339 2047/1461/1316 2031/1462/1317
f 2030/1485/1339 2031/1462/1317 1999/1486/1340
f 1999/1486/1340 2031/1462/1317 2000/1463/1318
f 1999/1486/1340 2000/1463/1318 2022/1487/1341
f 2022/1487/1341 2000/1463/1318 2021/922/893
f 2022/1487/1341 2021/922/893 1984/921/892
f 117/1464/1319 118/978/947 367/1465/1320
f 367/1465/1320 118/978/947 368/69/67
f 367/1465/1320 368/69/67 370/71/69
f 117/1488/1319 116/1466/1296 342/1489/1342
f 342/1489/1342 116/1466/1296 343/1467/1321
f 342/1489/1342 343/1467/1321 327/1490/1343
f 327/1490/1343 343/1467/1321 328/1468/1322
f 327/1490/1343 328/1468/1322 321/1491/1344
f 321/1491/1344 328/1468/1322 320/1469/1323
f 321/1491/1344 320/1469/1323 296/1492/1345
f 296/1492/1345 320/1469/1323 297/1470/1324
f 296/1492/1345 297/1470/1324 280/1493/1346
f 280/1493/1346 297/1470/1324 281/1471/1325
f 280/1493/1346 281/1471/1325 264/1494/1347
f 264/1494/1347 281/1471/1325 265/1472/1326
f 264/1494/1347 265/1472/1326 247/1495/1348
f 247/1495/1348 265/1472/1326 248/1473/1327
f 247/1495/1348 248/1473/1327 229/1496/1349
f 229/1496/1349 248/1473/1327 230/1474/1328
f 229/1496/1349 230/1474/1328 211/1497/1350
f 211/1497/1350 230/1474/1328 212/1475/1329
f 211/1497/1350 212/1475/1329 192/1498/1351
f 192/1498/1351 212/1475/1329 193/1476/1330
f 192/1498/1351 193/1476/1330 172/1499/1352
f 172/1499/1352 193/1476/1330 173/1477/1331
f 172/1499/1352 173/1477/1331 157/1500/1353
f 157/1500/1353 173/1477/1331 156/1478/1332
f 157/1500/1353 156/1478/1332 2134/1501/1354
f 2134/1501/1354 156/1478/1332 2135/1479/1333
f 2134/1501/1354 2135/1479/1333 2097/1502/1355
f 2097/1502/1355 2135/1479/1333 2098/1480/1334
f 2097/1502/1355 2098/1480/1334 2122/1503/1356
f 2122/1503/1356 2098/1480/1334 2121/1481/1335
f 2122/1503/1356 2121/1481/1335 2079/1504/1357
f 2079/1504/1357 2121/1481/1335 2080/1482/1336
f 2079/1504/1357 2080/1482/1336 2062/1505/1358
f 2062/1505/1358 2080/1482/1336 2063/1483/1337
f 2062/1505/1358 2063/1483/1337 2045/1506/1359
f 2045/1506/1359 2063/1483/1337 2046/1484/1338
f 2045/1506/1359 2046/1484/1338 2029/1507/1360
f 2029/1507/1360 2046/1484/1338 2030/1485/1339
f 2029/1507/1360 2030/1485/1339 1998/1508/1361
f 1998/1508/1361 2030/1485/1339 1999/1486/1340
f 1998/1508/1361 1999/1486/1340 2023/1509/1362
f 2023/1509/1362 1999/1486/1340 2022/1487/1341
f 2023/1509/1362 2022/1487/1341 1983/1510/1363
f 1983/1510/1363 2022/1487/1341 1984/921/892
f 1983/1510/1363 1984/921/892 1955/920/891
f 118/977/947 117/1488/1319 341/976/946
f 341/976/946 117/1488/1319 342/1489/1342
f 341/976/946 342/1489/1342 326/975/945
f 326/975/945 342/1489/1342 327/1490/1343
f 326/975/945 327/1490/1343 322/974/944
f 322/974/944 327/1490/1343 321/1491/1344
f 322/974/944 321/1491/1344 295/972/942
f 295/972/942 321/1491/1344 296/1492/1345
f 295/972/942 296/1492/1345 279/970/940
f 279/970/940 296/1492/1345 280/1493/1346
f 279/970/940 280/1493/1346 263/968/938
f 263/968/938 280/1493/1346 264/1494/1347
f 263/968/938 264/1494/1347 246/966/936
f 246/966/936 264/1494/1347 247/1495/1348
f 246/966/936 247/1495/1348 228/964/934
f 228/964/934 247/1495/1348 229/1496/1349
f 228/964/934 229/1496/1349 210/962/932
f 210/962/932 229/1496/1349 211/1497/1350
f 210/962/932 211/1497/1350 191/960/930
f 191/960/930 211/1497/1350 192/1498/1351
f 191/960/930 192/1498/1351 171/958/928
f 171/958/928 192/1498/1351 172/1499/1352
f 171/958/928 172/1499/1352 158/956/926
f 158/956/926 172/1499/1352 157/1500/1353
f 158/956/926 157/1500/1353 2133/954/924
f 2133/954/924 157/1500/1353 2134/1501/1354
f 2133/954/924 2134/1501/1354 2096/952/922
f 2096/952/922 2134/1501/1354 2097/1502/1355
f 2096/952/922 2097/1502/1355 2123/950/920
f 2123/950/920 2097/1502/1355 2122/1503/1356
f 2123/950/920 2122/1503/1356 2078/948/918
f 2078/948/918 2122/1503/1356 2079/1504/1357
f 2078/948/918 2079/1504/1357 2061/946/916
f 2061/946/916 2079/1504/1357 2062/1505/1358
f 2061/946/916 2062/1505/1358 2044/944/914
f 2044/944/914 2062/1505/1358 2045/1506/1359
f 2044/944/914 2045/1506/1359 2028/942/912
f 2028/942/912 2045/1506/1359 2029/1507/1360
f 2028/942/912 2029/1507/1360 1997/940/910
f 1997/940/910 2029/1507/1360 1998/1508/1361
f 1997/940/910 1998/1508/1361 2024/938/908
f 2024/938/908 1998/1508/1361 2023/1509/1362
f 2024/938/908 2023/1509/1362 1982/936/906
f 1982/936/906 2023/1509/1362 1983/1510/1363
f 1982/936/906 1983/1510/1363 1954/934/904
f 1954/934/904 1983/1510/1363 1955/920/891
f 1954/934/904 1955/920/891 1981/919/890
f 1705/1077/1012 104/1511/95 1677/1078/1013
f 1027/1144/1044 104/1512/95 1014/1145/1045
f 160/988/957 161/1513/1364 169/989/958
f 169/989/958 161/1513/1364 168/1514/1365
f 169/989/958 168/1514/1365 189/990/959
f 189/990/959 168/1514/1365 188/1515/1366
f 189/990/959 188/1515/1366 208/991/960
f 208/991/960 188/1515/1366 207/1516/1367
f 208/991/960 207/1516/1367 226/992/961
f 226/992/961 207/1516/1367 225/1517/1368
f 226/992/961 225/1517/1368 244/993/962
f 244/993/962 225/1517/1368 243/51/51
f 244/993/962 243/51/51 261/53/53
f 161/1513/1364 162/1006/975 168/1514/1365
f 168/1514/1365 162/1006/975 167/1008/977
f 168/1514/1365 167/1008/977 188/1515/1366
f 188/1515/1366 167/1008/977 187/1010/979
f 188/1515/1366 187/1010/979 207/1516/1367
f 207/1516/1367 187/1010/979 206/45/45
f 207/1516/1367 206/45/45 225/1517/1368
f 225/1517/1368 206/45/45 224/47/47
f 225/1517/1368 224/47/47 243/51/51
f 243/51/51 224/47/47 242/49/49
f 161/1513/1364 160/988/957 2130/1518/1369
f 2130/1518/1369 160/988/957 2131/987/956
f 2130/1518/1369 2131/987/956 2093/1519/1370
f 2093/1519/1370 2131/987/956 2094/986/955
f 2093/1519/1370 2094/986/955 2126/999/968
f 162/1006/975 161/1513/1364 2129/1004/973
f 2129/1004/973 161/1513/1364 2130/1518/1369
f 2129/1004/973 2130/1518/1369 2092/1002/971
f 2092/1002/971 2130/1518/1369 2093/1519/1370
f 2092/1002/971 2093/1519/1370 2127/1000/969
f 2127/1000/969 2093/1519/1370 2126/999/968
f 163/1007/976 164/1012/981 166/1009/978
f 166/1009/978 164/1012/981 165/39/39
f 166/1009/978 165/39/39 186/43/43
f 186/43/43 165/39/39 185/41/41
f 144/114/111 409/100/98 383/99/97
f 434/131/127 435/145/140 436/132/128
f 436/132/128 435/145/140 449/1520/1371
f 436/132/128 449/1520/1371 450/133/129
f 450/133/129 449/1520/1371 471/1521/1372
f 450/133/129 471/1521/1372 470/134/130
f 470/134/130 471/1521/1372 475/1522/1373
f 470/134/130 475/1522/1373 476/135/131
f 476/135/131 475/1522/1373 506/1523/1374
f 476/135/131 506/1523/1374 505/136/132
f 505/136/132 506/1523/1374 490/1524/1375
f 505/136/132 490/1524/1375 491/137/133
f 491/137/133 490/1524/1375 517/1525/1376
f 491/137/133 517/1525/1376 518/138/134
f 518/138/134 517/1525/1376 541/1526/1377
f 518/138/134 541/1526/1377 540/139/135
f 540/139/135 541/1526/1377 531/1527/1378
f 540/139/135 531/1527/1378 532/140/136
f 532/140/136 531/1527/1378 564/1528/1379
f 532/140/136 564/1528/1379 563/141/137
f 563/141/137 564/1528/1379 558/1529/1380
f 563/141/137 558/1529/1380 559/142/138
f 559/142/138 558/1529/1380 585/1530/1381
f 559/142/138 585/1530/1381 586/143/139
f 586/143/139 585/1530/1381 601/1181/1062
f 435/145/140 448/147/142 449/1520/1371
f 449/1520/1371 448/147/142 472/149/144
f 449/1520/1371 472/149/144 471/1521/1372
f 471/1521/1372 472/149/144 474/151/146
f 471/1521/1372 474/151/146 475/1522/1373
f 475/1522/1373 474/151/146 507/153/148
f 475/1522/1373 507/153/148 506/1523/1374
f 506/1523/1374 507/153/148 489/155/150
f 506/1523/1374 489/155/150 490/1524/1375
f 490/1524/1375 489/155/150 516/157/152
f 490/1524/1375 516/157/152 517/1525/1376
f 517/1525/1376 516/157/152 542/159/154
f 517/1525/1376 542/159/154 541/1526/1377
f 541/1526/1377 542/159/154 530/161/156
f 541/1526/1377 530/161/156 531/1527/1378
f 531/1527/1378 530/161/156 565/163/158
f 531/1527/1378 565/163/158 564/1528/1379
f 564/1528/1379 565/163/158 557/165/160
f 564/1528/1379 557/165/160 558/1529/1380
f 558/1529/1380 557/165/160 584/167/162
f 558/1529/1380 584/167/162 585/1530/1381
f 585/1530/1381 584/167/162 602/169/164
f 585/1530/1381 602/169/164 601/1181/1062
f 601/1181/1062 602/169/164 600/171/166
f 510/190/183 485/204/196 486/191/184
f 486/191/184 485/204/196 512/1531/1382
f 486/191/184 512/1531/1382 513/192/185
f 513/192/185 512/1531/1382 546/1532/1383
f 513/192/185 546/1532/1383 545/193/186
f 545/193/186 546/1532/1383 526/1533/1384
f 545/193/186 526/1533/1384 527/194/187
f 527/194/187 526/1533/1384 569/1534/1385
f 527/194/187 569/1534/1385 568/195/188
f 568/195/188 569/1534/1385 553/1535/1386
f 568/195/188 553/1535/1386 554/196/189
f 554/196/189 553/1535/1386 580/1536/1387
f 554/196/189 580/1536/1387 581/197/190
f 581/197/190 580/1536/1387 606/1537/1388
f 581/197/190 606/1537/1388 605/198/191
f 605/198/191 606/1537/1388 596/1538/1389
f 605/198/191 596/1538/1389 597/199/192
f 597/199/192 596/1538/1389 625/1539/1390
f 597/199/192 625/1539/1390 626/200/193
f 626/200/193 625/1539/1390 646/1540/1391
f 626/200/193 646/1540/1391 645/201/194
f 645/201/194 646/1540/1391 642/1541/1392
f 645/201/194 642/1541/1392 643/202/195
f 643/202/195 642/1541/1392 671/1178/1061
f 485/204/196 511/206/198 512/1531/1382
f 512/1531/1382 511/206/198 547/208/200
f 512/1531/1382 547/208/200 546/1532/1383
f 546/1532/1383 547/208/200 525/210/202
f 546/1532/1383 525/210/202 526/1533/1384
f 526/1533/1384 525/210/202 570/212/204
f 526/1533/1384 570/212/204 569/1534/1385
f 569/1534/1385 570/212/204 552/214/206
f 569/1534/1385 552/214/206 553/1535/1386
f 553/1535/1386 552/214/206 579/216/208
f 553/1535/1386 579/216/208 580/1536/1387
f 580/1536/1387 579/216/208 607/218/210
f 580/1536/1387 607/218/210 606/1537/1388
f 606/1537/1388 607/218/210 595/220/212
f 606/1537/1388 595/220/212 596/1538/1389
f 596/1538/1389 595/220/212 624/222/214
f 596/1538/1389 624/222/214 625/1539/1390
f 625/1539/1390 624/222/214 647/224/216
f 625/1539/1390 647/224/216 646/1540/1391
f 646/1540/1391 647/224/216 641/226/218
f 646/1540/1391 641/226/218 642/1541/1392
f 642/1541/1392 641/226/218 670/228/220
f 642/1541/1392 670/228/220 671/1178/1061
f 671/1178/1061 670/228/220 688/230/222
f 573/249/239 548/263/252 549/250/240
f 549/250/240 548/263/252 575/1542/1393
f 549/250/240 575/1542/1393 576/251/241
f 576/251/241 575/1542/1393 611/1543/1394
f 576/251/241 611/1543/1394 610/252/242
f 610/252/242 611/1543/1394 591/1544/1395
f 610/252/242 591/1544/1395 592/253/243
f 592/253/243 591/1544/1395 620/1545/1396
f 592/253/243 620/1545/1396 621/254/244
f 621/254/244 620/1545/1396 651/1546/1397
f 621/254/244 651/1546/1397 650/255/245
f 650/255/245 651/1546/1397 637/1547/1398
f 650/255/245 637/1547/1398 638/256/246
f 638/256/246 637/1547/1398 666/1548/1399
f 638/256/246 666/1548/1399 667/257/247
f 667/257/247 666/1548/1399 692/1549/1400
f 667/257/247 692/1549/1400 691/258/248
f 691/258/248 692/1549/1400 684/1550/1401
f 691/258/248 684/1550/1401 685/259/249
f 685/259/249 684/1550/1401 716/1551/1402
f 685/259/249 716/1551/1402 717/260/250
f 717/260/250 716/1551/1402 734/1552/1403
f 717/260/250 734/1552/1403 735/261/251
f 735/261/251 734/1552/1403 752/1175/1060
f 548/263/252 574/265/254 575/1542/1393
f 575/1542/1393 574/265/254 612/1553/1404
f 575/1542/1393 612/1553/1404 611/1543/1394
f 611/1543/1394 612/1553/1404 590/1554/1405
f 611/1543/1394 590/1554/1405 591/1544/1395
f 591/1544/1395 590/1554/1405 619/1555/1406
f 591/1544/1395 619/1555/1406 620/1545/1396
f 620/1545/1396 619/1555/1406 652/1556/1407
f 620/1545/1396 652/1556/1407 651/1546/1397
f 651/1546/1397 652/1556/1407 636/1557/1408
f 651/1546/1397 636/1557/1408 637/1547/1398
f 637/1547/1398 636/1557/1408 665/1558/1409
f 637/1547/1398 665/1558/1409 666/1548/1399
f 666/1548/1399 665/1558/1409 693/1559/1410
f 666/1548/1399 693/1559/1410 692/1549/1400
f 692/1549/1400 693/1559/1410 683/1560/1411
f 692/1549/1400 683/1560/1411 684/1550/1401
f 684/1550/1401 683/1560/1411 715/1561/1412
f 684/1550/1401 715/1561/1412 716/1551/1402
f 716/1551/1402 715/1561/1412 733/1562/1413
f 716/1551/1402 733/1562/1413 734/1552/1403
f 734/1552/1403 733/1562/1413 751/1563/1414
f 734/1552/1403 751/1563/1414 752/1175/1060
f 752/1175/1060 751/1563/1414 770/1173/1059
f 612/1553/1404 574/265/254 613/267/256
f 612/1553/1404 613/267/256 589/1564/1415
f 589/1564/1415 613/267/256 588/269/258
f 589/1564/1415 588/269/258 617/1565/1416
f 617/1565/1416 588/269/258 616/271/260
f 617/1565/1416 616/271/260 655/1566/1417
f 655/1566/1417 616/271/260 656/273/262
f 655/1566/1417 656/273/262 632/1567/1418
f 632/1567/1418 656/273/262 631/275/264
f 632/1567/1418 631/275/264 660/1568/1419
f 660/1568/1419 631/275/264 659/277/266
f 660/1568/1419 659/277/266 699/1569/1420
f 699/1569/1420 659/277/266 700/279/268
f 699/1569/1420 700/279/268 676/1570/1421
f 676/1570/1421 700/279/268 675/281/270
f 676/1570/1421 675/281/270 707/1571/1422
f 707/1571/1422 675/281/270 706/283/272
f 707/1571/1422 706/283/272 724/1572/1423
f 724/1572/1423 706/283/272 723/285/274
f 724/1572/1423 723/285/274 741/1573/1424
f 741/1573/1424 723/285/274 740/287/276
f 741/1573/1424 740/287/276 759/1574/1425
f 759/1574/1425 740/287/276 758/289/278
f 759/1574/1425 758/289/278 778/1575/1426
f 778/1575/1426 758/289/278 777/291/280
f 778/1575/1426 777/291/280 797/1576/1427
f 797/1576/1427 777/291/280 796/293/282
f 797/1576/1427 796/293/282 817/1577/1428
f 817/1577/1428 796/293/282 816/295/284
f 817/1577/1428 816/295/284 837/1578/1429
f 837/1578/1429 816/295/284 836/297/286
f 837/1578/1429 836/297/286 856/1579/1430
f 856/1579/1430 836/297/286 855/299/288
f 856/1579/1430 855/299/288 875/1580/1431
f 875/1580/1431 855/299/288 874/301/290
f 875/1580/1431 874/301/290 893/1581/1432
f 893/1581/1432 874/301/290 892/303/292
f 893/1581/1432 892/303/292 910/1582/1433
f 910/1582/1433 892/303/292 909/305/294
f 910/1582/1433 909/305/294 927/1583/1434
f 927/1583/1434 909/305/294 926/307/296
f 927/1583/1434 926/307/296 943/1584/1435
f 943/1584/1435 926/307/296 942/309/298
f 943/1584/1435 942/309/298 959/1585/1436
f 959/1585/1436 942/309/298 958/311/300
f 959/1585/1436 958/311/300 973/1586/1437
f 973/1586/1437 958/311/300 972/313/302
f 973/1586/1437 972/313/302 996/1587/1438
f 996/1587/1438 972/313/302 997/315/304
f 996/1587/1438 997/315/304 1003/1588/1439
f 1003/1588/1439 997/315/304 1002/317/306
f 1003/1588/1439 1002/317/306 1016/1589/1440
f 1016/1589/1440 1002/317/306 1015/319/308
f 1016/1589/1440 1015/319/308 1039/1590/1441
f 1039/1590/1441 1015/319/308 1040/321/310
f 1039/1590/1441 1040/321/310 1044/1591/1442
f 1044/1591/1442 1040/321/310 1043/323/312
f 1044/1591/1442 1043/323/312 1057/1592/1443
f 1057/1592/1443 1043/323/312 1056/325/314
f 1057/1592/1443 1056/325/314 1080/1593/1444
f 1080/1593/1444 1056/325/314 1081/327/316
f 1080/1593/1444 1081/327/316 1084/1594/1445
f 1084/1594/1445 1081/327/316 1083/329/318
f 1084/1594/1445 1083/329/318 1096/1595/1446
f 1096/1595/1446 1083/329/318 133/331/320
f 1096/1595/1446 133/331/320 1119/1596/1447
f 1119/1596/1447 133/331/320 1120/333/322
f 1119/1596/1447 1120/333/322 1121/335/324
f 612/1553/1404 589/1564/1415 590/1554/1405
f 590/1554/1405 589/1564/1415 618/1597/1448
f 590/1554/1405 618/1597/1448 619/1555/1406
f 619/1555/1406 618/1597/1448 653/1598/1449
f 619/1555/1406 653/1598/1449 652/1556/1407
f 652/1556/1407 653/1598/1449 635/1599/1450
f 652/1556/1407 635/1599/1450 636/1557/1408
f 636/1557/1408 635/1599/1450 664/1600/1451
f 636/1557/1408 664/1600/1451 665/1558/1409
f 665/1558/1409 664/1600/1451 694/1601/1452
f 665/1558/1409 694/1601/1452 693/1559/1410
f 693/1559/1410 694/1601/1452 682/1602/1453
f 693/1559/1410 682/1602/1453 683/1560/1411
f 683/1560/1411 682/1602/1453 714/1603/1454
f 683/1560/1411 714/1603/1454 715/1561/1412
f 715/1561/1412 714/1603/1454 732/1604/1455
f 715/1561/1412 732/1604/1455 733/1562/1413
f 733/1562/1413 732/1604/1455 750/1605/1456
f 733/1562/1413 750/1605/1456 751/1563/1414
f 751/1563/1414 750/1605/1456 769/1606/1457
f 751/1563/1414 769/1606/1457 770/1173/1059
f 770/1173/1059 769/1606/1457 789/1171/1058
f 618/1597/1448 589/1564/1415 617/1565/1416
f 618/1597/1448 617/1565/1416 654/1607/1458
f 654/1607/1458 617/1565/1416 655/1566/1417
f 654/1607/1458 655/1566/1417 633/1608/1459
f 633/1608/1459 655/1566/1417 632/1567/1418
f 633/1608/1459 632/1567/1418 661/1609/1460
f 661/1609/1460 632/1567/1418 660/1568/1419
f 661/1609/1460 660/1568/1419 698/1610/1461
f 698/1610/1461 660/1568/1419 699/1569/1420
f 698/1610/1461 699/1569/1420 677/1611/1462
f 677/1611/1462 699/1569/1420 676/1570/1421
f 677/1611/1462 676/1570/1421 708/1612/1463
f 708/1612/1463 676/1570/1421 707/1571/1422
f 708/1612/1463 707/1571/1422 725/1613/1464
f 725/1613/1464 707/1571/1422 724/1572/1423
f 725/1613/1464 724/1572/1423 742/1614/1465
f 742/1614/1465 724/1572/1423 741/1573/1424
f 742/1614/1465 741/1573/1424 760/1615/1466
f 760/1615/1466 741/1573/1424 759/1574/1425
f 760/1615/1466 759/1574/1425 779/1616/1467
f 779/1616/1467 759/1574/1425 778/1575/1426
f 779/1616/1467 778/1575/1426 798/1617/1468
f 798/1617/1468 778/1575/1426 797/1576/1427
f 798/1617/1468 797/1576/1427 818/1618/1469
f 818/1618/1469 797/1576/1427 817/1577/1428
f 818/1618/1469 817/1577/1428 838/1619/1470
f 838/1619/1470 817/1577/1428 837/1578/1429
f 838/1619/1470 837/1578/1429 857/1620/1471
f 857/1620/1471 837/1578/1429 856/1579/1430
f 857/1620/1471 856/1579/1430 876/1621/1472
f 876/1621/1472 856/1579/1430 875/1580/1431
f 876/1621/1472 875/1580/1431 894/1622/1473
f 894/1622/1473 875/1580/1431 893/1581/1432
f 894/1622/1473 893/1581/1432 911/1623/1474
f 911/1623/1474 893/1581/1432 910/1582/1433
f 911/1623/1474 910/1582/1433 928/1624/1475
f 928/1624/1475 910/1582/1433 927/1583/1434
f 928/1624/1475 927/1583/1434 944/1625/1476
f 944/1625/1476 927/1583/1434 943/1584/1435
f 944/1625/1476 943/1584/1435 960/1626/1477
f 960/1626/1477 943/1584/1435 959/1585/1436
f 960/1626/1477 959/1585/1436 974/1627/1478
f 974/1627/1478 959/1585/1436 973/1586/1437
f 974/1627/1478 973/1586/1437 995/1628/1479
f 995/1628/1479 973/1586/1437 996/1587/1438
f 995/1628/1479 996/1587/1438 1004/1629/1480
f 1004/1629/1480 996/1587/1438 1003/1588/1439
f 1004/1629/1480 1003/1588/1439 1017/1630/1481
f 1017/1630/1481 1003/1588/1439 1016/1589/1440
f 1017/1630/1481 1016/1589/1440 1038/1631/1482
f 1038/1631/1482 1016/1589/1440 1039/1590/1441
f 1038/1631/1482 1039/1590/1441 1045/1632/1483
f 1045/1632/1483 1039/1590/1441 1044/1591/1442
f 1045/1632/1483 1044/1591/1442 1058/1633/1484
f 1058/1633/1484 1044/1591/1442 1057/1592/1443
f 1058/1633/1484 1057/1592/1443 1079/1634/1485
f 1079/1634/1485 1057/1592/1443 1080/1593/1444
f 1079/1634/1485 1080/1593/1444 1085/1635/1486
f 1085/1635/1486 1080/1593/1444 1084/1594/1445
f 1085/1635/1486 1084/1594/1445 1097/1636/1487
f 1097/1636/1487 1084/1594/1445 1096/1595/1446
f 1097/1636/1487 1096/1595/1446 1118/1637/1488
f 1118/1637/1488 1096/1595/1446 1119/1596/1447
f 1118/1637/1488 1119/1596/1447 1122/1638/1489
f 1122/1638/1489 1119/1596/1447 1121/335/324
f 1122/1638/1489 1121/335/324 1143/337/326
f 658/278/267 630/276/265 629/363/351
f 633/1608/1459 634/1639/1490 654/1607/1458
f 654/1607/1458 634/1639/1490 653/1598/1449
f 654/1607/1458 653/1598/1449 618/1597/1448
f 653/1598/1449 634/1639/1490 635/1599/1450
f 635/1599/1450 634/1639/1490 663/1640/1491
f 635/1599/1450 663/1640/1491 664/1600/1451
f 664/1600/1451 663/1640/1491 695/1641/1492
f 664/1600/1451 695/1641/1492 694/1601/1452
f 694/1601/1452 695/1641/1492 681/1642/1493
f 694/1601/1452 681/1642/1493 682/1602/1453
f 682/1602/1453 681/1642/1493 713/1643/1494
f 682/1602/1453 713/1643/1494 714/1603/1454
f 714/1603/1454 713/1643/1494 731/1644/1495
f 714/1603/1454 731/1644/1495 732/1604/1455
f 732/1604/1455 731/1644/1495 749/1645/1496
f 732/1604/1455 749/1645/1496 750/1605/1456
f 750/1605/1456 749/1645/1496 768/1646/1497
f 750/1605/1456 768/1646/1497 769/1606/1457
f 769/1606/1457 768/1646/1497 788/1647/1498
f 769/1606/1457 788/1647/1498 789/1171/1058
f 789/1171/1058 788/1647/1498 808/1169/1057
f 634/1639/1490 633/1608/1459 662/1648/1499
f 662/1648/1499 633/1608/1459 661/1609/1460
f 662/1648/1499 661/1609/1460 697/1649/1500
f 697/1649/1500 661/1609/1460 698/1610/1461
f 697/1649/1500 698/1610/1461 678/1650/1501
f 678/1650/1501 698/1610/1461 677/1611/1462
f 678/1650/1501 677/1611/1462 709/1651/1502
f 709/1651/1502 677/1611/1462 708/1612/1463
f 709/1651/1502 708/1612/1463 726/1652/1503
f 726/1652/1503 708/1612/1463 725/1613/1464
f 726/1652/1503 725/1613/1464 743/1653/1504
f 743/1653/1504 725/1613/1464 742/1614/1465
f 743/1653/1504 742/1614/1465 761/1654/1505
f 761/1654/1505 742/1614/1465 760/1615/1466
f 761/1654/1505 760/1615/1466 780/1655/1506
f 780/1655/1506 760/1615/1466 779/1616/1467
f 780/1655/1506 779/1616/1467 799/1656/1507
f 799/1656/1507 779/1616/1467 798/1617/1468
f 799/1656/1507 798/1617/1468 819/1657/1508
f 819/1657/1508 798/1617/1468 818/1618/1469
f 819/1657/1508 818/1618/1469 839/1658/1509
f 839/1658/1509 818/1618/1469 838/1619/1470
f 839/1658/1509 838/1619/1470 858/1659/1510
f 858/1659/1510 838/1619/1470 857/1620/1471
f 858/1659/1510 857/1620/1471 877/1660/1511
f 877/1660/1511 857/1620/1471 876/1621/1472
f 877/1660/1511 876/1621/1472 895/1661/1512
f 895/1661/1512 876/1621/1472 894/1622/1473
f 895/1661/1512 894/1622/1473 912/1662/1513
f 912/1662/1513 894/1622/1473 911/1623/1474
f 912/1662/1513 911/1623/1474 929/1663/1514
f 929/1663/1514 911/1623/1474 928/1624/1475
f 929/1663/1514 928/1624/1475 945/1664/1515
f 945/1664/1515 928/1624/1475 944/1625/1476
f 945/1664/1515 944/1625/1476 961/1665/1516
f 961/1665/1516 944/1625/1476 960/1626/1477
f 961/1665/1516 960/1626/1477 975/1666/1517
f 975/1666/1517 960/1626/1477 974/1627/1478
f 975/1666/1517 974/1627/1478 994/1667/1518
f 994/1667/1518 974/1627/1478 995/1628/1479
f 994/1667/1518 995/1628/1479 1005/1668/1519
f 1005/1668/1519 995/1628/1479 1004/1629/1480
f 1005/1668/1519 1004/1629/1480 1018/1669/1520
f 1018/1669/1520 1004/1629/1480 1017/1630/1481
f 1018/1669/1520 1017/1630/1481 1037/1670/1521
f 1037/1670/1521 1017/1630/1481 1038/1631/1482
f 1037/1670/1521 1038/1631/1482 1046/1671/1522
f 1046/1671/1522 1038/1631/1482 1045/1632/1483
f 1046/1671/1522 1045/1632/1483 1059/1672/1523
f 1059/1672/1523 1045/1632/1483 1058/1633/1484
f 1059/1672/1523 1058/1633/1484 1078/1673/1524
f 1078/1673/1524 1058/1633/1484 1079/1634/1485
f 1078/1673/1524 1079/1634/1485 1086/1674/1525
f 1086/1674/1525 1079/1634/1485 1085/1635/1486
f 1086/1674/1525 1085/1635/1486 1098/1675/1526
f 1098/1675/1526 1085/1635/1486 1097/1636/1487
f 1098/1675/1526 1097/1636/1487 1117/1676/1527
f 1117/1676/1527 1097/1636/1487 1118/1637/1488
f 1117/1676/1527 1118/1637/1488 1123/1677/1528
f 1123/1677/1528 1118/1637/1488 1122/1638/1489
f 1123/1677/1528 1122/1638/1489 1142/1678/1529
f 1142/1678/1529 1122/1638/1489 1143/337/326
f 1142/1678/1529 1143/337/326 1149/339/328
f 701/280/269 658/278/267 137/365/353
f 137/365/353 658/278/267 629/363/351
f 634/1639/1490 662/1648/1499 663/1640/1491
f 663/1640/1491 662/1648/1499 696/1679/1530
f 663/1640/1491 696/1679/1530 695/1641/1492
f 695/1641/1492 696/1679/1530 680/1680/1531
f 695/1641/1492 680/1680/1531 681/1642/1493
f 681/1642/1493 680/1680/1531 712/1681/1532
f 681/1642/1493 712/1681/1532 713/1643/1494
f 713/1643/1494 712/1681/1532 730/1682/1533
f 713/1643/1494 730/1682/1533 731/1644/1495
f 731/1644/1495 730/1682/1533 748/1683/1534
f 731/1644/1495 748/1683/1534 749/1645/1496
f 749/1645/1496 748/1683/1534 767/1684/1535
f 749/1645/1496 767/1684/1535 768/1646/1497
f 768/1646/1497 767/1684/1535 787/1685/1536
f 768/1646/1497 787/1685/1536 788/1647/1498
f 788/1647/1498 787/1685/1536 807/1686/1537
f 788/1647/1498 807/1686/1537 808/1169/1057
f 808/1169/1057 807/1686/1537 828/1167/1056
f 696/1679/1530 662/1648/1499 697/1649/1500
f 673/368/356 672/369/357 704/1687/1538
f 704/1687/1538 672/369/357 703/371/359
f 704/1687/1538 703/371/359 721/1688/1539
f 721/1688/1539 703/371/359 720/373/361
f 721/1688/1539 720/373/361 738/1689/1540
f 738/1689/1540 720/373/361 737/375/363
f 738/1689/1540 737/375/363 756/1690/1541
f 756/1690/1541 737/375/363 755/377/365
f 756/1690/1541 755/377/365 775/1691/1542
f 775/1691/1542 755/377/365 774/379/367
f 775/1691/1542 774/379/367 794/1692/1543
f 794/1692/1543 774/379/367 793/381/369
f 794/1692/1543 793/381/369 814/1693/1544
f 814/1693/1544 793/381/369 813/383/371
f 814/1693/1544 813/383/371 834/1694/1545
f 834/1694/1545 813/383/371 833/385/373
f 834/1694/1545 833/385/373 853/1695/1546
f 853/1695/1546 833/385/373 852/387/375
f 853/1695/1546 852/387/375 872/1696/1547
f 872/1696/1547 852/387/375 871/389/377
f 872/1696/1547 871/389/377 890/1697/1548
f 890/1697/1548 871/389/377 889/391/379
f 890/1697/1548 889/391/379 907/1698/1549
f 907/1698/1549 889/391/379 906/393/381
f 907/1698/1549 906/393/381 924/1699/1550
f 924/1699/1550 906/393/381 923/395/383
f 924/1699/1550 923/395/383 940/1700/1551
f 940/1700/1551 923/395/383 939/424/412
f 940/1700/1551 939/424/412 956/428/416
f 956/428/416 939/424/412 955/426/414
f 702/367/355 674/282/271 701/280/269
f 696/1679/1530 697/1649/1500 679/1701/1552
f 679/1701/1552 697/1649/1500 678/1650/1501
f 679/1701/1552 678/1650/1501 710/1702/1553
f 710/1702/1553 678/1650/1501 709/1651/1502
f 710/1702/1553 709/1651/1502 727/1703/1554
f 727/1703/1554 709/1651/1502 726/1652/1503
f 727/1703/1554 726/1652/1503 744/1704/1555
f 744/1704/1555 726/1652/1503 743/1653/1504
f 744/1704/1555 743/1653/1504 762/1705/1556
f 762/1705/1556 743/1653/1504 761/1654/1505
f 762/1705/1556 761/1654/1505 781/1706/1557
f 781/1706/1557 761/1654/1505 780/1655/1506
f 781/1706/1557 780/1655/1506 800/1707/1558
f 800/1707/1558 780/1655/1506 799/1656/1507
f 800/1707/1558 799/1656/1507 820/1708/1559
f 820/1708/1559 799/1656/1507 819/1657/1508
f 820/1708/1559 819/1657/1508 840/1709/1560
f 840/1709/1560 819/1657/1508 839/1658/1509
f 840/1709/1560 839/1658/1509 859/1710/1561
f 859/1710/1561 839/1658/1509 858/1659/1510
f 859/1710/1561 858/1659/1510 878/1711/1562
f 878/1711/1562 858/1659/1510 877/1660/1511
f 878/1711/1562 877/1660/1511 896/1712/1563
f 896/1712/1563 877/1660/1511 895/1661/1512
f 896/1712/1563 895/1661/1512 913/1713/1564
f 913/1713/1564 895/1661/1512 912/1662/1513
f 913/1713/1564 912/1662/1513 930/1714/1565
f 930/1714/1565 912/1662/1513 929/1663/1514
f 930/1714/1565 929/1663/1514 946/1715/1566
f 946/1715/1566 929/1663/1514 945/1664/1515
f 946/1715/1566 945/1664/1515 962/1716/1567
f 962/1716/1567 945/1664/1515 961/1665/1516
f 962/1716/1567 961/1665/1516 976/1717/1568
f 976/1717/1568 961/1665/1516 975/1666/1517
f 976/1717/1568 975/1666/1517 993/1718/1569
f 993/1718/1569 975/1666/1517 994/1667/1518
f 993/1718/1569 994/1667/1518 1006/1719/1570
f 1006/1719/1570 994/1667/1518 1005/1668/1519
f 1006/1719/1570 1005/1668/1519 1019/1720/1571
f 1019/1720/1571 1005/1668/1519 1018/1669/1520
f 1019/1720/1571 1018/1669/1520 1036/1721/1572
f 1036/1721/1572 1018/1669/1520 1037/1670/1521
f 1036/1721/1572 1037/1670/1521 1047/1722/1573
f 1047/1722/1573 1037/1670/1521 1046/1671/1522
f 1047/1722/1573 1046/1671/1522 1060/1723/1574
f 1060/1723/1574 1046/1671/1522 1059/1672/1523
f 1060/1723/1574 1059/1672/1523 1077/1724/1575
f 1077/1724/1575 1059/1672/1523 1078/1673/1524
f 1077/1724/1575 1078/1673/1524 1087/1725/1576
f 1087/1725/1576 1078/1673/1524 1086/1674/1525
f 1087/1725/1576 1086/1674/1525 1099/1726/1577
f 1099/1726/1577 1086/1674/1525 1098/1675/1526
f 1099/1726/1577 1098/1675/1526 1116/1727/1578
f 1116/1727/1578 1098/1675/1526 1117/1676/1527
f 1116/1727/1578 1117/1676/1527 1124/1728/1579
f 1124/1728/1579 1117/1676/1527 1123/1677/1528
f 1124/1728/1579 1123/1677/1528 1141/1729/1580
f 1141/1729/1580 1123/1677/1528 1142/1678/1529
f 1141/1729/1580 1142/1678/1529 1150/1730/1581
f 1150/1730/1581 1142/1678/1529 1149/339/328
f 1150/1730/1581 1149/339/328 1163/341/330
f 696/1679/1530 679/1701/1552 680/1680/1531
f 680/1680/1531 679/1701/1552 711/1731/1582
f 680/1680/1531 711/1731/1582 712/1681/1532
f 712/1681/1532 711/1731/1582 729/1732/1583
f 712/1681/1532 729/1732/1583 730/1682/1533
f 730/1682/1533 729/1732/1583 747/1733/1584
f 730/1682/1533 747/1733/1584 748/1683/1534
f 748/1683/1534 747/1733/1584 766/1734/1585
f 748/1683/1534 766/1734/1585 767/1684/1535
f 767/1684/1535 766/1734/1585 786/1735/1586
f 767/1684/1535 786/1735/1586 787/1685/1536
f 787/1685/1536 786/1735/1586 806/1736/1587
f 787/1685/1536 806/1736/1587 807/1686/1537
f 807/1686/1537 806/1736/1587 827/1737/1588
f 807/1686/1537 827/1737/1588 828/1167/1056
f 828/1167/1056 827/1737/1588 848/1165/1055
f 711/1731/1582 679/1701/1552 710/1702/1553
f 137/365/353 702/367/355 701/280/269
f 722/286/275 705/284/273 704/1687/1538
f 704/1687/1538 705/284/273 673/368/356
f 722/286/275 704/1687/1538 721/1688/1539
f 711/1731/1582 710/1702/1553 728/1738/1589
f 728/1738/1589 710/1702/1553 727/1703/1554
f 728/1738/1589 727/1703/1554 745/1739/1590
f 745/1739/1590 727/1703/1554 744/1704/1555
f 745/1739/1590 744/1704/1555 763/1740/1591
f 763/1740/1591 744/1704/1555 762/1705/1556
f 763/1740/1591 762/1705/1556 782/1741/1592
f 782/1741/1592 762/1705/1556 781/1706/1557
f 782/1741/1592 781/1706/1557 801/1742/1593
f 801/1742/1593 781/1706/1557 800/1707/1558
f 801/1742/1593 800/1707/1558 821/1743/1594
f 821/1743/1594 800/1707/1558 820/1708/1559
f 821/1743/1594 820/1708/1559 841/1744/1595
f 841/1744/1595 820/1708/1559 840/1709/1560
f 841/1744/1595 840/1709/1560 860/1745/1596
f 860/1745/1596 840/1709/1560 859/1710/1561
f 860/1745/1596 859/1710/1561 879/1746/1597
f 879/1746/1597 859/1710/1561 878/1711/1562
f 879/1746/1597 878/1711/1562 897/1747/1598
f 897/1747/1598 878/1711/1562 896/1712/1563
f 897/1747/1598 896/1712/1563 914/1748/1599
f 914/1748/1599 896/1712/1563 913/1713/1564
f 914/1748/1599 913/1713/1564 931/1749/1600
f 931/1749/1600 913/1713/1564 930/1714/1565
f 931/1749/1600 930/1714/1565 947/1750/1601
f 947/1750/1601 930/1714/1565 946/1715/1566
f 947/1750/1601 946/1715/1566 963/1751/1602
f 963/1751/1602 946/1715/1566 962/1716/1567
f 963/1751/1602 962/1716/1567 977/1752/1603
f 977/1752/1603 962/1716/1567 976/1717/1568
f 977/1752/1603 976/1717/1568 992/1753/1604
f 992/1753/1604 976/1717/1568 993/1718/1569
f 992/1753/1604 993/1718/1569 1007/1754/1605
f 1007/1754/1605 993/1718/1569 1006/1719/1570
f 1007/1754/1605 1006/1719/1570 1020/1755/1606
f 1020/1755/1606 1006/1719/1570 1019/1720/1571
f 1020/1755/1606 1019/1720/1571 1035/1756/1607
f 1035/1756/1607 1019/1720/1571 1036/1721/1572
f 1035/1756/1607 1036/1721/1572 1048/1757/1608
f 1048/1757/1608 1036/1721/1572 1047/1722/1573
f 1048/1757/1608 1047/1722/1573 1061/1758/1609
f 1061/1758/1609 1047/1722/1573 1060/1723/1574
f 1061/1758/1609 1060/1723/1574 1076/1759/1610
f 1076/1759/1610 1060/1723/1574 1077/1724/1575
f 1076/1759/1610 1077/1724/1575 1088/1760/1611
f 1088/1760/1611 1077/1724/1575 1087/1725/1576
f 1088/1760/1611 1087/1725/1576 1100/1761/1612
f 1100/1761/1612 1087/1725/1576 1099/1726/1577
f 1100/1761/1612 1099/1726/1577 1115/1762/1613
f 1115/1762/1613 1099/1726/1577 1116/1727/1578
f 1115/1762/1613 1116/1727/1578 1125/1763/1614
f 1125/1763/1614 1116/1727/1578 1124/1728/1579
f 1125/1763/1614 1124/1728/1579 1140/1764/1615
f 1140/1764/1615 1124/1728/1579 1141/1729/1580
f 1140/1764/1615 1141/1729/1580 1151/1765/1616
f 1151/1765/1616 1141/1729/1580 1150/1730/1581
f 1151/1765/1616 1150/1730/1581 1164/1766/1617
f 1164/1766/1617 1150/1730/1581 1163/341/330
f 1164/1766/1617 1163/341/330 1191/343/332
f 739/288/277 722/286/275 721/1688/1539
f 739/288/277 721/1688/1539 738/1689/1540
f 711/1731/1582 728/1738/1589 729/1732/1583
f 729/1732/1583 728/1738/1589 746/1767/1618
f 729/1732/1583 746/1767/1618 747/1733/1584
f 747/1733/1584 746/1767/1618 765/1768/1619
f 747/1733/1584 765/1768/1619 766/1734/1585
f 766/1734/1585 765/1768/1619 785/1769/1620
f 766/1734/1585 785/1769/1620 786/1735/1586
f 786/1735/1586 785/1769/1620 805/1770/1621
f 786/1735/1586 805/1770/1621 806/1736/1587
f 806/1736/1587 805/1770/1621 826/1771/1622
f 806/1736/1587 826/1771/1622 827/1737/1588
f 827/1737/1588 826/1771/1622 847/1772/1623
f 827/1737/1588 847/1772/1623 848/1165/1055
f 848/1165/1055 847/1772/1623 867/1163/1054
f 746/1767/1618 728/1738/1589 745/1739/1590
f 757/290/279 739/288/277 738/1689/1540
f 757/290/279 738/1689/1540 756/1690/1541
f 746/1767/1618 745/1739/1590 764/1773/1624
f 764/1773/1624 745/1739/1590 763/1740/1591
f 764/1773/1624 763/1740/1591 783/1774/1625
f 783/1774/1625 763/1740/1591 782/1741/1592
f 783/1774/1625 782/1741/1592 802/1775/1626
f 802/1775/1626 782/1741/1592 801/1742/1593
f 802/1775/1626 801/1742/1593 822/1776/1627
f 822/1776/1627 801/1742/1593 821/1743/1594
f 822/1776/1627 821/1743/1594 842/1777/1628
f 842/1777/1628 821/1743/1594 841/1744/1595
f 842/1777/1628 841/1744/1595 861/1778/1629
f 861/1778/1629 841/1744/1595 860/1745/1596
f 861/1778/1629 860/1745/1596 880/1779/1630
f 880/1779/1630 860/1745/1596 879/1746/1597
f 880/1779/1630 879/1746/1597 898/1780/1631
f 898/1780/1631 879/1746/1597 897/1747/1598
f 898/1780/1631 897/1747/1598 915/1781/1632
f 915/1781/1632 897/1747/1598 914/1748/1599
f 915/1781/1632 914/1748/1599 932/1782/1633
f 932/1782/1633 914/1748/1599 931/1749/1600
f 932/1782/1633 931/1749/1600 948/1783/1634
f 948/1783/1634 931/1749/1600 947/1750/1601
f 948/1783/1634 947/1750/1601 964/1784/1635
f 964/1784/1635 947/1750/1601 963/1751/1602
f 964/1784/1635 963/1751/1602 978/1785/1636
f 978/1785/1636 963/1751/1602 977/1752/1603
f 978/1785/1636 977/1752/1603 991/1786/1637
f 991/1786/1637 977/1752/1603 992/1753/1604
f 991/1786/1637 992/1753/1604 1008/1787/1638
f 1008/1787/1638 992/1753/1604 1007/1754/1605
f 1008/1787/1638 1007/1754/1605 1021/1788/1639
f 1021/1788/1639 1007/1754/1605 1020/1755/1606
f 1021/1788/1639 1020/1755/1606 1034/1789/1640
f 1034/1789/1640 1020/1755/1606 1035/1756/1607
f 1034/1789/1640 1035/1756/1607 1049/1790/1641
f 1049/1790/1641 1035/1756/1607 1048/1757/1608
f 1049/1790/1641 1048/1757/1608 1062/1791/1642
f 1062/1791/1642 1048/1757/1608 1061/1758/1609
f 1062/1791/1642 1061/1758/1609 1075/1792/1643
f 1075/1792/1643 1061/1758/1609 1076/1759/1610
f 1075/1792/1643 1076/1759/1610 1089/1793/1644
f 1089/1793/1644 1076/1759/1610 1088/1760/1611
f 1089/1793/1644 1088/1760/1611 1101/1794/1645
f 1101/1794/1645 1088/1760/1611 1100/1761/1612
f 1101/1794/1645 1100/1761/1612 1114/1795/1646
f 1114/1795/1646 1100/1761/1612 1115/1762/1613
f 1114/1795/1646 1115/1762/1613 1126/1796/1647
f 1126/1796/1647 1115/1762/1613 1125/1763/1614
f 1126/1796/1647 1125/1763/1614 1139/1797/1648
f 1139/1797/1648 1125/1763/1614 1140/1764/1615
f 1139/1797/1648 1140/1764/1615 1152/1798/1649
f 1152/1798/1649 1140/1764/1615 1151/1765/1616
f 1152/1798/1649 1151/1765/1616 1165/1799/1650
f 1165/1799/1650 1151/1765/1616 1164/1766/1617
f 1165/1799/1650 1164/1766/1617 1190/1800/1651
f 1190/1800/1651 1164/1766/1617 1191/343/332
f 1190/1800/1651 1191/343/332 1177/345/334
f 776/292/281 757/290/279 756/1690/1541
f 776/292/281 756/1690/1541 775/1691/1542
f 746/1767/1618 764/1773/1624 765/1768/1619
f 765/1768/1619 764/1773/1624 784/1801/1652
f 765/1768/1619 784/1801/1652 785/1769/1620
f 785/1769/1620 784/1801/1652 804/1802/1653
f 785/1769/1620 804/1802/1653 805/1770/1621
f 805/1770/1621 804/1802/1653 825/1803/1654
f 805/1770/1621 825/1803/1654 826/1771/1622
f 826/1771/1622 825/1803/1654 846/1804/1655
f 826/1771/1622 846/1804/1655 847/1772/1623
f 847/1772/1623 846/1804/1655 866/1805/1656
f 847/1772/1623 866/1805/1656 867/1163/1054
f 867/1163/1054 866/1805/1656 886/1161/1053
f 784/1801/1652 764/1773/1624 783/1774/1625
f 795/294/283 776/292/281 775/1691/1542
f 795/294/283 775/1691/1542 794/1692/1543
f 784/1801/1652 783/1774/1625 803/1806/1657
f 803/1806/1657 783/1774/1625 802/1775/1626
f 803/1806/1657 802/1775/1626 823/1807/1658
f 823/1807/1658 802/1775/1626 822/1776/1627
f 823/1807/1658 822/1776/1627 843/1808/1659
f 843/1808/1659 822/1776/1627 842/1777/1628
f 843/1808/1659 842/1777/1628 862/1809/1660
f 862/1809/1660 842/1777/1628 861/1778/1629
f 862/1809/1660 861/1778/1629 881/1810/1661
f 881/1810/1661 861/1778/1629 880/1779/1630
f 881/1810/1661 880/1779/1630 899/1811/1662
f 899/1811/1662 880/1779/1630 898/1780/1631
f 899/1811/1662 898/1780/1631 916/1812/1663
f 916/1812/1663 898/1780/1631 915/1781/1632
f 916/1812/1663 915/1781/1632 933/1813/1664
f 933/1813/1664 915/1781/1632 932/1782/1633
f 933/1813/1664 932/1782/1633 949/1814/1665
f 949/1814/1665 932/1782/1633 948/1783/1634
f 949/1814/1665 948/1783/1634 965/1815/1666
f 965/1815/1666 948/1783/1634 964/1784/1635
f 965/1815/1666 964/1784/1635 979/1816/1667
f 979/1816/1667 964/1784/1635 978/1785/1636
f 979/1816/1667 978/1785/1636 990/1817/1668
f 990/1817/1668 978/1785/1636 991/1786/1637
f 990/1817/1668 991/1786/1637 1009/1818/1669
f 1009/1818/1669 991/1786/1637 1008/1787/1638
f 1009/1818/1669 1008/1787/1638 1022/1819/1670
f 1022/1819/1670 1008/1787/1638 1021/1788/1639
f 1022/1819/1670 1021/1788/1639 1033/1820/1671
f 1033/1820/1671 1021/1788/1639 1034/1789/1640
f 1033/1820/1671 1034/1789/1640 1050/1821/1672
f 1050/1821/1672 1034/1789/1640 1049/1790/1641
f 1050/1821/1672 1049/1790/1641 1063/1822/1673
f 1063/1822/1673 1049/1790/1641 1062/1791/1642
f 1063/1822/1673 1062/1791/1642 1074/1823/1674
f 1074/1823/1674 1062/1791/1642 1075/1792/1643
f 1074/1823/1674 1075/1792/1643 1090/1824/1675
f 1090/1824/1675 1075/1792/1643 1089/1793/1644
f 1090/1824/1675 1089/1793/1644 1102/1825/1676
f 1102/1825/1676 1089/1793/1644 1101/1794/1645
f 1102/1825/1676 1101/1794/1645 1113/1826/1677
f 1113/1826/1677 1101/1794/1645 1114/1795/1646
f 1113/1826/1677 1114/1795/1646 1127/1827/1678
f 1127/1827/1678 1114/1795/1646 1126/1796/1647
f 1127/1827/1678 1126/1796/1647 1138/1828/1679
f 1138/1828/1679 1126/1796/1647 1139/1797/1648
f 1138/1828/1679 1139/1797/1648 1153/1829/1680
f 1153/1829/1680 1139/1797/1648 1152/1798/1649
f 1153/1829/1680 1152/1798/1649 1166/1830/1681
f 1166/1830/1681 1152/1798/1649 1165/1799/1650
f 1166/1830/1681 1165/1799/1650 1189/1831/1682
f 1189/1831/1682 1165/1799/1650 1190/1800/1651
f 1189/1831/1682 1190/1800/1651 1178/1832/1683
f 1178/1832/1683 1190/1800/1651 1177/345/334
f 1178/1832/1683 1177/345/334 1214/347/336
f 811/403/391 791/404/392 790/414/402
f 815/296/285 795/294/283 794/1692/1543
f 815/296/285 794/1692/1543 814/1693/1544
f 784/1801/1652 803/1806/1657 804/1802/1653
f 804/1802/1653 803/1806/1657 824/1833/1684
f 804/1802/1653 824/1833/1684 825/1803/1654
f 825/1803/1654 824/1833/1684 845/1834/1685
f 825/1803/1654 845/1834/1685 846/1804/1655
f 846/1804/1655 845/1834/1685 865/1835/1686
f 846/1804/1655 865/1835/1686 866/1805/1656
f 866/1805/1656 865/1835/1686 885/1836/1687
f 866/1805/1656 885/1836/1687 886/1161/1053
f 886/1161/1053 885/1836/1687 904/1159/1052
f 824/1833/1684 803/1806/1657 823/1807/1658
f 811/403/391 790/414/402 810/1837/1688
f 810/1837/1688 790/414/402 809/413/401
f 810/1837/1688 809/413/401 830/417/405
f 831/402/390 811/403/391 810/1837/1688
f 831/402/390 810/1837/1688 830/417/405
f 835/298/287 815/296/285 814/1693/1544
f 835/298/287 814/1693/1544 834/1694/1545
f 824/1833/1684 823/1807/1658 844/1838/1689
f 844/1838/1689 823/1807/1658 843/1808/1659
f 844/1838/1689 843/1808/1659 863/1839/1690
f 863/1839/1690 843/1808/1659 862/1809/1660
f 863/1839/1690 862/1809/1660 882/1840/1691
f 882/1840/1691 862/1809/1660 881/1810/1661
f 882/1840/1691 881/1810/1661 900/1841/1692
f 900/1841/1692 881/1810/1661 899/1811/1662
f 900/1841/1692 899/1811/1662 917/1842/1693
f 917/1842/1693 899/1811/1662 916/1812/1663
f 917/1842/1693 916/1812/1663 934/1843/1694
f 934/1843/1694 916/1812/1663 933/1813/1664
f 934/1843/1694 933/1813/1664 950/1844/1695
f 950/1844/1695 933/1813/1664 949/1814/1665
f 950/1844/1695 949/1814/1665 966/1845/1696
f 966/1845/1696 949/1814/1665 965/1815/1666
f 966/1845/1696 965/1815/1666 980/1846/1697
f 980/1846/1697 965/1815/1666 979/1816/1667
f 980/1846/1697 979/1816/1667 989/1847/1698
f 989/1847/1698 979/1816/1667 990/1817/1668
f 989/1847/1698 990/1817/1668 1010/1848/1699
f 1010/1848/1699 990/1817/1668 1009/1818/1669
f 1010/1848/1699 1009/1818/1669 1023/1849/1700
f 1023/1849/1700 1009/1818/1669 1022/1819/1670
f 1023/1849/1700 1022/1819/1670 1032/1850/1701
f 1032/1850/1701 1022/1819/1670 1033/1820/1671
f 1032/1850/1701 1033/1820/1671 1051/1851/1702
f 1051/1851/1702 1033/1820/1671 1050/1821/1672
f 1051/1851/1702 1050/1821/1672 1064/1852/1703
f 1064/1852/1703 1050/1821/1672 1063/1822/1673
f 1064/1852/1703 1063/1822/1673 1073/1853/1704
f 1073/1853/1704 1063/1822/1673 1074/1823/1674
f 1073/1853/1704 1074/1823/1674 1091/1854/1705
f 1091/1854/1705 1074/1823/1674 1090/1824/1675
f 1091/1854/1705 1090/1824/1675 1103/1855/1706
f 1103/1855/1706 1090/1824/1675 1102/1825/1676
f 1103/1855/1706 1102/1825/1676 1112/1856/1707
f 1112/1856/1707 1102/1825/1676 1113/1826/1677
f 1112/1856/1707 1113/1826/1677 1128/1857/1708
f 1128/1857/1708 1113/1826/1677 1127/1827/1678
f 1128/1857/1708 1127/1827/1678 1137/1858/1709
f 1137/1858/1709 1127/1827/1678 1138/1828/1679
f 1137/1858/1709 1138/1828/1679 1154/1859/1710
f 1154/1859/1710 1138/1828/1679 1153/1829/1680
f 1154/1859/1710 1153/1829/1680 1167/1860/1711
f 1167/1860/1711 1153/1829/1680 1166/1830/1681
f 1167/1860/1711 1166/1830/1681 1188/1861/1712
f 1188/1861/1712 1166/1830/1681 1189/1831/1682
f 1188/1861/1712 1189/1831/1682 1179/1862/1713
f 1179/1862/1713 1189/1831/1682 1178/1832/1683
f 1179/1862/1713 1178/1832/1683 1213/1863/1714
f 1213/1863/1714 1178/1832/1683 1214/347/336
f 1213/1863/1714 1214/347/336 1204/349/338
f 850/401/389 831/402/390 830/417/405
f 854/300/289 835/298/287 834/1694/1545
f 854/300/289 834/1694/1545 853/1695/1546
f 824/1833/1684 844/1838/1689 845/1834/1685
f 845/1834/1685 844/1838/1689 864/1864/1715
f 845/1834/1685 864/1864/1715 865/1835/1686
f 865/1835/1686 864/1864/1715 884/1865/1716
f 865/1835/1686 884/1865/1716 885/1836/1687
f 885/1836/1687 884/1865/1716 903/1866/1717
f 885/1836/1687 903/1866/1717 904/1159/1052
f 904/1159/1052 903/1866/1717 921/1157/1051
f 864/1864/1715 844/1838/1689 863/1839/1690
f 873/302/291 854/300/289 853/1695/1546
f 873/302/291 853/1695/1546 872/1696/1547
f 864/1864/1715 863/1839/1690 883/1867/1718
f 883/1867/1718 863/1839/1690 882/1840/1691
f 883/1867/1718 882/1840/1691 901/1868/1719
f 901/1868/1719 882/1840/1691 900/1841/1692
f 901/1868/1719 900/1841/1692 918/1869/1720
f 918/1869/1720 900/1841/1692 917/1842/1693
f 918/1869/1720 917/1842/1693 935/1870/1721
f 935/1870/1721 917/1842/1693 934/1843/1694
f 935/1870/1721 934/1843/1694 951/1871/1722
f 951/1871/1722 934/1843/1694 950/1844/1695
f 951/1871/1722 950/1844/1695 967/1872/1723
f 967/1872/1723 950/1844/1695 966/1845/1696
f 967/1872/1723 966/1845/1696 981/1873/1724
f 981/1873/1724 966/1845/1696 980/1846/1697
f 981/1873/1724 980/1846/1697 988/1874/1725
f 988/1874/1725 980/1846/1697 989/1847/1698
f 988/1874/1725 989/1847/1698 1011/1875/1726
f 1011/1875/1726 989/1847/1698 1010/1848/1699
f 1011/1875/1726 1010/1848/1699 1024/1876/1727
f 1024/1876/1727 1010/1848/1699 1023/1849/1700
f 1024/1876/1727 1023/1849/1700 1031/1877/1728
f 1031/1877/1728 1023/1849/1700 1032/1850/1701
f 1031/1877/1728 1032/1850/1701 1052/1878/1729
f 1052/1878/1729 1032/1850/1701 1051/1851/1702
f 1052/1878/1729 1051/1851/1702 1065/1879/1730
f 1065/1879/1730 1051/1851/1702 1064/1852/1703
f 1065/1879/1730 1064/1852/1703 1072/1880/1731
f 1072/1880/1731 1064/1852/1703 1073/1853/1704
f 1072/1880/1731 1073/1853/1704 1092/1881/1732
f 1092/1881/1732 1073/1853/1704 1091/1854/1705
f 1092/1881/1732 1091/1854/1705 1104/1882/1733
f 1104/1882/1733 1091/1854/1705 1103/1855/1706
f 1104/1882/1733 1103/1855/1706 1111/1883/1734
f 1111/1883/1734 1103/1855/1706 1112/1856/1707
f 1111/1883/1734 1112/1856/1707 1129/1884/1735
f 1129/1884/1735 1112/1856/1707 1128/1857/1708
f 1129/1884/1735 1128/1857/1708 1136/1885/1736
f 1136/1885/1736 1128/1857/1708 1137/1858/1709
f 1136/1885/1736 1137/1858/1709 1155/1886/1737
f 1155/1886/1737 1137/1858/1709 1154/1859/1710
f 1155/1886/1737 1154/1859/1710 1168/1887/1738
f 1168/1887/1738 1154/1859/1710 1167/1860/1711
f 1168/1887/1738 1167/1860/1711 1187/1888/1739
f 1187/1888/1739 1167/1860/1711 1188/1861/1712
f 1187/1888/1739 1188/1861/1712 1180/1889/1740
f 1180/1889/1740 1188/1861/1712 1179/1862/1713
f 1180/1889/1740 1179/1862/1713 1212/1890/1741
f 1212/1890/1741 1179/1862/1713 1213/1863/1714
f 1212/1890/1741 1213/1863/1714 1205/1891/1742
f 1205/1891/1742 1213/1863/1714 1204/349/338
f 1205/1891/1742 1204/349/338 1231/351/340
f 891/304/293 873/302/291 872/1696/1547
f 891/304/293 872/1696/1547 890/1697/1548
f 864/1864/1715 883/1867/1718 884/1865/1716
f 884/1865/1716 883/1867/1718 902/1892/1743
f 884/1865/1716 902/1892/1743 903/1866/1717
f 903/1866/1717 902/1892/1743 920/1893/1744
f 903/1866/1717 920/1893/1744 921/1157/1051
f 921/1157/1051 920/1893/1744 938/1155/1050
f 902/1892/1743 883/1867/1718 901/1868/1719
f 908/306/295 891/304/293 890/1697/1548
f 908/306/295 890/1697/1548 907/1698/1549
f 902/1892/1743 901/1868/1719 919/1894/1745
f 919/1894/1745 901/1868/1719 918/1869/1720
f 919/1894/1745 918/1869/1720 936/1895/1746
f 936/1895/1746 918/1869/1720 935/1870/1721
f 936/1895/1746 935/1870/1721 952/1896/1747
f 952/1896/1747 935/1870/1721 951/1871/1722
f 952/1896/1747 951/1871/1722 968/1897/1748
f 968/1897/1748 951/1871/1722 967/1872/1723
f 968/1897/1748 967/1872/1723 982/1898/1749
f 982/1898/1749 967/1872/1723 981/1873/1724
f 982/1898/1749 981/1873/1724 987/1899/1750
f 987/1899/1750 981/1873/1724 988/1874/1725
f 987/1899/1750 988/1874/1725 1012/1900/1751
f 1012/1900/1751 988/1874/1725 1011/1875/1726
f 1012/1900/1751 1011/1875/1726 1025/1901/1752
f 1025/1901/1752 1011/1875/1726 1024/1876/1727
f 1025/1901/1752 1024/1876/1727 1030/1902/1753
f 1030/1902/1753 1024/1876/1727 1031/1877/1728
f 1030/1902/1753 1031/1877/1728 1053/1903/1754
f 1053/1903/1754 1031/1877/1728 1052/1878/1729
f 1053/1903/1754 1052/1878/1729 1066/1904/1755
f 1066/1904/1755 1052/1878/1729 1065/1879/1730
f 1066/1904/1755 1065/1879/1730 1071/1905/1756
f 1071/1905/1756 1065/1879/1730 1072/1880/1731
f 1071/1905/1756 1072/1880/1731 1093/1906/1757
f 1093/1906/1757 1072/1880/1731 1092/1881/1732
f 1093/1906/1757 1092/1881/1732 1105/1907/1758
f 1105/1907/1758 1092/1881/1732 1104/1882/1733
f 1105/1907/1758 1104/1882/1733 1110/1908/1759
f 1110/1908/1759 1104/1882/1733 1111/1883/1734
f 1110/1908/1759 1111/1883/1734 1130/1909/1760
f 1130/1909/1760 1111/1883/1734 1129/1884/1735
f 1130/1909/1760 1129/1884/1735 1135/1910/1761
f 1135/1910/1761 1129/1884/1735 1136/1885/1736
f 1135/1910/1761 1136/1885/1736 1156/1911/1762
f 1156/1911/1762 1136/1885/1736 1155/1886/1737
f 1156/1911/1762 1155/1886/1737 1169/1912/1763
f 1169/1912/1763 1155/1886/1737 1168/1887/1738
f 1169/1912/1763 1168/1887/1738 1186/1913/1764
f 1186/1913/1764 1168/1887/1738 1187/1888/1739
f 1186/1913/1764 1187/1888/1739 1181/1914/1765
f 1181/1914/1765 1187/1888/1739 1180/1889/1740
f 1181/1914/1765 1180/1889/1740 1211/1915/1766
f 1211/1915/1766 1180/1889/1740 1212/1890/1741
f 1211/1915/1766 1212/1890/1741 1206/1916/1767
f 1206/1916/1767 1212/1890/1741 1205/1891/1742
f 1206/1916/1767 1205/1891/1742 1232/1917/1768
f 1232/1917/1768 1205/1891/1742 1231/351/340
f 1232/1917/1768 1231/351/340 1250/353/342
f 925/308/297 908/306/295 907/1698/1549
f 925/308/297 907/1698/1549 924/1699/1550
f 902/1892/1743 919/1894/1745 920/1893/1744
f 920/1893/1744 919/1894/1745 937/1918/1769
f 920/1893/1744 937/1918/1769 938/1155/1050
f 938/1155/1050 937/1918/1769 954/1153/1049
f 937/1918/1769 919/1894/1745 936/1895/1746
f 941/310/299 925/308/297 924/1699/1550
f 941/310/299 924/1699/1550 940/1700/1551
f 937/1918/1769 936/1895/1746 953/1919/1770
f 953/1919/1770 936/1895/1746 952/1896/1747
f 953/1919/1770 952/1896/1747 969/1920/1771
f 969/1920/1771 952/1896/1747 968/1897/1748
f 969/1920/1771 968/1897/1748 983/1921/1772
f 983/1921/1772 968/1897/1748 982/1898/1749
f 983/1921/1772 982/1898/1749 986/1922/1773
f 986/1922/1773 982/1898/1749 987/1899/1750
f 986/1922/1773 987/1899/1750 1013/1923/1774
f 1013/1923/1774 987/1899/1750 1012/1900/1751
f 1013/1923/1774 1012/1900/1751 1026/1924/1775
f 1026/1924/1775 1012/1900/1751 1025/1901/1752
f 1026/1924/1775 1025/1901/1752 1029/1925/1776
f 1029/1925/1776 1025/1901/1752 1030/1902/1753
f 1029/1925/1776 1030/1902/1753 1054/1926/1777
f 1054/1926/1777 1030/1902/1753 1053/1903/1754
f 1054/1926/1777 1053/1903/1754 1067/1927/1778
f 1067/1927/1778 1053/1903/1754 1066/1904/1755
f 1067/1927/1778 1066/1904/1755 1070/1928/1779
f 1070/1928/1779 1066/1904/1755 1071/1905/1756
f 1070/1928/1779 1071/1905/1756 1094/1929/1780
f 1094/1929/1780 1071/1905/1756 1093/1906/1757
f 1094/1929/1780 1093/1906/1757 1106/1930/1781
f 1106/1930/1781 1093/1906/1757 1105/1907/1758
f 1106/1930/1781 1105/1907/1758 1109/1931/1782
f 1109/1931/1782 1105/1907/1758 1110/1908/1759
f 1109/1931/1782 1110/1908/1759 1131/1932/1783
f 1131/1932/1783 1110/1908/1759 1130/1909/1760
f 1131/1932/1783 1130/1909/1760 1134/1933/1784
f 1134/1933/1784 1130/1909/1760 1135/1910/1761
f 1134/1933/1784 1135/1910/1761 1157/1934/1785
f 1157/1934/1785 1135/1910/1761 1156/1911/1762
f 1157/1934/1785 1156/1911/1762 1170/1935/1786
f 1170/1935/1786 1156/1911/1762 1169/1912/1763
f 1170/1935/1786 1169/1912/1763 1185/1936/1787
f 1185/1936/1787 1169/1912/1763 1186/1913/1764
f 1185/1936/1787 1186/1913/1764 1182/1937/1788
f 1182/1937/1788 1186/1913/1764 1181/1914/1765
f 1182/1937/1788 1181/1914/1765 1210/1938/1789
f 1210/1938/1789 1181/1914/1765 1211/1915/1766
f 1210/1938/1789 1211/1915/1766 1207/1939/1790
f 1207/1939/1790 1211/1915/1766 1206/1916/1767
f 1207/1939/1790 1206/1916/1767 1233/1940/1791
f 1233/1940/1791 1206/1916/1767 1232/1917/1768
f 1233/1940/1791 1232/1917/1768 1249/1941/1792
f 1249/1941/1792 1232/1917/1768 1250/353/342
f 1249/1941/1792 1250/353/342 1246/355/344
f 957/312/301 941/310/299 940/1700/1551
f 957/312/301 940/1700/1551 956/428/416
f 970/1151/1048 954/1153/1049 953/1919/1770
f 953/1919/1770 954/1153/1049 937/1918/1769
f 970/1151/1048 953/1919/1770 969/1920/1771
f 971/314/303 957/312/301 956/428/416
f 984/1149/1047 970/1151/1048 969/1920/1771
f 984/1149/1047 969/1920/1771 983/1921/1772
f 985/1147/1046 984/1149/1047 983/1921/1772
f 985/1147/1046 983/1921/1772 986/1922/1773
f 985/1147/1046 986/1922/1773 1014/1145/1045
f 1014/1145/1045 986/1922/1773 1013/1923/1774
f 1014/1145/1045 1013/1923/1774 1027/1144/1044
f 1027/1144/1044 1013/1923/1774 1026/1924/1775
f 1027/1144/1044 1026/1924/1775 1028/1142/1043
f 1028/1142/1043 1026/1924/1775 1029/1925/1776
f 1028/1142/1043 1029/1925/1776 1055/1140/1042
f 1055/1140/1042 1029/1925/1776 1054/1926/1777
f 1055/1140/1042 1054/1926/1777 1068/1138/1041
f 1068/1138/1041 1054/1926/1777 1067/1927/1778
f 1068/1138/1041 1067/1927/1778 1069/1136/1040
f 1069/1136/1040 1067/1927/1778 1070/1928/1779
f 1069/1136/1040 1070/1928/1779 1095/1134/1039
f 1095/1134/1039 1070/1928/1779 1094/1929/1780
f 1095/1134/1039 1094/1929/1780 1107/1132/1038
f 1107/1132/1038 1094/1929/1780 1106/1930/1781
f 1107/1132/1038 1106/1930/1781 1108/1130/1037
f 1108/1130/1037 1106/1930/1781 1109/1931/1782
f 1108/1130/1037 1109/1931/1782 1132/1128/1036
f 1132/1128/1036 1109/1931/1782 1131/1932/1783
f 1132/1128/1036 1131/1932/1783 1133/1126/1035
f 1133/1126/1035 1131/1932/1783 1134/1933/1784
f 1133/1126/1035 1134/1933/1784 1158/1124/1034
f 1158/1124/1034 1134/1933/1784 1157/1934/1785
f 1158/1124/1034 1157/1934/1785 1171/1122/1033
f 1171/1122/1033 1157/1934/1785 1170/1935/1786
f 1171/1122/1033 1170/1935/1786 1184/1120/1032
f 1184/1120/1032 1170/1935/1786 1185/1936/1787
f 1184/1120/1032 1185/1936/1787 1183/1118/1031
f 1183/1118/1031 1185/1936/1787 1182/1937/1788
f 1183/1118/1031 1182/1937/1788 1209/1116/1030
f 1209/1116/1030 1182/1937/1788 1210/1938/1789
f 1209/1116/1030 1210/1938/1789 1208/1114/1029
f 1208/1114/1029 1210/1938/1789 1207/1939/1790
f 1208/1114/1029 1207/1939/1790 1234/1112/1028
f 1234/1112/1028 1207/1939/1790 1233/1940/1791
f 1234/1112/1028 1233/1940/1791 1248/1110/1027
f 1248/1110/1027 1233/1940/1791 1249/1941/1792
f 1248/1110/1027 1249/1941/1792 1247/1108/1026
f 1247/1108/1026 1249/1941/1792 1246/355/344
f 1247/1108/1026 1246/355/344 1275/357/346
f 1000/432/420 1001/318/307 999/431/419
f 1145/438/426 1146/452/439 1147/439/427
f 1147/439/427 1146/452/439 1160/1942/1793
f 1147/439/427 1160/1942/1793 1161/440/428
f 1161/440/428 1160/1942/1793 1194/1943/1794
f 1161/440/428 1194/1943/1794 1193/441/429
f 1193/441/429 1194/1943/1794 1174/1944/1795
f 1193/441/429 1174/1944/1795 1175/442/430
f 1175/442/430 1174/1944/1795 1217/1945/1796
f 1175/442/430 1217/1945/1796 1216/443/431
f 1216/443/431 1217/1945/1796 1201/1946/1797
f 1216/443/431 1201/1946/1797 1202/444/432
f 1202/444/432 1201/1946/1797 1228/1947/1798
f 1202/444/432 1228/1947/1798 1229/445/433
f 1229/445/433 1228/1947/1798 1253/1948/1799
f 1229/445/433 1253/1948/1799 1252/446/434
f 1252/446/434 1253/1948/1799 1243/1949/1800
f 1252/446/434 1243/1949/1800 1244/447/435
f 1244/447/435 1243/1949/1800 1278/1950/1801
f 1244/447/435 1278/1950/1801 1277/448/436
f 1277/448/436 1278/1950/1801 1272/1951/1802
f 1277/448/436 1272/1951/1802 1273/449/437
f 1273/449/437 1272/1951/1802 1301/1952/1803
f 1273/449/437 1301/1952/1803 1302/450/438
f 1302/450/438 1301/1952/1803 1318/1105/1025
f 1146/452/439 1159/454/441 1160/1942/1793
f 1160/1942/1793 1159/454/441 1195/456/443
f 1160/1942/1793 1195/456/443 1194/1943/1794
f 1194/1943/1794 1195/456/443 1173/458/445
f 1194/1943/1794 1173/458/445 1174/1944/1795
f 1174/1944/1795 1173/458/445 1218/460/447
f 1174/1944/1795 1218/460/447 1217/1945/1796
f 1217/1945/1796 1218/460/447 1200/462/449
f 1217/1945/1796 1200/462/449 1201/1946/1797
f 1201/1946/1797 1200/462/449 1227/464/451
f 1201/1946/1797 1227/464/451 1228/1947/1798
f 1228/1947/1798 1227/464/451 1254/466/453
f 1228/1947/1798 1254/466/453 1253/1948/1799
f 1253/1948/1799 1254/466/453 1242/468/455
f 1253/1948/1799 1242/468/455 1243/1949/1800
f 1243/1949/1800 1242/468/455 1279/470/457
f 1243/1949/1800 1279/470/457 1278/1950/1801
f 1278/1950/1801 1279/470/457 1271/472/459
f 1278/1950/1801 1271/472/459 1272/1951/1802
f 1272/1951/1802 1271/472/459 1300/474/461
f 1272/1951/1802 1300/474/461 1301/1952/1803
f 1301/1952/1803 1300/474/461 1319/476/463
f 1301/1952/1803 1319/476/463 1318/1105/1025
f 1318/1105/1025 1319/476/463 1317/478/465
f 1221/497/482 1196/511/495 1197/498/483
f 1197/498/483 1196/511/495 1223/1953/1804
f 1197/498/483 1223/1953/1804 1224/499/484
f 1224/499/484 1223/1953/1804 1258/1954/1805
f 1224/499/484 1258/1954/1805 1257/500/485
f 1257/500/485 1258/1954/1805 1238/1955/1806
f 1257/500/485 1238/1955/1806 1239/501/486
f 1239/501/486 1238/1955/1806 1283/1956/1807
f 1239/501/486 1283/1956/1807 1282/502/487
f 1282/502/487 1283/1956/1807 1267/1957/1808
f 1282/502/487 1267/1957/1808 1268/503/488
f 1268/503/488 1267/1957/1808 1296/1958/1809
f 1268/503/488 1296/1958/1809 1297/504/489
f 1297/504/489 1296/1958/1809 1323/1959/1810
f 1297/504/489 1323/1959/1810 1322/505/490
f 1322/505/490 1323/1959/1810 1313/1960/1811
f 1322/505/490 1313/1960/1811 1314/506/491
f 1314/506/491 1313/1960/1811 1344/1961/1812
f 1314/506/491 1344/1961/1812 1345/507/492
f 1345/507/492 1344/1961/1812 1360/1962/1813
f 1345/507/492 1360/1962/1813 1361/508/493
f 1361/508/493 1360/1962/1813 1380/1963/1814
f 1361/508/493 1380/1963/1814 1379/509/494
f 1379/509/494 1380/1963/1814 1378/1102/1024
f 1196/511/495 1222/513/497 1223/1953/1804
f 1223/1953/1804 1222/513/497 1259/515/499
f 1223/1953/1804 1259/515/499 1258/1954/1805
f 1258/1954/1805 1259/515/499 1237/517/501
f 1258/1954/1805 1237/517/501 1238/1955/1806
f 1238/1955/1806 1237/517/501 1284/519/503
f 1238/1955/1806 1284/519/503 1283/1956/1807
f 1283/1956/1807 1284/519/503 1266/521/505
f 1283/1956/1807 1266/521/505 1267/1957/1808
f 1267/1957/1808 1266/521/505 1295/523/507
f 1267/1957/1808 1295/523/507 1296/1958/1809
f 1296/1958/1809 1295/523/507 1324/525/509
f 1296/1958/1809 1324/525/509 1323/1959/1810
f 1323/1959/1810 1324/525/509 1312/527/511
f 1323/1959/1810 1312/527/511 1313/1960/1811
f 1313/1960/1811 1312/527/511 1343/529/513
f 1313/1960/1811 1343/529/513 1344/1961/1812
f 1344/1961/1812 1343/529/513 1359/531/515
f 1344/1961/1812 1359/531/515 1360/1962/1813
f 1360/1962/1813 1359/531/515 1381/533/517
f 1360/1962/1813 1381/533/517 1380/1963/1814
f 1380/1963/1814 1381/533/517 1377/535/519
f 1380/1963/1814 1377/535/519 1378/1102/1024
f 1378/1102/1024 1377/535/519 1411/537/521
f 1235/541/524 129/555/537 1287/1964/1815
f 1287/1964/1815 129/555/537 1288/557/539
f 1287/1964/1815 1288/557/539 1262/559/541
f 1262/559/541 1263/1965/1816 1287/1964/1815
f 1287/1964/1815 1263/1965/1816 1286/542/525
f 1287/1964/1815 1286/542/525 1235/541/524
f 1286/542/525 1263/1965/1816 1264/543/526
f 1264/543/526 1263/1965/1816 1292/1966/1817
f 1264/543/526 1292/1966/1817 1293/544/527
f 1293/544/527 1292/1966/1817 1327/1967/1818
f 1293/544/527 1327/1967/1818 1326/545/528
f 1326/545/528 1327/1967/1818 1309/1968/1819
f 1326/545/528 1309/1968/1819 1310/546/529
f 1310/546/529 1309/1968/1819 1340/1969/1820
f 1310/546/529 1340/1969/1820 1341/547/530
f 1341/547/530 1340/1969/1820 1356/1970/1821
f 1341/547/530 1356/1970/1821 1357/548/531
f 1357/548/531 1356/1970/1821 1384/1971/1822
f 1357/548/531 1384/1971/1822 1383/549/532
f 1383/549/532 1384/1971/1822 1374/1972/1823
f 1383/549/532 1374/1972/1823 1375/550/533
f 1375/550/533 1374/1972/1823 1408/1973/1824
f 1375/550/533 1408/1973/1824 1409/551/534
f 1409/551/534 1408/1973/1824 1427/1974/1825
f 1409/551/534 1427/1974/1825 1428/552/535
f 1428/552/535 1427/1974/1825 1446/1975/1826
f 1428/552/535 1446/1975/1826 1447/553/536
f 1447/553/536 1446/1975/1826 1466/1099/1023
f 1292/1966/1817 1263/1965/1816 1291/561/543
f 1291/561/543 1263/1965/1816 1262/559/541
f 1327/1967/1818 1292/1966/1817 1328/563/545
f 1328/563/545 1292/1966/1817 1291/561/543
f 1330/588/569 1331/714/694 1305/1976/1827
f 1305/1976/1827 1331/714/694 1304/713/693
f 1305/1976/1827 1304/713/693 1335/1977/1828
f 1335/1977/1828 1304/713/693 1334/712/692
f 1335/1977/1828 1334/712/692 1350/1978/1829
f 1350/1978/1829 1334/712/692 1349/711/691
f 1350/1978/1829 1349/711/691 1391/1979/1830
f 1391/1979/1830 1349/711/691 1392/710/690
f 1391/1979/1830 1392/710/690 1366/1980/1831
f 1366/1980/1831 1392/710/690 1365/709/689
f 1366/1980/1831 1365/709/689 1399/1981/1832
f 1399/1981/1832 1365/709/689 1398/708/688
f 1399/1981/1832 1398/708/688 1417/1982/1833
f 1417/1982/1833 1398/708/688 1416/707/687
f 1417/1982/1833 1416/707/687 1435/1983/1834
f 1435/1983/1834 1416/707/687 1434/706/686
f 1435/1983/1834 1434/706/686 1454/1984/1835
f 1454/1984/1835 1434/706/686 1453/705/685
f 1454/1984/1835 1453/705/685 1474/1985/1836
f 1474/1985/1836 1453/705/685 1473/704/684
f 1474/1985/1836 1473/704/684 1494/1986/1837
f 1494/1986/1837 1473/704/684 1493/703/683
f 1494/1986/1837 1493/703/683 1514/1987/1838
f 1514/1987/1838 1493/703/683 1513/702/682
f 1514/1987/1838 1513/702/682 1533/1988/1839
f 1533/1988/1839 1513/702/682 1532/701/681
f 1533/1988/1839 1532/701/681 1551/1989/1840
f 1551/1989/1840 1532/701/681 1550/700/680
f 1551/1989/1840 1550/700/680 1569/1990/1841
f 1569/1990/1841 1550/700/680 1568/699/679
f 1569/1990/1841 1568/699/679 1594/1991/1842
f 1594/1991/1842 1568/699/679 1595/698/678
f 1594/1991/1842 1595/698/678 1603/1992/1843
f 1603/1992/1843 1595/698/678 1602/697/677
f 1603/1992/1843 1602/697/677 1619/1993/1844
f 1619/1993/1844 1602/697/677 1618/696/676
f 1619/1993/1844 1618/696/676 1635/1994/1845
f 1635/1994/1845 1618/696/676 1634/695/675
f 1635/1994/1845 1634/695/675 1650/1995/1846
f 1650/1995/1846 1634/695/675 1649/694/674
f 1650/1995/1846 1649/694/674 1664/1996/1847
f 1664/1996/1847 1649/694/674 1663/693/673
f 1664/1996/1847 1663/693/673 1689/1997/1848
f 1689/1997/1848 1663/693/673 1690/692/672
f 1689/1997/1848 1690/692/672 1693/1998/1849
f 1693/1998/1849 1690/692/672 1692/715/695
f 1693/1998/1849 1692/715/695 1706/1999/1850
f 1706/1999/1850 1692/715/695 126/717/697
f 1706/1999/1850 126/717/697 1731/2000/1851
f 1731/2000/1851 126/717/697 1732/719/699
f 1731/2000/1851 1732/719/699 1734/721/701
f 1330/588/569 1305/1976/1827 1306/589/570
f 1306/589/570 1305/1976/1827 1336/2001/1852
f 1306/589/570 1336/2001/1852 1337/590/571
f 1337/590/571 1336/2001/1852 1352/2002/1853
f 1337/590/571 1352/2002/1853 1353/591/572
f 1353/591/572 1352/2002/1853 1388/2003/1854
f 1353/591/572 1388/2003/1854 1387/592/573
f 1387/592/573 1388/2003/1854 1370/2004/1855
f 1387/592/573 1370/2004/1855 1371/593/574
f 1371/593/574 1370/2004/1855 1404/2005/1856
f 1371/593/574 1404/2005/1856 1405/594/575
f 1405/594/575 1404/2005/1856 1423/2006/1857
f 1405/594/575 1423/2006/1857 1424/595/576
f 1424/595/576 1423/2006/1857 1442/2007/1858
f 1424/595/576 1442/2007/1858 1443/596/577
f 1443/596/577 1442/2007/1858 1462/2008/1859
f 1443/596/577 1462/2008/1859 1463/597/578
f 1463/597/578 1462/2008/1859 1483/2009/1860
f 1463/597/578 1483/2009/1860 1484/598/579
f 1484/598/579 1483/2009/1860 1504/2010/1861
f 1484/598/579 1504/2010/1861 1505/599/580
f 1505/599/580 1504/2010/1861 1525/2011/1862
f 1505/599/580 1525/2011/1862 1526/600/581
f 1526/600/581 1525/2011/1862 1545/1096/1022
f 1336/2001/1852 1305/1976/1827 1335/1977/1828
f 1327/1967/1818 1328/563/545 1308/565/547
f 1327/1967/1818 1308/565/547 1309/1968/1819
f 1309/1968/1819 1308/565/547 1339/567/549
f 1309/1968/1819 1339/567/549 1340/1969/1820
f 1340/1969/1820 1339/567/549 1355/569/551
f 1340/1969/1820 1355/569/551 1356/1970/1821
f 1356/1970/1821 1355/569/551 1385/571/553
f 1356/1970/1821 1385/571/553 1384/1971/1822
f 1384/1971/1822 1385/571/553 1373/573/555
f 1384/1971/1822 1373/573/555 1374/1972/1823
f 1374/1972/1823 1373/573/555 1407/575/557
f 1374/1972/1823 1407/575/557 1408/1973/1824
f 1408/1973/1824 1407/575/557 1426/577/559
f 1408/1973/1824 1426/577/559 1427/1974/1825
f 1427/1974/1825 1426/577/559 1445/579/561
f 1427/1974/1825 1445/579/561 1446/1975/1826
f 1446/1975/1826 1445/579/561 1465/581/563
f 1446/1975/1826 1465/581/563 1466/1099/1023
f 1466/1099/1023 1465/581/563 1486/583/565
f 1336/2001/1852 1335/1977/1828 1351/2012/1863
f 1351/2012/1863 1335/1977/1828 1350/1978/1829
f 1351/2012/1863 1350/1978/1829 1390/2013/1864
f 1390/2013/1864 1350/1978/1829 1391/1979/1830
f 1390/2013/1864 1391/1979/1830 1367/2014/1865
f 1367/2014/1865 1391/1979/1830 1366/1980/1831
f 1367/2014/1865 1366/1980/1831 1400/2015/1866
f 1400/2015/1866 1366/1980/1831 1399/1981/1832
f 1400/2015/1866 1399/1981/1832 1418/2016/1867
f 1418/2016/1867 1399/1981/1832 1417/1982/1833
f 1418/2016/1867 1417/1982/1833 1436/2017/1868
f 1436/2017/1868 1417/1982/1833 1435/1983/1834
f 1436/2017/1868 1435/1983/1834 1455/2018/1869
f 1455/2018/1869 1435/1983/1834 1454/1984/1835
f 1455/2018/1869 1454/1984/1835 1475/2019/1870
f 1475/2019/1870 1454/1984/1835 1474/1985/1836
f 1475/2019/1870 1474/1985/1836 1495/2020/1871
f 1495/2020/1871 1474/1985/1836 1494/1986/1837
f 1495/2020/1871 1494/1986/1837 1515/2021/1872
f 1515/2021/1872 1494/1986/1837 1514/1987/1838
f 1515/2021/1872 1514/1987/1838 1534/2022/1873
f 1534/2022/1873 1514/1987/1838 1533/1988/1839
f 1534/2022/1873 1533/1988/1839 1552/2023/1874
f 1552/2023/1874 1533/1988/1839 1551/1989/1840
f 1552/2023/1874 1551/1989/1840 1570/2024/1875
f 1570/2024/1875 1551/1989/1840 1569/1990/1841
f 1570/2024/1875 1569/1990/1841 1593/2025/1876
f 1593/2025/1876 1569/1990/1841 1594/1991/1842
f 1593/2025/1876 1594/1991/1842 1604/2026/1877
f 1604/2026/1877 1594/1991/1842 1603/1992/1843
f 1604/2026/1877 1603/1992/1843 1620/2027/1878
f 1620/2027/1878 1603/1992/1843 1619/1993/1844
f 1620/2027/1878 1619/1993/1844 1636/2028/1879
f 1636/2028/1879 1619/1993/1844 1635/1994/1845
f 1636/2028/1879 1635/1994/1845 1651/2029/1880
f 1651/2029/1880 1635/1994/1845 1650/1995/1846
f 1651/2029/1880 1650/1995/1846 1665/2030/1881
f 1665/2030/1881 1650/1995/1846 1664/1996/1847
f 1665/2030/1881 1664/1996/1847 1688/2031/1882
f 1688/2031/1882 1664/1996/1847 1689/1997/1848
f 1688/2031/1882 1689/1997/1848 1694/2032/1883
f 1694/2032/1883 1689/1997/1848 1693/1998/1849
f 1694/2032/1883 1693/1998/1849 1707/2033/1884
f 1707/2033/1884 1693/1998/1849 1706/1999/1850
f 1707/2033/1884 1706/1999/1850 1730/2034/1885
f 1730/2034/1885 1706/1999/1850 1731/2000/1851
f 1730/2034/1885 1731/2000/1851 1735/2035/1886
f 1735/2035/1886 1731/2000/1851 1734/721/701
f 1735/2035/1886 1734/721/701 1749/723/703
f 1336/2001/1852 1351/2012/1863 1352/2002/1853
f 1352/2002/1853 1351/2012/1863 1389/2036/1887
f 1352/2002/1853 1389/2036/1887 1388/2003/1854
f 1388/2003/1854 1389/2036/1887 1369/2037/1888
f 1388/2003/1854 1369/2037/1888 1370/2004/1855
f 1370/2004/1855 1369/2037/1888 1403/2038/1889
f 1370/2004/1855 1403/2038/1889 1404/2005/1856
f 1404/2005/1856 1403/2038/1889 1422/2039/1890
f 1404/2005/1856 1422/2039/1890 1423/2006/1857
f 1423/2006/1857 1422/2039/1890 1441/2040/1891
f 1423/2006/1857 1441/2040/1891 1442/2007/1858
f 1442/2007/1858 1441/2040/1891 1461/2041/1892
f 1442/2007/1858 1461/2041/1892 1462/2008/1859
f 1462/2008/1859 1461/2041/1892 1482/2042/1893
f 1462/2008/1859 1482/2042/1893 1483/2009/1860
f 1483/2009/1860 1482/2042/1893 1503/2043/1894
f 1483/2009/1860 1503/2043/1894 1504/2010/1861
f 1504/2010/1861 1503/2043/1894 1524/2044/1895
f 1504/2010/1861 1524/2044/1895 1525/2011/1862
f 1525/2011/1862 1524/2044/1895 1544/2045/1896
f 1525/2011/1862 1544/2045/1896 1545/1096/1022
f 1545/1096/1022 1544/2045/1896 1563/1094/1021
f 1389/2036/1887 1351/2012/1863 1390/2013/1864
f 1389/2036/1887 1390/2013/1864 1368/2046/1897
f 1368/2046/1897 1390/2013/1864 1367/2014/1865
f 1368/2046/1897 1367/2014/1865 1401/2047/1898
f 1401/2047/1898 1367/2014/1865 1400/2015/1866
f 1401/2047/1898 1400/2015/1866 1419/2048/1899
f 1419/2048/1899 1400/2015/1866 1418/2016/1867
f 1419/2048/1899 1418/2016/1867 1437/2049/1900
f 1437/2049/1900 1418/2016/1867 1436/2017/1868
f 1437/2049/1900 1436/2017/1868 1456/2050/1901
f 1456/2050/1901 1436/2017/1868 1455/2018/1869
f 1456/2050/1901 1455/2018/1869 1476/2051/1902
f 1476/2051/1902 1455/2018/1869 1475/2019/1870
f 1476/2051/1902 1475/2019/1870 1496/2052/1903
f 1496/2052/1903 1475/2019/1870 1495/2020/1871
f 1496/2052/1903 1495/2020/1871 1516/2053/1904
f 1516/2053/1904 1495/2020/1871 1515/2021/1872
f 1516/2053/1904 1515/2021/1872 1535/2054/1905
f 1535/2054/1905 1515/2021/1872 1534/2022/1873
f 1535/2054/1905 1534/2022/1873 1553/2055/1906
f 1553/2055/1906 1534/2022/1873 1552/2023/1874
f 1553/2055/1906 1552/2023/1874 1571/2056/1907
f 1571/2056/1907 1552/2023/1874 1570/2024/1875
f 1571/2056/1907 1570/2024/1875 1592/2057/1908
f 1592/2057/1908 1570/2024/1875 1593/2025/1876
f 1592/2057/1908 1593/2025/1876 1605/2058/1909
f 1605/2058/1909 1593/2025/1876 1604/2026/1877
f 1605/2058/1909 1604/2026/1877 1621/2059/1910
f 1621/2059/1910 1604/2026/1877 1620/2027/1878
f 1621/2059/1910 1620/2027/1878 1637/2060/1911
f 1637/2060/1911 1620/2027/1878 1636/2028/1879
f 1637/2060/1911 1636/2028/1879 1652/2061/1912
f 1652/2061/1912 1636/2028/1879 1651/2029/1880
f 1652/2061/1912 1651/2029/1880 1666/2062/1913
f 1666/2062/1913 1651/2029/1880 1665/2030/1881
f 1666/2062/1913 1665/2030/1881 1687/2063/1914
f 1687/2063/1914 1665/2030/1881 1688/2031/1882
f 1687/2063/1914 1688/2031/1882 1695/2064/1915
f 1695/2064/1915 1688/2031/1882 1694/2032/1883
f 1695/2064/1915 1694/2032/1883 1708/2065/1916
f 1708/2065/1916 1694/2032/1883 1707/2033/1884
f 1708/2065/1916 1707/2033/1884 1729/2066/1917
f 1729/2066/1917 1707/2033/1884 1730/2034/1885
f 1729/2066/1917 1730/2034/1885 1736/2067/1918
f 1736/2067/1918 1730/2034/1885 1735/2035/1886
f 1736/2067/1918 1735/2035/1886 1750/2068/1919
f 1750/2068/1919 1735/2035/1886 1749/723/703
f 1750/2068/1919 1749/723/703 1771/725/705
f 1389/2036/1887 1368/2046/1897 1369/2037/1888
f 1369/2037/1888 1368/2046/1897 1402/2069/1920
f 1369/2037/1888 1402/2069/1920 1403/2038/1889
f 1403/2038/1889 1402/2069/1920 1421/2070/1921
f 1403/2038/1889 1421/2070/1921 1422/2039/1890
f 1422/2039/1890 1421/2070/1921 1440/2071/1922
f 1422/2039/1890 1440/2071/1922 1441/2040/1891
f 1441/2040/1891 1440/2071/1922 1460/2072/1923
f 1441/2040/1891 1460/2072/1923 1461/2041/1892
f 1461/2041/1892 1460/2072/1923 1481/2073/1924
f 1461/2041/1892 1481/2073/1924 1482/2042/1893
f 1482/2042/1893 1481/2073/1924 1502/2074/1925
f 1482/2042/1893 1502/2074/1925 1503/2043/1894
f 1503/2043/1894 1502/2074/1925 1523/2075/1926
f 1503/2043/1894 1523/2075/1926 1524/2044/1895
f 1524/2044/1895 1523/2075/1926 1543/2076/1927
f 1524/2044/1895 1543/2076/1927 1544/2045/1896
f 1544/2045/1896 1543/2076/1927 1562/2077/1928
f 1544/2045/1896 1562/2077/1928 1563/1094/1021
f 1563/1094/1021 1562/2077/1928 1581/1092/1020
f 1402/2069/1920 1368/2046/1897 1401/2047/1898
f 1402/2069/1920 1401/2047/1898 1420/2078/1929
f 1420/2078/1929 1401/2047/1898 1419/2048/1899
f 1420/2078/1929 1419/2048/1899 1438/2079/1930
f 1438/2079/1930 1419/2048/1899 1437/2049/1900
f 1438/2079/1930 1437/2049/1900 1457/2080/1931
f 1457/2080/1931 1437/2049/1900 1456/2050/1901
f 1457/2080/1931 1456/2050/1901 1477/2081/1932
f 1477/2081/1932 1456/2050/1901 1476/2051/1902
f 1477/2081/1932 1476/2051/1902 1497/2082/1933
f 1497/2082/1933 1476/2051/1902 1496/2052/1903
f 1497/2082/1933 1496/2052/1903 1517/2083/1934
f 1517/2083/1934 1496/2052/1903 1516/2053/1904
f 1517/2083/1934 1516/2053/1904 1536/2084/1935
f 1536/2084/1935 1516/2053/1904 1535/2054/1905
f 1536/2084/1935 1535/2054/1905 1554/2085/1936
f 1554/2085/1936 1535/2054/1905 1553/2055/1906
f 1554/2085/1936 1553/2055/1906 1572/2086/1937
f 1572/2086/1937 1553/2055/1906 1571/2056/1907
f 1572/2086/1937 1571/2056/1907 1591/2087/1938
f 1591/2087/1938 1571/2056/1907 1592/2057/1908
f 1591/2087/1938 1592/2057/1908 1606/2088/1939
f 1606/2088/1939 1592/2057/1908 1605/2058/1909
f 1606/2088/1939 1605/2058/1909 1622/2089/1940
f 1622/2089/1940 1605/2058/1909 1621/2059/1910
f 1622/2089/1940 1621/2059/1910 1638/2090/1941
f 1638/2090/1941 1621/2059/1910 1637/2060/1911
f 1638/2090/1941 1637/2060/1911 1653/2091/1942
f 1653/2091/1942 1637/2060/1911 1652/2061/1912
f 1653/2091/1942 1652/2061/1912 1667/2092/1943
f 1667/2092/1943 1652/2061/1912 1666/2062/1913
f 1667/2092/1943 1666/2062/1913 1686/2093/1944
f 1686/2093/1944 1666/2062/1913 1687/2063/1914
f 1686/2093/1944 1687/2063/1914 1696/2094/1945
f 1696/2094/1945 1687/2063/1914 1695/2064/1915
f 1696/2094/1945 1695/2064/1915 1709/2095/1946
f 1709/2095/1946 1695/2064/1915 1708/2065/1916
f 1709/2095/1946 1708/2065/1916 1728/2096/1947
f 1728/2096/1947 1708/2065/1916 1729/2066/1917
f 1728/2096/1947 1729/2066/1917 1737/2097/1948
f 1737/2097/1948 1729/2066/1917 1736/2067/1918
f 1737/2097/1948 1736/2067/1918 1751/2098/1949
f 1751/2098/1949 1736/2067/1918 1750/2068/1919
f 1751/2098/1949 1750/2068/1919 1770/2099/1950
f 1770/2099/1950 1750/2068/1919 1771/725/705
f 1770/2099/1950 1771/725/705 1776/727/707
f 1431/653/633 1413/654/634 1412/659/639
f 1402/2069/1920 1420/2078/1929 1421/2070/1921
f 1421/2070/1921 1420/2078/1929 1439/2100/1951
f 1421/2070/1921 1439/2100/1951 1440/2071/1922
f 1440/2071/1922 1439/2100/1951 1459/2101/1952
f 1440/2071/1922 1459/2101/1952 1460/2072/1923
f 1460/2072/1923 1459/2101/1952 1480/2102/1953
f 1460/2072/1923 1480/2102/1953 1481/2073/1924
f 1481/2073/1924 1480/2102/1953 1501/2103/1954
f 1481/2073/1924 1501/2103/1954 1502/2074/1925
f 1502/2074/1925 1501/2103/1954 1522/2104/1955
f 1502/2074/1925 1522/2104/1955 1523/2075/1926
f 1523/2075/1926 1522/2104/1955 1542/2105/1956
f 1523/2075/1926 1542/2105/1956 1543/2076/1927
f 1543/2076/1927 1542/2105/1956 1561/2106/1957
f 1543/2076/1927 1561/2106/1957 1562/2077/1928
f 1562/2077/1928 1561/2106/1957 1580/2107/1958
f 1562/2077/1928 1580/2107/1958 1581/1092/1020
f 1581/1092/1020 1580/2107/1958 1582/1090/1019
f 1439/2100/1951 1420/2078/1929 1438/2079/1930
f 1450/652/632 1431/653/633 1430/661/641
f 1430/661/641 1431/653/633 1412/659/639
f 1439/2100/1951 1438/2079/1930 1458/2108/1959
f 1458/2108/1959 1438/2079/1930 1457/2080/1931
f 1458/2108/1959 1457/2080/1931 1478/2109/1960
f 1478/2109/1960 1457/2080/1931 1477/2081/1932
f 1478/2109/1960 1477/2081/1932 1498/2110/1961
f 1498/2110/1961 1477/2081/1932 1497/2082/1933
f 1498/2110/1961 1497/2082/1933 1518/2111/1962
f 1518/2111/1962 1497/2082/1933 1517/2083/1934
f 1518/2111/1962 1517/2083/1934 1537/2112/1963
f 1537/2112/1963 1517/2083/1934 1536/2084/1935
f 1537/2112/1963 1536/2084/1935 1555/2113/1964
f 1555/2113/1964 1536/2084/1935 1554/2085/1936
f 1555/2113/1964 1554/2085/1936 1573/2114/1965
f 1573/2114/1965 1554/2085/1936 1572/2086/1937
f 1573/2114/1965 1572/2086/1937 1590/2115/1966
f 1590/2115/1966 1572/2086/1937 1591/2087/1938
f 1590/2115/1966 1591/2087/1938 1607/2116/1967
f 1607/2116/1967 1591/2087/1938 1606/2088/1939
f 1607/2116/1967 1606/2088/1939 1623/2117/1968
f 1623/2117/1968 1606/2088/1939 1622/2089/1940
f 1623/2117/1968 1622/2089/1940 1639/2118/1969
f 1639/2118/1969 1622/2089/1940 1638/2090/1941
f 1639/2118/1969 1638/2090/1941 1654/2119/1970
f 1654/2119/1970 1638/2090/1941 1653/2091/1942
f 1654/2119/1970 1653/2091/1942 1668/2120/1971
f 1668/2120/1971 1653/2091/1942 1667/2092/1943
f 1668/2120/1971 1667/2092/1943 1685/2121/1972
f 1685/2121/1972 1667/2092/1943 1686/2093/1944
f 1685/2121/1972 1686/2093/1944 1697/2122/1973
f 1697/2122/1973 1686/2093/1944 1696/2094/1945
f 1697/2122/1973 1696/2094/1945 1710/2123/1974
f 1710/2123/1974 1696/2094/1945 1709/2095/1946
f 1710/2123/1974 1709/2095/1946 1727/2124/1975
f 1727/2124/1975 1709/2095/1946 1728/2096/1947
f 1727/2124/1975 1728/2096/1947 1738/2125/1976
f 1738/2125/1976 1728/2096/1947 1737/2097/1948
f 1738/2125/1976 1737/2097/1948 1752/2126/1977
f 1752/2126/1977 1737/2097/1948 1751/2098/1949
f 1752/2126/1977 1751/2098/1949 1769/2127/1978
f 1769/2127/1978 1751/2098/1949 1770/2099/1950
f 1769/2127/1978 1770/2099/1950 1777/2128/1979
f 1777/2128/1979 1770/2099/1950 1776/727/707
f 1777/2128/1979 1776/727/707 1794/729/709
f 1470/651/631 1450/652/632 1449/663/643
f 1449/663/643 1450/652/632 1430/661/641
f 1470/651/631 1449/663/643 1469/665/645
f 1439/2100/1951 1458/2108/1959 1459/2101/1952
f 1459/2101/1952 1458/2108/1959 1479/2129/1980
f 1459/2101/1952 1479/2129/1980 1480/2102/1953
f 1480/2102/1953 1479/2129/1980 1500/2130/1981
f 1480/2102/1953 1500/2130/1981 1501/2103/1954
f 1501/2103/1954 1500/2130/1981 1521/2131/1982
f 1501/2103/1954 1521/2131/1982 1522/2104/1955
f 1522/2104/1955 1521/2131/1982 1541/2132/1983
f 1522/2104/1955 1541/2132/1983 1542/2105/1956
f 1542/2105/1956 1541/2132/1983 1560/2133/1984
f 1542/2105/1956 1560/2133/1984 1561/2106/1957
f 1561/2106/1957 1560/2133/1984 1579/2134/1985
f 1561/2106/1957 1579/2134/1985 1580/2107/1958
f 1580/2107/1958 1579/2134/1985 1583/2135/1986
f 1580/2107/1958 1583/2135/1986 1582/1090/1019
f 1582/1090/1019 1583/2135/1986 1615/1088/1018
f 1479/2129/1980 1458/2108/1959 1478/2109/1960
f 1488/668/648 1468/666/646 1467/680/660
f 1490/650/630 1470/651/631 1469/665/645
f 1490/650/630 1469/665/645 1489/667/647
f 1479/2129/1980 1478/2109/1960 1499/2136/1987
f 1499/2136/1987 1478/2109/1960 1498/2110/1961
f 1499/2136/1987 1498/2110/1961 1519/2137/1988
f 1519/2137/1988 1498/2110/1961 1518/2111/1962
f 1519/2137/1988 1518/2111/1962 1538/2138/1989
f 1538/2138/1989 1518/2111/1962 1537/2112/1963
f 1538/2138/1989 1537/2112/1963 1556/2139/1990
f 1556/2139/1990 1537/2112/1963 1555/2113/1964
f 1556/2139/1990 1555/2113/1964 1574/2140/1991
f 1574/2140/1991 1555/2113/1964 1573/2114/1965
f 1574/2140/1991 1573/2114/1965 1589/2141/1992
f 1589/2141/1992 1573/2114/1965 1590/2115/1966
f 1589/2141/1992 1590/2115/1966 1608/2142/1993
f 1608/2142/1993 1590/2115/1966 1607/2116/1967
f 1608/2142/1993 1607/2116/1967 1624/2143/1994
f 1624/2143/1994 1607/2116/1967 1623/2117/1968
f 1624/2143/1994 1623/2117/1968 1640/2144/1995
f 1640/2144/1995 1623/2117/1968 1639/2118/1969
f 1640/2144/1995 1639/2118/1969 1655/2145/1996
f 1655/2145/1996 1639/2118/1969 1654/2119/1970
f 1655/2145/1996 1654/2119/1970 1669/2146/1997
f 1669/2146/1997 1654/2119/1970 1668/2120/1971
f 1669/2146/1997 1668/2120/1971 1684/2147/1998
f 1684/2147/1998 1668/2120/1971 1685/2121/1972
f 1684/2147/1998 1685/2121/1972 1698/2148/1999
f 1698/2148/1999 1685/2121/1972 1697/2122/1973
f 1698/2148/1999 1697/2122/1973 1711/2149/2000
f 1711/2149/2000 1697/2122/1973 1710/2123/1974
f 1711/2149/2000 1710/2123/1974 1726/2150/2001
f 1726/2150/2001 1710/2123/1974 1727/2124/1975
f 1726/2150/2001 1727/2124/1975 1739/2151/2002
f 1739/2151/2002 1727/2124/1975 1738/2125/1976
f 1739/2151/2002 1738/2125/1976 1753/2152/2003
f 1753/2152/2003 1738/2125/1976 1752/2126/1977
f 1753/2152/2003 1752/2126/1977 1768/2153/2004
f 1768/2153/2004 1752/2126/1977 1769/2127/1978
f 1768/2153/2004 1769/2127/1978 1778/2154/2005
f 1778/2154/2005 1769/2127/1978 1777/2128/1979
f 1778/2154/2005 1777/2128/1979 1793/2155/2006
f 1793/2155/2006 1777/2128/1979 1794/729/709
f 1793/2155/2006 1794/729/709 1804/731/711
f 1508/670/650 1488/668/648 1487/676/656
f 1487/676/656 1488/668/648 1467/680/660
f 1510/649/629 1490/650/630 1489/667/647
f 1510/649/629 1489/667/647 1509/669/649
f 1479/2129/1980 1499/2136/1987 1500/2130/1981
f 1500/2130/1981 1499/2136/1987 1520/2156/2007
f 1500/2130/1981 1520/2156/2007 1521/2131/1982
f 1521/2131/1982 1520/2156/2007 1540/2157/2008
f 1521/2131/1982 1540/2157/2008 1541/2132/1983
f 1541/2132/1983 1540/2157/2008 1559/2158/2009
f 1541/2132/1983 1559/2158/2009 1560/2133/1984
f 1560/2133/1984 1559/2158/2009 1578/2159/2010
f 1560/2133/1984 1578/2159/2010 1579/2134/1985
f 1579/2134/1985 1578/2159/2010 1584/2160/2011
f 1579/2134/1985 1584/2160/2011 1583/2135/1986
f 1583/2135/1986 1584/2160/2011 1614/2161/2012
f 1583/2135/1986 1614/2161/2012 1615/1088/1018
f 1615/1088/1018 1614/2161/2012 1631/1086/1017
f 1520/2156/2007 1499/2136/1987 1519/2137/1988
f 1529/648/628 1510/649/629 1509/669/649
f 1529/648/628 1509/669/649 1528/671/651
f 1520/2156/2007 1519/2137/1988 1539/2162/2013
f 1539/2162/2013 1519/2137/1988 1538/2138/1989
f 1539/2162/2013 1538/2138/1989 1557/2163/2014
f 1557/2163/2014 1538/2138/1989 1556/2139/1990
f 1557/2163/2014 1556/2139/1990 1575/2164/2015
f 1575/2164/2015 1556/2139/1990 1574/2140/1991
f 1575/2164/2015 1574/2140/1991 1588/2165/2016
f 1588/2165/2016 1574/2140/1991 1589/2141/1992
f 1588/2165/2016 1589/2141/1992 1609/2166/2017
f 1609/2166/2017 1589/2141/1992 1608/2142/1993
f 1609/2166/2017 1608/2142/1993 1625/2167/2018
f 1625/2167/2018 1608/2142/1993 1624/2143/1994
f 1625/2167/2018 1624/2143/1994 1641/2168/2019
f 1641/2168/2019 1624/2143/1994 1640/2144/1995
f 1641/2168/2019 1640/2144/1995 1656/2169/2020
f 1656/2169/2020 1640/2144/1995 1655/2145/1996
f 1656/2169/2020 1655/2145/1996 1670/2170/2021
f 1670/2170/2021 1655/2145/1996 1669/2146/1997
f 1670/2170/2021 1669/2146/1997 1683/2171/2022
f 1683/2171/2022 1669/2146/1997 1684/2147/1998
f 1683/2171/2022 1684/2147/1998 1699/2172/2023
f 1699/2172/2023 1684/2147/1998 1698/2148/1999
f 1699/2172/2023 1698/2148/1999 1712/2173/2024
f 1712/2173/2024 1698/2148/1999 1711/2149/2000
f 1712/2173/2024 1711/2149/2000 1725/2174/2025
f 1725/2174/2025 1711/2149/2000 1726/2150/2001
f 1725/2174/2025 1726/2150/2001 1740/2175/2026
f 1740/2175/2026 1726/2150/2001 1739/2151/2002
f 1740/2175/2026 1739/2151/2002 1754/2176/2027
f 1754/2176/2027 1739/2151/2002 1753/2152/2003
f 1754/2176/2027 1753/2152/2003 1767/2177/2028
f 1767/2177/2028 1753/2152/2003 1768/2153/2004
f 1767/2177/2028 1768/2153/2004 1779/2178/2029
f 1779/2178/2029 1768/2153/2004 1778/2154/2005
f 1779/2178/2029 1778/2154/2005 1792/2179/2030
f 1792/2179/2030 1778/2154/2005 1793/2155/2006
f 1792/2179/2030 1793/2155/2006 1805/2180/2031
f 1805/2180/2031 1793/2155/2006 1804/731/711
f 1805/2180/2031 1804/731/711 1818/733/713
f 1547/647/627 1529/648/628 1528/671/651
f 1520/2156/2007 1539/2162/2013 1540/2157/2008
f 1540/2157/2008 1539/2162/2013 1558/2181/2032
f 1540/2157/2008 1558/2181/2032 1559/2158/2009
f 1559/2158/2009 1558/2181/2032 1577/2182/2033
f 1559/2158/2009 1577/2182/2033 1578/2159/2010
f 1578/2159/2010 1577/2182/2033 1585/2183/2034
f 1578/2159/2010 1585/2183/2034 1584/2160/2011
f 1584/2160/2011 1585/2183/2034 1613/2184/2035
f 1584/2160/2011 1613/2184/2035 1614/2161/2012
f 1614/2161/2012 1613/2184/2035 1630/2185/2036
f 1614/2161/2012 1630/2185/2036 1631/1086/1017
f 1631/1086/1017 1630/2185/2036 1647/1084/1016
f 1558/2181/2032 1539/2162/2013 1557/2163/2014
f 1565/646/626 1547/647/627 1546/682/662
f 1546/682/662 1547/647/627 1528/671/651
f 1564/684/664 1565/646/626 1546/682/662
f 1558/2181/2032 1557/2163/2014 1576/2186/2037
f 1576/2186/2037 1557/2163/2014 1575/2164/2015
f 1576/2186/2037 1575/2164/2015 1587/2187/2038
f 1587/2187/2038 1575/2164/2015 1588/2165/2016
f 1587/2187/2038 1588/2165/2016 1610/2188/2039
f 1610/2188/2039 1588/2165/2016 1609/2166/2017
f 1610/2188/2039 1609/2166/2017 1626/2189/2040
f 1626/2189/2040 1609/2166/2017 1625/2167/2018
f 1626/2189/2040 1625/2167/2018 1642/2190/2041
f 1642/2190/2041 1625/2167/2018 1641/2168/2019
f 1642/2190/2041 1641/2168/2019 1657/2191/2042
f 1657/2191/2042 1641/2168/2019 1656/2169/2020
f 1657/2191/2042 1656/2169/2020 1671/2192/2043
f 1671/2192/2043 1656/2169/2020 1670/2170/2021
f 1671/2192/2043 1670/2170/2021 1682/2193/2044
f 1682/2193/2044 1670/2170/2021 1683/2171/2022
f 1682/2193/2044 1683/2171/2022 1700/2194/2045
f 1700/2194/2045 1683/2171/2022 1699/2172/2023
f 1700/2194/2045 1699/2172/2023 1713/2195/2046
f 1713/2195/2046 1699/2172/2023 1712/2173/2024
f 1713/2195/2046 1712/2173/2024 1724/2196/2047
f 1724/2196/2047 1712/2173/2024 1725/2174/2025
f 1724/2196/2047 1725/2174/2025 1741/2197/2048
f 1741/2197/2048 1725/2174/2025 1740/2175/2026
f 1741/2197/2048 1740/2175/2026 1755/2198/2049
f 1755/2198/2049 1740/2175/2026 1754/2176/2027
f 1755/2198/2049 1754/2176/2027 1766/2199/2050
f 1766/2199/2050 1754/2176/2027 1767/2177/2028
f 1766/2199/2050 1767/2177/2028 1780/2200/2051
f 1780/2200/2051 1767/2177/2028 1779/2178/2029
f 1780/2200/2051 1779/2178/2029 1791/2201/2052
f 1791/2201/2052 1779/2178/2029 1792/2179/2030
f 1791/2201/2052 1792/2179/2030 1806/2202/2053
f 1806/2202/2053 1792/2179/2030 1805/2180/2031
f 1806/2202/2053 1805/2180/2031 1819/2203/2054
f 1819/2203/2054 1805/2180/2031 1818/733/713
f 1819/2203/2054 1818/733/713 1842/735/715
f 1558/2181/2032 1576/2186/2037 1577/2182/2033
f 1577/2182/2033 1576/2186/2037 1586/2204/2055
f 1577/2182/2033 1586/2204/2055 1585/2183/2034
f 1585/2183/2034 1586/2204/2055 1612/2205/2056
f 1585/2183/2034 1612/2205/2056 1613/2184/2035
f 1613/2184/2035 1612/2205/2056 1629/2206/2057
f 1613/2184/2035 1629/2206/2057 1630/2185/2036
f 1630/2185/2036 1629/2206/2057 1646/2207/2058
f 1630/2185/2036 1646/2207/2058 1647/1084/1016
f 1647/1084/1016 1646/2207/2058 1662/1082/1015
f 1586/2204/2055 1576/2186/2037 1587/2187/2038
f 1586/2204/2055 1587/2187/2038 1611/2208/2059
f 1611/2208/2059 1587/2187/2038 1610/2188/2039
f 1611/2208/2059 1610/2188/2039 1627/2209/2060
f 1627/2209/2060 1610/2188/2039 1626/2189/2040
f 1627/2209/2060 1626/2189/2040 1643/2210/2061
f 1643/2210/2061 1626/2189/2040 1642/2190/2041
f 1643/2210/2061 1642/2190/2041 1658/2211/2062
f 1658/2211/2062 1642/2190/2041 1657/2191/2042
f 1658/2211/2062 1657/2191/2042 1672/2212/2063
f 1672/2212/2063 1657/2191/2042 1671/2192/2043
f 1672/2212/2063 1671/2192/2043 1681/2213/2064
f 1681/2213/2064 1671/2192/2043 1682/2193/2044
f 1681/2213/2064 1682/2193/2044 1701/2214/2065
f 1701/2214/2065 1682/2193/2044 1700/2194/2045
f 1701/2214/2065 1700/2194/2045 1714/2215/2066
f 1714/2215/2066 1700/2194/2045 1713/2195/2046
f 1714/2215/2066 1713/2195/2046 1723/2216/2067
f 1723/2216/2067 1713/2195/2046 1724/2196/2047
f 1723/2216/2067 1724/2196/2047 1742/2217/2068
f 1742/2217/2068 1724/2196/2047 1741/2197/2048
f 1742/2217/2068 1741/2197/2048 1756/2218/2069
f 1756/2218/2069 1741/2197/2048 1755/2198/2049
f 1756/2218/2069 1755/2198/2049 1765/2219/2070
f 1765/2219/2070 1755/2198/2049 1766/2199/2050
f 1765/2219/2070 1766/2199/2050 1781/2220/2071
f 1781/2220/2071 1766/2199/2050 1780/2200/2051
f 1781/2220/2071 1780/2200/2051 1790/2221/2072
f 1790/2221/2072 1780/2200/2051 1791/2201/2052
f 1790/2221/2072 1791/2201/2052 1807/2222/2073
f 1807/2222/2073 1791/2201/2052 1806/2202/2053
f 1807/2222/2073 1806/2202/2053 1820/2223/2074
f 1820/2223/2074 1806/2202/2053 1819/2203/2054
f 1820/2223/2074 1819/2203/2054 1841/2224/2075
f 1841/2224/2075 1819/2203/2054 1842/735/715
f 1841/2224/2075 1842/735/715 1832/737/717
f 1586/2204/2055 1611/2208/2059 1612/2205/2056
f 1612/2205/2056 1611/2208/2059 1628/2225/2076
f 1612/2205/2056 1628/2225/2076 1629/2206/2057
f 1629/2206/2057 1628/2225/2076 1645/2226/2077
f 1629/2206/2057 1645/2226/2077 1646/2207/2058
f 1646/2207/2058 1645/2226/2077 1661/2227/2078
f 1646/2207/2058 1661/2227/2078 1662/1082/1015
f 1662/1082/1015 1661/2227/2078 1676/1080/1014
f 1628/2225/2076 1611/2208/2059 1627/2209/2060
f 1628/2225/2076 1627/2209/2060 1644/2228/2079
f 1644/2228/2079 1627/2209/2060 1643/2210/2061
f 1644/2228/2079 1643/2210/2061 1659/2229/2080
f 1659/2229/2080 1643/2210/2061 1658/2211/2062
f 1659/2229/2080 1658/2211/2062 1673/2230/2081
f 1673/2230/2081 1658/2211/2062 1672/2212/2063
f 1673/2230/2081 1672/2212/2063 1680/2231/2082
f 1680/2231/2082 1672/2212/2063 1681/2213/2064
f 1680/2231/2082 1681/2213/2064 1702/2232/2083
f 1702/2232/2083 1681/2213/2064 1701/2214/2065
f 1702/2232/2083 1701/2214/2065 1715/2233/2084
f 1715/2233/2084 1701/2214/2065 1714/2215/2066
f 1715/2233/2084 1714/2215/2066 1722/2234/2085
f 1722/2234/2085 1714/2215/2066 1723/2216/2067
f 1722/2234/2085 1723/2216/2067 1743/2235/2086
f 1743/2235/2086 1723/2216/2067 1742/2217/2068
f 1743/2235/2086 1742/2217/2068 1757/2236/2087
f 1757/2236/2087 1742/2217/2068 1756/2218/2069
f 1757/2236/2087 1756/2218/2069 1764/2237/2088
f 1764/2237/2088 1756/2218/2069 1765/2219/2070
f 1764/2237/2088 1765/2219/2070 1782/2238/2089
f 1782/2238/2089 1765/2219/2070 1781/2220/2071
f 1782/2238/2089 1781/2220/2071 1789/2239/2090
f 1789/2239/2090 1781/2220/2071 1790/2221/2072
f 1789/2239/2090 1790/2221/2072 1808/2240/2091
f 1808/2240/2091 1790/2221/2072 1807/2222/2073
f 1808/2240/2091 1807/2222/2073 1821/2241/2092
f 1821/2241/2092 1807/2222/2073 1820/2223/2074
f 1821/2241/2092 1820/2223/2074 1840/2242/2093
f 1840/2242/2093 1820/2223/2074 1841/2224/2075
f 1840/2242/2093 1841/2224/2075 1833/2243/2094
f 1833/2243/2094 1841/2224/2075 1832/737/717
f 1833/2243/2094 1832/737/717 1865/739/719
f 1628/2225/2076 1644/2228/2079 1645/2226/2077
f 1645/2226/2077 1644/2228/2079 1660/2244/2095
f 1645/2226/2077 1660/2244/2095 1661/2227/2078
f 1661/2227/2078 1660/2244/2095 1675/2245/2096
f 1661/2227/2078 1675/2245/2096 1676/1080/1014
f 1676/1080/1014 1675/2245/2096 1677/1078/1013
f 1660/2244/2095 1644/2228/2079 1659/2229/2080
f 1660/2244/2095 1659/2229/2080 1674/2246/2097
f 1674/2246/2097 1659/2229/2080 1673/2230/2081
f 1674/2246/2097 1673/2230/2081 1679/2247/2098
f 1679/2247/2098 1673/2230/2081 1680/2231/2082
f 1679/2247/2098 1680/2231/2082 1703/2248/2099
f 1703/2248/2099 1680/2231/2082 1702/2232/2083
f 1703/2248/2099 1702/2232/2083 1716/2249/2100
f 1716/2249/2100 1702/2232/2083 1715/2233/2084
f 1716/2249/2100 1715/2233/2084 1721/2250/2101
f 1721/2250/2101 1715/2233/2084 1722/2234/2085
f 1721/2250/2101 1722/2234/2085 1744/2251/2102
f 1744/2251/2102 1722/2234/2085 1743/2235/2086
f 1744/2251/2102 1743/2235/2086 1758/2252/2103
f 1758/2252/2103 1743/2235/2086 1757/2236/2087
f 1758/2252/2103 1757/2236/2087 1763/2253/2104
f 1763/2253/2104 1757/2236/2087 1764/2237/2088
f 1763/2253/2104 1764/2237/2088 1783/2254/2105
f 1783/2254/2105 1764/2237/2088 1782/2238/2089
f 1783/2254/2105 1782/2238/2089 1788/2255/2106
f 1788/2255/2106 1782/2238/2089 1789/2239/2090
f 1788/2255/2106 1789/2239/2090 1809/2256/2107
f 1809/2256/2107 1789/2239/2090 1808/2240/2091
f 1809/2256/2107 1808/2240/2091 1822/2257/2108
f 1822/2257/2108 1808/2240/2091 1821/2241/2092
f 1822/2257/2108 1821/2241/2092 1839/2258/2109
f 1839/2258/2109 1821/2241/2092 1840/2242/2093
f 1839/2258/2109 1840/2242/2093 1834/2259/2110
f 1834/2259/2110 1840/2242/2093 1833/2243/2094
f 1834/2259/2110 1833/2243/2094 1864/2260/2111
f 1864/2260/2111 1833/2243/2094 1865/739/719
f 1864/2260/2111 1865/739/719 1859/741/721
f 1660/2244/2095 1674/2246/2097 1675/2245/2096
f 1675/2245/2096 1674/2246/2097 1678/2261/2112
f 1675/2245/2096 1678/2261/2112 1677/1078/1013
f 1677/1078/1013 1678/2261/2112 1705/1077/1012
f 1678/2261/2112 1674/2246/2097 1679/2247/2098
f 1678/2261/2112 1679/2247/2098 1704/2262/2113
f 1704/2262/2113 1679/2247/2098 1703/2248/2099
f 1704/2262/2113 1703/2248/2099 1717/2263/2114
f 1717/2263/2114 1703/2248/2099 1716/2249/2100
f 1717/2263/2114 1716/2249/2100 1720/2264/2115
f 1720/2264/2115 1716/2249/2100 1721/2250/2101
f 1720/2264/2115 1721/2250/2101 1745/2265/2116
f 1745/2265/2116 1721/2250/2101 1744/2251/2102
f 1745/2265/2116 1744/2251/2102 1759/2266/2117
f 1759/2266/2117 1744/2251/2102 1758/2252/2103
f 1759/2266/2117 1758/2252/2103 1762/2267/2118
f 1762/2267/2118 1758/2252/2103 1763/2253/2104
f 1762/2267/2118 1763/2253/2104 1784/2268/2119
f 1784/2268/2119 1763/2253/2104 1783/2254/2105
f 1784/2268/2119 1783/2254/2105 1787/2269/2120
f 1787/2269/2120 1783/2254/2105 1788/2255/2106
f 1787/2269/2120 1788/2255/2106 1810/2270/2121
f 1810/2270/2121 1788/2255/2106 1809/2256/2107
f 1810/2270/2121 1809/2256/2107 1823/2271/2122
f 1823/2271/2122 1809/2256/2107 1822/2257/2108
f 1823/2271/2122 1822/2257/2108 1838/2272/2123
f 1838/2272/2123 1822/2257/2108 1839/2258/2109
f 1838/2272/2123 1839/2258/2109 1835/2273/2124
f 1835/2273/2124 1839/2258/2109 1834/2259/2110
f 1835/2273/2124 1834/2259/2110 1863/2274/2125
f 1863/2274/2125 1834/2259/2110 1864/2260/2111
f 1863/2274/2125 1864/2260/2111 1860/2275/2126
f 1860/2275/2126 1864/2260/2111 1859/741/721
f 1860/2275/2126 1859/741/721 1886/743/723
f 1718/1075/1011 1705/1077/1012 1704/2262/2113
f 1704/2262/2113 1705/1077/1012 1678/2261/2112
f 1718/1075/1011 1704/2262/2113 1717/2263/2114
f 1719/1073/1010 1718/1075/1011 1717/2263/2114
f 1719/1073/1010 1717/2263/2114 1720/2264/2115
f 1719/1073/1010 1720/2264/2115 1746/1071/1009
f 1746/1071/1009 1720/2264/2115 1745/2265/2116
f 1746/1071/1009 1745/2265/2116 1760/1069/1008
f 1760/1069/1008 1745/2265/2116 1759/2266/2117
f 1760/1069/1008 1759/2266/2117 1761/1067/1007
f 1761/1067/1007 1759/2266/2117 1762/2267/2118
f 1761/1067/1007 1762/2267/2118 1785/1065/1006
f 1785/1065/1006 1762/2267/2118 1784/2268/2119
f 1785/1065/1006 1784/2268/2119 1786/1063/1005
f 1786/1063/1005 1784/2268/2119 1787/2269/2120
f 1786/1063/1005 1787/2269/2120 1811/1061/1004
f 1811/1061/1004 1787/2269/2120 1810/2270/2121
f 1811/1061/1004 1810/2270/2121 1824/1059/1003
f 1824/1059/1003 1810/2270/2121 1823/2271/2122
f 1824/1059/1003 1823/2271/2122 1837/1057/1002
f 1837/1057/1002 1823/2271/2122 1838/2272/2123
f 1837/1057/1002 1838/2272/2123 1836/1055/1001
f 1836/1055/1001 1838/2272/2123 1835/2273/2124
f 1836/1055/1001 1835/2273/2124 1862/1053/1000
f 1862/1053/1000 1835/2273/2124 1863/2274/2125
f 1862/1053/1000 1863/2274/2125 1861/1051/999
f 1861/1051/999 1863/2274/2125 1860/2275/2126
f 1861/1051/999 1860/2275/2126 1887/1049/998
f 1887/1049/998 1860/2275/2126 1886/743/723
f 1887/1049/998 1886/743/723 1901/745/725
f 1773/750/729 125/765/743 1774/751/730
f 1774/751/730 125/765/743 1797/2276/2127
f 1774/751/730 1797/2276/2127 1796/752/731
f 1796/752/731 1797/2276/2127 1801/2277/2128
f 1796/752/731 1801/2277/2128 1802/753/732
f 1802/753/732 1801/2277/2128 1815/2278/2129
f 1802/753/732 1815/2278/2129 1816/754/733
f 1816/754/733 1815/2278/2129 1845/2279/2130
f 1816/754/733 1845/2279/2130 1844/755/734
f 1844/755/734 1845/2279/2130 1829/2280/2131
f 1844/755/734 1829/2280/2131 1830/756/735
f 1830/756/735 1829/2280/2131 1868/2281/2132
f 1830/756/735 1868/2281/2132 1867/757/736
f 1867/757/736 1868/2281/2132 1856/2282/2133
f 1867/757/736 1856/2282/2133 1857/758/737
f 1857/758/737 1856/2282/2133 1883/2283/2134
f 1857/758/737 1883/2283/2134 1884/759/738
f 1884/759/738 1883/2283/2134 1904/2284/2135
f 1884/759/738 1904/2284/2135 1903/760/739
f 1903/760/739 1904/2284/2135 1898/2285/2136
f 1903/760/739 1898/2285/2136 1899/761/740
f 1899/761/740 1898/2285/2136 1928/2286/2137
f 1899/761/740 1928/2286/2137 1927/762/741
f 1927/762/741 1928/2286/2137 1926/1046/997
f 1801/2277/2128 1797/2276/2127 1800/769/747
f 1800/769/747 1797/2276/2127 1798/767/745
f 1798/767/745 1797/2276/2127 125/765/743
f 1815/2278/2129 1801/2277/2128 1814/771/749
f 1814/771/749 1801/2277/2128 1800/769/747
f 1845/2279/2130 1815/2278/2129 1846/773/751
f 1846/773/751 1815/2278/2129 1814/771/749
f 123/811/787 1825/2287/2138 124/809/785
f 124/809/785 1825/2287/2138 1848/796/773
f 124/809/785 1848/796/773 1812/795/772
f 1848/796/773 1825/2287/2138 1826/797/774
f 1826/797/774 1825/2287/2138 1872/2288/2139
f 1826/797/774 1872/2288/2139 1871/798/775
f 1871/798/775 1872/2288/2139 1852/2289/2140
f 1871/798/775 1852/2289/2140 1853/799/776
f 1853/799/776 1852/2289/2140 1879/2290/2141
f 1853/799/776 1879/2290/2141 1880/800/777
f 1880/800/777 1879/2290/2141 1908/2291/2142
f 1880/800/777 1908/2291/2142 1907/801/778
f 1907/801/778 1908/2291/2142 1894/2292/2143
f 1907/801/778 1894/2292/2143 1895/802/779
f 1895/802/779 1894/2292/2143 1932/2293/2144
f 1895/802/779 1932/2293/2144 1931/803/780
f 1931/803/780 1932/2293/2144 1922/2294/2145
f 1931/803/780 1922/2294/2145 1923/804/781
f 1923/804/781 1922/2294/2145 1950/2295/2146
f 1923/804/781 1950/2295/2146 1951/805/782
f 1951/805/782 1950/2295/2146 1970/2296/2147
f 1951/805/782 1970/2296/2147 1969/806/783
f 1969/806/783 1970/2296/2147 1966/2297/2148
f 1969/806/783 1966/2297/2148 1967/807/784
f 1967/807/784 1966/2297/2148 1995/1043/996
f 1825/2287/2138 123/811/787 1873/2298/2149
f 1873/2298/2149 123/811/787 1874/813/789
f 1873/2298/2149 1874/813/789 1850/815/791
f 1845/2279/2130 1846/773/751 1828/775/753
f 1845/2279/2130 1828/775/753 1829/2280/2131
f 1829/2280/2131 1828/775/753 1869/777/755
f 1829/2280/2131 1869/777/755 1868/2281/2132
f 1868/2281/2132 1869/777/755 1855/779/757
f 1868/2281/2132 1855/779/757 1856/2282/2133
f 1856/2282/2133 1855/779/757 1882/781/759
f 1856/2282/2133 1882/781/759 1883/2283/2134
f 1883/2283/2134 1882/781/759 1905/783/761
f 1883/2283/2134 1905/783/761 1904/2284/2135
f 1904/2284/2135 1905/783/761 1897/785/763
f 1904/2284/2135 1897/785/763 1898/2285/2136
f 1898/2285/2136 1897/785/763 1929/787/765
f 1898/2285/2136 1929/787/765 1928/2286/2137
f 1928/2286/2137 1929/787/765 1925/789/767
f 1928/2286/2137 1925/789/767 1926/1046/997
f 1926/1046/997 1925/789/767 1953/791/769
f 1850/815/791 1851/2299/2150 1873/2298/2149
f 1873/2298/2149 1851/2299/2150 1872/2288/2139
f 1873/2298/2149 1872/2288/2139 1825/2287/2138
f 1872/2288/2139 1851/2299/2150 1852/2289/2140
f 1852/2289/2140 1851/2299/2150 1878/2300/2151
f 1852/2289/2140 1878/2300/2151 1879/2290/2141
f 1879/2290/2141 1878/2300/2151 1909/2301/2152
f 1879/2290/2141 1909/2301/2152 1908/2291/2142
f 1908/2291/2142 1909/2301/2152 1893/2302/2153
f 1908/2291/2142 1893/2302/2153 1894/2292/2143
f 1894/2292/2143 1893/2302/2153 1933/2303/2154
f 1894/2292/2143 1933/2303/2154 1932/2293/2144
f 1932/2293/2144 1933/2303/2154 1921/2304/2155
f 1932/2293/2144 1921/2304/2155 1922/2294/2145
f 1922/2294/2145 1921/2304/2155 1949/2305/2156
f 1922/2294/2145 1949/2305/2156 1950/2295/2146
f 1950/2295/2146 1949/2305/2156 1971/2306/2157
f 1950/2295/2146 1971/2306/2157 1970/2296/2147
f 1970/2296/2147 1971/2306/2157 1965/2307/2158
f 1970/2296/2147 1965/2307/2158 1966/2297/2148
f 1966/2297/2148 1965/2307/2158 1994/2308/2159
f 1966/2297/2148 1994/2308/2159 1995/1043/996
f 1995/1043/996 1994/2308/2159 2011/1041/995
f 1878/2300/2151 1851/2299/2150 1877/817/793
f 1877/817/793 1851/2299/2150 1850/815/791
f 1909/2301/2152 1878/2300/2151 1910/819/795
f 1910/819/795 1878/2300/2151 1877/817/793
f 1888/857/831 1889/2309/2160 122/855/829
f 122/855/829 1889/2309/2160 1912/842/817
f 122/855/829 1912/842/817 1875/841/816
f 1912/842/817 1889/2309/2160 1890/843/818
f 1890/843/818 1889/2309/2160 1937/2310/2161
f 1890/843/818 1937/2310/2161 1936/844/819
f 1936/844/819 1937/2310/2161 1917/2311/2162
f 1936/844/819 1917/2311/2162 1918/845/820
f 1918/845/820 1917/2311/2162 1945/2312/2163
f 1918/845/820 1945/2312/2163 1946/846/821
f 1946/846/821 1945/2312/2163 1975/2313/2164
f 1946/846/821 1975/2313/2164 1974/847/822
f 1974/847/822 1975/2313/2164 1961/2314/2165
f 1974/847/822 1961/2314/2165 1962/848/823
f 1962/848/823 1961/2314/2165 1990/2315/2166
f 1962/848/823 1990/2315/2166 1991/849/824
f 1991/849/824 1990/2315/2166 2015/2316/2167
f 1991/849/824 2015/2316/2167 2014/850/825
f 2014/850/825 2015/2316/2167 2007/2317/2168
f 2014/850/825 2007/2317/2168 2008/851/826
f 2008/851/826 2007/2317/2168 2039/2318/2169
f 2008/851/826 2039/2318/2169 2040/852/827
f 2040/852/827 2039/2318/2169 2056/2319/2170
f 2040/852/827 2056/2319/2170 2057/853/828
f 2057/853/828 2056/2319/2170 2074/1038/994
f 1889/2309/2160 1888/857/831 1938/2320/2171
f 1938/2320/2171 1888/857/831 1939/859/833
f 1938/2320/2171 1939/859/833 1915/861/835
f 1909/2301/2152 1910/819/795 1892/821/797
f 1909/2301/2152 1892/821/797 1893/2302/2153
f 1893/2302/2153 1892/821/797 1934/823/799
f 1893/2302/2153 1934/823/799 1933/2303/2154
f 1933/2303/2154 1934/823/799 1920/825/801
f 1933/2303/2154 1920/825/801 1921/2304/2155
f 1921/2304/2155 1920/825/801 1948/827/803
f 1921/2304/2155 1948/827/803 1949/2305/2156
f 1949/2305/2156 1948/827/803 1972/829/805
f 1949/2305/2156 1972/829/805 1971/2306/2157
f 1971/2306/2157 1972/829/805 1964/831/807
f 1971/2306/2157 1964/831/807 1965/2307/2158
f 1965/2307/2158 1964/831/807 1993/833/809
f 1965/2307/2158 1993/833/809 1994/2308/2159
f 1994/2308/2159 1993/833/809 2012/835/811
f 1994/2308/2159 2012/835/811 2011/1041/995
f 2011/1041/995 2012/835/811 2010/837/813
f 1915/861/835 1916/2321/2172 1938/2320/2171
f 1938/2320/2171 1916/2321/2172 1937/2310/2161
f 1938/2320/2171 1937/2310/2161 1889/2309/2160
f 1937/2310/2161 1916/2321/2172 1917/2311/2162
f 1917/2311/2162 1916/2321/2172 1944/2322/2173
f 1917/2311/2162 1944/2322/2173 1945/2312/2163
f 1945/2312/2163 1944/2322/2173 1976/2323/2174
f 1945/2312/2163 1976/2323/2174 1975/2313/2164
f 1975/2313/2164 1976/2323/2174 1960/2324/2175
f 1975/2313/2164 1960/2324/2175 1961/2314/2165
f 1961/2314/2165 1960/2324/2175 1989/2325/2176
f 1961/2314/2165 1989/2325/2176 1990/2315/2166
f 1990/2315/2166 1989/2325/2176 2016/2326/2177
f 1990/2315/2166 2016/2326/2177 2015/2316/2167
f 2015/2316/2167 2016/2326/2177 2006/2327/2178
f 2015/2316/2167 2006/2327/2178 2007/2317/2168
f 2007/2317/2168 2006/2327/2178 2038/2328/2179
f 2007/2317/2168 2038/2328/2179 2039/2318/2169
f 2039/2318/2169 2038/2328/2179 2055/2329/2180
f 2039/2318/2169 2055/2329/2180 2056/2319/2170
f 2056/2319/2170 2055/2329/2180 2073/2330/2181
f 2056/2319/2170 2073/2330/2181 2074/1038/994
f 2074/1038/994 2073/2330/2181 2091/1036/993
f 1944/2322/2173 1916/2321/2172 1943/863/837
f 1943/863/837 1916/2321/2172 1915/861/835
f 1976/2323/2174 1944/2322/2173 1977/865/839
f 1977/865/839 1944/2322/2173 1943/863/837
f 1976/2323/2174 1977/865/839 1959/867/841
f 1976/2323/2174 1959/867/841 1960/2324/2175
f 1960/2324/2175 1959/867/841 1988/869/843
f 1960/2324/2175 1988/869/843 1989/2325/2176
f 1989/2325/2176 1988/869/843 2017/871/845
f 1989/2325/2176 2017/871/845 2016/2326/2177
f 2016/2326/2177 2017/871/845 2005/873/847
f 2016/2326/2177 2005/873/847 2006/2327/2178
f 2006/2327/2178 2005/873/847 2037/875/849
f 2006/2327/2178 2037/875/849 2038/2328/2179
f 2038/2328/2179 2037/875/849 2054/877/851
f 2038/2328/2179 2054/877/851 2055/2329/2180
f 2055/2329/2180 2054/877/851 2072/879/853
f 2055/2329/2180 2072/879/853 2073/2330/2181
f 2073/2330/2181 2072/879/853 2090/881/855
f 2073/2330/2181 2090/881/855 2091/1036/993
f 2091/1036/993 2090/881/855 2110/883/857
f 2076/984/953 2059/983/952 2058/996/965
f 2125/985/954 2076/984/953 2075/998/967
f 2075/998/967 2076/984/953 2058/996/965
f 37/2331/2182 103/2332/2183 2/2333/2184
f 2/2333/2184 103/2332/2183 102/2334/2185
f 2/2333/2184 102/2334/2185 101/2335/2186
f 101/2335/2186 100/2336/2187 2/2333/2184
f 2/2333/2184 100/2336/2187 99/2337/2188
f 2/2333/2184 99/2337/2188 98/2338/2189
f 98/2338/2189 97/2339/2190 2/2333/2184
f 2/2333/2184 97/2339/2190 96/2340/2191
f 2/2333/2184 96/2340/2191 95/2341/2192
f 95/2341/2192 94/2342/2193 2/2333/2184
f 2/2333/2184 94/2342/2193 93/2343/2194
f 2/2333/2184 93/2343/2194 92/2344/2195
f 92/2344/2195 91/2345/2196 2/2333/2184
f 2/2333/2184 91/2345/2196 90/2346/2197
f 2/2333/2184 90/2346/2197 89/2347/2198
f 89/2347/2198 88/2348/2199 2/2333/2184
f 2/2333/2184 88/2348/2199 87/2349/2200
f 2/2333/2184 87/2349/2200 86/2350/2201
f 86/2350/2201 85/2351/2202 2/2333/2184
f 2/2333/2184 85/2351/2202 84/2352/2203
f 2/2333/2184 84/2352/2203 83/2353/2204
f 83/2353/2204 82/2354/2205 2/2333/2184
f 2/2333/2184 82/2354/2205 81/2355/2206
f 2/2333/2184 81/2355/2206 80/2356/2207
f 80/2356/2207 79/2357/2208 2/2333/2184
f 2/2333/2184 79/2357/2208 78/2358/2209
f 2/2333/2184 78/2358/2209 77/2359/2210
f 77/2359/2210 76/2360/2211 2/2333/2184
f 2/2333/2184 76/2360/2211 75/2361/2212
f 2/2333/2184 75/2361/2212 74/2362/2213
f 74/2362/2213 73/2363/2214 2/2333/2184
f 2/2333/2184 73/2363/2214 72/2364/2215
f 2/2333/2184 72/2364/2215 71/2365/2216
f 71/2365/2216 3/2366/2217 2/2333/2184
f 1/2367/2218 70/2368/2219 2/2369/2220
f 2/2369/2220 70/2368/2219 69/2370/2221
f 2/2369/2220 69/2370/2221 68/2371/2222
f 68/2371/2222 67/2372/2223 2/2369/2220
f 2/2369/2220 67/2372/2223 66/2373/2224
f 2/2369/2220 66/2373/2224 65/2374/2225
f 65/2374/2225 64/2375/2226 2/2369/2220
f 2/2369/2220 64/2375/2226 63/2376/2227
f 2/2369/2220 63/2376/2227 62/2377/2228
f 62/2377/2228 61/2378/2229 2/2369/2220
f 2/2369/2220 61/2378/2229 60/2379/2230
f 2/2369/2220 60/2379/2230 59/2380/2231
f 59/2380/2231 58/2381/2232 2/2369/2220
f 2/2369/2220 58/2381/2232 57/2382/2233
f 2/2369/2220 57/2382/2233 56/2383/2234
f 56/2383/2234 55/2384/2235 2/2369/2220
f 2/2369/2220 55/2384/2235 54/2385/2236
f 2/2369/2220 54/2385/2236 53/2386/2237
f 53/2386/2237 52/2387/2238 2/2369/2220
f 2/2369/2220 52/2387/2238 51/2388/2239
f 2/2369/2220 51/2388/2239 50/2389/2240
f 50/2389/2240 49/2390/2241 2/2369/2220
f 2/2369/2220 49/2390/2241 48/2391/2242
f 2/2369/2220 48/2391/2242 47/2392/2243
f 47/2392/2243 46/2393/2244 2/2369/2220
f 2/2369/2220 46/2393/2244 45/2394/2245
f 2/2369/2220 45/2394/2245 44/2395/2246
f 44/2395/2246 43/2396/2247 2/2369/2220
f 2/2369/2220 43/2396/2247 42/2397/2248
f 2/2369/2220 42/2397/2248 41/2398/2249
f 41/2398/2249 40/2399/2250 2/2369/2220
f 2/2369/2220 40/2399/2250 39/2400/2251
f 2/2369/2220 39/2400/2251 38/2401/2252
f 38/2401/2252 37/2402/2253 2/2369/2220
# 2146 vertices
# 2402 texture params
# 2253 normals
# 4288 facets

# 1 groups
